date,price_core,core_plus_weak_edge,core_plus_entry_exceptions,full_strategy
2018-07-02,100000.0,100000.0,100000.0,100000.0
2018-07-03,100003.07849315068,100003.07849315068,100003.07849315068,100003.07849315068
2018-07-04,100006.18808219177,100006.18808219177,100006.18808219177,100006.18808219177
2018-07-05,100009.29767123287,100009.29767123287,100009.29767123287,100009.29767123287
2018-07-06,100012.40726027396,100012.40726027396,100012.40726027396,100012.40726027396
2018-07-09,100023.73602739724,100023.73602739724,100023.73602739724,100023.73602739724
2018-07-10,100026.84561643834,100026.84561643834,100026.84561643834,100026.84561643834
2018-07-11,100029.95520547943,100029.95520547943,100029.95520547943,100029.95520547943
2018-07-12,100033.06479452053,100033.06479452053,100033.06479452053,100033.06479452053
2018-07-13,100036.17438356162,100036.17438356162,100036.17438356162,100036.17438356162
2018-07-16,100047.5031506849,100047.5031506849,100047.5031506849,100047.5031506849
2018-07-17,100050.612739726,100050.612739726,100050.612739726,100050.612739726
2018-07-18,100053.7223287671,100053.7223287671,100053.7223287671,100053.7223287671
2018-07-19,100056.83191780819,100056.83191780819,100056.83191780819,100056.83191780819
2018-07-20,100059.94150684928,100059.94150684928,100059.94150684928,100059.94150684928
2018-07-23,100071.27027397256,100071.27027397256,100071.27027397256,100071.27027397256
2018-07-24,100074.37986301366,100074.37986301366,100074.37986301366,100074.37986301366
2018-07-25,100077.48945205475,100077.48945205475,100077.48945205475,100077.48945205475
2018-07-26,100080.59904109585,100080.59904109585,100080.59904109585,100080.59904109585
2018-07-27,100083.70863013694,100083.70863013694,100083.70863013694,100083.70863013694
2018-07-30,100095.03739726022,100095.03739726022,100095.03739726022,100095.03739726022
2018-07-31,100098.14698630132,100098.14698630132,100098.14698630132,100098.14698630132
2018-08-01,100101.25657534241,100101.25657534241,100101.25657534241,100101.25657534241
2018-08-02,100104.36616438351,100104.36616438351,100104.36616438351,100104.36616438351
2018-08-03,100107.4757534246,100107.4757534246,100107.4757534246,100107.4757534246
2018-08-06,100118.80452054788,100118.80452054788,100118.80452054788,100118.80452054788
2018-08-07,100121.91410958898,100121.91410958898,100121.91410958898,100121.91410958898
2018-08-08,100125.02369863007,100125.02369863007,100125.02369863007,100125.02369863007
2018-08-09,100128.13328767117,100128.13328767117,100128.13328767117,100128.13328767117
2018-08-10,100131.24287671226,100131.24287671226,100131.24287671226,100131.24287671226
2018-08-13,100142.57164383554,100142.57164383554,100142.57164383554,100142.57164383554
2018-08-14,100145.68123287664,100145.68123287664,100145.68123287664,100145.68123287664
2018-08-15,100148.79082191773,100148.79082191773,100148.79082191773,100148.79082191773
2018-08-16,100151.90041095883,100151.90041095883,100151.90041095883,100151.90041095883
2018-08-17,100155.00999999992,100155.00999999992,100155.00999999992,100155.00999999992
2018-08-20,100166.3387671232,100166.3387671232,100166.3387671232,100166.3387671232
2018-08-21,100169.4483561643,100169.4483561643,100169.4483561643,100169.4483561643
2018-08-22,100172.5579452054,100172.5579452054,100172.5579452054,100172.5579452054
2018-08-23,100175.66753424649,100175.66753424649,100175.66753424649,100175.66753424649
2018-08-24,100178.77712328758,100178.77712328758,100178.77712328758,100178.77712328758
2018-08-27,100190.10589041086,100190.10589041086,100190.10589041086,100190.10589041086
2018-08-28,100193.21547945196,100193.21547945196,100193.21547945196,100193.21547945196
2018-08-29,100196.32506849305,100196.32506849305,100196.32506849305,100196.32506849305
2018-08-30,100199.43465753415,100199.43465753415,100199.43465753415,100199.43465753415
2018-08-31,100202.54424657524,100202.54424657524,100202.54424657524,100202.54424657524
2018-09-03,100213.87301369853,100213.87301369853,100213.87301369853,100213.87301369853
2018-09-04,100216.98260273962,100216.98260273962,100216.98260273962,100216.98260273962
2018-09-05,100220.09219178071,100220.09219178071,100220.09219178071,100220.09219178071
2018-09-06,100223.20178082181,100223.20178082181,100223.20178082181,100223.20178082181
2018-09-07,100226.3113698629,100226.3113698629,100226.3113698629,100226.3113698629
2018-09-10,100237.64013698619,100237.64013698619,100237.64013698619,100237.64013698619
2018-09-11,100240.74972602728,100240.74972602728,100240.74972602728,100240.74972602728
2018-09-12,100243.85931506837,100243.85931506837,100243.85931506837,100243.85931506837
2018-09-13,100246.96890410947,100246.96890410947,100246.96890410947,100246.96890410947
2018-09-14,100250.07849315056,100250.07849315056,100250.07849315056,100250.07849315056
2018-09-17,100261.40726027385,100261.40726027385,100261.40726027385,100261.40726027385
2018-09-18,100264.51684931494,100264.51684931494,100264.51684931494,100264.51684931494
2018-09-19,100267.62643835603,100267.62643835603,100267.62643835603,100267.62643835603
2018-09-20,100270.73602739713,100270.73602739713,100270.73602739713,100270.73602739713
2018-09-21,101212.37011856727,101212.37011856727,101212.37011856727,101212.37011856727
2018-09-25,100930.14634522356,100930.14634522356,100930.14634522356,100930.14634522356
2018-09-26,101738.72160268482,101738.72160268482,101738.72160268482,101738.72160268482
2018-09-27,101456.38846842574,101456.38846842574,101456.38846842574,101456.38846842574
2018-09-28,102886.93481946518,102886.93481946518,102886.93481946518,102886.93481946518
2018-10-08,99139.33963442376,99139.33963442376,99139.33963442376,99139.33963442376
2018-10-09,99139.33963442376,99139.33963442376,99139.33963442376,99139.33963442376
2018-10-10,99555.73427343897,99555.73427343897,99555.73427343897,99555.73427343897
2018-10-11,95808.13908839753,95808.13908839753,95808.13908839753,95808.13908839753
2018-10-12,97416.23070540244,97416.23070540244,97416.23070540244,97416.23070540244
2018-10-15,96800.89111528106,96800.89111528106,96800.89111528106,96800.89111528106
2018-10-16,96954.88703520519,96954.88703520519,96954.88703520519,96954.88703520519
2018-10-17,97104.47638333612,97104.47638333612,97104.47638333612,97104.47638333612
2018-10-18,97107.49268470598,97107.49268470598,97107.49268470598,97107.49268470598
2018-10-19,97110.50898607585,97110.50898607585,97110.50898607585,97110.50898607585
2018-10-22,97121.49789018543,97121.49789018543,97121.49789018543,97121.49789018543
2018-10-23,97124.5141915553,97124.5141915553,97124.5141915553,97124.5141915553
2018-10-24,97127.53049292516,97127.53049292516,97127.53049292516,97127.53049292516
2018-10-25,97130.54679429502,97130.54679429502,97130.54679429502,97130.54679429502
2018-10-26,97133.56309566488,97133.56309566488,97133.56309566488,97133.56309566488
2018-10-29,97144.55199977447,97144.55199977447,97144.55199977447,97144.55199977447
2018-10-30,97147.56830114433,97147.56830114433,97147.56830114433,97147.56830114433
2018-10-31,97150.5846025142,97150.5846025142,97150.5846025142,97150.5846025142
2018-11-01,97153.60090388406,97153.60090388406,97153.60090388406,97153.60090388406
2018-11-02,97156.61720525392,97156.61720525392,97156.61720525392,97156.61720525392
2018-11-05,97167.6061093635,97167.6061093635,97167.6061093635,97167.6061093635
2018-11-06,96851.70036823169,96851.70036823169,96851.70036823169,96851.70036823169
2018-11-07,96396.49355049666,96396.49355049666,96396.49355049666,96396.49355049666
2018-11-08,97189.69515796239,97189.69515796239,97189.69515796239,97189.69515796239
2018-11-09,94215.19208486612,94215.19208486612,94215.19208486612,94215.19208486612
2018-11-12,93943.14977467107,93943.14977467107,93943.14977467107,93943.14977467107
2018-11-13,93608.37400158298,93608.37400158298,93608.37400158298,93608.37400158298
2018-11-14,93611.2659193912,93611.2659193912,93611.2659193912,93611.2659193912
2018-11-15,93614.15783719941,93614.15783719941,93614.15783719941,93614.15783719941
2018-11-16,93617.04975500763,93617.04975500763,93617.04975500763,93617.04975500763
2018-11-19,93627.58550843228,93627.58550843228,93627.58550843228,93627.58550843228
2018-11-20,93630.4774262405,93630.4774262405,93630.4774262405,93630.4774262405
2018-11-21,93633.36934404871,93633.36934404871,93633.36934404871,93633.36934404871
2018-11-22,93636.26126185693,93636.26126185693,93636.26126185693,93636.26126185693
2018-11-23,93639.15317966514,93639.15317966514,93639.15317966514,93639.15317966514
2018-11-26,93649.6889330898,93649.6889330898,93649.6889330898,93649.6889330898
2018-11-27,93652.58085089801,93652.58085089801,93652.58085089801,93652.58085089801
2018-11-28,93655.47276870623,93655.47276870623,93655.47276870623,93655.47276870623
2018-11-29,93658.36468651444,93658.36468651444,93658.36468651444,93658.36468651444
2018-11-30,93661.25660432265,93661.25660432265,93661.25660432265,93661.25660432265
2018-12-03,93671.79235774731,93671.79235774731,93671.79235774731,93671.79235774731
2018-12-04,93674.68427555553,93674.68427555553,93674.68427555553,93674.68427555553
2018-12-05,93677.57619336374,93677.57619336374,93677.57619336374,93677.57619336374
2018-12-06,93680.46811117195,93680.46811117195,93680.46811117195,93680.46811117195
2018-12-07,93683.36002898017,93683.36002898017,93683.36002898017,93683.36002898017
2018-12-10,93693.89578240483,93693.89578240483,93693.89578240483,93693.89578240483
2018-12-11,93696.78770021304,93696.78770021304,93696.78770021304,93696.78770021304
2018-12-12,93699.67961802126,93699.67961802126,93699.67961802126,93699.67961802126
2018-12-13,93702.57153582947,93702.57153582947,93702.57153582947,93702.57153582947
2018-12-14,93705.46345363768,93705.46345363768,93705.46345363768,93705.46345363768
2018-12-17,93715.99920706234,93715.99920706234,93715.99920706234,93715.99920706234
2018-12-18,93718.89112487056,93718.89112487056,93718.89112487056,93718.89112487056
2018-12-19,93721.78304267877,93721.78304267877,93721.78304267877,93721.78304267877
2018-12-20,93724.67496048698,93724.67496048698,93724.67496048698,93724.67496048698
2018-12-21,93727.5668782952,93727.5668782952,93727.5668782952,93727.5668782952
2018-12-24,93738.10263171986,93738.10263171986,93738.10263171986,93738.10263171986
2018-12-25,93740.99454952807,93740.99454952807,93740.99454952807,93740.99454952807
2018-12-26,93743.88646733628,93743.88646733628,93743.88646733628,93743.88646733628
2018-12-27,93746.7783851445,93746.7783851445,93746.7783851445,93746.7783851445
2018-12-28,93749.67030295271,93749.67030295271,93749.67030295271,93749.67030295271
2019-01-02,93767.84989199381,93767.84989199381,93767.84989199381,93767.84989199381
2019-01-03,93770.74180980203,93770.74180980203,93770.74180980203,93770.74180980203
2019-01-04,93773.63372761024,93773.63372761024,93773.63372761024,93773.63372761024
2019-01-07,93784.1694810349,93784.1694810349,93784.1694810349,93784.1694810349
2019-01-08,93787.06139884311,93787.06139884311,93787.06139884311,93787.06139884311
2019-01-09,93789.95331665133,93789.95331665133,93789.95331665133,93789.95331665133
2019-01-10,93792.84523445954,93792.84523445954,93792.84523445954,93792.84523445954
2019-01-11,93795.73715226776,93795.73715226776,93795.73715226776,93795.73715226776
2019-01-14,93806.27290569241,93806.27290569241,93806.27290569241,93806.27290569241
2019-01-15,93809.16482350063,93809.16482350063,93809.16482350063,93809.16482350063
2019-01-16,93812.05674130884,93812.05674130884,93812.05674130884,93812.05674130884
2019-01-17,93814.94865911706,93814.94865911706,93814.94865911706,93814.94865911706
2019-01-18,93817.84057692527,93817.84057692527,93817.84057692527,93817.84057692527
2019-01-21,93828.37633034993,93828.37633034993,93828.37633034993,93828.37633034993
2019-01-22,93831.26824815814,93831.26824815814,93831.26824815814,93831.26824815814
2019-01-23,93834.16016596636,93834.16016596636,93834.16016596636,93834.16016596636
2019-01-24,93837.05208377457,93837.05208377457,93837.05208377457,93837.05208377457
2019-01-25,93839.94400158279,93839.94400158279,93839.94400158279,93839.94400158279
2019-01-28,93733.94731142982,93733.94731142982,93733.94731142982,93733.94731142982
2019-01-29,94083.33812410972,94083.33812410972,94083.33812410972,94083.33812410972
2019-01-30,93762.64077532201,93762.64077532201,93762.64077532201,93762.64077532201
2019-01-31,94518.03684893351,94518.03684893351,94518.03684893351,94518.03684893351
2019-02-01,95734.17919044603,95734.17919044603,95734.17919044603,95734.17919044603
2019-02-11,96587.678376485,96587.678376485,96587.678376485,96587.678376485
2019-02-12,97668.77463226426,97668.77463226426,97668.77463226426,97668.77463226426
2019-02-13,99432.67566328157,99432.67566328157,99432.67566328157,99432.67566328157
2019-02-14,99717.17539196124,99717.17539196124,99717.17539196124,99717.17539196124
2019-02-15,97498.08022146333,97498.08022146333,97498.08022146333,97498.08022146333
2019-02-18,100912.07696561921,100912.07696561921,100912.07696561921,100912.07696561921
2019-02-19,100684.4798958789,100684.4798958789,100684.4798958789,100684.4798958789
2019-02-20,100855.17430667985,100855.17430667985,100855.17430667985,100855.17430667985
2019-02-21,99830.97392683137,99830.97392683137,99830.97392683137,99830.97392683137
2019-02-22,101424.17376403917,101424.17376403917,101424.17376403917,101424.17376403917
2019-02-25,106303.47398277231,106303.47398277231,106303.47398277231,106303.47398277231
2019-02-26,105722.19282247082,105722.19282247082,105722.19282247082,105722.19282247082
2019-02-27,105533.68834572921,105533.68834572921,105533.68834572921,105533.68834572921
2019-02-28,105501.28658079478,105501.28658079478,105501.28658079478,105501.28658079478
2019-03-01,105504.55164928794,105504.55164928794,105504.55164928794,105504.55164928794
2019-03-04,105516.44685476739,105516.44685476739,105516.44685476739,105516.44685476739
2019-03-05,105519.71192326055,105519.71192326055,105519.71192326055,105519.71192326055
2019-03-06,105522.9769917537,105522.9769917537,105522.9769917537,105522.9769917537
2019-03-07,105526.24206024686,105526.24206024686,105526.24206024686,105526.24206024686
2019-03-08,105529.50712874002,105529.50712874002,105529.50712874002,105529.50712874002
2019-03-11,105541.40233421947,105541.40233421947,105541.40233421947,105541.40233421947
2019-03-12,105544.66740271263,105544.66740271263,105544.66740271263,105544.66740271263
2019-03-13,105547.93247120579,105547.93247120579,105547.93247120579,105547.93247120579
2019-03-14,105551.19753969894,105551.19753969894,105551.19753969894,105551.19753969894
2019-03-15,105554.4626081921,105554.4626081921,105554.4626081921,105554.4626081921
2019-03-18,105566.35781367155,105566.35781367155,105566.35781367155,105566.35781367155
2019-03-19,105569.62288216471,105569.62288216471,105569.62288216471,105569.62288216471
2019-03-20,105572.88795065787,105572.88795065787,105572.88795065787,105572.88795065787
2019-03-21,105576.15301915102,105576.15301915102,105576.15301915102,105576.15301915102
2019-03-22,105579.41808764418,105579.41808764418,105579.41808764418,105579.41808764418
2019-03-25,105591.31329312363,105591.31329312363,105591.31329312363,105591.31329312363
2019-03-26,105594.57836161679,105594.57836161679,105594.57836161679,105594.57836161679
2019-03-27,105597.84343010995,105597.84343010995,105597.84343010995,105597.84343010995
2019-03-28,105601.1084986031,105601.1084986031,105601.1084986031,105601.1084986031
2019-03-29,105604.37356709626,105604.37356709626,105604.37356709626,105604.37356709626
2019-04-01,105616.26877257571,105616.26877257571,105616.26877257571,105616.26877257571
2019-04-02,105619.53384106887,105619.53384106887,105619.53384106887,105619.53384106887
2019-04-03,105622.79890956203,105622.79890956203,105622.79890956203,105622.79890956203
2019-04-04,105626.06397805519,105626.06397805519,105626.06397805519,105626.06397805519
2019-04-08,105642.27425202778,105642.27425202778,105642.27425202778,105642.27425202778
2019-04-09,105645.53932052094,105645.53932052094,105645.53932052094,105645.53932052094
2019-04-10,105648.8043890141,105648.8043890141,105648.8043890141,105648.8043890141
2019-04-11,105652.06945750726,105652.06945750726,105652.06945750726,105652.06945750726
2019-04-12,105655.33452600041,105655.33452600041,105655.33452600041,105655.33452600041
2019-04-15,105667.22973147986,105667.22973147986,105667.22973147986,105667.22973147986
2019-04-16,105670.49479997302,105670.49479997302,105670.49479997302,105670.49479997302
2019-04-17,105673.75986846618,105673.75986846618,105673.75986846618,105673.75986846618
2019-04-18,105677.02493695934,105677.02493695934,105677.02493695934,105677.02493695934
2019-04-19,105680.2900054525,105680.2900054525,105680.2900054525,105680.2900054525
2019-04-22,105692.18521093194,105692.18521093194,105692.18521093194,105692.18521093194
2019-04-23,105695.4502794251,105695.4502794251,105695.4502794251,105695.4502794251
2019-04-24,105698.71534791826,105698.71534791826,105698.71534791826,105698.71534791826
2019-04-25,105701.98041641142,105701.98041641142,105701.98041641142,105701.98041641142
2019-04-26,105705.24548490458,105705.24548490458,105705.24548490458,105705.24548490458
2019-04-29,105717.14069038403,105717.14069038403,105717.14069038403,105717.14069038403
2019-04-30,105720.40575887718,105720.40575887718,105720.40575887718,105720.40575887718
2019-05-06,105745.24616983609,105745.24616983609,105745.24616983609,105745.24616983609
2019-05-07,105748.51123832924,105748.51123832924,105748.51123832924,105748.51123832924
2019-05-08,105751.7763068224,105751.7763068224,105751.7763068224,105751.7763068224
2019-05-09,105755.04137531556,105755.04137531556,105755.04137531556,105755.04137531556
2019-05-10,105758.30644380872,105758.30644380872,105758.30644380872,105758.30644380872
2019-05-13,105770.20164928817,105770.20164928817,105770.20164928817,105770.20164928817
2019-05-14,105773.46671778132,105773.46671778132,105773.46671778132,105773.46671778132
2019-05-15,105776.73178627448,105776.73178627448,105776.73178627448,105776.73178627448
2019-05-16,105779.99685476764,105779.99685476764,105779.99685476764,105779.99685476764
2019-05-17,105783.2619232608,105783.2619232608,105783.2619232608,105783.2619232608
2019-05-20,105364.61944188886,105364.61944188886,105364.61944188886,105364.61944188886
2019-05-21,104907.4185153466,104907.4185153466,104907.4185153466,104907.4185153466
2019-05-22,105136.02238502319,105136.02238502319,105136.02238502319,105136.02238502319
2019-05-23,104335.91906037147,104335.91906037147,104335.91906037147,104335.91906037147
2019-05-24,103764.41960539635,103764.41960539635,103764.41960539635,103764.41960539635
2019-05-27,103453.49327637925,103453.49327637925,103453.49327637925,103453.49327637925
2019-05-28,103456.69615309157,103456.69615309157,103456.69615309157,103456.69615309157
2019-05-29,103459.8990298039,103459.8990298039,103459.8990298039,103459.8990298039
2019-05-30,103463.10190651623,103463.10190651623,103463.10190651623,103463.10190651623
2019-05-31,103466.30478322855,103466.30478322855,103466.30478322855,103466.30478322855
2019-06-03,103477.97341336554,103477.97341336554,103477.97341336554,103477.97341336554
2019-06-04,103481.17629007787,103481.17629007787,103481.17629007787,103481.17629007787
2019-06-05,103484.3791667902,103484.3791667902,103484.3791667902,103484.3791667902
2019-06-06,103487.58204350252,103487.58204350252,103487.58204350252,103487.58204350252
2019-06-10,103503.48355035184,103503.48355035184,103503.48355035184,103503.48355035184
2019-06-11,103506.68642706417,103506.68642706417,103506.68642706417,103506.68642706417
2019-06-12,103509.8893037765,103509.8893037765,103509.8893037765,103509.8893037765
2019-06-13,102980.74229258526,102980.74229258526,102980.74229258526,102980.74229258526
2019-06-14,103426.33655566206,103426.33655566206,103426.33655566206,103426.33655566206
2019-06-17,103649.14032715786,103649.14032715786,103649.14032715786,103649.14032715786
2019-06-18,103426.33655566206,103426.33655566206,103426.33655566206,103426.33655566206
2019-06-19,104317.53836173045,104317.53836173045,104317.53836173045,104317.53836173045
2019-06-20,104449.07608552126,104449.07608552126,104449.07608552126,104449.07608552126
2019-06-21,104452.310058124,104452.310058124,104452.310058124,104452.310058124
2019-06-24,104464.09197593221,104464.09197593221,104464.09197593221,104464.09197593221
2019-06-25,104467.32594853496,104467.32594853496,104467.32594853496,104467.32594853496
2019-06-26,104470.5599211377,104470.5599211377,104470.5599211377,104470.5599211377
2019-06-27,104473.79389374044,104473.79389374044,104473.79389374044,104473.79389374044
2019-06-28,104477.02786634318,104477.02786634318,104477.02786634318,104477.02786634318
2019-07-01,104488.8097841514,104488.8097841514,104488.8097841514,104488.8097841514
2019-07-02,104179.51298902529,104179.51298902529,104179.51298902529,104179.51298902529
2019-07-03,104507.70876358052,104507.70876358052,104507.70876358052,104507.70876358052
2019-07-04,105382.910537224,105382.910537224,105382.910537224,105382.910537224
2019-07-05,105164.1133541872,105164.1133541872,105164.1133541872,105164.1133541872
2019-07-08,104617.10735509891,104617.10735509891,104617.10735509891,104617.10735509891
2019-07-09,104194.36239542646,104194.36239542646,104194.36239542646,104194.36239542646
2019-07-10,104197.5963680292,104197.5963680292,104197.5963680292,104197.5963680292
2019-07-11,104200.83034063195,104200.83034063195,104200.83034063195,104200.83034063195
2019-07-12,104204.06431323469,104204.06431323469,104204.06431323469,104204.06431323469
2019-07-15,104215.8462310429,104215.8462310429,104215.8462310429,104215.8462310429
2019-07-16,104219.08020364564,104219.08020364564,104219.08020364564,104219.08020364564
2019-07-17,103695.53084979106,103695.53084979106,103695.53084979106,103695.53084979106
2019-07-18,102727.13049063733,102727.13049063733,102727.13049063733,102727.13049063733
2019-07-19,103803.12946448375,103803.12946448375,103803.12946448375,103803.12946448375
2019-07-22,103265.12997756053,103265.12997756053,103265.12997756053,103265.12997756053
2019-07-23,103695.53084979106,103695.53084979106,103695.53084979106,103695.53084979106
2019-07-24,104233.53033671426,104233.53033671426,104233.53033671426,104233.53033671426
2019-07-25,104771.52982363748,104771.52982363748,104771.52982363748,104771.52982363748
2019-07-26,104448.73397955945,104448.73397955945,104448.73397955945,104448.73397955945
2019-07-29,104986.73346648266,104986.73346648266,104986.73346648266,104986.73346648266
2019-07-30,104986.73346648266,104986.73346648266,104986.73346648266,104986.73346648266
2019-07-31,104879.12843833018,104879.12843833018,104879.12843833018,104879.12843833018
2019-08-01,103695.53084979106,103695.53084979106,103695.53084979106,103695.53084979106
2019-08-02,102606.3167599504,102606.3167599504,102606.3167599504,102606.3167599504
2019-08-05,102579.5240933261,102579.5240933261,102579.5240933261,102579.5240933261
2019-08-06,102582.695874148,102582.695874148,102582.695874148,102582.695874148
2019-08-07,102585.86765496992,102585.86765496992,102585.86765496992,102585.86765496992
2019-08-08,102589.03943579183,102589.03943579183,102589.03943579183,102589.03943579183
2019-08-09,102592.21121661374,102592.21121661374,102592.21121661374,102592.21121661374
2019-08-12,102603.7665590795,102603.7665590795,102603.7665590795,102603.7665590795
2019-08-13,102606.9383399014,102606.9383399014,102606.9383399014,102606.9383399014
2019-08-14,102610.11012072332,102610.11012072332,102610.11012072332,102610.11012072332
2019-08-15,102613.28190154523,102613.28190154523,102613.28190154523,102613.28190154523
2019-08-16,102616.45368236714,102616.45368236714,102616.45368236714,102616.45368236714
2019-08-19,102628.00902483289,102628.00902483289,102628.00902483289,102628.00902483289
2019-08-20,101692.8119650937,101692.8119650937,101692.8119650937,101692.8119650937
2019-08-21,101431.21533308992,101431.21533308992,101431.21533308992,101431.21533308992
2019-08-22,101758.21502123841,101758.21502123841,101758.21502123841,101758.21502123841
2019-08-23,101823.61028109559,101823.61028109559,101823.61028109559,101823.61028109559
2019-08-26,100842.61121665008,100842.61121665008,100842.61121665008,100842.61121665008
2019-08-27,102608.41576968202,102608.41576968202,102608.41576968202,102608.41576968202
2019-08-28,102477.61745368013,102477.61745368013,102477.61745368013,102477.61745368013
2019-08-29,102019.8116532422,102019.8116532422,102019.8116532422,102019.8116532422
2019-08-30,102585.33212565871,102585.33212565871,102585.33212565871,102585.33212565871
2019-09-02,102596.88746812446,102596.88746812446,102596.88746812446,102596.88746812446
2019-09-03,102600.05924894637,102600.05924894637,102600.05924894637,102600.05924894637
2019-09-04,102603.23102976829,102603.23102976829,102603.23102976829,102603.23102976829
2019-09-05,102606.4028105902,102606.4028105902,102606.4028105902,102606.4028105902
2019-09-06,102609.5745914121,102609.5745914121,102609.5745914121,102609.5745914121
2019-09-09,104404.93048283037,104404.93048283037,104404.93048283037,104404.93048283037
2019-09-10,103842.43399950441,103842.43399950441,103842.43399950441,103842.43399950441
2019-09-11,102404.93388029512,102404.93388029512,102404.93388029512,102404.93388029512
2019-09-12,102904.93489357409,102904.93489357409,102904.93489357409,102904.93489357409
2019-09-16,103154.93167492327,103154.93167492327,103154.93167492327,103154.93167492327
2019-09-17,101154.935072388,101154.935072388,101154.935072388,101154.935072388
2019-09-18,101092.43215176043,101092.43215176043,101092.43215176043,101092.43215176043
2019-09-19,102654.9306616443,102654.9306616443,102654.9306616443,102654.9306616443
2019-09-20,102404.93388029512,102404.93388029512,102404.93388029512,102404.93388029512
2019-09-23,101279.93346306261,101279.93346306261,101279.93346306261,101279.93346306261
2019-09-24,101842.42994638857,101842.42994638857,101842.42994638857,101842.42994638857
2019-09-25,100717.42952915606,100717.42952915606,100717.42952915606,100717.42952915606
2019-09-26,97592.43250938828,97592.43250938828,97592.43250938828,97592.43250938828
2019-09-27,97315.59013503799,97315.59013503799,97315.59013503799,97315.59013503799
2019-09-30,97118.59267133483,97118.59267133483,97118.59267133483,97118.59267133483
2019-10-08,96232.09234255561,96232.09234255561,96232.09234255561,96232.09234255561
2019-10-09,95050.08994716415,95050.08994716415,95050.08994716415,95050.08994716415
2019-10-10,94877.3716037146,94877.3716037146,94877.3716037146,94877.3716037146
2019-10-11,94968.38448699703,94968.38448699703,94968.38448699703,94968.38448699703
2019-10-14,94979.03352809293,94979.03352809293,94979.03352809293,94979.03352809293
2019-10-15,94981.95654179156,94981.95654179156,94981.95654179156,94981.95654179156
2019-10-16,94984.87955549019,94984.87955549019,94984.87955549019,94984.87955549019
2019-10-17,94987.80256918882,94987.80256918882,94987.80256918882,94987.80256918882
2019-10-18,94990.72558288745,94990.72558288745,94990.72558288745,94990.72558288745
2019-10-21,95001.37462398334,95001.37462398334,95001.37462398334,95001.37462398334
2019-10-22,95004.32873357239,95004.32873357239,95004.32873357239,95004.32873357239
2019-10-23,95007.28284316143,95007.28284316143,95007.28284316143,95007.28284316143
2019-10-24,95010.23695275048,95010.23695275048,95010.23695275048,95010.23695275048
2019-10-25,95013.19106233952,95013.19106233952,95013.19106233952,95013.19106233952
2019-10-28,95023.95339110665,95023.95339110665,95023.95339110665,95023.95339110665
2019-10-29,95026.9075006957,95026.9075006957,95026.9075006957,95026.9075006957
2019-10-30,95029.86161028474,95029.86161028474,95029.86161028474,95029.86161028474
2019-10-31,95032.81571987379,95032.81571987379,95032.81571987379,95032.81571987379
2019-11-01,95835.98247492044,95835.98247492044,95835.98247492044,95835.98247492044
2019-11-04,96366.07916080681,96366.07916080681,96366.07916080681,96366.07916080681
2019-11-05,97249.5853396627,97249.5853396627,97249.5853396627,97249.5853396627
2019-11-06,96601.68314897745,96601.68314897745,96601.68314897745,96601.68314897745
2019-11-07,97367.38382303446,97367.38382303446,97367.38382303446,97367.38382303446
2019-11-08,97013.9813514921,97013.9813514921,97013.9813514921,97013.9813514921
2019-11-11,94952.4833174917,94952.4833174917,94952.4833174917,94952.4833174917
2019-11-12,95011.37904846399,95011.37904846399,95011.37904846399,95011.37904846399
2019-11-13,95541.48275577753,95541.48275577753,95541.48275577753,95541.48275577753
2019-11-14,96130.48219406336,96130.48219406336,96130.48219406336,96130.48219406336
2019-11-15,95188.08028423517,95188.08028423517,95188.08028423517,95188.08028423517
2019-11-18,94986.71020219811,94986.71020219811,94986.71020219811,94986.71020219811
2019-11-19,95180.35282127427,95180.35282127427,95180.35282127427,95180.35282127427
2019-11-20,94541.22838138946,94541.22838138946,94541.22838138946,94541.22838138946
2019-11-21,93964.31883460117,93964.31883460117,93964.31883460117,93964.31883460117
2019-11-22,94005.83893169754,94005.83893169754,94005.83893169754,94005.83893169754
2019-11-25,94515.37836648412,94515.37836648412,94515.37836648412,94515.37836648412
2019-11-26,95252.97986127326,95252.97986127326,95252.97986127326,95252.97986127326
2019-11-27,95529.58179570622,95529.58179570622,95529.58179570622,95529.58179570622
2019-11-28,95990.58135606236,95990.58135606236,95990.58135606236,95990.58135606236
2019-11-29,96082.78566457219,96082.78566457219,96082.78566457219,96082.78566457219
2019-12-02,97189.18241120763,97189.18241120763,97189.18241120763,97189.18241120763
2019-12-03,95621.77511311955,95621.77511311955,95621.77511311955,95621.77511311955
2019-12-04,94515.37836648412,94515.37836648412,94515.37836648412,94515.37836648412
2019-12-05,94607.58267499394,94607.58267499394,94607.58267499394,94607.58267499394
2019-12-06,94884.18460942693,94884.18460942693,94884.18460942693,94884.18460942693
2019-12-09,95806.18373013921,95806.18373013921,95806.18373013921,95806.18373013921
2019-12-10,95437.3774871964,95437.3774871964,95437.3774871964,95437.3774871964
2019-12-11,95345.18416978307,95345.18416978307,95345.18416978307,95345.18416978307
2019-12-12,95898.37704755252,95898.37704755252,95898.37704755252,95898.37704755252
2019-12-13,96174.97898198552,96174.97898198552,96174.97898198552,96174.97898198552
2019-12-16,96359.37660790868,96359.37660790868,96359.37660790868,96359.37660790868
2019-12-17,96662.99343196939,96662.99343196939,96662.99343196939,96662.99343196939
2019-12-18,96483.22835748678,96483.22835748678,96483.22835748678,96483.22835748678
2019-12-19,96486.21356296622,96486.21356296622,96486.21356296622,96486.21356296622
2019-12-20,96344.66488390556,96344.66488390556,96344.66488390556,96344.66488390556
2019-12-23,95327.05776720634,95327.05776720634,95327.05776720634,95327.05776720634
2019-12-24,95835.86132555595,95835.86132555595,95835.86132555595,95835.86132555595
2019-12-25,95666.26350908866,95666.26350908866,95666.26350908866,95666.26350908866
2019-12-26,96344.66488390556,96344.66488390556,96344.66488390556,96344.66488390556
2019-12-27,94225.21049825235,94225.21049825235,94225.21049825235,94225.21049825235
2019-12-30,95831.81292859597,95831.81292859597,95831.81292859597,95831.81292859597
2019-12-31,95998.01409093423,95998.01409093423,95998.01409093423,95998.01409093423
2020-01-02,97937.01224175973,97937.01224175973,97937.01224175973,97937.01224175973
2020-01-03,97881.61625711007,97881.61625711007,97881.61625711007,97881.61625711007
2020-01-06,97292.52677711743,97292.52677711743,97292.52677711743,97292.52677711743
2020-01-07,97295.54307848729,97295.54307848729,97295.54307848729,97295.54307848729
2020-01-08,97298.55937985715,97298.55937985715,97298.55937985715,97298.55937985715
2020-01-09,97301.57568122701,97301.57568122701,97301.57568122701,97301.57568122701
2020-01-10,97304.59198259687,97304.59198259687,97304.59198259687,97304.59198259687
2020-01-13,97315.58088670646,97315.58088670646,97315.58088670646,97315.58088670646
2020-01-14,97318.59718807632,97318.59718807632,97318.59718807632,97318.59718807632
2020-01-15,97321.61348944619,97321.61348944619,97321.61348944619,97321.61348944619
2020-01-16,97324.62979081605,97324.62979081605,97324.62979081605,97324.62979081605
2020-01-17,97327.64609218591,97327.64609218591,97327.64609218591,97327.64609218591
2020-01-20,97338.6349962955,97338.6349962955,97338.6349962955,97338.6349962955
2020-01-21,97341.65129766536,97341.65129766536,97341.65129766536,97341.65129766536
2020-01-22,97344.66759903522,97344.66759903522,97344.66759903522,97344.66759903522
2020-01-23,97347.68390040509,97347.68390040509,97347.68390040509,97347.68390040509
2020-02-03,97390.56321547358,97390.56321547358,97390.56321547358,97390.56321547358
2020-02-04,97393.57951684344,97393.57951684344,97393.57951684344,97393.57951684344
2020-02-05,97396.5958182133,97396.5958182133,97396.5958182133,97396.5958182133
2020-02-06,97399.61211958317,97399.61211958317,97399.61211958317,97399.61211958317
2020-02-07,97402.62842095303,97402.62842095303,97402.62842095303,97402.62842095303
2020-02-10,97413.61732506262,97413.61732506262,97413.61732506262,97413.61732506262
2020-02-11,97416.63362643248,97416.63362643248,97416.63362643248,97416.63362643248
2020-02-12,97419.64992780234,97419.64992780234,97419.64992780234,97419.64992780234
2020-02-13,97422.6662291722,97422.6662291722,97422.6662291722,97422.6662291722
2020-02-14,97425.68253054206,97425.68253054206,97425.68253054206,97425.68253054206
2020-02-17,97436.67143465165,97436.67143465165,97436.67143465165,97436.67143465165
2020-02-18,97439.68773602151,97439.68773602151,97439.68773602151,97439.68773602151
2020-02-19,97442.70403739138,97442.70403739138,97442.70403739138,97442.70403739138
2020-02-20,97445.72033876124,97445.72033876124,97445.72033876124,97445.72033876124
2020-02-21,97448.7366401311,97448.7366401311,97448.7366401311,97448.7366401311
2020-02-24,97459.72554424069,97459.72554424069,97459.72554424069,97459.72554424069
2020-02-25,97462.74184561055,97462.74184561055,97462.74184561055,97462.74184561055
2020-02-26,97465.75814698041,97465.75814698041,97465.75814698041,97465.75814698041
2020-02-27,97468.77444835028,97468.77444835028,97468.77444835028,97468.77444835028
2020-02-28,97471.79074972014,97471.79074972014,97471.79074972014,97471.79074972014
2020-03-02,97482.77965382973,97482.77965382973,97482.77965382973,97482.77965382973
2020-03-03,97485.79595519959,97485.79595519959,97485.79595519959,97485.79595519959
2020-03-04,97488.81225656945,97488.81225656945,97488.81225656945,97488.81225656945
2020-03-05,97491.82855793931,97491.82855793931,97491.82855793931,97491.82855793931
2020-03-06,97494.84485930917,97494.84485930917,97494.84485930917,97494.84485930917
2020-03-09,97505.83376341876,97505.83376341876,97505.83376341876,97505.83376341876
2020-03-10,97508.85006478862,97508.85006478862,97508.85006478862,97508.85006478862
2020-03-11,97511.86636615849,97511.86636615849,97511.86636615849,97511.86636615849
2020-03-12,97514.88266752835,97514.88266752835,97514.88266752835,97514.88266752835
2020-03-13,97517.89896889821,97517.89896889821,97517.89896889821,97517.89896889821
2020-03-16,97528.8878730078,97528.8878730078,97528.8878730078,97528.8878730078
2020-03-17,97531.90417437766,97531.90417437766,97531.90417437766,97531.90417437766
2020-03-18,97534.92047574752,97534.92047574752,97534.92047574752,97534.92047574752
2020-03-19,97537.93677711739,97537.93677711739,97537.93677711739,97537.93677711739
2020-03-20,97540.95307848725,97540.95307848725,97540.95307848725,97540.95307848725
2020-03-23,97551.94198259684,97551.94198259684,97551.94198259684,97551.94198259684
2020-03-24,97554.9582839667,97554.9582839667,97554.9582839667,97554.9582839667
2020-03-25,97557.97458533656,97557.97458533656,97557.97458533656,97557.97458533656
2020-03-26,97560.99088670642,97560.99088670642,97560.99088670642,97560.99088670642
2020-03-27,97564.00718807628,97564.00718807628,97564.00718807628,97564.00718807628
2020-03-30,97574.99609218587,97574.99609218587,97574.99609218587,97574.99609218587
2020-03-31,97578.01239355573,97578.01239355573,97578.01239355573,97578.01239355573
2020-04-01,97581.0286949256,97581.0286949256,97581.0286949256,97581.0286949256
2020-04-02,97584.04499629546,97584.04499629546,97584.04499629546,97584.04499629546
2020-04-03,97587.06129766532,97587.06129766532,97587.06129766532,97587.06129766532
2020-04-07,97602.03650314477,97602.03650314477,97602.03650314477,97602.03650314477
2020-04-08,97605.05280451463,97605.05280451463,97605.05280451463,97605.05280451463
2020-04-09,97608.0691058845,97608.0691058845,97608.0691058845,97608.0691058845
2020-04-10,97611.08540725436,97611.08540725436,97611.08540725436,97611.08540725436
2020-04-13,97622.07431136395,97622.07431136395,97622.07431136395,97622.07431136395
2020-04-14,97625.09061273381,97625.09061273381,97625.09061273381,97625.09061273381
2020-04-15,97628.10691410367,97628.10691410367,97628.10691410367,97628.10691410367
2020-04-16,97631.12321547353,97631.12321547353,97631.12321547353,97631.12321547353
2020-04-17,97634.1395168434,97634.1395168434,97634.1395168434,97634.1395168434
2020-04-20,97645.12842095298,97645.12842095298,97645.12842095298,97645.12842095298
2020-04-21,97648.14472232285,97648.14472232285,97648.14472232285,97648.14472232285
2020-04-22,97651.16102369271,97651.16102369271,97651.16102369271,97651.16102369271
2020-04-23,97654.17732506257,97654.17732506257,97654.17732506257,97654.17732506257
2020-04-24,97657.19362643243,97657.19362643243,97657.19362643243,97657.19362643243
2020-04-27,97668.18253054202,97668.18253054202,97668.18253054202,97668.18253054202
2020-04-28,97671.19883191188,97671.19883191188,97671.19883191188,97671.19883191188
2020-04-29,97674.21513328174,97674.21513328174,97674.21513328174,97674.21513328174
2020-04-30,97677.2314346516,97677.2314346516,97677.2314346516,97677.2314346516
2020-05-06,97700.17924287078,97700.17924287078,97700.17924287078,97700.17924287078
2020-05-07,97703.19554424065,97703.19554424065,97703.19554424065,97703.19554424065
2020-05-08,97706.21184561051,97706.21184561051,97706.21184561051,97706.21184561051
2020-05-11,97717.2007497201,97717.2007497201,97717.2007497201,97717.2007497201
2020-05-12,97720.21705108996,97720.21705108996,97720.21705108996,97720.21705108996
2020-05-13,97723.23335245982,97723.23335245982,97723.23335245982,97723.23335245982
2020-05-14,97726.24965382968,97726.24965382968,97726.24965382968,97726.24965382968
2020-05-15,97729.26595519955,97729.26595519955,97729.26595519955,97729.26595519955
2020-05-18,97740.25485930913,97740.25485930913,97740.25485930913,97740.25485930913
2020-05-19,97743.271160679,97743.271160679,97743.271160679,97743.271160679
2020-05-20,97746.28746204886,97746.28746204886,97746.28746204886,97746.28746204886
2020-05-21,97749.30376341872,97749.30376341872,97749.30376341872,97749.30376341872
2020-05-22,97752.32006478858,97752.32006478858,97752.32006478858,97752.32006478858
2020-05-25,97763.30896889817,97763.30896889817,97763.30896889817,97763.30896889817
2020-05-26,97766.32527026803,97766.32527026803,97766.32527026803,97766.32527026803
2020-05-27,97769.3415716379,97769.3415716379,97769.3415716379,97769.3415716379
2020-05-28,97772.35787300776,97772.35787300776,97772.35787300776,97772.35787300776
2020-05-29,97775.37417437762,97775.37417437762,97775.37417437762,97775.37417437762
2020-06-01,97786.36307848721,97786.36307848721,97786.36307848721,97786.36307848721
2020-06-02,97789.37937985707,97789.37937985707,97789.37937985707,97789.37937985707
2020-06-03,97792.39568122693,97792.39568122693,97792.39568122693,97792.39568122693
2020-06-04,97776.9500472772,97776.9500472772,97776.9500472772,97776.9500472772
2020-06-05,97700.44951226591,97700.44951226591,97700.44951226591,97700.44951226591
2020-06-08,96300.81171302653,96300.81171302653,96300.81171302653,96300.81171302653
2020-06-09,96506.11689038281,96506.11689038281,96506.11689038281,96506.11689038281
2020-06-10,97538.15030062717,97538.15030062717,97538.15030062717,97538.15030062717
2020-06-11,96656.65114129108,96656.65114129108,96656.65114129108,96656.65114129108
2020-06-12,94012.1536632828,94012.1536632828,94012.1536632828,94012.1536632828
2020-06-15,91720.25164568942,91720.25164568942,91720.25164568942,91720.25164568942
2020-06-16,95775.15198195499,95775.15198195499,95775.15198195499,95775.15198195499
2020-06-17,97185.55484021228,97185.55484021228,97185.55484021228,97185.55484021228
2020-06-18,97009.25711000484,97009.25711000484,97009.25711000484,97009.25711000484
2020-06-19,97714.45853913348,97714.45853913348,97714.45853913348,97714.45853913348
2020-06-22,97185.55484021228,97185.55484021228,97185.55484021228,97185.55484021228
2020-06-23,97736.20368428002,97736.20368428002,97736.20368428002,97736.20368428002
2020-06-24,98111.65783463538,98111.65783463538,98111.65783463538,98111.65783463538
2020-06-29,97118.80911210726,97118.80911210726,97118.80911210726,97118.80911210726
2020-06-30,97129.87233070342,97129.87233070342,97129.87233070342,97129.87233070342
2020-07-01,97132.88863207329,97132.88863207329,97132.88863207329,97132.88863207329
2020-07-02,97135.90493344315,97135.90493344315,97135.90493344315,97135.90493344315
2020-07-03,97138.92123481301,97138.92123481301,97138.92123481301,97138.92123481301
2020-07-06,97149.9101389226,97149.9101389226,97149.9101389226,97149.9101389226
2020-07-07,97152.92644029246,97152.92644029246,97152.92644029246,97152.92644029246
2020-07-08,97155.94274166232,97155.94274166232,97155.94274166232,97155.94274166232
2020-07-09,97158.95904303218,97158.95904303218,97158.95904303218,97158.95904303218
2020-07-10,97161.97534440205,97161.97534440205,97161.97534440205,97161.97534440205
2020-07-13,97172.96424851163,97172.96424851163,97172.96424851163,97172.96424851163
2020-07-14,97175.9805498815,97175.9805498815,97175.9805498815,97175.9805498815
2020-07-15,97178.99685125136,97178.99685125136,97178.99685125136,97178.99685125136
2020-07-16,97182.01315262122,97182.01315262122,97182.01315262122,97182.01315262122
2020-07-17,97185.02945399108,97185.02945399108,97185.02945399108,97185.02945399108
2020-07-20,97196.01835810067,97196.01835810067,97196.01835810067,97196.01835810067
2020-07-21,97199.03465947053,97199.03465947053,97199.03465947053,97199.03465947053
2020-07-22,97202.0509608404,97202.0509608404,97202.0509608404,97202.0509608404
2020-07-23,97205.06726221026,97205.06726221026,97205.06726221026,97205.06726221026
2020-07-24,97208.08356358012,97208.08356358012,97208.08356358012,97208.08356358012
2020-07-27,97219.07246768971,97219.07246768971,97219.07246768971,97219.07246768971
2020-07-28,97222.08876905957,97222.08876905957,97222.08876905957,97222.08876905957
2020-07-29,97225.10507042943,97225.10507042943,97225.10507042943,97225.10507042943
2020-07-30,97228.1213717993,97228.1213717993,97228.1213717993,97228.1213717993
2020-07-31,97231.13767316916,97231.13767316916,97231.13767316916,97231.13767316916
2020-08-03,97242.12657727874,97242.12657727874,97242.12657727874,97242.12657727874
2020-08-04,97245.1428786486,97245.1428786486,97245.1428786486,97245.1428786486
2020-08-05,97248.15918001847,97248.15918001847,97248.15918001847,97248.15918001847
2020-08-06,97251.17548138833,97251.17548138833,97251.17548138833,97251.17548138833
2020-08-07,97254.1917827582,97254.1917827582,97254.1917827582,97254.1917827582
2020-08-10,97265.18068686778,97265.18068686778,97265.18068686778,97265.18068686778
2020-08-11,97268.19698823764,97268.19698823764,97268.19698823764,97268.19698823764
2020-08-12,97271.2132896075,97271.2132896075,97271.2132896075,97271.2132896075
2020-08-13,97274.22959097737,97274.22959097737,97274.22959097737,97274.22959097737
2020-08-14,97277.24589234723,97277.24589234723,97277.24589234723,97277.24589234723
2020-08-17,97288.23479645682,97288.23479645682,97288.23479645682,97288.23479645682
2020-08-18,97291.25109782668,97291.25109782668,97291.25109782668,97291.25109782668
2020-08-19,97294.26739919654,97294.26739919654,97294.26739919654,97294.26739919654
2020-08-20,97297.2837005664,97297.2837005664,97297.2837005664,97297.2837005664
2020-08-21,97300.30000193627,97300.30000193627,97300.30000193627,97300.30000193627
2020-08-24,97311.28890604585,97311.28890604585,97311.28890604585,97311.28890604585
2020-08-25,97314.30520741572,97314.30520741572,97314.30520741572,97314.30520741572
2020-08-26,97317.32150878558,97317.32150878558,97317.32150878558,97317.32150878558
2020-08-27,97320.33781015544,97320.33781015544,97320.33781015544,97320.33781015544
2020-08-28,97323.3541115253,97323.3541115253,97323.3541115253,97323.3541115253
2020-08-31,97334.34301563489,97334.34301563489,97334.34301563489,97334.34301563489
2020-09-01,97337.35931700475,97337.35931700475,97337.35931700475,97337.35931700475
2020-09-02,97340.37561837462,97340.37561837462,97340.37561837462,97340.37561837462
2020-09-03,97343.39191974448,97343.39191974448,97343.39191974448,97343.39191974448
2020-09-04,97346.40822111434,97346.40822111434,97346.40822111434,97346.40822111434
2020-09-07,97357.39712522393,97357.39712522393,97357.39712522393,97357.39712522393
2020-09-08,97360.41342659379,97360.41342659379,97360.41342659379,97360.41342659379
2020-09-09,97363.42972796365,97363.42972796365,97363.42972796365,97363.42972796365
2020-09-10,97366.44602933351,97366.44602933351,97366.44602933351,97366.44602933351
2020-09-11,97369.46233070338,97369.46233070338,97369.46233070338,97369.46233070338
2020-09-14,97380.45123481296,97380.45123481296,97380.45123481296,97380.45123481296
2020-09-15,97383.46753618283,97383.46753618283,97383.46753618283,97383.46753618283
2020-09-16,97386.48383755269,97386.48383755269,97386.48383755269,97386.48383755269
2020-09-17,97389.50013892255,97389.50013892255,97389.50013892255,97389.50013892255
2020-09-18,97392.51644029241,97392.51644029241,97392.51644029241,97392.51644029241
2020-09-21,97403.505344402,97403.505344402,97403.505344402,97403.505344402
2020-09-22,97406.52164577186,97406.52164577186,97406.52164577186,97406.52164577186
2020-09-23,97409.53794714173,97409.53794714173,97409.53794714173,97409.53794714173
2020-09-24,97412.55424851159,97412.55424851159,97412.55424851159,97412.55424851159
2020-09-25,97415.57054988145,97415.57054988145,97415.57054988145,97415.57054988145
2020-09-28,97426.55945399104,97426.55945399104,97426.55945399104,97426.55945399104
2020-09-29,97429.5757553609,97429.5757553609,97429.5757553609,97429.5757553609
2020-09-30,97432.59205673076,97432.59205673076,97432.59205673076,97432.59205673076
2020-10-09,97467.49876905953,97467.49876905953,97467.49876905953,97467.49876905953
2020-10-12,97478.48767316912,97478.48767316912,97478.48767316912,97478.48767316912
2020-10-13,97481.50397453898,97481.50397453898,97481.50397453898,97481.50397453898
2020-10-14,97484.52027590884,97484.52027590884,97484.52027590884,97484.52027590884
2020-10-15,97487.5365772787,97487.5365772787,97487.5365772787,97487.5365772787
2020-10-16,97490.55287864857,97490.55287864857,97490.55287864857,97490.55287864857
2020-10-19,97501.54178275816,97501.54178275816,97501.54178275816,97501.54178275816
2020-10-20,97504.55808412802,97504.55808412802,97504.55808412802,97504.55808412802
2020-10-21,97507.57438549788,97507.57438549788,97507.57438549788,97507.57438549788
2020-10-22,97510.59068686774,97510.59068686774,97510.59068686774,97510.59068686774
2020-10-23,97513.6069882376,97513.6069882376,97513.6069882376,97513.6069882376
2020-10-26,97524.59589234719,97524.59589234719,97524.59589234719,97524.59589234719
2020-10-27,97527.61219371705,97527.61219371705,97527.61219371705,97527.61219371705
2020-10-28,97530.62849508692,97530.62849508692,97530.62849508692,97530.62849508692
2020-10-29,97533.64479645678,97533.64479645678,97533.64479645678,97533.64479645678
2020-10-30,97536.66109782664,97536.66109782664,97536.66109782664,97536.66109782664
2020-11-02,97547.65000193623,97547.65000193623,97547.65000193623,97547.65000193623
2020-11-03,97638.11132614424,97638.11132614424,97638.11132614424,97638.11132614424
2020-11-04,97959.12670090124,97959.12670090124,97959.12670090124,97959.12670090124
2020-11-05,99267.63834891259,99267.63834891259,99267.63834891259,99267.63834891259
2020-11-06,99237.12130987832,99237.12130987832,99237.12130987832,99237.12130987832
2020-11-09,98197.92436564156,98197.92436564156,98197.92436564156,98197.92436564156
2020-11-10,98550.94838335052,98550.94838335052,98550.94838335052,98550.94838335052
2020-11-11,100547.07539538344,100547.07539538344,100547.07539538344,100547.07539538344
2020-11-12,100293.26084397007,100293.26084397007,100293.26084397007,100293.26084397007
2020-11-13,100300.66912276906,100300.66912276906,100300.66912276906,100300.66912276906
2020-11-16,100311.99788989234,100311.99788989234,100311.99788989234,100311.99788989234
2020-11-17,100315.10747893344,100315.10747893344,100315.10747893344,100315.10747893344
2020-11-18,100318.21706797453,100318.21706797453,100318.21706797453,100318.21706797453
2020-11-19,100321.32665701563,100321.32665701563,100321.32665701563,100321.32665701563
2020-11-20,100324.43624605672,100324.43624605672,100324.43624605672,100324.43624605672
2020-11-23,100335.76501318,100335.76501318,100335.76501318,100335.76501318
2020-11-24,100338.8746022211,100338.8746022211,100338.8746022211,100338.8746022211
2020-11-25,100341.98419126219,100341.98419126219,100341.98419126219,100341.98419126219
2020-11-26,100345.09378030329,100345.09378030329,100345.09378030329,100345.09378030329
2020-11-27,100348.20336934438,100348.20336934438,100348.20336934438,100348.20336934438
2020-11-30,100359.53213646766,100359.53213646766,100359.53213646766,100359.53213646766
2020-12-01,100362.64172550876,100362.64172550876,100362.64172550876,100362.64172550876
2020-12-02,100365.75131454985,100365.75131454985,100365.75131454985,100365.75131454985
2020-12-03,100368.86090359095,100368.86090359095,100368.86090359095,100368.86090359095
2020-12-04,100371.97049263204,100371.97049263204,100371.97049263204,100371.97049263204
2020-12-07,100383.29925975532,100383.29925975532,100383.29925975532,100383.29925975532
2020-12-08,100386.40884879642,100386.40884879642,100386.40884879642,100386.40884879642
2020-12-09,100389.51843783751,100389.51843783751,100389.51843783751,100389.51843783751
2020-12-10,100392.6280268786,100392.6280268786,100392.6280268786,100392.6280268786
2020-12-11,100395.7376159197,100395.7376159197,100395.7376159197,100395.7376159197
2020-12-14,100407.06638304298,100407.06638304298,100407.06638304298,100407.06638304298
2020-12-15,100410.17597208408,100410.17597208408,100410.17597208408,100410.17597208408
2020-12-16,100413.28556112517,100413.28556112517,100413.28556112517,100413.28556112517
2020-12-17,100416.39515016627,100416.39515016627,100416.39515016627,100416.39515016627
2020-12-18,100419.50473920736,100419.50473920736,100419.50473920736,100419.50473920736
2020-12-21,100430.83350633064,100430.83350633064,100430.83350633064,100430.83350633064
2020-12-22,100433.94309537174,100433.94309537174,100433.94309537174,100433.94309537174
2020-12-23,100437.05268441283,100437.05268441283,100437.05268441283,100437.05268441283
2020-12-24,100440.16227345393,100440.16227345393,100440.16227345393,100440.16227345393
2020-12-25,100443.27186249502,100443.27186249502,100443.27186249502,100443.27186249502
2020-12-28,100454.6006296183,100454.6006296183,100454.6006296183,100454.6006296183
2020-12-29,100457.7102186594,100457.7102186594,100457.7102186594,100457.7102186594
2020-12-30,100460.81980770049,100460.81980770049,100460.81980770049,100460.81980770049
2020-12-31,100463.92939674159,100463.92939674159,100463.92939674159,100463.92939674159
2021-01-04,100479.36775290596,100479.36775290596,100479.36775290596,100479.36775290596
2021-01-05,100482.47734194706,100482.47734194706,100482.47734194706,100482.47734194706
2021-01-06,100485.58693098815,100485.58693098815,100485.58693098815,100485.58693098815
2021-01-07,100488.69652002925,100488.69652002925,100488.69652002925,100488.69652002925
2021-01-08,100491.80610907034,100491.80610907034,100491.80610907034,100491.80610907034
2021-01-11,100503.13487619362,100503.13487619362,100503.13487619362,100503.13487619362
2021-01-12,100506.24446523472,100506.24446523472,100506.24446523472,100506.24446523472
2021-01-13,100509.35405427581,100509.35405427581,100509.35405427581,100509.35405427581
2021-01-14,100512.4636433169,100512.4636433169,100512.4636433169,100512.4636433169
2021-01-15,100515.573232358,100515.573232358,100515.573232358,100515.573232358
2021-01-18,100526.90199948128,100526.90199948128,100526.90199948128,100526.90199948128
2021-01-19,100530.01158852238,100530.01158852238,100530.01158852238,100530.01158852238
2021-01-20,100533.12117756347,100533.12117756347,100533.12117756347,100533.12117756347
2021-01-21,100536.23076660457,100536.23076660457,100536.23076660457,100536.23076660457
2021-01-22,100539.34035564566,100539.34035564566,100539.34035564566,100539.34035564566
2021-01-25,100550.66912276894,100550.66912276894,100550.66912276894,100550.66912276894
2021-01-26,100553.77871181004,100553.77871181004,100553.77871181004,100553.77871181004
2021-01-27,100556.88830085113,100556.88830085113,100556.88830085113,100556.88830085113
2021-01-28,100559.99788989223,100559.99788989223,100559.99788989223,100559.99788989223
2021-01-29,100563.10747893332,100563.10747893332,100563.10747893332,100563.10747893332
2021-02-01,100574.4362460566,100574.4362460566,100574.4362460566,100574.4362460566
2021-02-02,100577.5458350977,100577.5458350977,100577.5458350977,100577.5458350977
2021-02-03,100580.6554241388,100580.6554241388,100580.6554241388,100580.6554241388
2021-02-04,100583.76501317989,100583.76501317989,100583.76501317989,100583.76501317989
2021-02-05,100586.87460222098,100586.87460222098,100586.87460222098,100586.87460222098
2021-02-08,100598.20336934426,100598.20336934426,100598.20336934426,100598.20336934426
2021-02-09,100601.31295838536,100601.31295838536,100601.31295838536,100601.31295838536
2021-02-10,100604.42254742645,100604.42254742645,100604.42254742645,100604.42254742645
2021-02-18,100636.29925975522,100636.29925975522,100636.29925975522,100636.29925975522
2021-02-19,100639.40884879632,100639.40884879632,100639.40884879632,100639.40884879632
2021-02-22,100650.7376159196,100650.7376159196,100650.7376159196,100650.7376159196
2021-02-23,100653.8472049607,100653.8472049607,100653.8472049607,100653.8472049607
2021-02-24,100656.95679400179,100656.95679400179,100656.95679400179,100656.95679400179
2021-02-25,100660.06638304288,100660.06638304288,100660.06638304288,100660.06638304288
2021-02-26,100663.17597208398,100663.17597208398,100663.17597208398,100663.17597208398
2021-03-01,100674.50473920726,100674.50473920726,100674.50473920726,100674.50473920726
2021-03-02,100677.61432824835,100677.61432824835,100677.61432824835,100677.61432824835
2021-03-03,100680.72391728945,100680.72391728945,100680.72391728945,100680.72391728945
2021-03-04,100683.83350633054,100683.83350633054,100683.83350633054,100683.83350633054
2021-03-05,100686.94309537164,100686.94309537164,100686.94309537164,100686.94309537164
2021-03-08,100698.27186249492,100698.27186249492,100698.27186249492,100698.27186249492
2021-03-09,100701.38145153601,100701.38145153601,100701.38145153601,100701.38145153601
2021-03-10,100704.49104057711,100704.49104057711,100704.49104057711,100704.49104057711
2021-03-11,100707.6006296182,100707.6006296182,100707.6006296182,100707.6006296182
2021-03-12,100710.7102186593,100710.7102186593,100710.7102186593,100710.7102186593
2021-03-15,100722.03898578258,100722.03898578258,100722.03898578258,100722.03898578258
2021-03-16,100725.14857482367,100725.14857482367,100725.14857482367,100725.14857482367
2021-03-17,100728.25816386477,100728.25816386477,100728.25816386477,100728.25816386477
2021-03-18,100731.36775290586,100731.36775290586,100731.36775290586,100731.36775290586
2021-03-19,100734.47734194696,100734.47734194696,100734.47734194696,100734.47734194696
2021-03-22,100745.80610907024,100745.80610907024,100745.80610907024,100745.80610907024
2021-03-23,100748.91569811133,100748.91569811133,100748.91569811133,100748.91569811133
2021-03-24,100752.02528715243,100752.02528715243,100752.02528715243,100752.02528715243
2021-03-25,100926.59958178761,100926.59958178761,100926.59958178761,100926.59958178761
2021-03-26,101507.43612119212,101507.43612119212,101507.43612119212,101507.43612119212
2021-03-29,102124.13166178223,102124.13166178223,102124.13166178223,102124.13166178223
2021-03-30,102792.13301552292,102792.13301552292,102792.13301552292,102792.13301552292
2021-03-31,102663.2449266521,102663.2449266521,102663.2449266521,102663.2449266521
2021-04-01,103028.91350229041,103028.91350229041,103028.91350229041,103028.91350229041
2021-04-02,103217.7855639702,103217.7855639702,103217.7855639702,103217.7855639702
2021-04-06,103233.68707081952,103233.68707081952,103233.68707081952,103233.68707081952
2021-04-07,103236.88994753185,103236.88994753185,103236.88994753185,103236.88994753185
2021-04-08,103240.09282424417,103240.09282424417,103240.09282424417,103240.09282424417
2021-04-09,103000.55910023894,103000.55910023894,103000.55910023894,103000.55910023894
2021-04-12,103143.28285842582,103143.28285842582,103143.28285842582,103143.28285842582
2021-04-13,102902.86599403812,102902.86599403812,102902.86599403812,102902.86599403812
2021-04-14,104057.8509829681,104057.8509829681,104057.8509829681,104057.8509829681
2021-04-15,102962.75083088095,102962.75083088095,102962.75083088095,102962.75083088095
2021-04-16,103695.75013183767,103695.75013183767,103695.75013183767,103695.75013183767
2021-04-19,104135.54446958716,104135.54446958716,104135.54446958716,104135.54446958716
2021-04-20,102669.5458676737,102669.5458676737,102669.5458676737,102669.5458676737
2021-04-21,101936.54656671698,101936.54656671698,101936.54656671698,101936.54656671698
2021-04-22,102816.14398025686,102816.14398025686,102816.14398025686,102816.14398025686
2021-04-23,101640.71510288471,101640.71510288471,101640.71510288471,101640.71510288471
2021-04-26,102332.32615995775,102332.32615995775,102332.32615995775,102332.32615995775
2021-04-27,102714.1229230967,102714.1229230967,102714.1229230967,102714.1229230967
2021-04-28,102469.23059979896,102469.23059979896,102469.23059979896,102469.23059979896
2021-04-29,102468.86758178346,102468.86758178346,102468.86758178346,102468.86758178346
2021-04-30,102472.03936260537,102472.03936260537,102472.03936260537,102472.03936260537
2021-05-06,102496.17004753687,102496.17004753687,102496.17004753687,102496.17004753687
2021-05-07,102499.34182835878,102499.34182835878,102499.34182835878,102499.34182835878
2021-05-10,102510.89717082454,102510.89717082454,102510.89717082454,102510.89717082454
2021-05-11,102514.06895164645,102514.06895164645,102514.06895164645,102514.06895164645
2021-05-12,102517.24073246836,102517.24073246836,102517.24073246836,102517.24073246836
2021-05-13,102520.41251329027,102520.41251329027,102520.41251329027,102520.41251329027
2021-05-14,102523.58429411218,102523.58429411218,102523.58429411218,102523.58429411218
2021-05-17,102535.13963657794,102535.13963657794,102535.13963657794,102535.13963657794
2021-05-18,102538.31141739985,102538.31141739985,102538.31141739985,102538.31141739985
2021-05-19,102541.48319822176,102541.48319822176,102541.48319822176,102541.48319822176
2021-05-20,102544.65497904367,102544.65497904367,102544.65497904367,102544.65497904367
2021-05-21,102547.82675986558,102547.82675986558,102547.82675986558,102547.82675986558
2021-05-24,102559.38210233134,102559.38210233134,102559.38210233134,102559.38210233134
2021-05-25,102562.55388315325,102562.55388315325,102562.55388315325,102562.55388315325
2021-05-26,102565.72566397516,102565.72566397516,102565.72566397516,102565.72566397516
2021-05-27,102568.89744479707,102568.89744479707,102568.89744479707,102568.89744479707
2021-05-28,102572.06922561898,102572.06922561898,102572.06922561898,102572.06922561898
2021-05-31,102583.62456808474,102583.62456808474,102583.62456808474,102583.62456808474
2021-06-01,102586.79634890665,102586.79634890665,102586.79634890665,102586.79634890665
2021-06-02,102589.96812972856,102589.96812972856,102589.96812972856,102589.96812972856
2021-06-03,102593.13991055047,102593.13991055047,102593.13991055047,102593.13991055047
2021-06-04,102596.31169137238,102596.31169137238,102596.31169137238,102596.31169137238
2021-06-07,102607.86703383813,102607.86703383813,102607.86703383813,102607.86703383813
2021-06-08,101182.95450565509,101182.95450565509,101182.95450565509,101182.95450565509
2021-06-09,102138.75169512919,102138.75169512919,102138.75169512919,102138.75169512919
2021-06-10,103572.4522268503,103572.4522268503,103572.4522268503,103572.4522268503
2021-06-11,101501.5598988264,101501.5598988264,101501.5598988264,101501.5598988264
2021-06-15,103253.85632869891,103253.85632869891,103253.85632869891,103253.85632869891
2021-06-16,100386.45526525668,100386.45526525668,100386.45526525668,100386.45526525668
2021-06-17,109147.95640465907,109147.95640465907,109147.95640465907,109147.95640465907
2021-06-18,110263.05154320887,110263.05154320887,110263.05154320887,110263.05154320887
2021-06-21,110740.95488545588,110740.95488545588,110740.95488545588,110740.95488545588
2021-06-22,110263.05154320887,110263.05154320887,110263.05154320887,110263.05154320887
2021-06-23,115360.65237877062,115360.65237877062,115360.65237877062,115360.65237877062
2021-06-24,113130.4526066511,113130.4526066511,113130.4526066511,113130.4526066511
2021-06-25,114723.46058246783,114723.46058246783,114723.46058246783,114723.46058246783
2021-06-28,116475.75701234034,116475.75701234034,116475.75701234034,116475.75701234034
2021-06-29,115201.35442969493,115201.35442969493,115201.35442969493,115201.35442969493
2021-06-30,120776.85860750369,120776.85860750369,120776.85860750369,120776.85860750369
2021-07-01,117431.55420181445,117431.55420181445,117431.55420181445,117431.55420181445
2021-07-02,115201.35442969493,115201.35442969493,115201.35442969493,115201.35442969493
2021-07-05,120936.15655657939,120936.15655657939,120936.15655657939,120936.15655657939
2021-07-06,118705.95678445986,118705.95678445986,118705.95678445986,118705.95678445986
2021-07-07,121414.0598988264,121414.0598988264,121414.0598988264,121414.0598988264
2021-07-08,125555.85404989413,125555.85404989413,125555.85404989413,125555.85404989413
2021-07-09,124281.45146724871,124281.45146724871,124281.45146724871,124281.45146724871
2021-07-12,125555.85404989413,125555.85404989413,125555.85404989413,125555.85404989413
2021-07-13,119343.15807578257,119343.15807578257,119343.15807578257,119343.15807578257
2021-07-14,117909.45754406146,117909.45754406146,117909.45754406146,117909.45754406146
2021-07-15,118546.65883538417,118546.65883538417,118546.65883538417,118546.65883538417
2021-07-16,116635.05496141604,116635.05496141604,116635.05496141604,116635.05496141604
2021-07-19,116794.35291049174,116794.35291049174,116794.35291049174,116794.35291049174
2021-07-20,119821.05192300967,119821.05192300967,119821.05192300967,119821.05192300967
2021-07-21,124600.05686042002,124600.05686042002,124600.05686042002,124600.05686042002
2021-07-22,128741.86050650767,128741.86050650767,128741.86050650767,128741.86050650767
2021-07-23,129060.45640465907,129060.45640465907,129060.45640465907,129060.45640465907
2021-07-26,131609.25207493,131609.25207493,131609.25207493,131609.25207493
2021-07-27,131449.9541258543,131449.9541258543,131449.9541258543,131449.9541258543
2021-07-28,128104.65921518496,128104.65921518496,128104.65921518496,128104.65921518496
2021-07-29,138140.55344221287,138140.55344221287,138140.55344221287,138140.55344221287
2021-07-30,140052.157316181,140052.157316181,140052.157316181,140052.157316181
2021-08-02,136866.16035458737,136866.16035458737,136866.16035458737,136866.16035458737
2021-08-03,128104.65921518496,128104.65921518496,128104.65921518496,128104.65921518496
2021-08-04,133680.15389797383,133680.15389797383,133680.15389797383,133680.15389797383
2021-08-05,133680.15389797383,133680.15389797383,133680.15389797383,133680.15389797383
2021-08-06,132724.35670849972,132724.35670849972,132724.35670849972,132724.35670849972
2021-08-09,128901.15845558337,128901.15845558337,128901.15845558337,128901.15845558337
2021-08-10,128104.65921518496,128104.65921518496,128104.65921518496,128104.65921518496
2021-08-11,128582.55306241206,128582.55306241206,128582.55306241206,128582.55306241206
2021-08-12,130016.25359413317,130016.25359413317,130016.25359413317,130016.25359413317
2021-08-13,125077.96020266703,125077.96020266703,125077.96020266703,125077.96020266703
2021-08-16,126033.75739214114,126033.75739214114,126033.75739214114,126033.75739214114
2021-08-17,120298.95526525668,120298.95526525668,120298.95526525668,120298.95526525668
2021-08-18,120458.25321433238,120458.25321433238,120458.25321433238,120458.25321433238
2021-08-19,120277.65037363517,120277.65037363517,120277.65037363517,120277.65037363517
2021-08-20,120281.38188048449,120281.38188048449,120281.38188048449,120281.38188048449
2021-08-23,120294.97640103244,120294.97640103244,120294.97640103244,120294.97640103244
2021-08-24,120298.70790788176,120298.70790788176,120298.70790788176,120298.70790788176
2021-08-25,120302.43941473108,120302.43941473108,120302.43941473108,120302.43941473108
2021-08-26,120306.1709215804,120306.1709215804,120306.1709215804,120306.1709215804
2021-08-27,120309.90242842972,120309.90242842972,120309.90242842972,120309.90242842972
2021-08-30,120323.49694897767,120323.49694897767,120323.49694897767,120323.49694897767
2021-08-31,120327.22845582699,120327.22845582699,120327.22845582699,120327.22845582699
2021-09-01,120330.95996267631,120330.95996267631,120330.95996267631,120330.95996267631
2021-09-02,120334.69146952563,120334.69146952563,120334.69146952563,120334.69146952563
2021-09-03,120338.42297637495,120338.42297637495,120338.42297637495,120338.42297637495
2021-09-06,120352.0174969229,120352.0174969229,120352.0174969229,120352.0174969229
2021-09-07,120355.74900377222,120355.74900377222,120355.74900377222,120355.74900377222
2021-09-08,120359.48051062154,120359.48051062154,120359.48051062154,120359.48051062154
2021-09-09,120363.21201747085,120363.21201747085,120363.21201747085,120363.21201747085
2021-09-10,120366.94352432017,120366.94352432017,120366.94352432017,120366.94352432017
2021-09-13,120380.53804486812,120380.53804486812,120380.53804486812,120380.53804486812
2021-09-14,120384.26955171744,120384.26955171744,120384.26955171744,120384.26955171744
2021-09-15,120388.00105856676,120388.00105856676,120388.00105856676,120388.00105856676
2021-09-16,120391.73256541608,120391.73256541608,120391.73256541608,120391.73256541608
2021-09-17,120395.4640722654,120395.4640722654,120395.4640722654,120395.4640722654
2021-09-22,120418.92160651197,120418.92160651197,120418.92160651197,120418.92160651197
2021-09-23,120422.65311336129,120422.65311336129,120422.65311336129,120422.65311336129
2021-09-24,120426.3846202106,120426.3846202106,120426.3846202106,120426.3846202106
2021-09-27,120439.97914075856,120439.97914075856,120439.97914075856,120439.97914075856
2021-09-28,120443.71064760788,120443.71064760788,120443.71064760788,120443.71064760788
2021-09-29,120447.4421544572,120447.4421544572,120447.4421544572,120447.4421544572
2021-09-30,120451.17366130651,120451.17366130651,120451.17366130651,120451.17366130651
2021-10-08,120489.42571610103,120489.42571610103,120489.42571610103,120489.42571610103
2021-10-11,120503.02023664898,120503.02023664898,120503.02023664898,120503.02023664898
2021-10-12,120506.7517434983,120506.7517434983,120506.7517434983,120506.7517434983
2021-10-13,120510.48325034762,120510.48325034762,120510.48325034762,120510.48325034762
2021-10-14,120514.21475719694,120514.21475719694,120514.21475719694,120514.21475719694
2021-10-15,120517.94626404626,120517.94626404626,120517.94626404626,120517.94626404626
2021-10-18,120531.54078459421,120531.54078459421,120531.54078459421,120531.54078459421
2021-10-19,120535.27229144353,120535.27229144353,120535.27229144353,120535.27229144353
2021-10-20,120539.00379829285,120539.00379829285,120539.00379829285,120539.00379829285
2021-10-21,120542.73530514217,120542.73530514217,120542.73530514217,120542.73530514217
2021-10-22,120546.46681199149,120546.46681199149,120546.46681199149,120546.46681199149
2021-10-25,120560.06133253944,120560.06133253944,120560.06133253944,120560.06133253944
2021-10-26,120563.79283938876,120563.79283938876,120563.79283938876,120563.79283938876
2021-10-27,120567.52434623807,120567.52434623807,120567.52434623807,120567.52434623807
2021-10-28,118914.0592569621,118914.0592569621,118914.0592569621,118914.0592569621
2021-10-29,119167.06566790982,119167.06566790982,119167.06566790982,119167.06566790982
2021-11-01,118393.4916945504,118393.4916945504,118393.4916945504,118393.4916945504
2021-11-02,119846.32206052457,119846.32206052457,119846.32206052457,119846.32206052457
2021-11-03,118908.59272426592,118908.59272426592,118908.59272426592,118908.59272426592
2021-11-04,122126.10706419795,122126.10706419795,122126.10706419795,122126.10706419795
2021-11-05,122131.5549645964,122131.5549645964,122131.5549645964,122131.5549645964
2021-11-08,120263.74864917433,120263.74864917433,120263.74864917433,120263.74864917433
2021-11-09,119754.35520749725,119754.35520749725,119754.35520749725,119754.35520749725
2021-11-10,117292.25148301758,117292.25148301758,117292.25148301758,117292.25148301758
2021-11-11,118494.58424076164,118494.58424076164,118494.58424076164,118494.58424076164
2021-11-12,117936.51847506988,117936.51847506988,117936.51847506988,117936.51847506988
2021-11-15,121167.85209086948,121167.85209086948,121167.85209086948,121167.85209086948
2021-11-16,122389.28703627366,122389.28703627366,122389.28703627366,122389.28703627366
2021-11-17,121143.34176398236,121143.34176398236,121143.34176398236,121143.34176398236
2021-11-18,121197.22156476352,121197.22156476352,121197.22156476352,121197.22156476352
2021-11-19,120774.21860646579,120774.21860646579,120774.21860646579,120774.21860646579
2021-11-22,120210.21746348712,120210.21746348712,120210.21746348712,120210.21746348712
2021-11-23,118518.21403455111,118518.21403455111,118518.21403455111,118518.21403455111
2021-11-24,116121.21968221042,116121.21968221042,116121.21968221042,116121.21968221042
2021-11-25,114497.07260957507,114497.07260957507,114497.07260957507,114497.07260957507
2021-11-26,113885.62394893868,113885.62394893868,113885.62394893868,113885.62394893868
2021-11-29,114612.82181061011,114612.82181061011,114612.82181061011,114612.82181061011
2021-11-30,111946.42001903756,111946.42001903756,111946.42001903756,111946.42001903756
2021-12-01,112431.22100151282,112431.22100151282,112431.22100151282,112431.22100151282
2021-12-02,113764.42550934058,113764.42550934058,113764.42550934058,113764.42550934058
2021-12-03,118127.61990345221,118127.61990345221,118127.61990345221,118127.61990345221
2021-12-06,118006.42146385412,118006.42146385412,118006.42146385412,118006.42146385412
2021-12-07,117764.02458465796,117764.02458465796,117764.02458465796,117764.02458465796
2021-12-08,123581.62915027836,123581.62915027836,123581.62915027836,123581.62915027836
2021-12-09,126732.81747616034,126732.81747616034,126732.81747616034,126732.81747616034
2021-12-10,126490.42059696418,126490.42059696418,126490.42059696418,126490.42059696418
2021-12-13,127581.22822559577,127581.22822559577,127581.22822559577,127581.22822559577
2021-12-14,128793.2270697425,128793.2270697425,128793.2270697425,128793.2270697425
2021-12-15,126490.42059696418,126490.42059696418,126490.42059696418,126490.42059696418
2021-12-16,124066.42290867072,124066.42290867072,124066.42290867072,124066.42290867072
2021-12-17,120066.82383335334,120066.82383335334,120066.82383335334,120066.82383335334
2021-12-20,119945.62539375525,119945.62539375525,119945.62539375525,119945.62539375525
2021-12-21,120066.82383335334,120066.82383335334,120066.82383335334,120066.82383335334
2021-12-22,120794.0216950248,120794.0216950248,120794.0216950248,120794.0216950248
2021-12-23,124308.81978786689,124308.81978786689,124308.81978786689,124308.81978786689
2021-12-24,124066.42290867072,124066.42290867072,124066.42290867072,124066.42290867072
2021-12-27,122490.8215216468,122490.8215216468,122490.8215216468,122490.8215216468
2021-12-28,122428.27149051972,122428.27149051972,122428.27149051972,122428.27149051972
2021-12-29,122432.06518914986,122432.06518914986,122432.06518914986,122432.06518914986
2021-12-30,122435.85888777999,122435.85888777999,122435.85888777999,122435.85888777999
2021-12-31,122439.65258641013,122439.65258641013,122439.65258641013,122439.65258641013
2022-01-04,122458.48738093067,122458.48738093067,122458.48738093067,122458.48738093067
2022-01-05,122462.28107956081,122462.28107956081,122462.28107956081,122462.28107956081
2022-01-06,122466.07477819094,122466.07477819094,122466.07477819094,122466.07477819094
2022-01-07,122469.86847682108,122469.86847682108,122469.86847682108,122469.86847682108
2022-01-10,122483.68957271149,122483.68957271149,122483.68957271149,122483.68957271149
2022-01-11,122487.48327134163,122487.48327134163,122487.48327134163,122487.48327134163
2022-01-12,122491.27696997176,122491.27696997176,122491.27696997176,122491.27696997176
2022-01-13,122495.0706686019,122495.0706686019,122495.0706686019,122495.0706686019
2022-01-14,122498.86436723203,122498.86436723203,122498.86436723203,122498.86436723203
2022-01-17,122512.68546312244,122512.68546312244,122512.68546312244,122512.68546312244
2022-01-18,122516.47916175258,122516.47916175258,122516.47916175258,122516.47916175258
2022-01-19,122520.27286038271,122520.27286038271,122520.27286038271,122520.27286038271
2022-01-20,122524.06655901285,122524.06655901285,122524.06655901285,122524.06655901285
2022-01-21,122527.86025764298,122527.86025764298,122527.86025764298,122527.86025764298
2022-01-24,122541.6813535334,122541.6813535334,122541.6813535334,122541.6813535334
2022-01-25,118101.30489363705,118101.30489363705,118101.30489363705,118101.30489363705
2022-01-26,118732.50930800472,118732.50930800472,118732.50930800472,118732.50930800472
2022-01-27,116628.51131453548,116628.51131453548,116628.51131453548,116628.51131453548
2022-01-28,116365.50529494323,116365.50529494323,116365.50529494323,116365.50529494323
2022-02-07,115875.9039943213,115875.9039943213,115875.9039943213,115875.9039943213
2022-02-08,115879.48002171855,115879.48002171855,115879.48002171855,115879.48002171855
2022-02-09,115883.05604911581,115883.05604911581,115883.05604911581,115883.05604911581
2022-02-10,115886.63207651307,115886.63207651307,115886.63207651307,115886.63207651307
2022-02-11,115890.20810391032,115890.20810391032,115890.20810391032,115890.20810391032
2022-02-14,115903.2361861021,115903.2361861021,115903.2361861021,115903.2361861021
2022-02-15,115840.83403433094,115840.83403433094,115840.83403433094,115840.83403433094
2022-02-16,115028.65432709218,115028.65432709218,115028.65432709218,115028.65432709218
2022-02-17,112390.65677790946,112390.65677790946,112390.65677790946,112390.65677790946
2022-02-18,113745.35208611793,113745.35208611793,113745.35208611793,113745.35208611793
2022-02-21,113816.65541796989,113816.65541796989,113816.65541796989,113816.65541796989
2022-02-22,115028.75256209678,115028.75256209678,115028.75256209678,115028.75256209678
2022-02-23,115028.75256209678,115028.75256209678,115028.75256209678,115028.75256209678
2022-02-24,117524.25018220252,117524.25018220252,117524.25018220252,117524.25018220252
2022-02-25,114672.25290208167,114672.25290208167,114672.25290208167,114672.25290208167
2022-02-28,115955.65337806052,115955.65337806052,115955.65337806052,115955.65337806052
2022-03-01,117666.85684590643,117666.85684590643,117666.85684590643,117666.85684590643
2022-03-02,121303.15677790946,121303.15677790946,121303.15677790946,121303.15677790946
2022-03-03,126080.25052218742,126080.25052218742,126080.25052218742,126080.25052218742
2022-03-04,122443.9505901844,122443.9505901844,122443.9505901844,122443.9505901844
2022-03-07,132354.6547380001,132354.6547380001,132354.6547380001,132354.6547380001
2022-03-08,128076.65031819648,128076.65031819648,128076.65031819648,128076.65031819648
2022-03-09,131071.25426202123,131071.25426202123,131071.25426202123,131071.25426202123
2022-03-10,124226.45738988229,124226.45738988229,124226.45738988229,124226.45738988229
2022-03-11,124654.25188212699,124654.25188212699,124654.25188212699,124654.25188212699
2022-03-14,120304.95263009374,120304.95263009374,120304.95263009374,120304.95263009374
2022-03-15,116240.84970622367,116240.84970622367,116240.84970622367,116240.84970622367
2022-03-16,118237.24950223273,118237.24950223273,118237.24950223273,118237.24950223273
2022-03-17,117524.25018220252,117524.25018220252,117524.25018220252,117524.25018220252
2022-03-18,121873.54943423576,121873.54943423576,121873.54943423576,121873.54943423576
2022-03-21,122016.15609793969,122016.15609793969,122016.15609793969,122016.15609793969
2022-03-22,123656.05623393363,123656.05623393363,123656.05623393363,123656.05623393363
2022-03-23,123299.55657391853,123299.55657391853,123299.55657391853,123299.55657391853
2022-03-24,123656.05623393363,123656.05623393363,123656.05623393363,123656.05623393363
2022-03-25,127078.45467000312,127078.45467000312,127078.45467000312,127078.45467000312
2022-03-28,124226.45738988229,124226.45738988229,124226.45738988229,124226.45738988229
2022-03-29,123156.94991021462,123156.94991021462,123156.94991021462,123156.94991021462
2022-03-30,123656.05623393363,123656.05623393363,123656.05623393363,123656.05623393363
2022-03-31,121873.54943423576,121873.54943423576,121873.54943423576,121873.54943423576
2022-04-01,120019.75630193061,120019.75630193061,120019.75630193061,120019.75630193061
2022-04-06,121780.10936531363,121780.10936531363,121780.10936531363,121780.10936531363
2022-04-07,120934.25806019307,120934.25806019307,120934.25806019307,120934.25806019307
2022-04-08,120937.98956704239,120937.98956704239,120937.98956704239,120937.98956704239
2022-04-11,120951.58408759034,120951.58408759034,120951.58408759034,120951.58408759034
2022-04-12,120955.31559443966,120955.31559443966,120955.31559443966,120955.31559443966
2022-04-13,122355.6512170556,122355.6512170556,122355.6512170556,122355.6512170556
2022-04-14,125116.45093495873,125116.45093495873,125116.45093495873,125116.45093495873
2022-04-15,123489.55131108788,123489.55131108788,123489.55131108788,123489.55131108788
2022-04-18,120334.34491689233,120334.34491689233,120334.34491689233,120334.34491689233
2022-04-19,122503.55225141076,122503.55225141076,122503.55225141076,122503.55225141076
2022-04-20,118214.44576318291,118214.44576318291,118214.44576318291,118214.44576318291
2022-04-21,115552.25065286187,115552.25065286187,115552.25065286187,115552.25065286187
2022-04-22,114936.13753686326,114936.13753686326,114936.13753686326,114936.13753686326
2022-04-25,114949.0523313838,114949.0523313838,114949.0523313838,114949.0523313838
2022-04-26,114952.59726289066,114952.59726289066,114952.59726289066,114952.59726289066
2022-04-27,114956.14219439751,114956.14219439751,114956.14219439751,114956.14219439751
2022-04-28,114959.68712590437,114959.68712590437,114959.68712590437,114959.68712590437
2022-04-29,114963.23205741122,114963.23205741122,114963.23205741122,114963.23205741122
2022-05-05,114990.20164645232,114990.20164645232,114990.20164645232,114990.20164645232
2022-05-06,114993.74657795917,114993.74657795917,114993.74657795917,114993.74657795917
2022-05-09,114747.2511693761,114747.2511693761,114747.2511693761,114747.2511693761
2022-05-10,113903.35683076833,113903.35683076833,113903.35683076833,113903.35683076833
2022-05-11,113321.35738580677,113321.35738580677,113321.35738580677,113321.35738580677
2022-05-12,114427.15355604145,114427.15355604145,114427.15355604145,114427.15355604145
2022-05-13,113263.15466611835,113263.15466611835,113263.15466611835,113263.15466611835
2022-05-16,112773.86661415716,112773.86661415716,112773.86661415716,112773.86661415716
2022-05-17,112777.34935388318,112777.34935388318,112777.34935388318,112777.34935388318
2022-05-18,112780.8320936092,112780.8320936092,112780.8320936092,112780.8320936092
2022-05-19,112784.31483333523,112784.31483333523,112784.31483333523,112784.31483333523
2022-05-20,112787.79757306125,112787.79757306125,112787.79757306125,112787.79757306125
2022-05-23,112800.48579223933,112800.48579223933,112800.48579223933,112800.48579223933
2022-05-24,112803.96853196535,112803.96853196535,112803.96853196535,112803.96853196535
2022-05-25,112807.45127169137,112807.45127169137,112807.45127169137,112807.45127169137
2022-05-26,112810.9340114174,112810.9340114174,112810.9340114174,112810.9340114174
2022-05-27,112814.41675114342,112814.41675114342,112814.41675114342,112814.41675114342
2022-05-30,112554.58038536723,112554.58038536723,112554.58038536723,112554.58038536723
2022-05-31,113061.99957764467,113061.99957764467,113061.99957764467,113061.99957764467
2022-06-01,112792.06977002321,112792.06977002321,112792.06977002321,112792.06977002321
2022-06-02,112688.24999167165,112688.24999167165,112688.24999167165,112688.24999167165
2022-06-06,116775.44326254407,116775.44326254407,116775.44326254407,116775.44326254407
2022-06-07,118436.85300608884,118436.85300608884,118436.85300608884,118436.85300608884
2022-06-08,121157.1637791207,121157.1637791207,121157.1637791207,121157.1637791207
2022-06-09,119054.5567064505,119054.5567064505,119054.5567064505,119054.5567064505
2022-06-10,123268.41930891771,123268.41930891771,123268.41930891771,123268.41930891771
2022-06-13,125579.99801505922,125579.99801505922,125579.99801505922,125579.99801505922
2022-06-14,125368.44992399095,125368.44992399095,125368.44992399095,125368.44992399095
2022-06-15,123870.44369935869,123870.44369935869,123870.44369935869,123870.44369935869
2022-06-16,125154.45267915605,125154.45267915605,125154.45267915605,125154.45267915605
2022-06-17,131039.4470667827,131039.4470667827,131039.4470667827,131039.4470667827
2022-06-20,133072.45278119916,133072.45278119916,133072.45278119916,133072.45278119916
2022-06-21,130825.4498219478,130825.4498219478,130825.4498219478,130825.4498219478
2022-06-22,131681.45155668136,131681.45155668136,131681.45155668136,131681.45155668136
2022-06-23,136924.4542098033,136924.4542098033,136924.4542098033,136924.4542098033
2022-06-24,138315.45543432113,138315.45543432113,138315.45543432113,138315.45543432113
2022-06-27,138850.45492410538,138850.45492410538,138850.45492410538,138850.45492410538
2022-06-28,140027.44614839432,140027.44614839432,140027.44614839432,140027.44614839432
2022-06-29,134035.44676065326,134035.44676065326,134035.44676065326,134035.44676065326
2022-06-30,135105.4457402217,135105.4457402217,135105.4457402217,135105.4457402217
2022-07-01,134142.45176076767,134142.45176076767,134142.45176076767,134142.45176076767
2022-07-04,136817.44920968887,136817.44920968887,136817.44920968887,136817.44920968887
2022-07-05,137780.4431891429,137780.4431891429,137780.4431891429,137780.4431891429
2022-07-06,136710.44420957443,136710.44420957443,136710.44420957443,136710.44420957443
2022-07-07,141311.45512819168,141311.45512819168,141311.45512819168,141311.45512819168
2022-07-08,137031.44645452377,137031.44645452377,137031.44645452377,137031.44645452377
2022-07-11,131574.44655656692,131574.44655656692,131574.44655656692,131574.44655656692
2022-07-12,128257.44461774705,128257.44461774705,128257.44461774705,128257.44461774705
2022-07-13,131574.44655656692,131574.44655656692,131574.44655656692,131574.44655656692
2022-07-14,136496.44696473953,136496.44696473953,136496.44696473953,136496.44696473953
2022-07-15,134677.4512505519,134677.4512505519,134677.4512505519,134677.4512505519
2022-07-18,136282.44971990463,136282.44971990463,136282.44971990463,136282.44971990463
2022-07-19,133714.4445157039,133714.4445157039,133714.4445157039,133714.4445157039
2022-07-20,133393.45502614853,133393.45502614853,133393.45502614853,133393.45502614853
2022-07-21,130825.4498219478,130825.4498219478,130825.4498219478,130825.4498219478
2022-07-22,131146.45206689712,131146.45206689712,131146.45206689712,131146.45206689712
2022-07-25,129220.45135259508,129220.45135259508,129220.45135259508,129220.45135259508
2022-07-26,130504.44757699846,130504.44757699846,130504.44757699846,130504.44757699846
2022-07-27,130825.4498219478,130825.4498219478,130825.4498219478,130825.4498219478
2022-07-28,129006.45410776018,129006.45410776018,129006.45410776018,129006.45410776018
2022-07-29,129026.77434348057,129026.77434348057,129026.77434348057,129026.77434348057
2022-08-01,129041.38845306961,129041.38845306961,129041.38845306961,129041.38845306961
2022-08-02,129045.39982293262,129045.39982293262,129045.39982293262,129045.39982293262
2022-08-03,129049.41119279564,129049.41119279564,129049.41119279564,129049.41119279564
2022-08-04,129053.42256265866,129053.42256265866,129053.42256265866,129053.42256265866
2022-08-05,129057.43393252167,129057.43393252167,129057.43393252167,129057.43393252167
2022-08-08,129072.0480421107,129072.0480421107,129072.0480421107,129072.0480421107
2022-08-09,129076.05941197372,129076.05941197372,129076.05941197372,129076.05941197372
2022-08-10,129080.07078183674,129080.07078183674,129080.07078183674,129080.07078183674
2022-08-11,129084.08215169975,129084.08215169975,129084.08215169975,129084.08215169975
2022-08-12,129088.09352156277,129088.09352156277,129088.09352156277,129088.09352156277
2022-08-15,129102.7076311518,129102.7076311518,129102.7076311518,129102.7076311518
2022-08-16,129106.71900101482,129106.71900101482,129106.71900101482,129106.71900101482
2022-08-17,128183.03283993041,128183.03283993041,128183.03283993041,128183.03283993041
2022-08-18,126739.04067221915,126739.04067221915,126739.04067221915,126739.04067221915
2022-08-19,126558.53223744666,126558.53223744666,126558.53223744666,126558.53223744666
2022-08-22,124753.5339588288,124753.5339588288,124753.5339588288,124753.5339588288
2022-08-23,122226.53421703613,122226.53421703613,122226.53421703613,122226.53421703613
2022-08-24,122948.53568021095,122948.53568021095,122948.53568021095,122948.53568021095
2022-08-25,124212.04093042648,124212.04093042648,124212.04093042648,124212.04093042648
2022-08-26,125114.5400697354,125114.5400697354,125114.5400697354,125114.5400697354
2022-08-29,119699.53447524345,119699.53447524345,119699.53447524345,119699.53447524345
2022-08-30,119340.61691587004,119340.61691587004,119340.61691587004,119340.61691587004
2022-08-31,119344.31732682894,119344.31732682894,119344.31732682894,119344.31732682894
2022-09-01,119849.84296731246,119849.84296731246,119849.84296731246,119849.84296731246
2022-09-02,120938.64517382873,120938.64517382873,120938.64517382873,120938.64517382873
2022-09-05,120258.1458228041,120258.1458228041,120258.1458228041,120258.1458228041
2022-09-06,120802.54692606223,120802.54692606223,120802.54692606223,120802.54692606223
2022-09-07,118897.14712075485,118897.14712075485,118897.14712075485,118897.14712075485
2022-09-08,116311.23985223068,116311.23985223068,116311.23985223068,116311.23985223068
2022-09-09,115902.94510893119,115902.94510893119,115902.94510893119,115902.94510893119
2022-09-13,119441.54011182082,119441.54011182082,119441.54011182082,119441.54011182082
2022-09-14,117400.04205874694,117400.04205874694,117400.04205874694,117400.04205874694
2022-09-15,115086.34751014007,115086.34751014007,115086.34751014007,115086.34751014007
2022-09-16,114913.88215592068,114913.88215592068,114913.88215592068,114913.88215592068
2022-09-19,114926.79695044123,114926.79695044123,114926.79695044123,114926.79695044123
2022-09-20,114930.34188194809,114930.34188194809,114930.34188194809,114930.34188194809
2022-09-21,114933.88681345494,114933.88681345494,114933.88681345494,114933.88681345494
2022-09-22,114937.4317449618,114937.4317449618,114937.4317449618,114937.4317449618
2022-09-23,114940.97667646865,114940.97667646865,114940.97667646865,114940.97667646865
2022-09-26,114953.8914709892,114953.8914709892,114953.8914709892,114953.8914709892
2022-09-27,114957.43640249605,114957.43640249605,114957.43640249605,114957.43640249605
2022-09-28,114960.9813340029,114960.9813340029,114960.9813340029,114960.9813340029
2022-09-29,114964.52626550976,114964.52626550976,114964.52626550976,114964.52626550976
2022-09-30,114968.07119701662,114968.07119701662,114968.07119701662,114968.07119701662
2022-10-10,115013.78051208511,115013.78051208511,115013.78051208511,115013.78051208511
2022-10-11,114785.36908706825,114785.36908706825,114785.36908706825,114785.36908706825
2022-10-12,114847.90866692844,114847.90866692844,114847.90866692844,114847.90866692844
2022-10-13,114675.42789917745,114675.42789917745,114675.42789917745,114675.42789917745
2022-10-14,116255.84181649356,116255.84181649356,116255.84181649356,116255.84181649356
2022-10-17,113378.5181882451,113378.5181882451,113378.5181882451,113378.5181882451
2022-10-18,111897.31806541185,111897.31806541185,111897.31806541185,111897.31806541185
2022-10-19,111768.51972366075,111768.51972366075,111768.51972366075,111768.51972366075
2022-10-20,112283.72076774336,112283.72076774336,112283.72076774336,112283.72076774336
2022-10-21,112154.92242599229,112154.92242599229,112154.92242599229,112154.92242599229
2022-10-24,113056.51849532823,113056.51849532823,113056.51849532823,113056.51849532823
2022-10-25,112863.31714416246,112863.31714416246,112863.31714416246,112863.31714416246
2022-10-26,114537.71861816148,114537.71861816148,114537.71861816148,114537.71861816148
2022-10-27,113958.12224174239,113958.12224174239,113958.12224174239,113958.12224174239
2022-10-28,112992.11548591356,112992.11548591356,112992.11548591356,112992.11548591356
2022-10-31,114859.71831107835,114859.71831107835,114859.71831107835,114859.71831107835
2022-11-01,118144.11824966173,118144.11824966173,118144.11824966173,118144.11824966173
2022-11-02,117693.32021499376,117693.32021499376,117693.32021499376,117693.32021499376
2022-11-03,117564.52187324266,117564.52187324266,117564.52187324266,117564.52187324266
2022-11-04,117435.71585441331,117435.71585441331,117435.71585441331,117435.71585441331
2022-11-07,118079.71524024705,118079.71524024705,118079.71524024705,118079.71524024705
2022-11-08,118981.31898666124,118981.31898666124,118981.31898666124,118981.31898666124
2022-11-09,119110.11732841234,119110.11732841234,119110.11732841234,119110.11732841234
2022-11-10,120333.72076774336,120333.72076774336,120333.72076774336,120333.72076774336
2022-11-11,118401.72261024217,118401.72261024217,118401.72261024217,118401.72261024217
2022-11-14,116405.32144332628,116405.32144332628,116405.32144332628,116405.32144332628
2022-11-15,116212.1200921605,116212.1200921605,116212.1200921605,116212.1200921605
2022-11-16,116791.71646857957,116791.71646857957,116791.71646857957,116791.71646857957
2022-11-17,116147.71708274583,116147.71708274583,116147.71708274583,116147.71708274583
2022-11-18,115117.31499458055,115117.31499458055,115117.31499458055,115117.31499458055
2022-11-21,115696.91904807786,115696.91904807786,115696.91904807786,115696.91904807786
2022-11-22,116598.5151174138,116598.5151174138,116598.5151174138,116598.5151174138
2022-11-23,117950.91689849593,117950.91689849593,117950.91689849593,117950.91689849593
2022-11-24,119238.91567016343,119238.91567016343,119238.91567016343,119238.91567016343
2022-11-25,120333.72076774336,120333.72076774336,120333.72076774336,120333.72076774336
2022-11-28,118272.91659141282,118272.91659141282,118272.91659141282,118272.91659141282
2022-11-29,119303.31867957808,119303.31867957808,119303.31867957808,119303.31867957808
2022-11-30,119690.0042901496,119690.0042901496,119690.0042901496,119690.0042901496
2022-12-01,118264.15735257849,118264.15735257849,118264.15735257849,118264.15735257849
2022-12-02,118466.9571881255,118466.9571881255,118466.9571881255,118466.9571881255
2022-12-05,122733.78840507125,122733.78840507125,122733.78840507125,122733.78840507125
2022-12-06,119691.28405274005,119691.28405274005,119691.28405274005,119691.28405274005
2022-12-07,120786.58445895766,120786.58445895766,120786.58445895766,120786.58445895766
2022-12-08,124194.18411077117,124194.18411077117,124194.18411077117,124194.18411077117
2022-12-09,125289.49177087401,125289.49177087401,125289.49177087401,125289.49177087401
2022-12-12,124559.28666413878,124559.28666413878,124559.28666413878,124559.28666413878
2022-12-13,124315.88979781722,124315.88979781722,124315.88979781722,124315.88979781722
2022-12-14,124194.18411077117,124194.18411077117,124194.18411077117,124194.18411077117
2022-12-15,122003.58329833605,122003.58329833605,122003.58329833605,122003.58329833605
2022-12-16,123220.58213771437,123220.58213771437,123220.58213771437,123220.58213771437
2022-12-19,117987.48422683333,117987.48422683333,117987.48422683333,117987.48422683333
2022-12-20,116283.68440092658,116283.68440092658,116283.68440092658,116283.68440092658
2022-12-21,118109.18991387938,118109.18991387938,118109.18991387938,118109.18991387938
2022-12-22,120664.88602579688,120664.88602579688,120664.88602579688,120664.88602579688
2022-12-23,122368.68585170363,122368.68585170363,122368.68585170363,122368.68585170363
2022-12-26,121273.38544548606,121273.38544548606,121273.38544548606,121273.38544548606
2022-12-27,122003.58329833605,122003.58329833605,122003.58329833605,122003.58329833605
2022-12-28,123707.39037812804,123707.39037812804,123707.39037812804,123707.39037812804
2022-12-29,125046.08039678191,125046.08039678191,125046.08039678191,125046.08039678191
2022-12-30,124194.18411077117,124194.18411077117,124194.18411077117,124194.18411077117
2023-01-03,126019.6823698387,126019.6823698387,126019.6823698387,126019.6823698387
2023-01-04,129548.98770869829,129548.98770869829,129548.98770869829,129548.98770869829
2023-01-05,130765.98654807662,130765.98654807662,130765.98654807662,130765.98654807662
2023-01-06,128697.09142268752,128697.09142268752,128697.09142268752,128697.09142268752
2023-01-09,131861.27970040892,131861.27970040892,131861.27970040892,131861.27970040892
2023-01-10,131374.4859677658,131374.4859677658,131374.4859677658,131374.4859677658
2023-01-11,133808.4836465225,133808.4836465225,133808.4836465225,133808.4836465225
2023-01-12,131739.5885211334,131739.5885211334,131739.5885211334,131739.5885211334
2023-01-13,136972.68643201445,136972.68643201445,136972.68643201445,136972.68643201445
2023-01-16,138067.97958434673,138067.97958434673,138067.97958434673,138067.97958434673
2023-01-17,135268.87935222243,135268.87935222243,135268.87935222243,135268.87935222243
2023-01-18,135025.48248590087,135025.48248590087,135025.48248590087,135025.48248590087
2023-01-19,136120.79014600368,136120.79014600368,136120.79014600368,136120.79014600368
2023-01-20,136607.58387864684,136607.58387864684,136607.58387864684,136607.58387864684
2023-01-30,135147.18817294692,135147.18817294692,135147.18817294692,135147.18817294692
2023-01-31,129548.98770869829,129548.98770869829,129548.98770869829,129548.98770869829
2023-02-01,131467.67822910319,131467.67822910319,131467.67822910319,131467.67822910319
2023-02-02,131618.11866131844,131618.11866131844,131618.11866131844,131618.11866131844
2023-02-03,131622.19222296227,131622.19222296227,131622.19222296227,131622.19222296227
2023-02-06,131637.03290789376,131637.03290789376,131637.03290789376,131637.03290789376
2023-02-07,131641.1064695376,131641.1064695376,131641.1064695376,131641.1064695376
2023-02-08,131645.18003118143,131645.18003118143,131645.18003118143,131645.18003118143
2023-02-09,136077.24117997865,136077.24117997865,136077.24117997865,136077.24117997865
2023-02-10,136823.2404685376,136823.2404685376,136823.2404685376,136823.2404685376
2023-02-13,141896.03740934114,141896.03740934114,141896.03740934114,141896.03740934114
2023-02-14,141000.840041673,141000.840041673,141000.840041673,141000.840041673
2023-02-15,141000.840041673,141000.840041673,141000.840041673,141000.840041673
2023-02-16,142045.2443814633,142045.2443814633,142045.2443814633,142045.2443814633
2023-02-17,139956.44459489564,139956.44459489564,139956.44459489564,139956.44459489564
2023-02-20,143238.8379073499,143238.8379073499,143238.8379073499,143238.8379073499
2023-02-21,141150.03812078218,141150.03812078218,141150.03812078218,141150.03812078218
2023-02-22,140851.64196256382,140851.64196256382,140851.64196256382,140851.64196256382
2023-02-23,139210.4453063367,139210.4453063367,139210.4453063367,139210.4453063367
2023-02-24,137270.84359887816,137270.84359887816,137270.84359887816,137270.84359887816
2023-02-27,139061.2383342145,139061.2383342145,139061.2383342145,139061.2383342145
2023-02-28,139061.2383342145,139061.2383342145,139061.2383342145,139061.2383342145
2023-03-01,140404.0388322232,140404.0388322232,140404.0388322232,140404.0388322232
2023-03-02,139956.44459489564,139956.44459489564,139956.44459489564,139956.44459489564
2023-03-03,138912.04025510527,138912.04025510527,138912.04025510527,138912.04025510527
2023-03-06,138912.04025510527,138912.04025510527,138912.04025510527,138912.04025510527
2023-03-07,136226.43925908787,136226.43925908787,136226.43925908787,136226.43925908787
2023-03-08,135480.4399705289,135480.4399705289,135480.4399705289,135480.4399705289
2023-03-09,135128.30400703012,135128.30400703012,135128.30400703012,135128.30400703012
2023-03-10,135132.5019522356,135132.5019522356,135132.5019522356,135132.5019522356
2023-03-13,135147.79578785202,135147.79578785202,135147.79578785202,135147.79578785202
2023-03-14,135151.9937330575,135151.9937330575,135151.9937330575,135151.9937330575
2023-03-15,135156.19167826296,135156.19167826296,135156.19167826296,135156.19167826296
2023-03-16,135160.38962346842,135160.38962346842,135160.38962346842,135160.38962346842
2023-03-17,135164.5875686739,135164.5875686739,135164.5875686739,135164.5875686739
2023-03-20,135179.88140429033,135179.88140429033,135179.88140429033,135179.88140429033
2023-03-21,135184.0793494958,135184.0793494958,135184.0793494958,135184.0793494958
2023-03-22,135188.27729470126,135188.27729470126,135188.27729470126,135188.27729470126
2023-03-23,135192.47523990672,135192.47523990672,135192.47523990672,135192.47523990672
2023-03-24,135196.6731851122,135196.6731851122,135196.6731851122,135196.6731851122
2023-03-27,135211.96702072863,135211.96702072863,135211.96702072863,135211.96702072863
2023-03-28,135216.1649659341,135216.1649659341,135216.1649659341,135216.1649659341
2023-03-29,135220.36291113956,135220.36291113956,135220.36291113956,135220.36291113956
2023-03-30,135224.56085634502,135224.56085634502,135224.56085634502,135224.56085634502
2023-03-31,135228.7588015505,135228.7588015505,135228.7588015505,135228.7588015505
2023-04-03,135244.05263716693,135244.05263716693,135244.05263716693,135244.05263716693
2023-04-04,135248.2505823724,135248.2505823724,135248.2505823724,135248.2505823724
2023-04-06,135257.99647278336,135257.99647278336,135257.99647278336,135257.99647278336
2023-04-07,135262.19441798882,135262.19441798882,135262.19441798882,135262.19441798882
2023-04-10,135277.48825360526,135277.48825360526,135277.48825360526,135277.48825360526
2023-04-11,135281.68619881073,135281.68619881073,135281.68619881073,135281.68619881073
2023-04-12,135285.8841440162,135285.8841440162,135285.8841440162,135285.8841440162
2023-04-13,135290.08208922166,135290.08208922166,135290.08208922166,135290.08208922166
2023-04-14,135294.28003442712,135294.28003442712,135294.28003442712,135294.28003442712
2023-04-17,135309.57387004356,135309.57387004356,135309.57387004356,135309.57387004356
2023-04-18,135313.77181524903,135313.77181524903,135313.77181524903,135313.77181524903
2023-04-19,135317.9697604545,135317.9697604545,135317.9697604545,135317.9697604545
2023-04-20,135322.16770565996,135322.16770565996,135322.16770565996,135322.16770565996
2023-04-21,135326.36565086542,135326.36565086542,135326.36565086542,135326.36565086542
2023-04-24,135341.65948648186,135341.65948648186,135341.65948648186,135341.65948648186
2023-04-25,135345.85743168733,135345.85743168733,135345.85743168733,135345.85743168733
2023-04-26,135350.0553768928,135350.0553768928,135350.0553768928,135350.0553768928
2023-04-27,135354.25332209826,135354.25332209826,135354.25332209826,135354.25332209826
2023-04-28,135358.45126730372,135358.45126730372,135358.45126730372,135358.45126730372
2023-05-04,139181.49907370994,139181.49907370994,139181.49907370994,139181.49907370994
2023-05-05,140615.1050307412,140615.1050307412,140615.1050307412,140615.1050307412
2023-05-08,145274.29692527244,145274.29692527244,145274.29692527244,145274.29692527244
2023-05-09,143328.7036635537,143328.7036635537,143328.7036635537,143328.7036635537
2023-05-10,139847.09965964744,139847.09965964744,139847.09965964744,139847.09965964744
2023-05-11,139488.70122214744,139488.70122214744,139488.70122214744,139488.70122214744
2023-05-12,138823.10063620994,138823.10063620994,138823.10063620994,138823.10063620994
2023-05-15,138464.70219870994,138464.70219870994,138464.70219870994,138464.70219870994
2023-05-16,137440.70317527244,137440.70317527244,137440.70317527244,137440.70317527244
2023-05-17,136775.10258933494,136775.10258933494,136775.10258933494,136775.10258933494
2023-05-18,138208.69633933494,138208.69633933494,138208.69633933494,138208.69633933494
2023-05-19,136007.0972182412,136007.0972182412,136007.0972182412,136007.0972182412
2023-05-22,135495.09770652244,135495.09770652244,135495.09770652244,135495.09770652244
2023-05-23,133549.5044448037,133549.5044448037,133549.5044448037,133549.5044448037
2023-05-24,131399.10161277244,131399.10161277244,131399.10161277244,131399.10161277244
2023-05-25,130997.89699181054,130997.89699181054,130997.89699181054,130997.89699181054
2023-05-26,131001.93945756397,131001.93945756397,131001.93945756397,131001.93945756397
2023-05-29,131016.78014249548,131016.78014249548,131016.78014249548,131016.78014249548
2023-05-30,131020.85370413931,131020.85370413931,131020.85370413931,131020.85370413931
2023-05-31,130261.36297029738,130261.36297029738,130261.36297029738,130261.36297029738
2023-06-01,130447.1716527391,130447.1716527391,130447.1716527391,130447.1716527391
2023-06-02,131190.36208433396,131190.36208433396,131190.36208433396,131190.36208433396
2023-06-05,133605.76421064622,133605.76421064622,133605.76421064622,133605.76421064622
2023-06-06,133141.26465362794,133141.26465362794,133141.26465362794,133141.26465362794
2023-06-07,133791.57289308793,133791.57289308793,133791.57289308793,133791.57289308793
2023-06-08,133141.26465362794,133141.26465362794,133141.26465362794,133141.26465362794
2023-06-09,133884.46615976578,133884.46615976578,133884.46615976578,133884.46615976578
2023-06-12,134999.26288170106,134999.26288170106,134999.26288170106,134999.26288170106
2023-06-13,136671.46350187546,136671.46350187546,136671.46350187546,136671.46350187546
2023-06-14,137135.96305889374,137135.96305889374,137135.96305889374,137135.96305889374
2023-06-15,136764.36784309632,136764.36784309632,136764.36784309632,136764.36784309632
2023-06-16,137879.1645650316,137879.1645650316,137879.1645650316,137879.1645650316
2023-06-19,137879.1645650316,137879.1645650316,137879.1645650316,137879.1645650316
2023-06-20,138157.86651415116,138157.86651415116,138157.86651415116,138157.86651415116
2023-06-21,137743.55151260277,137743.55151260277,137743.55151260277,137743.55151260277
2023-06-26,137770.33219753427,137770.33219753427,137770.33219753427,137770.33219753427
2023-06-27,137774.59233452057,137774.59233452057,137774.59233452057,137774.59233452057
2023-06-28,137778.85247150686,137778.85247150686,137778.85247150686,137778.85247150686
2023-06-29,137783.11260849316,137783.11260849316,137783.11260849316,137783.11260849316
2023-06-30,137787.37274547946,137787.37274547946,137787.37274547946,137787.37274547946
2023-07-03,137802.89315643837,137802.89315643837,137802.89315643837,137802.89315643837
2023-07-04,137807.15329342466,137807.15329342466,137807.15329342466,137807.15329342466
2023-07-05,137811.41343041096,137811.41343041096,137811.41343041096,137811.41343041096
2023-07-06,137916.07656399487,137916.07656399487,137916.07656399487,137916.07656399487
2023-07-07,137514.7657557592,137514.7657557592,137514.7657557592,137514.7657557592
2023-07-10,137782.8295878212,137782.8295878212,137782.8295878212,137782.8295878212
2023-07-11,138400.23390567704,138400.23390567704,138400.23390567704,138400.23390567704
2023-07-12,140664.03338230058,140664.03338230058,140664.03338230058,140664.03338230058
2023-07-13,139635.0425413887,139635.0425413887,139635.0425413887,139635.0425413887
2023-07-14,139703.6375693123,139703.6375693123,139703.6375693123,139703.6375693123
2023-07-17,141075.63626087114,141075.63626087114,141075.63626087114,141075.63626087114
2023-07-18,141281.4377001564,141281.4377001564,141281.4377001564,141281.4377001564
2023-07-19,144505.63298976823,144505.63298976823,144505.63298976823,144505.63298976823
2023-07-20,145534.64018619462,145534.64018619462,145534.64018619462,145534.64018619462
2023-07-21,144299.83155048295,144299.83155048295,144299.83155048295,144299.83155048295
2023-07-24,144574.24437320634,144574.24437320634,144574.24437320634,144574.24437320634
2023-07-25,147249.6303728859,147249.6303728859,147249.6303728859,147249.6303728859
2023-07-26,148278.6375693123,148278.6375693123,148278.6375693123,148278.6375693123
2023-07-27,149993.6441115181,149993.6441115181,149993.6441115181,149993.6441115181
2023-07-28,148278.6375693123,148278.6375693123,148278.6375693123,148278.6375693123
2023-07-31,147592.63822353288,147592.63822353288,147592.63822353288,147592.63822353288
2023-08-01,149101.8433264534,149101.8433264534,149101.8433264534,149101.8433264534
2023-08-02,149444.83482158586,149444.83482158586,149444.83482158586,149444.83482158586
2023-08-03,147729.84463489457,147729.84463489457,147729.84463489457,147729.84463489457
2023-08-04,149239.03338230058,149239.03338230058,149239.03338230058,149239.03338230058
2023-08-07,147592.63822353288,147592.63822353288,147592.63822353288,147592.63822353288
2023-08-08,146975.23390567704,146975.23390567704,146975.23390567704,146975.23390567704
2023-08-09,150062.2391394417,150062.2391394417,150062.2391394417,150062.2391394417
2023-08-10,150268.04057872697,150268.04057872697,150268.04057872697,150268.04057872697
2023-08-11,151365.64280307695,151365.64280307695,151365.64280307695,151365.64280307695
2023-08-14,152257.44358814164,152257.44358814164,152257.44358814164,152257.44358814164
2023-08-15,153492.2358683388,153492.2358683388,153492.2358683388,153492.2358683388
2023-08-16,153286.4344290535,153286.4344290535,153286.4344290535,153286.4344290535
2023-08-17,155756.03534496232,155756.03534496232,155756.03534496232,155756.03534496232
2023-08-18,157539.63691509172,157539.63691509172,157539.63691509172,157539.63691509172
2023-08-21,160763.83220470353,160763.83220470353,160763.83220470353,160763.83220470353
2023-08-22,155893.24175632402,155893.24175632402,155893.24175632402,155893.24175632402
2023-08-23,155756.03534496232,155756.03534496232,155756.03534496232,155756.03534496232
2023-08-24,156853.6375693123,156853.6375693123,156853.6375693123,156853.6375693123
2023-08-25,160146.44424236222,160146.44424236222,160146.44424236222,160146.44424236222
2023-08-28,161724.24437320634,161724.24437320634,161724.24437320634,161724.24437320634
2023-08-29,162753.2352141182,162753.2352141182,162753.2352141182,162753.2352141182
2023-08-30,162410.24371898576,162410.24371898576,162410.24371898576,162410.24371898576
2023-08-31,162753.2352141182,162753.2352141182,162753.2352141182,162753.2352141182
2023-09-01,161038.2286719124,161038.2286719124,161038.2286719124,161038.2286719124
2023-09-04,158088.42984950944,158088.42984950944,158088.42984950944,158088.42984950944
2023-09-05,159803.43639171525,159803.43639171525,159803.43639171525,159803.43639171525
2023-09-06,162273.03730762406,162273.03730762406,162273.03730762406,162273.03730762406
2023-09-07,162478.83874690934,162478.83874690934,162478.83874690934,162478.83874690934
2023-09-08,159460.42854106828,159460.42854106828,159460.42854106828,159460.42854106828
2023-09-11,161038.2286719124,161038.2286719124,161038.2286719124,161038.2286719124
2023-09-12,159254.64345729753,159254.64345729753,159254.64345729753,159254.64345729753
2023-09-13,156716.4311579506,156716.4311579506,156716.4311579506,156716.4311579506
2023-09-14,155893.24175632402,155893.24175632402,155893.24175632402,155893.24175632402
2023-09-15,159186.03207385942,159186.03207385942,159186.03207385942,159186.03207385942
2023-09-18,157951.23979366227,157951.23979366227,157951.23979366227,157951.23979366227
2023-09-19,154452.63168132707,154452.63168132707,154452.63168132707,154452.63168132707
2023-09-20,156167.63822353288,156167.63822353288,156167.63822353288,156167.63822353288
2023-09-21,154589.83809268876,154589.83809268876,154589.83809268876,154589.83809268876
2023-09-22,155138.6310271065,155138.6310271065,155138.6310271065,155138.6310271065
2023-09-25,154589.83809268876,154589.83809268876,154589.83809268876,154589.83809268876
2023-09-26,155933.4940292742,155933.4940292742,155933.4940292742,155933.4940292742
2023-09-27,155938.3138922879,155938.3138922879,155938.3138922879,155938.3138922879
2023-09-28,155943.1337553016,155943.1337553016,155943.1337553016,155943.1337553016
2023-10-09,156011.65224845227,156011.65224845227,156011.65224845227,156011.65224845227
2023-10-10,156016.50320735638,156016.50320735638,156016.50320735638,156016.50320735638
2023-10-11,156021.35416626048,156021.35416626048,156021.35416626048,156021.35416626048
2023-10-12,156026.2051251646,156026.2051251646,156026.2051251646,156026.2051251646
2023-10-13,156031.0560840687,156031.0560840687,156031.0560840687,156031.0560840687
2023-10-16,156048.72896078104,156048.72896078104,156048.72896078104,156048.72896078104
2023-10-17,156053.57991968514,156053.57991968514,156053.57991968514,156053.57991968514
2023-10-18,156058.43087858925,156058.43087858925,156058.43087858925,156058.43087858925
2023-10-19,156063.28183749336,156063.28183749336,156063.28183749336,156063.28183749336
2023-10-20,156068.13279639746,156068.13279639746,156068.13279639746,156068.13279639746
2023-10-23,156085.8056731098,156085.8056731098,156085.8056731098,156085.8056731098
2023-10-24,156090.6566320139,156090.6566320139,156090.6566320139,156090.6566320139
2023-10-25,156095.50759091802,156095.50759091802,156095.50759091802,156095.50759091802
2023-10-26,156100.35854982212,156100.35854982212,156100.35854982212,156100.35854982212
2023-10-27,156105.20950872623,156105.20950872623,156105.20950872623,156105.20950872623
2023-10-30,156122.88238543857,156122.88238543857,156122.88238543857,156122.88238543857
2023-10-31,156127.73334434268,156127.73334434268,156127.73334434268,156127.73334434268
2023-11-01,156132.58430324678,156132.58430324678,156132.58430324678,156132.58430324678
2023-11-02,156137.4352621509,156137.4352621509,156137.4352621509,156137.4352621509
2023-11-03,156142.286221055,156142.286221055,156142.286221055,156142.286221055
2023-11-06,156159.95909776734,156159.95909776734,156159.95909776734,156159.95909776734
2023-11-07,154855.5304051657,154855.5304051657,154855.5304051657,154855.5304051657
2023-11-08,155545.562128302,155545.562128302,155545.562128302,155545.562128302
2023-11-09,154366.0672705139,154366.0672705139,154366.0672705139,154366.0672705139
2023-11-10,152007.0675115551,152007.0675115551,152007.0675115551,152007.0675115551
2023-11-13,150827.56261038434,150827.56261038434,150827.56261038434,150827.56261038434
2023-11-14,152007.0675115551,152007.0675115551,152007.0675115551,152007.0675115551
2023-11-15,153523.5680739845,153523.5680739845,153523.5680739845,153523.5680739845
2023-11-16,150490.56694912564,150490.56694912564,150490.56694912564,150490.56694912564
2023-11-17,150659.064779755,150659.064779755,150659.064779755,150659.064779755
2023-11-20,150659.064779755,150659.064779755,150659.064779755,150659.064779755
2023-11-21,150153.5612444843,150153.5612444843,150153.5612444843,150153.5612444843
2023-11-22,147120.5701630081,147120.5701630081,147120.5701630081,147120.5701630081
2023-11-23,149479.5699219669,149479.5699219669,149479.5699219669,149479.5699219669
2023-11-24,148300.06502079617,148300.06502079617,148300.06502079617,148300.06502079617
2023-11-27,148637.07072543752,148637.07072543752,148637.07072543752,148637.07072543752
2023-11-28,147922.77809766599,147922.77809766599,147922.77809766599,147922.77809766599
2023-11-29,147396.08106695855,147396.08106695855,147396.08106695855,147396.08106695855
2023-11-30,148080.81474912376,148080.81474912376,148080.81474912376,148080.81474912376
2023-12-01,146854.1725573219,146854.1725573219,146854.1725573219,146854.1725573219
2023-12-04,145382.73412843037,145382.73412843037,145382.73412843037,145382.73412843037
2023-12-05,141412.89414179433,141412.89414179433,141412.89414179433,141412.89414179433
2023-12-06,141954.76509002308,141954.76509002308,141954.76509002308,141954.76509002308
2023-12-07,140646.88659204237,140646.88659204237,140646.88659204237,140646.88659204237
2023-12-08,143024.38794690193,143024.38794690193,143024.38794690193,143024.38794690193
2023-12-11,143829.6962457207,143829.6962457207,143829.6962457207,143829.6962457207
2023-12-12,144996.08386287323,144996.08386287323,144996.08386287323,144996.08386287323
2023-12-13,146540.8304018854,146540.8304018854,146540.8304018854,146540.8304018854
2023-12-14,148331.63645695438,148331.63645695438,148331.63645695438,148331.63645695438
2023-12-15,146540.8304018854,146540.8304018854,146540.8304018854,146540.8304018854
2023-12-18,147517.63723324527,147517.63723324527,147517.63723324527,147517.63723324527
2023-12-19,148331.63645695438,148331.63645695438,148331.63645695438,148331.63645695438
2023-12-20,148820.03016899814,148820.03016899814,148820.03016899814,148820.03016899814
2023-12-21,146866.43591355078,146866.43591355078,146866.43591355078,146866.43591355078
2023-12-22,147680.4351372599,147680.4351372599,147680.4351372599,147680.4351372599
2023-12-25,147843.23304127448,147843.23304127448,147843.23304127448,147843.23304127448
2023-12-26,148820.03016899814,148820.03016899814,148820.03016899814,148820.03016899814
2023-12-27,149471.2314886927,149471.2314886927,149471.2314886927,149471.2314886927
2023-12-28,148982.83777664887,148982.83777664887,148982.83777664887,148982.83777664887
2023-12-29,148820.03016899814,148820.03016899814,148820.03016899814,148820.03016899814
2024-01-02,148331.63645695438,148331.63645695438,148331.63645695438,148331.63645695438
2024-01-03,145889.63878582706,145889.63878582706,145889.63878582706,145889.63878582706
2024-01-04,145238.43746613254,145238.43746613254,145238.43746613254,145238.43746613254
2024-01-05,144092.36010912442,144092.36010912442,144092.36010912442,144092.36010912442
2024-01-08,143661.16198900723,143661.16198900723,143661.16198900723,143661.16198900723
2024-01-09,143630.36422136807,143630.36422136807,143630.36422136807,143630.36422136807
2024-01-10,143075.96034410977,143075.96034410977,143075.96034410977,143075.96034410977
2024-01-11,143075.96034410977,143075.96034410977,143075.96034410977,143075.96034410977
2024-01-12,143537.95623186612,143537.95623186612,143537.95623186612,143537.95623186612
2024-01-15,144226.72613942507,144226.72613942507,144226.72613942507,144369.55470446133
2024-01-16,142978.72361028078,142978.72361028078,142978.72361028078,143283.95098940583
2024-01-17,142822.72561871886,142822.72561871886,142822.72561871886,143127.55300299375
2024-01-18,143134.72160184267,143134.72160184267,143134.72160184267,143440.34897581788
2024-01-19,146566.7239078272,146566.7239078272,146566.7239078272,146881.15128771518
2024-01-22,152026.7187007654,152026.7187007654,152026.7187007654,152355.14606730195
2024-01-23,150154.72420537352,150154.72420537352,150154.72420537352,150478.35158602445
2024-01-24,150934.72346150756,150934.72346150756,150934.72346150756,151260.35084025114
2024-01-25,149686.7209323633,149686.7209323633,149686.7209323633,150009.1483046219
2024-01-26,148126.72242009526,148126.72242009526,148126.72242009526,148445.14979616855
2024-01-29,148019.70415755504,148019.70415755504,148019.70415755504,148337.79916221494
2024-01-30,147713.77750392823,147713.77750392823,147713.77750392823,148031.54755038983
2024-01-31,147713.77750392823,147713.77750392823,147713.77750392823,148031.54755038983
2024-02-01,146919.6719503012,146919.6719503012,146919.6719503012,147235.9419862724
2024-02-02,146919.6719503012,146919.6719503012,146919.6719503012,147235.9419862724
2024-02-05,149037.27624174027,149037.27624174027,149037.27624174027,149357.5462858177
2024-02-06,150360.7749795523,150360.7749795523,150360.7749795523,150683.54502124555
2024-02-07,149037.27624174027,149037.27624174027,149037.27624174027,149357.5462858177
2024-02-08,148243.17068811326,148243.17068811326,148243.17068811326,148561.94072170026
2024-02-19,151684.27371736435,151684.27371736435,151684.27371736435,152009.5437566734
2024-02-20,152213.66690154938,152213.66690154938,152213.66690154938,152539.93692798383
2024-02-21,156713.57207652,156713.57207652,156713.57207652,157048.34211272962
2024-02-22,156978.26866861252,156978.26866861252,156978.26866861252,157313.53869838483
2024-02-23,157507.67763014702,157507.67763014702,157507.67763014702,157843.94767684705
2024-02-26,153537.16563936142,153537.16563936142,153537.16563936142,153865.93566341168
2024-02-27,153801.86223145394,153801.86223145394,153801.86223145394,154131.1322490669
2024-02-28,153537.16563936142,153537.16563936142,153537.16563936142,153865.93566341168
2024-02-29,153801.86223145394,153801.86223145394,153801.86223145394,154131.1322490669
2024-03-01,154066.57460089592,154066.57460089592,154066.57460089592,154396.3446418739
2024-03-04,152478.3634936419,152478.3634936419,152478.3634936419,152805.13351363904
2024-03-05,151882.29280295776,151882.29280295776,151882.29280295776,152208.13168290112
2024-03-06,152006.2637991752,152006.2637991752,152006.2637991752,152332.10267911857
2024-03-07,149007.75946459084,149007.75946459084,149007.75946459084,149326.22394524177
2024-03-08,155358.2504965952,155358.2504965952,155358.2504965952,155689.7149588879
2024-03-11,156335.2524765423,156335.2524765423,156335.2524765423,156668.7169428881
2024-03-12,154869.75678583886,154869.75678583886,154869.75678583886,155200.22126100617
2024-03-13,154869.75678583886,154869.75678583886,154869.75678583886,155200.22126100617
2024-03-14,153404.2610951355,153404.2610951355,153404.2610951355,153731.7255791243
2024-03-15,156335.2524765423,156335.2524765423,156335.2524765423,156668.7169428881
2024-03-18,160243.26039633065,160243.26039633065,160243.26039633065,160584.72487888893
2024-03-19,160731.75410708692,160731.75410708692,160731.75410708692,161074.2185767706
2024-03-20,160243.26039633065,160243.26039633065,160243.26039633065,160584.72487888893
2024-03-21,158777.75014719274,158777.75014719274,158777.75014719274,159116.21460877018
2024-03-22,158289.25643643647,158289.25643643647,158289.25643643647,158626.7209108885
2024-03-25,153892.7548058918,153892.7548058918,153892.7548058918,154221.219277006
2024-03-26,151938.75084599762,151938.75084599762,151938.75084599762,152263.21530900558
2024-03-27,147737.5466369096,147737.5466369096,147737.5466369096,148050.01110540118
2024-03-28,150285.16525722793,150285.16525722793,150285.16525722793,150602.04758183844
2024-03-29,155456.5621385699,155456.5621385699,155456.5621385699,155783.6444570292
2024-04-01,158498.57736922556,158498.57736922556,158498.57736922556,158831.65971772562
2024-04-02,160171.6648945933,160171.6648945933,160171.6648945933,160508.04721848856
2024-04-03,165647.2669253474,165647.2669253474,165647.2669253474,165994.44925324808
2024-04-08,165190.9637341624,165190.9637341624,165190.9637341624,165537.24605576883
2024-04-09,165799.3740329867,165799.3740329867,165799.3740329867,166146.8563749064
2024-04-10,166864.06939126307,166864.06939126307,166864.06939126307,167213.6517240275
2024-04-11,166407.76620007807,166407.76620007807,166407.76620007807,166756.44852654825
2024-04-12,168080.87185717875,168080.87185717875,168080.87185717875,168432.85419480692
2024-04-15,167928.76474953943,167928.76474953943,167928.76474953943,168280.4470731486
2024-04-16,160475.86097813898,160475.86097813898,160475.86097813898,160812.84329430948
2024-04-17,163088.38293054528,163088.38293054528,163088.38293054528,163431.25903343654
2024-04-18,164440.3816411776,164440.3816411776,164440.3816411776,164786.25774120784
2024-04-19,164169.98512247033,164169.98512247033,164169.98512247033,164515.26123022533
2024-04-22,162817.986411838,162817.986411838,162817.986411838,163160.26252245402
2024-04-23,162817.986411838,162817.986411838,162817.986411838,163160.26252245402
2024-04-24,162277.19337442346,162277.19337442346,162277.19337442346,162618.269500489
2024-04-25,162029.48261991335,162029.48261991335,162029.48261991335,162369.41974734544
2024-04-26,163089.14207694528,163089.14207694528,163089.14207694528,163429.07920437737
2024-04-29,163194.70503175852,163194.70503175852,163194.70503175852,163534.75544686185
2024-04-30,164913.46809099338,164913.46809099338,164913.46809099338,165253.54960198712
2024-05-06,168046.4143932726,168046.4143932726,168046.4143932726,168386.73247960882
2024-05-07,171482.0624037832,171482.0624037832,171482.0624037832,171822.4115860098
2024-05-08,169776.60884729866,169776.60884729866,169776.60884729866,170112.7500083256
2024-05-09,174516.51161781792,174516.51161781792,174516.51161781792,174861.9527842808
2024-05-10,181702.8011190081,181702.8011190081,181702.8011190081,182062.3422648716
2024-05-13,189959.40418116096,189959.40418116096,189959.40418116096,190335.14533303262
2024-05-14,183078.9107429171,183078.9107429171,183078.9107429171,183441.15190766336
2024-05-15,182467.3003899241,182467.3003899241,182467.3003899241,182828.34153435708
2024-05-16,183537.61395088676,183537.61395088676,183537.61395088676,183900.75512192727
2024-05-17,185525.3157006884,185525.3157006884,185525.3157006884,185892.35687516214
2024-05-20,187665.906368413,187665.906368413,187665.906368413,188037.1475245762
2024-05-21,185066.61249271876,185066.61249271876,185066.61249271876,185432.75366089825
2024-05-22,184913.7053476954,184913.7053476954,184913.7053476954,185279.54650185586
2024-05-23,184302.11322180275,184302.11322180275,184302.11322180275,184666.75439141275
2024-05-24,182314.4114720011,182314.4114720011,182314.4114720011,182675.15263817788
2024-05-27,187360.1103054667,187360.1103054667,187360.1103054667,187730.75146935464
2024-05-28,190265.20024410728,190265.20024410728,190265.20024410728,190641.54138825418
2024-05-29,188430.405639329,188430.405639329,188430.405639329,188803.14679406167
2024-05-30,183384.70680586342,183384.70680586342,183384.70680586342,183747.5479628849
2024-05-31,183996.29893175606,183996.29893175606,183996.29893175606,184360.34007332803
2024-06-03,185525.3157006884,185525.3157006884,185525.3157006884,185892.35687516214
2024-06-04,184607.90928474907,184607.90928474907,184607.90928474907,184973.1504466343
2024-06-05,182008.6154090548,182008.6154090548,182008.6154090548,182368.75658295632
2024-06-06,183690.50286880974,183690.50286880974,183690.50286880974,184053.94401810647
2024-06-07,184149.2060767794,184149.2060767794,184149.2060767794,184513.5472323704
2024-06-11,178033.21190945152,178033.21190945152,178033.21190945152,178385.5530764866
2024-06-12,177000.95539820121,177000.95539820121,177000.95539820121,177352.99655121728
2024-06-13,177926.2951471386,177926.2951471386,177926.2951471386,178276.83630158516
2024-06-14,177337.56961366173,177337.56961366173,177337.56961366173,177684.30107225073
2024-06-17,178156.08834764,178156.08834764,178156.08834764,178504.31984056128
2024-06-18,180447.87835618493,180447.87835618493,180447.87835618493,180800.30983079565
2024-06-19,180447.87835618493,180447.87835618493,180447.87835618493,180800.30983079565
2024-06-20,181430.0852253103,181430.0852253103,181430.0852253103,181784.31671250952
2024-06-21,179138.27570220467,179138.27570220467,179138.27570220467,179488.30717195166
2024-06-24,178483.4841324949,178483.4841324949,178483.4841324949,178832.3156176914
2024-06-25,176355.38225909707,176355.38225909707,176355.38225909707,176700.31374086035
2024-06-26,179138.27570220467,179138.27570220467,179138.27570220467,179488.30717195166
2024-06-27,178974.58756705758,178974.58756705758,178974.58756705758,179324.31905854834
2024-06-28,181266.3775756025,181266.3775756025,181266.3775756025,181620.3090487827
2024-07-01,180938.9817907476,180938.9817907476,180938.9817907476,181292.3132716526
2024-07-02,181266.3775756025,181266.3775756025,181266.3775756025,181620.3090487827
2024-07-03,185195.18553754326,185195.18553754326,185195.18553754326,185556.3170253147
2024-07-04,185849.97710725304,185849.97710725304,185849.97710725304,186212.30857957495
2024-07-05,187323.28741094106,187323.28741094106,187323.28741094106,187688.31890214572
2024-07-08,189123.97398492333,189123.97398492333,189123.97398492333,189492.3054515232
2024-07-09,189942.4732043409,189942.4732043409,189942.4732043409,190312.30466951025
2024-07-10,188469.18241521355,188469.18241521355,188469.18241521355,188836.31389726294
2024-07-11,190760.97242375845,190760.97242375845,190760.97242375845,191132.30388749728
2024-07-12,183721.87523385521,183721.87523385521,183721.87523385521,184080.3067027439
2024-07-15,188960.28584977624,188960.28584977624,188960.28584977624,189328.31733811987
2024-07-16,188632.87055036065,188632.87055036065,188632.87055036065,189000.30201066626
2024-07-17,186668.4763266706,186668.4763266706,186668.4763266706,187032.307797562
2024-07-18,183558.18709870812,183558.18709870812,183558.18709870812,183916.31858934058
2024-07-19,180775.27414103982,180775.27414103982,180775.27414103982,181128.30560792578
2024-07-22,180447.87835618493,180447.87835618493,180447.87835618493,180800.30983079565
2024-07-23,182014.0045524322,182014.0045524322,182014.0045524322,182369.2442085933
2024-07-24,180638.5058642112,180638.5058642112,180638.5058642112,180990.74552323335
2024-07-25,175411.60210377802,175411.60210377802,175411.60210377802,175752.44175459855
2024-07-26,173150.98225340561,173150.98225340561,173150.98225340561,173488.68161408178
2024-07-29,173840.5322006276,173840.5322006276,173840.5322006276,174179.55937482635
2024-07-30,171997.57757464558,171997.57757464558,171997.57757464558,172331.8047748796
2024-07-31,178314.3444288938,178314.3444288938,178314.3444288938,171792.196388854
2024-08-01,179581.85329329653,179581.85329329653,179581.85329329653,172061.3929230108
2024-08-02,174511.8430186479,174511.8430186479,174511.8430186479,171253.78727497003
2024-08-05,166906.85278963728,166906.85278963728,166906.85278963728,169638.59202445886
2024-08-06,168765.91161122377,168765.91161122377,168765.91161122377,168023.3967739477
2024-08-07,168771.1357208128,168771.1357208128,168771.1357208128,168292.5933081045
2024-08-08,168776.35983040184,168776.35983040184,168776.35983040184,167771.4860418382
2024-08-09,168781.58393999087,168781.58393999087,168781.58393999087,167776.6790555368
2024-08-12,168800.616268758,168800.616268758,168800.616268758,167795.5980966327
2024-08-13,168805.84037834703,168805.84037834703,168805.84037834703,167800.7911103313
2024-08-14,168811.06448793606,168811.06448793606,168811.06448793606,167805.98412402993
2024-08-15,168816.2885975251,168816.2885975251,168816.2885975251,167811.17713772855
2024-08-16,168821.51270711413,168821.51270711413,168821.51270711413,167816.37015142717
2024-08-19,168924.5474184236,168924.5474184236,168924.5474184236,167918.7425398854
2024-08-20,168924.5474184236,168924.5474184236,168924.5474184236,167918.7425398854
2024-08-21,169658.952554532,169658.952554532,169658.952554532,168648.34764242446
2024-08-22,169230.53983099075,169230.53983099075,169230.53983099075,168222.7350020436
2024-08-23,168649.15278799148,168649.15278799148,168649.15278799148,167645.14787435805
2024-08-26,169689.55033666702,169689.55033666702,169689.55033666702,168678.74543905532
2024-08-27,169567.14461690994,169567.14461690994,169567.14461690994,168557.13975668227
2024-08-28,169383.54333288284,169383.54333288284,169383.54333288284,168374.7384810475
2024-08-29,169597.74239904495,169597.74239904495,169597.74239904495,168587.53755331313
2024-08-30,169199.94204885574,169199.94204885574,169199.94204885574,168192.33720541274
2024-09-02,168251.35243780227,168251.35243780227,168251.35243780227,167249.94752645766
2024-09-03,168557.3448503694,168557.3448503694,168557.3448503694,167553.93998861586
2024-09-04,167394.5415819368,167394.5415819368,167394.5415819368,166398.73674154555
2024-09-05,168587.94263250442,168587.94263250442,168587.94263250442,167584.33778524672
2024-09-06,169046.9531381807,169046.9531381807,169046.9531381807,168040.34822225844
2024-09-09,167822.95430547805,167822.95430547805,167822.95430547805,166824.3493819264
2024-09-10,168924.5474184236,168924.5474184236,168924.5474184236,167918.7425398854
2024-09-11,169811.94146520706,169811.94146520706,169811.94146520706,168800.33662557876
2024-09-12,169475.3512705049,169475.3512705049,169475.3512705049,168465.9463667897
2024-09-13,171923.34893591018,171923.34893591018,171923.34893591018,170897.94404745376
2024-09-18,171862.15337164016,171862.15337164016,171862.15337164016,170837.14845419204
2024-09-19,171586.744149991,171586.744149991,171586.744149991,170563.53929281508
2024-09-20,173514.55033666702,173514.55033666702,173514.55033666702,172478.74543905532
2024-09-23,174983.34601766677,174983.34601766677,174983.34601766677,173937.94114828383
2024-09-24,174554.94788534255,174554.94788534255,174554.94788534255,173512.34300375258
2024-09-25,174814.44587649062,174814.44587649062,174814.44587649062,174819.5352339772
2024-09-26,178142.65558988714,178142.65558988714,178142.65558988714,177089.6691795585
2024-09-27,184776.88908175795,184776.88908175795,184776.88908175795,181303.61858238932
2024-09-30,192893.55964427753,192893.55964427753,192893.55964427753,186733.0074076725
2024-10-08,201841.8938174057,201841.8938174057,201841.8938174057,192729.99160695198
2024-10-09,211733.19499362138,211733.19499362138,211733.19499362138,199340.23964892197
2024-10-10,199633.52326556592,199633.52326556592,199633.52326556592,190254.11391439033
2024-10-11,200293.10721227273,200293.10721227273,200293.10721227273,191129.64459858226
2024-10-14,213916.2446989116,213916.2446989116,213916.2446989116,202226.9014767537
2024-10-15,209385.44800453587,209385.44800453587,209385.44800453587,198203.36164879688
2024-10-16,211678.6575334589,211678.6575334589,211678.6575334589,200805.03765240926
2024-10-17,213316.65597134037,213316.65597134037,213316.65597134037,202359.03617039937
2024-10-18,229369.0445678751,229369.0445678751,229369.0445678751,217588.2253517272
2024-10-21,235265.84675484104,235265.84675484104,235265.84675484104,223182.62742654103
2024-10-22,226093.04769211216,226093.04769211216,226093.04769211216,214480.22831574696
2024-10-23,222489.45503406925,222489.45503406925,222489.45503406925,211061.43528119344
2024-10-24,219868.64972286625,219868.64972286625,219868.64972286625,208575.03024235982
2024-10-25,221506.64816074772,221506.64816074772,221506.64816074772,210129.02876034993
2024-10-28,226093.04769211216,226093.04769211216,226093.04769211216,214480.22831574696
2024-10-29,224782.64503651066,224782.64503651066,224782.64503651066,213237.02579633016
2024-10-30,229696.64035015507,229696.64035015507,229696.64035015507,217899.0213503005
2024-10-31,237559.05628376408,237559.05628376408,237559.05628376408,225358.23646680135
2024-11-01,220196.24550514622,220196.24550514622,220196.24550514622,208885.82624093312
2024-11-04,229041.44878559513,229041.44878559513,229041.44878559513,217277.4293531539
2024-11-05,251973.44644241733,251973.44644241733,251973.44644241733,239033.42713013905
2024-11-06,249025.04534893436,249025.04534893436,249025.04534893436,236236.22609273213
2024-11-07,269008.6419122736,269008.6419122736,269008.6419122736,255195.02283231038
2024-11-08,262129.05237846775,262129.05237846775,262129.05237846775,248668.23276177663
2024-11-11,269663.85300331516,269663.85300331516,269663.85300331516,255816.63335458058
2024-11-12,269336.2572210352,269336.2572210352,269336.2572210352,255505.83735600728
2024-11-13,267043.04769211216,267043.04769211216,267043.04769211216,253330.22831574696
2024-11-14,260163.4581583063,260163.4581583063,260163.4581583063,246803.4382452132
2024-11-15,247059.45112877293,247059.45112877293,247059.45112877293,234371.43157616872
2024-11-18,234610.6551902811,234610.6551902811,234610.6551902811,222561.03542939443
2024-11-19,234913.1062354659,234913.1062354659,234913.1062354659,232817.4330581786
2024-11-20,234920.38267382208,234920.38267382208,234920.38267382208,234993.02357331532
2024-11-21,234927.65911217825,234927.65911217825,234927.65911217825,238722.63113156575
2024-11-22,234934.93555053443,234934.93555053443,234934.93555053443,229087.82549992818
2024-11-25,234961.4448656029,234961.4448656029,234961.4448656029,226912.23498479146
2024-11-26,234968.7213039591,234968.7213039591,234968.7213039591,224115.03394738454
2024-11-27,234975.99774231526,234975.99774231526,234975.99774231526,234682.22757474202
2024-11-28,234983.27418067143,234983.27418067143,234983.27418067143,233128.2290567519
2024-11-29,234990.5506190276,234990.5506190276,234990.5506190276,248668.23276177663
2024-12-02,235017.0599340961,235017.0599340961,235017.0599340961,249600.62075749654
2024-12-03,235024.36746834268,235024.36746834268,235024.36746834268,250533.02727834004
2024-12-04,235031.67500258927,235031.67500258927,235031.67500258927,246803.4382452132
2024-12-05,235038.98253683586,235038.98253683586,235038.98253683586,253641.02431432027
2024-12-06,235046.29007108245,235046.29007108245,235046.29007108245,253330.22831574696
2024-12-09,235072.91267382217,235072.91267382217,235072.91267382217,248046.62223950643
2024-12-10,235080.22020806876,235080.22020806876,235080.22020806876,252708.63631860036
2024-12-11,235087.52774231535,235087.52774231535,235087.52774231535,249536.70042981103
2024-12-12,235094.83527656193,235094.83527656193,235094.83527656193,249544.44330652335
2024-12-13,235102.14281080852,235102.14281080852,235102.14281080852,249552.18618323567
2024-12-16,235128.76541354824,235128.76541354824,235128.76541354824,249580.39481337267
2024-12-17,235136.07294779483,235136.07294779483,235136.07294779483,249588.137690085
2024-12-18,235143.38048204142,235143.38048204142,235143.38048204142,249595.8805667973
2024-12-19,235150.688016288,235150.688016288,235150.688016288,249603.62344350963
2024-12-20,235157.9955505346,235157.9955505346,235157.9955505346,249611.36632022195
2024-12-23,235184.61815327432,235184.61815327432,235184.61815327432,249639.57495035895
2024-12-24,235191.9256875209,235191.9256875209,235191.9256875209,249647.31782707127
2024-12-25,235199.2332217675,235199.2332217675,235199.2332217675,249655.0607037836
2024-12-26,235206.5407560141,235206.5407560141,235206.5407560141,249662.8035804959
2024-12-27,235213.84829026068,235213.84829026068,235213.84829026068,249670.54645720823
2024-12-30,235240.4708930004,235240.4708930004,235240.4708930004,249698.75508734523
2024-12-31,235247.778427247,235247.778427247,235247.778427247,249706.49796405755
2025-01-02,235264.74349574014,235264.74349574014,235264.74349574014,249724.4737174822
2025-01-03,233302.1765172718,233302.1765172718,233302.1765172718,247641.16587497873
2025-01-06,235566.66664483526,235566.66664483526,235566.66664483526,250044.9553952424
2025-01-07,236860.6692672012,236860.6692672012,236860.6692672012,251418.55817892237
2025-01-08,238801.66355969885,238801.66355969885,238801.66355969885,253478.9521203248
2025-01-09,237184.16510226706,237184.16510226706,237184.16510226706,251761.9537577836
2025-01-10,235566.66664483526,235566.66664483526,235566.66664483526,250044.9553952424
2025-01-13,232331.66972997168,232331.66972997168,232331.66972997168,246610.95867016
2025-01-14,236213.67759706953,236213.67759706953,236213.67759706953,250731.7670211999
2025-01-15,238154.67188956717,238154.67188956717,238154.67188956717,252792.16096260233
2025-01-16,240419.16201713064,240419.16201713064,240419.16201713064,255195.950482866
2025-01-17,239125.17867686728,239125.17867686728,239125.17867686728,253822.36816742105
2025-01-20,238154.67188956717,238154.67188956717,238154.67188956717,252792.16096260233
2025-01-21,238154.67188956717,238154.67188956717,238154.67188956717,252792.16096260233
2025-01-22,233625.67235233763,233625.67235233763,233625.67235233763,247984.56145383997
2025-01-23,231763.73813756893,232366.74806099985,232366.74806099985,254165.7637462823
2025-01-24,232709.6447528262,227719.8632143125,227719.8632143125,254852.55490400476
2025-01-27,230817.85658010433,227285.7797607802,227285.7797607802,258286.55162908716
2025-02-05,230397.43693479488,226872.16043323503,226872.16043323503,254165.7637462823
2025-02-06,231028.0413449664,227492.5647720717,227492.5647720717,254165.7637462823
2025-02-07,230335.19907733376,226810.92927755968,226810.92927755968,253478.9521203248
2025-02-10,230361.25524171733,226836.5322912583,226836.5322912583,252413.13834912964
2025-02-11,230368.40729651184,226843.55996249118,226843.55996249118,252420.9745135132
2025-02-12,230375.55935130635,226850.58763372406,226956.50266511823,252534.72570929094
2025-02-13,230382.71140610086,226857.61530495694,227427.88050896663,253006.91204629
2025-02-14,230389.86346089537,226864.64297618982,236322.7706191063,262900.0127498114
2025-02-17,230415.91962527894,226890.24598988844,241092.78502435685,268207.0287767851
2025-02-18,230423.07168007345,226897.27366112132,242364.78760213853,269622.2316447699
2025-02-19,230430.22373486796,226904.3013323542,248088.77077074052,275990.6129185164
2025-02-20,230437.37578966247,226911.32900358707,249678.7882086754,277759.63231958984
2025-02-21,230444.52784445698,226918.35667481995,259854.77092237474,289081.2130872214
2025-02-24,230470.58400884055,226943.95968851857,255720.78623743058,284481.830126425
2025-02-25,230477.73606363506,226950.98735975145,251586.7825982094,279882.42607750534
2025-02-26,230484.88811842958,226958.01503098433,261762.78426618577,291204.0279332602
2025-02-27,230492.0401732241,226965.0427022172,262080.78017206193,291557.82337822556
2025-02-28,230499.1922280186,226972.0703734501,250950.77183218003,279174.8140994513
2025-03-03,230525.24839240217,226997.6733871487,249042.77744264604,277052.0203415358
2025-03-04,230532.40044719668,227004.7010583816,250314.78002042772,278467.22320952057
2025-03-05,230539.5525019912,227011.75982550488,254130.78775377275,282712.8318134749
2025-03-06,230546.7045567857,227018.81859262817,257628.78062696458,286604.6238843405
2025-03-07,230553.8566115802,227025.87735975147,256356.7780491829,285189.42101635574
2025-03-10,230579.91277596378,227051.59366112133,251268.78669233323,279528.63063254
2025-03-11,230587.0648307583,227058.65242824462,252222.7744099617,280590.01696743607
2025-03-12,230594.2168855528,227065.7111953679,252222.7744099617,280590.01696743607
2025-03-13,230601.3689403473,227072.7699624912,249360.7733485222,277405.81578650116
2025-03-14,230608.52099514182,227079.8287296145,262080.78017206193,291557.82337822556
2025-03-17,229799.76901362962,227105.54503098436,260808.77759428025,290142.6205102408
2025-03-18,230089.9825746877,227112.60379810765,267168.7715289116,297218.6137620413
2025-03-19,229799.76901362962,227119.66256523094,269712.77668447496,300049.01949801086
2025-03-20,228966.2208569401,227126.72133235424,269712.77668447496,300049.01949801086
2025-03-21,223802.65638461002,222005.00338381017,260172.78578252794,289435.02962031006
2025-03-24,228210.5621897209,226377.2091419049,258900.78320474626,288019.8267523253
2025-03-25,228630.3567849625,226793.60378092015,254448.7836596489,283066.62725844025
2025-03-26,227161.06319060214,225336.21013467992,255084.77547140123,283774.218148371
2025-03-27,224852.15538372882,223046.0023910352,257727.1588573476,287848.602302502
2025-03-28,224852.15538372882,223046.0023910352,261651.56719280305,291821.1955898799
2025-03-31,222963.06719412692,221172.21410577977,264441.3627345664,294929.19062314404
2025-04-01,223592.77159800418,221796.8184739896,266100.1683433158,296777.19687161816
2025-04-02,221283.86379113086,219506.6107303449,265082.25223613804,295643.1789272822
2025-04-03,217925.4569851388,216175.4039794752,267532.75439334934,298373.1813305415
2025-04-07,200693.4049935545,201299.17162381127,259351.85410572114,289259.1810101069
2025-04-08,208110.2124543394,206861.87340148046,261161.4667613608,291275.195109228
2025-04-09,204960.59850170268,203730.8595312412,264441.3627345664,294929.19062314404
2025-04-10,202115.79879238261,200902.85982020453,270171.76086498325,301313.18854031933
2025-04-11,202725.40305568828,201508.8640583332,274281.0506541831,305891.1771648921
2025-04-14,204249.40160228862,203023.8626135166,276316.8648917777,308159.1930264033
2025-04-15,201709.40402462138,200498.86502154425,276241.4523799521,308075.1790874995
2025-04-16,198356.60479976787,197165.8657921131,282952.0513732535,315551.1779659785
2025-04-17,198548.91274590103,197359.93011663394,285289.4617278678,318155.18950162304
2025-04-18,196658.677219969,195469.6634948115,285968.06647373264,318911.19478879345
2025-04-21,197342.45995657402,196146.29887908226,291283.75870777195,324833.18613706005
2025-04-22,199679.74976675468,198468.88875334983,301010.3548247916,335669.18181119335
2025-04-23,195672.9615487333,194487.30046122795,282838.9595706565,315425.18709836376
2025-04-24,197342.45995657402,196146.29887908226,285930.35122943943,318869.1778057612
2025-04-25,196340.75295107323,195150.89191764122,283969.96748043125,316685.19591031445
2025-04-28,194671.2545432325,193491.8934997869,281519.46532321995,313955.19350705517
2025-04-29,195672.9615487333,194487.30046122795,283479.867048989,316139.1954296626
2025-04-30,195005.15024440247,193823.68922799354,281745.66690517485,314207.1952694453
2025-05-06,196340.75295107323,195150.89191764122,287061.3591392142,320129.1866177119
2025-05-07,196674.6486522432,195482.68764584785,289285.65971447056,322607.18725858105
2025-05-08,196340.75295107323,195150.89191764122,284987.8656108481,317819.19382748974
2025-05-09,193333.70929259123,192150.14830321894,284007.6647479636,316727.19286618603
2025-05-12,201007.52238256123,199823.96139318898,278164.1568381888,310217.18405423535
2025-05-13,194932.28206126246,193786.57525637196,272384.5647202979,303775.5126184026
2025-05-14,193832.49622075114,192693.38933088825,274732.3744761,306394.22349987424
2025-05-15,193243.12427448892,192105.76101612166,272719.9803935538,304149.6301001111
2025-05-16,192973.43637607564,191836.04202181796,271750.5283787217,309387.0295649568
2025-05-19,193627.73807055724,192490.23042862833,272220.71789355477,310883.41029940045
2025-05-20,195774.55680680985,194637.01806899055,273805.25041850307,323228.72974334157
2025-05-21,197190.36286986407,196052.79303615435,274929.34008931764,328840.22439179814
2025-05-22,197152.41822067145,196018.66940842857,274781.1682424855,323602.8249269525
2025-05-23,196314.82900443915,195185.88013039817,273721.57286666596,324351.0152941743
2025-05-26,196873.22181526068,195741.07298241844,274441.640519292,319113.61582932866
2025-05-27,196035.63259902838,194908.28370438804,273274.05555167876,326595.63099203503
2025-05-28,197012.82833877447,195879.8794685482,274636.24961295805,324772.4573201419
2025-05-29,197431.63126769903,196296.2823806881,275220.05369582854,324323.9340023527
2025-05-30,196873.22181526068,195741.07298241844,274441.640519292,326749.75096745585
2025-06-03,198129.63060203436,196990.28171883812,276193.0527679034,332409.95038910006
2025-06-04,197990.02407852057,196851.47523270836,275998.44367423735,332814.24518389796
2025-06-05,197571.22114959598,196435.07232056843,275414.6395913668,330388.4282187948
2025-06-06,197710.8276731098,196573.87880669822,275609.24868503294,331197.0419065485
2025-06-09,198688.0234128559,197545.47457085838,276971.44274631224,332409.95038910006
2025-06-10,202317.62660804632,201154.27774773826,282031.04720035277,334027.12956829165
2025-06-11,204690.82101646307,203513.87218819847,285339.23940578185,335240.0380508432
2025-06-12,205249.23046890143,204069.08158646812,286117.6525823184,336452.9465333948
2025-06-13,206924.42554298285,205734.6766887783,288452.8457156726,333622.83477349376
2025-06-16,208995.42607329995,207797.6772267248,291073.84572146885,337665.8309177885
2025-06-17,208176.52269699483,206985.97380540625,289759.9454398368,336857.2413281927
2025-06-18,208193.6414094799,207002.29257587472,289832.06016596325,340495.94267768954
2025-06-19,207500.4359752145,206933.37977048787,288067.240066285,340091.64788289164
2025-06-20,207854.03142275478,201659.29814040658,281278.8882360916,343730.3492323885
2025-06-23,207146.8405276742,202516.2973231077,282625.03187388467,348177.6401714811
2025-06-24,212274.0482837167,207829.70042884344,290043.3362099556,348986.2297610769
2025-06-25,212627.64373125698,209372.29078471658,292197.0227453141,352624.93111057376
2025-06-26,212342.810003252,209543.6987942457,292436.33392781304,356263.6324600706
2025-06-27,212349.40233201912,207658.29241931436,289804.02502745675,346560.43689413165
2025-06-30,212373.4193183205,219999.09699618816,307033.6314174562,346156.14209933375
2025-07-01,212380.0116470876,219827.68898665902,306794.3202349572,345233.4569865115
2025-07-02,212386.60397585473,217085.3038614988,302965.5410024552,345244.18506870326
2025-07-03,212393.19630462184,216913.8958519697,302726.2298199563,345254.91315089504
2025-07-04,211916.92675265743,221713.09536159036,309426.6291353135,344782.7793523553
2025-07-07,209034.13166998402,219484.89340007302,306315.72639674234,341589.6453735819
2025-07-08,217630.93307910935,225483.90811145303,314691.2469360261,355760.18402498704
2025-07-09,217630.93307910935,227197.90647685525,317084.24465388345,355760.18402498704
2025-07-10,218168.22616158501,225826.70369803903,315169.84077424096,356638.57271593553
2025-07-11,216556.33090137018,224969.70451533791,313973.3419153123,354003.3804647301
2025-07-14,217630.93307910935,219142.09781348702,305837.13255852746,355760.18402498704
2025-07-15,229451.5250086643,218300.17039610018,310868.8477081105,375084.9708310936
2025-07-16,227839.62974844946,218306.94930020976,307842.56548608706,372449.77857988817
2025-07-17,238585.6355130531,218313.72820431934,322362.5732752221,390017.78800409776
2025-07-18,236973.7402528383,218320.50710842892,320184.57967962197,387382.5957528923
2025-07-21,238048.32641778962,218345.20382075768,321636.560985698,389139.3731347893
2025-07-22,236973.7402528383,218351.98272486727,320184.57967962197,387382.5957528923
2025-07-23,235899.13807509915,218358.76162897685,318732.57673705986,385625.79219263536
2025-07-24,236436.4311575748,218365.54053308643,319458.5673900979,386504.18088358385
2025-07-25,237511.03333531393,218372.319437196,320910.57033265993,388260.9844438408
2025-07-28,242346.73512874616,218397.01614952477,327444.57275594637,396166.5873758171
2025-07-29,249868.93436013238,218403.79505363436,337608.5717173951,408464.18611925584
2025-07-30,249868.93436013238,218410.57395774394,337608.5717173951,408464.18611925584
2025-07-31,250943.5365378715,218417.35286185352,339060.57465995714,410220.9896795128
2025-08-01,245570.5256491758,218424.1317659631,331800.5599471467,401436.971878228
2025-08-04,246107.8347444393,218448.82847829186,332526.57223667076,402315.3867475365
2025-08-05,247182.4369221784,218455.60738240145,333978.5751792328,404072.19030779344
2025-08-06,248257.03909991757,218462.38628651103,335430.57812179497,405828.9938680504
2025-08-07,247719.7300046541,218469.1651906206,334704.5658322709,404950.5789987419
2025-08-08,246645.12782691492,218475.9440947302,333252.56288970873,403193.77543848497
2025-08-11,253092.72488056196,218500.64080705895,341964.5589085953,413734.57062166673
2025-08-12,259540.33794699685,218507.41971116854,350676.576563968,424275.3919832085
2025-08-13,274047.42731450574,218514.19861527812,370278.56219734123,447992.17460077745
2025-08-14,268137.1393561221,218520.9775193877,362292.5784679787,438329.79428690416
2025-08-15,270823.6367940761,218527.75642349728,365922.575006141,442721.79009836656
2025-08-18,281569.6265458919,218552.45313582604,380442.5611587899,460289.77334421617
2025-08-19,286405.32833932416,218559.23203993562,386976.56358207634,468195.3762761925
2025-08-20,289091.8257772781,218566.0109440452,390606.5601202386,472587.3720876549
2025-08-21,288554.53269480244,218572.7898481548,389880.56946720055,471708.9833967064
2025-08-22,300375.1406371452,218579.56875226437,405852.58019889763,491033.79638117296
2025-08-25,315419.5390999176,218604.26546459313,426180.57812179497,515628.9938680504
2025-08-26,315956.83218239323,218611.04436870271,426906.568774833,516507.3825589989
2025-08-27,318643.3296203472,218617.8232728123,430536.5653129952,520899.3783704613
2025-08-28,342284.5455050327,218624.60217692188,462480.5867763894,559549.0043393944
2025-08-29,346582.92219041364,218631.38108103146,468288.5552736657,566576.1662237023
2025-09-01,363239.23192618863,218656.07779336022,490794.5684286492,593806.5821401451
2025-09-02,342821.83858750836,218662.8566974698,463206.5774294274,560427.3930303429
2025-09-03,347120.24729846494,218669.6356015794,469014.58919967583,567454.6072713707
2025-09-04,318106.0365378715,218676.41450568897,429810.5746599572,520020.9896795128
2025-09-05,339060.72295902745,218683.19340979855,458124.556312217,554278.5674802635
2025-09-08,328314.73320721166,218707.8901221273,443604.5701595681,536710.5842344139
2025-09-09,321329.82705830113,218714.6690262369,434166.56185115746,525291.3741819237
2025-09-10,333687.72808311955,218721.44793034648,450864.56323589256,545494.5758573387
2025-09-11,367000.34755466954,218728.22683445606,495876.5895458596,599955.4076902245
2025-09-12,361090.02757071034,218735.00573856564,487890.562543525,590292.9750196312
2025-09-15,358403.5301327564,218759.7024508944,484260.5660053628,585900.9792081688
2025-09-16,359478.14832328336,218766.48135500398,485712.59058441094,587657.8089467857
2025-09-17,361627.320653186,218773.26025911357,488616.55319656304,591171.3637105797
2025-09-18,365925.7293641426,218780.03916322315,494424.56496681145,598198.5779516075
2025-09-19,370761.4311575748,218786.81806733273,500958.5673900979,606104.1808835838
2025-09-22,382044.7460174419,218811.5147796615,516204.58746875694,624550.6051771019
2025-09-23,383656.6252648689,218818.29368377107,518382.559427871,627185.7712499474
2025-09-24,384731.24345539586,218825.07258788066,519834.5840069192,628942.6009885643
2025-09-25,390104.23833130376,218831.85149199024,527094.5770832436,637726.5926114891
2025-09-26,375597.13295100705,218838.63039609982,507492.5698133843,614009.7838155602
2025-09-29,384193.91834734456,218863.32710842858,519108.55008090904,628064.1599408959
2025-09-30,380970.12782691495,218870.10601253816,514752.5628897088,622793.775438485
2025-10-09,385268.5365378715,218948.55614952446,520560.5746599572,629820.9896795128
2025-10-10,372373.34243057744,218955.33505363404,503136.58262218407,608739.3993131493
2025-10-13,364313.81809113995,218980.0317659628,492246.54973472527,595563.3595220421
2025-10-14,343359.131669984,218986.8106700724,463932.56808246544,561305.7817212914
2025-10-15,353567.82833932416,218993.58957418197,477726.56358207634,577995.3762761925
2025-10-16,350891.65919843694,219000.36847829155,474682.4206427194,582387.3720876549
2025-10-17,350902.5427600808,219007.14738240113,474581.79394434835,557792.1746007774
2025-10-20,350942.19344501226,219031.95738240113,474635.49230051273,576238.5988942955
2025-10-21,350953.0770066561,219038.76738240113,474650.2317525675,612253.0064336632
2025-10-22,350963.9605682999,219045.57738240113,474664.9712046223,607860.9582654808
2025-10-23,350974.84412994375,219052.38738240112,474679.7106566771,596441.8005697106
2025-10-24,350985.7276915876,219059.19738240112,474694.45010873186,628942.6009885643
2025-10-27,351025.3783765191,219084.00738240112,474748.14846489625,661443.4014074181
2025-10-28,351036.29303405335,219090.81738240112,474762.88791695103,662321.7900983666
2025-10-29,351047.2076915876,219097.62738240112,474777.6273690058,671984.1704122399
2025-10-30,351058.1223491219,219104.4373824011,474792.3668210606,650024.1913549278
2025-10-31,351069.0370066562,219111.2473824011,474807.1062731154,618401.7796270226
2025-11-03,351108.8009792589,219136.0573824011,474860.80462927977,616105.1716540195
2025-11-04,351119.7156367932,219142.8673824011,474875.54408133455,615828.0283038069
2025-11-05,351130.63029432745,219149.6773824011,474890.28353338933,615847.1522764097
2025-11-06,351141.5449518617,219156.4873824011,474905.0229854441,615866.2762490124
2025-11-07,351152.459609396,219163.2973824011,474919.7624374989,615885.4002216152
2025-11-10,351192.2235819987,219188.1073824011,474973.4607936633,615955.0721394235
2025-11-11,351203.138239533,219194.9173824011,474988.20024571806,615974.1961120262
2025-11-12,351214.0528970673,219201.7273824011,475002.93969777285,615993.320084629
2025-11-13,351224.96755460155,219208.5373824011,475017.6791498276,616012.4440572318
2025-11-14,351235.8822121358,219215.3473824011,475032.44969777286,616031.5991257249
2025-11-17,351275.64618473855,219240.15738240108,475086.2613416085,616101.3843312043
2025-11-18,351286.5608422728,219246.96738240108,475101.0318895537,616120.5393996974
2025-11-19,351297.4754998071,219253.77738240108,475115.80243749893,616139.6944681905
2025-11-20,351308.3901573414,219260.58738240108,475130.57298544416,616158.8495366836
2025-11-21,351319.30481487565,219267.39738240108,475145.3435333894,616178.0046051767
2025-11-24,351359.0687874784,219292.20738240107,475199.155177225,616247.7898106562
2025-11-25,351369.98344501265,219299.01738240107,475213.92572517024,616266.9448791493
2025-11-26,351380.8981025469,219305.82738240107,475228.69627311546,616286.0999476424
2025-11-27,351391.8127600812,219312.63738240107,475243.4668210607,616305.2550161355
2025-11-28,351402.7274176155,219319.44738240106,475258.2373690059,616324.4100846286
2025-12-01,351442.4913902182,219344.25738240106,475312.04901284154,616394.1952901081
2025-12-02,351453.4060477525,219351.06738240106,475326.81956078677,616413.3503586012
2025-12-03,351464.32070528675,219357.87738240106,475341.590108732,616432.5054270943
2025-12-04,351475.235362821,219364.68738240105,475356.3606566772,616451.6604955874
2025-12-05,351486.1500203553,219371.49738240105,475371.13120462245,616470.8155640805
2025-12-08,351525.913992958,219396.30738240105,475424.9428484581,616540.60076956
2025-12-09,351536.8286504923,219403.11738240105,475439.7133964033,616559.7558380531
2025-12-10,351547.7433080266,219409.92738240105,475454.4839443485,616578.9109065462
2025-12-11,351558.65796556085,219416.73738240104,475469.25449229375,616598.0659750393
2025-12-12,351569.5726230951,219423.54738240104,475484.025040239,616617.2210435324
2025-12-15,351302.780698541,219448.35738240104,475537.8366840746,616687.0062490118
2025-12-16,347772.8047252016,219455.16738240104,475552.6072320198,616706.161317505
2025-12-17,348748.04384066863,219461.97738240103,475567.37777996506,616725.316385998
2025-12-18,347459.26896884246,220082.1210847665,476737.13615992817,617899.4592865091
2025-12-19,351039.2484839182,222349.60811002745,481127.93983195117,622565.215559604
2025-12-22,351755.2648718576,222803.11848981868,482108.9622852592,623835.244627597
2025-12-23,351699.84136464196,222768.01435501102,481648.0235684948,622854.1022727559
2025-12-24,351710.75602217624,222774.91764268227,481732.63336563145,623033.1602774371
2025-12-25,356124.43980974075,225570.7058064961,487778.17668653966,630681.9095871601
2025-12-26,357641.24288362375,226531.5077536129,489855.78089691635,633376.4159691909
2025-12-29,354607.63673585764,224609.9038593792,485700.57247616287,628003.6050809005
2025-12-30,350815.64035219065,222207.90615010491,480506.57742954727,621287.6114857772
2025-12-31,350436.4452342402,221967.70924258462,479987.1841166162,620616.0201323607
2026-01-05,363329.23745912424,230134.50431752435,497646.77346683975,643450.4063618758
2026-01-06,376980.44252199045,238781.70752454034,516345.1804015779,667628.0153287032
2026-01-07,373567.6412562739,236619.90672278634,511670.57866789337,661583.6130869964
2026-01-08,361433.23926729074,228933.5054628872,495049.77594353195,640092.4095643142
2026-01-09,359537.24107545725,227732.50660825006,492452.77842022415,636734.4127667525
2026-01-12,359158.04595750675,227492.30970072973,491933.385107293,636062.821413336
2026-01-13,359376.7745427534,227630.86087735483,492232.98328022845,636450.2109646325
2026-01-14,359387.93796741095,227637.91964447813,492248.28245831066,636469.9879509339
2026-01-15,359399.1013920685,227644.97841160142,492263.58163639286,636489.7649372353
2026-01-16,359410.26481672603,227652.0371787247,492278.88081447507,636509.5419235367
2026-01-19,359450.93509069865,227677.75348009457,492334.61834872165,636581.5928824408
2026-01-20,359462.0985153562,227684.81224721787,492349.91752680385,636601.3698687422
2026-01-21,359473.26194001373,227691.87101434116,492365.21670488606,636621.1468550436
2026-01-22,359484.4253646713,227698.92978146445,492380.51588296826,636640.923841345
2026-01-23,359495.5887893288,227705.98854858775,492395.81506105047,636660.7008276464
2026-01-26,359536.25906330143,227731.7048499576,492451.55259529705,636732.7517865505
2026-01-27,359547.422487959,227738.7636170809,492466.85177337925,636752.5287728519
2026-01-28,359558.5859126165,227745.8223842042,492482.15095146146,636772.3057591533
2026-01-29,359569.74933727406,227752.88115132748,492497.45012954366,636792.0827454547
2026-01-30,359580.9127619316,227759.93991845078,492512.74930762587,636811.8597317562
2026-02-02,359621.5830359042,227785.65621982064,492568.48684187245,636883.9106906602
2026-02-03,359632.74646056176,227792.71498694393,492583.78601995466,636903.6876769617
2026-02-04,359643.9098852193,227799.77375406722,492599.08519803686,636923.4646632631
2026-02-05,359655.07330987684,227806.83252119052,492614.38437611907,636943.2416495645
2026-02-06,359666.2367345344,227813.8912883138,492629.68355420127,636963.0186358659
2026-02-09,359706.907008507,227839.60758968367,492685.42108844785,637035.06959477
2026-02-10,359718.07043316454,227846.66635680696,492700.72026653006,637054.8776769617
2026-02-11,359729.2338578221,227853.72512393026,492716.01944461226,637074.6857591534
2026-02-12,359740.3972824796,227860.78389105355,492731.31862269447,637094.4938413452
2026-02-13,359751.56070713716,227867.84265817684,492746.6178007767,637114.3019235369
2026-02-24,359910.25837837,227968.189096533,492964.10875968076,637395.8908276465
2026-02-25,359921.42180302757,227975.2478636563,492979.40793776297,637415.6989098382
2026-02-26,359932.5852276851,227982.30663077958,492994.7071158452,637435.50699203
2026-02-27,359943.74865234265,227989.36539790287,493010.0062939274,637455.3150742217
2026-03-02,359984.41892631527,228015.08169927273,493065.8571158452,637527.479320797
2026-03-03,359995.5823509728,228022.17156228644,493081.1873898178,637547.2874029888
2026-03-04,360006.74577563035,228029.26142530015,493096.5176637904,637567.0954851805
2026-03-05,360017.9402961783,228036.35128831386,493111.84793776297,637586.9035673722
2026-03-06,360029.1348167262,228043.44115132757,493127.17821173556,637606.711649564
2026-03-09,360069.91837837006,228069.27074036867,493183.0290336534,637678.8758961393
2026-03-10,360081.112898918,228076.36060338237,493198.359307626,637698.683978331
2026-03-11,360092.3074194659,228083.45046639608,493213.68958159856,637718.4920605228
2026-03-12,360103.50194001384,228090.5403294098,493229.01985557115,637738.3001427145
2026-03-13,360114.69646056177,228097.6301924235,493244.35012954375,637758.1082249063
2026-03-16,360155.4800222056,228123.4597814646,493300.20095146156,637830.2724714816
2026-03-17,360166.67454275355,228130.5496444783,493315.53122543416,637850.0805536733
2026-03-18,360177.8690633015,228137.63950749201,493330.86149940675,637869.8886358651
2026-03-19,360189.0635838494,228144.72937050572,493346.19177337934,637889.6967180568
2026-03-20,360290.5343922135,228208.98370411503,493485.1681665489,638035.8457340072
2026-03-23,352732.9190762994,223423.3740058195,483133.94718924264,625973.312729782
2026-03-24,366588.5283859727,232196.97990086192,502111.15994015435,650564.9292530478
2026-03-25,377924.9325903413,239375.38256313914,517637.9656986306,670685.3367151679
2026-03-26,374461.0208781717,237181.9751467955,512893.64965716115,664537.4159278335
2026-03-27,370682.2319897172,234789.18218281382,507718.06487599114,657830.6356491507
2026-03-30,356826.6226800439,226015.5762877714,488740.85212507943,633239.0191258849
2026-03-31,347379.6316894052,220033.58199265116,475801.8644646714,616472.0351161421
2026-04-01,347379.6316894052,220033.58199265116,475801.8644646714,616472.0351161421
2026-04-02,336274.9064215163,219106.44676434327,473796.4811950165,613873.3596943704
2026-04-03,336002.16484726267,219113.25676434327,473811.18955118087,613892.4214751923
2026-04-07,335172.5615900895,219147.06676434327,473884.2129758384,613987.05859848
2026-04-08,335182.9787133772,227930.81958146443,489024.2354100513,629131.4344573503
2026-04-09,334638.63303314603,230341.02047534336,495676.9563812454,639424.1391882965
2026-04-10,339318.66613063274,237839.41970916142,511813.3547324379,660242.137061126
2026-04-13,342546.9933934785,238910.62188001027,514118.5594040592,663216.1430881092
2026-04-14,350640.3950877763,244534.4133243119,526220.8409923753,678829.6193347047
2026-04-15,346791.0916991807,239981.8240508591,516423.7640756805,666190.1491150925
2026-04-16,357944.20694786083,247212.41077037208,531983.8354963502,686264.6122441362
2026-04-17,362484.4073243715,257656.61996455537,554459.5552820403,715261.1377701827
2026-04-20,362681.7930169679,261673.61613364567,563104.0470380028,726413.62713433
2026-04-21,363570.0992293931,262209.20923800813,564256.632198735,727900.6079897949
2026-04-22,371169.9896283723,276402.60208697664,594800.5168098648,767306.088136203
2026-04-23,368208.99245220196,273992.41715522157,589613.8492364128,760614.6299705574
2026-04-24,362879.202241478,264351.6135797058,568867.0415419777,733848.6200437614
2026-04-27,360707.79489952093,269439.8278817688,579816.7723197181,747975.1597509453
2026-04-28,355772.79960590374,264351.6135797058,568867.0415419777,733848.6200437614
2026-04-29,364853.200358925,265422.8157505548,571172.2462135991,736822.6260707448
2026-04-30,364359.6890636064,264887.2226461922,570019.6610528667,735335.6452152798
2026-05-06,373933.60111194616,271046.6071948563,583274.527801915,752436.1023173401
2026-05-07,379756.9026179887,282562.0025977646,608055.4179090698,784406.5895543167
2026-05-08,375907.5992293931,283365.4082164322,609784.330000325,786637.1051535675
2026-05-11,389824.3024297334,294613.02302928315,633988.9618772705,817864.146278865
2026-05-12,389133.40544181835,297291.02047534334,639751.9563812454,825299.1391882965
2026-05-13,399792.9858632661,309609.82149691926,666261.7585796554,859500.1420245239
2026-05-14,391206.09640556347,303450.4209861313,653006.8574804504,842399.6406064102
2026-05-15,392094.4026179887,296755.42737098085,638599.3712205131,823812.1583328316
2026-05-18,387455.5093951798,302111.4222631012,650125.360228463,838682.1441516945
2026-05-19,384706.697610167,302914.8278817688,651854.2723197181,840912.6597509453
2026-05-20,384718.63843208476,305057.2322234665,656464.6816629608,846860.6718049118
2026-05-21,384730.57925400254,292738.4312018906,629954.8794645508,812659.6689686844
2026-05-22,384742.5200759203,308806.41587825166,664532.8464884002,857269.6264252731
2026-05-25,384786.02254167374,322732.0281371628,694500.4728693207,895931.6604600021
2026-05-26,384797.9633635915,320911.1050845828,690581.8845377229,897418.6413154671
2026-05-27,384809.9041855093,320921.0557695143,690603.3407021065,889983.6484060356
2026-05-28,384821.8450074271,320931.0064544458,690624.79686649,915262.58884526
2026-05-29,384833.7858293449,320940.95713937725,690646.2530308736,893701.1448607513
2026-06-01,384877.2882950983,320977.20919417177,690724.4215240243,859500.1420245239
2026-06-02,384889.2291170161,320987.15987910324,690745.8776884079,908571.1306796143
2026-06-03,384901.16993893386,320997.1105640347,690767.3338527915,945002.6491150925
2026-06-04,384913.11076085165,321007.0612489662,690788.790017175,951694.1072807381
2026-06-05,384925.05158276943,321017.0430297881,690810.2461815586,916749.6583328316
2026-06-08,384968.55404852284,321053.4083722539,690888.4146747093,884035.6363520692
2026-06-09,384980.4948704406,321063.3901530758,690909.8708390929,932363.0902633736
2026-06-10,384992.4356923584,321073.3719338977,690931.3270034764,898162.0874271462
2026-06-11,385004.3765142762,321083.35371471965,690952.78316786,883292.1016082832
2026-06-12,385016.3484320844,321093.33549554157,690974.2393322436,878831.1590418884
2026-06-15,385059.9641855091,321129.7008380073,691052.4078253943,940541.6179165909
2026-06-16,385071.9361033173,321139.68261882925,691073.8950856683,962846.5966448853
2026-06-17,385083.90802112554,321149.66439965117,691095.3823459423,991099.5874271462
2026-06-18,385095.87993893377,321159.6461804731,691116.8696062163,1028274.6406064102
2026-06-22,385155.3176101666,321209.2033037608,691223.5486473122,1046118.588136203
2026-06-23,385167.28952797485,321219.1850845827,691245.0359075862,997791.1342248984
2026-06-24,385179.2614457831,321229.16686540464,691266.5231678602,1031248.6023173401
2026-06-25,385191.2333635913,321239.14864622656,691288.0104281342,1069910.6363520694
2026-06-26,385203.20528139954,321249.1304270485,691309.4976884082,1010430.6044445107
2026-06-29,385246.8210348242,321285.49576951424,691387.7794692302,995560.6186256477
2026-06-30,385258.7929526324,321295.47755033616,691409.2667295042,992582.9063677794
2026-07-01,385270.76487044065,321305.4593311581,691430.7539897782,992613.753491067
2026-07-02,385282.7367882489,321315.44111198,691452.2412500522,992644.6006143546
2026-07-03,385294.7087060571,321325.42289280193,691473.7285103262,992675.4477376422
2026-07-06,385338.32445948175,321361.7882352677,691552.0102911482,992787.8291075053
2026-07-07,385350.29637729,321371.7700160896,691573.4975514222,992818.6762307929
2026-07-08,385362.2682950982,321381.7517969115,691594.9848116962,992849.5233540805
2026-07-09,385374.24021290644,321391.73357773345,691616.4720719702,992880.3704773681
2026-07-10,385386.2121307147,321401.7153585554,691637.9593322442,992911.2176006557
2026-07-13,385429.8278841393,321438.0807010211,687087.5365150165,988394.894372469
2026-07-14,385441.79980194755,321448.06248184305,682471.1339570483,983787.8827734049
2026-07-15,385453.7717197558,321458.044262665,682492.3413543085,983818.4500336789
2026-07-16,385465.743637564,321468.0260434869,682513.5487515688,983849.0172939529
2026-07-17,370645.4590687392,309109.0538046662,682534.756148829,983879.5845542268
2026-07-20,382863.85348530987,319298.24914851825,689127.3841190664,990506.3121135053
2026-07-21,382863.85348530987,319298.24914851825,693912.8376270768,996076.2452934862
2026-07-22,383882.0707211135,320147.36352184456,698965.6478668686,1001856.3390631229
2026-07-23,383882.0707211135,320147.36352184456,708439.6388317582,1015437.326111272
2026-07-24,371663.6763045428,309958.1681779925,723282.217147493,1036714.1950268298
2026-07-27,374718.2673225043,312505.46068766754,711913.4129311081,1020416.9889826328
2026-07-28,372681.8631956218,310807.25724616693,669912.0454575059,960207.935609296
2026-07-29,379809.26246734837,316750.9566388432,672754.2653347489,964282.2641033679
2026-07-30,388379.9296693304,323897.78648103407,659490.6478668686,945268.8390631229
2026-07-31,386530.7534770468,322355.8063336723,663368.3523973281,949008.7448012135
2026-08-03,384219.2281262377,320428.285194289,660096.0292556083,945847.2766598188
2026-08-04,374973.2369439104,312718.292547118,644210.0444056785,923085.2983673536
2026-08-05,370350.2413527468,308863.29622353247,636267.0519807136,911704.309221121
2026-08-06,372199.4451002577,310405.2993484848,639444.2584194934,916256.7184468233
2026-08-07,368963.3316533068,307706.7881354206,633884.1353156364,908289.9853428327
2026-08-10,371274.8294488886,309634.28629721334,637855.6315281189,913980.479915949
2026-08-11,368587.8532717071,307039.7935156124,634768.8573387922,910479.6980260938
2026-08-12,365001.39964374446,304264.8148533986,630144.098896198,905863.522049253
2026-08-13,368093.78031047725,306842.39873859147,634571.6956066393,910362.8681158989
2026-08-14,359847.4045589819,299968.81895038346,620354.1374134325,891013.3426879214
2026-08-17,363626.9763782873,303119.1954610036,626870.4888271593,900101.393659292
2026-08-18,368093.78031047725,306842.39873859147,634571.6956066393,911160.5033947809
2026-08-19,366719.398005332,305696.813487737,632202.1261142992,907757.7472044809
2026-08-20,382524.99931606196,318871.21458026627,659452.5283741258,946889.9504496439
2026-08-21,380119.7688415899,316866.3891789602,655305.6758331561,940934.9749996052
2026-08-24,368437.3963669195,307128.81212207535,635164.1232895158,912011.2431480272
2026-08-25,378058.195383872,315148.0113026784,651751.3215946459,935830.840714155
2026-08-26,382868.57441219233,319157.59382220963,660044.8854374193,947740.5887915476
2026-08-27,383899.3816212072,320016.79983112076,661822.0978664659,950292.7066399439
2026-08-28,379432.5776890173,316293.5965535329,654120.8910869859,939233.596904455
2026-08-31,367062.97310146235,305983.19272968033,632794.4831775926,908608.3855463846
2026-09-01,366719.398005332,305696.813487737,632202.1261142992,907757.7472044809
2026-09-02,366719.398005332,305696.813487737,632202.1261142992,907757.7472044809
2026-09-03,375653.00586971187,313143.22004291276,647604.5396732591,929875.9666754587
2026-09-04,373247.7753952398,311138.3946416066,643457.6871322893,923920.9912254198
2026-09-07,369468.2035759344,307988.0181309865,636941.3357185625,914563.3609964235
2026-09-08,371186.2019375219,309420.01676532486,639903.3328937792,918816.8569399698
2026-09-09,365001.39964374446,304264.8148533986,629240.1289390825,903504.2512609346
2026-09-10,354587.87644519715,295510.0941641592,611611.3948259235,878385.9913346859
