datetime,open,high,low,close,vol,amount,float_shares
2021-03-19,0.4880000054836273,0.49799999594688416,0.4880000054836273,0.49000000953674316,62582904.0,61433124.0,995490.4375
2021-03-22,0.4909999966621399,0.5009999871253967,0.49000000953674316,0.5,24145228.0,24013438.0,995490.4375
2021-03-23,0.5,0.5070000290870667,0.49799999594688416,0.5049999952316284,46863312.0,47179584.0,995490.4375
2021-03-24,0.5049999952316284,0.5090000033378601,0.5009999871253967,0.503000020980835,20546664.0,20776402.0,995490.4375
2021-03-25,0.503000020980835,0.5239999890327454,0.5,0.5189999938011169,35799828.0,36881516.0,995490.4375
2021-03-26,0.5189999938011169,0.5239999890327454,0.5149999856948853,0.5210000276565552,19279270.0,20065380.0,995490.4375
2021-03-29,0.5210000276565552,0.527999997138977,0.5139999985694885,0.515999972820282,15229651.0,15866377.0,995490.4375
2021-03-30,0.5109999775886536,0.5260000228881836,0.5109999775886536,0.5130000114440918,8827734.0,9080190.0,995490.4375
2021-03-31,0.5149999856948853,0.5210000276565552,0.5139999985694885,0.515999972820282,13922461.0,14420406.0,995490.4375
2021-04-01,0.5189999938011169,0.5189999938011169,0.5120000243186951,0.5170000195503235,10183944.0,10492813.0,995490.4375
2021-04-02,0.515999972820282,0.5260000228881836,0.515999972820282,0.5210000276565552,6827174.0,7130441.0,995490.4375
2021-04-06,0.5220000147819519,0.5249999761581421,0.5189999938011169,0.5230000019073486,8887872.0,9257415.0,995490.4375
2021-04-07,0.5180000066757202,0.5210000276565552,0.5139999985694885,0.5180000066757202,4721644.0,4872863.5,995490.4375
2021-04-08,0.5180000066757202,0.5180000066757202,0.5130000114440918,0.5139999985694885,4227038.0,4354229.5,995490.4375
2021-04-09,0.5170000195503235,0.5170000195503235,0.5090000033378601,0.5120000243186951,7755500.0,7923456.5,995490.4375
2021-04-12,0.5109999775886536,0.5130000114440918,0.503000020980835,0.5059999823570251,5858422.0,5961414.0,995490.4375
2021-04-13,0.5080000162124634,0.5130000114440918,0.5040000081062317,0.5099999904632568,3574126.0,3648190.5,995490.4375
2021-04-14,0.5139999985694885,0.5170000195503235,0.5090000033378601,0.5170000195503235,5457549.0,5614049.5,995490.4375
2021-04-15,0.515999972820282,0.5230000019073486,0.5130000114440918,0.5170000195503235,7058652.0,7323347.0,995490.4375
2021-04-16,0.5170000195503235,0.5299999713897705,0.515999972820282,0.5289999842643738,13484672.0,14196130.0,995490.4375
2021-04-19,0.5289999842643738,0.5400000214576721,0.5239999890327454,0.5379999876022339,7821215.0,8353283.0,995490.4375
2021-04-20,0.5389999747276306,0.5440000295639038,0.5339999794960022,0.5339999794960022,7431398.0,7992892.0,995490.4375
2021-04-21,0.5419999957084656,0.5419999957084656,0.5299999713897705,0.5339999794960022,4167422.0,4453790.5,995490.4375
2021-04-22,0.5339999794960022,0.5410000085830688,0.5329999923706055,0.5400000214576721,5246122.0,5641979.5,995490.4375
2021-04-23,0.5400000214576721,0.5400000214576721,0.5329999923706055,0.5350000262260437,5538235.0,5930727.0,995490.4375
2021-04-26,0.5370000004768372,0.5389999747276306,0.5249999761581421,0.5260000228881836,3520247.0,3754704.75,995490.4375
2021-04-27,0.5260000228881836,0.5270000100135803,0.5189999938011169,0.5270000100135803,4364714.0,4558542.5,995490.4375
2021-04-28,0.527999997138977,0.527999997138977,0.5189999938011169,0.5239999890327454,3616615.0,3776100.5,995490.4375
2021-04-29,0.5239999890327454,0.5270000100135803,0.5220000147819519,0.5260000228881836,2903619.0,3047309.5,995490.4375
2021-04-30,0.5249999761581421,0.5260000228881836,0.5180000066757202,0.5210000276565552,4222005.0,4392336.5,995490.4375
2021-05-06,0.5170000195503235,0.5239999890327454,0.5120000243186951,0.5189999938011169,2384801.0,2468003.0,995490.4375
2021-05-07,0.5189999938011169,0.5239999890327454,0.515999972820282,0.5170000195503235,2451306.0,2543089.25,995490.4375
2021-05-10,0.5230000019073486,0.5299999713897705,0.5180000066757202,0.527999997138977,5332420.0,5596273.0,995490.4375
2021-05-11,0.527999997138977,0.5320000052452087,0.5220000147819519,0.5289999842643738,8621023.0,9112803.0,995490.4375
2021-05-12,0.5289999842643738,0.5320000052452087,0.5220000147819519,0.531000018119812,4679018.0,4948358.5,995490.4375
2021-05-13,0.5260000228881836,0.5370000004768372,0.5239999890327454,0.5299999713897705,2593408.0,2760696.5,995490.4375
2021-05-14,0.5329999923706055,0.5529999732971191,0.531000018119812,0.5519999861717224,9513044.0,10347228.0,995490.4375
2021-05-17,0.5519999861717224,0.5529999732971191,0.5460000038146973,0.546999990940094,4663625.0,5111758.0,995490.4375
2021-05-18,0.5450000166893005,0.5529999732971191,0.5440000295639038,0.5490000247955322,3971430.0,4364361.5,995490.4375
2021-05-19,0.550000011920929,0.5509999990463257,0.5440000295639038,0.5460000038146973,1958547.0,2144833.25,995490.4375
2021-05-20,0.5440000295639038,0.5490000247955322,0.5400000214576721,0.5460000038146973,2410509.0,2620121.0,995490.4375
2021-05-21,0.5460000038146973,0.546999990940094,0.5370000004768372,0.5370000004768372,2034902.0,2203559.0,995490.4375
2021-05-24,0.5389999747276306,0.5540000200271606,0.5389999747276306,0.550000011920929,5781107.0,6347753.5,995490.4375
2021-05-25,0.550000011920929,0.5699999928474426,0.5479999780654907,0.5680000185966492,4415060.0,4954055.5,995490.4375
2021-05-26,0.574999988079071,0.5770000219345093,0.5649999976158142,0.5669999718666077,7998314.0,9084134.0,995490.4375
2021-05-27,0.5600000023841858,0.5789999961853027,0.5600000023841858,0.5680000185966492,3918057.0,4436241.0,995490.4375
2021-05-28,0.5669999718666077,0.5690000057220459,0.5630000233650208,0.5649999976158142,2831022.0,3196220.0,995490.4375
2021-05-31,0.5649999976158142,0.5740000009536743,0.5640000104904175,0.5740000009536743,3361382.0,3833883.25,995490.4375
2021-06-01,0.5759999752044678,0.5799999833106995,0.5669999718666077,0.5709999799728394,5796018.0,6614605.0,995490.4375
2021-06-02,0.5720000267028809,0.5720000267028809,0.5569999814033508,0.5590000152587891,7215701.0,8106578.0,995490.4375
2021-06-03,0.5590000152587891,0.5690000057220459,0.5559999942779541,0.5559999942779541,6603501.0,7427287.0,995490.4375
2021-06-04,0.5490000247955322,0.5600000023841858,0.5490000247955322,0.5529999732971191,5795901.0,6402854.0,995490.4375
2021-06-07,0.550000011920929,0.5640000104904175,0.550000011920929,0.5640000104904175,4106810.0,4587571.0,995490.4375
2021-06-08,0.5649999976158142,0.574999988079071,0.5649999976158142,0.5669999718666077,3781120.0,4301877.0,995490.4375
2021-06-09,0.5569999814033508,0.5699999928474426,0.5569999814033508,0.5690000057220459,2090028.0,2361651.5,995490.4375
2021-06-10,0.5619999766349792,0.597000002861023,0.5619999766349792,0.5960000157356262,9317998.0,10947952.0,995490.4375
2021-06-11,0.6079999804496765,0.6100000143051147,0.5979999899864197,0.6029999852180481,7840502.0,9461600.0,995490.4375
2021-06-15,0.597000002861023,0.6119999885559082,0.5950000286102295,0.6019999980926514,6574306.0,7957721.5,995490.4375
2021-06-16,0.5950000286102295,0.6039999723434448,0.5870000123977661,0.5920000076293945,5032104.0,5989733.5,995490.4375
2021-06-17,0.5920000076293945,0.6100000143051147,0.5860000252723694,0.6050000190734863,6302920.0,7558144.5,995490.4375
2021-06-18,0.6050000190734863,0.6150000095367432,0.5989999771118164,0.609000027179718,3251903.0,3954063.5,995490.4375
2021-06-21,0.6019999980926514,0.6200000047683716,0.6019999980926514,0.6200000047683716,5303022.0,6535804.0,995490.4375
2021-06-22,0.6190000176429749,0.6269999742507935,0.6159999966621399,0.6190000176429749,3262646.0,4055631.0,995490.4375
2021-06-23,0.621999979019165,0.621999979019165,0.6110000014305115,0.6179999709129333,3258300.0,4006785.5,995490.4375
2021-06-24,0.6190000176429749,0.6200000047683716,0.6069999933242798,0.6079999804496765,2798216.0,3417685.0,995490.4375
2021-06-25,0.6079999804496765,0.6200000047683716,0.6000000238418579,0.6100000143051147,4608702.0,5626769.0,995490.4375
2021-06-28,0.6079999804496765,0.6159999966621399,0.6029999852180481,0.6110000014305115,3906801.0,4761905.0,995490.4375
2021-06-29,0.6050000190734863,0.6230000257492065,0.6029999852180481,0.6050000190734863,8266617.0,10120333.0,995490.4375
2021-06-30,0.6039999723434448,0.6150000095367432,0.6039999723434448,0.6150000095367432,2875701.0,3507961.0,995490.4375
2021-07-01,0.6150000095367432,0.6200000047683716,0.5899999737739563,0.5929999947547913,6818706.0,8178339.5,995490.4375
2021-07-02,0.5929999947547913,0.5929999947547913,0.5809999704360962,0.5849999785423279,3976012.0,4653195.0,995490.4375
2021-07-05,0.5870000123977661,0.5870000123977661,0.5809999704360962,0.5839999914169312,2697601.0,3150529.75,995490.4375
2021-07-06,0.5799999833106995,0.5979999899864197,0.5799999833106995,0.5899999737739563,3625503.0,4277450.0,995490.4375
2021-07-07,0.5879999995231628,0.5910000205039978,0.5799999833106995,0.5899999737739563,4589500.0,5376689.5,995490.4375
2021-07-08,0.5889999866485596,0.5960000157356262,0.5879999995231628,0.593999981880188,6551107.0,7757020.5,995490.4375
2021-07-09,0.593999981880188,0.593999981880188,0.5820000171661377,0.5879999995231628,3295902.0,3855237.0,995490.4375
2021-07-12,0.5899999737739563,0.6129999756813049,0.5899999737739563,0.6129999756813049,7474605.0,9013896.0,995490.4375
2021-07-13,0.6140000224113464,0.625,0.6079999804496765,0.6100000143051147,4607478.0,5641714.5,995490.4375
2021-07-14,0.6100000143051147,0.6179999709129333,0.6060000061988831,0.6079999804496765,5158013.0,6314473.0,995490.4375
2021-07-15,0.6079999804496765,0.6079999804496765,0.5960000157356262,0.6019999980926514,3358402.0,4026031.25,995490.4375
2021-07-16,0.6010000109672546,0.6129999756813049,0.6000000238418579,0.6000000238418579,3569501.0,4333024.0,995490.4375
2021-07-19,0.6000000238418579,0.6050000190734863,0.5879999995231628,0.5899999737739563,4000000.0,4725504.0,995490.4375
2021-07-20,0.5889999866485596,0.593999981880188,0.5849999785423279,0.5920000076293945,3942500.0,4651664.5,995490.4375
2021-07-21,0.5960000157356262,0.6110000014305115,0.5960000157356262,0.6110000014305115,6459410.0,7840338.0,995490.4375
2021-07-22,0.6110000014305115,0.6140000224113464,0.6069999933242798,0.6140000224113464,3408910.0,4163974.25,995490.4375
2021-07-23,0.6140000224113464,0.6140000224113464,0.5979999899864197,0.5989999771118164,3752900.0,4521893.5,995490.4375
2021-07-26,0.5989999771118164,0.5989999771118164,0.5709999799728394,0.5789999961853027,4245700.0,4958161.5,995490.4375
2021-07-27,0.578000009059906,0.5849999785423279,0.5669999718666077,0.5680000185966492,4181204.0,4824003.0,995490.4375
2021-07-28,0.5630000233650208,0.5649999976158142,0.5410000085830688,0.546999990940094,4669018.0,5119722.0,995490.4375
2021-07-29,0.550000011920929,0.5690000057220459,0.550000011920929,0.5659999847412109,3536302.0,3983284.75,995490.4375
2021-07-30,0.5669999718666077,0.5709999799728394,0.5590000152587891,0.5709999799728394,2736000.0,3090950.5,995490.4375
2021-08-02,0.5659999847412109,0.5789999961853027,0.5590000152587891,0.5789999961853027,1877600.0,2141547.0,995490.4375
2021-08-03,0.5789999961853027,0.5839999914169312,0.5699999928474426,0.5730000138282776,1596200.0,1837519.75,995490.4375
2021-08-04,0.5699999928474426,0.5799999833106995,0.5690000057220459,0.5789999961853027,2148800.0,2467186.5,995490.4375
2021-08-05,0.574999988079071,0.574999988079071,0.5590000152587891,0.5649999976158142,4213002.0,4763959.5,995490.4375
2021-08-06,0.5680000185966492,0.5680000185966492,0.5640000104904175,0.5659999847412109,2505800.0,2834655.0,995490.4375
2021-08-09,0.5659999847412109,0.578000009059906,0.5659999847412109,0.578000009059906,1847202.0,2120881.0,995490.4375
2021-08-10,0.578000009059906,0.5799999833106995,0.5730000138282776,0.574999988079071,1605800.0,1850782.75,995490.4375
2021-08-11,0.574999988079071,0.574999988079071,0.5699999928474426,0.5709999799728394,846600.0,967565.6875,995490.4375
2021-08-12,0.5730000138282776,0.5809999704360962,0.5709999799728394,0.5730000138282776,2679700.0,3075623.5,995490.4375
2021-08-13,0.5730000138282776,0.5730000138282776,0.5609999895095825,0.5640000104904175,1878308.0,2120558.75,995490.4375
2021-08-16,0.5640000104904175,0.5730000138282776,0.5640000104904175,0.5669999718666077,1709501.0,1946175.5,995490.4375
2021-08-17,0.5669999718666077,0.5690000057220459,0.5550000071525574,0.5559999942779541,2294000.0,2572460.75,995490.4375
2021-08-18,0.5559999942779541,0.5849999785423279,0.5519999861717224,0.5849999785423279,4694600.0,5421315.0,995490.4375
2021-08-19,0.5839999914169312,0.5870000123977661,0.574999988079071,0.574999988079071,2860600.0,3321192.25,995490.4375
2021-08-20,0.5709999799728394,0.574999988079071,0.5569999814033508,0.5659999847412109,3320700.0,3745048.25,995490.4375
2021-08-23,0.5640000104904175,0.5740000009536743,0.5640000104904175,0.5730000138282776,1126400.0,1287844.5,995490.4375
2021-08-24,0.574999988079071,0.5799999833106995,0.5709999799728394,0.5770000219345093,2723423.0,3131390.75,995490.4375
2021-08-25,0.5770000219345093,0.5770000219345093,0.5690000057220459,0.5709999799728394,2296801.0,2628454.25,995490.4375
2021-08-26,0.5720000267028809,0.5720000267028809,0.5580000281333923,0.5590000152587891,1846723.0,2072668.125,995490.4375
2021-08-27,0.5580000281333923,0.5580000281333923,0.5529999732971191,0.5559999942779541,2695200.0,2993852.75,995490.4375
2021-08-30,0.5559999942779541,0.5609999895095825,0.5490000247955322,0.5509999990463257,1880800.0,2083691.625,995490.4375
2021-08-31,0.5540000200271606,0.5580000281333923,0.546999990940094,0.5580000281333923,1135107.0,1254994.125,995490.4375
2021-09-01,0.5559999942779541,0.5709999799728394,0.5479999780654907,0.5640000104904175,2030800.0,2283568.25,995490.4375
2021-09-02,0.5640000104904175,0.5659999847412109,0.5600000023841858,0.5640000104904175,2158400.0,2426930.5,995490.4375
2021-09-03,0.5789999961853027,0.5860000252723694,0.5709999799728394,0.5759999752044678,5340502.0,6190329.0,995490.4375
2021-09-06,0.5669999718666077,0.593999981880188,0.5669999718666077,0.5899999737739563,6885702.0,8077219.5,995490.4375
2021-09-07,0.5899999737739563,0.6019999980926514,0.5899999737739563,0.6000000238418579,5114516.0,6102413.0,995490.4375
2021-09-08,0.5960000157356262,0.6140000224113464,0.5960000157356262,0.6019999980926514,3418700.0,4148368.0,995490.4375
2021-09-09,0.5979999899864197,0.6000000238418579,0.5860000252723694,0.5950000286102295,2312003.0,2751090.25,995490.4375
2021-09-10,0.5950000286102295,0.6079999804496765,0.5950000286102295,0.6010000109672546,3630601.0,4378228.5,995490.4375
2021-09-13,0.5989999771118164,0.6060000061988831,0.5960000157356262,0.5989999771118164,3668400.0,4409073.0,995490.4375
2021-09-14,0.5960000157356262,0.6110000014305115,0.5960000157356262,0.5979999899864197,1162508.0,1405497.25,995490.4375
2021-09-15,0.6060000061988831,0.6060000061988831,0.5889999866485596,0.5910000205039978,1732500.0,2057181.375,995490.4375
2021-09-16,0.5910000205039978,0.5950000286102295,0.5770000219345093,0.578000009059906,2038400.0,2378009.75,995490.4375
2021-09-17,0.574999988079071,0.5809999704360962,0.5709999799728394,0.578000009059906,2481601.0,2850638.75,995490.4375
2021-09-22,0.5699999928474426,0.578000009059906,0.5690000057220459,0.5730000138282776,1921500.0,2196554.0,995490.4375
2021-09-23,0.5730000138282776,0.5860000252723694,0.5730000138282776,0.5839999914169312,1792400.0,2089553.75,995490.4375
2021-09-24,0.5799999833106995,0.5899999737739563,0.578000009059906,0.578000009059906,2771804.0,3247851.0,995490.4375
2021-09-27,0.5809999704360962,0.5920000076293945,0.5690000057220459,0.5690000057220459,1240501.0,1442014.75,995490.4375
2021-09-28,0.5699999928474426,0.5809999704360962,0.5619999766349792,0.5720000267028809,1776315.0,2024807.875,995490.4375
2021-09-29,0.5690000057220459,0.5690000057220459,0.5490000247955322,0.5509999990463257,6801200.0,7521240.0,995490.4375
2021-09-30,0.5529999732971191,0.5640000104904175,0.5529999732971191,0.5619999766349792,4213601.0,4716303.0,995490.4375
2021-10-08,0.5600000023841858,0.5740000009536743,0.5600000023841858,0.5709999799728394,5223100.0,5973417.0,995490.4375
2021-10-11,0.5720000267028809,0.5960000157356262,0.5680000185966492,0.5690000057220459,2189502.0,2498828.25,995490.4375
2021-10-12,0.5680000185966492,0.5680000185966492,0.5509999990463257,0.5569999814033508,3366000.0,3738486.75,995490.4375
2021-10-13,0.5519999861717224,0.5619999766349792,0.5519999861717224,0.5609999895095825,1139100.0,1266371.375,995490.4375
2021-10-14,0.5640000104904175,0.5640000104904175,0.5540000200271606,0.5580000281333923,3937300.0,4385855.5,995490.4375
2021-10-15,0.5580000281333923,0.5630000233650208,0.5529999732971191,0.5580000281333923,662301.0,739153.4375,995490.4375
2021-10-18,0.5580000281333923,0.5619999766349792,0.5509999990463257,0.5559999942779541,2403000.0,2657927.25,995490.4375
2021-10-19,0.5580000281333923,0.5659999847412109,0.5580000281333923,0.5619999766349792,1293500.0,1454966.875,995490.4375
2021-10-20,0.5619999766349792,0.574999988079071,0.5619999766349792,0.5659999847412109,2696500.0,3080451.25,995490.4375
2021-10-21,0.5659999847412109,0.5690000057220459,0.5600000023841858,0.5609999895095825,1021900.0,1149089.25,995490.4375
2021-10-22,0.5609999895095825,0.5640000104904175,0.5580000281333923,0.5600000023841858,2235500.0,2497541.75,995490.4375
2021-10-25,0.5600000023841858,0.5609999895095825,0.550000011920929,0.5609999895095825,1839100.0,2033366.375,995490.4375
2021-10-26,0.5609999895095825,0.5609999895095825,0.5529999732971191,0.5550000071525574,1615000.0,1800821.875,995490.4375
2021-10-27,0.5540000200271606,0.5540000200271606,0.5370000004768372,0.5400000214576721,6771502.0,7331785.5,995490.4375
2021-10-28,0.5379999876022339,0.5410000085830688,0.5299999713897705,0.5320000052452087,2629301.0,2811401.75,995490.4375
2021-10-29,0.5299999713897705,0.5410000085830688,0.5299999713897705,0.5389999747276306,1458100.0,1565168.75,995490.4375
2021-11-01,0.5389999747276306,0.5450000166893005,0.5389999747276306,0.5429999828338623,1967100.0,2134063.5,995490.4375
2021-11-02,0.5440000295639038,0.5479999780654907,0.5329999923706055,0.5370000004768372,1674200.0,1816611.25,995490.4375
2021-11-03,0.5400000214576721,0.5419999957084656,0.5360000133514404,0.5410000085830688,233800.0,251933.0,995490.4375
2021-11-04,0.5429999828338623,0.546999990940094,0.5429999828338623,0.5440000295639038,730809.0,796069.375,995490.4375
2021-11-05,0.5450000166893005,0.5540000200271606,0.5450000166893005,0.5509999990463257,6215600.0,6847347.0,995490.4375
2021-11-08,0.5540000200271606,0.5540000200271606,0.5419999957084656,0.5450000166893005,1926000.0,2093297.25,995490.4375
2021-11-09,0.5450000166893005,0.5519999861717224,0.5450000166893005,0.5519999861717224,3050003.0,3355727.75,995490.4375
2021-11-10,0.5519999861717224,0.5590000152587891,0.5490000247955322,0.5540000200271606,1840509.0,2037227.375,995490.4375
2021-11-11,0.5529999732971191,0.5630000233650208,0.5529999732971191,0.5619999766349792,7217700.0,8065873.0,995490.4375
2021-11-12,0.5600000023841858,0.5649999976158142,0.5580000281333923,0.5640000104904175,1106801.0,1247534.375,995490.4375
2021-11-15,0.5640000104904175,0.5699999928474426,0.5640000104904175,0.5680000185966492,1227602.0,1394090.375,995490.4375
2021-11-16,0.5680000185966492,0.5690000057220459,0.5590000152587891,0.5590000152587891,1347300.0,1518406.75,995490.4375
2021-11-17,0.5590000152587891,0.5649999976158142,0.5529999732971191,0.5640000104904175,568800.0,638506.8125,995490.4375
2021-11-18,0.5649999976158142,0.5649999976158142,0.5519999861717224,0.5529999732971191,1045300.0,1160703.0,995490.4375
2021-11-19,0.5550000071525574,0.5600000023841858,0.5519999861717224,0.5590000152587891,643301.0,714805.375,995490.4375
2021-11-22,0.5580000281333923,0.5640000104904175,0.5559999942779541,0.5619999766349792,929200.0,1040330.125,995490.4375
2021-11-23,0.5619999766349792,0.5690000057220459,0.5600000023841858,0.5680000185966492,607200.0,685992.1875,995490.4375
2021-11-24,0.5699999928474426,0.5709999799728394,0.5640000104904175,0.5659999847412109,422301.0,478324.625,995490.4375
2021-11-25,0.5680000185966492,0.5740000009536743,0.5649999976158142,0.5690000057220459,1315501.0,1502580.875,995490.4375
2021-11-26,0.5690000057220459,0.6209999918937683,0.5619999766349792,0.5899999737739563,9388354.0,11014856.0,995490.4375
2021-11-29,0.5830000042915344,0.5839999914169312,0.5759999752044678,0.5809999704360962,4436648.0,5143301.0,995490.4375
2021-11-30,0.5809999704360962,0.6019999980926514,0.5809999704360962,0.5960000157356262,10923601.0,12947486.0,995490.4375
2021-12-01,0.5960000157356262,0.6029999852180481,0.5929999947547913,0.6000000238418579,5781805.0,6934858.5,995490.4375
2021-12-02,0.6000000238418579,0.6000000238418579,0.5889999866485596,0.5889999866485596,4797500.0,5685120.5,995490.4375
2021-12-03,0.5929999947547913,0.5989999771118164,0.5889999866485596,0.5899999737739563,4542200.0,5383141.0,995490.4375
2021-12-06,0.5899999737739563,0.5950000286102295,0.5839999914169312,0.5839999914169312,4734503.0,5592177.5,995490.4375
2021-12-07,0.5839999914169312,0.5929999947547913,0.5830000042915344,0.5889999866485596,3385900.0,3980684.25,995490.4375
2021-12-08,0.5899999737739563,0.597000002861023,0.5830000042915344,0.597000002861023,4281200.0,5075504.0,995490.4375
2021-12-09,0.5950000286102295,0.6069999933242798,0.593999981880188,0.6000000238418579,7817708.0,9386349.0,995490.4375
2021-12-10,0.5989999771118164,0.5989999771118164,0.5929999947547913,0.593999981880188,4377100.0,5204893.5,995490.4375
2021-12-13,0.5929999947547913,0.609000027179718,0.5929999947547913,0.6039999723434448,5603615.0,6795988.0,995490.4375
2021-12-14,0.6039999723434448,0.6200000047683716,0.6010000109672546,0.6179999709129333,10029468.0,12254159.0,995490.4375
2021-12-15,0.6200000047683716,0.6290000081062317,0.6150000095367432,0.6169999837875366,8694149.0,10796412.0,995490.4375
2021-12-16,0.621999979019165,0.625,0.6159999966621399,0.6179999709129333,7874612.0,9727946.0,995490.4375
2021-12-17,0.6179999709129333,0.6240000128746033,0.6100000143051147,0.6119999885559082,8399506.0,10336952.0,995490.4375
2021-12-20,0.6110000014305115,0.6179999709129333,0.6039999723434448,0.6060000061988831,5858100.0,7154973.0,995490.4375
2021-12-21,0.6079999804496765,0.6200000047683716,0.6079999804496765,0.6200000047683716,10419200.0,12838402.0,995490.4375
2021-12-22,0.6230000257492065,0.6240000128746033,0.6150000095367432,0.6159999966621399,6774400.0,8382474.5,995490.4375
2021-12-23,0.6169999837875366,0.6209999918937683,0.6129999756813049,0.6150000095367432,4455501.0,5495741.0,995490.4375
2021-12-24,0.6150000095367432,0.6169999837875366,0.6010000109672546,0.6010000109672546,5376803.0,6513635.0,995490.4375
2021-12-27,0.6050000190734863,0.6050000190734863,0.5920000076293945,0.597000002861023,5844500.0,6970902.5,995490.4375
2021-12-28,0.6150000095367432,0.6150000095367432,0.5889999866485596,0.6129999756813049,7531205.0,9200651.0,995490.4375
2021-12-29,0.6119999885559082,0.6119999885559082,0.6010000109672546,0.6029999852180481,4239000.0,5123276.0,995490.4375
2021-12-30,0.6029999852180481,0.6119999885559082,0.6010000109672546,0.6100000143051147,3146600.0,3837954.0,995490.4375
2021-12-31,0.609000027179718,0.6179999709129333,0.6079999804496765,0.6140000224113464,6420302.0,7877746.5,995490.4375
2022-01-04,0.6179999709129333,0.628000020980835,0.6140000224113464,0.625,8813048.0,10923232.0,995490.4375
2022-01-05,0.6269999742507935,0.6399999856948853,0.6129999756813049,0.6159999966621399,9524700.0,11920990.0,995490.4375
2022-01-06,0.609000027179718,0.6209999918937683,0.6079999804496765,0.6119999885559082,9032700.0,11113619.0,995490.4375
2022-01-07,0.6190000176429749,0.6309999823570251,0.6000000238418579,0.6010000109672546,8810403.0,10834307.0,995490.4375
2022-01-10,0.5950000286102295,0.6159999966621399,0.5889999866485596,0.609000027179718,9467400.0,11452279.0,995490.4375
2022-01-11,0.6079999804496765,0.6079999804496765,0.5910000205039978,0.5929999947547913,5713000.0,6827473.5,995490.4375
2022-01-12,0.593999981880188,0.6029999852180481,0.593999981880188,0.6000000238418579,4593600.0,5505985.5,995490.4375
2022-01-13,0.6050000190734863,0.6129999756813049,0.5979999899864197,0.6010000109672546,8902001.0,10762413.0,995490.4375
2022-01-14,0.6000000238418579,0.6029999852180481,0.593999981880188,0.5950000286102295,4542201.0,5433730.0,995490.4375
2022-01-17,0.6039999723434448,0.6340000033378601,0.6039999723434448,0.6320000290870667,23602016.0,29357420.0,995490.4375
2022-01-18,0.6430000066757202,0.6539999842643738,0.628000020980835,0.6290000081062317,35212000.0,45023884.0,995490.4375
2022-01-19,0.628000020980835,0.6389999985694885,0.6200000047683716,0.6349999904632568,18938400.0,23913756.0,995490.4375
2022-01-20,0.6349999904632568,0.640999972820282,0.6190000176429749,0.6370000243186951,19803904.0,25042306.0,995490.4375
2022-01-21,0.6370000243186951,0.6470000147819519,0.6269999742507935,0.628000020980835,19492700.0,24775158.0,995490.4375
2022-01-24,0.625,0.6439999938011169,0.6209999918937683,0.6349999904632568,16177200.0,20622798.0,995490.4375
2022-01-25,0.6340000033378601,0.6340000033378601,0.6000000238418579,0.6000000238418579,28759300.0,35274260.0,995490.4375
2022-01-26,0.6019999980926514,0.6119999885559082,0.5920000076293945,0.6039999723434448,15170900.0,18244456.0,995490.4375
2022-01-27,0.6039999723434448,0.6039999723434448,0.5669999718666077,0.5680000185966492,16891900.0,19527920.0,995490.4375
2022-01-28,0.5690000057220459,0.5849999785423279,0.5690000057220459,0.5730000138282776,11950300.0,13812928.0,995490.4375
2022-02-07,0.5830000042915344,0.5870000123977661,0.5699999928474426,0.5730000138282776,9483400.0,10915203.0,995490.4375
2022-02-08,0.5680000185966492,0.5839999914169312,0.5609999895095825,0.5830000042915344,9660400.0,11077751.0,995490.4375
2022-02-09,0.5860000252723694,0.6309999823570251,0.5860000252723694,0.6309999823570251,31838802.0,38979196.0,995490.4375
2022-02-10,0.6290000081062317,0.6290000081062317,0.6110000014305115,0.6150000095367432,39077700.0,48091148.0,995490.4375
2022-02-11,0.6069999933242798,0.628000020980835,0.6060000061988831,0.6140000224113464,54951200.0,67994664.0,995490.4375
2022-02-14,0.6039999723434448,0.6100000143051147,0.5889999866485596,0.597000002861023,33024300.0,39586568.0,995490.4375
2022-02-15,0.5960000157356262,0.6039999723434448,0.5910000205039978,0.6000000238418579,20751100.0,24796132.0,995490.4375
2022-02-16,0.6100000143051147,0.6169999837875366,0.593999981880188,0.597000002861023,26418600.0,31847818.0,995490.4375
2022-02-17,0.5910000205039978,0.6060000061988831,0.5849999785423279,0.5920000076293945,34802400.0,41541940.0,995490.4375
2022-02-18,0.5889999866485596,0.5979999899864197,0.5860000252723694,0.597000002861023,24906900.0,29568790.0,995490.4375
2022-02-21,0.597000002861023,0.6140000224113464,0.597000002861023,0.609000027179718,38705704.0,46983320.0,995490.4375
2022-02-22,0.6069999933242798,0.6069999933242798,0.5899999737739563,0.5929999947547913,22252402.0,26501750.0,995490.4375
2022-02-23,0.5929999947547913,0.6029999852180481,0.5899999737739563,0.5979999899864197,18120300.0,21630780.0,995490.4375
2022-02-24,0.5920000076293945,0.5920000076293945,0.5519999861717224,0.5669999718666077,44578100.0,50935328.0,995490.4375
2022-02-25,0.5690000057220459,0.5770000219345093,0.5669999718666077,0.5690000057220459,32179100.0,36761836.0,995490.4375
2022-02-28,0.5830000042915344,0.5910000205039978,0.574999988079071,0.5839999914169312,30146800.0,35099584.0,995490.4375
2022-03-01,0.5849999785423279,0.5929999947547913,0.5799999833106995,0.5910000205039978,28503300.0,33531368.0,995490.4375
2022-03-02,0.5889999866485596,0.593999981880188,0.5830000042915344,0.5889999866485596,21996700.0,25970902.0,995490.4375
2022-03-03,0.5950000286102295,0.5950000286102295,0.5789999961853027,0.5839999914169312,26833800.0,31325802.0,995490.4375
2022-03-04,0.578000009059906,0.5839999914169312,0.5669999718666077,0.5709999799728394,14214900.0,16298897.0,995490.4375
2022-03-07,0.5690000057220459,0.5690000057220459,0.5540000200271606,0.5580000281333923,15854200.0,17765116.0,995490.4375
2022-03-08,0.5569999814033508,0.5630000233650208,0.5460000038146973,0.5509999990463257,18149400.0,20215206.0,995490.4375
2022-03-09,0.550000011920929,0.5519999861717224,0.5130000114440918,0.5379999876022339,18289900.0,19524786.0,995490.4375
2022-03-10,0.5440000295639038,0.5569999814033508,0.5429999828338623,0.5440000295639038,18150000.0,19954286.0,995490.4375
2022-03-11,0.5329999923706055,0.5569999814033508,0.5260000228881836,0.5559999942779541,26156100.0,28276136.0,995490.4375
2022-03-14,0.5450000166893005,0.5569999814033508,0.5400000214576721,0.5400000214576721,13315900.0,14611820.0,995490.4375
2022-03-15,0.531000018119812,0.546999990940094,0.5189999938011169,0.5199999809265137,15605800.0,16706345.0,995490.4375
2022-03-16,0.5249999761581421,0.5400000214576721,0.5080000162124634,0.5389999747276306,32623400.0,34156232.0,995490.4375
2022-03-17,0.5419999957084656,0.5559999942779541,0.5419999957084656,0.5519999861717224,28091102.0,30873316.0,995490.4375
2022-03-18,0.5479999780654907,0.5550000071525574,0.5419999957084656,0.550000011920929,19257300.0,21078026.0,995490.4375
2022-03-21,0.5529999732971191,0.5529999732971191,0.5389999747276306,0.5440000295639038,16600500.0,18125176.0,995490.4375
2022-03-22,0.5360000133514404,0.5529999732971191,0.5360000133514404,0.546999990940094,19587300.0,21463292.0,995490.4375
2022-03-23,0.5440000295639038,0.5509999990463257,0.5400000214576721,0.5429999828338623,21095700.0,23018190.0,995490.4375
2022-03-24,0.5410000085830688,0.5410000085830688,0.527999997138977,0.5299999713897705,15360000.0,16322173.0,995490.4375
2022-03-25,0.5379999876022339,0.5419999957084656,0.5249999761581421,0.5260000228881836,13266300.0,14157042.0,995490.4375
2022-03-28,0.5180000066757202,0.5339999794960022,0.5170000195503235,0.5270000100135803,13069700.0,13751262.0,995490.4375
2022-03-29,0.531000018119812,0.5320000052452087,0.5149999856948853,0.5210000276565552,17692100.0,18423130.0,995490.4375
2022-03-30,0.5239999890327454,0.5379999876022339,0.5210000276565552,0.5370000004768372,16552408.0,17593588.0,995490.4375
2022-03-31,0.5339999794960022,0.5529999732971191,0.5329999923706055,0.5490000247955322,34101000.0,37116580.0,995490.4375
2022-04-01,0.5479999780654907,0.5550000071525574,0.5410000085830688,0.546999990940094,27723200.0,30475268.0,995490.4375
2022-04-06,0.5450000166893005,0.5569999814033508,0.5450000166893005,0.5529999732971191,26274300.0,29019826.0,995490.4375
2022-04-07,0.5479999780654907,0.5490000247955322,0.527999997138977,0.5289999842643738,18191500.0,19517532.0,995490.4375
2022-04-08,0.5260000228881836,0.5329999923706055,0.5180000066757202,0.5299999713897705,14864100.0,15667454.0,995490.4375
2022-04-11,0.5189999938011169,0.5249999761581421,0.49900001287460327,0.503000020980835,21837900.0,22241742.0,995490.4375
2022-04-12,0.5009999871253967,0.5130000114440918,0.4970000088214874,0.5130000114440918,21634800.0,21820590.0,995490.4375
2022-04-13,0.5109999775886536,0.5109999775886536,0.49399998784065247,0.4950000047683716,15859700.0,15837670.0,995490.4375
2022-04-14,0.4970000088214874,0.503000020980835,0.4959999918937683,0.49900001287460327,12995500.0,12974326.0,995490.4375
2022-04-15,0.4959999918937683,0.4959999918937683,0.4830000102519989,0.4860000014305115,13636600.0,13305766.0,995490.4375
2022-04-18,0.4790000021457672,0.4869999885559082,0.47200000286102295,0.48399999737739563,13493007.0,12950222.0,995490.4375
2022-04-19,0.48399999737739563,0.4880000054836273,0.4779999852180481,0.48100000619888306,7779300.0,7501353.5,995490.4375
2022-04-20,0.48500001430511475,0.49000000953674316,0.47200000286102295,0.4729999899864197,13857600.0,13321668.0,995490.4375
2022-04-21,0.47099998593330383,0.47099998593330383,0.453000009059906,0.45500001311302185,17017100.0,15763051.0,995490.4375
2022-04-22,0.45500001311302185,0.45500001311302185,0.4440000057220459,0.4449999928474426,11707600.0,10483635.0,995490.4375
2022-04-25,0.4410000145435333,0.4410000145435333,0.40799999237060547,0.40799999237060547,17165500.0,14469705.0,995490.4375
2022-04-26,0.40799999237060547,0.4180000126361847,0.39399999380111694,0.39399999380111694,13999200.0,11284785.0,995490.4375
2022-04-27,0.38499999046325684,0.41600000858306885,0.38499999046325684,0.41499999165534973,20946400.0,16872594.0,995490.4375
2022-04-28,0.4099999964237213,0.414000004529953,0.39899998903274536,0.40400001406669617,15496500.0,12522342.0,995490.4375
2022-04-29,0.414000004529953,0.4300000071525574,0.40799999237060547,0.42899999022483826,19765900.0,16515789.0,995490.4375
2022-05-05,0.4259999990463257,0.4320000112056732,0.42100000381469727,0.4269999861717224,13425000.0,11483202.0,995490.4375
2022-05-06,0.414000004529953,0.4339999854564667,0.4129999876022339,0.42399999499320984,19933400.0,16998926.0,995490.4375
2022-05-09,0.41999998688697815,0.4320000112056732,0.41999998688697815,0.4269999861717224,12135900.0,10360507.0,995490.4375
2022-05-10,0.4259999990463257,0.43700000643730164,0.41999998688697815,0.4350000023841858,10592300.0,9150004.0,995490.4375
2022-05-11,0.4339999854564667,0.44699999690055847,0.4339999854564667,0.4359999895095825,11802200.0,10422208.0,995490.4375
2022-05-12,0.4359999895095825,0.44200000166893005,0.43299999833106995,0.43799999356269836,12784100.0,11181451.0,995490.4375
2022-05-13,0.43799999356269836,0.44200000166893005,0.4339999854564667,0.43799999356269836,10740700.0,9373776.0,995490.4375
2022-05-16,0.4410000145435333,0.44200000166893005,0.4320000112056732,0.43700000643730164,10036200.0,8773847.0,995490.4375
2022-05-17,0.43700000643730164,0.43700000643730164,0.42800000309944153,0.4339999854564667,9708200.0,8393861.0,995490.4375
2022-05-18,0.4440000057220459,0.44699999690055847,0.43700000643730164,0.43799999356269836,16400300.0,14487514.0,995490.4375
2022-05-19,0.4300000071525574,0.4339999854564667,0.42800000309944153,0.4339999854564667,10359300.0,8930885.0,995490.4375
2022-05-20,0.4339999854564667,0.44200000166893005,0.4339999854564667,0.4410000145435333,11813000.0,10357821.0,995490.4375
2022-05-23,0.4440000057220459,0.4480000138282776,0.4399999976158142,0.44699999690055847,11525200.0,10240434.0,995490.4375
2022-05-24,0.4480000138282776,0.4480000138282776,0.4230000078678131,0.42399999499320984,16133300.0,14029954.0,995490.4375
2022-05-25,0.42399999499320984,0.43299999833106995,0.42399999499320984,0.4320000112056732,11439000.0,9826346.0,995490.4375
2022-05-26,0.4320000112056732,0.43799999356269836,0.4230000078678131,0.4339999854564667,10903900.0,9391435.0,995490.4375
2022-05-27,0.43700000643730164,0.4399999976158142,0.42899999022483826,0.4339999854564667,10519900.0,9143648.0,995490.4375
2022-05-30,0.4300000071525574,0.4359999895095825,0.4300000071525574,0.4350000023841858,12624400.0,10948631.0,995490.4375
2022-05-31,0.4350000023841858,0.4449999928474426,0.4309999942779541,0.4440000057220459,12708400.0,11156832.0,995490.4375
2022-06-01,0.4410000145435333,0.4480000138282776,0.4410000145435333,0.4449999928474426,13104400.0,11645895.0,995490.4375
2022-06-02,0.4429999887943268,0.4490000009536743,0.43700000643730164,0.44699999690055847,9553802.0,8497306.0,995490.4375
2022-06-06,0.44699999690055847,0.46399998664855957,0.44699999690055847,0.46299999952316284,17342900.0,15901672.0,995490.4375
2022-06-07,0.460999995470047,0.46700000762939453,0.4580000042915344,0.4620000123977661,13096313.0,12086277.0,995490.4375
2022-06-08,0.4620000123977661,0.4699999988079071,0.45500001311302185,0.46399998664855957,11681200.0,10818006.0,995490.4375
2022-06-09,0.460999995470047,0.46700000762939453,0.45500001311302185,0.4560000002384186,11831200.0,10860153.0,995490.4375
2022-06-10,0.45100000500679016,0.4659999907016754,0.45100000500679016,0.46399998664855957,10718700.0,9873659.0,995490.4375
2022-06-13,0.4620000123977661,0.4690000116825104,0.46000000834465027,0.46799999475479126,12313900.0,11439764.0,995490.4375
2022-06-14,0.4650000035762787,0.4740000069141388,0.44999998807907104,0.4729999899864197,13158600.0,12045225.0,995490.4375
2022-06-15,0.4749999940395355,0.5040000081062317,0.4749999940395355,0.49300000071525574,31606800.0,31203152.0,995490.4375
2022-06-16,0.49300000071525574,0.49300000071525574,0.4819999933242798,0.48500001430511475,16183100.0,15779570.0,995490.4375
2022-06-17,0.48500001430511475,0.48500001430511475,0.47200000286102295,0.48399999737739563,15732510.0,15071798.0,995490.4375
2022-06-20,0.48399999737739563,0.4860000014305115,0.4790000021457672,0.4830000102519989,13367000.0,12913517.0,995490.4375
2022-06-21,0.4830000102519989,0.4909999966621399,0.48100000619888306,0.4869999885559082,15658901.0,15258356.0,995490.4375
2022-06-22,0.4869999885559082,0.4869999885559082,0.4749999940395355,0.4749999940395355,10564200.0,10151525.0,995490.4375
2022-06-23,0.47600001096725464,0.48899999260902405,0.4749999940395355,0.4880000054836273,16060300.0,15472286.0,995490.4375
2022-06-24,0.492000013589859,0.49399998784065247,0.4869999885559082,0.49000000953674316,11278700.0,11048469.0,995490.4375
2022-06-27,0.49000000953674316,0.49399998784065247,0.4880000054836273,0.49000000953674316,12967400.0,12716975.0,995490.4375
2022-06-28,0.49000000953674316,0.4970000088214874,0.48399999737739563,0.4950000047683716,14386900.0,14079299.0,995490.4375
2022-06-29,0.4950000047683716,0.5,0.48399999737739563,0.4869999885559082,13386700.0,13191622.0,995490.4375
2022-06-30,0.48500001430511475,0.49000000953674316,0.4830000102519989,0.4869999885559082,9135700.0,8898361.0,995490.4375
2022-07-01,0.48899999260902405,0.492000013589859,0.4819999933242798,0.48399999737739563,13022703.0,12699889.0,995490.4375
2022-07-04,0.48399999737739563,0.4860000014305115,0.4779999852180481,0.48500001430511475,9350300.0,9037571.0,995490.4375
2022-07-05,0.4860000014305115,0.4869999885559082,0.4729999899864197,0.47600001096725464,12273600.0,11703309.0,995490.4375
2022-07-06,0.47600001096725464,0.4779999852180481,0.46799999475479126,0.47099998593330383,8824510.0,8324645.5,995490.4375
2022-07-07,0.4690000116825104,0.4749999940395355,0.4690000116825104,0.47099998593330383,6930100.0,6542219.5,995490.4375
2022-07-08,0.47099998593330383,0.47999998927116394,0.47099998593330383,0.47200000286102295,10576700.0,10032864.0,995490.4375
2022-07-11,0.47200000286102295,0.47200000286102295,0.45899999141693115,0.46299999952316284,12454000.0,11486263.0,995490.4375
2022-07-12,0.4650000035762787,0.46799999475479126,0.45500001311302185,0.4560000002384186,9471700.0,8673520.0,995490.4375
2022-07-13,0.46000000834465027,0.46000000834465027,0.45500001311302185,0.4569999873638153,9121002.0,8320551.5,995490.4375
2022-07-14,0.4560000002384186,0.460999995470047,0.45399999618530273,0.4569999873638153,7627900.0,6985262.5,995490.4375
2022-07-15,0.45500001311302185,0.4569999873638153,0.4449999928474426,0.44600000977516174,8712400.0,7831319.5,995490.4375
2022-07-18,0.44600000977516174,0.460999995470047,0.44600000977516174,0.46000000834465027,12370000.0,11329581.0,995490.4375
2022-07-19,0.46000000834465027,0.47600001096725464,0.46000000834465027,0.47600001096725464,15991000.0,15007829.0,995490.4375
2022-07-20,0.47600001096725464,0.4819999933242798,0.4740000069141388,0.48100000619888306,14320400.0,13715035.0,995490.4375
2022-07-21,0.4779999852180481,0.4830000102519989,0.47699999809265137,0.4779999852180481,12282400.0,11805760.0,995490.4375
2022-07-22,0.4749999940395355,0.48100000619888306,0.46799999475479126,0.47200000286102295,12288804.0,11596580.0,995490.4375
2022-07-25,0.47600001096725464,0.47999998927116394,0.46700000762939453,0.4699999988079071,13283100.0,12522094.0,995490.4375
2022-07-26,0.46799999475479126,0.4819999933242798,0.46799999475479126,0.4819999933242798,13028600.0,12468092.0,995490.4375
2022-07-27,0.4819999933242798,0.4819999933242798,0.47699999809265137,0.4790000021457672,9671600.0,9249512.0,995490.4375
2022-07-28,0.4790000021457672,0.4869999885559082,0.4790000021457672,0.48100000619888306,12335600.0,11932908.0,995490.4375
2022-07-29,0.48100000619888306,0.48100000619888306,0.4740000069141388,0.47600001096725464,11322800.0,10802319.0,995490.4375
2022-08-01,0.47200000286102295,0.4779999852180481,0.4690000116825104,0.47699999809265137,10976700.0,10427752.0,995490.4375
2022-08-02,0.47600001096725464,0.47600001096725464,0.4490000009536743,0.45500001311302185,17127600.0,15636703.0,995490.4375
2022-08-03,0.46000000834465027,0.46700000762939453,0.45500001311302185,0.4560000002384186,14094100.0,13016689.0,995490.4375
2022-08-04,0.4560000002384186,0.46399998664855957,0.4560000002384186,0.46399998664855957,12197900.0,11220595.0,995490.4375
2022-08-05,0.46399998664855957,0.4880000054836273,0.46399998664855957,0.4869999885559082,20333600.0,19472572.0,995490.4375
2022-08-08,0.4860000014305115,0.4880000054836273,0.4819999933242798,0.4869999885559082,12336100.0,11946644.0,995490.4375
2022-08-09,0.4860000014305115,0.4880000054836273,0.48100000619888306,0.48399999737739563,11287902.0,10877777.0,995490.4375
2022-08-10,0.4860000014305115,0.4869999885559082,0.4790000021457672,0.48100000619888306,12819100.0,12372768.0,995490.4375
2022-08-11,0.48100000619888306,0.49900001287460327,0.48100000619888306,0.49799999594688416,17569200.0,17306692.0,995490.4375
2022-08-12,0.4950000047683716,0.5059999823570251,0.492000013589859,0.5,16289319.0,16313065.0,995490.4375
2022-08-15,0.49900001287460327,0.49900001287460327,0.492000013589859,0.49300000071525574,12203100.0,12041001.0,995490.4375
2022-08-16,0.4950000047683716,0.4950000047683716,0.4869999885559082,0.48899999260902405,11693404.0,11447321.0,995490.4375
2022-08-17,0.4909999966621399,0.492000013589859,0.48399999737739563,0.49000000953674316,10656500.0,10431438.0,995490.4375
2022-08-18,0.48899999260902405,0.48899999260902405,0.48500001430511475,0.4880000054836273,9049000.0,8806247.0,995490.4375
2022-08-19,0.4869999885559082,0.49300000071525574,0.48399999737739563,0.48399999737739563,13022400.0,12725267.0,995490.4375
2022-08-22,0.47999998927116394,0.4869999885559082,0.47600001096725464,0.48500001430511475,11650400.0,11267170.0,995490.4375
2022-08-23,0.4830000102519989,0.4869999885559082,0.47999998927116394,0.48500001430511475,9139800.0,8831806.0,995490.4375
2022-08-24,0.48500001430511475,0.4880000054836273,0.4690000116825104,0.47200000286102295,12387900.0,11794145.0,995490.4375
2022-08-25,0.47200000286102295,0.4729999899864197,0.46299999952316284,0.47099998593330383,10975900.0,10247369.0,995490.4375
2022-08-26,0.4729999899864197,0.4740000069141388,0.4659999907016754,0.46799999475479126,10486700.0,9848441.0,995490.4375
2022-08-29,0.46399998664855957,0.4690000116825104,0.4580000042915344,0.4659999907016754,10740300.0,9993835.0,995490.4375
2022-08-30,0.46799999475479126,0.47099998593330383,0.46299999952316284,0.4690000116825104,10368800.0,9652482.0,995490.4375
2022-08-31,0.4690000116825104,0.4699999988079071,0.46000000834465027,0.46399998664855957,13804800.0,12800789.0,995490.4375
2022-09-01,0.46299999952316284,0.47099998593330383,0.4620000123977661,0.4650000035762787,13364200.0,12496554.0,995490.4375
2022-09-02,0.4650000035762787,0.47099998593330383,0.4650000035762787,0.47099998593330383,10576900.0,9921922.0,995490.4375
2022-09-05,0.47200000286102295,0.47200000286102295,0.46299999952316284,0.46700000762939453,9839000.0,9151756.0,995490.4375
2022-09-06,0.4699999988079071,0.4699999988079071,0.46399998664855957,0.4690000116825104,10211600.0,9524282.0,995490.4375
2022-09-07,0.46799999475479126,0.47200000286102295,0.46399998664855957,0.47099998593330383,12851400.0,12020538.0,995490.4375
2022-09-08,0.47099998593330383,0.47099998593330383,0.4650000035762787,0.4659999907016754,10595800.0,9919736.0,995490.4375
2022-09-09,0.4659999907016754,0.48100000619888306,0.4659999907016754,0.4749999940395355,18505300.0,17631928.0,995490.4375
2022-09-13,0.47600001096725464,0.4860000014305115,0.47600001096725464,0.47999998927116394,15750000.0,15202061.0,995490.4375
2022-09-14,0.4729999899864197,0.4749999940395355,0.47099998593330383,0.4740000069141388,11539500.0,10901827.0,995490.4375
2022-09-15,0.47600001096725464,0.4819999933242798,0.4690000116825104,0.4749999940395355,12090700.0,11542472.0,995490.4375
2022-09-16,0.4740000069141388,0.47600001096725464,0.460999995470047,0.460999995470047,12440800.0,11637129.0,995490.4375
2022-09-19,0.4620000123977661,0.4620000123977661,0.44600000977516174,0.44699999690055847,11489200.0,10305845.0,995490.4375
2022-09-20,0.4480000138282776,0.45100000500679016,0.4440000057220459,0.44600000977516174,9302600.0,8303791.5,995490.4375
2022-09-21,0.44600000977516174,0.45100000500679016,0.4320000112056732,0.4490000009536743,10341200.0,9113723.0,995490.4375
2022-09-22,0.4429999887943268,0.45500001311302185,0.4429999887943268,0.4490000009536743,11196100.0,10083124.0,995490.4375
2022-09-23,0.4480000138282776,0.44999998807907104,0.4359999895095825,0.43700000643730164,8900800.0,7886346.5,995490.4375
2022-09-26,0.43700000643730164,0.43700000643730164,0.4259999990463257,0.4269999861717224,10561800.0,9137369.0,995490.4375
2022-09-27,0.42899999022483826,0.4359999895095825,0.42800000309944153,0.4359999895095825,8470600.0,7297909.0,995490.4375
2022-09-28,0.4359999895095825,0.4359999895095825,0.4230000078678131,0.4230000078678131,11194500.0,9577016.0,995490.4375
2022-09-29,0.4269999861717224,0.4350000023841858,0.42100000381469727,0.42399999499320984,10226400.0,8739659.0,995490.4375
2022-09-30,0.42399999499320984,0.4309999942779541,0.42100000381469727,0.42500001192092896,9219200.0,7877597.5,995490.4375
2022-10-10,0.4230000078678131,0.4269999861717224,0.4189999997615814,0.42100000381469727,10911700.0,9237449.0,995490.4375
2022-10-11,0.42399999499320984,0.4269999861717224,0.4189999997615814,0.4230000078678131,10206600.0,8615256.0,995490.4375
2022-10-12,0.4230000078678131,0.4399999976158142,0.41999998688697815,0.4399999976158142,12306800.0,10497150.0,995490.4375
2022-10-13,0.4429999887943268,0.45899999141693115,0.4399999976158142,0.45100000500679016,18078300.0,16341918.0,995490.4375
2022-10-14,0.46799999475479126,0.46799999475479126,0.44999998807907104,0.45899999141693115,16189400.0,14801064.0,995490.4375
2022-10-17,0.45899999141693115,0.4699999988079071,0.4580000042915344,0.46700000762939453,9090800.0,8468797.0,995490.4375
2022-10-18,0.48500001430511475,0.48500001430511475,0.460999995470047,0.46299999952316284,12106700.0,11220770.0,995490.4375
2022-10-19,0.46299999952316284,0.4659999907016754,0.4580000042915344,0.4620000123977661,11402100.0,10537020.0,995490.4375
2022-10-20,0.4580000042915344,0.4699999988079071,0.4569999873638153,0.4620000123977661,14173800.0,13128253.0,995490.4375
2022-10-21,0.46700000762939453,0.4690000116825104,0.45500001311302185,0.46000000834465027,10722701.0,9853021.0,995490.4375
2022-10-24,0.46000000834465027,0.47099998593330383,0.453000009059906,0.45500001311302185,13553100.0,12531321.0,995490.4375
2022-10-25,0.45500001311302185,0.45500001311302185,0.4390000104904175,0.4440000057220459,11642900.0,10326160.0,995490.4375
2022-10-26,0.4440000057220459,0.46799999475479126,0.4440000057220459,0.4650000035762787,11524800.0,10615010.0,995490.4375
2022-10-27,0.4650000035762787,0.4830000102519989,0.46299999952316284,0.4749999940395355,16135800.0,15389298.0,995490.4375
2022-10-28,0.4729999899864197,0.4790000021457672,0.46700000762939453,0.4690000116825104,15594500.0,14748139.0,995490.4375
2022-10-31,0.47099998593330383,0.4959999918937683,0.47099998593330383,0.49300000071525574,26246500.0,25546474.0,995490.4375
2022-11-01,0.49799999594688416,0.49799999594688416,0.48399999737739563,0.4950000047683716,18229900.0,17902194.0,995490.4375
2022-11-02,0.4909999966621399,0.4970000088214874,0.49000000953674316,0.4959999918937683,14095600.0,13902174.0,995490.4375
2022-11-03,0.49399998784065247,0.49399998784065247,0.47999998927116394,0.48500001430511475,14173100.0,13786981.0,995490.4375
2022-11-04,0.48100000619888306,0.49799999594688416,0.48100000619888306,0.49799999594688416,12356400.0,12113653.0,995490.4375
2022-11-07,0.4950000047683716,0.503000020980835,0.492000013589859,0.49399998784065247,12689100.0,12583443.0,995490.4375
2022-11-08,0.4950000047683716,0.503000020980835,0.4830000102519989,0.503000020980835,31395600.0,31098812.0,995490.4375
2022-11-09,0.5009999871253967,0.5019999742507935,0.492000013589859,0.49300000071525574,12140700.0,12047694.0,995490.4375
2022-11-10,0.48899999260902405,0.5019999742507935,0.48899999260902405,0.4970000088214874,13544200.0,13494155.0,995490.4375
2022-11-11,0.5070000290870667,0.5130000114440918,0.49799999594688416,0.5,19062504.0,19265988.0,995490.4375
2022-11-14,0.5009999871253967,0.5070000290870667,0.4950000047683716,0.5059999823570251,21314100.0,21442560.0,995490.4375
2022-11-15,0.5059999823570251,0.5220000147819519,0.5009999871253967,0.5199999809265137,29239104.0,30114372.0,995490.4375
2022-11-16,0.5189999938011169,0.5249999761581421,0.5109999775886536,0.5130000114440918,16847100.0,17401276.0,995490.4375
2022-11-17,0.5120000243186951,0.527999997138977,0.5109999775886536,0.527999997138977,31252438.0,32426582.0,995490.4375
2022-11-18,0.5270000100135803,0.531000018119812,0.5149999856948853,0.5170000195503235,17655804.0,18555612.0,995490.4375
2022-11-21,0.5149999856948853,0.5180000066757202,0.5049999952316284,0.515999972820282,17992000.0,18414526.0,995490.4375
2022-11-22,0.5130000114440918,0.5199999809265137,0.5080000162124634,0.5099999904632568,17538200.0,18045080.0,995490.4375
2022-11-23,0.5070000290870667,0.5109999775886536,0.4959999918937683,0.503000020980835,8446700.0,8477054.0,995490.4375
2022-11-24,0.5019999742507935,0.5070000290870667,0.4970000088214874,0.5,9589600.0,9595264.0,995490.4375
2022-11-25,0.5,0.503000020980835,0.4950000047683716,0.4950000047683716,4994700.0,4981766.0,995490.4375
2022-11-28,0.4830000102519989,0.49000000953674316,0.47999998927116394,0.4860000014305115,9681300.0,9391842.0,995490.4375
2022-11-29,0.4860000014305115,0.5019999742507935,0.4860000014305115,0.5009999871253967,10326500.0,10224882.0,995490.4375
2022-11-30,0.5090000033378601,0.5090000033378601,0.4950000047683716,0.49799999594688416,7379100.0,7360987.5,995490.4375
2022-12-01,0.5,0.5109999775886536,0.49900001287460327,0.5090000033378601,10647900.0,10796721.0,995490.4375
2022-12-02,0.5049999952316284,0.515999972820282,0.5049999952316284,0.5109999775886536,14409500.0,14739150.0,995490.4375
2022-12-05,0.5149999856948853,0.5239999890327454,0.5149999856948853,0.5210000276565552,14066000.0,14608515.0,995490.4375
2022-12-06,0.5199999809265137,0.5199999809265137,0.5149999856948853,0.5180000066757202,13158400.0,13613716.0,995490.4375
2022-12-07,0.5149999856948853,0.5180000066757202,0.5130000114440918,0.515999972820282,7219400.0,7437911.5,995490.4375
2022-12-08,0.5139999985694885,0.5139999985694885,0.5040000081062317,0.5049999952316284,7590400.0,7678837.5,995490.4375
2022-12-09,0.5070000290870667,0.5070000290870667,0.49900001287460327,0.503000020980835,7911600.0,7926442.5,995490.4375
2022-12-12,0.503000020980835,0.5070000290870667,0.5,0.503000020980835,4041800.0,4071455.5,995490.4375
2022-12-13,0.503000020980835,0.5049999952316284,0.492000013589859,0.49300000071525574,7420400.0,7375221.5,995490.4375
2022-12-14,0.49300000071525574,0.49900001287460327,0.492000013589859,0.4950000047683716,6907400.0,6855170.0,995490.4375
2022-12-15,0.49399998784065247,0.5019999742507935,0.4909999966621399,0.49799999594688416,7250400.0,7219674.0,995490.4375
2022-12-16,0.49799999594688416,0.49799999594688416,0.4880000054836273,0.48899999260902405,7767600.0,7603480.5,995490.4375
2022-12-19,0.4909999966621399,0.49399998784065247,0.4790000021457672,0.48100000619888306,6339200.0,6160271.5,995490.4375
2022-12-20,0.4860000014305115,0.4869999885559082,0.47200000286102295,0.4740000069141388,9984633.0,9507902.0,995490.4375
2022-12-21,0.47600001096725464,0.47600001096725464,0.46799999475479126,0.4699999988079071,6791100.0,6393599.5,995490.4375
2022-12-22,0.47200000286102295,0.47600001096725464,0.46700000762939453,0.4690000116825104,6830300.0,6427157.5,995490.4375
2022-12-23,0.4699999988079071,0.47999998927116394,0.46799999475479126,0.4749999940395355,12643200.0,11994856.0,995490.4375
2022-12-26,0.47600001096725464,0.4819999933242798,0.4740000069141388,0.4819999933242798,6789900.0,6508198.5,995490.4375
2022-12-27,0.4830000102519989,0.48399999737739563,0.47999998927116394,0.4830000102519989,7574900.0,7299201.0,995490.4375
2022-12-28,0.4790000021457672,0.4819999933242798,0.4749999940395355,0.47600001096725464,7838900.0,7474165.0,995490.4375
2022-12-29,0.4779999852180481,0.4860000014305115,0.4749999940395355,0.47999998927116394,7268500.0,7005490.0,995490.4375
2022-12-30,0.47999998927116394,0.4880000054836273,0.47999998927116394,0.48500001430511475,7430200.0,7201914.5,995490.4375
2023-01-03,0.48500001430511475,0.5040000081062317,0.4830000102519989,0.503000020980835,10928700.0,10858031.0,995490.4375
2023-01-04,0.503000020980835,0.5099999904632568,0.5009999871253967,0.5090000033378601,12432500.0,12597872.0,995490.4375
2023-01-05,0.5130000114440918,0.515999972820282,0.5099999904632568,0.5139999985694885,14516300.0,14901885.0,995490.4375
2023-01-06,0.5139999985694885,0.5180000066757202,0.5099999904632568,0.5120000243186951,16225300.0,16669740.0,995490.4375
2023-01-09,0.5120000243186951,0.5260000228881836,0.5120000243186951,0.5199999809265137,13562900.0,14124451.0,995490.4375
2023-01-10,0.5230000019073486,0.5260000228881836,0.5170000195503235,0.5210000276565552,14906600.0,15565459.0,995490.4375
2023-01-11,0.5210000276565552,0.5299999713897705,0.5149999856948853,0.515999972820282,10962300.0,11395514.0,995490.4375
2023-01-12,0.5170000195503235,0.5239999890327454,0.5130000114440918,0.5210000276565552,9887900.0,10262300.0,995490.4375
2023-01-13,0.5220000147819519,0.5239999890327454,0.5180000066757202,0.5230000019073486,10731000.0,11187296.0,995490.4375
2023-01-16,0.5249999761581421,0.5450000166893005,0.5249999761581421,0.5370000004768372,12987901.0,13922629.0,995490.4375
2023-01-17,0.5329999923706055,0.5370000004768372,0.527999997138977,0.531000018119812,12071600.0,12811767.0,995490.4375
2023-01-18,0.5299999713897705,0.5400000214576721,0.5289999842643738,0.5379999876022339,21169100.0,22724398.0,995490.4375
2023-01-19,0.5379999876022339,0.5490000247955322,0.5370000004768372,0.5490000247955322,15628901.0,17015490.0,995490.4375
2023-01-20,0.550000011920929,0.5550000071525574,0.546999990940094,0.5519999861717224,15207400.0,16741338.0,995490.4375
2023-01-30,0.5569999814033508,0.5669999718666077,0.5529999732971191,0.5529999732971191,12453300.0,13830563.0,995490.4375
2023-01-31,0.5529999732971191,0.5569999814033508,0.5490000247955322,0.550000011920929,11490500.0,12688102.0,995490.4375
2023-02-01,0.550000011920929,0.5680000185966492,0.550000011920929,0.5680000185966492,22879400.0,25581162.0,995490.4375
2023-02-02,0.5740000009536743,0.5740000009536743,0.5630000233650208,0.5640000104904175,24652202.0,28011842.0,995490.4375
2023-02-03,0.5550000071525574,0.5740000009536743,0.5550000071525574,0.5740000009536743,30309602.0,34330244.0,995490.4375
2023-02-06,0.5699999928474426,0.5839999914169312,0.5659999847412109,0.5789999961853027,27570502.0,31818016.0,995490.4375
2023-02-07,0.5789999961853027,0.5820000171661377,0.5720000267028809,0.5799999833106995,17462000.0,20158762.0,995490.4375
2023-02-08,0.5799999833106995,0.5799999833106995,0.5640000104904175,0.5669999718666077,18385302.0,20907062.0,995490.4375
2023-02-09,0.5649999976158142,0.5799999833106995,0.5600000023841858,0.5789999961853027,17791700.0,20320792.0,995490.4375
2023-02-10,0.5759999752044678,0.5839999914169312,0.5699999928474426,0.5759999752044678,12829400.0,14762377.0,995490.4375
2023-02-13,0.574999988079071,0.5799999833106995,0.5699999928474426,0.5789999961853027,13913000.0,16032051.0,995490.4375
2023-02-14,0.5789999961853027,0.5830000042915344,0.5730000138282776,0.5770000219345093,13273000.0,15314273.0,995490.4375
2023-02-15,0.5770000219345093,0.5860000252723694,0.5740000009536743,0.5849999785423279,21832300.0,25362516.0,995490.4375
2023-02-16,0.5849999785423279,0.5929999947547913,0.5699999928474426,0.5759999752044678,22299300.0,26136384.0,995490.4375
2023-02-17,0.574999988079071,0.578000009059906,0.5509999990463257,0.5519999861717224,23522600.0,26390584.0,995490.4375
2023-02-20,0.5490000247955322,0.5680000185966492,0.5490000247955322,0.5680000185966492,19362100.0,21654844.0,995490.4375
2023-02-21,0.5659999847412109,0.5770000219345093,0.5619999766349792,0.5680000185966492,18625100.0,21200556.0,995490.4375
2023-02-22,0.5640000104904175,0.5709999799728394,0.5580000281333923,0.5669999718666077,18258600.0,20631314.0,995490.4375
2023-02-23,0.5669999718666077,0.5669999718666077,0.550000011920929,0.5569999814033508,11027900.0,12333274.0,995490.4375
2023-02-24,0.5569999814033508,0.5609999895095825,0.5540000200271606,0.5559999942779541,10023100.0,11174873.0,995490.4375
2023-02-27,0.5529999732971191,0.5569999814033508,0.546999990940094,0.5479999780654907,12382107.0,13645652.0,995490.4375
2023-02-28,0.5580000281333923,0.5619999766349792,0.550000011920929,0.5580000281333923,11993800.0,13322080.0,995490.4375
2023-03-01,0.5580000281333923,0.574999988079071,0.5550000071525574,0.5740000009536743,25674820.0,29299216.0,995490.4375
2023-03-02,0.5770000219345093,0.5770000219345093,0.5709999799728394,0.574999988079071,12579400.0,14458220.0,995490.4375
2023-03-03,0.5740000009536743,0.5740000009536743,0.5640000104904175,0.5709999799728394,13234700.0,15096686.0,995490.4375
2023-03-06,0.5709999799728394,0.5709999799728394,0.5649999976158142,0.5669999718666077,11836800.0,13413638.0,995490.4375
2023-03-07,0.5669999718666077,0.5680000185966492,0.5490000247955322,0.550000011920929,10093700.0,11206950.0,995490.4375
2023-03-08,0.5479999780654907,0.5600000023841858,0.5479999780654907,0.5590000152587891,12603600.0,14009893.0,995490.4375
2023-03-09,0.5559999942779541,0.5630000233650208,0.550000011920929,0.5609999895095825,11527900.0,12833754.0,995490.4375
2023-03-10,0.5590000152587891,0.5659999847412109,0.5559999942779541,0.5590000152587891,10420000.0,11680923.0,995490.4375
2023-03-13,0.5580000281333923,0.574999988079071,0.5559999942779541,0.574999988079071,14621000.0,16590698.0,995490.4375
2023-03-14,0.574999988079071,0.574999988079071,0.5600000023841858,0.5680000185966492,13088900.0,14883019.0,995490.4375
2023-03-15,0.5690000057220459,0.5720000267028809,0.5600000023841858,0.5609999895095825,9006700.0,10174256.0,995490.4375
2023-03-16,0.5600000023841858,0.5619999766349792,0.5509999990463257,0.5550000071525574,8834000.0,9841302.0,995490.4375
2023-03-17,0.5569999814033508,0.5809999704360962,0.5569999814033508,0.578000009059906,19397100.0,22264422.0,995490.4375
2023-03-20,0.5799999833106995,0.6119999885559082,0.5699999928474426,0.5699999928474426,12815700.0,14844374.0,995490.4375
2023-03-21,0.5730000138282776,0.5860000252723694,0.5680000185966492,0.5839999914169312,18420700.0,21340796.0,995490.4375
2023-03-22,0.5870000123977661,0.5870000123977661,0.5789999961853027,0.5860000252723694,16140800.0,18859400.0,995490.4375
2023-03-23,0.5860000252723694,0.6060000061988831,0.578000009059906,0.6039999723434448,19828500.0,23509900.0,995490.4375
2023-03-24,0.6050000190734863,0.6159999966621399,0.5989999771118164,0.6150000095367432,19476200.0,23771488.0,995490.4375
2023-03-27,0.628000020980835,0.6439999938011169,0.6129999756813049,0.6320000290870667,45617600.0,57537260.0,995490.4375
2023-03-28,0.625,0.628000020980835,0.6129999756813049,0.6169999837875366,20077000.0,24922658.0,995490.4375
2023-03-29,0.6159999966621399,0.6209999918937683,0.6060000061988831,0.6119999885559082,17047400.0,20937842.0,995490.4375
2023-03-30,0.6100000143051147,0.6119999885559082,0.597000002861023,0.6039999723434448,13096300.0,15851107.0,995490.4375
2023-03-31,0.6019999980926514,0.6299999952316284,0.5979999899864197,0.6290000081062317,26242500.0,32229952.0,995490.4375
2023-04-03,0.6330000162124634,0.6740000247955322,0.6290000081062317,0.6740000247955322,40830208.0,53559212.0,995490.4375
2023-04-04,0.6790000200271606,0.6869999766349792,0.6669999957084656,0.6790000200271606,22133708.0,30009660.0,995490.4375
2023-04-06,0.6759999990463257,0.6759999990463257,0.6499999761581421,0.6579999923706055,28798300.0,37965292.0,995490.4375
2023-04-07,0.6620000004768372,0.6729999780654907,0.652999997138977,0.6700000166893005,36485796.0,48596396.0,995490.4375
2023-04-10,0.6729999780654907,0.6729999780654907,0.6290000081062317,0.6320000290870667,34181600.0,44518252.0,995490.4375
2023-04-11,0.621999979019165,0.6470000147819519,0.621999979019165,0.6389999985694885,18561700.0,23587580.0,995490.4375
2023-04-12,0.6389999985694885,0.6639999747276306,0.6389999985694885,0.6629999876022339,33631300.0,43846564.0,995490.4375
2023-04-13,0.6629999876022339,0.6650000214576721,0.6449999809265137,0.6470000147819519,25761616.0,33736044.0,995490.4375
2023-04-14,0.6470000147819519,0.6579999923706055,0.6359999775886536,0.652999997138977,32907300.0,42751768.0,995490.4375
2023-04-17,0.656000018119812,0.656000018119812,0.6349999904632568,0.6399999856948853,20717000.0,26511588.0,995490.4375
2023-04-18,0.6359999775886536,0.6430000066757202,0.628000020980835,0.6349999904632568,18392316.0,23355480.0,995490.4375
2023-04-19,0.6299999952316284,0.6439999938011169,0.6290000081062317,0.6330000162124634,22634900.0,28926848.0,995490.4375
2023-04-20,0.6320000290870667,0.6439999938011169,0.6299999952316284,0.6420000195503235,30275100.0,38686420.0,995490.4375
2023-04-21,0.6420000195503235,0.6420000195503235,0.6039999723434448,0.6039999723434448,36148600.0,44610104.0,995490.4375
2023-04-24,0.6039999723434448,0.6159999966621399,0.5929999947547913,0.597000002861023,21266432.0,25605816.0,995490.4375
2023-04-25,0.5979999899864197,0.6050000190734863,0.5879999995231628,0.5979999899864197,23265304.0,27705480.0,995490.4375
2023-04-26,0.5929999947547913,0.5989999771118164,0.5740000009536743,0.5770000219345093,24414160.0,28562098.0,995490.4375
2023-04-27,0.5709999799728394,0.5830000042915344,0.5659999847412109,0.5709999799728394,17952900.0,20608408.0,995490.4375
2023-04-28,0.5730000138282776,0.6000000238418579,0.5630000233650208,0.5989999771118164,32685000.0,38564044.0,995490.4375
2023-05-04,0.5950000286102295,0.6029999852180481,0.5860000252723694,0.5950000286102295,18646500.0,22090038.0,995490.4375
2023-05-05,0.5910000205039978,0.6060000061988831,0.5899999737739563,0.6010000109672546,22190700.0,26562492.0,995490.4375
2023-05-08,0.6010000109672546,0.6079999804496765,0.5910000205039978,0.6069999933242798,25109500.0,30158848.0,995490.4375
2023-05-09,0.6150000095367432,0.6200000047683716,0.6039999723434448,0.6050000190734863,19761400.0,24233462.0,995490.4375
2023-05-10,0.6100000143051147,0.6100000143051147,0.5929999947547913,0.5979999899864197,15828415.0,18955984.0,995490.4375
2023-05-11,0.6010000109672546,0.6029999852180481,0.5929999947547913,0.5929999947547913,18084400.0,21621798.0,995490.4375
2023-05-12,0.5929999947547913,0.5979999899864197,0.5870000123977661,0.5870000123977661,12331100.0,14614743.0,995490.4375
2023-05-15,0.5839999914169312,0.5870000123977661,0.5690000057220459,0.5839999914169312,17418100.0,20037122.0,995490.4375
2023-05-16,0.5820000171661377,0.5830000042915344,0.5659999847412109,0.5680000185966492,13725000.0,15668805.0,995490.4375
2023-05-17,0.5640000104904175,0.5759999752044678,0.5640000104904175,0.5720000267028809,15251500.0,17418316.0,995490.4375
2023-05-18,0.5730000138282776,0.5870000123977661,0.5730000138282776,0.5870000123977661,19607900.0,22869352.0,995490.4375
2023-05-19,0.5910000205039978,0.5910000205039978,0.5799999833106995,0.5849999785423279,9527600.0,11136623.0,995490.4375
2023-05-22,0.5839999914169312,0.5839999914169312,0.5720000267028809,0.5759999752044678,5862600.0,6745170.5,995490.4375
2023-05-23,0.5789999961853027,0.5789999961853027,0.5640000104904175,0.5640000104904175,10925300.0,12400354.0,995490.4375
2023-05-24,0.5630000233650208,0.5640000104904175,0.5550000071525574,0.5580000281333923,28088900.0,31382990.0,995490.4375
2023-05-25,0.5540000200271606,0.5640000104904175,0.5429999828338623,0.5519999861717224,18256900.0,20039254.0,995490.4375
2023-05-26,0.5490000247955322,0.5619999766349792,0.546999990940094,0.5590000152587891,11464800.0,12719668.0,995490.4375
2023-05-29,0.5600000023841858,0.5669999718666077,0.5580000281333923,0.5600000023841858,4393700.0,4934684.0,995490.4375
2023-05-30,0.5609999895095825,0.5699999928474426,0.5509999990463257,0.5699999928474426,13709000.0,15412604.0,995490.4375
2023-05-31,0.574999988079071,0.578000009059906,0.5690000057220459,0.5759999752044678,9917000.0,11398236.0,995490.4375
2023-06-01,0.5759999752044678,0.5979999899864197,0.5730000138282776,0.593999981880188,14463900.0,17082012.0,995490.4375
2023-06-02,0.6010000109672546,0.6010000109672546,0.5929999947547913,0.5960000157356262,10698200.0,12761981.0,995490.4375
2023-06-05,0.5950000286102295,0.6029999852180481,0.5950000286102295,0.5979999899864197,9953600.0,11912653.0,995490.4375
2023-06-06,0.597000002861023,0.6000000238418579,0.578000009059906,0.5820000171661377,14701100.0,17288618.0,995490.4375
2023-06-07,0.5809999704360962,0.593999981880188,0.578000009059906,0.5899999737739563,15235000.0,17977176.0,995490.4375
2023-06-08,0.5910000205039978,0.5910000205039978,0.5789999961853027,0.5860000252723694,18998600.0,22221412.0,995490.4375
2023-06-09,0.5839999914169312,0.5910000205039978,0.5789999961853027,0.5889999866485596,19239700.0,22533970.0,995490.4375
2023-06-12,0.5889999866485596,0.597000002861023,0.5889999866485596,0.5910000205039978,8687200.0,10287759.0,995490.4375
2023-06-13,0.5870000123977661,0.609000027179718,0.5849999785423279,0.6069999933242798,15486300.0,18600586.0,995490.4375
2023-06-14,0.6079999804496765,0.6150000095367432,0.6069999933242798,0.6100000143051147,35325600.0,43175808.0,995490.4375
2023-06-15,0.6230000257492065,0.6230000257492065,0.6010000109672546,0.6029999852180481,12486600.0,15126377.0,995490.4375
2023-06-16,0.5979999899864197,0.6169999837875366,0.5960000157356262,0.6169999837875366,17918400.0,21897976.0,995490.4375
2023-06-19,0.6230000257492065,0.6359999775886536,0.6159999966621399,0.6349999904632568,21295700.0,26722146.0,995490.4375
2023-06-20,0.6370000243186951,0.6489999890327454,0.6309999823570251,0.6449999809265137,22525408.0,28955240.0,995490.4375
2023-06-21,0.6470000147819519,0.6470000147819519,0.6179999709129333,0.6190000176429749,21967200.0,27601836.0,995490.4375
2023-06-26,0.6240000128746033,0.6240000128746033,0.5830000042915344,0.5849999785423279,39347600.0,46765208.0,995490.4375
2023-06-27,0.5830000042915344,0.5910000205039978,0.5820000171661377,0.5879999995231628,13793800.0,16194714.0,995490.4375
2023-06-28,0.5830000042915344,0.5899999737739563,0.5569999814033508,0.5720000267028809,15073000.0,17084892.0,995490.4375
2023-06-29,0.5690000057220459,0.5789999961853027,0.5649999976158142,0.5759999752044678,15839500.0,18136754.0,995490.4375
2023-06-30,0.5709999799728394,0.5809999704360962,0.5680000185966492,0.578000009059906,14140000.0,16249589.0,995490.4375
2023-07-03,0.5770000219345093,0.5809999704360962,0.5640000104904175,0.5799999833106995,17599700.0,20097114.0,995490.4375
2023-07-04,0.5759999752044678,0.5809999704360962,0.5740000009536743,0.5799999833106995,14032300.0,16236527.0,995490.4375
2023-07-05,0.5809999704360962,0.5809999704360962,0.5680000185966492,0.5690000057220459,16713300.0,19157788.0,995490.4375
2023-07-06,0.5690000057220459,0.578000009059906,0.5649999976158142,0.5690000057220459,16230500.0,18611108.0,995490.4375
2023-07-07,0.5690000057220459,0.5690000057220459,0.5540000200271606,0.5609999895095825,14218700.0,15883717.0,995490.4375
2023-07-10,0.5609999895095825,0.5640000104904175,0.5559999942779541,0.5569999814033508,8221800.0,9186454.0,995490.4375
2023-07-11,0.5569999814033508,0.5619999766349792,0.5529999732971191,0.5559999942779541,11760100.0,13065825.0,995490.4375
2023-07-12,0.5559999942779541,0.5569999814033508,0.5389999747276306,0.5400000214576721,14233000.0,15595438.0,995490.4375
2023-07-13,0.5400000214576721,0.5519999861717224,0.5400000214576721,0.5509999990463257,11062400.0,12110053.0,995490.4375
2023-07-14,0.5529999732971191,0.5709999799728394,0.5519999861717224,0.5649999976158142,22854300.0,25688264.0,995490.4375
2023-07-17,0.5649999976158142,0.5699999928474426,0.5600000023841858,0.5630000233650208,8142700.0,9181315.0,995490.4375
2023-07-18,0.5669999718666077,0.5669999718666077,0.5559999942779541,0.5559999942779541,11813600.0,13185818.0,995490.4375
2023-07-19,0.5559999942779541,0.5630000233650208,0.5559999942779541,0.5580000281333923,8958200.0,10021457.0,995490.4375
2023-07-20,0.5630000233650208,0.5630000233650208,0.5460000038146973,0.546999990940094,9788100.0,10809080.0,995490.4375
2023-07-21,0.546999990940094,0.550000011920929,0.5419999957084656,0.5450000166893005,9588900.0,10462720.0,995490.4375
2023-07-24,0.5410000085830688,0.5540000200271606,0.5400000214576721,0.546999990940094,8136700.0,8906089.0,995490.4375
2023-07-25,0.5529999732971191,0.5699999928474426,0.5529999732971191,0.5690000057220459,17583500.0,19786126.0,995490.4375
2023-07-26,0.5690000057220459,0.5690000057220459,0.5529999732971191,0.5550000071525574,15771900.0,17554472.0,995490.4375
2023-07-27,0.5559999942779541,0.5559999942779541,0.5460000038146973,0.5460000038146973,11843600.0,13075542.0,995490.4375
2023-07-28,0.5460000038146973,0.5809999704360962,0.5450000166893005,0.5789999961853027,33689000.0,37863416.0,995490.4375
2023-07-31,0.5799999833106995,0.5889999866485596,0.5789999961853027,0.5809999704360962,25165500.0,29417694.0,995490.4375
2023-08-01,0.5830000042915344,0.5830000042915344,0.5730000138282776,0.578000009059906,16928000.0,19571664.0,995490.4375
2023-08-02,0.5730000138282776,0.5879999995231628,0.5730000138282776,0.5839999914169312,23670700.0,27559022.0,995490.4375
2023-08-03,0.5830000042915344,0.5989999771118164,0.5799999833106995,0.597000002861023,29260600.0,34554648.0,995490.4375
2023-08-04,0.6060000061988831,0.6370000243186951,0.6029999852180481,0.6200000047683716,55221600.0,68555624.0,995490.4375
2023-08-07,0.6140000224113464,0.6240000128746033,0.6100000143051147,0.6230000257492065,25683700.0,31708746.0,995490.4375
2023-08-08,0.6179999709129333,0.6179999709129333,0.6069999933242798,0.609000027179718,23523800.0,28749718.0,995490.4375
2023-08-09,0.6029999852180481,0.6209999918937683,0.6029999852180481,0.6110000014305115,33294500.0,40871768.0,995490.4375
2023-08-10,0.6079999804496765,0.6200000047683716,0.6050000190734863,0.6200000047683716,24802700.0,30344820.0,995490.4375
2023-08-11,0.6230000257492065,0.6230000257492065,0.5929999947547913,0.5929999947547913,29151604.0,35184736.0,995490.4375
2023-08-14,0.578000009059906,0.6000000238418579,0.578000009059906,0.597000002861023,28846700.0,34216328.0,995490.4375
2023-08-15,0.5950000286102295,0.5979999899864197,0.5849999785423279,0.597000002861023,27160900.0,32240352.0,995490.4375
2023-08-16,0.5910000205039978,0.6050000190734863,0.5839999914169312,0.5879999995231628,35915800.0,42545412.0,995490.4375
2023-08-17,0.5830000042915344,0.5899999737739563,0.578000009059906,0.5860000252723694,31511000.0,36747572.0,995490.4375
2023-08-18,0.5839999914169312,0.5950000286102295,0.5740000009536743,0.5740000009536743,30453100.0,35656324.0,995490.4375
2023-08-21,0.5720000267028809,0.5789999961853027,0.5659999847412109,0.5669999718666077,25261900.0,28954920.0,995490.4375
2023-08-22,0.5680000185966492,0.5860000252723694,0.5680000185966492,0.5839999914169312,48598600.0,55885276.0,995490.4375
2023-08-23,0.5820000171661377,0.5820000171661377,0.5669999718666077,0.5680000185966492,25126100.0,28862560.0,995490.4375
2023-08-24,0.5799999833106995,0.5830000042915344,0.5649999976158142,0.5740000009536743,36832400.0,42306544.0,995490.4375
2023-08-25,0.5690000057220459,0.574999988079071,0.5540000200271606,0.5590000152587891,33215400.0,37511280.0,995490.4375
2023-08-28,0.6150000095367432,0.6150000095367432,0.5659999847412109,0.5680000185966492,64350600.0,76269040.0,995490.4375
2023-08-29,0.5619999766349792,0.5899999737739563,0.5540000200271606,0.5849999785423279,35774900.0,41282876.0,995490.4375
2023-08-30,0.5820000171661377,0.5920000076293945,0.578000009059906,0.5889999866485596,50663100.0,59403456.0,995490.4375
2023-08-31,0.5860000252723694,0.5879999995231628,0.5799999833106995,0.5799999833106995,27196500.0,31797298.0,995490.4375
2023-09-01,0.5839999914169312,0.5849999785423279,0.5720000267028809,0.5740000009536743,32489000.0,37456408.0,995490.4375
2023-09-04,0.5759999752044678,0.5820000171661377,0.5680000185966492,0.5809999704360962,22982100.0,26405958.0,995490.4375
2023-09-05,0.5789999961853027,0.5799999833106995,0.5709999799728394,0.5720000267028809,16887300.0,19434684.0,995490.4375
2023-09-06,0.5709999799728394,0.5720000267028809,0.5619999766349792,0.5699999928474426,17496800.0,19824952.0,995490.4375
2023-09-07,0.5669999718666077,0.5770000219345093,0.5669999718666077,0.5680000185966492,20292000.0,23208672.0,995490.4375
2023-09-08,0.5680000185966492,0.5759999752044678,0.5590000152587891,0.5720000267028809,29786200.0,33677396.0,995490.4375
2023-09-11,0.5699999928474426,0.5809999704360962,0.5649999976158142,0.5759999752044678,34597900.0,39529104.0,995490.4375
2023-09-12,0.5720000267028809,0.574999988079071,0.5680000185966492,0.5690000057220459,16664800.0,19039116.0,995490.4375
2023-09-13,0.5680000185966492,0.5680000185966492,0.550000011920929,0.5540000200271606,37455600.0,41640436.0,995490.4375
2023-09-14,0.5519999861717224,0.5559999942779541,0.546999990940094,0.5490000247955322,26059600.0,28716974.0,995490.4375
2023-09-15,0.5509999990463257,0.5519999861717224,0.5429999828338623,0.5450000166893005,20678600.0,22658940.0,995490.4375
2023-09-18,0.546999990940094,0.5490000247955322,0.5410000085830688,0.5450000166893005,16068000.0,17520326.0,995490.4375
2023-09-19,0.5450000166893005,0.5450000166893005,0.5360000133514404,0.5379999876022339,20887600.0,22521202.0,995490.4375
2023-09-20,0.5379999876022339,0.5419999957084656,0.5339999794960022,0.5339999794960022,18463300.0,19880408.0,995490.4375
2023-09-21,0.5329999923706055,0.5389999747276306,0.531000018119812,0.5329999923706055,15991100.0,17112914.0,995490.4375
2023-09-22,0.5299999713897705,0.5550000071525574,0.5299999713897705,0.5550000071525574,23654500.0,25765430.0,995490.4375
2023-09-25,0.5540000200271606,0.5540000200271606,0.5450000166893005,0.546999990940094,16353800.0,17917038.0,995490.4375
2023-09-26,0.546999990940094,0.5529999732971191,0.5440000295639038,0.546999990940094,14501800.0,15892597.0,995490.4375
2023-09-27,0.550000011920929,0.5529999732971191,0.5450000166893005,0.5490000247955322,12461000.0,13675775.0,995490.4375
2023-09-28,0.5479999780654907,0.5540000200271606,0.5479999780654907,0.5519999861717224,11010501.0,12143630.0,995490.4375
2023-10-09,0.5519999861717224,0.5540000200271606,0.5450000166893005,0.5509999990463257,12500300.0,13740250.0,995490.4375
2023-10-10,0.5509999990463257,0.5609999895095825,0.5509999990463257,0.5600000023841858,22310000.0,24879592.0,995490.4375
2023-10-11,0.5649999976158142,0.5680000185966492,0.5559999942779541,0.5619999766349792,21830600.0,24567026.0,995490.4375
2023-10-12,0.5669999718666077,0.5720000267028809,0.5609999895095825,0.5630000233650208,14425600.0,16310004.0,995490.4375
2023-10-13,0.5550000071525574,0.5590000152587891,0.5529999732971191,0.5550000071525574,13361700.0,14848746.0,995490.4375
2023-10-16,0.5519999861717224,0.5590000152587891,0.550000011920929,0.5529999732971191,25858200.0,28610620.0,995490.4375
2023-10-17,0.5569999814033508,0.5690000057220459,0.5559999942779541,0.5659999847412109,21678900.0,24368020.0,995490.4375
2023-10-18,0.5649999976158142,0.5649999976158142,0.5509999990463257,0.5569999814033508,23028100.0,25592692.0,995490.4375
2023-10-19,0.5550000071525574,0.5649999976158142,0.5490000247955322,0.550000011920929,18249300.0,20317114.0,995490.4375
2023-10-20,0.5450000166893005,0.5529999732971191,0.5370000004768372,0.5370000004768372,14105000.0,15299921.0,995490.4375
2023-10-23,0.5350000262260437,0.5350000262260437,0.515999972820282,0.5199999809265137,16108300.0,16873568.0,995490.4375
2023-10-24,0.5180000066757202,0.5350000262260437,0.5120000243186951,0.5329999923706055,36884800.0,38830632.0,995490.4375
2023-10-25,0.5329999923706055,0.5429999828338623,0.5329999923706055,0.5379999876022339,34978500.0,37652008.0,995490.4375
2023-10-26,0.5350000262260437,0.5419999957084656,0.531000018119812,0.5400000214576721,18412500.0,19843300.0,995490.4375
2023-10-27,0.5389999747276306,0.5419999957084656,0.5289999842643738,0.5400000214576721,20620400.0,22087420.0,995490.4375
2023-10-30,0.5400000214576721,0.5490000247955322,0.5360000133514404,0.5479999780654907,12531100.0,13599846.0,995490.4375
2023-10-31,0.5440000295639038,0.5479999780654907,0.5379999876022339,0.5419999957084656,12043800.0,13069169.0,995490.4375
2023-11-01,0.5440000295639038,0.5450000166893005,0.5350000262260437,0.5360000133514404,19642500.0,21109464.0,995490.4375
2023-11-02,0.5360000133514404,0.5419999957084656,0.5299999713897705,0.531000018119812,13591500.0,14589317.0,995490.4375
2023-11-03,0.531000018119812,0.5429999828338623,0.531000018119812,0.5389999747276306,14338700.0,15429342.0,995490.4375
2023-11-06,0.5479999780654907,0.5580000281333923,0.5440000295639038,0.5569999814033508,13680700.0,15112695.0,995490.4375
2023-11-07,0.5540000200271606,0.5619999766349792,0.5519999861717224,0.5600000023841858,13846700.0,15419141.0,995490.4375
2023-11-08,0.5600000023841858,0.5709999799728394,0.5590000152587891,0.5659999847412109,15913100.0,17983630.0,995490.4375
2023-11-09,0.5680000185966492,0.5690000057220459,0.5600000023841858,0.5630000233650208,13416200.0,15145216.0,995490.4375
2023-11-10,0.5619999766349792,0.5640000104904175,0.5540000200271606,0.5600000023841858,8911200.0,9981979.0,995490.4375
2023-11-13,0.5630000233650208,0.5730000138282776,0.5609999895095825,0.5699999928474426,12251501.0,13939634.0,995490.4375
2023-11-14,0.5730000138282776,0.5830000042915344,0.5680000185966492,0.5809999704360962,28329300.0,32731988.0,995490.4375
2023-11-15,0.5889999866485596,0.5889999866485596,0.578000009059906,0.5789999961853027,21196400.0,24700790.0,995490.4375
2023-11-16,0.5789999961853027,0.5820000171661377,0.5730000138282776,0.5759999752044678,26301600.0,30393116.0,995490.4375
2023-11-17,0.5759999752044678,0.578000009059906,0.5709999799728394,0.5740000009536743,14748800.0,16910540.0,995490.4375
2023-11-20,0.574999988079071,0.5799999833106995,0.5690000057220459,0.5770000219345093,11983100.0,13781109.0,995490.4375
2023-11-21,0.5759999752044678,0.5820000171661377,0.5690000057220459,0.5720000267028809,13702400.0,15768921.0,995490.4375
2023-11-22,0.5669999718666077,0.5759999752044678,0.5630000233650208,0.5640000104904175,12579500.0,14347666.0,995490.4375
2023-11-23,0.5630000233650208,0.5659999847412109,0.5540000200271606,0.5649999976158142,13786200.0,15452920.0,995490.4375
2023-11-24,0.5680000185966492,0.5680000185966492,0.5490000247955322,0.5509999990463257,14062800.0,15574676.0,995490.4375
2023-11-27,0.546999990940094,0.5569999814033508,0.546999990940094,0.5519999861717224,10420700.0,11497820.0,995490.4375
2023-11-28,0.5519999861717224,0.5540000200271606,0.546999990940094,0.5519999861717224,7640400.0,8400318.0,995490.4375
2023-11-29,0.5519999861717224,0.5540000200271606,0.546999990940094,0.5479999780654907,10072200.0,11080235.0,995490.4375
2023-11-30,0.550000011920929,0.5509999990463257,0.5400000214576721,0.5450000166893005,10990300.0,11968758.0,995490.4375
2023-12-01,0.5450000166893005,0.5640000104904175,0.5450000166893005,0.5619999766349792,21893500.0,24336406.0,995490.4375
2023-12-04,0.5640000104904175,0.574999988079071,0.5619999766349792,0.5690000057220459,19485900.0,22182482.0,995490.4375
2023-12-05,0.5709999799728394,0.5709999799728394,0.550000011920929,0.550000011920929,15268200.0,17014728.0,995490.4375
2023-12-06,0.550000011920929,0.5569999814033508,0.5460000038146973,0.5519999861717224,13793500.0,15187030.0,995490.4375
2023-12-07,0.550000011920929,0.5649999976158142,0.550000011920929,0.5630000233650208,25246600.0,28195220.0,995490.4375
2023-12-08,0.5630000233650208,0.5680000185966492,0.5600000023841858,0.5640000104904175,19987500.0,22500788.0,995490.4375
2023-12-11,0.5640000104904175,0.578000009059906,0.5590000152587891,0.578000009059906,24157200.0,27403242.0,995490.4375
2023-12-12,0.5740000009536743,0.578000009059906,0.5730000138282776,0.5759999752044678,11793600.0,13570741.0,995490.4375
2023-12-13,0.5770000219345093,0.5770000219345093,0.5669999718666077,0.5669999718666077,13500000.0,15404707.0,995490.4375
2023-12-14,0.5690000057220459,0.5730000138282776,0.5619999766349792,0.5619999766349792,16917800.0,19189780.0,995490.4375
2023-12-15,0.5609999895095825,0.5659999847412109,0.5559999942779541,0.5600000023841858,17711000.0,19890620.0,995490.4375
2023-12-18,0.5569999814033508,0.5649999976158142,0.5509999990463257,0.5540000200271606,17689000.0,19685958.0,995490.4375
2023-12-19,0.5509999990463257,0.5590000152587891,0.5479999780654907,0.5559999942779541,18586500.0,20617660.0,995490.4375
2023-12-20,0.5590000152587891,0.5590000152587891,0.5379999876022339,0.5389999747276306,19849200.0,21648584.0,995490.4375
2023-12-21,0.5339999794960022,0.5440000295639038,0.5299999713897705,0.5400000214576721,17740300.0,19043402.0,995490.4375
2023-12-22,0.5379999876022339,0.5400000214576721,0.527999997138977,0.5299999713897705,16403300.0,17448844.0,995490.4375
2023-12-25,0.5270000100135803,0.5329999923706055,0.5230000019073486,0.5249999761581421,12527700.0,13175676.0,995490.4375
2023-12-26,0.5249999761581421,0.5249999761581421,0.5130000114440918,0.5149999856948853,15679300.0,16169019.0,995490.4375
2023-12-27,0.515999972820282,0.5210000276565552,0.5130000114440918,0.5180000066757202,15491800.0,16008694.0,995490.4375
2023-12-28,0.5139999985694885,0.5350000262260437,0.5120000243186951,0.531000018119812,18906400.0,19828830.0,995490.4375
2023-12-29,0.527999997138977,0.5410000085830688,0.527999997138977,0.5389999747276306,15485000.0,16622202.0,995490.4375
2024-01-02,0.5419999957084656,0.5419999957084656,0.5329999923706055,0.5339999794960022,6186300.0,6641467.5,995490.4375
2024-01-03,0.5329999923706055,0.5339999794960022,0.5239999890327454,0.5299999713897705,16077500.0,16982086.0,995490.4375
2024-01-04,0.531000018119812,0.531000018119812,0.5230000019073486,0.5260000228881836,11166900.0,11749820.0,995490.4375
2024-01-05,0.5260000228881836,0.5260000228881836,0.5109999775886536,0.5149999856948853,15223500.0,15823980.0,995490.4375
2024-01-08,0.5149999856948853,0.515999972820282,0.5049999952316284,0.5049999952316284,20910900.0,21335208.0,995490.4375
2024-01-09,0.5049999952316284,0.5090000033378601,0.49399998784065247,0.49799999594688416,22252200.0,22283754.0,995490.4375
2024-01-10,0.49900001287460327,0.49900001287460327,0.48500001430511475,0.4860000014305115,14013200.0,13718138.0,995490.4375
2024-01-11,0.4869999885559082,0.5070000290870667,0.4869999885559082,0.5040000081062317,25905200.0,25847062.0,995490.4375
2024-01-12,0.5049999952316284,0.5049999952316284,0.49300000071525574,0.49300000071525574,17043900.0,16952560.0,995490.4375
2024-01-15,0.48899999260902405,0.4970000088214874,0.48899999260902405,0.49300000071525574,14389900.0,14179946.0,995490.4375
2024-01-16,0.4909999966621399,0.492000013589859,0.4790000021457672,0.4880000054836273,27202900.0,26209214.0,995490.4375
2024-01-17,0.4860000014305115,0.4869999885559082,0.47600001096725464,0.47600001096725464,14844300.0,14308382.0,995490.4375
2024-01-18,0.46700000762939453,0.48100000619888306,0.46399998664855957,0.47999998927116394,19785200.0,18613744.0,995490.4375
2024-01-19,0.48100000619888306,0.48100000619888306,0.46799999475479126,0.4690000116825104,24856100.0,23456122.0,995490.4375
2024-01-22,0.4690000116825104,0.4690000116825104,0.43799999356269836,0.44200000166893005,16609700.0,15079754.0,995490.4375
2024-01-23,0.43799999356269836,0.45500001311302185,0.43799999356269836,0.45100000500679016,33048200.0,29580960.0,995490.4375
2024-01-24,0.4519999921321869,0.46700000762939453,0.44200000166893005,0.46399998664855957,43281200.0,39402676.0,995490.4375
2024-01-25,0.46299999952316284,0.47600001096725464,0.4580000042915344,0.4749999940395355,31319204.0,29155542.0,995490.4375
2024-01-26,0.4699999988079071,0.4779999852180481,0.4690000116825104,0.4699999988079071,24538800.0,23231996.0,995490.4375
2024-01-29,0.4699999988079071,0.47099998593330383,0.45100000500679016,0.45100000500679016,19226800.0,17586734.0,995490.4375
2024-01-30,0.4480000138282776,0.453000009059906,0.4359999895095825,0.43700000643730164,18639400.0,16588196.0,995490.4375
2024-01-31,0.4350000023841858,0.43700000643730164,0.41600000858306885,0.4169999957084656,28088200.0,23976998.0,995490.4375
2024-02-01,0.41200000047683716,0.42800000309944153,0.4099999964237213,0.4169999957084656,20552900.0,17174750.0,995490.4375
2024-02-02,0.4169999957084656,0.42500001192092896,0.38499999046325684,0.4000000059604645,31423000.0,25514996.0,995490.4375
2024-02-05,0.38999998569488525,0.3970000147819519,0.3630000054836273,0.37299999594688416,38272600.0,28816978.0,995490.4375
2024-02-06,0.3580000102519989,0.4009999930858612,0.3580000102519989,0.39800000190734863,39500200.0,30293866.0,995490.4375
2024-02-07,0.39800000190734863,0.41100001335144043,0.39399999380111694,0.40299999713897705,37381200.0,30345138.0,995490.4375
2024-02-08,0.40799999237060547,0.4269999861717224,0.39899998903274536,0.4259999990463257,33970000.0,28578042.0,995490.4375
2024-02-19,0.4350000023841858,0.43799999356269836,0.42800000309944153,0.43799999356269836,24386800.0,21174432.0,995490.4375
2024-02-20,0.43799999356269836,0.4410000145435333,0.4300000071525574,0.4399999976158142,30012200.0,26205372.0,995490.4375
2024-02-21,0.4350000023841858,0.46000000834465027,0.43299999833106995,0.4449999928474426,51835300.0,46783956.0,995490.4375
2024-02-22,0.44200000166893005,0.4580000042915344,0.4410000145435333,0.4580000042915344,25750900.0,23382004.0,995490.4375
2024-02-23,0.46000000834465027,0.46799999475479126,0.4569999873638153,0.46700000762939453,45368100.0,41896512.0,995490.4375
2024-02-26,0.4690000116825104,0.4729999899864197,0.460999995470047,0.46700000762939453,27008000.0,25214000.0,995490.4375
2024-02-27,0.46799999475479126,0.48500001430511475,0.460999995470047,0.48500001430511475,30805100.0,29120834.0,995490.4375
2024-02-28,0.4869999885559082,0.4950000047683716,0.4569999873638153,0.45899999141693115,43964500.0,42329980.0,995490.4375
2024-02-29,0.4490000009536743,0.47999998927116394,0.4490000009536743,0.47999998927116394,33858900.0,31862064.0,995490.4375
2024-03-01,0.4819999933242798,0.49300000071525574,0.47600001096725464,0.49000000953674316,42331100.0,41007820.0,995490.4375
2024-03-04,0.492000013589859,0.4959999918937683,0.48100000619888306,0.4909999966621399,26979700.0,26317984.0,995490.4375
2024-03-05,0.4869999885559082,0.4909999966621399,0.47999998927116394,0.48500001430511475,25311900.0,24566266.0,995490.4375
2024-03-06,0.4819999933242798,0.48899999260902405,0.47600001096725464,0.4830000102519989,24633100.0,23781992.0,995490.4375
2024-03-07,0.4830000102519989,0.48500001430511475,0.46799999475479126,0.46799999475479126,23134600.0,22023126.0,995490.4375
2024-03-08,0.46799999475479126,0.4779999852180481,0.4659999907016754,0.47600001096725464,26565200.0,24996170.0,995490.4375
2024-03-11,0.4749999940395355,0.48399999737739563,0.47200000286102295,0.48399999737739563,25382700.0,24238040.0,995490.4375
2024-03-12,0.48399999737739563,0.49000000953674316,0.4819999933242798,0.4869999885559082,35643300.0,34580896.0,995490.4375
2024-03-13,0.4869999885559082,0.4959999918937683,0.4869999885559082,0.49000000953674316,37510500.0,36846068.0,995490.4375
2024-03-14,0.49000000953674316,0.49000000953674316,0.47600001096725464,0.48399999737739563,27569200.0,26715576.0,995490.4375
2024-03-15,0.4819999933242798,0.4860000014305115,0.47600001096725464,0.4860000014305115,19820700.0,18982164.0,995490.4375
2024-03-18,0.48500001430511475,0.49799999594688416,0.48500001430511475,0.49799999594688416,43209200.0,42472696.0,995490.4375
2024-03-19,0.5,0.5,0.492000013589859,0.492000013589859,21135900.0,20909244.0,995490.4375
2024-03-20,0.49300000071525574,0.5009999871253967,0.49000000953674316,0.5009999871253967,31406602.0,31252312.0,995490.4375
2024-03-21,0.5009999871253967,0.5139999985694885,0.4970000088214874,0.5049999952316284,34193100.0,34687424.0,995490.4375
2024-03-22,0.5049999952316284,0.5049999952316284,0.49000000953674316,0.5,32801400.0,32636540.0,995490.4375
2024-03-25,0.4970000088214874,0.5019999742507935,0.48500001430511475,0.4860000014305115,21011400.0,20867038.0,995490.4375
2024-03-26,0.48100000619888306,0.4869999885559082,0.4690000116825104,0.4740000069141388,27810600.0,26525708.0,995490.4375
2024-03-27,0.47200000286102295,0.4729999899864197,0.4490000009536743,0.4490000009536743,35695700.0,32662732.0,995490.4375
2024-03-28,0.453000009059906,0.46799999475479126,0.4490000009536743,0.46299999952316284,27468700.0,25370806.0,995490.4375
2024-03-29,0.46000000834465027,0.46399998664855957,0.45399999618530273,0.46399998664855957,30832400.0,28313664.0,995490.4375
2024-04-01,0.4650000035762787,0.4740000069141388,0.4650000035762787,0.4740000069141388,17790500.0,16780826.0,995490.4375
2024-04-02,0.4749999940395355,0.47600001096725464,0.46299999952316284,0.4650000035762787,28134600.0,26202542.0,995490.4375
2024-04-03,0.4659999907016754,0.4659999907016754,0.453000009059906,0.4560000002384186,21253800.0,19388238.0,995490.4375
2024-04-08,0.45399999618530273,0.45500001311302185,0.4359999895095825,0.44699999690055847,26881700.0,24180156.0,995490.4375
2024-04-09,0.4490000009536743,0.4519999921321869,0.4440000057220459,0.44999998807907104,21186200.0,18949530.0,995490.4375
2024-04-10,0.44699999690055847,0.4480000138282776,0.4350000023841858,0.4390000104904175,19743800.0,17375016.0,995490.4375
2024-04-11,0.4309999942779541,0.4449999928474426,0.4309999942779541,0.43799999356269836,22303600.0,19623942.0,995490.4375
2024-04-12,0.4359999895095825,0.4410000145435333,0.4300000071525574,0.4300000071525574,24724400.0,21440330.0,995490.4375
2024-04-15,0.42899999022483826,0.4390000104904175,0.42500001192092896,0.4320000112056732,29547800.0,25506126.0,995490.4375
2024-04-16,0.4300000071525574,0.4309999942779541,0.4090000092983246,0.4099999964237213,25051300.0,20876214.0,995490.4375
2024-04-17,0.41200000047683716,0.4300000071525574,0.41200000047683716,0.4300000071525574,25009300.0,21284564.0,995490.4375
2024-04-18,0.4300000071525574,0.4350000023841858,0.42100000381469727,0.42899999022483826,25621900.0,22033212.0,995490.4375
2024-04-19,0.42800000309944153,0.42800000309944153,0.4180000126361847,0.42100000381469727,21434400.0,18072950.0,995490.4375
2024-04-22,0.41999998688697815,0.4269999861717224,0.41100001335144043,0.421999990940094,22980400.0,19362664.0,995490.4375
2024-04-23,0.42100000381469727,0.42899999022483826,0.42100000381469727,0.42800000309944153,19951800.0,17011038.0,995490.4375
2024-04-24,0.4300000071525574,0.43700000643730164,0.42800000309944153,0.43700000643730164,15648400.0,13559273.0,995490.4375
2024-04-25,0.4350000023841858,0.4359999895095825,0.4300000071525574,0.4320000112056732,12657200.0,10935792.0,995490.4375
2024-04-26,0.4350000023841858,0.45399999618530273,0.43299999833106995,0.4519999921321869,46128500.0,40988048.0,995490.4375
2024-04-29,0.45500001311302185,0.4659999907016754,0.4519999921321869,0.46399998664855957,44154800.0,40498268.0,995490.4375
2024-04-30,0.4650000035762787,0.4659999907016754,0.45100000500679016,0.45399999618530273,29164300.0,26546860.0,995490.4375
2024-05-06,0.46299999952316284,0.4650000035762787,0.45500001311302185,0.4580000042915344,25236700.0,23228534.0,995490.4375
2024-05-07,0.4580000042915344,0.46000000834465027,0.453000009059906,0.45500001311302185,22784900.0,20745002.0,995490.4375
2024-05-08,0.45500001311302185,0.45500001311302185,0.44200000166893005,0.4429999887943268,27101300.0,24150920.0,995490.4375
2024-05-09,0.4449999928474426,0.4490000009536743,0.4440000057220459,0.4480000138282776,24436700.0,21830946.0,995490.4375
2024-05-10,0.4480000138282776,0.4519999921321869,0.44200000166893005,0.4440000057220459,25767900.0,22916758.0,995490.4375
2024-05-13,0.4429999887943268,0.4429999887943268,0.43299999833106995,0.4350000023841858,22199500.0,19329012.0,995490.4375
2024-05-14,0.43299999833106995,0.4399999976158142,0.43299999833106995,0.43799999356269836,33216900.0,28921818.0,995490.4375
2024-05-15,0.4399999976158142,0.4410000145435333,0.4300000071525574,0.4320000112056732,20935600.0,18141194.0,995490.4375
2024-05-16,0.4309999942779541,0.43799999356269836,0.4309999942779541,0.4339999854564667,29566200.0,25723144.0,995490.4375
2024-05-17,0.4339999854564667,0.44200000166893005,0.4309999942779541,0.44200000166893005,30660200.0,26823714.0,995490.4375
2024-05-20,0.4429999887943268,0.4480000138282776,0.43799999356269836,0.4449999928474426,19126900.0,16999296.0,995490.4375
2024-05-21,0.4429999887943268,0.4429999887943268,0.43700000643730164,0.43799999356269836,20988600.0,18445614.0,995490.4375
2024-05-22,0.4359999895095825,0.4399999976158142,0.4339999854564667,0.4390000104904175,18879800.0,16513644.0,995490.4375
2024-05-23,0.43700000643730164,0.4399999976158142,0.4269999861717224,0.42899999022483826,26262000.0,22651488.0,995490.4375
2024-05-24,0.4259999990463257,0.4309999942779541,0.41999998688697815,0.41999998688697815,20592700.0,17463186.0,995490.4375
2024-05-27,0.42100000381469727,0.42399999499320984,0.414000004529953,0.42399999499320984,19065200.0,15900318.0,995490.4375
2024-05-28,0.4230000078678131,0.42399999499320984,0.4169999957084656,0.4180000126361847,25646100.0,21498344.0,995490.4375
2024-05-29,0.4189999997615814,0.4230000078678131,0.41499999165534973,0.4169999957084656,28298300.0,23690754.0,995490.4375
2024-05-30,0.4169999957084656,0.4180000126361847,0.41100001335144043,0.4169999957084656,19398900.0,16126530.0,995490.4375
2024-05-31,0.4169999957084656,0.4230000078678131,0.4169999957084656,0.421999990940094,20585390.0,17335882.0,995490.4375
2024-06-03,0.4230000078678131,0.4230000078678131,0.41100001335144043,0.41499999165534973,23716900.0,19672934.0,995490.4375
2024-06-04,0.4129999876022339,0.414000004529953,0.40799999237060547,0.4129999876022339,26319400.0,21591078.0,995490.4375
2024-06-05,0.41200000047683716,0.41600000858306885,0.4090000092983246,0.4099999964237213,22830600.0,18837160.0,995490.4375
2024-06-06,0.41100001335144043,0.41200000047683716,0.3959999978542328,0.39800000190734863,41537700.0,33237724.0,995490.4375
2024-06-07,0.39899998903274536,0.40299999713897705,0.39399999380111694,0.39899998903274536,23225300.0,18536176.0,995490.4375
2024-06-11,0.39800000190734863,0.40700000524520874,0.39500001072883606,0.4059999883174896,23537800.0,18940484.0,995490.4375
2024-06-12,0.4059999883174896,0.41200000047683716,0.4050000011920929,0.4090000092983246,28224700.0,23118822.0,995490.4375
2024-06-13,0.4099999964237213,0.41200000047683716,0.40700000524520874,0.4090000092983246,21342600.0,17481714.0,995490.4375
2024-06-14,0.4090000092983246,0.4169999957084656,0.4059999883174896,0.41499999165534973,29493000.0,24267644.0,995490.4375
2024-06-17,0.41499999165534973,0.41499999165534973,0.4099999964237213,0.414000004529953,20845800.0,17221208.0,995490.4375
2024-06-18,0.414000004529953,0.41999998688697815,0.4129999876022339,0.4189999997615814,22548600.0,18822702.0,995490.4375
2024-06-19,0.421999990940094,0.4230000078678131,0.41600000858306885,0.4169999957084656,23941204.0,20035332.0,995490.4375
2024-06-20,0.4189999997615814,0.4189999997615814,0.40299999713897705,0.4059999883174896,27106000.0,22139030.0,995490.4375
2024-06-21,0.4020000100135803,0.40700000524520874,0.39899998903274536,0.4050000011920929,21481000.0,17306452.0,995490.4375
2024-06-24,0.4009999930858612,0.40400001406669617,0.3930000066757202,0.3959999978542328,16221900.0,12941484.0,995490.4375
2024-06-25,0.3970000147819519,0.39800000190734863,0.3840000033378601,0.38999998569488525,30634700.0,23853106.0,995490.4375
2024-06-26,0.38999998569488525,0.40799999237060547,0.38600000739097595,0.40700000524520874,25497000.0,20273940.0,995490.4375
2024-06-27,0.40700000524520874,0.40700000524520874,0.3959999978542328,0.3970000147819519,24637440.0,19716304.0,995490.4375
2024-06-28,0.3970000147819519,0.4020000100135803,0.3869999945163727,0.3880000114440918,27659600.0,21832962.0,995490.4375
2024-07-01,0.3880000114440918,0.38999998569488525,0.38100001215934753,0.38999998569488525,26931804.0,20789142.0,995490.4375
2024-07-02,0.3889999985694885,0.4020000100135803,0.3889999985694885,0.3959999978542328,34277300.0,27248938.0,995490.4375
2024-07-03,0.3959999978542328,0.3959999978542328,0.38600000739097595,0.3869999945163727,23824800.0,18535106.0,995490.4375
2024-07-04,0.3840000033378601,0.3869999945163727,0.37400001287460327,0.375,25582300.0,19395968.0,995490.4375
2024-07-05,0.37400001287460327,0.38100001215934753,0.3700000047683716,0.3790000081062317,21975600.0,16576958.0,995490.4375
2024-07-08,0.37700000405311584,0.3779999911785126,0.36500000953674316,0.3659999966621399,18062000.0,13351612.0,995490.4375
2024-07-09,0.3659999966621399,0.37400001287460327,0.36000001430511475,0.3720000088214874,23898400.0,17616404.0,995490.4375
2024-07-10,0.3700000047683716,0.37599998712539673,0.36800000071525574,0.3709999918937683,16581000.0,12340416.0,995490.4375
2024-07-11,0.37400001287460327,0.382999986410141,0.37400001287460327,0.38100001215934753,16330900.0,12391403.0,995490.4375
2024-07-12,0.38100001215934753,0.38100001215934753,0.37599998712539673,0.37700000405311584,18053800.0,13662663.0,995490.4375
2024-07-15,0.3779999911785126,0.3790000081062317,0.36899998784065247,0.3700000047683716,18174400.0,13473865.0,995490.4375
2024-07-16,0.3700000047683716,0.375,0.36800000071525574,0.37400001287460327,14976200.0,11149997.0,995490.4375
2024-07-17,0.37299999594688416,0.375,0.3700000047683716,0.3700000047683716,14539300.0,10817443.0,995490.4375
2024-07-18,0.3700000047683716,0.3700000047683716,0.3610000014305115,0.36800000071525574,22188500.0,16195716.0,995490.4375
2024-07-19,0.367000013589859,0.375,0.36500000953674316,0.37299999594688416,22813400.0,16984348.0,995490.4375
2024-07-22,0.37700000405311584,0.3799999952316284,0.375,0.3790000081062317,29796600.0,22527028.0,995490.4375
2024-07-23,0.3790000081062317,0.3790000081062317,0.36899998784065247,0.36899998784065247,24550800.0,18393864.0,995490.4375
2024-07-24,0.3659999966621399,0.3700000047683716,0.3610000014305115,0.3619999885559082,19616300.0,14298560.0,995490.4375
2024-07-25,0.36000001430511475,0.3709999918937683,0.36000001430511475,0.3659999966621399,21123300.0,15448279.0,995490.4375
2024-07-26,0.36500000953674316,0.3720000088214874,0.36399999260902405,0.3700000047683716,18120200.0,13384163.0,995490.4375
2024-07-29,0.3709999918937683,0.37299999594688416,0.367000013589859,0.3720000088214874,20937800.0,15505090.0,995490.4375
2024-07-30,0.3700000047683716,0.375,0.36800000071525574,0.3709999918937683,21730400.0,16121320.0,995490.4375
2024-07-31,0.3709999918937683,0.3959999978542328,0.3709999918937683,0.39500001072883606,48373000.0,37445564.0,995490.4375
2024-08-01,0.39500001072883606,0.39500001072883606,0.3889999985694885,0.39100000262260437,39884000.0,31271582.0,995490.4375
2024-08-02,0.38999998569488525,0.3919999897480011,0.38100001215934753,0.38199999928474426,27983600.0,21609642.0,995490.4375
2024-08-05,0.37599998712539673,0.3880000114440918,0.3720000088214874,0.3720000088214874,40969800.0,31064592.0,995490.4375
2024-08-06,0.37400001287460327,0.3790000081062317,0.3720000088214874,0.37700000405311584,31119500.0,23332870.0,995490.4375
2024-08-07,0.375,0.3779999911785126,0.37400001287460327,0.37599998712539673,26973700.0,20285664.0,995490.4375
2024-08-08,0.37400001287460327,0.37700000405311584,0.367000013589859,0.3720000088214874,27615200.0,20529108.0,995490.4375
2024-08-09,0.37299999594688416,0.37599998712539673,0.36800000071525574,0.36899998784065247,26380300.0,19588438.0,995490.4375
2024-08-12,0.36899998784065247,0.36899998784065247,0.3619999885559082,0.36399999260902405,16690700.0,12179928.0,995490.4375
2024-08-13,0.3630000054836273,0.367000013589859,0.3619999885559082,0.367000013589859,19792900.0,14403682.0,995490.4375
2024-08-14,0.36800000071525574,0.36800000071525574,0.36399999260902405,0.36399999260902405,13002500.0,9510545.0,995490.4375
2024-08-15,0.3630000054836273,0.375,0.3630000054836273,0.3700000047683716,28064500.0,20766540.0,995490.4375
2024-08-16,0.3700000047683716,0.3720000088214874,0.36800000071525574,0.36899998784065247,14075900.0,10408764.0,995490.4375
2024-08-19,0.36899998784065247,0.38199999928474426,0.36899998784065247,0.3779999911785126,26318300.0,19864718.0,995490.4375
2024-08-20,0.3779999911785126,0.3779999911785126,0.3659999966621399,0.367000013589859,28012000.0,20720168.0,995490.4375
2024-08-21,0.3659999966621399,0.3709999918937683,0.36500000953674316,0.36500000953674316,14106000.0,10354702.0,995490.4375
2024-08-22,0.36399999260902405,0.3709999918937683,0.35499998927116394,0.35499998927116394,31915300.0,23110532.0,995490.4375
2024-08-23,0.35600000619888306,0.3659999966621399,0.35499998927116394,0.3630000054836273,34241700.0,24728666.0,995490.4375
2024-08-26,0.3610000014305115,0.36399999260902405,0.3580000102519989,0.3610000014305115,13902000.0,10041102.0,995490.4375
2024-08-27,0.35899999737739563,0.3619999885559082,0.3540000021457672,0.35499998927116394,14504400.0,10344239.0,995490.4375
2024-08-28,0.3540000021457672,0.3580000102519989,0.3499999940395355,0.35600000619888306,23836000.0,16810228.0,995490.4375
2024-08-29,0.35600000619888306,0.3630000054836273,0.3540000021457672,0.3619999885559082,27728800.0,19896688.0,995490.4375
2024-08-30,0.3610000014305115,0.3799999952316284,0.3610000014305115,0.37599998712539673,68001904.0,50512856.0,995490.4375
2024-09-02,0.37400001287460327,0.37599998712539673,0.3630000054836273,0.3630000054836273,31716100.0,23458184.0,995490.4375
2024-09-03,0.36399999260902405,0.3700000047683716,0.3630000054836273,0.3700000047683716,29457200.0,21601596.0,995490.4375
2024-09-04,0.36399999260902405,0.3720000088214874,0.36399999260902405,0.36800000071525574,31607100.0,23304160.0,995490.4375
2024-09-05,0.36899998784065247,0.3799999952316284,0.36899998784065247,0.3779999911785126,46637400.0,35154344.0,995490.4375
2024-09-06,0.3790000081062317,0.3840000033378601,0.3709999918937683,0.37400001287460327,35607100.0,26887144.0,995490.4375
2024-09-09,0.3700000047683716,0.37400001287460327,0.36500000953674316,0.36899998784065247,31918800.0,23611508.0,995490.4375
2024-09-10,0.36800000071525574,0.37599998712539673,0.3619999885559082,0.37400001287460327,41782900.0,30772372.0,995490.4375
2024-09-11,0.3709999918937683,0.37299999594688416,0.36899998784065247,0.3720000088214874,18705700.0,13869351.0,995490.4375
2024-09-12,0.37299999594688416,0.3779999911785126,0.3709999918937683,0.375,31078400.0,23277910.0,995490.4375
2024-09-13,0.37400001287460327,0.375,0.36800000071525574,0.36800000071525574,30437200.0,22653030.0,995490.4375
2024-09-18,0.36800000071525574,0.3700000047683716,0.3610000014305115,0.36800000071525574,19479600.0,14241885.0,995490.4375
2024-09-19,0.36899998784065247,0.3840000033378601,0.36899998784065247,0.382999986410141,41597600.0,31433616.0,995490.4375
2024-09-20,0.38199999928474426,0.3889999985694885,0.38199999928474426,0.3889999985694885,40633800.0,31405140.0,995490.4375
2024-09-23,0.38999998569488525,0.39399999380111694,0.38600000739097595,0.38999998569488525,32347600.0,25252946.0,995490.4375
2024-09-24,0.38999998569488525,0.4189999997615814,0.3869999945163727,0.4189999997615814,68875904.0,55662032.0,995490.4375
2024-09-25,0.4339999854564667,0.4390000104904175,0.4230000078678131,0.42899999022483826,108621504.0,93699600.0,995490.4375
2024-09-26,0.41999998688697815,0.4560000002384186,0.41999998688697815,0.45500001311302185,91569296.0,79870832.0,995490.4375
2024-09-27,0.46700000762939453,0.5,0.4650000035762787,0.5,78261904.0,75381088.0,995490.4375
2024-09-30,0.550000011920929,0.550000011920929,0.550000011920929,0.550000011920929,9051300.0,9956430.0,995490.4375
2024-10-08,0.6050000190734863,0.6050000190734863,0.6050000190734863,0.6050000190734863,6629601.0,8021817.0,995490.4375
2024-10-09,0.6660000085830688,0.6660000085830688,0.6660000085830688,0.6660000085830688,31110908.0,41408616.0,995490.4375
2024-10-10,0.6890000104904175,0.6890000104904175,0.5989999771118164,0.6100000143051147,157308656.0,200766832.0,995490.4375
2024-10-11,0.5759999752044678,0.6269999742507935,0.5759999752044678,0.6060000061988831,158411312.0,193039472.0,995490.4375
2024-10-14,0.6150000095367432,0.6539999842643738,0.5830000042915344,0.652999997138977,227198272.0,285829120.0,995490.4375
2024-10-15,0.6499999761581421,0.6790000200271606,0.6259999871253967,0.6389999985694885,312096160.0,412100480.0,995490.4375
2024-10-16,0.6119999885559082,0.6600000262260437,0.6100000143051147,0.6460000276565552,294103776.0,376253312.0,995490.4375
2024-10-17,0.6579999923706055,0.6769999861717224,0.6399999856948853,0.6510000228881836,395371136.0,523592576.0,995490.4375
2024-10-18,0.6399999856948853,0.7160000205039978,0.6349999904632568,0.699999988079071,307731584.0,415559616.0,995490.4375
2024-10-21,0.7049999833106995,0.7279999852180481,0.6830000281333923,0.7179999947547913,346200192.0,489419200.0,995490.4375
2024-10-22,0.7129999995231628,0.7149999737739563,0.6759999990463257,0.6899999976158142,242282480.0,337500224.0,995490.4375
2024-10-23,0.6899999976158142,0.7120000123977661,0.6740000247955322,0.6790000200271606,247337424.0,343631776.0,995490.4375
2024-10-24,0.6650000214576721,0.6729999780654907,0.6600000262260437,0.6710000038146973,142760704.0,190429312.0,995490.4375
2024-10-25,0.671999990940094,0.6890000104904175,0.6679999828338623,0.6759999990463257,113154000.0,153156864.0,995490.4375
2024-10-28,0.6690000295639038,0.6899999976158142,0.6679999828338623,0.6899999976158142,105814016.0,144338688.0,995490.4375
2024-10-29,0.6919999718666077,0.7049999833106995,0.6859999895095825,0.6859999895095825,128869408.0,179571168.0,995490.4375
2024-10-30,0.6800000071525574,0.7049999833106995,0.6710000038146973,0.7009999752044678,138627904.0,191073648.0,995490.4375
2024-10-31,0.7049999833106995,0.753000020980835,0.6980000138282776,0.7250000238418579,308150496.0,451954368.0,995490.4375
2024-11-01,0.7250000238418579,0.7250000238418579,0.6660000085830688,0.671999990940094,274405792.0,378599488.0,995490.4375
2024-11-04,0.6660000085830688,0.699999988079071,0.6639999747276306,0.6990000009536743,191121104.0,261051840.0,995490.4375
2024-11-05,0.7020000219345093,0.7689999938011169,0.6940000057220459,0.7689999938011169,506951616.0,758691456.0,995490.4375
2024-11-06,0.7749999761581421,0.8090000152587891,0.7519999742507935,0.7599999904632568,712522432.0,1117165184.0,995490.4375
2024-11-07,0.7409999966621399,0.8220000267028809,0.7409999966621399,0.8209999799728394,582873600.0,906488704.0,995490.4375
2024-11-08,0.8429999947547913,0.847000002861023,0.7960000038146973,0.800000011920929,527450592.0,864195520.0,995490.4375
2024-11-11,0.7820000052452087,0.8240000009536743,0.781000018119812,0.8230000138282776,413749792.0,671251904.0,995490.4375
2024-11-12,0.8289999961853027,0.8429999947547913,0.8059999942779541,0.8220000267028809,302685696.0,499347008.0,995490.4375
2024-11-13,0.8109999895095825,0.8230000138282776,0.7910000085830688,0.8149999976158142,307566400.0,496560736.0,995490.4375
2024-11-14,0.8109999895095825,0.8209999799728394,0.7919999957084656,0.7940000295639038,282793696.0,457138304.0,995490.4375
2024-11-15,0.7910000085830688,0.8059999942779541,0.7509999871253967,0.7540000081062317,356970400.0,555955520.0,995490.4375
2024-11-18,0.7509999871253967,0.7599999904632568,0.7080000042915344,0.7160000205039978,392303616.0,567844480.0,995490.4375
2024-11-19,0.7179999947547913,0.75,0.7129999995231628,0.7490000128746033,482388192.0,704382144.0,995490.4375
2024-11-20,0.746999979019165,0.765999972820282,0.7350000143051147,0.7559999823570251,349639392.0,525431072.0,995490.4375
2024-11-21,0.746999979019165,0.777999997138977,0.746999979019165,0.7680000066757202,366548416.0,560378048.0,995490.4375
2024-11-22,0.7649999856948853,0.7789999842643738,0.7350000143051147,0.7369999885559082,363709600.0,551798976.0,995490.4375
2024-11-25,0.7350000143051147,0.7440000176429749,0.7099999785423279,0.7300000190734863,315000288.0,454963648.0,995490.4375
2024-11-26,0.7250000238418579,0.7450000047683716,0.7200000286102295,0.7210000157356262,246406000.0,360453248.0,995490.4375
2024-11-27,0.7139999866485596,0.7549999952316284,0.7049999833106995,0.7549999952316284,413972192.0,606930112.0,995490.4375
2024-11-28,0.7599999904632568,0.7749999761581421,0.7480000257492065,0.75,378179712.0,575833216.0,995490.4375
2024-11-29,0.7450000047683716,0.824999988079071,0.7450000047683716,0.800000011920929,653799168.0,1033159040.0,995490.4375
2024-12-02,0.7820000052452087,0.8059999942779541,0.7799999713897705,0.8029999732971191,482379104.0,769819200.0,995490.4375
2024-12-03,0.8029999732971191,0.8220000267028809,0.7900000214576721,0.8059999942779541,537731008.0,866454272.0,995490.4375
2024-12-04,0.7990000247955322,0.8180000185966492,0.7889999747276306,0.7940000295639038,502333888.0,805683392.0,995490.4375
2024-12-05,0.7929999828338623,0.8230000138282776,0.7919999957084656,0.8159999847412109,543414080.0,882929920.0,995490.4375
2024-12-06,0.8140000104904175,0.8379999995231628,0.8009999990463257,0.8149999976158142,562494208.0,923228288.0,995490.4375
2024-12-09,0.8059999942779541,0.8199999928474426,0.7889999747276306,0.7979999780654907,430231200.0,689074176.0,995490.4375
2024-12-10,0.8500000238418579,0.8500000238418579,0.8109999895095825,0.8130000233650208,790826240.0,1312045696.0,995490.4375
2024-12-11,0.8040000200271606,0.8119999766349792,0.7950000166893005,0.8029999732971191,390590496.0,626506560.0,995490.4375
2024-12-12,0.8019999861717224,0.8240000009536743,0.7979999780654907,0.8230000138282776,452154784.0,736123712.0,995490.4375
2024-12-13,0.8109999895095825,0.8140000104904175,0.7900000214576721,0.7919999957084656,433016352.0,696499968.0,995490.4375
2024-12-16,0.7889999747276306,0.7900000214576721,0.7699999809265137,0.7749999761581421,307490656.0,478093792.0,995490.4375
2024-12-17,0.7730000019073486,0.7789999842643738,0.7620000243186951,0.7630000114440918,306295392.0,471496736.0,995490.4375
2024-12-18,0.7680000066757202,0.7770000100135803,0.7559999823570251,0.7689999938011169,379057504.0,583126080.0,995490.4375
2024-12-19,0.7570000290870667,0.7760000228881836,0.7540000081062317,0.7720000147819519,286271360.0,438955904.0,995490.4375
2024-12-20,0.7720000147819519,0.7919999957084656,0.7670000195503235,0.781000018119812,361878592.0,565411520.0,995490.4375
2024-12-23,0.7799999713897705,0.7829999923706055,0.75,0.753000020980835,372054688.0,568318912.0,995490.4375
2024-12-24,0.7540000081062317,0.7580000162124634,0.7400000095367432,0.7559999823570251,381879392.0,571746368.0,995490.4375
2024-12-25,0.7549999952316284,0.7549999952316284,0.7310000061988831,0.7400000095367432,362714400.0,536448672.0,995490.4375
2024-12-26,0.7400000095367432,0.7519999742507935,0.7390000224113464,0.7440000176429749,246118800.0,367117152.0,995490.4375
2024-12-27,0.7419999837875366,0.7689999938011169,0.7400000095367432,0.753000020980835,571307520.0,862796992.0,995490.4375
2024-12-30,0.746999979019165,0.7620000243186951,0.7400000095367432,0.7590000033378601,325845600.0,490959584.0,995490.4375
2024-12-31,0.7599999904632568,0.7609999775886536,0.7160000205039978,0.7170000076293945,524258464.0,770391488.0,995490.4375
2025-01-02,0.7089999914169312,0.7120000123977661,0.6740000247955322,0.6830000281333923,591474112.0,819730304.0,995490.4375
2025-01-03,0.6840000152587891,0.6869999766349792,0.6470000147819519,0.6470000147819519,512625536.0,679281536.0,995490.4375
2025-01-06,0.640999972820282,0.6510000228881836,0.6290000081062317,0.6320000290870667,351748896.0,449373664.0,995490.4375
2025-01-07,0.6359999775886536,0.656000018119812,0.6349999904632568,0.6549999713897705,355774592.0,457913632.0,995490.4375
2025-01-08,0.6480000019073486,0.6610000133514404,0.628000020980835,0.6499999761581421,383470496.0,494425408.0,995490.4375
2025-01-09,0.6439999938011169,0.6579999923706055,0.6439999938011169,0.6520000100135803,210329104.0,274548736.0,995490.4375
2025-01-10,0.6499999761581421,0.6600000262260437,0.6330000162124634,0.6330000162124634,238867568.0,309077888.0,995490.4375
2025-01-13,0.6190000176429749,0.6449999809265137,0.6179999709129333,0.6430000066757202,300735264.0,381409376.0,995490.4375
2025-01-14,0.6470000147819519,0.6990000009536743,0.6430000066757202,0.6990000009536743,765893376.0,1037732032.0,995490.4375
2025-01-15,0.6909999847412109,0.6940000057220459,0.6819999814033508,0.6850000023841858,409916608.0,562760832.0,995490.4375
2025-01-16,0.6919999718666077,0.7099999785423279,0.6819999814033508,0.6890000104904175,516125056.0,716153856.0,995490.4375
2025-01-17,0.6819999814033508,0.6990000009536743,0.6790000200271606,0.6890000104904175,423694400.0,586109696.0,995490.4375
2025-01-20,0.7020000219345093,0.7049999833106995,0.6869999766349792,0.6919999718666077,398861408.0,554857664.0,995490.4375
2025-01-21,0.699999988079071,0.699999988079071,0.6850000023841858,0.6970000267028809,391912608.0,542663488.0,995490.4375
2025-01-22,0.6899999976158142,0.6949999928474426,0.6850000023841858,0.6899999976158142,335545312.0,462657376.0,995490.4375
2025-01-23,0.7049999833106995,0.722000002861023,0.6840000152587891,0.6840000152587891,812329728.0,1145353216.0,995490.4375
2025-01-24,0.6769999861717224,0.703000009059906,0.6769999861717224,0.7009999752044678,581899840.0,806932416.0,995490.4375
2025-01-27,0.7099999785423279,0.7099999785423279,0.6790000200271606,0.6800000071525574,373290304.0,515927392.0,995490.4375
2025-02-05,0.6959999799728394,0.7160000205039978,0.6899999976158142,0.7080000042915344,539799680.0,761603584.0,995490.4375
2025-02-06,0.7080000042915344,0.7369999885559082,0.699999988079071,0.734000027179718,480356288.0,695134272.0,995490.4375
2025-02-07,0.7289999723434448,0.7760000228881836,0.7289999723434448,0.7590000033378601,737680896.0,1113611136.0,995490.4375
2025-02-10,0.7630000114440918,0.7799999713897705,0.7620000243186951,0.7789999842643738,563642880.0,870278720.0,995490.4375
2025-02-11,0.7770000100135803,0.7829999923706055,0.7599999904632568,0.7699999809265137,454971712.0,701025600.0,995490.4375
2025-02-12,0.7649999856948853,0.7979999780654907,0.7649999856948853,0.7979999780654907,551707200.0,865922944.0,995490.4375
2025-02-13,0.7979999780654907,0.7979999780654907,0.7720000147819519,0.781000018119812,580629120.0,911819968.0,995490.4375
2025-02-14,0.7760000228881836,0.800000011920929,0.7710000276565552,0.796999990940094,502547584.0,793038144.0,995490.4375
2025-02-17,0.8149999976158142,0.8349999785423279,0.8050000071525574,0.8140000104904175,537950016.0,878728576.0,995490.4375
2025-02-18,0.8050000071525574,0.8140000104904175,0.7730000019073486,0.7760000228881836,510207744.0,806651008.0,995490.4375
2025-02-19,0.7730000019073486,0.7979999780654907,0.7689999938011169,0.796999990940094,434124512.0,684673984.0,995490.4375
2025-02-20,0.7960000038146973,0.8100000023841858,0.7910000085830688,0.7990000247955322,320285792.0,511733600.0,995490.4375
2025-02-21,0.8040000200271606,0.8309999704360962,0.7860000133514404,0.8259999752044678,661657664.0,1075893120.0,995490.4375
2025-02-24,0.8230000138282776,0.8320000171661377,0.8109999895095825,0.8230000138282776,430648288.0,707399040.0,995490.4375
2025-02-25,0.8009999990463257,0.8199999928474426,0.7979999780654907,0.8029999732971191,349085760.0,563743808.0,995490.4375
2025-02-26,0.8059999942779541,0.8199999928474426,0.7950000166893005,0.8199999928474426,456830496.0,739520704.0,995490.4375
2025-02-27,0.8169999718666077,0.8199999928474426,0.7889999747276306,0.8029999732971191,390774336.0,627686784.0,995490.4375
2025-02-28,0.796999990940094,0.7990000247955322,0.7549999952316284,0.7570000290870667,495322912.0,767831680.0,995490.4375
2025-03-03,0.7620000243186951,0.7730000019073486,0.7459999918937683,0.7570000290870667,333378912.0,508034944.0,995490.4375
2025-03-04,0.7490000128746033,0.7689999938011169,0.746999979019165,0.7680000066757202,335108704.0,511459488.0,995490.4375
2025-03-05,0.7689999938011169,0.7789999842643738,0.7620000243186951,0.7739999890327454,254181344.0,391476672.0,995490.4375
2025-03-06,0.7850000262260437,0.8180000185966492,0.7820000052452087,0.8130000233650208,477607648.0,766808128.0,995490.4375
2025-03-07,0.8080000281333923,0.8109999895095825,0.7860000133514404,0.7919999957084656,302169984.0,483496704.0,995490.4375
2025-03-10,0.7919999957084656,0.7919999957084656,0.7720000147819519,0.781000018119812,244638704.0,381037024.0,995490.4375
2025-03-11,0.765999972820282,0.7789999842643738,0.765999972820282,0.7789999842643738,197117104.0,304814592.0,995490.4375
2025-03-12,0.7860000133514404,0.8019999861717224,0.781000018119812,0.7870000004768372,324066112.0,513284160.0,995490.4375
2025-03-13,0.7829999923706055,0.7850000262260437,0.7639999985694885,0.7680000066757202,279543616.0,431844928.0,995490.4375
2025-03-14,0.7689999938011169,0.8140000104904175,0.765999972820282,0.8029999732971191,785925888.0,1252551552.0,995490.4375
2025-03-17,0.8029999732971191,0.8050000071525574,0.7950000166893005,0.7990000247955322,220508800.0,352538208.0,995490.4375
2025-03-18,0.8019999861717224,0.8069999814033508,0.7950000166893005,0.8009999990463257,240143008.0,384971040.0,995490.4375
2025-03-19,0.7979999780654907,0.8050000071525574,0.7889999747276306,0.7919999957084656,248987008.0,395959008.0,995490.4375
2025-03-20,0.7910000085830688,0.7929999828338623,0.7789999842643738,0.7789999842643738,233231504.0,366833920.0,995490.4375
2025-03-21,0.7749999761581421,0.781000018119812,0.7590000033378601,0.7590000033378601,259728096.0,398349568.0,995490.4375
2025-03-24,0.7580000162124634,0.7590000033378601,0.7289999723434448,0.746999979019165,537740672.0,797514880.0,995490.4375
2025-03-25,0.7450000047683716,0.7459999918937683,0.7279999852180481,0.7289999723434448,265409696.0,389941376.0,995490.4375
2025-03-26,0.7300000190734863,0.7409999966621399,0.7300000190734863,0.7310000061988831,186572896.0,274302048.0,995490.4375
2025-03-27,0.7289999723434448,0.7459999918937683,0.7250000238418579,0.7360000014305115,262589600.0,386216928.0,995490.4375
2025-03-28,0.7390000224113464,0.7409999966621399,0.7310000061988831,0.7329999804496765,202871296.0,298500320.0,995490.4375
2025-03-31,0.7239999771118164,0.7289999723434448,0.7059999704360962,0.7229999899864197,304915840.0,435948864.0,995490.4375
2025-04-01,0.722000002861023,0.7260000109672546,0.7070000171661377,0.7080000042915344,237598192.0,339533536.0,995490.4375
2025-04-02,0.7049999833106995,0.7200000286102295,0.7039999961853027,0.7139999866485596,171715360.0,245407632.0,995490.4375
2025-04-03,0.7039999961853027,0.722000002861023,0.7039999961853027,0.7120000123977661,202106800.0,288787808.0,995490.4375
2025-04-07,0.6729999780654907,0.6779999732971191,0.640999972820282,0.640999972820282,232039008.0,301247808.0,995490.4375
2025-04-08,0.6330000162124634,0.6430000066757202,0.609000027179718,0.6269999742507935,300090912.0,375035488.0,995490.4375
2025-04-09,0.6119999885559082,0.6589999794960022,0.593999981880188,0.6539999842643738,529968032.0,676855680.0,995490.4375
2025-04-10,0.6669999957084656,0.6869999766349792,0.6660000085830688,0.6700000166893005,356119616.0,480289568.0,995490.4375
2025-04-11,0.6610000133514404,0.6830000281333923,0.6600000262260437,0.6740000247955322,266020000.0,357947776.0,995490.4375
2025-04-14,0.6809999942779541,0.6890000104904175,0.6769999861717224,0.6830000281333923,223925200.0,305539488.0,995490.4375
2025-04-15,0.6800000071525574,0.6800000071525574,0.6679999828338623,0.6710000038146973,205703808.0,276410720.0,995490.4375
2025-04-16,0.6700000166893005,0.671999990940094,0.6510000228881836,0.6650000214576721,191730208.0,253902272.0,995490.4375
2025-04-17,0.6620000004768372,0.6729999780654907,0.6610000133514404,0.6629999876022339,147898496.0,197521920.0,995490.4375
2025-04-18,0.6610000133514404,0.6769999861717224,0.6610000133514404,0.6679999828338623,265401136.0,355180160.0,995490.4375
2025-04-21,0.6639999747276306,0.6869999766349792,0.6600000262260437,0.6850000023841858,268768416.0,364646880.0,995490.4375
2025-04-22,0.6930000185966492,0.7039999961853027,0.6909999847412109,0.6940000057220459,243374528.0,338368864.0,995490.4375
2025-04-23,0.7009999752044678,0.7149999737739563,0.6959999799728394,0.699999988079071,224855696.0,316905664.0,995490.4375
2025-04-24,0.6959999799728394,0.6980000138282776,0.6769999861717224,0.6779999732971191,208000304.0,285040640.0,995490.4375
2025-04-25,0.6809999942779541,0.6869999766349792,0.6729999780654907,0.6779999732971191,255275504.0,347330272.0,995490.4375
2025-04-28,0.6759999990463257,0.6850000023841858,0.6700000166893005,0.6710000038146973,181429200.0,244184912.0,995490.4375
2025-04-29,0.6679999828338623,0.675000011920929,0.6629999876022339,0.6710000038146973,148409696.0,199074496.0,995490.4375
2025-04-30,0.6740000247955322,0.6890000104904175,0.6710000038146973,0.6830000281333923,242180400.0,330998112.0,995490.4375
2025-05-06,0.6909999847412109,0.7120000123977661,0.6899999976158142,0.7120000123977661,263855696.0,371732672.0,995490.4375
2025-05-07,0.7419999837875366,0.7480000257492065,0.7020000219345093,0.7080000042915344,642747712.0,928233024.0,995490.4375
2025-05-08,0.7020000219345093,0.7179999947547913,0.7020000219345093,0.7170000076293945,309275808.0,440162080.0,995490.4375
2025-05-09,0.7139999866485596,0.7149999737739563,0.6990000009536743,0.7009999752044678,218560608.0,307845376.0,995490.4375
2025-05-12,0.7089999914169312,0.7239999771118164,0.703000009059906,0.7239999771118164,364247008.0,519200224.0,995490.4375
2025-05-13,0.7310000061988831,0.7310000061988831,0.7110000252723694,0.7129999995231628,238306208.0,342785856.0,995490.4375
2025-05-14,0.7120000123977661,0.7459999918937683,0.7059999704360962,0.7319999933242798,604787520.0,878194624.0,995490.4375
2025-05-15,0.7239999771118164,0.7250000238418579,0.7039999961853027,0.7049999833106995,338926688.0,482273984.0,995490.4375
2025-05-16,0.7009999752044678,0.7049999833106995,0.6970000267028809,0.6990000009536743,182368800.0,255494544.0,995490.4375
2025-05-19,0.6980000138282776,0.699999988079071,0.6890000104904175,0.6980000138282776,135051008.0,187709824.0,995490.4375
2025-05-20,0.6980000138282776,0.7020000219345093,0.6919999718666077,0.6980000138282776,191905696.0,267696672.0,995490.4375
2025-05-21,0.7009999752044678,0.7009999752044678,0.6940000057220459,0.6959999799728394,133883800.0,186463344.0,995490.4375
2025-05-22,0.6940000057220459,0.6990000009536743,0.6880000233650208,0.6880000233650208,170555456.0,236115536.0,995490.4375
2025-05-23,0.6869999766349792,0.6930000185966492,0.6710000038146973,0.6710000038146973,254361200.0,346511616.0,995490.4375
2025-05-26,0.6710000038146973,0.6800000071525574,0.6710000038146973,0.6790000200271606,225020592.0,303954112.0,995490.4375
2025-05-27,0.6779999732971191,0.6790000200271606,0.6729999780654907,0.6759999990463257,132651888.0,179278416.0,995490.4375
2025-05-28,0.6769999861717224,0.6790000200271606,0.6700000166893005,0.6740000247955322,119996392.0,161913296.0,995490.4375
2025-05-29,0.6740000247955322,0.7120000123977661,0.6729999780654907,0.7120000123977661,600500352.0,838329664.0,995490.4375
2025-05-30,0.7110000252723694,0.7160000205039978,0.7020000219345093,0.7059999704360962,302400576.0,428026624.0,995490.4375
2025-06-03,0.7149999737739563,0.7260000109672546,0.7080000042915344,0.7099999785423279,256656800.0,368047680.0,995490.4375
2025-06-04,0.7049999833106995,0.7179999947547913,0.703000009059906,0.7170000076293945,302551712.0,430729312.0,995490.4375
2025-06-05,0.718999981880188,0.7419999837875366,0.7170000076293945,0.7369999885559082,448707104.0,654004608.0,995490.4375
2025-06-06,0.7300000190734863,0.7369999885559082,0.722000002861023,0.7229999899864197,258854800.0,376497056.0,995490.4375
2025-06-09,0.7260000109672546,0.7369999885559082,0.7229999899864197,0.7319999933242798,270517792.0,396097856.0,995490.4375
2025-06-10,0.7310000061988831,0.7319999933242798,0.7080000042915344,0.7160000205039978,307488288.0,441529408.0,995490.4375
2025-06-11,0.7170000076293945,0.7369999885559082,0.7129999995231628,0.7269999980926514,384054432.0,559695040.0,995490.4375
2025-06-12,0.722000002861023,0.7419999837875366,0.7160000205039978,0.7329999804496765,329855008.0,483224928.0,995490.4375
2025-06-13,0.7319999933242798,0.7360000014305115,0.7210000157356262,0.7229999899864197,279540896.0,406590560.0,995490.4375
2025-06-16,0.718999981880188,0.7580000162124634,0.718999981880188,0.7580000162124634,566986880.0,846933248.0,995490.4375
2025-06-17,0.7570000290870667,0.7739999890327454,0.7519999742507935,0.7649999856948853,547189440.0,836316928.0,995490.4375
2025-06-18,0.7599999904632568,0.7680000066757202,0.7559999823570251,0.7590000033378601,482401888.0,734216384.0,995490.4375
2025-06-19,0.765999972820282,0.7680000066757202,0.734000027179718,0.7360000014305115,350612288.0,524661120.0,995490.4375
2025-06-20,0.7300000190734863,0.7350000143051147,0.7139999866485596,0.7250000238418579,359149184.0,520852864.0,995490.4375
2025-06-23,0.7179999947547913,0.7599999904632568,0.7179999947547913,0.7570000290870667,528207040.0,787470912.0,995490.4375
2025-06-24,0.7570000290870667,0.7839999794960022,0.7540000081062317,0.7789999842643738,667478784.0,1031495616.0,995490.4375
2025-06-25,0.7710000276565552,0.8479999899864197,0.7699999809265137,0.8370000123977661,1105832576.0,1785007360.0,995490.4375
2025-06-26,0.8320000171661377,0.8539999723434448,0.8199999928474426,0.8349999785423279,1106029056.0,1853320576.0,995490.4375
2025-06-27,0.8309999704360962,0.8619999885559082,0.8270000219345093,0.828000009059906,794669504.0,1338878464.0,995490.4375
2025-06-30,0.8289999961853027,0.8420000076293945,0.8270000219345093,0.8370000123977661,384482496.0,642376832.0,995490.4375
2025-07-01,0.8399999737739563,0.8399999737739563,0.8080000281333923,0.8149999976158142,444797504.0,727272896.0,995490.4375
2025-07-02,0.8119999766349792,0.8149999976158142,0.7960000038146973,0.7990000247955322,396395712.0,636715648.0,995490.4375
2025-07-03,0.7979999780654907,0.8080000281333923,0.7950000166893005,0.8050000071525574,401688192.0,643525824.0,995490.4375
2025-07-04,0.8069999814033508,0.8360000252723694,0.7950000166893005,0.8159999847412109,953052928.0,1554668544.0,995490.4375
2025-07-07,0.8140000104904175,0.8349999785423279,0.8140000104904175,0.828000009059906,537149440.0,888656832.0,995490.4375
2025-07-08,0.824999988079071,0.8489999771118164,0.8209999799728394,0.8450000286102295,535388640.0,898503616.0,995490.4375
2025-07-09,0.8450000286102295,0.8510000109672546,0.8370000123977661,0.8429999947547913,388566336.0,656885248.0,995490.4375
2025-07-10,0.8389999866485596,0.8550000190734863,0.8299999833106995,0.8379999995231628,658242688.0,1111846656.0,995490.4375
2025-07-11,0.8389999866485596,0.8809999823570251,0.8330000042915344,0.8700000047683716,1058517824.0,1826851968.0,995490.4375
2025-07-14,0.8659999966621399,0.8659999966621399,0.8360000252723694,0.847000002861023,1145749504.0,968670848.0,-995490.4375
2025-07-15,0.8420000076293945,0.8500000238418579,0.8360000252723694,0.8460000157356262,1008747008.0,849357056.0,995490.4375
2025-07-16,0.8410000205039978,0.8479999899864197,0.8320000171661377,0.8450000286102295,832420928.0,700722688.0,995490.4375
2025-07-17,0.847000002861023,0.8579999804496765,0.8450000286102295,0.8529999852180481,864064320.0,737105600.0,995490.4375
2025-07-18,0.8529999852180481,0.859000027179718,0.8450000286102295,0.8479999899864197,915076992.0,778356928.0,995490.4375
2025-07-21,0.8460000157356262,0.8479999899864197,0.8339999914169312,0.8399999737739563,850567232.0,714483520.0,995490.4375
2025-07-22,0.8399999737739563,0.8460000157356262,0.8309999704360962,0.8410000205039978,818267392.0,686657216.0,995490.4375
2025-07-23,0.8399999737739563,0.8579999804496765,0.8349999785423279,0.8420000076293945,1353826560.0,1146338944.0,995490.4375
2025-07-24,0.8370000123977661,0.859000027179718,0.8349999785423279,0.859000027179718,1307318016.0,1114121088.0,995490.4375
2025-07-25,0.8600000143051147,0.8619999885559082,0.8500000238418579,0.8539999723434448,759792512.0,650244800.0,995490.4375
2025-07-28,0.8550000190734863,0.8659999966621399,0.8500000238418579,0.8659999966621399,730343808.0,628545280.0,995490.4375
2025-07-29,0.8619999885559082,0.878000020980835,0.8450000286102295,0.878000020980835,967181376.0,832211264.0,995490.4375
2025-07-30,0.8709999918937683,0.875,0.8420000076293945,0.8489999771118164,1490979456.0,1275270656.0,995490.4375
2025-07-31,0.8420000076293945,0.859000027179718,0.8349999785423279,0.8379999995231628,1129325056.0,957559104.0,995490.4375
2025-08-01,0.8379999995231628,0.8429999947547913,0.824999988079071,0.8360000252723694,711381888.0,593451200.0,995490.4375
2025-08-04,0.8289999961853027,0.8349999785423279,0.8259999752044678,0.8339999914169312,361847392.0,300472800.0,995490.4375
2025-08-05,0.8360000252723694,0.8399999737739563,0.8289999961853027,0.8399999737739563,483826880.0,404348736.0,995490.4375
2025-08-06,0.8399999737739563,0.8479999899864197,0.8339999914169312,0.847000002861023,430251136.0,362781664.0,995490.4375
2025-08-07,0.8460000157356262,0.8510000109672546,0.8379999995231628,0.843999981880188,481067872.0,406292320.0,995490.4375
2025-08-08,0.8420000076293945,0.8429999947547913,0.828000009059906,0.8309999704360962,464838304.0,388281248.0,995490.4375
2025-08-11,0.8299999833106995,0.859000027179718,0.8289999961853027,0.8550000190734863,1025282432.0,873467328.0,995490.4375
2025-08-12,0.8519999980926514,0.8669999837875366,0.8500000238418579,0.8669999837875366,736102016.0,631452672.0,995490.4375
2025-08-13,0.8700000047683716,0.8820000290870667,0.8600000143051147,0.875,1076499200.0,938660032.0,995490.4375
2025-08-14,0.8759999871253967,0.9039999842643738,0.875,0.8799999952316284,1192380800.0,1061095936.0,995490.4375
2025-08-15,0.8730000257492065,0.9419999718666077,0.8690000176429749,0.9279999732971191,2308212736.0,2107368448.0,995490.4375
2025-08-18,0.9340000152587891,0.9879999756813049,0.9179999828338623,0.9729999899864197,2265221632.0,2170683136.0,995490.4375
2025-08-19,0.9649999737739563,0.9829999804496765,0.9620000123977661,0.9679999947547913,1344344960.0,1309155712.0,995490.4375
2025-08-20,0.9599999785423279,0.9649999737739563,0.9369999766349792,0.9599999785423279,1480822912.0,1412676352.0,995490.4375
2025-08-21,0.9769999980926514,0.9929999709129333,0.9639999866485596,0.9700000286102295,1513531520.0,1483177600.0,995490.4375
2025-08-22,0.9599999785423279,1.003999948501587,0.9589999914169312,1.003000020980835,2219116032.0,2194797312.0,995490.4375
2025-08-25,1.0199999809265137,1.0360000133514404,1.003999948501587,1.0190000534057617,2486674944.0,2528138752.0,995490.4375
2025-08-26,1.00600004196167,1.031000018119812,1.0,1.0130000114440918,1558997504.0,1588674304.0,995490.4375
2025-08-27,1.0140000581741333,1.0269999504089355,0.9919999837875366,0.9919999837875366,1950646144.0,1974888960.0,995490.4375
2025-08-28,0.9869999885559082,1.0119999647140503,0.968999981880188,1.0110000371932983,2179785984.0,2151577344.0,995490.4375
2025-08-29,1.0140000581741333,1.0240000486373901,0.9980000257492065,1.0049999952316284,1740608512.0,1758385664.0,995490.4375
2025-09-01,1.0049999952316284,1.0210000276565552,0.9980000257492065,1.0110000371932983,1154308736.0,1163355136.0,995490.4375
2025-09-02,1.0069999694824219,1.0080000162124634,0.9549999833106995,0.9610000252723694,1652228224.0,1606470400.0,995490.4375
2025-09-03,0.9629999995231628,0.9649999737739563,0.9150000214576721,0.9210000038146973,1271301376.0,1195553536.0,995490.4375
2025-09-04,0.9210000038146973,0.9330000281333923,0.8870000243186951,0.902999997138977,1310085632.0,1195106176.0,995490.4375
2025-09-05,0.9049999713897705,0.9190000295639038,0.8880000114440918,0.9150000214576721,951323904.0,862026112.0,995490.4375
2025-09-08,0.9100000262260437,0.9179999828338623,0.9049999713897705,0.9160000085830688,681719360.0,621798912.0,995490.4375
2025-09-09,0.9169999957084656,0.9190000295639038,0.8980000019073486,0.9010000228881836,1022938176.0,928317120.0,995490.4375
2025-09-10,0.8999999761581421,0.9150000214576721,0.8989999890327454,0.906000018119812,623873536.0,566686336.0,995490.4375
2025-09-11,0.906000018119812,0.9430000185966492,0.8980000019073486,0.9430000185966492,1443500416.0,1339752576.0,995490.4375
2025-09-12,0.9440000057220459,0.9599999785423279,0.9330000281333923,0.9340000152587891,1361576192.0,1284332800.0,995490.4375
2025-09-15,0.9340000152587891,0.9409999847412109,0.9300000071525574,0.9319999814033508,798050816.0,746318080.0,995490.4375
2025-09-16,0.9330000281333923,0.9520000219345093,0.9269999861717224,0.949999988079071,929774912.0,874802048.0,995490.4375
2025-09-17,0.9509999752044678,0.9810000061988831,0.9419999718666077,0.9700000286102295,1766972800.0,1705557632.0,995490.4375
2025-09-18,0.9670000076293945,0.9670000076293945,0.925000011920929,0.9369999766349792,1773167360.0,1683225984.0,995490.4375
2025-09-19,0.9350000023841858,0.9380000233650208,0.9200000166893005,0.9200000166893005,948589504.0,880421760.0,995490.4375
2025-09-22,0.9210000038146973,0.9390000104904175,0.9200000166893005,0.9390000104904175,702696704.0,653662080.0,995490.4375
2025-09-23,0.9290000200271606,0.9319999814033508,0.8870000243186951,0.9079999923706055,1560818304.0,1410701952.0,995490.4375
2025-09-24,0.9010000228881836,0.9229999780654907,0.8980000019073486,0.9190000295639038,1248905472.0,1139197184.0,995490.4375
2025-09-25,0.9179999828338623,0.9390000104904175,0.9150000214576721,0.9240000247955322,852104384.0,791767808.0,995490.4375
2025-09-26,0.925000011920929,0.9300000071525574,0.9020000100135803,0.9020000100135803,781065024.0,713840000.0,995490.4375
2025-09-29,0.9010000228881836,0.9459999799728394,0.8920000195503235,0.9290000200271606,1907803776.0,1760120192.0,995490.4375
2025-09-30,0.9240000247955322,0.9369999766349792,0.9240000247955322,0.9269999861717224,1004886080.0,933924160.0,995490.4375
2025-10-09,0.9269999861717224,0.9399999976158142,0.9139999747276306,0.9330000281333923,870257600.0,809236992.0,995490.4375
2025-10-10,0.9290000200271606,0.9290000200271606,0.9010000228881836,0.902999997138977,831249024.0,759707904.0,995490.4375
2025-10-13,0.8600000143051147,0.8989999890327454,0.8600000143051147,0.8970000147819519,701782528.0,622880896.0,995490.4375
2025-10-14,0.8989999890327454,0.9139999747276306,0.8769999742507935,0.8809999823570251,647380416.0,579244096.0,995490.4375
2025-10-15,0.8859999775886536,0.8930000066757202,0.875,0.8920000195503235,495545920.0,438531840.0,995490.4375
2025-10-16,0.8870000243186951,0.8899999856948853,0.8730000257492065,0.8790000081062317,594312256.0,522460768.0,995490.4375
2025-10-17,0.8790000081062317,0.8840000033378601,0.8519999980926514,0.8529999852180481,530678944.0,460080992.0,995490.4375
2025-10-20,0.8640000224113464,0.871999979019165,0.8569999933242798,0.8629999756813049,421715040.0,365127680.0,995490.4375
2025-10-21,0.8679999709129333,0.878000020980835,0.859000027179718,0.8730000257492065,611720512.0,532518528.0,995490.4375
2025-10-22,0.8700000047683716,0.871999979019165,0.8640000224113464,0.8659999966621399,282403808.0,244956688.0,995490.4375
2025-10-23,0.8690000176429749,0.8759999871253967,0.8519999980926514,0.8740000128746033,388180128.0,334920928.0,995490.4375
2025-10-24,0.8769999742507935,0.8849999904632568,0.871999979019165,0.8840000033378601,531646912.0,467145088.0,995490.4375
2025-10-27,0.8939999938011169,0.8980000019073486,0.8859999775886536,0.8949999809265137,648319616.0,579152512.0,995490.4375
2025-10-28,0.8899999856948853,0.9110000133514404,0.8859999775886536,0.8960000276565552,753510528.0,678021824.0,995490.4375
2025-10-29,0.8920000195503235,0.9179999828338623,0.8899999856948853,0.9120000004768372,879171008.0,798486656.0,995490.4375
2025-10-30,0.9100000262260437,0.9100000262260437,0.8859999775886536,0.8859999775886536,658154496.0,589116160.0,995490.4375
2025-10-31,0.8859999775886536,0.9010000228881836,0.8849999904632568,0.890999972820282,564419456.0,504347840.0,995490.4375
2025-11-03,0.8899999856948853,0.8980000019073486,0.8809999823570251,0.8980000019073486,411214304.0,365478336.0,995490.4375
2025-11-04,0.8949999809265137,0.8949999809265137,0.8769999742507935,0.8809999823570251,327518752.0,289287744.0,995490.4375
2025-11-05,0.8709999918937683,0.8799999952316284,0.8640000224113464,0.8700000047683716,330788768.0,288427904.0,995490.4375
2025-11-06,0.8709999918937683,0.8790000081062317,0.8659999966621399,0.8740000128746033,421426464.0,367987424.0,995490.4375
2025-11-07,0.8679999709129333,0.8679999709129333,0.8539999723434448,0.8550000190734863,604855808.0,519757760.0,995490.4375
2025-11-10,0.8529999852180481,0.8619999885559082,0.8529999852180481,0.8600000143051147,393686400.0,337533792.0,995490.4375
2025-11-11,0.8619999885559082,0.8629999756813049,0.8399999737739563,0.8399999737739563,529194080.0,448487776.0,995490.4375
2025-11-12,0.8399999737739563,0.8399999737739563,0.8220000267028809,0.828000009059906,489571360.0,405993792.0,995490.4375
2025-11-13,0.828000009059906,0.8399999737739563,0.8230000138282776,0.8399999737739563,579254656.0,482511296.0,995490.4375
2025-11-14,0.8330000042915344,0.8379999995231628,0.824999988079071,0.824999988079071,313847968.0,261267072.0,995490.4375
2025-11-17,0.8240000009536743,0.8399999737739563,0.8230000138282776,0.8379999995231628,418861856.0,349816416.0,995490.4375
2025-11-18,0.8389999866485596,0.8460000157356262,0.8309999704360962,0.843999981880188,426326400.0,358965120.0,995490.4375
2025-11-19,0.843999981880188,0.8450000286102295,0.8270000219345093,0.8289999961853027,278179776.0,232039696.0,995490.4375
2025-11-20,0.8399999737739563,0.8420000076293945,0.8209999799728394,0.8220000267028809,645838528.0,534170720.0,995490.4375
2025-11-21,0.8119999766349792,0.8240000009536743,0.796999990940094,0.7990000247955322,479580544.0,386830048.0,995490.4375
2025-11-24,0.8029999732971191,0.8199999928474426,0.7919999957084656,0.8149999976158142,455088768.0,367228288.0,995490.4375
2025-11-25,0.8190000057220459,0.8309999704360962,0.8149999976158142,0.8209999799728394,393244384.0,324222432.0,995490.4375
2025-11-26,0.8190000057220459,0.8270000219345093,0.8140000104904175,0.8149999976158142,308675680.0,252914000.0,995490.4375
2025-11-27,0.8149999976158142,0.8209999799728394,0.8059999942779541,0.8080000281333923,326582592.0,265477200.0,995490.4375
2025-11-28,0.8059999942779541,0.8130000233650208,0.8009999990463257,0.8130000233650208,416697984.0,337146528.0,995490.4375
2025-12-01,0.8109999895095825,0.8180000185966492,0.8080000281333923,0.8149999976158142,276917344.0,225296064.0,995490.4375
2025-12-02,0.8140000104904175,0.8140000104904175,0.800000011920929,0.8019999861717224,338019392.0,271779296.0,995490.4375
2025-12-03,0.8009999990463257,0.8040000200271606,0.7820000052452087,0.7839999794960022,600859968.0,474038496.0,995490.4375
2025-12-04,0.7860000133514404,0.7900000214576721,0.7770000100135803,0.7860000133514404,310292512.0,243330976.0,995490.4375
2025-12-05,0.7860000133514404,0.8230000138282776,0.781000018119812,0.8140000104904175,1282148992.0,1037489152.0,995490.4375
2025-12-08,0.8220000267028809,0.8370000123977661,0.8180000185966492,0.824999988079071,780632192.0,647027776.0,995490.4375
2025-12-09,0.8180000185966492,0.8230000138282776,0.8090000152587891,0.8119999766349792,433540096.0,353404832.0,995490.4375
2025-12-10,0.8090000152587891,0.8169999718666077,0.8009999990463257,0.8169999718666077,398347488.0,322637440.0,995490.4375
2025-12-11,0.8169999718666077,0.8169999718666077,0.796999990940094,0.796999990940094,327080064.0,263270160.0,995490.4375
2025-12-12,0.800000011920929,0.8100000023841858,0.7940000295639038,0.8029999732971191,326818208.0,262466848.0,995490.4375
2025-12-15,0.7979999780654907,0.8090000152587891,0.7929999828338623,0.7960000038146973,354498912.0,283764128.0,995490.4375
2025-12-16,0.7960000038146973,0.8100000023841858,0.7850000262260437,0.8019999861717224,510353408.0,407536160.0,995490.4375
2025-12-17,0.7960000038146973,0.8209999799728394,0.7860000133514404,0.8149999976158142,738126080.0,593337408.0,995490.4375
2025-12-18,0.8080000281333923,0.8119999766349792,0.8009999990463257,0.8019999861717224,392578336.0,316694464.0,995490.4375
2025-12-19,0.8040000200271606,0.8169999718666077,0.800000011920929,0.8100000023841858,482174400.0,390573216.0,995490.4375
2025-12-22,0.8059999942779541,0.8209999799728394,0.8059999942779541,0.8159999847412109,601286784.0,491168896.0,995490.4375
2025-12-23,0.8149999976158142,0.8149999976158142,0.800000011920929,0.8029999732971191,548971776.0,442606080.0,995490.4375
2025-12-24,0.800000011920929,0.8190000057220459,0.800000011920929,0.8149999976158142,486568384.0,395000544.0,995490.4375
2025-12-25,0.8180000185966492,0.8330000042915344,0.8180000185966492,0.8299999833106995,719859136.0,595178752.0,995490.4375
2025-12-26,0.828000009059906,0.8460000157356262,0.8240000009536743,0.8320000171661377,696728576.0,582594880.0,995490.4375
2025-12-29,0.8320000171661377,0.8450000286102295,0.8270000219345093,0.8410000205039978,585502208.0,489392704.0,995490.4375
2025-12-30,0.8389999866485596,0.8539999723434448,0.8389999866485596,0.8429999947547913,535012352.0,452939712.0,995490.4375
2025-12-31,0.8370000123977661,0.8569999933242798,0.8370000123977661,0.8479999899864197,553526272.0,469655584.0,995490.4375
2026-01-05,0.8479999899864197,0.8539999723434448,0.8330000042915344,0.8539999723434448,720596864.0,608756288.0,995490.4375
2026-01-06,0.8529999852180481,0.8930000066757202,0.8500000238418579,0.8920000195503235,1514893440.0,1327088640.0,995490.4375
2026-01-07,0.8889999985694885,0.8889999985694885,0.8650000095367432,0.871999979019165,1156023168.0,1011142464.0,995490.4375
2026-01-08,0.8629999756813049,0.871999979019165,0.859000027179718,0.8669999837875366,655369408.0,566902656.0,995490.4375
2026-01-09,0.8690000176429749,0.8880000114440918,0.8650000095367432,0.8870000243186951,691587584.0,609175872.0,995490.4375
2026-01-12,0.8949999809265137,0.9620000123977661,0.8920000195503235,0.9549999833106995,1692735616.0,1579534592.0,995490.4375
2026-01-13,0.9639999866485596,0.9700000286102295,0.9229999780654907,0.9290000200271606,1302054784.0,1231176064.0,995490.4375
2026-01-14,0.9240000247955322,1.0019999742507935,0.921999990940094,0.9670000076293945,2231658752.0,2167061760.0,995490.4375
2026-01-15,0.9509999752044678,0.9549999833106995,0.9229999780654907,0.9290000200271606,1257888384.0,1179124608.0,995490.4375
2026-01-16,0.9390000104904175,0.9419999718666077,0.9079999923706055,0.9110000133514404,904486720.0,830255552.0,995490.4375
2026-01-19,0.8999999761581421,0.9079999923706055,0.8920000195503235,0.8999999761581421,564074560.0,507542944.0,995490.4375
2026-01-20,0.9010000228881836,0.9079999923706055,0.875,0.8830000162124634,646043712.0,573660864.0,995490.4375
2026-01-21,0.8840000033378601,0.8920000195503235,0.8759999871253967,0.8830000162124634,582776512.0,514972704.0,995490.4375
2026-01-22,0.8889999985694885,0.8939999938011169,0.8799999952316284,0.8849999904632568,461797536.0,409546144.0,995490.4375
2026-01-23,0.8889999985694885,0.8999999761581421,0.8820000290870667,0.8970000147819519,911916800.0,815745472.0,995490.4375
2026-01-26,0.8999999761581421,0.8999999761581421,0.8690000176429749,0.8740000128746033,766675200.0,675233536.0,995490.4375
2026-01-27,0.8730000257492065,0.8799999952316284,0.8560000061988831,0.8730000257492065,472289120.0,408610528.0,995490.4375
2026-01-28,0.8730000257492065,0.8799999952316284,0.8600000143051147,0.8629999756813049,460971872.0,400748320.0,995490.4375
2026-01-29,0.8579999804496765,0.8790000081062317,0.8450000286102295,0.8679999709129333,830584128.0,720835008.0,995490.4375
2026-01-30,0.8619999885559082,0.8629999756813049,0.8420000076293945,0.8460000157356262,613349696.0,521198720.0,995490.4375
2026-02-02,0.8429999947547913,0.8529999852180481,0.8299999833106995,0.8309999704360962,475685664.0,401086240.0,995490.4375
2026-02-03,0.8360000252723694,0.847000002861023,0.8320000171661377,0.847000002861023,420675872.0,353851520.0,995490.4375
2026-02-04,0.8450000286102295,0.8500000238418579,0.8330000042915344,0.847000002861023,453868704.0,382346432.0,995490.4375
2026-02-05,0.8399999737739563,0.847000002861023,0.8349999785423279,0.8410000205039978,323753472.0,272250784.0,995490.4375
2026-02-06,0.8360000252723694,0.8460000157356262,0.828000009059906,0.8339999914169312,481980480.0,403970848.0,995490.4375
2026-02-09,0.8410000205039978,0.8529999852180481,0.8410000205039978,0.8519999980926514,391785120.0,332424160.0,995490.4375
2026-02-10,0.8519999980926514,0.8560000061988831,0.8479999899864197,0.8510000109672546,324399520.0,276459584.0,995490.4375
2026-02-11,0.8510000109672546,0.8510000109672546,0.8450000286102295,0.8460000157356262,272217088.0,230837760.0,995490.4375
2026-02-12,0.843999981880188,0.8519999980926514,0.8389999866485596,0.847000002861023,259016496.0,219178448.0,995490.4375
2026-02-13,0.843999981880188,0.8569999933242798,0.8389999866485596,0.8399999737739563,444807936.0,377427456.0,995490.4375
2026-02-24,0.8450000286102295,0.8460000157356262,0.8270000219345093,0.8299999833106995,402331680.0,334563808.0,995490.4375
2026-02-25,0.8289999961853027,0.8479999899864197,0.828000009059906,0.843999981880188,463884544.0,389755072.0,995490.4375
2026-02-26,0.8460000157356262,0.8489999771118164,0.8349999785423279,0.8379999995231628,289267392.0,242890688.0,995490.4375
2026-02-27,0.8370000123977661,0.8529999852180481,0.8349999785423279,0.8519999980926514,389192320.0,330290080.0,995490.4375
2026-03-02,0.8360000252723694,0.8399999737739563,0.8159999847412109,0.8230000138282776,629017600.0,518974528.0,995490.4375
2026-03-03,0.8240000009536743,0.8309999704360962,0.7900000214576721,0.7919999957084656,981261824.0,792027456.0,995490.4375
2026-03-04,0.7789999842643738,0.7960000038146973,0.7760000228881836,0.7770000100135803,592237952.0,464300864.0,995490.4375
2026-03-05,0.7950000166893005,0.7960000038146973,0.781000018119812,0.7870000004768372,463381696.0,365142784.0,995490.4375
2026-03-06,0.7850000262260437,0.8100000023841858,0.7820000052452087,0.8080000281333923,566888256.0,452867712.0,995490.4375
2026-03-09,0.7929999828338623,0.8069999814033508,0.7799999713897705,0.8019999861717224,554858816.0,437946080.0,995490.4375
2026-03-10,0.8100000023841858,0.8199999928474426,0.7990000247955322,0.8109999895095825,394604800.0,319227104.0,995490.4375
2026-03-11,0.8100000023841858,0.8149999976158142,0.8040000200271606,0.8069999814033508,273588896.0,221267728.0,995490.4375
2026-03-12,0.8050000071525574,0.8149999976158142,0.8019999861717224,0.8069999814033508,263023008.0,212422032.0,995490.4375
2026-03-13,0.8009999990463257,0.8019999861717224,0.781000018119812,0.7829999923706055,403687904.0,317758496.0,995490.4375
2026-03-16,0.7839999794960022,0.7940000295639038,0.781000018119812,0.7929999828338623,545237760.0,429860032.0,995490.4375
2026-03-17,0.7900000214576721,0.8029999732971191,0.7829999923706055,0.7829999923706055,518942752.0,411460000.0,995490.4375
2026-03-18,0.7789999842643738,0.7879999876022339,0.7749999761581421,0.7870000004768372,347688832.0,271716384.0,995490.4375
2026-03-19,0.7770000100135803,0.7870000004768372,0.7739999890327454,0.777999997138977,353281376.0,275354944.0,995490.4375
2026-03-20,0.7799999713897705,0.7820000052452087,0.7440000176429749,0.7440000176429749,504190304.0,382341280.0,995490.4375
2026-03-23,0.7329999804496765,0.7390000224113464,0.7099999785423279,0.7160000205039978,472225024.0,342301472.0,995490.4375
2026-03-24,0.7239999771118164,0.7279999852180481,0.7089999914169312,0.7260000109672546,442025152.0,317785440.0,995490.4375
2026-03-25,0.7250000238418579,0.7390000224113464,0.722000002861023,0.7319999933242798,313203456.0,229651696.0,995490.4375
2026-03-26,0.7300000190734863,0.7310000061988831,0.7039999961853027,0.7070000171661377,380711136.0,271481408.0,995490.4375
2026-03-27,0.6970000267028809,0.7200000286102295,0.6959999799728394,0.7149999737739563,412616960.0,293992832.0,995490.4375
2026-03-30,0.7049999833106995,0.7149999737739563,0.6970000267028809,0.7139999866485596,306603520.0,216590736.0,995490.4375
2026-03-31,0.7129999995231628,0.7239999771118164,0.7020000219345093,0.7039999961853027,216664768.0,154646992.0,995490.4375
2026-04-01,0.7149999737739563,0.7179999947547913,0.7110000252723694,0.7160000205039978,247185408.0,176704720.0,995490.4375
2026-04-02,0.7149999737739563,0.7149999737739563,0.6899999976158142,0.6940000057220459,334438592.0,233705168.0,995490.4375
2026-04-03,0.7009999752044678,0.7059999704360962,0.6840000152587891,0.6850000023841858,243310592.0,168092512.0,995490.4375
2026-04-07,0.6850000023841858,0.6970000267028809,0.6840000152587891,0.6909999847412109,204018384.0,141185680.0,995490.4375
2026-04-08,0.7039999961853027,0.734000027179718,0.703000009059906,0.734000027179718,557843776.0,402986208.0,995490.4375
2026-04-09,0.722000002861023,0.7250000238418579,0.7110000252723694,0.7129999995231628,291030016.0,208408560.0,995490.4375
2026-04-10,0.7179999947547913,0.7440000176429749,0.7179999947547913,0.7360000014305115,841232448.0,619613888.0,995490.4375
2026-04-13,0.7229999899864197,0.7400000095367432,0.7229999899864197,0.7319999933242798,301447616.0,220736928.0,995490.4375
2026-04-14,0.7409999966621399,0.7429999709129333,0.7310000061988831,0.7409999966621399,241294288.0,178096800.0,995490.4375
2026-04-15,0.7480000257492065,0.75,0.7279999852180481,0.7310000061988831,312574912.0,230553024.0,995490.4375
2026-04-16,0.734000027179718,0.7429999709129333,0.7310000061988831,0.7429999709129333,289021600.0,213519760.0,995490.4375
2026-04-17,0.7400000095367432,0.7459999918937683,0.7329999804496765,0.7400000095367432,202288976.0,149490784.0,995490.4375
2026-04-20,0.7419999837875366,0.753000020980835,0.7390000224113464,0.7480000257492065,244537600.0,182869776.0,995490.4375
2026-04-21,0.746999979019165,0.746999979019165,0.7319999933242798,0.7360000014305115,266751296.0,196192496.0,995490.4375
2026-04-22,0.7319999933242798,0.7480000257492065,0.7289999723434448,0.7480000257492065,322213248.0,238768608.0,995490.4375
2026-04-23,0.746999979019165,0.746999979019165,0.7269999980926514,0.7300000190734863,365165600.0,268216752.0,995490.4375
2026-04-24,0.7279999852180481,0.7289999723434448,0.7120000123977661,0.7229999899864197,241778880.0,173944960.0,995490.4375
2026-04-27,0.7260000109672546,0.7279999852180481,0.7160000205039978,0.7239999771118164,202230224.0,146259120.0,995490.4375
2026-04-28,0.7200000286102295,0.7229999899864197,0.7070000171661377,0.7110000252723694,283159776.0,202550576.0,995490.4375
2026-04-29,0.7059999704360962,0.7200000286102295,0.7049999833106995,0.7170000076293945,275807488.0,196696640.0,995490.4375
2026-04-30,0.7149999737739563,0.7329999804496765,0.7139999866485596,0.722000002861023,309275328.0,223874576.0,995490.4375
2026-05-06,0.7279999852180481,0.7519999742507935,0.7260000109672546,0.7450000047683716,848914816.0,632105920.0,995490.4375
2026-05-07,0.7509999871253967,0.7540000081062317,0.7409999966621399,0.7540000081062317,434485504.0,324650656.0,995490.4375
2026-05-08,0.7509999871253967,0.7670000195503235,0.746999979019165,0.7580000162124634,379189408.0,287665856.0,995490.4375
2026-05-11,0.7580000162124634,0.7720000147819519,0.7519999742507935,0.7680000066757202,942668800.0,719810368.0,995490.4375
2026-05-12,0.7639999985694885,0.7680000066757202,0.753000020980835,0.7580000162124634,511964416.0,389036128.0,995490.4375
2026-05-13,0.75,0.7590000033378601,0.7459999918937683,0.7590000033378601,343257408.0,258275520.0,995490.4375
2026-05-14,0.7590000033378601,0.7649999856948853,0.7300000190734863,0.7300000190734863,475906816.0,353532160.0,995490.4375
2026-05-15,0.7300000190734863,0.7400000095367432,0.7139999866485596,0.7200000286102295,445883392.0,323615264.0,995490.4375
2026-05-18,0.7129999995231628,0.7289999723434448,0.7129999995231628,0.7239999771118164,270750016.0,195582112.0,995490.4375
2026-05-19,0.7239999771118164,0.7360000014305115,0.7200000286102295,0.7350000143051147,318483424.0,231486352.0,995490.4375
2026-05-20,0.7300000190734863,0.7319999933242798,0.722000002861023,0.7250000238418579,238743904.0,173396544.0,995490.4375
2026-05-21,0.7279999852180481,0.7599999904632568,0.7170000076293945,0.722000002861023,1005006592.0,747472896.0,995490.4375
2026-05-22,0.7160000205039978,0.7260000109672546,0.7039999961853027,0.7149999737739563,414603392.0,295268640.0,995490.4375
2026-05-25,0.7149999737739563,0.7289999723434448,0.7099999785423279,0.722000002861023,338295776.0,242838320.0,995490.4375
2026-05-26,0.7160000205039978,0.7289999723434448,0.7070000171661377,0.722000002861023,506845312.0,364651008.0,995490.4375
2026-05-27,0.718999981880188,0.7239999771118164,0.6970000267028809,0.6980000138282776,461683200.0,326132640.0,995490.4375
2026-05-28,0.6980000138282776,0.699999988079071,0.675000011920929,0.6940000057220459,579869376.0,398324224.0,995490.4375
2026-05-29,0.6949999928474426,0.7020000219345093,0.6700000166893005,0.6729999780654907,421423328.0,287926976.0,995490.4375
2026-06-01,0.6700000166893005,0.7039999961853027,0.6700000166893005,0.6909999847412109,549865216.0,380250784.0,995490.4375
2026-06-02,0.6919999718666077,0.6930000185966492,0.6700000166893005,0.6800000071525574,477092000.0,323343584.0,995490.4375
2026-06-03,0.6769999861717224,0.6880000233650208,0.6639999747276306,0.6679999828338623,605746496.0,410826336.0,995490.4375
2026-06-04,0.6629999876022339,0.6690000295639038,0.6539999842643738,0.6579999923706055,385642176.0,254407088.0,995490.4375
2026-06-05,0.6589999794960022,0.6610000133514404,0.6470000147819519,0.6480000019073486,350601120.0,229536304.0,995490.4375
2026-06-08,0.6320000290870667,0.6470000147819519,0.6200000047683716,0.6240000128746033,361868064.0,229467968.0,995490.4375
2026-06-09,0.6309999823570251,0.6389999985694885,0.6230000257492065,0.6370000243186951,399649600.0,253215968.0,995490.4375
2026-06-10,0.6309999823570251,0.6389999985694885,0.6169999837875366,0.6230000257492065,274224512.0,171955344.0,995490.4375
2026-06-11,0.6159999966621399,0.6190000176429749,0.5950000286102295,0.6010000109672546,397962176.0,240287440.0,995490.4375
2026-06-12,0.6050000190734863,0.6320000290870667,0.6050000190734863,0.6230000257492065,587261184.0,364562432.0,995490.4375
2026-06-15,0.6259999871253967,0.6589999794960022,0.625,0.6460000276565552,678526272.0,438967616.0,995490.4375
2026-06-16,0.6399999856948853,0.6520000100135803,0.6380000114440918,0.6499999761581421,538334208.0,347592544.0,995490.4375
2026-06-17,0.6510000228881836,0.6510000228881836,0.6399999856948853,0.6480000019073486,384236512.0,247900304.0,995490.4375
2026-06-18,0.6449999809265137,0.6480000019073486,0.6359999775886536,0.6380000114440918,327108480.0,209842096.0,995490.4375
2026-06-22,0.6349999904632568,0.6859999895095825,0.6299999952316284,0.6830000281333923,964624000.0,637347200.0,995490.4375
2026-06-23,0.6800000071525574,0.7009999752044678,0.675000011920929,0.6850000023841858,846918272.0,583948224.0,995490.4375
2026-06-24,0.6740000247955322,0.6800000071525574,0.6520000100135803,0.6600000262260437,642820288.0,425302272.0,995490.4375
2026-06-25,0.6549999713897705,0.6740000247955322,0.6520000100135803,0.6620000004768372,703353152.0,465671936.0,995490.4375
2026-06-26,0.6549999713897705,0.6579999923706055,0.6230000257492065,0.6230000257492065,560243648.0,357486560.0,995490.4375
2026-06-29,0.6200000047683716,0.6290000081062317,0.6100000143051147,0.6179999709129333,442027840.0,273513312.0,995490.4375
2026-06-30,0.6150000095367432,0.628000020980835,0.6069999933242798,0.6230000257492065,424906880.0,263310432.0,995490.4375
2026-07-01,0.6240000128746033,0.6660000085830688,0.6209999918937683,0.6539999842643738,916132480.0,595377664.0,995490.4375
2026-07-02,0.6570000052452087,0.6579999923706055,0.6299999952316284,0.6320000290870667,543112384.0,348921184.0,995490.4375
2026-07-03,0.6320000290870667,0.6399999856948853,0.6259999871253967,0.6309999823570251,403856512.0,255494512.0,995490.4375
2026-07-06,0.6340000033378601,0.6370000243186951,0.6159999966621399,0.6179999709129333,391938208.0,244438656.0,995490.4375
2026-07-07,0.6159999966621399,0.6159999966621399,0.5950000286102295,0.5979999899864197,547259904.0,329991488.0,995490.4375
2026-07-08,0.5960000157356262,0.6069999933242798,0.5929999947547913,0.6000000238418579,318858304.0,191595008.0,995490.4375
2026-07-09,0.5989999771118164,0.6110000014305115,0.5910000205039978,0.609000027179718,535452672.0,321371264.0,995490.4375
2026-07-10,0.6050000190734863,0.6240000128746033,0.5960000157356262,0.609000027179718,492794464.0,301490240.0,995490.4375
2026-07-13,0.6069999933242798,0.6079999804496765,0.5830000042915344,0.5849999785423279,461331712.0,272961312.0,995490.4375
2026-07-14,0.5860000252723694,0.5879999995231628,0.5669999718666077,0.5809999704360962,415270624.0,239749328.0,995490.4375
2026-07-15,0.5799999833106995,0.5979999899864197,0.578000009059906,0.5929999947547913,421505344.0,248785264.0,995490.4375
2026-07-16,0.5889999866485596,0.6010000109672546,0.5839999914169312,0.5960000157356262,346865504.0,206293648.0,995490.4375
2026-07-17,0.5950000286102295,0.6019999980926514,0.5770000219345093,0.578000009059906,431085344.0,254494560.0,995490.4375
2026-07-20,0.5809999704360962,0.597000002861023,0.578000009059906,0.5899999737739563,428057312.0,251492960.0,995490.4375
2026-07-21,0.5929999947547913,0.6079999804496765,0.5860000252723694,0.6069999933242798,451783808.0,271556096.0,995490.4375
2026-07-22,0.6019999980926514,0.6039999723434448,0.5929999947547913,0.597000002861023,357727040.0,214039744.0,995490.4375
2026-07-23,0.5950000286102295,0.5979999899864197,0.5879999995231628,0.597000002861023,290327744.0,172412480.0,995490.4375
2026-07-24,0.5920000076293945,0.5920000076293945,0.5680000185966492,0.5680000185966492,402567616.0,232811456.0,995490.4375
2026-07-27,0.5649999976158142,0.5830000042915344,0.5619999766349792,0.5809999704360962,320465088.0,184507536.0,995490.4375
2026-07-28,0.5759999752044678,0.5910000205039978,0.5740000009536743,0.5849999785423279,299622496.0,175417168.0,995490.4375
2026-07-29,0.5849999785423279,0.6060000061988831,0.578000009059906,0.6010000109672546,440358944.0,262281760.0,995490.4375
2026-07-30,0.5989999771118164,0.6150000095367432,0.597000002861023,0.6079999804496765,495098848.0,302440736.0,995490.4375
2026-07-31,0.6110000014305115,0.640999972820282,0.6050000190734863,0.6309999823570251,636036992.0,400576704.0,995490.4375
2026-08-03,0.6299999952316284,0.6380000114440918,0.6230000257492065,0.6320000290870667,269892224.0,169937200.0,995490.4375
2026-08-04,0.6340000033378601,0.6430000066757202,0.6340000033378601,0.6399999856948853,362023200.0,231383648.0,995490.4375
2026-08-05,0.6389999985694885,0.6620000004768372,0.6389999985694885,0.6539999842643738,417520064.0,272785376.0,995490.4375
2026-08-06,0.6460000276565552,0.6650000214576721,0.6420000195503235,0.652999997138977,359117152.0,235246496.0,995490.4375
2026-08-07,0.6499999761581421,0.6510000228881836,0.6290000081062317,0.6449999809265137,516498240.0,329165248.0,995490.4375
2026-08-10,0.6420000195503235,0.6470000147819519,0.6359999775886536,0.6430000066757202,313426112.0,200778704.0,995490.4375
2026-08-11,0.6420000195503235,0.6460000276565552,0.6340000033378601,0.6370000243186951,486892608.0,311695264.0,995490.4375
2026-08-12,0.6389999985694885,0.6439999938011169,0.6330000162124634,0.6380000114440918,391032608.0,249602480.0,995490.4375
2026-08-13,0.6389999985694885,0.6520000100135803,0.6320000290870667,0.6320000290870667,361728096.0,232469984.0,995490.4375
2026-08-14,0.6299999952316284,0.6399999856948853,0.6200000047683716,0.6269999742507935,479166656.0,299732736.0,995490.4375
2026-08-17,0.6269999742507935,0.6320000290870667,0.6169999837875366,0.6309999823570251,419311392.0,261248080.0,995490.4375
2026-08-18,0.6290000081062317,0.6290000081062317,0.6110000014305115,0.6230000257492065,450145280.0,278548864.0,995490.4375
2026-08-19,0.6169999837875366,0.6179999709129333,0.5960000157356262,0.5960000157356262,346776544.0,209455504.0,995490.4375
2026-08-20,0.6000000238418579,0.6060000061988831,0.5979999899864197,0.6019999980926514,212934736.0,128313560.0,995490.4375
