datetime,open,high,low,close,vol,amount,float_shares
2014-03-27,0.2770000100135803,0.28299999237060547,0.24899999797344208,0.26899999380111694,3883348.0,6299364.5,761517.5625
2014-03-28,0.2680000066757202,0.27399998903274536,0.2529999911785126,0.2619999945163727,2795512.0,4532898.5,761517.5625
2014-03-31,0.26100000739097595,0.26499998569488525,0.25,0.2540000081062317,2446700.0,3938890.25,761517.5625
2014-04-01,0.25699999928474426,0.26899999380111694,0.25600001215934753,0.26600000262260437,2224675.0,3588801.25,761517.5625
2014-04-02,0.2630000114440918,0.2809999883174896,0.2630000114440918,0.2759999930858612,3053212.0,4966278.5,761517.5625
2014-04-03,0.2770000100135803,0.28299999237060547,0.2590000033378601,0.2619999945163727,2428560.0,3944064.0,761517.5625
2014-04-04,0.257999986410141,0.27000001072883606,0.2529999911785126,0.2680000066757202,1939401.0,3130398.75,761517.5625
2014-04-08,0.26899999380111694,0.3089999854564667,0.2630000114440918,0.3019999861717224,8191136.0,13473994.0,761517.5625
2014-04-09,0.3050000071525574,0.31299999356269836,0.3019999861717224,0.3050000071525574,4779594.0,7941437.5,761517.5625
2014-04-10,0.31200000643730164,0.3400000035762787,0.2980000078678131,0.32899999618530273,4802740.0,8016753.5,761517.5625
2014-04-11,0.33000001311302185,0.3370000123977661,0.32199999690055847,0.3330000042915344,2803605.0,4720407.0,761517.5625
2014-04-14,0.3310000002384186,0.34200000762939453,0.31700000166893005,0.3269999921321869,2319135.0,3888834.25,761517.5625
2014-04-15,0.32600000500679016,0.32600000500679016,0.30300000309944153,0.3059999942779541,4789952.0,7977318.5,761517.5625
2014-04-16,0.3050000071525574,0.3109999895095825,0.2980000078678131,0.3050000071525574,2335210.0,3870915.5,761517.5625
2014-04-17,0.30399999022483826,0.3100000023841858,0.296999990940094,0.30000001192092896,2972400.0,4921226.5,761517.5625
2014-04-18,0.296999990940094,0.30799999833106995,0.28700000047683716,0.30000001192092896,2686253.0,4431998.0,761517.5625
2014-04-21,0.2919999957084656,0.3019999861717224,0.27900001406669617,0.2800000011920929,4347960.0,7162714.5,761517.5625
2014-04-22,0.27799999713897705,0.2849999964237213,0.2680000066757202,0.2840000092983246,5330710.0,8695780.0,761517.5625
2014-04-23,0.28200000524520874,0.2840000092983246,0.2750000059604645,0.2809999883174896,3936874.0,6425640.0,761517.5625
2014-04-24,0.2809999883174896,0.28700000047683716,0.2759999930858612,0.2800000011920929,2487753.0,4064235.25,761517.5625
2014-04-25,0.2800000011920929,0.2849999964237213,0.2680000066757202,0.27000001072883606,2999990.0,4887502.5,761517.5625
2014-04-28,0.26899999380111694,0.26899999380111694,0.24699999392032623,0.24799999594688416,3137934.0,5042069.0,761517.5625
2014-04-29,0.24899999797344208,0.26100000739097595,0.24799999594688416,0.25999999046325684,2808574.0,4514240.5,761517.5625
2014-04-30,0.25999999046325684,0.27300000190734863,0.25600001215934753,0.2669999897480011,2719031.0,4397463.5,761517.5625
2014-05-05,0.2639999985694885,0.2709999978542328,0.2529999911785126,0.2669999897480011,4880317.0,7856156.5,761517.5625
2014-05-06,0.2639999985694885,0.2759999930858612,0.2639999985694885,0.2709999978542328,2828710.0,4595125.0,761517.5625
2014-05-07,0.27000001072883606,0.27000001072883606,0.2590000033378601,0.26100000739097595,676080.0,1094351.5,761517.5625
2014-05-08,0.25699999928474426,0.2759999930858612,0.25699999928474426,0.26100000739097595,2149575.0,3475035.25,761517.5625
2014-05-09,0.26100000739097595,0.2639999985694885,0.24799999594688416,0.2540000081062317,1203000.0,1932928.75,761517.5625
2014-05-12,0.2590000033378601,0.28700000047683716,0.25699999928474426,0.2849999964237213,3635376.0,5916645.5,761517.5625
2014-05-13,0.2849999964237213,0.28700000047683716,0.2750000059604645,0.28200000524520874,635189.0,1038670.4375,761517.5625
2014-05-14,0.27900001406669617,0.2840000092983246,0.2750000059604645,0.2809999883174896,2891200.0,4713366.0,761517.5625
2014-05-15,0.2809999883174896,0.2809999883174896,0.26499998569488525,0.26600000262260437,2204250.0,3588387.25,761517.5625
2014-05-16,0.26499998569488525,0.2680000066757202,0.257999986410141,0.26499998569488525,2175209.0,3521006.75,761517.5625
2014-05-19,0.25999999046325684,0.25999999046325684,0.24799999594688416,0.2549999952316284,2517342.0,4036514.5,761517.5625
2014-05-20,0.2540000081062317,0.26100000739097595,0.25,0.25200000405311584,2198376.0,3540770.0,761517.5625
2014-05-21,0.25200000405311584,0.2669999897480011,0.24199999868869781,0.2669999897480011,3124903.0,5023791.5,761517.5625
2014-05-22,0.2639999985694885,0.27799999713897705,0.25600001215934753,0.26100000739097595,2075899.0,3372977.0,761517.5625
2014-05-23,0.26100000739097595,0.2709999978542328,0.25699999928474426,0.2709999978542328,2002800.0,3234045.5,761517.5625
2014-05-26,0.27300000190734863,0.28200000524520874,0.27300000190734863,0.2800000011920929,3964256.0,6470615.0,761517.5625
2014-05-27,0.2759999930858612,0.2840000092983246,0.2759999930858612,0.2809999883174896,2107155.0,3440127.0,761517.5625
2014-05-28,0.2809999883174896,0.28999999165534973,0.2759999930858612,0.289000004529953,2028344.0,3322154.0,761517.5625
2014-05-29,0.28700000047683716,0.289000004529953,0.2750000059604645,0.2770000100135803,2235500.0,3658486.75,761517.5625
2014-05-30,0.27399998903274536,0.2809999883174896,0.2680000066757202,0.2759999930858612,2953400.0,4811106.0,761517.5625
2014-06-03,0.2759999930858612,0.2800000011920929,0.27000001072883606,0.2709999978542328,3570460.0,5817050.5,761517.5625
2014-06-04,0.27000001072883606,0.2709999978542328,0.2549999952316284,0.2590000033378601,1010500.0,1630600.625,761517.5625
2014-06-05,0.25699999928474426,0.2709999978542328,0.25600001215934753,0.2709999978542328,1331525.0,2151260.25,761517.5625
2014-06-06,0.27000001072883606,0.27000001072883606,0.257999986410141,0.26100000739097595,1165089.0,1884203.625,761517.5625
2014-06-09,0.25699999928474426,0.2720000147819519,0.25699999928474426,0.2619999945163727,2503411.0,4047177.75,761517.5625
2014-06-10,0.2630000114440918,0.2809999883174896,0.25999999046325684,0.2759999930858612,2355633.0,3829321.0,761517.5625
2014-06-11,0.2759999930858612,0.28200000524520874,0.27000001072883606,0.2809999883174896,3667072.0,5973312.5,761517.5625
2014-06-12,0.2759999930858612,0.27900001406669617,0.2720000147819519,0.27399998903274536,1641000.0,2669584.5,761517.5625
2014-06-13,0.2720000147819519,0.29899999499320984,0.26899999380111694,0.2930000126361847,6285958.0,10343370.0,761517.5625
2014-06-16,0.2879999876022339,0.30799999833106995,0.28700000047683716,0.3059999942779541,3873957.0,6397459.5,761517.5625
2014-06-17,0.30300000309944153,0.30300000309944153,0.28700000047683716,0.29499998688697815,3151634.0,5202398.0,761517.5625
2014-06-18,0.29499998688697815,0.29499998688697815,0.2849999964237213,0.28600001335144043,3203902.0,5261470.5,761517.5625
2014-06-19,0.2849999964237213,0.2879999876022339,0.25999999046325684,0.2639999985694885,3427477.0,5588698.5,761517.5625
2014-06-20,0.2669999897480011,0.27300000190734863,0.26100000739097595,0.2709999978542328,2723794.0,4414245.0,761517.5625
2014-06-23,0.2680000066757202,0.27900001406669617,0.2680000066757202,0.2750000059604645,3028527.0,4932293.5,761517.5625
2014-06-24,0.2750000059604645,0.2770000100135803,0.27000001072883606,0.2759999930858612,1368158.0,2225161.75,761517.5625
2014-06-25,0.2759999930858612,0.2759999930858612,0.2680000066757202,0.2709999978542328,1896709.0,3079006.25,761517.5625
2014-06-26,0.2720000147819519,0.27900001406669617,0.2709999978542328,0.2770000100135803,1097053.0,1787553.5,761517.5625
2014-06-27,0.2750000059604645,0.28600001335144043,0.2720000147819519,0.27900001406669617,3814383.0,6224788.5,761517.5625
2014-06-30,0.27900001406669617,0.29499998688697815,0.27900001406669617,0.29100000858306885,2960870.0,4868131.0,761517.5625
2014-07-01,0.29499998688697815,0.296999990940094,0.2879999876022339,0.2919999957084656,2379135.0,3914714.25,761517.5625
2014-07-02,0.29100000858306885,0.3019999861717224,0.289000004529953,0.30000001192092896,2200357.0,3627362.25,761517.5625
2014-07-03,0.29600000381469727,0.3100000023841858,0.2939999997615814,0.30300000309944153,3459803.0,5723970.0,761517.5625
2014-07-04,0.3050000071525574,0.30799999833106995,0.30000001192092896,0.30399999022483826,2037726.0,3377539.25,761517.5625
2014-07-07,0.30300000309944153,0.3050000071525574,0.29499998688697815,0.3009999990463257,2678770.0,4427377.5,761517.5625
2014-07-08,0.296999990940094,0.3100000023841858,0.296999990940094,0.3070000112056732,3679787.0,6088814.0,761517.5625
2014-07-09,0.30300000309944153,0.3089999854564667,0.289000004529953,0.29100000858306885,2195650.0,3619473.0,761517.5625
2014-07-10,0.29100000858306885,0.2939999997615814,0.28700000047683716,0.28999999165534973,2484155.0,4082380.0,761517.5625
2014-07-11,0.28999999165534973,0.29899999499320984,0.28700000047683716,0.296999990940094,1574221.0,2595916.75,761517.5625
2014-07-14,0.296999990940094,0.3190000057220459,0.296999990940094,0.3179999887943268,4227842.0,7025976.5,761517.5625
2014-07-15,0.3140000104904175,0.3190000057220459,0.3109999895095825,0.31700000166893005,3683187.0,6139315.0,761517.5625
2014-07-16,0.3149999976158142,0.328000009059906,0.3149999976158142,0.3160000145435333,2285515.0,3826654.75,761517.5625
2014-07-17,0.3140000104904175,0.31700000166893005,0.30799999833106995,0.31200000643730164,2098286.0,3495232.75,761517.5625
2014-07-18,0.31200000643730164,0.3240000009536743,0.3089999854564667,0.3149999976158142,2410787.0,4023766.0,761517.5625
2014-07-21,0.3149999976158142,0.31700000166893005,0.3109999895095825,0.31299999356269836,2248462.0,3747045.25,761517.5625
2014-07-22,0.31200000643730164,0.3449999988079071,0.3089999854564667,0.3330000042915344,7055856.0,11875334.0,761517.5625
2014-07-23,0.3330000042915344,0.3449999988079071,0.32899999618530273,0.3370000123977661,6243408.0,10562381.0,761517.5625
2014-07-24,0.335999995470047,0.367000013589859,0.335999995470047,0.3630000054836273,6564322.0,11207860.0,761517.5625
2014-07-25,0.3630000054836273,0.38100001215934753,0.3619999885559082,0.3790000081062317,2873754.0,4952187.0,761517.5625
2014-07-28,0.3790000081062317,0.42800000309944153,0.3790000081062317,0.4169999957084656,8328689.0,14662794.0,761517.5625
2014-07-29,0.421999990940094,0.43700000643730164,0.41499999165534973,0.4269999861717224,7175082.0,12758387.0,761517.5625
2014-07-30,0.42100000381469727,0.4309999942779541,0.4129999876022339,0.4180000126361847,7698948.0,13678879.0,761517.5625
2014-07-31,0.4169999957084656,0.4440000057220459,0.41499999165534973,0.4429999887943268,5167781.0,9201890.0,761517.5625
2014-08-01,0.4359999895095825,0.45899999141693115,0.4350000023841858,0.4350000023841858,4409288.0,7932713.5,761517.5625
2014-08-04,0.4339999854564667,0.45899999141693115,0.4339999854564667,0.4580000042915344,2442780.0,4402088.5,761517.5625
2014-08-05,0.45899999141693115,0.460999995470047,0.4490000009536743,0.4569999873638153,3010552.0,5443042.0,761517.5625
2014-08-06,0.45500001311302185,0.460999995470047,0.4390000104904175,0.45500001311302185,3756045.0,6771897.0,761517.5625
2014-08-07,0.44999998807907104,0.4569999873638153,0.4320000112056732,0.4359999895095825,2832440.0,5088435.0,761517.5625
2014-08-08,0.42800000309944153,0.4429999887943268,0.42800000309944153,0.43700000643730164,1999561.0,3575877.25,761517.5625
2014-08-11,0.43700000643730164,0.4690000116825104,0.43700000643730164,0.46799999475479126,3601760.0,6529166.0,761517.5625
2014-08-12,0.4659999907016754,0.4699999988079071,0.45899999141693115,0.46700000762939453,4163803.0,7568459.0,761517.5625
2014-08-13,0.4650000035762787,0.4729999899864197,0.45100000500679016,0.46399998664855957,4976049.0,9036597.0,761517.5625
2014-08-14,0.46299999952316284,0.4690000116825104,0.45399999618530273,0.4560000002384186,2551100.0,4627304.0,761517.5625
2014-08-15,0.4560000002384186,0.4690000116825104,0.45100000500679016,0.46700000762939453,3801396.0,6883659.0,761517.5625
2014-08-18,0.46399998664855957,0.47699999809265137,0.460999995470047,0.4729999899864197,5714352.0,10414677.0,761517.5625
2014-08-19,0.4729999899864197,0.47699999809265137,0.4650000035762787,0.4740000069141388,4193823.0,7655805.5,761517.5625
2014-08-20,0.47200000286102295,0.4749999940395355,0.46399998664855957,0.46799999475479126,4141401.0,7547824.5,761517.5625
2014-08-21,0.46799999475479126,0.46799999475479126,0.44200000166893005,0.45500001311302185,3739274.0,6757928.0,761517.5625
2014-08-22,0.45100000500679016,0.4620000123977661,0.44699999690055847,0.4620000123977661,6501544.0,11770066.0,761517.5625
2014-08-25,0.46299999952316284,0.46299999952316284,0.44699999690055847,0.45100000500679016,3448980.0,6225735.5,761517.5625
2014-08-26,0.44699999690055847,0.45500001311302185,0.43299999833106995,0.4339999854564667,3997163.0,7196626.5,761517.5625
2014-08-27,0.4350000023841858,0.4449999928474426,0.4320000112056732,0.4350000023841858,4928431.0,8819044.0,761517.5625
2014-08-28,0.4350000023841858,0.43799999356269836,0.4169999957084656,0.4269999861717224,5679344.0,10127023.0,761517.5625
2014-08-29,0.4269999861717224,0.4449999928474426,0.42399999499320984,0.4440000057220459,3499109.0,6242178.5,761517.5625
2014-09-01,0.4490000009536743,0.4569999873638153,0.4399999976158142,0.45100000500679016,2826611.0,5093687.5,761517.5625
2014-09-02,0.44999998807907104,0.47600001096725464,0.4480000138282776,0.4749999940395355,3985352.0,7231385.0,761517.5625
2014-09-03,0.4749999940395355,0.4950000047683716,0.4749999940395355,0.48899999260902405,4924567.0,9073977.0,761517.5625
2014-09-04,0.49000000953674316,0.5040000081062317,0.48500001430511475,0.503000020980835,5533325.0,10218138.0,761517.5625
2014-09-05,0.503000020980835,0.5320000052452087,0.503000020980835,0.527999997138977,6833196.0,12768197.0,761517.5625
2014-09-09,0.5270000100135803,0.527999997138977,0.5170000195503235,0.5199999809265137,6799827.0,12741086.0,761517.5625
2014-09-10,0.5189999938011169,0.5189999938011169,0.5080000162124634,0.5109999775886536,3104891.0,5785353.5,761517.5625
2014-09-11,0.5109999775886536,0.5350000262260437,0.5070000290870667,0.5130000114440918,4148671.0,7758414.0,761517.5625
2014-09-12,0.5080000162124634,0.5220000147819519,0.503000020980835,0.5199999809265137,4068580.0,7590111.0,761517.5625
2014-09-15,0.5199999809265137,0.5270000100135803,0.5109999775886536,0.5220000147819519,6052209.0,11332859.0,761517.5625
2014-09-16,0.5249999761581421,0.5339999794960022,0.4970000088214874,0.49799999594688416,4538521.0,8504223.0,761517.5625
2014-09-17,0.5,0.5019999742507935,0.4869999885559082,0.49799999594688416,3065577.0,5661876.0,761517.5625
2014-09-18,0.49799999594688416,0.5230000019073486,0.49000000953674316,0.503000020980835,4830888.0,8977572.0,761517.5625
2014-09-19,0.5009999871253967,0.5270000100135803,0.5,0.5260000228881836,3405288.0,6352124.0,761517.5625
2014-09-22,0.5130000114440918,0.5130000114440918,0.48899999260902405,0.4909999966621399,3409328.0,6316406.5,761517.5625
2014-09-23,0.4909999966621399,0.5070000290870667,0.4909999966621399,0.5019999742507935,3511253.0,6509755.0,761517.5625
2014-09-24,0.4970000088214874,0.5320000052452087,0.49300000071525574,0.527999997138977,5635389.0,10529370.0,761517.5625
2014-09-25,0.5339999794960022,0.5460000038146973,0.5220000147819519,0.5320000052452087,4069518.0,7690358.0,761517.5625
2014-09-26,0.5170000195503235,0.5360000133514404,0.5170000195503235,0.5289999842643738,1340515.0,2521564.75,761517.5625
2014-09-29,0.5270000100135803,0.5440000295639038,0.5270000100135803,0.5440000295639038,3364208.0,6358780.5,761517.5625
2014-09-30,0.5450000166893005,0.550000011920929,0.5419999957084656,0.550000011920929,2279987.0,4330489.5,761517.5625
2014-10-08,0.546999990940094,0.5590000152587891,0.5400000214576721,0.5569999814033508,4174633.0,7946522.5,761517.5625
2014-10-09,0.5569999814033508,0.5630000233650208,0.5479999780654907,0.5580000281333923,5441181.0,10385597.0,761517.5625
2014-10-10,0.5569999814033508,0.5569999814033508,0.5389999747276306,0.5450000166893005,3134013.0,5956076.0,761517.5625
2014-10-13,0.5370000004768372,0.5370000004768372,0.5170000195503235,0.531000018119812,3136403.0,5882791.0,761517.5625
2014-10-14,0.5289999842643738,0.5550000071525574,0.5230000019073486,0.5329999923706055,3768809.0,7127999.5,761517.5625
2014-10-15,0.5329999923706055,0.5389999747276306,0.5189999938011169,0.5389999747276306,3848046.0,7245550.5,761517.5625
2014-10-16,0.5360000133514404,0.5569999814033508,0.5260000228881836,0.5350000262260437,4794960.0,9103996.0,761517.5625
2014-10-17,0.5320000052452087,0.5410000085830688,0.5070000290870667,0.531000018119812,3804706.0,7132941.0,761517.5625
2014-10-20,0.527999997138977,0.5400000214576721,0.5270000100135803,0.5400000214576721,5129497.0,9665935.0,761517.5625
2014-10-21,0.5400000214576721,0.5400000214576721,0.5220000147819519,0.5249999761581421,2796842.0,5277229.0,761517.5625
2014-10-22,0.5230000019073486,0.5289999842643738,0.5149999856948853,0.515999972820282,4954246.0,9298499.0,761517.5625
2014-10-23,0.5149999856948853,0.5149999856948853,0.48899999260902405,0.492000013589859,3908506.0,7257927.0,761517.5625
2014-10-24,0.492000013589859,0.49799999594688416,0.4880000054836273,0.4909999966621399,3180285.0,5870630.5,761517.5625
2014-10-27,0.49000000953674316,0.49000000953674316,0.4690000116825104,0.47699999809265137,3385463.0,6209487.5,761517.5625
2014-10-28,0.4790000021457672,0.5080000162124634,0.4790000021457672,0.5080000162124634,3316997.0,6111220.0,761517.5625
2014-10-29,0.5090000033378601,0.5450000166893005,0.5090000033378601,0.5379999876022339,4920542.0,9233698.0,761517.5625
2014-10-30,0.5370000004768372,0.5730000138282776,0.5320000052452087,0.5659999847412109,7069181.0,13512776.0,761517.5625
2014-10-31,0.5720000267028809,0.6140000224113464,0.5680000185966492,0.6110000014305115,8769142.0,17050332.0,761517.5625
2014-11-03,0.6119999885559082,0.6209999918937683,0.6029999852180481,0.6119999885559082,5238176.0,10288530.0,761517.5625
2014-11-04,0.6079999804496765,0.6169999837875366,0.5989999771118164,0.6100000143051147,3445524.0,6764346.5,761517.5625
2014-11-05,0.6159999966621399,0.621999979019165,0.597000002861023,0.6100000143051147,3886081.0,7645889.0,761517.5625
2014-11-06,0.609000027179718,0.6119999885559082,0.5920000076293945,0.6110000014305115,2907428.0,5680559.5,761517.5625
2014-11-07,0.6110000014305115,0.6399999856948853,0.6029999852180481,0.6100000143051147,4274563.0,8436988.0,761517.5625
2014-11-10,0.6129999756813049,0.6629999876022339,0.6129999756813049,0.6620000004768372,7215406.0,14422683.0,761517.5625
2014-11-11,0.6779999732971191,0.6959999799728394,0.6330000162124634,0.6669999957084656,7919343.0,16076215.0,761517.5625
2014-11-12,0.6489999890327454,0.6869999766349792,0.6380000114440918,0.6859999895095825,4901255.0,9893573.0,761517.5625
2014-11-13,0.6919999718666077,0.7009999752044678,0.671999990940094,0.6809999942779541,6315866.0,12901765.0,761517.5625
2014-11-14,0.6800000071525574,0.6809999942779541,0.6600000262260437,0.6740000247955322,3460937.0,6993402.5,761517.5625
2014-11-17,0.6919999718666077,0.7099999785423279,0.671999990940094,0.6759999990463257,5881532.0,12002600.0,761517.5625
2014-11-18,0.6710000038146973,0.6759999990463257,0.6449999809265137,0.6510000228881836,4922864.0,9886926.0,761517.5625
2014-11-19,0.6449999809265137,0.6510000228881836,0.6389999985694885,0.6430000066757202,3903668.0,7804035.0,761517.5625
2014-11-20,0.6370000243186951,0.6470000147819519,0.6299999952316284,0.6449999809265137,3551273.0,7077224.0,761517.5625
2014-11-21,0.6449999809265137,0.6859999895095825,0.6349999904632568,0.6769999861717224,4910129.0,9823753.0,761517.5625
2014-11-24,0.6909999847412109,0.7229999899864197,0.6769999861717224,0.7089999914169312,9834703.0,20204986.0,761517.5625
2014-11-25,0.7089999914169312,0.7459999918937683,0.7039999961853027,0.7459999918937683,8489389.0,17623596.0,761517.5625
2014-11-26,0.7459999918937683,0.7649999856948853,0.7450000047683716,0.7639999985694885,7067710.0,14894730.0,761517.5625
2014-11-27,0.7649999856948853,0.781000018119812,0.7559999823570251,0.7710000276565552,6788865.0,14395589.0,761517.5625
2014-11-28,0.7710000276565552,0.8259999752044678,0.7580000162124634,0.824999988079071,9870730.0,21188510.0,761517.5625
2014-12-01,0.8309999704360962,0.8600000143051147,0.8289999961853027,0.8349999785423279,7744776.0,17010808.0,761517.5625
2014-12-02,0.8330000042915344,0.9169999957084656,0.8169999718666077,0.902999997138977,10694625.0,23675958.0,761517.5625
2014-12-03,0.9039999842643738,0.9470000267028809,0.8619999885559082,0.9049999713897705,9272516.0,21027862.0,761517.5625
2014-12-04,0.9089999794960022,1.0049999952316284,0.8949999809265137,0.9990000128746033,13332036.0,30689916.0,761517.5625
2014-12-05,1.00600004196167,1.065999984741211,0.9269999861717224,1.0140000581741333,15773818.0,37131188.0,761517.5625
2014-12-08,0.9879999756813049,1.097000002861023,0.9670000076293945,1.0789999961853027,16825014.0,40199292.0,761517.5625
2014-12-09,1.065000057220459,1.156999945640564,0.9769999980926514,0.984000027179718,16804604.0,40947196.0,761517.5625
2014-12-10,0.9869999885559082,1.0700000524520874,0.9390000104904175,1.0679999589920044,13147928.0,30923092.0,761517.5625
2014-12-11,1.0470000505447388,1.1059999465942383,1.031999945640564,1.062999963760376,7345489.0,17754342.0,761517.5625
2014-12-12,1.062000036239624,1.0770000219345093,1.034999966621399,1.0520000457763672,5883279.0,14183320.0,761517.5625
2014-12-15,1.0509999990463257,1.0670000314712524,1.0130000114440918,1.059000015258789,8672618.0,20706018.0,761517.5625
2014-12-16,1.0479999780654907,1.1069999933242798,1.0369999408721924,1.1059999465942383,10662402.0,25876120.0,761517.5625
2014-12-17,1.1089999675750732,1.1670000553131104,1.0859999656677246,1.1460000276565552,13196263.0,32768826.0,761517.5625
2014-12-18,1.1449999809265137,1.1629999876022339,1.1109999418258667,1.1419999599456787,10858316.0,27100042.0,761517.5625
2014-12-19,1.1380000114440918,1.2369999885559082,1.128000020980835,1.2369999885559082,16719428.0,42473864.0,761517.5625
2014-12-22,1.2450000047683716,1.3309999704360962,1.2369999885559082,1.277999997138977,18538512.0,48949540.0,761517.5625
2014-12-23,1.2669999599456787,1.2719999551773071,1.159000039100647,1.1779999732971191,21127556.0,54299776.0,761517.5625
2014-12-24,1.1649999618530273,1.1820000410079956,1.0770000219345093,1.1039999723434448,15191268.0,37559008.0,761517.5625
2014-12-25,1.1080000400543213,1.1970000267028809,1.1059999465942383,1.194000005722046,8869863.0,22260774.0,761517.5625
2014-12-26,1.2029999494552612,1.2569999694824219,1.1799999475479126,1.25,15457751.0,39955680.0,761517.5625
2014-12-29,1.2649999856948853,1.2920000553131104,1.2020000219345093,1.2389999628067017,13430756.0,35154204.0,761517.5625
2014-12-30,1.2309999465942383,1.2589999437332153,1.187999963760376,1.2109999656677246,13021784.0,33538936.0,761517.5625
2014-12-31,1.2170000076293945,1.281999945640564,1.2100000381469727,1.2719999551773071,15697066.0,40821060.0,761517.5625
2015-01-05,1.274999976158142,1.4129999876022339,1.2730000019073486,1.3930000066757202,22505544.0,60941048.0,761517.5625
2015-01-06,1.3769999742507935,1.4459999799728394,1.3420000076293945,1.3880000114440918,26690304.0,73328080.0,761517.5625
2015-01-07,1.3769999742507935,1.3869999647140503,1.3450000286102295,1.378000020980835,11713380.0,31808640.0,761517.5625
2015-01-08,1.3769999742507935,1.38100004196167,1.3070000410079956,1.315000057220459,31136760.0,83675128.0,761517.5625
2015-01-09,1.309000015258789,1.4019999504089355,1.2769999504089355,1.2979999780654907,13516129.0,36352248.0,761517.5625
2015-01-12,1.3040000200271606,1.3040000200271606,1.2130000591278076,1.24399995803833,15042750.0,39064572.0,761517.5625
2015-01-13,1.2359999418258667,1.25600004196167,1.2280000448226929,1.246999979019165,7577085.0,19667180.0,761517.5625
2015-01-14,1.253000020980835,1.2760000228881836,1.2330000400543213,1.2380000352859497,6563108.0,17129186.0,761517.5625
2015-01-15,1.2380000352859497,1.3179999589920044,1.2289999723434448,1.3140000104904175,7959819.0,20931306.0,761517.5625
2015-01-16,1.3170000314712524,1.3619999885559082,1.315000057220459,1.3389999866485596,7846042.0,21153078.0,761517.5625
2015-01-19,1.2669999599456787,1.2669999599456787,1.0779999494552612,1.093000054359436,22144464.0,55832464.0,761517.5625
2015-01-20,1.156999945640564,1.1729999780654907,1.1089999675750732,1.152999997138977,15052115.0,36389160.0,-761517.5625
2015-01-21,1.152999997138977,1.2699999809265137,1.152999997138977,1.253999948501587,10157432.0,25250744.0,761517.5625
2015-01-22,1.2569999694824219,1.2669999599456787,1.2319999933242798,1.2549999952316284,7913509.0,19956788.0,761517.5625
2015-01-23,1.2580000162124634,1.2910000085830688,1.2450000047683716,1.2519999742507935,10939561.0,27780486.0,761517.5625
2015-01-26,1.253999948501587,1.284999966621399,1.2369999885559082,1.2829999923706055,5093611.0,12880860.0,761517.5625
2015-01-27,1.2769999504089355,1.281000018119812,1.2200000286102295,1.2640000581741333,6117315.0,15466068.0,761517.5625
2015-01-28,1.2580000162124634,1.2719999551773071,1.2339999675750732,1.246000051498413,3415821.0,8617628.0,761517.5625
2015-01-29,1.2369999885559082,1.2369999885559082,1.2000000476837158,1.222000002861023,6165059.0,15380519.0,761517.5625
2015-01-30,1.2239999771118164,1.2430000305175781,1.1950000524520874,1.2039999961853027,7411164.0,18479530.0,761517.5625
2015-02-02,1.1950000524520874,1.1950000524520874,1.1269999742507935,1.1330000162124634,6798160.0,16415282.0,761517.5625
2015-02-03,1.1369999647140503,1.1720000505447388,1.128999948501587,1.1690000295639038,5448119.0,13176120.0,761517.5625
2015-02-04,1.1759999990463257,1.1920000314712524,1.1490000486373901,1.149999976158142,4984381.0,12196689.0,761517.5625
2015-02-05,1.1970000267028809,1.2259999513626099,1.1069999933242798,1.1130000352859497,8081069.0,19688472.0,761517.5625
2015-02-06,1.1050000190734863,1.1050000190734863,1.0390000343322754,1.0520000457763672,8090808.0,18974794.0,761517.5625
2015-02-09,1.0499999523162842,1.0729999542236328,1.0269999504089355,1.0529999732971191,7984215.0,18531968.0,761517.5625
2015-02-10,1.0449999570846558,1.1030000448226929,1.0449999570846558,1.100000023841858,8541821.0,20085482.0,761517.5625
2015-02-11,1.1119999885559082,1.1150000095367432,1.097000002861023,1.1050000190734863,3825346.0,9109987.0,761517.5625
2015-02-12,1.1069999933242798,1.1130000352859497,1.0859999656677246,1.1100000143051147,3629494.0,8616236.0,761517.5625
2015-02-13,1.1139999628067017,1.1629999876022339,1.1139999628067017,1.1369999647140503,4442430.0,10715641.0,761517.5625
2015-02-16,1.1399999856948853,1.1480000019073486,1.128999948501587,1.1460000276565552,8386902.0,20272270.0,761517.5625
2015-02-17,1.1460000276565552,1.1749999523162842,1.1460000276565552,1.1690000295639038,10445420.0,25420444.0,761517.5625
2015-02-25,1.1749999523162842,1.1799999475479126,1.1469999551773071,1.156000018119812,4444081.0,10859661.0,761517.5625
2015-02-26,1.1540000438690186,1.2319999933242798,1.1540000438690186,1.2300000190734863,7443237.0,18384004.0,761517.5625
2015-02-27,1.2269999980926514,1.2400000095367432,1.2170000076293945,1.2300000190734863,6656198.0,16654195.0,761517.5625
2015-03-02,1.2380000352859497,1.2569999694824219,1.2269999980926514,1.253999948501587,15739469.0,39465628.0,761517.5625
2015-03-03,1.253000020980835,1.253000020980835,1.2209999561309814,1.222000002861023,10347201.0,25974884.0,761517.5625
2015-03-04,1.222000002861023,1.2339999675750732,1.2079999446868896,1.225000023841858,5680355.0,14179971.0,761517.5625
2015-03-05,1.222000002861023,1.225000023841858,1.1720000505447388,1.1950000524520874,6160221.0,15204368.0,761517.5625
2015-03-06,1.1979999542236328,1.2100000381469727,1.187000036239624,1.1929999589920044,5297217.0,13093996.0,761517.5625
2015-03-09,1.156999945640564,1.2660000324249268,1.156999945640564,1.2649999856948853,8245538.0,20581256.0,761517.5625
2015-03-10,1.2619999647140503,1.2680000066757202,1.2289999723434448,1.2510000467300415,7031814.0,17777016.0,761517.5625
2015-03-11,1.25600004196167,1.2860000133514404,1.2419999837875366,1.2619999647140503,10125894.0,25736890.0,761517.5625
2015-03-12,1.2669999599456787,1.3270000219345093,1.2669999599456787,1.3170000314712524,13652071.0,35203744.0,761517.5625
2015-03-13,1.3270000219345093,1.3519999980926514,1.319000005722046,1.3329999446868896,7658970.0,19988690.0,761517.5625
2015-03-16,1.343000054359436,1.3839999437332153,1.3370000123977661,1.3830000162124634,8569450.0,22624264.0,761517.5625
2015-03-17,1.3919999599456787,1.4270000457763672,1.3899999856948853,1.4259999990463257,11751432.0,31546042.0,761517.5625
2015-03-18,1.4329999685287476,1.5130000114440918,1.4329999685287476,1.5119999647140503,62141224.0,170223728.0,761517.5625
2015-03-19,1.5119999647140503,1.5269999504089355,1.496999979019165,1.5089999437332153,16800588.0,46824340.0,761517.5625
2015-03-20,1.5169999599456787,1.5529999732971191,1.5089999437332153,1.5449999570846558,9829485.0,27553932.0,761517.5625
2015-03-23,1.5549999475479126,1.6039999723434448,1.5549999475479126,1.6030000448226929,10234552.0,29236928.0,761517.5625
2015-03-24,1.6019999980926514,1.6390000581741333,1.5490000247955322,1.6260000467300415,16357570.0,47064612.0,761517.5625
2015-03-25,1.6069999933242798,1.6269999742507935,1.590999960899353,1.6089999675750732,7281902.0,20985834.0,761517.5625
2015-03-26,1.5950000286102295,1.6390000581741333,1.562999963760376,1.5920000076293945,8026645.0,23093872.0,761517.5625
2015-03-27,1.593000054359436,1.6230000257492065,1.5770000219345093,1.6130000352859497,5634888.0,16191501.0,761517.5625
2015-03-30,1.6169999837875366,1.6990000009536743,1.6169999837875366,1.6979999542236328,8685695.0,25547130.0,761517.5625
2015-03-31,1.7079999446868896,1.725000023841858,1.6549999713897705,1.6619999408721924,8028795.0,23822332.0,761517.5625
2015-04-01,1.6610000133514404,1.725000023841858,1.6579999923706055,1.7079999446868896,7209311.0,21406346.0,761517.5625
2015-04-02,1.7269999980926514,1.7510000467300415,1.6970000267028809,1.75,9918541.0,29752606.0,761517.5625
2015-04-03,1.746999979019165,1.8049999475479126,1.7269999980926514,1.8020000457763672,8193486.0,24985662.0,761517.5625
2015-04-07,1.8270000219345093,1.9259999990463257,1.8270000219345093,1.9079999923706055,10331692.0,32604550.0,761517.5625
2015-04-08,1.909999966621399,1.9589999914169312,1.878999948501587,1.9579999446868896,12334018.0,39506720.0,761517.5625
2015-04-09,1.9579999446868896,1.9869999885559082,1.871999979019165,1.9479999542236328,12204941.0,39036036.0,761517.5625
2015-04-10,1.9359999895095825,2.0209999084472656,1.909000039100647,2.0190000534057617,46770064.0,152282448.0,761517.5625
2015-04-13,2.056999921798706,2.065000057220459,2.013000011444092,2.056999921798706,9894291.0,32799574.0,761517.5625
2015-04-14,2.0290000438690186,2.1019999980926514,2.0169999599456787,2.072999954223633,8502758.0,28365016.0,761517.5625
2015-04-15,2.069999933242798,2.1019999980926514,2.0269999504089355,2.0480000972747803,8465671.0,28265902.0,761517.5625
2015-04-16,2.006999969482422,2.121000051498413,1.9730000495910645,2.119999885559082,11363699.0,37884792.0,761517.5625
2015-04-17,2.1470000743865967,2.2060000896453857,2.1419999599456787,2.181999921798706,12280072.0,42294968.0,761517.5625
2015-04-20,2.1519999504089355,2.2009999752044678,2.071000099182129,2.0769999027252197,16927564.0,57599640.0,761517.5625
2015-04-21,2.0869998931884766,2.1459999084472656,2.062000036239624,2.1389999389648438,10126525.0,34196380.0,761517.5625
2015-04-22,2.1489999294281006,2.244999885559082,2.1489999294281006,2.24399995803833,8504043.0,29615686.0,761517.5625
2015-04-23,2.256999969482422,2.2820000648498535,2.2269999980926514,2.253999948501587,9758024.0,34417304.0,761517.5625
2015-04-24,2.236999988555908,2.236999988555908,2.1470000743865967,2.197999954223633,10027216.0,34788092.0,761517.5625
2015-04-27,2.2019999027252197,2.2720000743865967,2.2019999027252197,2.2690000534057617,11620193.0,40886436.0,761517.5625
2015-04-28,2.2669999599456787,2.2769999504089355,2.177000045776367,2.2019999027252197,10275898.0,35972284.0,761517.5625
2015-04-29,2.197999954223633,2.2269999980926514,2.1610000133514404,2.2049999237060547,5590505.0,19361160.0,761517.5625
2015-04-30,2.2149999141693115,2.242000102996826,2.197000026702881,2.2039999961853027,5174611.0,18085322.0,761517.5625
2015-05-04,2.203000068664551,2.256999969482422,2.1740000247955322,2.253999948501587,7641680.0,26756586.0,761517.5625
2015-05-05,2.253999948501587,2.2720000743865967,2.0769999027252197,2.1010000705718994,10738139.0,36903632.0,761517.5625
2015-05-06,2.0959999561309814,2.1470000743865967,1.9930000305175781,2.0260000228881836,7787331.0,26197276.0,761517.5625
2015-05-07,2.0169999599456787,2.0169999599456787,1.909999966621399,1.9179999828338623,11129754.0,35885856.0,761517.5625
2015-05-08,1.9220000505447388,1.9950000047683716,1.9129999876022339,1.9850000143051147,8003689.0,25826234.0,761517.5625
2015-05-11,1.9980000257492065,2.0959999561309814,1.9769999980926514,2.0959999561309814,14898299.0,49224888.0,761517.5625
2015-05-12,2.0959999561309814,2.1429998874664307,2.0869998931884766,2.1389999389648438,6430819.0,21809136.0,761517.5625
2015-05-13,2.13700008392334,2.1419999599456787,2.1019999980926514,2.109999895095825,7037182.0,23907766.0,761517.5625
2015-05-14,2.1010000705718994,2.1440000534057617,2.0880000591278076,2.125,8952176.0,30389046.0,761517.5625
2015-05-15,2.1089999675750732,2.1110000610351562,2.046999931335449,2.0759999752044678,5687894.0,19063136.0,761517.5625
2015-05-18,2.065000057220459,2.0820000171661377,2.0269999504089355,2.0339999198913574,7263985.0,24202864.0,761517.5625
2015-05-19,2.0269999504089355,2.1449999809265137,2.0269999504089355,2.140000104904175,8755375.0,29627360.0,761517.5625
2015-05-20,2.1459999084472656,2.2300000190734863,2.1459999084472656,2.1579999923706055,8196751.0,28371822.0,761517.5625
2015-05-21,2.1600000858306885,2.256999969482422,2.1600000858306885,2.253999948501587,8849292.0,30847584.0,761517.5625
2015-05-22,2.2880001068115234,2.3450000286102295,2.2730000019073486,2.3429999351501465,11633018.0,41742428.0,761517.5625
2015-05-25,2.3510000705718994,2.4700000286102295,2.3389999866485596,2.4690001010894775,9064912.0,33534068.0,761517.5625
2015-05-26,2.496999979019165,2.5220000743865967,2.4110000133514404,2.5209999084472656,11404673.0,42823728.0,761517.5625
2015-05-27,2.5910000801086426,2.5910000801086426,2.4719998836517334,2.5209999084472656,24892840.0,94528136.0,761517.5625
2015-05-28,2.50600004196167,2.5490000247955322,2.2660000324249268,2.296999931335449,13196127.0,48837736.0,761517.5625
2015-05-29,2.2720000743865967,2.38700008392334,2.118000030517578,2.259999990463257,11927326.0,41990028.0,761517.5625
2015-06-01,2.240999937057495,2.5290000438690186,2.240999937057495,2.51200008392334,9025443.0,33094730.0,761517.5625
2015-06-02,2.5169999599456787,2.572000026702881,2.4670000076293945,2.566999912261963,10989724.0,41658880.0,761517.5625
2015-06-03,2.565999984741211,2.566999912261963,2.4839999675750732,2.5490000247955322,12928509.0,49185520.0,761517.5625
2015-06-04,2.5369999408721924,2.6070001125335693,2.3929998874664307,2.6010000705718994,15897496.0,60410656.0,761517.5625
2015-06-05,2.63700008392334,2.7660000324249268,2.611999988555908,2.687000036239624,14279261.0,56459492.0,761517.5625
2015-06-08,2.7170000076293945,2.805999994277954,2.680999994277954,2.7799999713897705,31961288.0,128408360.0,761517.5625
2015-06-09,2.7809998989105225,2.796999931335449,2.7219998836517334,2.7939999103546143,38857424.0,156787952.0,761517.5625
2015-06-10,2.7669999599456787,2.816999912261963,2.7130000591278076,2.7820000648498535,18406988.0,74533936.0,761517.5625
2015-06-11,2.7799999713897705,2.7850000858306885,2.736999988555908,2.7730000019073486,13084605.0,52799232.0,761517.5625
2015-06-12,2.7760000228881836,2.885999917984009,2.7760000228881836,2.88100004196167,14143867.0,58275212.0,761517.5625
2015-06-15,2.88100004196167,2.934999942779541,2.8529999256134033,2.8589999675750732,46337340.0,193105504.0,761517.5625
2015-06-16,2.8269999027252197,2.8480000495910645,2.6630001068115234,2.7019999027252197,34540712.0,139362688.0,761517.5625
2015-06-17,2.678999900817871,2.802000045776367,2.5869998931884766,2.7960000038146973,16587903.0,65943224.0,761517.5625
2015-06-18,2.796999931335449,2.8239998817443848,2.687000036239624,2.7070000171661377,238170432.0,965855168.0,761517.5625
2015-06-19,2.694999933242798,2.694999933242798,2.4170000553131104,2.4260001182556152,52072604.0,199715456.0,761517.5625
2015-06-23,2.427000045776367,2.4820001125335693,2.2300000190734863,2.4820001125335693,113607128.0,417055808.0,761517.5625
2015-06-24,2.493000030517578,2.5920000076293945,2.4769999980926514,2.5920000076293945,207759920.0,793397696.0,761517.5625
2015-06-25,2.5869998931884766,2.617000102996826,2.421999931335449,2.4649999141693115,315412320.0,1196753280.0,761517.5625
2015-06-26,2.421999931335449,2.421999931335449,2.0910000801086426,2.0950000286102295,464861120.0,1649760128.0,761517.5625
2015-06-29,2.2070000171661377,2.259999990463257,1.88100004196167,2.065999984741211,593227712.0,2003161344.0,761517.5625
2015-06-30,2.0959999561309814,2.2769999504089355,1.9049999713897705,2.2730000019073486,371966592.0,1277069696.0,761517.5625
2015-07-01,2.246999979019165,2.2869999408721924,2.0269999504089355,2.0409998893737793,451250368.0,1566974336.0,761517.5625
2015-07-02,2.0409998893737793,2.075000047683716,1.8359999656677246,1.8880000114440918,331038912.0,1073437696.0,761517.5625
2015-07-03,1.871999979019165,1.9170000553131104,1.656999945640564,1.6670000553131104,135516128.0,413990912.0,761517.5625
2015-07-06,1.9609999656677246,1.9609999656677246,1.6330000162124634,1.7769999504089355,50443684.0,153619024.0,761517.5625
2015-07-07,1.774999976158142,1.774999976158142,1.5219999551773071,1.6690000295639038,43209196.0,128612504.0,761517.5625
2015-07-08,1.375,1.6269999742507935,1.375,1.375,19941816.0,54212996.0,761517.5625
2015-07-09,1.3270000219345093,1.6399999856948853,1.3270000219345093,1.6399999856948853,17171832.0,48706868.0,761517.5625
2015-07-10,1.7569999694824219,1.930999994277954,1.746999979019165,1.930999994277954,23858400.0,74518800.0,761517.5625
2015-07-13,2.065000057220459,2.121999979019165,1.8769999742507935,2.119999885559082,44872104.0,146713200.0,761517.5625
2015-07-14,2.056999921798706,2.0989999771118164,1.906999945640564,1.9570000171661377,99093032.0,325950560.0,761517.5625
2015-07-15,1.9259999990463257,1.9570000171661377,1.7710000276565552,1.781999945640564,20121940.0,63325352.0,761517.5625
2015-07-16,1.7289999723434448,1.8969999551773071,1.7280000448226929,1.8250000476837158,41024804.0,127884728.0,761517.5625
2015-07-17,1.8320000171661377,1.9819999933242798,1.8320000171661377,1.965000033378601,199733408.0,638762368.0,761517.5625
2015-07-20,1.937000036239624,1.996000051498413,1.906999945640564,1.9520000219345093,205432608.0,662706240.0,761517.5625
2015-07-21,1.9220000505447388,2.006999969482422,1.8969999551773071,1.9830000400543213,158615232.0,514928224.0,761517.5625
2015-07-22,1.9789999723434448,1.996000051498413,1.9240000247955322,1.9630000591278076,124997056.0,403714016.0,761517.5625
2015-07-23,1.9639999866485596,2.052999973297119,1.9490000009536743,2.052000045776367,92601712.0,305588736.0,761517.5625
2015-07-24,2.0369999408721924,2.0869998931884766,1.9769999980926514,1.9859999418258667,167605024.0,555548096.0,761517.5625
2015-07-27,1.9420000314712524,1.972000002861023,1.6610000133514404,1.6829999685287476,142259392.0,449559680.0,761517.5625
2015-07-28,1.6449999809265137,1.7710000276565552,1.5770000219345093,1.6970000267028809,214490880.0,632622976.0,761517.5625
2015-07-29,1.7050000429153442,1.840999960899353,1.6929999589920044,1.8209999799728394,82547640.0,247316496.0,761517.5625
2015-07-30,1.8320000171661377,1.8630000352859497,1.7569999694824219,1.7569999694824219,93478288.0,289028000.0,761517.5625
2015-07-31,1.7269999980926514,1.8170000314712524,1.7130000591278076,1.7450000047683716,18018060.0,54462676.0,761517.5625
2015-08-03,1.7330000400543213,1.8270000219345093,1.7070000171661377,1.8259999752044678,15540106.0,46904516.0,761517.5625
2015-08-04,1.7970000505447388,1.906000018119812,1.784000039100647,1.8839999437332153,18365516.0,56996384.0,761517.5625
2015-08-05,1.899999976158142,1.9049999713897705,1.8170000314712524,1.8170000314712524,20595152.0,64615840.0,761517.5625
2015-08-06,1.7960000038146973,1.8270000219345093,1.7669999599456787,1.7869999408721924,14448214.0,44391068.0,761517.5625
2015-08-07,1.7929999828338623,1.8650000095367432,1.7929999828338623,1.847000002861023,20797266.0,64834656.0,761517.5625
2015-08-10,1.8630000352859497,2.006999969482422,1.8630000352859497,1.9910000562667847,11417376.0,36575948.0,761517.5625
2015-08-11,1.9830000400543213,2.013000011444092,1.9479999542236328,1.975000023841858,17247972.0,56062424.0,761517.5625
2015-08-12,1.9479999542236328,1.975000023841858,1.9229999780654907,1.9240000247955322,24720342.0,79467712.0,761517.5625
2015-08-13,1.9270000457763672,1.968999981880188,1.871999979019165,1.968000054359436,30650196.0,98040048.0,761517.5625
2015-08-14,1.9950000047683716,2.0,1.9450000524520874,1.965000033378601,18062796.0,58558256.0,761517.5625
2015-08-17,1.937000036239624,1.9930000305175781,1.9129999876022339,1.9919999837875366,44198496.0,142397952.0,761517.5625
2015-08-18,1.9950000047683716,2.0160000324249268,1.6799999475479126,1.8300000429153442,66631760.0,212683440.0,761517.5625
2015-08-19,1.7489999532699585,1.8639999628067017,1.6269999742507935,1.847000002861023,116803432.0,354948864.0,761517.5625
2015-08-20,1.812000036239624,1.812000036239624,1.7369999885559082,1.7400000095367432,32095124.0,98142080.0,761517.5625
2015-08-21,1.7239999771118164,1.7319999933242798,1.5809999704360962,1.6059999465942383,67399064.0,197286512.0,761517.5625
2015-08-24,1.5570000410079956,1.5570000410079956,1.3179999589920044,1.3179999589920044,12491014.0,33068578.0,761517.5625
2015-08-25,1.1369999647140503,1.2489999532699585,1.0709999799728394,1.0809999704360962,35275508.0,87079768.0,761517.5625
2015-08-26,1.1770000457763672,1.2269999980926514,1.031999945640564,1.100000023841858,217917728.0,526980736.0,761517.5625
2015-08-27,1.121999979019165,1.2569999694824219,1.121999979019165,1.253000020980835,132979920.0,323983424.0,761517.5625
2015-08-28,1.2599999904632568,1.3799999952316284,1.2599999904632568,1.375,129952112.0,336986240.0,761517.5625
2015-08-31,1.3270000219345093,1.3869999647140503,1.2869999408721924,1.3650000095367432,121366648.0,314698528.0,761517.5625
2015-09-01,1.3569999933242798,1.3669999837875366,1.25,1.3569999933242798,124251544.0,321555328.0,761517.5625
2015-09-02,1.315000057220459,1.4019999504089355,1.2489999532699585,1.3769999742507935,109473752.0,284585440.0,761517.5625
2015-09-07,1.3519999980926514,1.437000036239624,1.2269999980926514,1.2949999570846558,84436416.0,221649984.0,761517.5625
2015-09-08,1.2869999408721924,1.3769999742507935,1.2300000190734863,1.371999979019165,14613181.0,37723352.0,761517.5625
2015-09-09,1.3769999742507935,1.6069999933242798,1.3569999933242798,1.4270000457763672,13083184.0,35123452.0,761517.5625
2015-09-10,1.3949999809265137,1.4149999618530273,1.3669999837875366,1.375,4360286.0,11614307.0,761517.5625
2015-09-11,1.3669999837875366,1.3949999809265137,1.3250000476837158,1.371000051498413,1449198.0,3827385.5,761517.5625
2015-09-14,1.3769999742507935,1.3910000324249268,1.2710000276565552,1.2719999551773071,2910200.0,7530432.5,761517.5625
2015-09-15,1.2569999694824219,1.2589999437332153,1.1820000410079956,1.190000057220459,3394008.0,8433599.0,761517.5625
2015-09-16,1.190999984741211,1.3760000467300415,1.187000036239624,1.3300000429153442,3475807.0,8805926.0,761517.5625
2015-09-17,1.2410000562667847,1.3380000591278076,1.2410000562667847,1.253000020980835,6340800.0,16426966.0,761517.5625
2015-09-18,1.281999945640564,1.2970000505447388,1.2380000352859497,1.253999948501587,947100.0,2396719.0,761517.5625
2015-09-21,1.2330000400543213,1.2869999408721924,1.2280000448226929,1.284999966621399,1060967.0,2698825.5,761517.5625
2015-09-22,1.2860000133514404,1.312999963760376,1.2860000133514404,1.3029999732971191,1890449.0,4865780.5,761517.5625
2015-09-23,1.2929999828338623,1.2929999828338623,1.2669999599456787,1.281000018119812,875400.0,2230858.75,761517.5625
2015-09-24,1.2660000324249268,1.2869999408721924,1.2269999980926514,1.2829999923706055,665001.0,1691306.25,761517.5625
2015-09-25,1.2769999504089355,1.2829999923706055,1.218000054359436,1.24399995803833,995800.0,2505953.5,761517.5625
2015-09-28,1.2230000495910645,1.2450000047683716,1.2230000495910645,1.2369999885559082,1249400.0,3134276.5,761517.5625
2015-09-29,1.2280000448226929,1.2359999418258667,1.2020000219345093,1.2050000429153442,693552.0,1726571.0,761517.5625
2015-09-30,1.2120000123977661,1.2259999513626099,1.2050000429153442,1.218000054359436,382001.0,951275.1875,761517.5625
2015-10-08,1.2929999828338623,1.2970000505447388,1.2580000162124634,1.281999945640564,2949810.0,7542082.0,761517.5625
2015-10-09,1.2790000438690186,1.3070000410079956,1.2719999551773071,1.3049999475479126,3238410.0,8314787.0,761517.5625
2015-10-12,1.3049999475479126,1.406999945640564,1.3040000200271606,1.3880000114440918,2974382.0,7855106.5,761517.5625
2015-10-13,1.3880000114440918,1.3940000534057617,1.3769999742507935,1.3849999904632568,1205730.0,3205100.5,761517.5625
2015-10-14,1.3940000534057617,1.3940000534057617,1.3580000400543213,1.3669999837875366,1267151.0,3357482.25,761517.5625
2015-10-15,1.3600000143051147,1.4270000457763672,1.3589999675750732,1.4199999570846558,1717733.0,4595382.5,761517.5625
2015-10-16,1.406999945640564,1.4769999980926514,1.406999945640564,1.4579999446868896,2824497.0,7692465.5,761517.5625
2015-10-19,1.4609999656677246,1.496999979019165,1.4509999752044678,1.465000033378601,1964511.0,5393374.5,761517.5625
2015-10-20,1.4869999885559082,1.4889999628067017,1.4589999914169312,1.4869999885559082,1149650.0,3156356.5,761517.5625
2015-10-21,1.4769999980926514,1.5089999437332153,1.3969999551773071,1.4049999713897705,1716182.0,4692427.5,761517.5625
2015-10-22,1.409999966621399,1.4470000267028809,1.3769999742507935,1.4450000524520874,1421250.0,3824209.25,761517.5625
2015-10-23,1.4459999799728394,1.496999979019165,1.4279999732971191,1.4839999675750732,1177831.0,3234152.75,761517.5625
2015-10-26,1.5019999742507935,1.5230000019073486,1.496999979019165,1.5069999694824219,1837739.0,5110943.0,761517.5625
2015-10-27,1.503000020980835,1.5169999599456787,1.4570000171661377,1.5149999856948853,1199384.0,3307222.25,761517.5625
2015-10-28,1.5069999694824219,1.5169999599456787,1.4819999933242798,1.4830000400543213,750200.0,2078494.25,761517.5625
2015-10-29,1.4900000095367432,1.496999979019165,1.468000054359436,1.4769999980926514,656200.0,1808297.375,761517.5625
2015-10-30,1.4769999980926514,1.4869999885559082,1.4630000591278076,1.4769999980926514,444400.0,1222402.875,761517.5625
2015-11-02,1.4769999980926514,1.4830000400543213,1.4429999589920044,1.4570000171661377,540000.0,1475992.625,761517.5625
2015-11-03,1.4609999656677246,1.4609999656677246,1.4210000038146973,1.4259999990463257,927700.0,2512780.25,761517.5625
2015-11-04,1.4270000457763672,1.5169999599456787,1.4240000247955322,1.5130000114440918,1952303.0,5383930.0,761517.5625
2015-11-05,1.5240000486373901,1.6150000095367432,1.5069999694824219,1.565999984741211,3462015.0,9841118.0,761517.5625
2015-11-06,1.5679999589920044,1.6269999742507935,1.5670000314712524,1.6130000352859497,2634280.0,7564782.5,761517.5625
2015-11-09,1.628000020980835,1.7569999694824219,1.628000020980835,1.6720000505447388,5046685.0,14846893.0,761517.5625
2015-11-10,1.6640000343322754,1.680999994277954,1.6380000114440918,1.6619999408721924,4076743.0,11940151.0,761517.5625
2015-11-11,1.6469999551773071,1.6820000410079956,1.6269999742507935,1.659000039100647,1451718.0,4264299.0,761517.5625
2015-11-12,1.659000039100647,1.6660000085830688,1.6269999742507935,1.6269999742507935,1608502.0,4679709.0,761517.5625
2015-11-13,1.6269999742507935,1.6269999742507935,1.6030000448226929,1.6039999723434448,791100.0,2284290.75,761517.5625
2015-11-16,1.5829999446868896,1.6130000352859497,1.5729999542236328,1.6130000352859497,755531.0,2164801.5,761517.5625
2015-11-17,1.6230000257492065,1.6670000553131104,1.6230000257492065,1.628999948501587,1614151.0,4713183.0,761517.5625
2015-11-18,1.628000020980835,1.628000020980835,1.6030000448226929,1.6039999723434448,689653.0,1989392.75,761517.5625
2015-11-19,1.6069999933242798,1.6360000371932983,1.5989999771118164,1.6330000162124634,608990.0,1760512.25,761517.5625
2015-11-20,1.6330000162124634,1.6369999647140503,1.6139999628067017,1.625,836563.0,2426343.0,761517.5625
2015-11-23,1.6169999837875366,1.649999976158142,1.6050000190734863,1.6200000047683716,1829800.0,5319849.0,761517.5625
2015-11-24,1.6200000047683716,1.6269999742507935,1.5839999914169312,1.6160000562667847,842766.0,2423746.5,761517.5625
2015-11-25,1.6069999933242798,1.6519999504089355,1.5880000591278076,1.6449999809265137,1858729.0,5393794.0,761517.5625
2015-11-26,1.652999997138977,1.6740000247955322,1.6390000581741333,1.6419999599456787,1769894.0,5183003.0,761517.5625
2015-11-27,1.6369999647140503,1.6369999647140503,1.5080000162124634,1.559000015258789,1389955.0,3968441.5,761517.5625
2015-11-30,1.5269999504089355,1.5470000505447388,1.468000054359436,1.5260000228881836,1594075.0,4425324.0,761517.5625
2015-12-01,1.5260000228881836,1.5260000228881836,1.4869999885559082,1.5049999952316284,907344.0,2514607.25,761517.5625
2015-12-02,1.50600004196167,1.5920000076293945,1.4889999628067017,1.5779999494552612,1322121.0,3728378.0,761517.5625
2015-12-03,1.5789999961853027,1.6089999675750732,1.559999942779541,1.6069999933242798,942900.0,2701363.25,761517.5625
2015-12-04,1.5870000123977661,1.6050000190734863,1.5470000505447388,1.5579999685287476,905900.0,2569846.25,761517.5625
2015-12-07,1.5579999685287476,1.5740000009536743,1.5299999713897705,1.5520000457763672,332440.0,939998.0625,761517.5625
2015-12-08,1.5470000505447388,1.5470000505447388,1.5069999694824219,1.5169999599456787,672676.0,1877219.875,761517.5625
2015-12-09,1.503999948501587,1.5149999856948853,1.4950000047683716,1.5119999647140503,547181.0,1520136.25,761517.5625
2015-12-10,1.5119999647140503,1.531999945640564,1.4950000047683716,1.4980000257492065,418376.0,1167019.875,761517.5625
2015-12-11,1.4930000305175781,1.50600004196167,1.4709999561309814,1.4800000190734863,584907.0,1610122.5,761517.5625
2015-12-14,1.4789999723434448,1.5360000133514404,1.4429999589920044,1.5329999923706055,844300.0,2331744.0,761517.5625
2015-12-15,1.531999945640564,1.531999945640564,1.5069999694824219,1.5149999856948853,448700.0,1254296.125,761517.5625
2015-12-16,1.5169999599456787,1.531999945640564,1.5069999694824219,1.5069999694824219,528464.0,1476523.25,761517.5625
2015-12-17,1.5230000019073486,1.5770000219345093,1.5230000019073486,1.5609999895095825,1634400.0,4616008.5,761517.5625
2015-12-18,1.5609999895095825,1.5850000381469727,1.5529999732971191,1.562000036239624,1017648.0,2890264.25,761517.5625
2015-12-21,1.562000036239624,1.6469999551773071,1.5529999732971191,1.6369999647140503,3239683.0,9350020.0,761517.5625
2015-12-22,1.6440000534057617,1.6549999713897705,1.628999948501587,1.6360000371932983,1267273.0,3697161.75,761517.5625
2015-12-23,1.6419999599456787,1.6770000457763672,1.6360000371932983,1.6540000438690186,1815897.0,5326153.0,761517.5625
2015-12-24,1.6549999713897705,1.6549999713897705,1.593999981880188,1.6230000257492065,1467000.0,4237919.0,761517.5625
2015-12-25,1.6230000257492065,1.6319999694824219,1.6169999837875366,1.6260000467300415,638176.0,1849837.0,761517.5625
2015-12-28,1.6269999742507935,1.6670000553131104,1.5570000410079956,1.562999963760376,2707534.0,7801677.0,761517.5625
2015-12-29,1.565999984741211,1.597000002861023,1.5549999475479126,1.5759999752044678,1172492.0,3324353.0,761517.5625
2015-12-30,1.5859999656677246,1.5859999656677246,1.5670000314712524,1.5770000219345093,436100.0,1241588.5,761517.5625
2015-12-31,1.5920000076293945,1.593000054359436,1.5670000314712524,1.5800000429153442,581000.0,1658481.5,761517.5625
2016-01-04,1.5829999446868896,1.5880000591278076,1.4429999589920044,1.4529999494552612,1875900.0,5211335.5,761517.5625
2016-01-05,1.4470000267028809,1.4470000267028809,1.3370000123977661,1.4129999876022339,3296300.0,8854757.0,761517.5625
2016-01-06,1.437000036239624,1.4559999704360962,1.406999945640564,1.4559999704360962,1974915.0,5319856.0,761517.5625
2016-01-07,1.4129999876022339,1.4450000524520874,1.2899999618530273,1.3220000267028809,312501.0,824288.0,761517.5625
2016-01-08,1.3270000219345093,1.4359999895095825,1.2869999408721924,1.3580000400543213,4618500.0,12100782.0,761517.5625
2016-01-11,1.347000002861023,1.347000002861023,1.2549999952316284,1.2640000581741333,2284300.0,5866017.0,761517.5625
2016-01-12,1.2669999599456787,1.2949999570846558,1.1890000104904175,1.218000054359436,2022300.0,5057016.5,761517.5625
2016-01-13,1.2289999723434448,1.2430000305175781,1.1970000267028809,1.1970000267028809,1236385.0,3083332.0,761517.5625
2016-01-14,1.1749999523162842,1.2269999980926514,1.128999948501587,1.2230000495910645,1967300.0,4841339.0,761517.5625
2016-01-15,1.187000036239624,1.2170000076293945,1.125,1.1430000066757202,2439200.0,5943999.0,761517.5625
2016-01-18,1.1369999647140503,1.1480000019073486,1.1019999980926514,1.1330000162124634,1521411.0,3656345.5,761517.5625
2016-01-19,1.1390000581741333,1.2050000429153442,1.1269999742507935,1.2039999961853027,1956177.0,4782421.0,761517.5625
2016-01-20,1.215000033378601,1.215000033378601,1.1440000534057617,1.1640000343322754,2145301.0,5139587.0,-761517.5625
2016-01-21,1.1519999504089355,1.1779999732971191,1.1019999980926514,1.1139999628067017,1237287.0,2918841.75,761517.5625
2016-01-22,1.1119999885559082,1.1319999694824219,1.093999981880188,1.1269999742507935,1466134.0,3424708.5,761517.5625
2016-01-25,1.1319999694824219,1.1480000019073486,1.1260000467300415,1.1410000324249268,669300.0,1579847.875,761517.5625
2016-01-26,1.1410000324249268,1.1410000324249268,0.9769999980926514,1.0069999694824219,2371284.0,5431003.5,761517.5625
2016-01-27,1.0019999742507935,1.0149999856948853,0.9269999861717224,0.9829999804496765,2218903.0,4879542.5,761517.5625
2016-01-28,0.9819999933242798,0.9940000176429749,0.9430000185966492,0.9520000219345093,814500.0,1784895.75,761517.5625
2016-01-29,0.9539999961853027,1.0069999694824219,0.9470000267028809,0.996999979019165,1237840.0,2734187.0,761517.5625
2016-02-01,0.9980000257492065,1.003999948501587,0.9459999799728394,0.9599999785423279,1068000.0,2343392.25,761517.5625
2016-02-02,0.9589999914169312,1.003999948501587,0.9589999914169312,0.9990000128746033,810001.0,1793396.5,761517.5625
2016-02-03,0.9850000143051147,0.9919999837875366,0.9649999737739563,0.9879999756813049,610600.0,1345411.25,761517.5625
2016-02-04,0.9940000176429749,1.0160000324249268,0.9940000176429749,1.0089999437332153,1470600.0,3275061.0,761517.5625
2016-02-05,1.0260000228881836,1.0260000228881836,0.9990000128746033,1.0089999437332153,906800.0,2025699.75,761517.5625
2016-02-15,0.9769999980926514,1.003999948501587,0.9649999737739563,0.9900000095367432,921800.0,2029679.125,761517.5625
2016-02-16,1.00600004196167,1.0460000038146973,1.00600004196167,1.0460000038146973,1191500.0,2689238.0,761517.5625
2016-02-17,1.0410000085830688,1.0670000314712524,1.0369999408721924,1.065000057220459,880500.0,2004298.625,761517.5625
2016-02-18,1.0770000219345093,1.0850000381469727,1.0670000314712524,1.069000005722046,1093200.0,2514312.0,761517.5625
2016-02-19,1.069000005722046,1.0759999752044678,1.0570000410079956,1.0700000524520874,1210556.0,2772532.5,761517.5625
2016-02-22,1.0770000219345093,1.1169999837875366,1.0770000219345093,1.1119999885559082,1478552.0,3439142.0,761517.5625
2016-02-23,1.1150000095367432,1.1150000095367432,1.0770000219345093,1.090999960899353,535676.0,1239351.375,761517.5625
2016-02-24,1.0920000076293945,1.1100000143051147,1.0779999494552612,1.100000023841858,861701.0,1993868.375,761517.5625
2016-02-25,1.0950000286102295,1.0989999771118164,0.9660000205039978,1.0080000162124634,1695100.0,3827818.75,761517.5625
2016-02-26,1.0110000371932983,1.0269999504089355,0.9549999833106995,1.0019999742507935,2623400.0,5795307.0,761517.5625
2016-02-29,1.0019999742507935,1.0019999742507935,0.925000011920929,0.9620000123977661,2892053.0,6276187.0,761517.5625
2016-03-01,0.9779999852180481,0.996999979019165,0.9589999914169312,0.984000027179718,1402224.0,3082687.25,761517.5625
2016-03-02,0.9950000047683716,1.090000033378601,0.9950000047683716,1.0889999866485596,2458950.0,5605159.5,761517.5625
2016-03-03,1.1059999465942383,1.1059999465942383,1.0839999914169312,1.0880000591278076,1289829.0,2990041.25,761517.5625
2016-03-04,1.0959999561309814,1.1369999647140503,1.0670000314712524,1.1169999837875366,2528751.0,5874425.5,761517.5625
2016-03-07,1.1360000371932983,1.1469999551773071,1.11899995803833,1.128999948501587,1309702.0,3087700.5,761517.5625
2016-03-08,1.128000020980835,1.128999948501587,1.0770000219345093,1.1230000257492065,852209.0,1978613.25,761517.5625
2016-03-09,1.121999979019165,1.121999979019165,1.0770000219345093,1.0950000286102295,637881.0,1480817.125,761517.5625
2016-03-10,1.1050000190734863,1.1260000467300415,1.0800000429153442,1.0829999446868896,443070.0,1028433.8125,761517.5625
2016-03-11,1.0820000171661377,1.0920000076293945,1.0609999895095825,1.0850000381469727,672338.0,1543173.0,761517.5625
2016-03-14,1.0870000123977661,1.1319999694824219,1.0859999656677246,1.1059999465942383,2310057.0,5394640.0,761517.5625
2016-03-15,1.1069999933242798,1.1109999418258667,1.0809999704360962,1.1059999465942383,1302004.0,3017179.5,761517.5625
2016-03-16,1.1059999465942383,1.1390000581741333,1.1059999465942383,1.1180000305175781,1295202.0,3040258.25,761517.5625
2016-03-17,1.1200000047683716,1.159999966621399,1.1180000305175781,1.1430000066757202,1063334.0,2515387.0,761517.5625
2016-03-18,1.156999945640564,1.1820000410079956,1.1460000276565552,1.1770000457763672,988646.0,2363614.5,761517.5625
2016-03-21,1.1829999685287476,1.2089999914169312,1.1829999685287476,1.2009999752044678,2296632.0,5561067.5,761517.5625
2016-03-22,1.2009999752044678,1.2009999752044678,1.187000036239624,1.1950000524520874,926611.0,2239696.5,761517.5625
2016-03-23,1.1929999589920044,1.2029999494552612,1.1670000553131104,1.1859999895095825,2088570.0,5037864.5,761517.5625
2016-03-24,1.1770000457763672,1.180999994277954,1.1549999713897705,1.156000018119812,1839810.0,4388634.0,761517.5625
2016-03-25,1.156000018119812,1.1759999990463257,1.1519999504089355,1.159000039100647,559771.0,1332326.125,761517.5625
2016-03-28,1.159999966621399,1.2029999494552612,1.1390000581741333,1.159999966621399,1390760.0,3327913.5,761517.5625
2016-03-29,1.1469999551773071,1.1549999713897705,1.1150000095367432,1.1180000305175781,902802.0,2122642.0,761517.5625
2016-03-30,1.121999979019165,1.1829999685287476,1.121999979019165,1.180999994277954,1293620.0,3077068.75,761517.5625
2016-03-31,1.1890000104904175,1.1959999799728394,1.1670000553131104,1.180999994277954,1679706.0,4035990.5,761517.5625
2016-04-01,1.1820000410079956,1.184999942779541,1.1579999923706055,1.184999942779541,725040.0,1736123.625,761517.5625
2016-04-05,1.184999942779541,1.225000023841858,1.1759999990463257,1.2239999771118164,2574628.0,6254499.0,761517.5625
2016-04-06,1.2070000171661377,1.225000023841858,1.2070000171661377,1.215000033378601,907830.0,2213681.0,761517.5625
2016-04-07,1.215000033378601,1.2259999513626099,1.1950000524520874,1.1950000524520874,863006.0,2096658.875,761517.5625
2016-04-08,1.184999942779541,1.187000036239624,1.1749999523162842,1.1859999895095825,795027.0,1910454.75,761517.5625
2016-04-11,1.184999942779541,1.2230000495910645,1.184999942779541,1.2130000591278076,1851288.0,4505539.0,761517.5625
2016-04-12,1.2130000591278076,1.2130000591278076,1.1950000524520874,1.2020000219345093,875241.0,2120608.5,761517.5625
2016-04-13,1.2079999446868896,1.2589999437332153,1.1770000457763672,1.24399995803833,2967481.0,7280992.5,761517.5625
2016-04-14,1.2480000257492065,1.2569999694824219,1.2319999933242798,1.246999979019165,1245254.0,3071030.5,761517.5625
2016-04-15,1.25600004196167,1.25600004196167,1.2359999418258667,1.2450000047683716,971890.0,2395904.75,761517.5625
2016-04-18,1.2419999837875366,1.2419999837875366,1.2120000123977661,1.2280000448226929,616585.0,1506978.875,761517.5625
2016-04-19,1.2300000190734863,1.2400000095367432,1.2100000381469727,1.2230000495910645,970410.0,2373403.75,761517.5625
2016-04-20,1.2269999980926514,1.378000020980835,1.1380000114440918,1.1859999895095825,3857207.0,9345116.0,761517.5625
2016-04-21,1.184999942779541,1.2089999914169312,1.159999966621399,1.194000005722046,2259290.0,5452553.0,761517.5625
2016-04-22,1.1929999589920044,1.1929999589920044,1.1679999828338623,1.1929999589920044,955196.0,2296361.5,761517.5625
2016-04-25,1.1929999589920044,1.1929999589920044,1.1619999408721924,1.1770000457763672,398176.0,953910.375,761517.5625
2016-04-26,1.1859999895095825,1.1970000267028809,1.1770000457763672,1.1890000104904175,826564.0,1989452.75,761517.5625
2016-04-27,1.2029999494552612,1.2029999494552612,1.1890000104904175,1.1929999589920044,1162634.0,2807789.75,761517.5625
2016-04-28,1.1970000267028809,1.2059999704360962,1.1670000553131104,1.187000036239624,733900.0,1766408.875,761517.5625
2016-04-29,1.187999963760376,1.187999963760376,1.1770000457763672,1.1829999685287476,1073000.0,2580416.75,761517.5625
2016-05-03,1.1950000524520874,1.2120000123977661,1.1720000505447388,1.2089999914169312,1530040.0,3707678.0,761517.5625
2016-05-04,1.2089999914169312,1.2089999914169312,1.187999963760376,1.2009999752044678,635500.0,1537260.125,761517.5625
2016-05-05,1.2000000476837158,1.2000000476837158,1.180999994277954,1.1920000314712524,422500.0,1019183.5,761517.5625
2016-05-06,1.1920000314712524,1.1950000524520874,1.1380000114440918,1.1510000228881836,1509411.0,3608804.75,761517.5625
2016-05-09,1.156000018119812,1.156000018119812,1.0679999589920044,1.0809999704360962,2699000.0,6253104.0,761517.5625
2016-05-10,1.0789999961853027,1.1069999933242798,1.0670000314712524,1.0720000267028809,1144000.0,2629378.0,761517.5625
2016-05-11,1.0789999961853027,1.0850000381469727,1.065000057220459,1.0729999542236328,963969.0,2216418.25,761517.5625
2016-05-12,1.0729999542236328,1.093999981880188,1.0509999990463257,1.0820000171661377,819485.0,1878520.25,761517.5625
2016-05-13,1.0740000009536743,1.093000054359436,1.0740000009536743,1.0829999446868896,820100.0,1890238.75,761517.5625
2016-05-16,1.0789999961853027,1.093000054359436,1.0740000009536743,1.093000054359436,1111591.0,2564132.0,761517.5625
2016-05-17,1.093999981880188,1.1009999513626099,1.0859999656677246,1.0950000286102295,807100.0,1868865.25,761517.5625
2016-05-18,1.093999981880188,1.093999981880188,1.0540000200271606,1.0770000219345093,1839900.0,4211520.0,761517.5625
2016-05-19,1.0740000009536743,1.0850000381469727,1.0609999895095825,1.069000005722046,455900.0,1049458.75,761517.5625
2016-05-20,1.0670000314712524,1.0759999752044678,1.0640000104904175,1.0709999799728394,426660.0,977574.0,761517.5625
2016-05-23,1.0829999446868896,1.097000002861023,1.0770000219345093,1.0820000171661377,499500.0,1154355.375,761517.5625
2016-05-24,1.0839999914169312,1.0839999914169312,1.0670000314712524,1.0759999752044678,446800.0,1025506.1875,761517.5625
2016-05-25,1.0839999914169312,1.0870000123977661,1.0740000009536743,1.0740000009536743,473290.0,1089265.25,761517.5625
2016-05-26,1.0809999704360962,1.0809999704360962,1.059000015258789,1.0740000009536743,1039800.0,2378873.5,761517.5625
2016-05-27,1.0740000009536743,1.0859999656677246,0.9929999709129333,1.0789999961853027,358610.0,823844.875,761517.5625
2016-05-30,1.0740000009536743,1.097000002861023,1.0679999589920044,1.0880000591278076,893110.0,2057495.75,761517.5625
2016-05-31,1.0880000591278076,1.156999945640564,1.0880000591278076,1.1540000438690186,2061796.0,4857723.0,761517.5625
2016-06-01,1.159999966621399,1.159999966621399,1.1230000257492065,1.1480000019073486,997235.0,2361783.25,761517.5625
2016-06-02,1.1540000438690186,1.1540000438690186,1.1390000581741333,1.1480000019073486,462630.0,1095576.25,761517.5625
2016-06-03,1.1480000019073486,1.156000018119812,1.1419999599456787,1.1519999504089355,498740.0,1183479.5,761517.5625
2016-06-06,1.1579999923706055,1.1579999923706055,1.1490000486373901,1.152999997138977,463097.0,1100467.0,761517.5625
2016-06-07,1.1579999923706055,1.159000039100647,1.1469999551773071,1.152999997138977,426900.0,1014145.1875,761517.5625
2016-06-08,1.1579999923706055,1.1579999923706055,1.1390000581741333,1.1410000324249268,1178606.0,2789345.75,761517.5625
2016-06-13,1.1410000324249268,1.1410000324249268,1.0870000123977661,1.0889999866485596,1116100.0,2613104.0,761517.5625
2016-06-14,1.090999960899353,1.1030000448226929,1.0770000219345093,1.0950000286102295,593600.0,1373204.25,761517.5625
2016-06-15,1.093999981880188,1.1169999837875366,1.0870000123977661,1.1150000095367432,810800.0,1885321.25,761517.5625
2016-06-16,1.1150000095367432,1.1160000562667847,1.097000002861023,1.0980000495910645,1128700.0,2631291.0,761517.5625
2016-06-17,1.0980000495910645,1.121999979019165,1.0980000495910645,1.1109999418258667,791816.0,1852791.125,761517.5625
2016-06-20,1.121000051498413,1.125,1.1069999933242798,1.1169999837875366,693864.0,1620615.25,761517.5625
2016-06-21,1.1180000305175781,1.1330000162124634,1.1160000562667847,1.1169999837875366,1638146.0,3846631.5,761517.5625
2016-06-22,1.1269999742507935,1.156000018119812,1.1160000562667847,1.1469999551773071,1306446.0,3065828.0,761517.5625
2016-06-23,1.1410000324249268,1.1410000324249268,1.1239999532699585,1.125,776840.0,1827298.625,761517.5625
2016-06-24,1.1269999742507935,1.1330000162124634,1.090000033378601,1.1039999723434448,1389640.0,3244457.75,761517.5625
2016-06-27,1.0950000286102295,1.1269999742507935,1.0670000314712524,1.125,1979065.0,4606729.5,761517.5625
2016-06-28,1.1200000047683716,1.1239999532699585,1.1059999465942383,1.121000051498413,1265975.0,2954066.0,761517.5625
2016-06-29,1.1269999742507935,1.1369999647140503,1.1269999742507935,1.1349999904632568,754391.0,1778202.625,761517.5625
2016-06-30,1.1369999647140503,1.1549999713897705,1.1349999904632568,1.1430000066757202,889817.0,2104766.25,761517.5625
2016-07-01,1.1469999551773071,1.1579999923706055,1.1430000066757202,1.1490000486373901,994572.0,2361454.5,761517.5625
2016-07-04,1.1519999504089355,1.1970000267028809,1.1490000486373901,1.187999963760376,1907121.0,4571152.5,761517.5625
2016-07-05,1.187999963760376,1.2050000429153442,1.187000036239624,1.2009999752044678,1222331.0,2958333.5,761517.5625
2016-07-06,1.1990000009536743,1.1990000009536743,1.184999942779541,1.1929999589920044,804399.0,1941038.25,761517.5625
2016-07-07,1.194000005722046,1.1970000267028809,1.1859999895095825,1.1950000524520874,535604.0,1293839.125,761517.5625
2016-07-08,1.1890000104904175,1.1950000524520874,1.184000015258789,1.184999942779541,773710.0,1865537.75,761517.5625
2016-07-11,1.184999942779541,1.2070000171661377,1.184999942779541,1.1950000524520874,1420350.0,3439298.75,761517.5625
2016-07-12,1.2020000219345093,1.2549999952316284,1.184999942779541,1.253000020980835,2004461.0,4916432.0,761517.5625
2016-07-13,1.253000020980835,1.284000039100647,1.253000020980835,1.2680000066757202,1070861.0,2671119.0,761517.5625
2016-07-14,1.2680000066757202,1.2719999551773071,1.2549999952316284,1.2599999904632568,729761.0,1813574.0,761517.5625
2016-07-15,1.2589999437332153,1.2769999504089355,1.2589999437332153,1.2669999599456787,1287352.0,3208198.75,761517.5625
2016-07-18,1.2660000324249268,1.2799999713897705,1.2610000371932983,1.2760000228881836,1098232.0,2739981.0,761517.5625
2016-07-19,1.2760000228881836,1.2760000228881836,1.253000020980835,1.2619999647140503,1447549.0,3600393.0,761517.5625
2016-07-20,1.2619999647140503,1.2699999809265137,1.2569999694824219,1.2630000114440918,623359.0,1550328.75,761517.5625
2016-07-21,1.2630000114440918,1.284999966621399,1.2630000114440918,1.2799999713897705,754600.0,1885406.625,761517.5625
2016-07-22,1.2790000438690186,1.2799999713897705,1.25600004196167,1.2630000114440918,934400.0,2326190.0,761517.5625
2016-07-25,1.2699999809265137,1.2719999551773071,1.253000020980835,1.2680000066757202,603806.0,1503726.625,761517.5625
2016-07-26,1.2669999599456787,1.2970000505447388,1.2660000324249268,1.2970000505447388,1402280.0,3513424.25,761517.5625
2016-07-27,1.3009999990463257,1.312000036239624,1.246999979019165,1.274999976158142,2226468.0,5566049.0,761517.5625
2016-07-28,1.2669999599456787,1.3049999475479126,1.2589999437332153,1.2929999828338623,1297534.0,3254100.25,761517.5625
2016-07-29,1.2960000038146973,1.312000036239624,1.2920000553131104,1.3020000457763672,1130100.0,2857709.5,761517.5625
2016-08-01,1.3070000410079956,1.3070000410079956,1.2690000534057617,1.2860000133514404,1816320.0,4544093.5,761517.5625
2016-08-02,1.2949999570846558,1.2949999570846558,1.2699999809265137,1.2879999876022339,1111400.0,2782255.0,761517.5625
2016-08-03,1.2879999876022339,1.2910000085830688,1.2760000228881836,1.284999966621399,634685.0,1591262.375,761517.5625
2016-08-04,1.2860000133514404,1.2910000085830688,1.2769999504089355,1.284999966621399,707600.0,1771119.75,761517.5625
2016-08-05,1.284999966621399,1.3009999990463257,1.284999966621399,1.2970000505447388,776753.0,1954344.0,761517.5625
2016-08-08,1.2970000505447388,1.309000015258789,1.281999945640564,1.309000015258789,1004700.0,2534728.25,761517.5625
2016-08-09,1.309000015258789,1.3350000381469727,1.309000015258789,1.3339999914169312,1232214.0,3142038.0,761517.5625
2016-08-10,1.3339999914169312,1.3550000190734863,1.3270000219345093,1.3309999704360962,2346800.0,6021892.5,761517.5625
2016-08-11,1.3320000171661377,1.3580000400543213,1.3220000267028809,1.3220000267028809,4570430.0,11692984.0,761517.5625
2016-08-12,1.3220000267028809,1.38100004196167,1.3220000267028809,1.375,3927517.0,10131166.0,761517.5625
2016-08-15,1.3799999952316284,1.4559999704360962,1.3799999952316284,1.434000015258789,9632444.0,25499058.0,761517.5625
2016-08-16,1.437000036239624,1.4520000219345093,1.4049999713897705,1.409999966621399,7796948.0,20688436.0,761517.5625
2016-08-17,1.4119999408721924,1.4320000410079956,1.4049999713897705,1.4210000038146973,2011553.0,5309767.5,761517.5625
2016-08-18,1.4210000038146973,1.4320000410079956,1.406000018119812,1.4079999923706055,2050654.0,5419422.5,761517.5625
2016-08-19,1.4079999923706055,1.4220000505447388,1.3969999551773071,1.4179999828338623,1721318.0,4524984.0,761517.5625
2016-08-22,1.4199999570846558,1.4210000038146973,1.3969999551773071,1.406000018119812,932508.0,2455309.0,761517.5625
2016-08-23,1.406000018119812,1.4119999408721924,1.3949999809265137,1.402999997138977,1023163.0,2687578.0,761517.5625
2016-08-24,1.409999966621399,1.4149999618530273,1.3899999856948853,1.3960000276565552,2045852.0,5360893.5,761517.5625
2016-08-25,1.3940000534057617,1.3960000276565552,1.3669999837875366,1.3830000162124634,1388992.0,3614398.75,761517.5625
2016-08-26,1.3849999904632568,1.3960000276565552,1.3730000257492065,1.3799999952316284,774861.0,2021056.625,761517.5625
2016-08-29,1.3799999952316284,1.3860000371932983,1.36899995803833,1.3839999437332153,428111.0,1113651.875,761517.5625
2016-08-30,1.3830000162124634,1.3960000276565552,1.3769999742507935,1.38100004196167,1386753.0,3614761.5,761517.5625
2016-08-31,1.3819999694824219,1.4010000228881836,1.378999948501587,1.3940000534057617,1075200.0,2806268.0,761517.5625
2016-09-01,1.3990000486373901,1.3990000486373901,1.378000020980835,1.378999948501587,1653335.0,4314856.0,761517.5625
2016-09-02,1.38100004196167,1.3899999856948853,1.3680000305175781,1.3860000371932983,769135.0,2000519.625,761517.5625
2016-09-05,1.3860000371932983,1.4019999504089355,1.3860000371932983,1.3990000486373901,3974033.0,10402521.0,761517.5625
2016-09-06,1.399999976158142,1.409000039100647,1.3919999599456787,1.4079999923706055,1860700.0,4884063.5,761517.5625
2016-09-07,1.4079999923706055,1.4270000457763672,1.4079999923706055,1.4149999618530273,1991406.0,5260104.5,761517.5625
2016-09-08,1.4149999618530273,1.4220000505447388,1.406000018119812,1.4140000343322754,1693300.0,4456995.5,761517.5625
2016-09-09,1.4140000343322754,1.4220000505447388,1.406000018119812,1.406999945640564,2087700.0,5503246.0,761517.5625
2016-09-12,1.4019999504089355,1.4019999504089355,1.3359999656677246,1.3459999561309814,4314201.0,11137298.0,761517.5625
2016-09-13,1.3509999513626099,1.378999948501587,1.3370000123977661,1.3450000286102295,2286982.0,5875614.0,761517.5625
2016-09-14,1.343999981880188,1.343999981880188,1.3289999961853027,1.3339999914169312,1700642.0,4348861.5,761517.5625
2016-09-19,1.3370000123977661,1.3530000448226929,1.3370000123977661,1.3480000495910645,1431300.0,3675759.5,761517.5625
2016-09-20,1.3489999771118164,1.3519999980926514,1.3370000123977661,1.350000023841858,1298634.0,3335441.0,761517.5625
2016-09-21,1.350000023841858,1.3589999675750732,1.350000023841858,1.3559999465942383,1648274.0,4248143.0,761517.5625
2016-09-22,1.3639999628067017,1.3869999647140503,1.3630000352859497,1.3769999742507935,1504775.0,3910426.0,761517.5625
2016-09-23,1.3830000162124634,1.3869999647140503,1.3600000143051147,1.3680000305175781,743900.0,1930047.0,761517.5625
2016-09-26,1.3600000143051147,1.3630000352859497,1.3309999704360962,1.3339999914169312,1294000.0,3324030.0,761517.5625
2016-09-27,1.3289999961853027,1.3359999656677246,1.315999984741211,1.3309999704360962,1967200.0,5014724.0,761517.5625
2016-09-28,1.340000033378601,1.340000033378601,1.3250000476837158,1.3279999494552612,712400.0,1818494.0,761517.5625
2016-09-29,1.3300000429153442,1.343999981880188,1.3300000429153442,1.3380000591278076,816061.0,2090628.0,761517.5625
2016-09-30,1.3370000123977661,1.347000002861023,1.3350000381469727,1.347000002861023,1023832.0,2625238.0,761517.5625
2016-10-10,1.347000002861023,1.3869999647140503,1.347000002861023,1.3769999742507935,2407090.0,6234101.0,761517.5625
2016-10-11,1.378000020980835,1.3839999437332153,1.3730000257492065,1.38100004196167,1486101.0,3865606.0,761517.5625
2016-10-12,1.3799999952316284,1.3799999952316284,1.3700000047683716,1.3739999532699585,871028.0,2261490.0,761517.5625
2016-10-13,1.3739999532699585,1.3869999647140503,1.3730000257492065,1.3860000371932983,1203959.0,3134957.0,761517.5625
2016-10-14,1.3860000371932983,1.3869999647140503,1.3730000257492065,1.3860000371932983,1148994.0,2989620.0,761517.5625
2016-10-17,1.3960000276565552,1.3960000276565552,1.3669999837875366,1.371000051498413,1826015.0,4754963.0,761517.5625
2016-10-18,1.371000051498413,1.402999997138977,1.36899995803833,1.4019999504089355,1939606.0,5061887.0,761517.5625
2016-10-19,1.4019999504089355,1.4170000553131104,1.399999976158142,1.402999997138977,1252506.0,3295526.0,761517.5625
2016-10-20,1.4019999504089355,1.406999945640564,1.3969999551773071,1.4019999504089355,1738700.0,4565811.0,761517.5625
2016-10-21,1.4049999713897705,1.4249999523162842,1.4019999504089355,1.4199999570846558,2140097.0,5638870.0,761517.5625
2016-10-24,1.4199999570846558,1.4630000591278076,1.4199999570846558,1.4559999704360962,3335620.0,8910686.0,761517.5625
2016-10-25,1.4559999704360962,1.4589999914169312,1.4470000267028809,1.4559999704360962,1757476.0,4702240.0,761517.5625
2016-10-26,1.4529999494552612,1.4559999704360962,1.4320000410079956,1.434999942779541,3827174.0,10193640.0,761517.5625
2016-10-27,1.437000036239624,1.437999963760376,1.4229999780654907,1.434999942779541,2007192.0,5327524.0,761517.5625
2016-10-28,1.434999942779541,1.444000005722046,1.4220000505447388,1.4270000457763672,1877749.0,4990079.0,761517.5625
2016-10-31,1.434000015258789,1.434000015258789,1.4110000133514404,1.4210000038146973,1449158.0,3827374.0,761517.5625
2016-11-01,1.4220000505447388,1.434999942779541,1.4190000295639038,1.434000015258789,1307600.0,3465537.0,761517.5625
2016-11-02,1.434999942779541,1.434999942779541,1.4110000133514404,1.4160000085830688,6282483.0,16621080.0,761517.5625
2016-11-03,1.4119999408721924,1.4390000104904175,1.406999945640564,1.4329999685287476,3045117.0,8061477.0,761517.5625
2016-11-04,1.4329999685287476,1.4459999799728394,1.4270000457763672,1.4299999475479126,4661666.0,12401517.0,761517.5625
2016-11-07,1.4290000200271606,1.4550000429153442,1.4270000457763672,1.4420000314712524,6594650.0,17566954.0,761517.5625
2016-11-08,1.4529999494552612,1.4620000123977661,1.4420000314712524,1.4539999961853027,5301006.0,14186013.0,761517.5625
2016-11-09,1.4539999961853027,1.4539999961853027,1.4149999618530273,1.434999942779541,11169203.0,29767092.0,761517.5625
2016-11-10,1.437999963760376,1.4730000495910645,1.437999963760376,1.468000054359436,2571511.0,6918911.0,761517.5625
2016-11-11,1.472000002861023,1.4900000095367432,1.465999960899353,1.4850000143051147,3308898.0,8939339.0,761517.5625
2016-11-14,1.4839999675750732,1.5049999952316284,1.4769999980926514,1.4910000562667847,3435100.0,9331062.0,761517.5625
2016-11-15,1.4910000562667847,1.4919999837875366,1.4769999980926514,1.4819999933242798,1375559.0,3721724.0,761517.5625
2016-11-16,1.4830000400543213,1.4910000562667847,1.4780000448226929,1.4880000352859497,1966626.0,5322553.0,761517.5625
2016-11-17,1.4869999885559082,1.4950000047683716,1.4759999513626099,1.4919999837875366,1679074.0,4545629.0,761517.5625
2016-11-18,1.4910000562667847,1.503000020980835,1.4819999933242798,1.4839999675750732,1423506.0,3866139.0,761517.5625
2016-11-21,1.4859999418258667,1.5260000228881836,1.4839999675750732,1.5089999437332153,2815439.0,7675888.0,761517.5625
2016-11-22,1.5130000114440918,1.5379999876022339,1.5089999437332153,1.5360000133514404,2538541.0,6974265.0,761517.5625
2016-11-23,1.5360000133514404,1.5609999895095825,1.531999945640564,1.5410000085830688,3289785.0,9114963.0,761517.5625
2016-11-24,1.5420000553131104,1.5609999895095825,1.5360000133514404,1.5470000505447388,1863225.0,5161260.0,761517.5625
2016-11-25,1.5479999780654907,1.5779999494552612,1.5379999876022339,1.5770000219345093,3493070.0,9734237.0,761517.5625
2016-11-28,1.5800000429153442,1.61899995803833,1.5800000429153442,1.597000002861023,5315701.0,15033326.0,761517.5625
2016-11-29,1.6009999513626099,1.6430000066757202,1.5859999656677246,1.6089999675750732,6353093.0,18047992.0,761517.5625
2016-11-30,1.6089999675750732,1.6089999675750732,1.5670000314712524,1.5729999542236328,4276600.0,11997408.0,761517.5625
2016-12-01,1.5729999542236328,1.6080000400543213,1.5729999542236328,1.6050000190734863,5797901.0,16360079.0,761517.5625
2016-12-02,1.5989999771118164,1.6150000095367432,1.5740000009536743,1.5850000381469727,4011607.0,11285694.0,761517.5625
2016-12-05,1.5770000219345093,1.5770000219345093,1.5420000553131104,1.5490000247955322,3450563.0,9578740.0,761517.5625
2016-12-06,1.5369999408721924,1.565999984741211,1.5369999408721924,1.5420000553131104,2060829.0,5710920.0,761517.5625
2016-12-07,1.5440000295639038,1.5549999475479126,1.5290000438690186,1.5540000200271606,1989900.0,5501537.0,761517.5625
2016-12-08,1.5549999475479126,1.565999984741211,1.5549999475479126,1.5609999895095825,1348300.0,3752896.0,761517.5625
2016-12-09,1.562000036239624,1.593000054359436,1.5520000457763672,1.5850000381469727,3749600.0,10492900.0,761517.5625
2016-12-12,1.5820000171661377,1.5880000591278076,1.5180000066757202,1.5360000133514404,8338220.0,23051564.0,761517.5625
2016-12-13,1.524999976158142,1.5299999713897705,1.4989999532699585,1.5190000534057617,3313261.0,9074559.0,761517.5625
2016-12-14,1.5149999856948853,1.5299999713897705,1.503999948501587,1.503999948501587,3408801.0,9332214.0,761517.5625
2016-12-15,1.503999948501587,1.503999948501587,1.444000005722046,1.4520000219345093,6002100.0,16144023.0,761517.5625
2016-12-16,1.465000033378601,1.465000033378601,1.4470000267028809,1.4570000171661377,2376200.0,6362763.0,761517.5625
2016-12-19,1.4570000171661377,1.4639999866485596,1.4490000009536743,1.4529999494552612,1682400.0,4507636.0,761517.5625
2016-12-20,1.4559999704360962,1.4559999704360962,1.4170000553131104,1.4320000410079956,4481100.0,11878670.0,761517.5625
2016-12-21,1.4359999895095825,1.4609999656677246,1.4359999895095825,1.4589999914169312,2338810.0,6252455.0,761517.5625
2016-12-22,1.4600000381469727,1.468000054359436,1.4529999494552612,1.4639999866485596,2010571.0,5394974.0,761517.5625
2016-12-23,1.465000033378601,1.465000033378601,1.4320000410079956,1.4359999895095825,2620100.0,6982090.0,761517.5625
2016-12-26,1.4390000104904175,1.4470000267028809,1.409999966621399,1.4459999799728394,3261900.0,8622012.0,761517.5625
2016-12-27,1.4470000267028809,1.4520000219345093,1.4420000314712524,1.4450000524520874,1513200.0,4039033.0,761517.5625
2016-12-28,1.4450000524520874,1.4479999542236328,1.4270000457763672,1.4329999685287476,2090400.0,5559949.0,761517.5625
2016-12-29,1.4320000410079956,1.440000057220459,1.4279999732971191,1.434000015258789,5245800.0,13948719.0,761517.5625
2016-12-30,1.434999942779541,1.4429999589920044,1.430999994277954,1.440000057220459,4962500.0,13205606.0,761517.5625
2017-01-03,1.4429999589920044,1.468999981880188,1.4429999589920044,1.4639999866485596,2885428.0,7749880.0,761517.5625
2017-01-04,1.4670000076293945,1.4880000352859497,1.4620000123977661,1.4839999675750732,2678834.0,7236641.0,761517.5625
2017-01-05,1.4869999885559082,1.4900000095367432,1.4780000448226929,1.4869999885559082,2109600.0,5712043.0,761517.5625
2017-01-06,1.4900000095367432,1.496999979019165,1.4780000448226929,1.4859999418258667,2373301.0,6431743.0,761517.5625
2017-01-09,1.4859999418258667,1.4980000257492065,1.4819999933242798,1.496999979019165,2068487.0,5615277.0,761517.5625
2017-01-10,1.4950000047683716,1.4980000257492065,1.4830000400543213,1.4880000352859497,2413700.0,6546913.0,761517.5625
2017-01-11,1.4880000352859497,1.4880000352859497,1.468000054359436,1.4709999561309814,2148400.0,5801891.0,761517.5625
2017-01-12,1.472000002861023,1.4759999513626099,1.4589999914169312,1.4630000591278076,3964876.0,10681488.0,761517.5625
2017-01-13,1.4630000591278076,1.472000002861023,1.4539999961853027,1.472000002861023,3370518.0,9050162.0,761517.5625
2017-01-16,1.472000002861023,1.50600004196167,1.4509999752044678,1.4989999532699585,6000201.0,16151911.0,761517.5625
2017-01-17,1.4830000400543213,1.496999979019165,1.4819999933242798,1.496999979019165,1793300.0,4865490.0,761517.5625
2017-01-18,1.496000051498413,1.5140000581741333,1.4930000305175781,1.5099999904632568,2750700.0,7508571.0,761517.5625
2017-01-19,1.5099999904632568,1.5210000276565552,1.5019999742507935,1.5019999742507935,3209700.0,8779497.0,761517.5625
2017-01-20,1.503999948501587,1.5230000019073486,1.503999948501587,1.5210000276565552,1939300.0,5314239.0,761517.5625
2017-01-23,1.5980000495910645,1.5980000495910645,1.5169999599456787,1.5199999809265137,4351600.0,11587998.0,-761517.5625
2017-01-24,1.5219999551773071,1.5369999408721924,1.5180000066757202,1.534000039100647,2025800.0,5388080.0,761517.5625
2017-01-25,1.5360000133514404,1.5429999828338623,1.5290000438690186,1.5399999618530273,2348000.0,6268663.0,761517.5625
2017-01-26,1.5410000085830688,1.5540000200271606,1.5410000085830688,1.5440000295639038,7669800.0,20548556.0,761517.5625
2017-02-03,1.5520000457763672,1.5520000457763672,1.524999976158142,1.5260000228881836,4448900.0,11851713.0,761517.5625
2017-02-06,1.5240000486373901,1.5369999408721924,1.5230000019073486,1.5299999713897705,4324200.0,11500421.0,761517.5625
2017-02-07,1.534999966621399,1.5379999876022339,1.5230000019073486,1.5290000438690186,3075300.0,8177797.0,761517.5625
2017-02-08,1.5299999713897705,1.5369999408721924,1.5160000324249268,1.5360000133514404,3150100.0,8369216.0,761517.5625
2017-02-09,1.5360000133514404,1.5509999990463257,1.534000039100647,1.5460000038146973,4062595.0,10871263.0,761517.5625
2017-02-10,1.5460000038146973,1.5679999589920044,1.5460000038146973,1.562000036239624,5956000.0,16015026.0,761517.5625
2017-02-13,1.565999984741211,1.5770000219345093,1.562000036239624,1.5720000267028809,5195786.0,14044576.0,761517.5625
2017-02-14,1.5720000267028809,1.5740000009536743,1.5609999895095825,1.5679999589920044,3493410.0,9425942.0,761517.5625
2017-02-15,1.5679999589920044,1.593000054359436,1.5679999589920044,1.5729999542236328,17863270.0,48539844.0,761517.5625
2017-02-16,1.5720000267028809,1.5859999656677246,1.5720000267028809,1.5850000381469727,12195900.0,33069768.0,761517.5625
2017-02-17,1.5850000381469727,1.5880000591278076,1.5640000104904175,1.5670000314712524,14190010.0,38419640.0,761517.5625
2017-02-20,1.565999984741211,1.6030000448226929,1.565999984741211,1.6030000448226929,5247400.0,14297248.0,761517.5625
2017-02-21,1.6039999723434448,1.6200000047683716,1.6019999980926514,1.6089999675750732,3695314.0,10134041.0,761517.5625
2017-02-22,1.6080000400543213,1.625,1.6030000448226929,1.6230000257492065,10485700.0,28803638.0,761517.5625
2017-02-23,1.61899995803833,1.625,1.5679999589920044,1.6100000143051147,7402500.0,20313232.0,761517.5625
2017-02-24,1.6100000143051147,1.6130000352859497,1.5959999561309814,1.6069999933242798,4198400.0,11483220.0,761517.5625
2017-02-27,1.6059999465942383,1.6059999465942383,1.5859999656677246,1.590000033378601,4938800.0,13487511.0,761517.5625
2017-02-28,1.5779999494552612,1.6009999513626099,1.5779999494552612,1.5980000495910645,6306093.0,17181208.0,761517.5625
2017-03-01,1.6019999980926514,1.6089999675750732,1.593999981880188,1.5989999771118164,14411600.0,39405080.0,761517.5625
2017-03-02,1.600000023841858,1.6039999723434448,1.5800000429153442,1.5829999446868896,8182201.0,22294964.0,761517.5625
2017-03-03,1.5829999446868896,1.5839999914169312,1.569000005722046,1.5800000429153442,5370100.0,14553106.0,761517.5625
2017-03-06,1.5779999494552612,1.590999960899353,1.5779999494552612,1.5889999866485596,8582100.0,23338176.0,761517.5625
2017-03-07,1.5880000591278076,1.5880000591278076,1.5770000219345093,1.5859999656677246,6354501.0,17242136.0,761517.5625
2017-03-08,1.5850000381469727,1.5870000123977661,1.5779999494552612,1.5809999704360962,5080800.0,13792307.0,761517.5625
2017-03-09,1.5800000429153442,1.5800000429153442,1.5570000410079956,1.562000036239624,9006500.0,24263836.0,761517.5625
2017-03-10,1.5640000104904175,1.565999984741211,1.555999994277954,1.562000036239624,5521054.0,14866557.0,761517.5625
2017-03-13,1.5609999895095825,1.590000033378601,1.5540000200271606,1.5880000591278076,4660864.0,12618692.0,761517.5625
2017-03-14,1.5889999866485596,1.593999981880188,1.5820000171661377,1.5920000076293945,4245311.0,11559473.0,761517.5625
2017-03-15,1.590000033378601,1.5980000495910645,1.5789999961853027,1.597000002861023,5713600.0,15563093.0,761517.5625
2017-03-16,1.5980000495910645,1.6130000352859497,1.5980000495910645,1.6059999465942383,12983151.0,35538440.0,761517.5625
2017-03-17,1.6080000400543213,1.6080000400543213,1.5709999799728394,1.5770000219345093,10419700.0,28397348.0,761517.5625
2017-03-20,1.5859999656677246,1.6030000448226929,1.5759999752044678,1.5959999561309814,9848150.0,26783146.0,761517.5625
2017-03-21,1.593999981880188,1.6050000190734863,1.5859999656677246,1.6039999723434448,5887472.0,16059948.0,761517.5625
2017-03-22,1.5980000495910645,1.5989999771118164,1.5800000429153442,1.5829999446868896,4638041.0,12612032.0,761517.5625
2017-03-23,1.5839999914169312,1.6019999980926514,1.5770000219345093,1.5850000381469727,4254006.0,11584266.0,761517.5625
2017-03-24,1.5880000591278076,1.6200000047683716,1.5859999656677246,1.6139999628067017,6166184.0,16864482.0,761517.5625
2017-03-27,1.6150000095367432,1.6330000162124634,1.6139999628067017,1.61899995803833,4871164.0,13418753.0,761517.5625
2017-03-28,1.61899995803833,1.6200000047683716,1.6009999513626099,1.6059999465942383,3345200.0,9168879.0,761517.5625
2017-03-29,1.6059999465942383,1.6150000095367432,1.597000002861023,1.6039999723434448,2890166.0,7910251.0,761517.5625
2017-03-30,1.5989999771118164,1.6080000400543213,1.5809999704360962,1.5980000495910645,4091550.0,11144809.0,761517.5625
2017-03-31,1.6030000448226929,1.621000051498413,1.597000002861023,1.61899995803833,4322550.0,11868504.0,761517.5625
2017-04-05,1.628000020980835,1.6519999504089355,1.628000020980835,1.6510000228881836,6322454.0,17553004.0,761517.5625
2017-04-06,1.6519999504089355,1.659000039100647,1.6469999551773071,1.6549999713897705,6542000.0,18205908.0,761517.5625
2017-04-07,1.6549999713897705,1.6610000133514404,1.6440000534057617,1.659999966621399,5934354.0,16528160.0,761517.5625
2017-04-10,1.659999966621399,1.6660000085830688,1.6519999504089355,1.6579999923706055,5144810.0,14367710.0,761517.5625
2017-04-11,1.656999945640564,1.6629999876022339,1.628000020980835,1.659999966621399,8170902.0,22681838.0,761517.5625
2017-04-12,1.6679999828338623,1.6679999828338623,1.6430000066757202,1.6480000019073486,5468502.0,15226870.0,761517.5625
2017-04-13,1.6480000019073486,1.659000039100647,1.6430000066757202,1.656000018119812,2876500.0,8012593.0,761517.5625
2017-04-14,1.656000018119812,1.6610000133514404,1.6269999742507935,1.6319999694824219,7245900.0,20062942.0,761517.5625
2017-04-17,1.6319999694824219,1.6319999694824219,1.6050000190734863,1.621999979019165,7670730.0,21074112.0,761517.5625
2017-04-18,1.621000051498413,1.63100004196167,1.6080000400543213,1.6080000400543213,7849000.0,21611168.0,761517.5625
2017-04-19,1.6039999723434448,1.6039999723434448,1.5720000267028809,1.590000033378601,9835900.0,26734868.0,761517.5625
2017-04-20,1.5889999866485596,1.6019999980926514,1.5859999656677246,1.5980000495910645,4739900.0,12924412.0,761517.5625
2017-04-21,1.5989999771118164,1.6200000047683716,1.5959999561309814,1.6169999837875366,5474901.0,14984821.0,761517.5625
2017-04-24,1.6160000562667847,1.6160000562667847,1.5729999542236328,1.593999981880188,10193306.0,27705616.0,761517.5625
2017-04-25,1.5959999561309814,1.6050000190734863,1.5880000591278076,1.6009999513626099,4503800.0,12301124.0,761517.5625
2017-04-26,1.6019999980926514,1.6130000352859497,1.5980000495910645,1.6039999723434448,5411000.0,14816719.0,761517.5625
2017-04-27,1.6050000190734863,1.6050000190734863,1.5759999752044678,1.6019999980926514,10425700.0,28346244.0,761517.5625
2017-04-28,1.6019999980926514,1.6019999980926514,1.5779999494552612,1.5880000591278076,8009900.0,21782308.0,761517.5625
2017-05-02,1.5870000123977661,1.5880000591278076,1.569000005722046,1.5729999542236328,8812000.0,23886792.0,761517.5625
2017-05-03,1.5720000267028809,1.5779999494552612,1.5570000410079956,1.559999942779541,7769800.0,20964040.0,761517.5625
2017-05-04,1.562000036239624,1.5670000314712524,1.5460000038146973,1.5529999732971191,4432600.0,11915081.0,761517.5625
2017-05-05,1.5549999475479126,1.5549999475479126,1.527999997138977,1.5470000505447388,8342771.0,22270192.0,761517.5625
2017-05-08,1.5460000038146973,1.5499999523162842,1.527999997138977,1.5470000505447388,6869100.0,18329080.0,761517.5625
2017-05-09,1.5429999828338623,1.5570000410079956,1.5329999923706055,1.5509999990463257,3894600.0,10424923.0,761517.5625
2017-05-10,1.5479999780654907,1.5540000200271606,1.5299999713897705,1.5329999923706055,6260500.0,16747298.0,761517.5625
2017-05-11,1.534000039100647,1.5520000457763672,1.5199999809265137,1.5460000038146973,7303100.0,19470060.0,761517.5625
2017-05-12,1.5470000505447388,1.5740000009536743,1.5429999828338623,1.5729999542236328,6018200.0,16202786.0,761517.5625
2017-05-15,1.5729999542236328,1.5889999866485596,1.5729999542236328,1.5889999866485596,5957598.0,16169668.0,761517.5625
2017-05-16,1.5870000123977661,1.5989999771118164,1.565000057220459,1.5980000495910645,6459400.0,17536242.0,761517.5625
2017-05-17,1.593999981880188,1.6069999933242798,1.5870000123977661,1.590999960899353,4755110.0,12986910.0,761517.5625
2017-05-18,1.5889999866485596,1.5889999866485596,1.565000057220459,1.5750000476837158,4701500.0,12726169.0,761517.5625
2017-05-19,1.5750000476837158,1.5820000171661377,1.5679999589920044,1.5800000429153442,6263487.0,16958136.0,761517.5625
2017-05-22,1.5779999494552612,1.593000054359436,1.5640000104904175,1.5779999494552612,8514300.0,23055390.0,761517.5625
2017-05-23,1.5720000267028809,1.6030000448226929,1.5720000267028809,1.6009999513626099,7912631.0,21557404.0,761517.5625
2017-05-24,1.600000023841858,1.600000023841858,1.5789999961853027,1.5980000495910645,7390143.0,20109376.0,761517.5625
2017-05-25,1.597000002861023,1.656000018119812,1.590000033378601,1.6480000019073486,17229164.0,47611500.0,761517.5625
2017-05-26,1.6480000019073486,1.6610000133514404,1.6380000114440918,1.6549999713897705,8351509.0,23272550.0,761517.5625
2017-05-31,1.659000039100647,1.6729999780654907,1.6469999551773071,1.6679999828338623,7117011.0,19882112.0,761517.5625
2017-06-01,1.6660000085830688,1.6759999990463257,1.656000018119812,1.6749999523162842,4446454.0,12436675.0,761517.5625
2017-06-02,1.6740000247955322,1.684000015258789,1.6679999828338623,1.6759999990463257,3835800.0,10771191.0,761517.5625
2017-06-05,1.6740000247955322,1.6779999732971191,1.6480000019073486,1.6519999504089355,6034100.0,16833774.0,761517.5625
2017-06-06,1.6519999504089355,1.659999966621399,1.6419999599456787,1.659999966621399,4668201.0,12994162.0,761517.5625
2017-06-07,1.659999966621399,1.6859999895095825,1.659999966621399,1.684999942779541,4070200.0,11447899.0,761517.5625
2017-06-08,1.687000036239624,1.718999981880188,1.684000015258789,1.715999960899353,5477754.0,15517101.0,761517.5625
2017-06-09,1.715000033378601,1.7339999675750732,1.7079999446868896,1.7200000286102295,6162376.0,17604182.0,761517.5625
2017-06-12,1.722000002861023,1.75,1.7089999914169312,1.725000023841858,5985654.0,17142852.0,761517.5625
2017-06-13,1.7330000400543213,1.7350000143051147,1.7139999866485596,1.7330000400543213,5080900.0,14519677.0,761517.5625
2017-06-14,1.7330000400543213,1.7330000400543213,1.6929999589920044,1.6970000267028809,8059729.0,22863860.0,761517.5625
2017-06-15,1.6990000009536743,1.7020000219345093,1.6759999990463257,1.6820000410079956,5318793.0,14976024.0,761517.5625
2017-06-16,1.6820000410079956,1.687999963760376,1.6679999828338623,1.6720000505447388,4259600.0,11967259.0,761517.5625
2017-06-19,1.6740000247955322,1.694000005722046,1.6640000343322754,1.6890000104904175,3932610.0,11075744.0,761517.5625
2017-06-20,1.6929999589920044,1.6959999799728394,1.6779999732971191,1.6779999732971191,5380092.0,15138365.0,761517.5625
2017-06-21,1.690000057220459,1.7109999656677246,1.6759999990463257,1.7100000381469727,5233853.0,14767491.0,761517.5625
2017-06-22,1.7089999914169312,1.7450000047683716,1.7029999494552612,1.718999981880188,9088467.0,26033232.0,761517.5625
2017-06-23,1.718000054359436,1.7410000562667847,1.7029999494552612,1.7400000095367432,4857944.0,13841848.0,761517.5625
2017-06-26,1.7380000352859497,1.7699999809265137,1.7380000352859497,1.7640000581741333,5365277.0,15515993.0,761517.5625
2017-06-27,1.7630000114440918,1.7690000534057617,1.75,1.7649999856948853,3405521.0,9835146.0,761517.5625
2017-06-28,1.7589999437332153,1.7790000438690186,1.753999948501587,1.7569999694824219,3178627.0,9208764.0,761517.5625
2017-06-29,1.7569999694824219,1.7740000486373901,1.75600004196167,1.7710000276565552,3991784.0,11553547.0,761517.5625
2017-06-30,1.7680000066757202,1.7829999923706055,1.753000020980835,1.7790000438690186,5264911.0,15286751.0,761517.5625
2017-07-03,1.7799999713897705,1.784999966621399,1.7630000114440918,1.781000018119812,4962000.0,14410445.0,761517.5625
2017-07-04,1.7710000276565552,1.7790000438690186,1.75600004196167,1.7669999599456787,4795222.0,13889350.0,761517.5625
2017-07-05,1.7619999647140503,1.7869999408721924,1.7580000162124634,1.784000039100647,4294300.0,12472980.0,761517.5625
2017-07-06,1.784000039100647,1.7999999523162842,1.777999997138977,1.7960000038146973,5161229.0,15082971.0,761517.5625
2017-07-07,1.7979999780654907,1.8070000410079956,1.7879999876022339,1.8070000410079956,5151677.0,15084631.0,761517.5625
2017-07-10,1.8070000410079956,1.8179999589920044,1.7979999780654907,1.805999994277954,3137000.0,9223117.0,761517.5625
2017-07-11,1.805999994277954,1.8370000123977661,1.8029999732971191,1.8229999542236328,5486805.0,16195858.0,761517.5625
2017-07-12,1.8220000267028809,1.8339999914169312,1.7940000295639038,1.805999994277954,6122664.0,18053696.0,761517.5625
2017-07-13,1.805999994277954,1.8320000171661377,1.8049999475479126,1.8309999704360962,4235400.0,12513119.0,761517.5625
2017-07-14,1.8309999704360962,1.8609999418258667,1.8309999704360962,1.8600000143051147,4170533.0,12408195.0,761517.5625
2017-07-17,1.8609999418258667,1.878000020980835,1.809999942779541,1.843000054359436,9965000.0,29749266.0,761517.5625
2017-07-18,1.8480000495910645,1.8530000448226929,1.815999984741211,1.843000054359436,6293369.0,18654884.0,761517.5625
2017-07-19,1.843999981880188,1.8730000257492065,1.840999960899353,1.871999979019165,6482780.0,19379316.0,761517.5625
2017-07-20,1.86899995803833,1.8869999647140503,1.8589999675750732,1.8869999647140503,8376901.0,25169308.0,761517.5625
2017-07-21,1.8860000371932983,1.8949999809265137,1.878999948501587,1.8880000114440918,3751307.0,11324509.0,761517.5625
2017-07-24,1.8930000066757202,1.909000039100647,1.878000020980835,1.9019999504089355,4813353.0,14578285.0,761517.5625
2017-07-25,1.902999997138977,1.9040000438690186,1.8830000162124634,1.8880000114440918,5983573.0,18090932.0,761517.5625
2017-07-26,1.8930000066757202,1.9160000085830688,1.8539999723434448,1.8730000257492065,8277053.0,24873774.0,761517.5625
2017-07-27,1.8730000257492065,1.8730000257492065,1.8539999723434448,1.8730000257492065,3780310.0,11323616.0,761517.5625
2017-07-28,1.871000051498413,1.8739999532699585,1.8580000400543213,1.871000051498413,2741410.0,8221452.0,761517.5625
2017-07-31,1.871000051498413,1.878000020980835,1.8650000095367432,1.875,5076000.0,15248712.0,761517.5625
2017-08-01,1.8769999742507935,1.8949999809265137,1.875,1.8940000534057617,6017900.0,18167008.0,761517.5625
2017-08-02,1.8960000276565552,1.909999966621399,1.590999960899353,1.8880000114440918,3859010.0,11613950.0,761517.5625
2017-08-03,1.8880000114440918,1.8960000276565552,1.8530000448226929,1.8650000095367432,6268911.0,18823484.0,761517.5625
2017-08-04,1.8580000400543213,1.8700000047683716,1.8519999980926514,1.8530000448226929,9116753.0,27287730.0,761517.5625
2017-08-07,1.8580000400543213,1.8630000352859497,1.8329999446868896,1.8619999885559082,5428169.0,16192153.0,761517.5625
2017-08-08,1.8600000143051147,1.8619999885559082,1.8450000286102295,1.8480000495910645,4130840.0,12320286.0,761517.5625
2017-08-09,1.8489999771118164,1.850000023841858,1.8380000591278076,1.843000054359436,3120140.0,9286733.0,761517.5625
2017-08-10,1.8420000076293945,1.8480000495910645,1.815999984741211,1.8350000381469727,5612479.0,16629399.0,761517.5625
2017-08-11,1.8309999704360962,1.8309999704360962,1.784000039100647,1.7879999876022339,10182100.0,29812224.0,761517.5625
2017-08-14,1.777999997138977,1.8070000410079956,1.777999997138977,1.8009999990463257,3994286.0,11700487.0,761517.5625
2017-08-15,1.8009999990463257,1.8329999446868896,1.7979999780654907,1.8179999589920044,5252302.0,15510417.0,761517.5625
2017-08-16,1.8179999589920044,1.8179999589920044,1.8049999475479126,1.8109999895095825,3009901.0,8850750.0,761517.5625
2017-08-17,1.812000036239624,1.8300000429153442,1.8109999895095825,1.8250000476837158,2582731.0,7617544.0,761517.5625
2017-08-18,1.8179999589920044,1.8350000381469727,1.8079999685287476,1.8289999961853027,3132007.0,9256368.0,761517.5625
2017-08-21,1.8279999494552612,1.840999960899353,1.8259999752044678,1.8380000591278076,2971270.0,8815492.0,761517.5625
2017-08-22,1.8380000591278076,1.8509999513626099,1.8350000381469727,1.840999960899353,4050201.0,12033091.0,761517.5625
2017-08-23,1.840000033378601,1.8589999675750732,1.840000033378601,1.8519999980926514,4243812.0,12656542.0,761517.5625
2017-08-24,1.8519999980926514,1.8630000352859497,1.8450000286102295,1.8459999561309814,3270300.0,9760586.0,761517.5625
2017-08-25,1.8459999561309814,1.8980000019073486,1.8450000286102295,1.8960000276565552,8236420.0,24749942.0,761517.5625
2017-08-28,1.8960000276565552,1.9270000457763672,1.8960000276565552,1.9049999713897705,4685658.0,14252008.0,761517.5625
2017-08-29,1.9019999504089355,1.9129999876022339,1.8980000019073486,1.906999945640564,4149600.0,12603200.0,761517.5625
2017-08-30,1.9119999408721924,1.9210000038146973,1.8960000276565552,1.899999976158142,3010100.0,9152577.0,761517.5625
2017-08-31,1.9019999504089355,1.9119999408721924,1.8680000305175781,1.8830000162124634,5385842.0,16226466.0,761517.5625
2017-09-01,1.8830000162124634,1.899999976158142,1.875,1.8819999694824219,5723700.0,17268828.0,761517.5625
2017-09-04,1.8830000162124634,1.8899999856948853,1.8730000257492065,1.8860000371932983,5877950.0,17707824.0,761517.5625
2017-09-05,1.8869999647140503,1.899999976158142,1.8799999952316284,1.8940000534057617,3508050.0,10603705.0,761517.5625
2017-09-06,1.8910000324249268,1.8930000066757202,1.88100004196167,1.8910000324249268,2547100.0,7685947.0,761517.5625
2017-09-07,1.8910000324249268,1.8960000276565552,1.8799999952316284,1.88100004196167,4014600.0,12117288.0,761517.5625
2017-09-08,1.88100004196167,1.8910000324249268,1.8760000467300415,1.8830000162124634,3780701.0,11397304.0,761517.5625
2017-09-11,1.8830000162124634,1.9010000228881836,1.8799999952316284,1.8869999647140503,4883400.0,14757015.0,761517.5625
2017-09-12,1.8880000114440918,1.8980000019073486,1.8849999904632568,1.8930000066757202,3415200.0,10323363.0,761517.5625
2017-09-13,1.8930000066757202,1.8960000276565552,1.8839999437332153,1.8919999599456787,1785300.0,5394837.0,761517.5625
2017-09-14,1.8919999599456787,1.8949999809265137,1.871000051498413,1.8739999532699585,5879630.0,17725276.0,761517.5625
2017-09-15,1.875,1.8769999742507935,1.8609999418258667,1.8650000095367432,3636897.0,10907678.0,761517.5625
2017-09-18,1.8669999837875366,1.8839999437332153,1.8650000095367432,1.878000020980835,3580793.0,10777430.0,761517.5625
2017-09-19,1.878999948501587,1.8930000066757202,1.8680000305175781,1.871999979019165,3205291.0,9638481.0,761517.5625
2017-09-20,1.8730000257492065,1.8930000066757202,1.8680000305175781,1.8880000114440918,4077960.0,12280955.0,761517.5625
2017-09-21,1.8880000114440918,1.9019999504089355,1.88100004196167,1.8969999551773071,2625947.0,7946183.0,761517.5625
2017-09-22,1.8960000276565552,1.902999997138977,1.8860000371932983,1.9010000228881836,5008994.0,15143620.0,761517.5625
2017-09-25,1.899999976158142,1.9010000228881836,1.8890000581741333,1.8980000019073486,3851109.0,11657512.0,761517.5625
2017-09-26,1.8930000066757202,1.9010000228881836,1.8880000114440918,1.8940000534057617,2376307.0,7191804.0,761517.5625
2017-09-27,1.8940000534057617,1.9019999504089355,1.8910000324249268,1.8980000019073486,1788615.0,5419499.0,761517.5625
2017-09-28,1.8919999599456787,1.8969999551773071,1.8890000581741333,1.8940000534057617,2143500.0,6481165.0,761517.5625
2017-09-29,1.8940000534057617,1.9049999713897705,1.8940000534057617,1.9040000438690186,2841344.0,8617672.0,761517.5625
2017-10-09,1.937999963760376,1.9559999704360962,1.9229999780654907,1.9259999990463257,4447771.0,13664519.0,761517.5625
2017-10-10,1.9259999990463257,1.9359999895095825,1.899999976158142,1.9179999828338623,5232655.0,15921728.0,761517.5625
2017-10-11,1.9199999570846558,1.9359999895095825,1.909000039100647,1.9299999475479126,3228728.0,9874054.0,761517.5625
2017-10-12,1.9299999475479126,1.940000057220459,1.9249999523162842,1.9359999895095825,2604200.0,7973476.0,761517.5625
2017-10-13,1.937000036239624,1.9429999589920044,1.9299999475479126,1.937000036239624,4905533.0,15051177.0,761517.5625
2017-10-16,1.937000036239624,1.937000036239624,1.9279999732971191,1.9329999685287476,3157000.0,9673469.0,761517.5625
2017-10-17,1.9320000410079956,1.9329999685287476,1.9220000505447388,1.9290000200271606,2248800.0,6879146.0,761517.5625
2017-10-18,1.9279999732971191,1.9450000524520874,1.9270000457763672,1.944000005722046,3030900.0,9294945.0,761517.5625
2017-10-19,1.944000005722046,1.9559999704360962,1.944000005722046,1.9509999752044678,4773376.0,14708869.0,761517.5625
2017-10-20,1.9490000009536743,1.9630000591278076,1.944000005722046,1.9609999656677246,4030617.0,12430878.0,761517.5625
2017-10-23,1.9600000381469727,1.9609999656677246,1.9539999961853027,1.9570000171661377,2423163.0,7486200.0,761517.5625
2017-10-24,1.9550000429153442,1.975000023841858,1.9500000476837158,1.9739999771118164,3549799.0,10988027.0,761517.5625
2017-10-25,1.975000023841858,1.9789999723434448,1.9700000286102295,1.9789999723434448,2174300.0,6755110.0,761517.5625
2017-10-26,1.9789999723434448,1.9919999837875366,1.9670000076293945,1.972000002861023,4709220.0,14655413.0,761517.5625
2017-10-27,1.9839999675750732,1.9880000352859497,1.9739999771118164,1.9869999885559082,3473700.0,10808681.0,761517.5625
2017-10-30,1.9880000352859497,1.9930000305175781,1.9529999494552612,1.9800000190734863,6399132.0,19850642.0,761517.5625
2017-10-31,1.9759999513626099,1.9759999513626099,1.9559999704360962,1.968000054359436,4849269.0,15002603.0,761517.5625
2017-11-01,1.968000054359436,1.972000002861023,1.9429999589920044,1.9429999589920044,5582300.0,17225300.0,761517.5625
2017-11-02,1.9420000314712524,1.9459999799728394,1.9249999523162842,1.940000057220459,4783901.0,14653462.0,761517.5625
2017-11-03,1.940000057220459,1.940000057220459,1.9110000133514404,1.930999994277954,6149200.0,18780492.0,761517.5625
2017-11-06,1.9299999475479126,1.9429999589920044,1.9170000553131104,1.9429999589920044,3242400.0,9924692.0,761517.5625
2017-11-07,1.9429999589920044,1.9730000495910645,1.9429999589920044,1.9609999656677246,5073087.0,15693598.0,761517.5625
2017-11-08,1.9609999656677246,1.9889999628067017,1.9589999914169312,1.968999981880188,4126000.0,12825465.0,761517.5625
2017-11-09,1.972000002861023,1.9869999885559082,1.968000054359436,1.9850000143051147,2696037.0,8377743.0,761517.5625
2017-11-10,1.9869999885559082,2.00600004196167,1.968000054359436,2.003999948501587,4611796.0,14413076.0,761517.5625
2017-11-13,2.003999948501587,2.0350000858306885,2.003999948501587,2.0269999504089355,3957353.0,12490243.0,761517.5625
2017-11-14,2.0260000228881836,2.0320000648498535,2.005000114440918,2.010999917984009,4350665.0,13704619.0,761517.5625
2017-11-15,2.010999917984009,2.010999917984009,1.9869999885559082,1.9919999837875366,4098639.0,12814208.0,761517.5625
2017-11-16,1.9910000562667847,1.99399995803833,1.9809999465942383,1.9910000562667847,3588400.0,11188797.0,761517.5625
2017-11-17,1.9910000562667847,2.0290000438690186,1.9889999628067017,2.0260000228881836,5266620.0,16533721.0,761517.5625
2017-11-20,2.0230000019073486,2.052999973297119,1.996000051498413,2.0490000247955322,6773800.0,21344608.0,761517.5625
2017-11-21,2.0490000247955322,2.0889999866485596,2.0399999618530273,2.075000047683716,6674155.0,21396264.0,761517.5625
2017-11-22,2.078000068664551,2.111999988555908,2.072999954223633,2.0889999866485596,4287488.0,13846788.0,761517.5625
2017-11-23,2.0880000591278076,2.0999999046325684,2.00600004196167,2.0230000019073486,8449668.0,26948132.0,761517.5625
2017-11-24,2.0199999809265137,2.0280001163482666,1.9900000095367432,2.0179998874664307,10001300.0,31362696.0,761517.5625
2017-11-27,2.0179998874664307,2.0179998874664307,1.972000002861023,1.9889999628067017,9300600.0,28993292.0,761517.5625
2017-11-28,1.9800000190734863,1.9910000562667847,1.9630000591278076,1.9809999465942383,6112000.0,18989104.0,761517.5625
2017-11-29,1.9819999933242798,1.9980000257492065,1.9589999914169312,1.9800000190734863,3801000.0,11811088.0,761517.5625
2017-11-30,1.9789999723434448,1.9839999675750732,1.9570000171661377,1.9609999656677246,6137000.0,19041704.0,761517.5625
2017-12-01,1.9609999656677246,1.965999960899353,1.9450000524520874,1.9579999446868896,5788500.0,17863050.0,761517.5625
2017-12-04,1.9579999446868896,1.965999960899353,1.944000005722046,1.9570000171661377,5338500.0,16471932.0,761517.5625
2017-12-05,1.9570000171661377,2.0,1.9559999704360962,1.9919999837875366,9323582.0,28980180.0,761517.5625
2017-12-06,1.9910000562667847,1.9910000562667847,1.937999963760376,1.9639999866485596,6029510.0,18650924.0,761517.5625
2017-12-07,1.9609999656677246,1.9630000591278076,1.9290000200271606,1.9390000104904175,6341553.0,19499908.0,761517.5625
2017-12-08,1.9359999895095825,1.9390000104904175,1.9179999828338623,1.934999942779541,5795253.0,17729396.0,761517.5625
2017-12-11,1.9329999685287476,1.965000033378601,1.9220000505447388,1.965000033378601,5174854.0,15861894.0,761517.5625
2017-12-12,1.9570000171661377,1.9579999446868896,1.9210000038146973,1.9229999780654907,6319900.0,19415092.0,761517.5625
2017-12-13,1.9229999780654907,1.937000036239624,1.909999966621399,1.9359999895095825,5041900.0,15385956.0,761517.5625
2017-12-14,1.9359999895095825,1.9420000314712524,1.9199999570846558,1.9240000247955322,5366839.0,16432939.0,761517.5625
2017-12-15,1.9190000295639038,1.9240000247955322,1.8990000486373901,1.899999976158142,6500300.0,19751948.0,761517.5625
2017-12-18,1.9040000438690186,1.909999966621399,1.8949999809265137,1.9040000438690186,4613577.0,13998889.0,761517.5625
2017-12-19,1.9049999713897705,1.9290000200271606,1.9049999713897705,1.9290000200271606,4822776.0,14693470.0,761517.5625
2017-12-20,1.9290000200271606,1.937999963760376,1.9210000038146973,1.9299999475479126,4828000.0,14779175.0,761517.5625
2017-12-21,1.9329999685287476,1.9459999799728394,1.9129999876022339,1.937000036239624,6203976.0,19002136.0,761517.5625
2017-12-22,1.9390000104904175,1.9459999799728394,1.934000015258789,1.934999942779541,6684608.0,20536460.0,761517.5625
2017-12-25,1.934000015258789,1.9630000591278076,1.9329999685287476,1.937999963760376,8479976.0,26100020.0,761517.5625
2017-12-26,1.937999963760376,1.9579999446868896,1.934999942779541,1.9570000171661377,6775073.0,20845272.0,761517.5625
2017-12-27,1.9579999446868896,1.965999960899353,1.9329999685287476,1.937999963760376,5808000.0,17920052.0,761517.5625
2017-12-28,1.940000057220459,1.9579999446868896,1.9320000410079956,1.9539999961853027,5289393.0,16300156.0,761517.5625
2017-12-29,1.9550000429153442,1.9700000286102295,1.9539999961853027,1.9700000286102295,9553582.0,29565986.0,761517.5625
2018-01-02,1.9709999561309814,2.0179998874664307,1.9709999561309814,2.015000104904175,7375182.0,23160896.0,761517.5625
2018-01-03,2.0160000324249268,2.0450000762939453,2.007999897003174,2.0299999713897705,5740300.0,18154962.0,761517.5625
2018-01-04,2.0290000438690186,2.0390000343322754,2.0220000743865967,2.0309998989105225,3981050.0,12587876.0,761517.5625
2018-01-05,2.0309998989105225,2.071000099182129,2.0260000228881836,2.062999963760376,6048310.0,19257666.0,761517.5625
2018-01-08,2.062000036239624,2.1029999256134033,2.061000108718872,2.0850000381469727,7769900.0,24998528.0,761517.5625
2018-01-09,2.0869998931884766,2.0910000801086426,2.075000047683716,2.0840001106262207,4207601.0,13524034.0,761517.5625
2018-01-10,2.0840001106262207,2.1029999256134033,2.075000047683716,2.0940001010894775,11343290.0,36553788.0,761517.5625
2018-01-11,2.0929999351501465,2.0999999046325684,2.072000026702881,2.0859999656677246,7610445.0,24456712.0,761517.5625
2018-01-12,2.0850000381469727,2.1050000190734863,2.0799999237060547,2.0940001010894775,4950455.0,15983304.0,761517.5625
2018-01-15,2.0950000286102295,2.117000102996826,2.0829999446868896,2.0889999866485596,5113502.0,16528418.0,761517.5625
2018-01-16,2.0869998931884766,2.11299991607666,2.0829999446868896,2.111999988555908,4910000.0,15863174.0,761517.5625
2018-01-17,2.118000030517578,2.1519999504089355,2.1029999256134033,2.121999979019165,9093756.0,29647664.0,761517.5625
2018-01-18,2.122999906539917,2.1519999504089355,2.122999906539917,2.1500000953674316,6850700.0,22390920.0,761517.5625
2018-01-19,2.1540000438690186,2.184999942779541,2.1530001163482666,2.1659998893737793,8048902.0,26590502.0,761517.5625
2018-01-22,2.1640000343322754,2.190999984741211,2.1610000133514404,2.187000036239624,6677000.0,22124584.0,761517.5625
2018-01-23,2.194000005722046,2.236999988555908,2.188999891281128,2.2360000610351562,9785600.0,31722232.0,-761517.5625
2018-01-24,2.23799991607666,2.2639999389648438,2.2260000705718994,2.246000051498413,6029000.0,19705092.0,761517.5625
2018-01-25,2.244999885559082,2.252000093460083,2.2060000896453857,2.2320001125335693,6791600.0,22092818.0,761517.5625
2018-01-26,2.2290000915527344,2.2769999504089355,2.2230000495910645,2.2679998874664307,6069443.0,19884784.0,761517.5625
2018-01-29,2.260999917984009,2.3010001182556152,2.2170000076293945,2.2360000610351562,10040400.0,32976370.0,761517.5625
2018-01-30,2.234999895095825,2.240999937057495,2.197999954223633,2.2049999237060547,8259138.0,26788088.0,761517.5625
2018-01-31,2.1989998817443848,2.2090001106262207,2.1730000972747803,2.2019999027252197,6493850.0,20875656.0,761517.5625
2018-02-01,2.2039999961853027,2.2209999561309814,2.1740000247955322,2.1989998817443848,6944264.0,22320104.0,761517.5625
2018-02-02,2.188999891281128,2.2339999675750732,2.1579999923706055,2.2300000190734863,6507830.0,20930516.0,761517.5625
2018-02-05,2.2070000171661377,2.2829999923706055,2.197000026702881,2.2799999713897705,6163901.0,20142056.0,761517.5625
2018-02-06,2.244999885559082,2.246000051498413,2.177000045776367,2.191999912261963,15387423.0,49747160.0,761517.5625
2018-02-07,2.2269999980926514,2.249000072479248,2.122999906539917,2.128999948501587,12718300.0,40722696.0,761517.5625
2018-02-08,2.122999906539917,2.125,2.0369999408721924,2.071000099182129,12625900.0,39186808.0,761517.5625
2018-02-09,2.0260000228881836,2.0260000228881836,1.8849999904632568,1.9550000429153442,20763664.0,61555480.0,761517.5625
2018-02-12,1.9600000381469727,1.9769999980926514,1.937000036239624,1.9609999656677246,9925400.0,29600300.0,761517.5625
2018-02-13,1.9700000286102295,2.0309998989105225,1.9700000286102295,2.0,7455700.0,22582188.0,761517.5625
2018-02-14,2.0,2.01200008392334,1.9769999980926514,2.009000062942505,7699894.0,23224764.0,761517.5625
2018-02-22,2.046999931335449,2.066999912261963,2.0329999923706055,2.066999912261963,6312600.0,19412366.0,761517.5625
2018-02-23,2.066999912261963,2.0889999866485596,2.053999900817871,2.0810000896453857,6777700.0,20969444.0,761517.5625
2018-02-26,2.0899999141693115,2.11299991607666,2.062999963760376,2.0999999046325684,7587300.0,23604508.0,761517.5625
2018-02-27,2.1070001125335693,2.1110000610351562,2.055000066757202,2.061000108718872,8972005.0,27752944.0,761517.5625
2018-02-28,2.0480000972747803,2.0480000972747803,2.01200008392334,2.0329999923706055,6735700.0,20565994.0,761517.5625
2018-03-01,2.0260000228881836,2.046999931335449,2.003999948501587,2.0269999504089355,6424593.0,19610724.0,761517.5625
2018-03-02,2.0179998874664307,2.0339999198913574,2.0,2.0250000953674316,5898811.0,17926736.0,761517.5625
2018-03-05,2.0250000953674316,2.046999931335449,2.01200008392334,2.0269999504089355,3777486.0,11517139.0,761517.5625
2018-03-06,2.0380001068115234,2.055999994277954,2.0160000324249268,2.052000045776367,5390467.0,16486153.0,761517.5625
2018-03-07,2.052999973297119,2.0789999961853027,2.0450000762939453,2.0480000972747803,6324467.0,19522144.0,761517.5625
2018-03-08,2.046999931335449,2.065000057220459,2.0429999828338623,2.061000108718872,2588000.0,7970677.0,761517.5625
2018-03-09,2.071000099182129,2.071000099182129,2.053999900817871,2.062999963760376,5372600.0,16574973.0,761517.5625
2018-03-12,2.072000026702881,2.0810000896453857,2.065000057220459,2.069000005722046,4854900.0,15024759.0,761517.5625
2018-03-13,2.069000005722046,2.078000068664551,2.053999900817871,2.056999921798706,4732500.0,14626694.0,761517.5625
2018-03-14,2.055999994277954,2.055999994277954,2.0390000343322754,2.0490000247955322,3070711.0,9422942.0,761517.5625
2018-03-15,2.046999931335449,2.053999900817871,2.0350000858306885,2.0429999828338623,4999449.0,15323686.0,761517.5625
2018-03-16,2.0439999103546143,2.052000045776367,2.0220000743865967,2.0260000228881836,3808000.0,11651193.0,761517.5625
2018-03-19,2.0250000953674316,2.0269999504089355,2.000999927520752,2.010999917984009,4954400.0,15029263.0,761517.5625
2018-03-20,2.010999917984009,2.0169999599456787,1.9910000562667847,2.0169999599456787,4160650.0,12589134.0,761517.5625
2018-03-21,2.0230000019073486,2.0339999198913574,2.002000093460083,2.006999969482422,3903500.0,11888636.0,761517.5625
2018-03-22,2.0160000324249268,2.0160000324249268,1.9730000495910645,1.9869999885559082,6250200.0,18817192.0,761517.5625
2018-03-23,1.9450000524520874,1.9450000524520874,1.8819999694824219,1.9199999570846558,17086612.0,50106404.0,761517.5625
2018-03-26,1.9119999408721924,1.9119999408721924,1.8539999723434448,1.8899999856948853,11061200.0,32021236.0,761517.5625
2018-03-27,1.9010000228881836,1.9570000171661377,1.878999948501587,1.8899999856948853,7754901.0,22665108.0,761517.5625
2018-03-28,1.878999948501587,1.8960000276565552,1.8539999723434448,1.8539999723434448,8968963.0,25911016.0,761517.5625
2018-03-29,1.8550000190734863,1.9110000133514404,1.8380000591278076,1.9049999713897705,6576701.0,19026976.0,761517.5625
2018-03-30,1.9049999713897705,1.9110000133514404,1.8899999856948853,1.8980000019073486,4786200.0,13990086.0,761517.5625
2018-04-02,1.8980000019073486,1.9119999408721924,1.8799999952316284,1.8819999694824219,6174700.0,18014868.0,761517.5625
2018-04-03,1.8680000305175781,1.86899995803833,1.8370000123977661,1.8420000076293945,9279300.0,26610604.0,761517.5625
2018-04-04,1.843999981880188,1.8669999837875366,1.8420000076293945,1.843000054359436,5976300.0,17205252.0,761517.5625
2018-04-09,1.840999960899353,1.8509999513626099,1.8250000476837158,1.840999960899353,4427600.0,12673800.0,761517.5625
2018-04-10,1.8420000076293945,1.8940000534057617,1.8420000076293945,1.8930000066757202,5986600.0,17295512.0,761517.5625
2018-04-11,1.8960000276565552,1.9259999990463257,1.8930000066757202,1.9149999618530273,5616255.0,16474270.0,761517.5625
2018-04-12,1.9149999618530273,1.9149999618530273,1.8830000162124634,1.8849999904632568,4811400.0,14040456.0,761517.5625
2018-04-13,1.909999966621399,1.909999966621399,1.86899995803833,1.871999979019165,3290053.0,9562035.0,761517.5625
2018-04-16,1.871999979019165,1.871999979019165,1.809999942779541,1.819000005722046,9955000.0,28393196.0,761517.5625
2018-04-17,1.8270000219345093,1.8289999961853027,1.7869999408721924,1.7949999570846558,6669700.0,18890320.0,761517.5625
2018-04-18,1.809999942779541,1.8220000267028809,1.7649999856948853,1.7970000505447388,9178900.0,25781650.0,761517.5625
2018-04-19,1.7970000505447388,1.8170000314712524,1.7920000553131104,1.815000057220459,4768901.0,13504674.0,761517.5625
2018-04-20,1.812999963760376,1.8229999542236328,1.7719999551773071,1.7799999713897705,5574600.0,15663635.0,761517.5625
2018-04-23,1.777999997138977,1.7929999828338623,1.7669999599456787,1.7799999713897705,4645463.0,13007792.0,761517.5625
2018-04-24,1.7790000438690186,1.8550000190734863,1.7790000438690186,1.8350000381469727,7532907.0,21503200.0,761517.5625
2018-04-25,1.8270000219345093,1.8320000171661377,1.8140000104904175,1.8179999589920044,3952000.0,11236387.0,761517.5625
2018-04-26,1.8209999799728394,1.8250000476837158,1.7740000486373901,1.777999997138977,6655700.0,18714100.0,761517.5625
2018-04-27,1.784999966621399,1.7929999828338623,1.75,1.7829999923706055,8672181.0,24189968.0,761517.5625
2018-05-02,1.7890000343322754,1.7990000247955322,1.7829999923706055,1.7949999570846558,5243686.0,14756792.0,761517.5625
2018-05-03,1.7949999570846558,1.8179999589920044,1.7860000133514404,1.812000036239624,5562040.0,15691747.0,761517.5625
2018-05-04,1.812000036239624,1.819000005722046,1.8070000410079956,1.8109999895095825,3166900.0,8979463.0,761517.5625
2018-05-07,1.8109999895095825,1.843000054359436,1.8079999685287476,1.8420000076293945,4175500.0,11914468.0,761517.5625
2018-05-08,1.8420000076293945,1.871000051498413,1.8370000123977661,1.8669999837875366,5860300.0,16910072.0,761517.5625
2018-05-09,1.8730000257492065,1.8730000257492065,1.8559999465942383,1.8609999418258667,4171301.0,12043995.0,761517.5625
2018-05-10,1.8639999628067017,1.8839999437332153,1.8639999628067017,1.8819999694824219,3217100.0,9325662.0,761517.5625
2018-05-11,1.8819999694824219,1.8899999856948853,1.8730000257492065,1.8760000467300415,3025000.0,8780567.0,761517.5625
2018-05-14,1.878999948501587,1.8940000534057617,1.8769999742507935,1.8819999694824219,3404600.0,9903604.0,761517.5625
2018-05-15,1.8880000114440918,1.8930000066757202,1.878000020980835,1.8919999599456787,3658412.0,10642102.0,761517.5625
2018-05-16,1.8890000581741333,1.8930000066757202,1.878999948501587,1.88100004196167,3267272.0,9503430.0,761517.5625
2018-05-17,1.878000020980835,1.8860000371932983,1.871000051498413,1.875,2855772.0,8284553.0,761517.5625
2018-05-18,1.875,1.906000018119812,1.8660000562667847,1.9049999713897705,4204300.0,12231138.0,761517.5625
2018-05-21,1.9119999408721924,1.9259999990463257,1.909999966621399,1.9140000343322754,5841200.0,17186506.0,761517.5625
2018-05-22,1.9140000343322754,1.9160000085830688,1.8930000066757202,1.899999976158142,2938600.0,8589966.0,761517.5625
2018-05-23,1.8969999551773071,1.8990000486373901,1.8769999742507935,1.8769999742507935,4640900.0,13506476.0,761517.5625
2018-05-24,1.8769999742507935,1.878000020980835,1.8519999980926514,1.8539999723434448,5297800.0,15299019.0,761517.5625
2018-05-25,1.8530000448226929,1.8619999885559082,1.8420000076293945,1.8580000400543213,4878300.0,14021131.0,761517.5625
2018-05-28,1.8550000190734863,1.8619999885559082,1.8420000076293945,1.8530000448226929,4187400.0,12043733.0,761517.5625
2018-05-29,1.8509999513626099,1.8589999675750732,1.8420000076293945,1.850000023841858,3939159.0,11317604.0,761517.5625
2018-05-30,1.840999960899353,1.840999960899353,1.8049999475479126,1.8109999895095825,7643300.0,21719872.0,761517.5625
2018-05-31,1.819000005722046,1.8559999465942383,1.819000005722046,1.8519999980926514,4947732.0,14154932.0,761517.5625
2018-06-01,1.8480000495910645,1.8600000143051147,1.8300000429153442,1.840999960899353,3653000.0,10469334.0,761517.5625
2018-06-04,1.8459999561309814,1.8619999885559082,1.8459999561309814,1.8580000400543213,3491900.0,10045153.0,761517.5625
2018-06-05,1.8609999418258667,1.875,1.8480000495910645,1.871999979019165,3222102.0,9285849.0,761517.5625
2018-06-06,1.8700000047683716,1.8700000047683716,1.8589999675750732,1.8650000095367432,2514953.0,7262654.0,761517.5625
2018-06-07,1.8660000562667847,1.8739999532699585,1.8550000190734863,1.8550000190734863,3965600.0,11452527.0,761517.5625
2018-06-08,1.8539999723434448,1.8539999723434448,1.812000036239624,1.8209999799728394,6082000.0,17317194.0,761517.5625
2018-06-11,1.819000005722046,1.8200000524520874,1.8040000200271606,1.8170000314712524,5209100.0,14762497.0,761517.5625
2018-06-12,1.8179999589920044,1.8459999561309814,1.809999942779541,1.8370000123977661,3616428.0,10316669.0,761517.5625
2018-06-13,1.8359999656677246,1.843000054359436,1.8309999704360962,1.8339999914169312,1989368.0,5691612.0,761517.5625
2018-06-14,1.8289999961853027,1.8420000076293945,1.8179999589920044,1.8320000171661377,2056100.0,5867713.0,761517.5625
2018-06-15,1.8320000171661377,1.840999960899353,1.8220000267028809,1.8300000429153442,4138100.0,11810141.0,761517.5625
2018-06-19,1.8259999752044678,1.8270000219345093,1.7269999980926514,1.7630000114440918,12437206.0,34857504.0,761517.5625
2018-06-20,1.753000020980835,1.7619999647140503,1.7350000143051147,1.7580000162124634,6913895.0,19170452.0,761517.5625
2018-06-21,1.7580000162124634,1.7769999504089355,1.7350000143051147,1.7380000352859497,6141000.0,17065988.0,761517.5625
2018-06-22,1.7350000143051147,1.7380000352859497,1.7100000381469727,1.7330000400543213,4569300.0,12553856.0,761517.5625
2018-06-25,1.7389999628067017,1.753000020980835,1.7120000123977661,1.7130000591278076,5455100.0,15023768.0,761517.5625
2018-06-26,1.6970000267028809,1.6970000267028809,1.649999976158142,1.6799999475479126,12324300.0,33206892.0,761517.5625
2018-06-27,1.6799999475479126,1.6890000104904175,1.6360000371932983,1.6480000019073486,12193700.0,32724794.0,761517.5625
2018-06-28,1.6510000228881836,1.6519999504089355,1.6160000562667847,1.621000051498413,8967355.0,23819440.0,761517.5625
2018-06-29,1.6239999532699585,1.6699999570846558,1.6230000257492065,1.6670000553131104,9904010.0,26412140.0,761517.5625
2018-07-02,1.6679999828338623,1.6679999828338623,1.5759999752044678,1.5920000076293945,26136160.0,68621632.0,761517.5625
2018-07-03,1.5980000495910645,1.6009999513626099,1.5410000085830688,1.597000002861023,10353300.0,26916632.0,761517.5625
2018-07-04,1.5959999561309814,1.6100000143051147,1.5870000123977661,1.590000033378601,5321300.0,13956518.0,761517.5625
2018-07-05,1.590999960899353,1.6050000190734863,1.5670000314712524,1.5759999752044678,5840100.0,15206532.0,761517.5625
2018-07-06,1.5789999961853027,1.6069999933242798,1.5499999523162842,1.593000054359436,8090900.0,21033780.0,761517.5625
2018-07-09,1.597000002861023,1.649999976158142,1.5959999561309814,1.6480000019073486,9678700.0,25675396.0,761517.5625
2018-07-10,1.6480000019073486,1.6629999876022339,1.6369999647140503,1.6579999923706055,6783500.0,18125288.0,761517.5625
2018-07-11,1.6169999837875366,1.628999948501587,1.6030000448226929,1.6200000047683716,8627200.0,22770852.0,761517.5625
2018-07-12,1.6169999837875366,1.6770000457763672,1.6169999837875366,1.6649999618530273,8567700.0,22939142.0,761517.5625
2018-07-13,1.6710000038146973,1.6759999990463257,1.656999945640564,1.6619999408721924,3198626.0,8604768.0,761517.5625
2018-07-16,1.6629999876022339,1.6710000038146973,1.6369999647140503,1.6519999504089355,4868764.0,13018962.0,761517.5625
2018-07-17,1.6399999856948853,1.6510000228881836,1.6230000257492065,1.6390000581741333,5556664.0,14748204.0,761517.5625
2018-07-18,1.6390000581741333,1.6720000505447388,1.6390000581741333,1.652999997138977,4578400.0,12272529.0,761517.5625
2018-07-19,1.6540000438690186,1.6670000553131104,1.6419999599456787,1.6419999599456787,4812800.0,12867530.0,761517.5625
2018-07-20,1.6430000066757202,1.7170000076293945,1.6349999904632568,1.7089999914169312,7376800.0,19973420.0,761517.5625
2018-07-23,1.7029999494552612,1.7510000467300415,1.6959999799728394,1.746000051498413,6593000.0,18117456.0,761517.5625
2018-07-24,1.746999979019165,1.7790000438690186,1.746999979019165,1.7680000066757202,6886100.0,19231388.0,761517.5625
2018-07-25,1.7760000228881836,1.7760000228881836,1.7580000162124634,1.7669999599456787,3917600.0,10918547.0,761517.5625
2018-07-26,1.7669999599456787,1.7790000438690186,1.7450000047683716,1.75,4102900.0,11406249.0,761517.5625
2018-07-27,1.75,1.7569999694824219,1.7389999628067017,1.7419999837875366,2993800.0,8293728.0,761517.5625
2018-07-30,1.7419999837875366,1.7699999809265137,1.7330000400543213,1.746999979019165,5002300.0,13873054.0,761517.5625
2018-07-31,1.746000051498413,1.7710000276565552,1.7359999418258667,1.7640000581741333,4866700.0,13509763.0,761517.5625
2018-08-01,1.7660000324249268,1.774999976158142,1.7109999656677246,1.7130000591278076,6998541.0,19354476.0,761517.5625
2018-08-02,1.7070000171661377,1.7070000171661377,1.6299999952316284,1.656000018119812,11246100.0,30211444.0,761517.5625
2018-08-03,1.659000039100647,1.6740000247955322,1.6419999599456787,1.6430000066757202,6574000.0,17628972.0,761517.5625
2018-08-06,1.6480000019073486,1.6660000085830688,1.6160000562667847,1.6269999742507935,6654600.0,17684680.0,761517.5625
2018-08-07,1.6299999952316284,1.6829999685287476,1.61899995803833,1.6829999685287476,7626900.0,20378664.0,761517.5625
2018-08-08,1.680999994277954,1.680999994277954,1.6480000019073486,1.6480000019073486,5076500.0,13636647.0,761517.5625
2018-08-09,1.6469999551773071,1.7000000476837158,1.6399999856948853,1.6920000314712524,5045661.0,13655272.0,761517.5625
2018-08-10,1.6950000524520874,1.7000000476837158,1.6649999618530273,1.6820000410079956,4151000.0,11230875.0,761517.5625
2018-08-13,1.6670000553131104,1.6670000553131104,1.628999948501587,1.6610000133514404,7313148.0,19503520.0,761517.5625
2018-08-14,1.6610000133514404,1.6660000085830688,1.6490000486373901,1.6549999713897705,3864700.0,10356345.0,761517.5625
2018-08-15,1.656999945640564,1.6610000133514404,1.6080000400543213,1.6089999675750732,9480848.0,25112794.0,761517.5625
2018-08-16,1.600000023841858,1.6169999837875366,1.569000005722046,1.5989999771118164,7776800.0,20365028.0,761517.5625
2018-08-17,1.6139999628067017,1.61899995803833,1.5720000267028809,1.5740000009536743,6771400.0,17707034.0,761517.5625
2018-08-20,1.5770000219345093,1.6019999980926514,1.5720000267028809,1.600000023841858,5841400.0,15220382.0,761517.5625
2018-08-21,1.6019999980926514,1.6349999904632568,1.6019999980926514,1.6260000467300415,4651300.0,12304015.0,761517.5625
2018-08-22,1.6260000467300415,1.63100004196167,1.6100000143051147,1.6150000095367432,2793428.0,7373724.0,761517.5625
2018-08-23,1.6150000095367432,1.6360000371932983,1.6019999980926514,1.6239999532699585,3817500.0,10087288.0,761517.5625
2018-08-24,1.6230000257492065,1.6519999504089355,1.6100000143051147,1.6339999437332153,4820853.0,12798902.0,761517.5625
2018-08-27,1.6369999647140503,1.687999963760376,1.6369999647140503,1.6859999895095825,6179955.0,16619848.0,761517.5625
2018-08-28,1.6859999895095825,1.694000005722046,1.6799999475479126,1.684000015258789,4588505.0,12430381.0,761517.5625
2018-08-29,1.6820000410079956,1.6859999895095825,1.6640000343322754,1.680999994277954,6572533.0,17716776.0,761517.5625
2018-08-30,1.6720000505447388,1.6859999895095825,1.656999945640564,1.6629999876022339,7604901.0,20445316.0,761517.5625
2018-08-31,1.656000018119812,1.6679999828338623,1.6390000581741333,1.652999997138977,4637645.0,12410370.0,761517.5625
2018-09-03,1.6549999713897705,1.659000039100647,1.6269999742507935,1.6490000486373901,5063274.0,13495329.0,761517.5625
2018-09-04,1.649999976158142,1.6790000200271606,1.6430000066757202,1.6729999780654907,5183200.0,13896248.0,761517.5625
2018-09-05,1.6679999828338623,1.6710000038146973,1.6299999952316284,1.6369999647140503,5887600.0,15736099.0,761517.5625
2018-09-06,1.625,1.6399999856948853,1.6100000143051147,1.6119999885559082,4998300.0,13234260.0,761517.5625
2018-09-07,1.6169999837875366,1.6440000534057617,1.6069999933242798,1.6239999532699585,5627400.0,14893074.0,761517.5625
2018-09-10,1.6200000047683716,1.6269999742507935,1.6069999933242798,1.6119999885559082,9481100.0,24989024.0,761517.5625
2018-09-11,1.6109999418258667,1.6119999885559082,1.590000033378601,1.6009999513626099,5542000.0,14538105.0,761517.5625
2018-09-12,1.6039999723434448,1.6109999418258667,1.5829999446868896,1.597000002861023,5634000.0,14748205.0,761517.5625
2018-09-13,1.6119999885559082,1.6269999742507935,1.600000023841858,1.6260000467300415,5455200.0,14379198.0,761517.5625
2018-09-14,1.6269999742507935,1.6360000371932983,1.6200000047683716,1.628999948501587,3881600.0,10289656.0,761517.5625
2018-09-17,1.6260000467300415,1.6260000467300415,1.6089999675750732,1.6150000095367432,6726400.0,17758648.0,761517.5625
2018-09-18,1.6109999418258667,1.6540000438690186,1.6069999933242798,1.652999997138977,4775300.0,12683199.0,761517.5625
2018-09-19,1.652999997138977,1.6959999799728394,1.6460000276565552,1.687999963760376,10988606.0,29720472.0,761517.5625
2018-09-20,1.690999984741211,1.694000005722046,1.6759999990463257,1.6790000200271606,4293500.0,11621853.0,761517.5625
2018-09-21,1.684999942779541,1.7569999694824219,1.6790000200271606,1.7549999952316284,9006400.0,24688834.0,761517.5625
2018-09-25,1.7319999933242798,1.7400000095367432,1.7239999771118164,1.7319999933242798,6366018.0,17531732.0,761517.5625
2018-09-26,1.7369999885559082,1.7860000133514404,1.7350000143051147,1.7519999742507935,8113300.0,22597562.0,761517.5625
2018-09-27,1.7489999532699585,1.7599999904632568,1.7450000047683716,1.75600004196167,3875900.0,10759278.0,761517.5625
2018-09-28,1.75600004196167,1.781999945640564,1.75600004196167,1.777999997138977,5636900.0,15754211.0,761517.5625
2018-10-08,1.746000051498413,1.746000051498413,1.6799999475479126,1.684000015258789,13441500.0,36703308.0,761517.5625
2018-10-09,1.684000015258789,1.694000005722046,1.6729999780654907,1.6759999990463257,7593100.0,20543124.0,761517.5625
2018-10-10,1.6799999475479126,1.7000000476837158,1.6660000085830688,1.6859999895095825,5351600.0,14478829.0,761517.5625
2018-10-11,1.621999979019165,1.6519999504089355,1.5479999780654907,1.5750000476837158,35491100.0,92807352.0,761517.5625
2018-10-12,1.5740000009536743,1.6009999513626099,1.5379999876022339,1.590999960899353,17905500.0,46367576.0,761517.5625
2018-10-15,1.600000023841858,1.6009999513626099,1.5440000295639038,1.5520000457763672,11822900.0,30625932.0,761517.5625
2018-10-16,1.5499999523162842,1.5670000314712524,1.5269999504089355,1.531000018119812,10769400.0,27671912.0,761517.5625
2018-10-17,1.5479999780654907,1.5640000104904175,1.5190000534057617,1.5509999990463257,10681100.0,27450096.0,761517.5625
2018-10-18,1.5420000553131104,1.5420000553131104,1.5019999742507935,1.5069999694824219,16203200.0,41153360.0,761517.5625
2018-10-19,1.496000051498413,1.565999984741211,1.4769999980926514,1.5640000104904175,13352853.0,33969148.0,761517.5625
2018-10-22,1.5789999961853027,1.6720000505447388,1.5789999961853027,1.6519999504089355,20200500.0,53741008.0,761517.5625
2018-10-23,1.652999997138977,1.652999997138977,1.5820000171661377,1.5889999866485596,19162000.0,50573060.0,761517.5625
2018-10-24,1.5880000591278076,1.6330000162124634,1.5800000429153442,1.6009999513626099,11226400.0,29472972.0,761517.5625
2018-10-25,1.5570000410079956,1.6019999980926514,1.531000018119812,1.5980000495910645,12246800.0,31694288.0,761517.5625
2018-10-26,1.6069999933242798,1.621999979019165,1.5859999656677246,1.6019999980926514,5333628.0,13989059.0,761517.5625
2018-10-29,1.6019999980926514,1.6080000400543213,1.5390000343322754,1.5509999990463257,13526900.0,35073596.0,761517.5625
2018-10-30,1.5460000038146973,1.5920000076293945,1.5379999876022339,1.565000057220459,8594701.0,22241390.0,761517.5625
2018-10-31,1.5750000476837158,1.5989999771118164,1.569000005722046,1.593000054359436,9701300.0,25276624.0,761517.5625
2018-11-01,1.5980000495910645,1.6169999837875366,1.5870000123977661,1.590000033378601,8981263.0,23616970.0,761517.5625
2018-11-02,1.628999948501587,1.6519999504089355,1.6100000143051147,1.6519999504089355,13401676.0,35590320.0,761517.5625
2018-11-05,1.6380000114440918,1.6480000019073486,1.6119999885559082,1.6369999647140503,8988300.0,23845740.0,761517.5625
2018-11-06,1.6360000371932983,1.6369999647140503,1.6169999837875366,1.6330000162124634,4352100.0,11535803.0,761517.5625
2018-11-07,1.6330000162124634,1.649999976158142,1.6150000095367432,1.6180000305175781,6971400.0,18505924.0,761517.5625
2018-11-08,1.628000020980835,1.6399999856948853,1.6109999418258667,1.6200000047683716,9558400.0,25320288.0,761517.5625
2018-11-09,1.6089999675750732,1.6100000143051147,1.5820000171661377,1.5829999446868896,8721400.0,22812428.0,761517.5625
2018-11-12,1.5800000429153442,1.6130000352859497,1.5770000219345093,1.6130000352859497,5522601.0,14465445.0,761517.5625
2018-11-13,1.5959999561309814,1.6369999647140503,1.5880000591278076,1.6269999742507935,6374402.0,16815936.0,761517.5625
2018-11-14,1.6269999742507935,1.6330000162124634,1.5989999771118164,1.6019999980926514,6158100.0,16248563.0,761517.5625
2018-11-15,1.6019999980926514,1.625,1.6019999980926514,1.621000051498413,5025000.0,13255206.0,761517.5625
2018-11-16,1.6269999742507935,1.6419999599456787,1.6150000095367432,1.6269999742507935,7173676.0,19017068.0,761517.5625
2018-11-19,1.628000020980835,1.6519999504089355,1.628000020980835,1.6510000228881836,6831539.0,18198578.0,761517.5625
2018-11-20,1.6419999599456787,1.6480000019073486,1.6019999980926514,1.6059999465942383,9643800.0,25499756.0,761517.5625
2018-11-21,1.5950000286102295,1.6100000143051147,1.5839999914169312,1.6059999465942383,4723600.0,12384648.0,761517.5625
2018-11-22,1.6089999675750732,1.6130000352859497,1.5870000123977661,1.597000002861023,4042200.0,10589531.0,761517.5625
2018-11-23,1.5959999561309814,1.5959999561309814,1.5470000505447388,1.5520000457763672,15488500.0,40076272.0,761517.5625
2018-11-26,1.5520000457763672,1.5679999589920044,1.5440000295639038,1.5549999475479126,6314500.0,16281537.0,761517.5625
2018-11-27,1.5570000410079956,1.5640000104904175,1.5410000085830688,1.5490000247955322,5631700.0,14507982.0,761517.5625
2018-11-28,1.5470000505447388,1.565999984741211,1.534999966621399,1.565000057220459,4698200.0,12103874.0,761517.5625
2018-11-29,1.5750000476837158,1.5750000476837158,1.5470000505447388,1.5479999780654907,5192238.0,13414805.0,761517.5625
2018-11-30,1.5470000505447388,1.565000057220459,1.5410000085830688,1.5640000104904175,5190000.0,13375615.0,761517.5625
2018-12-03,1.6050000190734863,1.63100004196167,1.5989999771118164,1.6200000047683716,12109743.0,31969510.0,761517.5625
2018-12-04,1.621000051498413,1.6299999952316284,1.6069999933242798,1.6260000467300415,5634244.0,14898726.0,761517.5625
2018-12-05,1.6059999465942383,1.628999948501587,1.6009999513626099,1.61899995803833,4729300.0,12490120.0,761517.5625
2018-12-06,1.6019999980926514,1.6069999933242798,1.5820000171661377,1.5880000591278076,7176400.0,18765518.0,761517.5625
2018-12-07,1.5880000591278076,1.600000023841858,1.5870000123977661,1.5980000495910645,2562100.0,6705768.0,761517.5625
2018-12-10,1.5920000076293945,1.597000002861023,1.5770000219345093,1.5839999914169312,5301700.0,13822835.0,761517.5625
2018-12-11,1.5880000591278076,1.5920000076293945,1.5809999704360962,1.5859999656677246,2951200.0,7699071.0,761517.5625
2018-12-12,1.5920000076293945,1.6069999933242798,1.5920000076293945,1.6019999980926514,3181200.0,8346053.0,761517.5625
2018-12-13,1.6059999465942383,1.6399999856948853,1.6030000448226929,1.628999948501587,11186100.0,29664008.0,761517.5625
2018-12-14,1.6269999742507935,1.6299999952316284,1.6109999418258667,1.6130000352859497,10001700.0,26410012.0,761517.5625
2018-12-17,1.6100000143051147,1.628000020980835,1.6059999465942383,1.6269999742507935,4467700.0,11796448.0,761517.5625
2018-12-18,1.6200000047683716,1.6269999742507935,1.5959999561309814,1.6109999418258667,6665600.0,17533956.0,761517.5625
2018-12-19,1.6080000400543213,1.6200000047683716,1.593999981880188,1.5959999561309814,5137000.0,13502008.0,761517.5625
2018-12-20,1.593000054359436,1.6069999933242798,1.565999984741211,1.5809999704360962,10276300.0,26771934.0,761517.5625
2018-12-21,1.5770000219345093,1.5789999961853027,1.5529999732971191,1.5670000314712524,10693700.0,27634290.0,761517.5625
2018-12-24,1.562000036239624,1.5820000171661377,1.555999994277954,1.5820000171661377,5376500.0,13932059.0,761517.5625
2018-12-25,1.5709999799728394,1.5709999799728394,1.5240000486373901,1.5570000410079956,16294200.0,41816764.0,761517.5625
2018-12-26,1.5549999475479126,1.565999984741211,1.5509999990463257,1.559000015258789,4250900.0,10969119.0,761517.5625
2018-12-27,1.5779999494552612,1.590000033378601,1.5460000038146973,1.555999994277954,6200100.0,16062470.0,761517.5625
2018-12-28,1.5549999475479126,1.5640000104904175,1.5460000038146973,1.559999942779541,6062700.0,15628483.0,761517.5625
2019-01-02,1.5640000104904175,1.5670000314712524,1.50600004196167,1.5160000324249268,16917500.0,43083616.0,761517.5625
2019-01-03,1.5119999647140503,1.534000039100647,1.50600004196167,1.5089999437332153,8427900.0,21395968.0,761517.5625
2019-01-04,1.496999979019165,1.5440000295639038,1.4889999628067017,1.5429999828338623,9693101.0,24688398.0,761517.5625
2019-01-07,1.5520000457763672,1.5709999799728394,1.5490000247955322,1.5679999589920044,7740301.0,19981100.0,761517.5625
2019-01-08,1.5670000314712524,1.5740000009536743,1.555999994277954,1.5729999542236328,7366301.0,19077132.0,761517.5625
2019-01-09,1.5729999542236328,1.6160000562667847,1.5729999542236328,1.5850000381469727,11184900.0,29370684.0,761517.5625
2019-01-10,1.5870000123977661,1.593999981880188,1.5770000219345093,1.5770000219345093,8166901.0,21295084.0,761517.5625
2019-01-11,1.5789999961853027,1.593000054359436,1.5759999752044678,1.5880000591278076,5189100.0,13532694.0,761517.5625
2019-01-14,1.5889999866485596,1.597000002861023,1.5870000123977661,1.590000033378601,6062000.0,15844453.0,761517.5625
2019-01-15,1.590999960899353,1.6119999885559082,1.5820000171661377,1.6080000400543213,9463800.0,24819124.0,761517.5625
2019-01-16,1.6130000352859497,1.6139999628067017,1.6059999465942383,1.6100000143051147,7205000.0,18262196.0,-761517.5625
2019-01-17,1.6109999418258667,1.621999979019165,1.6030000448226929,1.6030000448226929,6874701.0,17432912.0,761517.5625
2019-01-18,1.6050000190734863,1.6369999647140503,1.6050000190734863,1.6349999904632568,7131301.0,18169652.0,761517.5625
2019-01-21,1.6399999856948853,1.652999997138977,1.6369999647140503,1.6460000276565552,10495800.0,26989072.0,761517.5625
2019-01-22,1.6449999809265137,1.6519999504089355,1.6139999628067017,1.621000051498413,11872700.0,30319992.0,761517.5625
2019-01-23,1.6180000305175781,1.6299999952316284,1.6130000352859497,1.6239999532699585,3688827.0,9399613.0,761517.5625
2019-01-24,1.6200000047683716,1.6349999904632568,1.6130000352859497,1.6330000162124634,8090000.0,20602348.0,761517.5625
2019-01-25,1.6330000162124634,1.6510000228881836,1.6330000162124634,1.6410000324249268,8392100.0,21544536.0,761517.5625
2019-01-28,1.6490000486373901,1.6699999570846558,1.6390000581741333,1.6419999599456787,10107490.0,26050848.0,761517.5625
2019-01-29,1.6339999437332153,1.6579999923706055,1.6169999837875366,1.652999997138977,11570455.0,29667602.0,761517.5625
2019-01-30,1.6490000486373901,1.659000039100647,1.6349999904632568,1.6440000534057617,5942684.0,15284542.0,761517.5625
2019-01-31,1.6460000276565552,1.6690000295639038,1.6460000276565552,1.659999966621399,7331076.0,18928788.0,761517.5625
2019-02-01,1.6629999876022339,1.6829999685287476,1.6549999713897705,1.6820000410079956,11730062.0,30414010.0,761517.5625
2019-02-11,1.6820000410079956,1.7050000429153442,1.6749999523162842,1.6970000267028809,16877560.0,44193556.0,761517.5625
2019-02-12,1.7070000171661377,1.725000023841858,1.6970000267028809,1.715999960899353,13756101.0,36255720.0,761517.5625
2019-02-13,1.718000054359436,1.7640000581741333,1.715000033378601,1.746999979019165,18872602.0,50291448.0,761517.5625
2019-02-14,1.7480000257492065,1.7599999904632568,1.7400000095367432,1.7519999742507935,8770497.0,23445888.0,761517.5625
2019-02-15,1.7489999532699585,1.7489999532699585,1.7089999914169312,1.7130000591278076,12139166.0,32211540.0,761517.5625
2019-02-18,1.722000002861023,1.7730000019073486,1.722000002861023,1.7730000019073486,10353918.0,27728100.0,761517.5625
2019-02-19,1.774999976158142,1.7910000085830688,1.7569999694824219,1.7690000534057617,11884218.0,32076612.0,761517.5625
2019-02-20,1.7710000276565552,1.7769999504089355,1.7569999694824219,1.7719999551773071,8753127.0,23579118.0,761517.5625
2019-02-21,1.7719999551773071,1.7860000133514404,1.75,1.753999948501587,11398376.0,30726652.0,761517.5625
2019-02-22,1.7549999952316284,1.7829999923706055,1.7419999837875366,1.781999945640564,11249053.0,30194176.0,761517.5625
2019-02-25,1.7879999876022339,1.9019999504089355,1.7879999876022339,1.899999976158142,32200990.0,88856624.0,761517.5625
2019-02-26,1.8930000066757202,1.9290000200271606,1.875,1.8830000162124634,22776076.0,64268276.0,761517.5625
2019-02-27,1.875,1.9229999780654907,1.8669999837875366,1.88100004196167,14709501.0,41486328.0,761517.5625
2019-02-28,1.8799999952316284,1.9019999504089355,1.875,1.8819999694824219,10027700.0,28204196.0,761517.5625
2019-03-01,1.8910000324249268,1.9110000133514404,1.8739999532699585,1.909999966621399,11799176.0,33227362.0,761517.5625
2019-03-04,1.9149999618530273,1.9850000143051147,1.9149999618530273,1.944000005722046,18469336.0,53018964.0,761517.5625
2019-03-05,1.940999984741211,1.9600000381469727,1.9270000457763672,1.9589999914169312,12732900.0,36509480.0,761517.5625
2019-03-06,1.9589999914169312,2.002000093460083,1.9420000314712524,1.99399995803833,18930662.0,54919772.0,761517.5625
2019-03-07,1.9910000562667847,2.000999927520752,1.9600000381469727,1.9850000143051147,20191302.0,58707876.0,761517.5625
2019-03-08,1.9620000123977661,1.9620000123977661,1.8650000095367432,1.8680000305175781,26531764.0,75256680.0,761517.5625
2019-03-11,1.8639999628067017,1.9110000133514404,1.8600000143051147,1.9049999713897705,12995614.0,36526820.0,761517.5625
2019-03-12,1.9249999523162842,1.9630000591278076,1.909000039100647,1.9329999685287476,12646164.0,36204004.0,761517.5625
2019-03-13,1.9329999685287476,1.9390000104904175,1.9079999923706055,1.9119999408721924,11096063.0,31583424.0,761517.5625
2019-03-14,1.9110000133514404,1.9329999685287476,1.8660000562667847,1.8799999952316284,12391324.0,34899604.0,761517.5625
2019-03-15,1.878999948501587,1.9270000457763672,1.878999948501587,1.906999945640564,9808619.0,27740596.0,761517.5625
2019-03-18,1.909000039100647,1.9850000143051147,1.9049999713897705,1.9819999933242798,15883929.0,45659416.0,761517.5625
2019-03-19,1.9839999675750732,2.002000093460083,1.965999960899353,1.9789999723434448,11000228.0,31970288.0,761517.5625
2019-03-20,1.968000054359436,1.9889999628067017,1.940999984741211,1.9769999980926514,9572310.0,27653320.0,761517.5625
2019-03-21,1.9800000190734863,2.006999969482422,1.9800000190734863,1.9919999837875366,12837328.0,37495252.0,761517.5625
2019-03-22,1.9910000562667847,2.000999927520752,1.9550000429153442,1.99399995803833,9566437.0,27760824.0,761517.5625
2019-03-25,1.9459999799728394,1.9880000352859497,1.9459999799728394,1.9509999752044678,11010600.0,31841228.0,761517.5625
2019-03-26,1.9529999494552612,1.9670000076293945,1.899999976158142,1.9049999713897705,15089900.0,43039272.0,761517.5625
2019-03-27,1.9199999570846558,1.9529999494552612,1.9160000085830688,1.9500000476837158,9794400.0,28033924.0,761517.5625
2019-03-28,1.9500000476837158,1.9639999866485596,1.9279999732971191,1.937000036239624,11554663.0,33199948.0,761517.5625
2019-03-29,1.937000036239624,2.000999927520752,1.9199999570846558,1.99399995803833,18476300.0,53332956.0,761517.5625
2019-04-01,1.996999979019165,2.075000047683716,1.996999979019165,2.071000099182129,19981368.0,59497544.0,761517.5625
2019-04-02,2.0820000171661377,2.0889999866485596,2.062999963760376,2.069000005722046,11909066.0,35741668.0,761517.5625
2019-04-03,2.065000057220459,2.1050000190734863,2.0369999408721924,2.1010000705718994,10899463.0,32703704.0,761517.5625
2019-04-04,2.118000030517578,2.1429998874664307,2.1050000190734863,2.135999917984009,11513230.0,35141504.0,761517.5625
2019-04-08,2.1449999809265137,2.1679999828338623,2.1059999465942383,2.1510000228881836,17567868.0,53863860.0,761517.5625
2019-04-09,2.1449999809265137,2.1549999713897705,2.130000114440918,2.1440000534057617,7148706.0,21938532.0,761517.5625
2019-04-10,2.134999990463257,2.1570000648498535,2.111999988555908,2.13700008392334,7483800.0,22860270.0,761517.5625
2019-04-11,2.13700008392334,2.1519999504089355,2.0959999561309814,2.109999895095825,9470800.0,28870634.0,761517.5625
2019-04-12,2.1050000190734863,2.1059999465942383,2.068000078201294,2.0859999656677246,9970400.0,30010572.0,761517.5625
2019-04-15,2.134999990463257,2.140000104904175,2.0759999752044678,2.0799999237060547,12220583.0,37174208.0,761517.5625
2019-04-16,2.0739998817443848,2.119999885559082,2.0399999618530273,2.119999885559082,16714339.0,50138596.0,761517.5625
2019-04-17,2.11899995803833,2.134000062942505,2.0969998836517334,2.124000072479248,12241800.0,37252116.0,761517.5625
2019-04-18,2.125,2.125,2.0969998836517334,2.0999999046325684,6874500.0,20861900.0,761517.5625
2019-04-19,2.0999999046325684,2.115000009536743,2.0769999027252197,2.1070001125335693,7292400.0,22040680.0,761517.5625
2019-04-22,2.109999895095825,2.11299991607666,2.0450000762939453,2.046999931335449,15326600.0,45867856.0,761517.5625
2019-04-23,2.0450000762939453,2.0490000247955322,2.0160000324249268,2.0199999809265137,14316900.0,42322796.0,761517.5625
2019-04-24,2.0199999809265137,2.0439999103546143,2.007999897003174,2.0409998893737793,10377706.0,30686316.0,761517.5625
2019-04-25,2.0399999618530273,2.0399999618530273,1.9709999561309814,1.9739999771118164,17306100.0,50502740.0,761517.5625
2019-04-26,1.9730000495910645,1.9730000495910645,1.9359999895095825,1.940000057220459,17183004.0,49438124.0,761517.5625
2019-04-29,1.940000057220459,1.9579999446868896,1.9210000038146973,1.9220000505447388,14758370.0,42265400.0,761517.5625
2019-04-30,1.9240000247955322,1.9520000219345093,1.9199999570846558,1.9490000009536743,9953701.0,28485508.0,761517.5625
2019-05-06,1.906000018119812,1.909999966621399,1.784999966621399,1.815999984741211,37469300.0,103606680.0,761517.5625
2019-05-07,1.8209999799728394,1.8539999723434448,1.8209999799728394,1.8459999561309814,15909220.0,43976252.0,761517.5625
2019-05-08,1.815999984741211,1.8480000495910645,1.7949999570846558,1.815999984741211,15231121.0,41804380.0,761517.5625
2019-05-09,1.8020000457763672,1.8109999895095825,1.7730000019073486,1.774999976158142,18154000.0,49248656.0,761517.5625
2019-05-10,1.7899999618530273,1.8380000591278076,1.7519999742507935,1.8350000381469727,20818606.0,56921456.0,761517.5625
2019-05-13,1.7949999570846558,1.8140000104904175,1.7899999618530273,1.7970000505447388,11791900.0,32139558.0,761517.5625
2019-05-14,1.7869999408721924,1.7970000505447388,1.7740000486373901,1.781000018119812,11340800.0,30751232.0,761517.5625
2019-05-15,1.7940000295639038,1.8279999494552612,1.7929999828338623,1.8220000267028809,11277200.0,30849940.0,761517.5625
2019-05-16,1.8220000267028809,1.8380000591278076,1.7960000038146973,1.8350000381469727,8048200.0,22156408.0,761517.5625
2019-05-17,1.8350000381469727,1.8420000076293945,1.7760000228881836,1.7790000438690186,13760800.0,37483836.0,761517.5625
2019-05-20,1.7790000438690186,1.7899999618530273,1.746999979019165,1.7660000324249268,11411600.0,30662880.0,761517.5625
2019-05-21,1.7710000276565552,1.8079999685287476,1.7640000581741333,1.7929999828338623,9076000.0,24648934.0,761517.5625
2019-05-22,1.7920000553131104,1.7999999523162842,1.777999997138977,1.7899999618530273,5255600.0,14267884.0,761517.5625
2019-05-23,1.784000039100647,1.784000039100647,1.7599999904632568,1.7619999647140503,12771400.0,34408988.0,761517.5625
2019-05-24,1.7640000581741333,1.774999976158142,1.7549999952316284,1.7619999647140503,9506101.0,25543600.0,761517.5625
2019-05-27,1.7619999647140503,1.7899999618530273,1.746000051498413,1.7890000343322754,10899806.0,29347968.0,761517.5625
2019-05-28,1.7890000343322754,1.812000036239624,1.781000018119812,1.7899999618530273,9953606.0,27103626.0,761517.5625
2019-05-29,1.7899999618530273,1.8020000457763672,1.7860000133514404,1.7929999828338623,6368555.0,17308900.0,761517.5625
2019-05-30,1.7890000343322754,1.7929999828338623,1.7740000486373901,1.7929999828338623,6555000.0,17737384.0,761517.5625
2019-05-31,1.7920000553131104,1.8049999475479126,1.784999966621399,1.7879999876022339,5186200.0,14103418.0,761517.5625
2019-06-03,1.7960000038146973,1.8040000200271606,1.7699999809265137,1.7760000228881836,8375100.0,22695758.0,761517.5625
2019-06-04,1.774999976158142,1.7760000228881836,1.7630000114440918,1.7660000324249268,6903800.0,18585086.0,761517.5625
2019-06-05,1.7860000133514404,1.7929999828338623,1.7730000019073486,1.7769999504089355,8916800.0,24119472.0,761517.5625
2019-06-06,1.774999976158142,1.774999976158142,1.75,1.75,11291600.0,30304556.0,761517.5625
2019-06-10,1.7599999904632568,1.7869999408721924,1.75600004196167,1.7740000486373901,5803000.0,15662269.0,761517.5625
2019-06-11,1.777999997138977,1.8350000381469727,1.7760000228881836,1.8339999914169312,16138607.0,44160780.0,761517.5625
2019-06-12,1.8309999704360962,1.8309999704360962,1.8109999895095825,1.815999984741211,6356907.0,17443780.0,761517.5625
2019-06-13,1.815000057220459,1.815999984741211,1.7899999618530273,1.8070000410079956,8634900.0,23567496.0,761517.5625
2019-06-14,1.8009999990463257,1.815000057220459,1.781999945640564,1.7829999923706055,7694200.0,20937720.0,761517.5625
2019-06-17,1.7829999923706055,1.8009999990463257,1.7769999504089355,1.7910000085830688,5010882.0,13610065.0,761517.5625
2019-06-18,1.7920000553131104,1.7990000247955322,1.7869999408721924,1.7940000295639038,6167600.0,16757763.0,761517.5625
2019-06-19,1.8320000171661377,1.843000054359436,1.812999963760376,1.812999963760376,12744082.0,35039584.0,761517.5625
2019-06-20,1.812999963760376,1.871000051498413,1.809999942779541,1.8609999418258667,19752252.0,54629864.0,761517.5625
2019-06-21,1.8609999418258667,1.878000020980835,1.8559999465942383,1.8669999837875366,10202745.0,28488506.0,761517.5625
2019-06-24,1.8669999837875366,1.871999979019165,1.8580000400543213,1.86899995803833,9740500.0,27183324.0,761517.5625
2019-06-25,1.8680000305175781,1.8700000047683716,1.8259999752044678,1.843999981880188,9426145.0,26088820.0,761517.5625
2019-06-26,1.8389999866485596,1.8559999465942383,1.8350000381469727,1.850000023841858,5262345.0,14591724.0,761517.5625
2019-06-27,1.8519999980926514,1.8799999952316284,1.8519999980926514,1.871999979019165,8125745.0,22725420.0,761517.5625
2019-06-28,1.871999979019165,1.8739999532699585,1.8489999771118164,1.8609999418258667,13669000.0,37996780.0,761517.5625
2019-07-01,1.9049999713897705,1.9049999713897705,1.8880000114440918,1.9010000228881836,11400653.0,32176884.0,761517.5625
2019-07-02,1.899999976158142,1.9160000085830688,1.8940000534057617,1.9140000343322754,10101501.0,28588184.0,761517.5625
2019-07-03,1.9129999876022339,1.9199999570846558,1.902999997138977,1.9160000085830688,7831800.0,22217372.0,761517.5625
2019-07-04,1.9129999876022339,1.930999994277954,1.9049999713897705,1.9129999876022339,8374201.0,23820866.0,761517.5625
2019-07-05,1.9140000343322754,1.9220000505447388,1.9019999504089355,1.9179999828338623,3523300.0,9995864.0,761517.5625
2019-07-08,1.9119999408721924,1.9179999828338623,1.8459999561309814,1.8569999933242798,12843400.0,35863776.0,761517.5625
2019-07-09,1.8559999465942383,1.8669999837875366,1.850000023841858,1.8539999723434448,5234700.0,14558709.0,761517.5625
2019-07-10,1.8539999723434448,1.8630000352859497,1.8329999446868896,1.8380000591278076,6389000.0,17695528.0,761517.5625
2019-07-11,1.843000054359436,1.8589999675750732,1.8329999446868896,1.8389999866485596,7109800.0,19687326.0,761517.5625
2019-07-12,1.8420000076293945,1.8550000190734863,1.8350000381469727,1.8519999980926514,3754721.0,10414967.0,761517.5625
2019-07-15,1.8509999513626099,1.8619999885559082,1.8109999895095825,1.8530000448226929,6603121.0,18220808.0,761517.5625
2019-07-16,1.8519999980926514,1.8600000143051147,1.8459999561309814,1.8550000190734863,4029128.0,11195543.0,761517.5625
2019-07-17,1.8519999980926514,1.8589999675750732,1.843000054359436,1.8519999980926514,3290300.0,9140199.0,761517.5625
2019-07-18,1.8459999561309814,1.8459999561309814,1.8259999752044678,1.8259999752044678,6934300.0,19122846.0,761517.5625
2019-07-19,1.8250000476837158,1.8539999723434448,1.8250000476837158,1.843000054359436,4148700.0,11478627.0,761517.5625
2019-07-22,1.843000054359436,1.8509999513626099,1.8170000314712524,1.8220000267028809,6271000.0,17267514.0,761517.5625
2019-07-23,1.8250000476837158,1.8339999914169312,1.8229999542236328,1.8329999446868896,3454200.0,9511079.0,761517.5625
2019-07-24,1.8350000381469727,1.8630000352859497,1.8350000381469727,1.8539999723434448,5701200.0,15853472.0,761517.5625
2019-07-25,1.8559999465942383,1.8700000047683716,1.8550000190734863,1.86899995803833,5254800.0,14649366.0,761517.5625
2019-07-26,1.8680000305175781,1.8830000162124634,1.8619999885559082,1.8799999952316284,5704900.0,15958721.0,761517.5625
2019-07-29,1.8799999952316284,1.8869999647140503,1.875,1.8849999904632568,5855200.0,16437983.0,761517.5625
2019-07-30,1.8830000162124634,1.909000039100647,1.8830000162124634,1.9010000228881836,4585400.0,12957256.0,761517.5625
2019-07-31,1.8969999551773071,1.8969999551773071,1.878000020980835,1.8830000162124634,4439200.0,12470634.0,761517.5625
2019-08-01,1.8799999952316284,1.8799999952316284,1.8559999465942383,1.8619999885559082,5762000.0,16078977.0,761517.5625
2019-08-02,1.8240000009536743,1.8279999494552612,1.815999984741211,1.8259999752044678,15467300.0,42477396.0,761517.5625
2019-08-05,1.8220000267028809,1.8220000267028809,1.777999997138977,1.781000018119812,15845700.0,43107292.0,761517.5625
2019-08-06,1.7549999952316284,1.7569999694824219,1.7050000429153442,1.7350000143051147,20316200.0,53981176.0,761517.5625
2019-08-07,1.7419999837875366,1.7450000047683716,1.7269999980926514,1.7269999980926514,7581100.0,20166128.0,761517.5625
2019-08-08,1.7359999418258667,1.7519999742507935,1.7359999418258667,1.7480000257492065,5337200.0,14252062.0,761517.5625
2019-08-09,1.7580000162124634,1.7599999904632568,1.7410000562667847,1.75,8503200.0,22741168.0,761517.5625
2019-08-12,1.7489999532699585,1.7790000438690186,1.7450000047683716,1.7790000438690186,5731200.0,15395697.0,761517.5625
2019-08-13,1.7690000534057617,1.7690000534057617,1.7599999904632568,1.7630000114440918,5568300.0,14969555.0,761517.5625
2019-08-14,1.777999997138977,1.7940000295639038,1.7669999599456787,1.7690000534057617,6531200.0,17674500.0,761517.5625
2019-08-15,1.746999979019165,1.7860000133514404,1.7319999933242798,1.7829999923706055,6292800.0,16908254.0,761517.5625
2019-08-16,1.7869999408721924,1.7940000295639038,1.7769999504089355,1.784000039100647,5145800.0,13946322.0,761517.5625
2019-08-19,1.7860000133514404,1.8289999961853027,1.7860000133514404,1.8279999494552612,10329821.0,28256522.0,761517.5625
2019-08-20,1.8289999961853027,1.8350000381469727,1.819000005722046,1.8339999914169312,7522221.0,20702404.0,761517.5625
2019-08-21,1.8320000171661377,1.8380000591278076,1.8259999752044678,1.8329999446868896,4496500.0,12398310.0,761517.5625
2019-08-22,1.8329999446868896,1.8350000381469727,1.815999984741211,1.8250000476837158,6121200.0,16819856.0,761517.5625
2019-08-23,1.8250000476837158,1.8350000381469727,1.815999984741211,1.8320000171661377,8899399.0,24481652.0,761517.5625
2019-08-26,1.8049999475479126,1.8229999542236328,1.7960000038146973,1.819000005722046,6815923.0,18642232.0,761517.5625
2019-08-27,1.819000005722046,1.8639999628067017,1.8170000314712524,1.8550000190734863,12087000.0,33521612.0,761517.5625
2019-08-28,1.8489999771118164,1.8559999465942383,1.8359999656677246,1.8420000076293945,5860100.0,16229891.0,761517.5625
2019-08-29,1.8450000286102295,1.847000002861023,1.8220000267028809,1.8289999961853027,6433200.0,17719684.0,761517.5625
2019-08-30,1.8370000123977661,1.8480000495910645,1.8109999895095825,1.8140000104904175,9372901.0,25820808.0,761517.5625
2019-09-02,1.815999984741211,1.8550000190734863,1.815999984741211,1.8450000286102295,7149500.0,19779892.0,761517.5625
2019-09-03,1.8459999561309814,1.8539999723434448,1.8420000076293945,1.8539999723434448,4407500.0,12214883.0,761517.5625
2019-09-04,1.8539999723434448,1.8930000066757202,1.8509999513626099,1.8899999856948853,8658002.0,24209026.0,761517.5625
2019-09-05,1.899999976158142,1.940999984741211,1.8990000486373901,1.9129999876022339,12417900.0,35393476.0,761517.5625
2019-09-06,1.9149999618530273,1.9270000457763672,1.9110000133514404,1.9249999523162842,7628900.0,21704300.0,761517.5625
2019-09-09,1.9450000524520874,1.9520000219345093,1.9299999475479126,1.9390000104904175,6233900.0,17839172.0,761517.5625
2019-09-10,1.9390000104904175,1.940000057220459,1.9220000505447388,1.9299999475479126,4972306.0,14181160.0,761517.5625
2019-09-11,1.934000015258789,1.937999963760376,1.9220000505447388,1.9240000247955322,6822006.0,19462514.0,761517.5625
2019-09-12,1.9249999523162842,1.9470000267028809,1.9249999523162842,1.940999984741211,5873000.0,16807248.0,761517.5625
2019-09-16,1.944000005722046,1.9559999704360962,1.9420000314712524,1.9500000476837158,6651600.0,19121274.0,761517.5625
2019-09-17,1.9479999542236328,1.9479999542236328,1.9049999713897705,1.9149999618530273,7858640.0,22380682.0,761517.5625
2019-09-18,1.9170000553131104,1.9229999780654907,1.9129999876022339,1.9179999828338623,3842000.0,10917302.0,761517.5625
2019-09-19,1.9170000553131104,1.9210000038146973,1.909000039100647,1.9210000038146973,2934876.0,8337154.0,761517.5625
2019-09-20,1.9220000505447388,1.9279999732971191,1.9190000295639038,1.9220000505447388,3212776.0,9150487.0,761517.5625
2019-09-23,1.9199999570846558,1.9210000038146973,1.88100004196167,1.8940000534057617,7401253.0,20841668.0,761517.5625
2019-09-24,1.8969999551773071,1.9129999876022339,1.8910000324249268,1.8969999551773071,4732500.0,13370587.0,761517.5625
2019-09-25,1.8969999551773071,1.8969999551773071,1.8680000305175781,1.8700000047683716,6489500.0,18174404.0,761517.5625
2019-09-26,1.8739999532699585,1.8839999437332153,1.8650000095367432,1.8700000047683716,6083700.0,17019124.0,761517.5625
2019-09-27,1.8700000047683716,1.871999979019165,1.8509999513626099,1.8559999465942383,7613100.0,21180060.0,761517.5625
2019-09-30,1.8539999723434448,1.8569999933242798,1.8309999704360962,1.8380000591278076,9006600.0,24952576.0,761517.5625
2019-10-08,1.840999960899353,1.8550000190734863,1.8329999446868896,1.8480000495910645,5939255.0,16456234.0,761517.5625
2019-10-09,1.843000054359436,1.8730000257492065,1.8359999656677246,1.8700000047683716,5526900.0,15394187.0,761517.5625
2019-10-10,1.871000051498413,1.8830000162124634,1.8700000047683716,1.8819999694824219,5682655.0,15915777.0,761517.5625
2019-10-11,1.8860000371932983,1.9170000553131104,1.8860000371932983,1.9110000133514404,9632155.0,27220660.0,761517.5625
2019-10-14,1.9160000085830688,1.9520000219345093,1.9160000085830688,1.937000036239624,11154208.0,31933960.0,761517.5625
2019-10-15,1.9359999895095825,1.9390000104904175,1.9190000295639038,1.9240000247955322,5261453.0,15001217.0,761517.5625
2019-10-16,1.9199999570846558,1.9429999589920044,1.9140000343322754,1.9170000553131104,5507953.0,15690843.0,761517.5625
2019-10-17,1.906000018119812,1.9170000553131104,1.8960000276565552,1.9019999504089355,4690053.0,13275149.0,761517.5625
2019-10-18,1.9049999713897705,1.9129999876022339,1.8639999628067017,1.8730000257492065,8946211.0,25126580.0,761517.5625
2019-10-21,1.871999979019165,1.8830000162124634,1.8569999933242798,1.878000020980835,5869243.0,16409816.0,761517.5625
2019-10-22,1.878999948501587,1.8839999437332153,1.8669999837875366,1.8819999694824219,6054900.0,16957232.0,761517.5625
2019-10-23,1.8819999694824219,1.8849999904632568,1.871000051498413,1.8769999742507935,3895200.0,10921840.0,761517.5625
2019-10-24,1.8730000257492065,1.8880000114440918,1.86899995803833,1.8819999694824219,3712506.0,10410815.0,761517.5625
2019-10-25,1.8799999952316284,1.8849999904632568,1.8619999885559082,1.8849999904632568,5371353.0,15035453.0,761517.5625
2019-10-28,1.8839999437332153,1.8969999551773071,1.8839999437332153,1.8949999809265137,9273401.0,26110860.0,761517.5625
2019-10-29,1.8949999809265137,1.8949999809265137,1.8830000162124634,1.8830000162124634,5480100.0,15408423.0,761517.5625
2019-10-30,1.8799999952316284,1.8799999952316284,1.847000002861023,1.8519999980926514,11233901.0,31241138.0,761517.5625
2019-10-31,1.8519999980926514,1.8530000448226929,1.8359999656677246,1.840000033378601,8996455.0,24917226.0,761517.5625
2019-11-01,1.8370000123977661,1.8660000562667847,1.8309999704360962,1.8639999628067017,7617755.0,21140052.0,761517.5625
2019-11-04,1.8650000095367432,1.8799999952316284,1.8600000143051147,1.871999979019165,7668443.0,21466840.0,761517.5625
2019-11-05,1.8760000467300415,1.902999997138977,1.86899995803833,1.8860000371932983,9269481.0,26049068.0,761517.5625
2019-11-06,1.8860000371932983,1.8860000371932983,1.8650000095367432,1.86899995803833,6579183.0,18430862.0,761517.5625
2019-11-07,1.86899995803833,1.8819999694824219,1.8680000305175781,1.8760000467300415,4931692.0,13803365.0,761517.5625
2019-11-08,1.8949999809265137,1.8960000276565552,1.8619999885559082,1.8660000562667847,6967800.0,19519796.0,761517.5625
2019-11-11,1.8600000143051147,1.8600000143051147,1.8140000104904175,1.815000057220459,22050900.0,60754920.0,761517.5625
2019-11-12,1.815000057220459,1.8220000267028809,1.8049999475479126,1.8200000524520874,10019353.0,27453928.0,761517.5625
2019-11-13,1.8170000314712524,1.8170000314712524,1.8029999732971191,1.8070000410079956,9563200.0,26134996.0,761517.5625
2019-11-14,1.8070000410079956,1.809000015258789,1.7979999780654907,1.8049999475479126,6215200.0,16961020.0,761517.5625
2019-11-15,1.8049999475479126,1.8079999685287476,1.7899999618530273,1.7899999618530273,10174100.0,27705192.0,761517.5625
2019-11-18,1.7920000553131104,1.8049999475479126,1.777999997138977,1.8040000200271606,8403398.0,22819152.0,761517.5625
2019-11-19,1.809000015258789,1.8259999752044678,1.8029999732971191,1.8250000476837158,7039700.0,19317838.0,761517.5625
2019-11-20,1.8259999752044678,1.8289999961853027,1.8109999895095825,1.812999963760376,15329500.0,42057176.0,761517.5625
2019-11-21,1.809999942779541,1.815999984741211,1.7999999523162842,1.8109999895095825,4473300.0,12231808.0,761517.5625
2019-11-22,1.815000057220459,1.8309999704360962,1.8040000200271606,1.812999963760376,6952800.0,19048944.0,761517.5625
2019-11-25,1.812999963760376,1.8489999771118164,1.812000036239624,1.843999981880188,12577100.0,34674320.0,761517.5625
2019-11-26,1.8530000448226929,1.8539999723434448,1.8350000381469727,1.8380000591278076,5616800.0,15538104.0,761517.5625
2019-11-27,1.8380000591278076,1.8420000076293945,1.8270000219345093,1.8320000171661377,4552210.0,12560721.0,761517.5625
2019-11-28,1.8300000429153442,1.8359999656677246,1.8220000267028809,1.8250000476837158,6077400.0,16718403.0,761517.5625
2019-11-29,1.8220000267028809,1.8300000429153442,1.812999963760376,1.819000005722046,6125630.0,16811716.0,761517.5625
2019-12-02,1.8179999589920044,1.8380000591278076,1.8179999589920044,1.8270000219345093,7437600.0,20488274.0,761517.5625
2019-12-03,1.8250000476837158,1.8309999704360962,1.8140000104904175,1.8300000429153442,5204803.0,14296265.0,761517.5625
2019-12-04,1.8200000524520874,1.8289999961853027,1.809000015258789,1.815999984741211,7520901.0,20616694.0,761517.5625
2019-12-05,1.8220000267028809,1.8320000171661377,1.819000005722046,1.8289999961853027,14268211.0,39255704.0,761517.5625
2019-12-06,1.8279999494552612,1.8309999704360962,1.815999984741211,1.8240000009536743,8493800.0,23331690.0,761517.5625
2019-12-09,1.8229999542236328,1.8420000076293945,1.8229999542236328,1.840000033378601,10090000.0,27829928.0,761517.5625
2019-12-10,1.840000033378601,1.847000002861023,1.8370000123977661,1.847000002861023,8416290.0,23279552.0,761517.5625
2019-12-11,1.847000002861023,1.8660000562667847,1.847000002861023,1.8619999885559082,20977900.0,58434316.0,761517.5625
2019-12-12,1.8619999885559082,1.8650000095367432,1.8559999465942383,1.8609999418258667,7917750.0,22050408.0,761517.5625
2019-12-13,1.8730000257492065,1.8960000276565552,1.8730000257492065,1.8919999599456787,12437900.0,34946632.0,761517.5625
2019-12-16,1.9010000228881836,1.9170000553131104,1.899999976158142,1.9160000085830688,13949249.0,39520760.0,761517.5625
2019-12-17,1.9160000085830688,1.9529999494552612,1.906999945640564,1.934999942779541,19326500.0,55181056.0,761517.5625
2019-12-18,1.934999942779541,1.9459999799728394,1.9270000457763672,1.9299999475479126,12622800.0,36127960.0,761517.5625
2019-12-19,1.9329999685287476,1.940000057220459,1.9290000200271606,1.937999963760376,13892591.0,39725148.0,761517.5625
2019-12-20,1.940000057220459,1.9420000314712524,1.9210000038146973,1.9229999780654907,11431000.0,32658864.0,761517.5625
2019-12-23,1.9229999780654907,1.9259999990463257,1.8890000581741333,1.8919999599456787,14617300.0,41409668.0,761517.5625
2019-12-24,1.8930000066757202,1.9010000228881836,1.88100004196167,1.899999976158142,14149300.0,39826824.0,761517.5625
2019-12-25,1.899999976158142,1.9019999504089355,1.8899999856948853,1.899999976158142,8047400.0,22709712.0,761517.5625
2019-12-26,1.9019999504089355,1.9290000200271606,1.9010000228881836,1.9279999732971191,7753852.0,22034426.0,761517.5625
2019-12-27,1.9299999475479126,1.9479999542236328,1.9299999475479126,1.9299999475479126,12930400.0,37016128.0,761517.5625
2019-12-30,1.9279999732971191,1.9550000429153442,1.9210000038146973,1.9539999961853027,14370501.0,41197180.0,761517.5625
2019-12-31,1.9539999961853027,1.975000023841858,1.9500000476837158,1.972000002861023,13474858.0,38845524.0,761517.5625
2020-01-02,1.9850000143051147,2.0179998874664307,1.9850000143051147,2.009000062942505,21465600.0,62973572.0,761517.5625
2020-01-03,2.009000062942505,2.0139999389648438,1.9930000305175781,2.002000093460083,18358800.0,53770240.0,761517.5625
2020-01-06,1.9980000257492065,2.0199999809265137,1.9910000562667847,1.996000051498413,15483437.0,45362864.0,761517.5625
2020-01-07,1.99399995803833,2.0169999599456787,1.99399995803833,2.0160000324249268,11067900.0,32464816.0,761517.5625
2020-01-08,2.0139999389648438,2.0139999389648438,1.9889999628067017,1.996000051498413,33632500.0,98451936.0,761517.5625
2020-01-09,2.005000114440918,2.0209999084472656,2.005000114440918,2.0190000534057617,30841600.0,90678072.0,761517.5625
2020-01-10,2.0209999084472656,2.0260000228881836,1.9980000257492065,2.009999990463257,27117800.0,79515320.0,761517.5625
2020-01-13,2.010999917984009,2.0230000019073486,1.9980000257492065,2.0209999084472656,15377228.0,45113384.0,761517.5625
2020-01-14,2.0290000438690186,2.0409998893737793,2.0260000228881836,2.0360000133514404,33683100.0,99691696.0,761517.5625
2020-01-15,2.0339999198913574,2.0369999408721924,2.009999990463257,2.0260000228881836,27896176.0,82198872.0,761517.5625
2020-01-16,2.0260000228881836,2.0290000438690186,2.0139999389648438,2.0220000743865967,13418300.0,39505600.0,761517.5625
2020-01-17,2.0190000534057617,2.0350000858306885,1.9989999532699585,2.003000020980835,50045800.0,139739872.0,-761517.5625
2020-01-20,2.003000020980835,2.007999897003174,1.9889999628067017,2.003000020980835,17899418.0,49786068.0,761517.5625
2020-01-21,2.003000020980835,2.0190000534057617,1.9500000476837158,1.9520000219345093,37772200.0,103736488.0,761517.5625
2020-01-22,1.9509999752044678,1.9609999656677246,1.9129999876022339,1.9479999542236328,28097100.0,76434952.0,761517.5625
2020-01-23,1.9390000104904175,1.9490000009536743,1.8680000305175781,1.8860000371932983,52207000.0,140102816.0,761517.5625
2020-02-03,1.6749999523162842,1.6749999523162842,1.628999948501587,1.6369999647140503,112035248.0,273345280.0,761517.5625
2020-02-04,1.6369999647140503,1.7020000219345093,1.6319999694824219,1.7009999752044678,48179164.0,118270912.0,761517.5625
2020-02-05,1.7020000219345093,1.7519999742507935,1.6950000524520874,1.7330000400543213,48715800.0,122103112.0,761517.5625
2020-02-06,1.7350000143051147,1.7489999532699585,1.7089999914169312,1.7389999628067017,40017228.0,100369280.0,761517.5625
2020-02-07,1.7319999933242798,1.7339999675750732,1.7089999914169312,1.7330000400543213,28510302.0,71327680.0,761517.5625
2020-02-10,1.7319999933242798,1.7769999504089355,1.715000033378601,1.7760000228881836,48961840.0,123865008.0,761517.5625
2020-02-11,1.781999945640564,1.8040000200271606,1.7719999551773071,1.7899999618530273,23276100.0,59931700.0,761517.5625
2020-02-12,1.7899999618530273,1.7970000505447388,1.7760000228881836,1.7970000505447388,15841800.0,40669800.0,761517.5625
2020-02-13,1.7949999570846558,1.7999999523162842,1.7790000438690186,1.781000018119812,16242100.0,41735460.0,761517.5625
2020-02-14,1.777999997138977,1.7970000505447388,1.7769999504089355,1.7960000038146973,13772501.0,35369096.0,761517.5625
2020-02-17,1.7960000038146973,1.8420000076293945,1.7960000038146973,1.840999960899353,20454524.0,53193444.0,761517.5625
2020-02-18,1.8420000076293945,1.8539999723434448,1.8309999704360962,1.843000054359436,19276778.0,50549236.0,761517.5625
2020-02-19,1.8420000076293945,1.8530000448226929,1.8339999914169312,1.840999960899353,16729928.0,43943940.0,761517.5625
2020-02-20,1.840999960899353,1.878000020980835,1.8380000591278076,1.8769999742507935,27621300.0,72937112.0,761517.5625
2020-02-21,1.8769999742507935,1.9110000133514404,1.8739999532699585,1.8930000066757202,34861600.0,93242672.0,761517.5625
2020-02-24,1.8910000324249268,1.8910000324249268,1.8569999933242798,1.875,29550844.0,78397392.0,761517.5625
2020-02-25,1.843999981880188,1.8450000286102295,1.7990000247955322,1.840999960899353,32986360.0,86201912.0,761517.5625
2020-02-26,1.809000015258789,1.8799999952316284,1.809000015258789,1.8480000495910645,29497556.0,77769728.0,761517.5625
2020-02-27,1.8530000448226929,1.871000051498413,1.843999981880188,1.850000023841858,15448549.0,40738832.0,761517.5625
2020-02-28,1.819000005722046,1.8200000524520874,1.7640000581741333,1.7769999504089355,45632100.0,117307848.0,761517.5625
2020-03-02,1.777999997138977,1.8630000352859497,1.777999997138977,1.8559999465942383,25554100.0,66931760.0,761517.5625
2020-03-03,1.878999948501587,1.8990000486373901,1.847000002861023,1.8630000352859497,27956618.0,74123984.0,761517.5625
2020-03-04,1.8559999465942383,1.8880000114440918,1.8480000495910645,1.8869999647140503,19448548.0,51504816.0,761517.5625
2020-03-05,1.8940000534057617,1.9149999618530273,1.8910000324249268,1.909000039100647,26597932.0,71445256.0,761517.5625
2020-03-06,1.8940000534057617,1.8940000534057617,1.8739999532699585,1.8860000371932983,15650597.0,41700404.0,761517.5625
2020-03-09,1.840000033378601,1.8489999771118164,1.812000036239624,1.815000057220459,30188172.0,78723000.0,761517.5625
2020-03-10,1.809000015258789,1.8580000400543213,1.7970000505447388,1.8519999980926514,24092650.0,62780320.0,761517.5625
2020-03-11,1.8519999980926514,1.8619999885559082,1.8350000381469727,1.8359999656677246,28118900.0,73949016.0,761517.5625
2020-03-12,1.815999984741211,1.8170000314712524,1.7869999408721924,1.7949999570846558,47657300.0,123026416.0,761517.5625
2020-03-13,1.718999981880188,1.7710000276565552,1.690000057220459,1.7510000467300415,49634648.0,123932272.0,761517.5625
2020-03-16,1.753999948501587,1.781999945640564,1.684999942779541,1.6929999589920044,70245872.0,175597104.0,761517.5625
2020-03-17,1.694000005722046,1.718999981880188,1.6339999437332153,1.6699999570846558,68388264.0,167649520.0,761517.5625
2020-03-18,1.6799999475479126,1.7009999752044678,1.6369999647140503,1.6440000534057617,21863200.0,53621864.0,761517.5625
2020-03-19,1.6390000581741333,1.6430000066757202,1.565000057220459,1.6009999513626099,68702264.0,163124928.0,761517.5625
2020-03-20,1.6109999418258667,1.6269999742507935,1.593999981880188,1.6260000467300415,45074184.0,107946088.0,761517.5625
2020-03-23,1.5880000591278076,1.5880000591278076,1.5449999570846558,1.5509999990463257,49328364.0,115581760.0,761517.5625
2020-03-24,1.5870000123977661,1.597000002861023,1.559999942779541,1.593000054359436,17001240.0,40135108.0,761517.5625
2020-03-25,1.63100004196167,1.656999945640564,1.6269999742507935,1.649999976158142,19826540.0,47980376.0,761517.5625
2020-03-26,1.6469999551773071,1.6490000486373901,1.6299999952316284,1.6319999694824219,11516199.0,27863056.0,761517.5625
2020-03-27,1.6519999504089355,1.6679999828338623,1.6419999599456787,1.6449999809265137,13388400.0,32569254.0,761517.5625
2020-03-30,1.6269999742507935,1.6339999437332153,1.6050000190734863,1.6230000257492065,11349053.0,27207592.0,761517.5625
2020-03-31,1.6369999647140503,1.6430000066757202,1.6160000562667847,1.6180000305175781,11625840.0,27981640.0,761517.5625
2020-04-01,1.6180000305175781,1.63100004196167,1.6019999980926514,1.6019999980926514,15514879.0,37211016.0,761517.5625
2020-04-02,1.5989999771118164,1.6299999952316284,1.569000005722046,1.628000020980835,9669171.0,23115620.0,761517.5625
2020-04-03,1.628000020980835,1.6330000162124634,1.6119999885559082,1.621000051498413,11607900.0,27870440.0,761517.5625
2020-04-07,1.6430000066757202,1.6579999923706055,1.6410000324249268,1.656000018119812,29299432.0,71197072.0,761517.5625
2020-04-08,1.652999997138977,1.6579999923706055,1.6430000066757202,1.656999945640564,17540056.0,42638472.0,761517.5625
2020-04-09,1.659000039100647,1.6670000553131104,1.6549999713897705,1.656000018119812,10279134.0,25092264.0,761517.5625
2020-04-10,1.656000018119812,1.6619999408721924,1.6339999437332153,1.6390000581741333,12059576.0,29270704.0,761517.5625
2020-04-13,1.6390000581741333,1.6399999856948853,1.6200000047683716,1.628999948501587,14483012.0,34854720.0,761517.5625
2020-04-14,1.6319999694824219,1.6540000438690186,1.6319999694824219,1.652999997138977,8102577.0,19635708.0,761517.5625
2020-04-15,1.6549999713897705,1.6579999923706055,1.6399999856948853,1.6440000534057617,10541901.0,25590180.0,761517.5625
2020-04-16,1.6399999856948853,1.6430000066757202,1.628999948501587,1.6360000371932983,7619700.0,18407450.0,761517.5625
2020-04-17,1.6430000066757202,1.6540000438690186,1.6399999856948853,1.6430000066757202,11883921.0,28853016.0,761517.5625
2020-04-20,1.6430000066757202,1.6469999551773071,1.6349999904632568,1.6460000276565552,7853968.0,19036158.0,761517.5625
2020-04-21,1.6449999809265137,1.6449999809265137,1.6160000562667847,1.6299999952316284,15734320.0,37874120.0,761517.5625
2020-04-22,1.6230000257492065,1.6319999694824219,1.6130000352859497,1.63100004196167,10132561.0,24349178.0,761517.5625
2020-04-23,1.6319999694824219,1.6360000371932983,1.621999979019165,1.6230000257492065,7994500.0,19257912.0,761517.5625
2020-04-24,1.621999979019165,1.6230000257492065,1.6009999513626099,1.6050000190734863,37980200.0,90883920.0,761517.5625
2020-04-27,1.6059999465942383,1.6200000047683716,1.6050000190734863,1.6160000562667847,10356299.0,24798664.0,761517.5625
2020-04-28,1.6139999628067017,1.6150000095367432,1.565000057220459,1.5980000495910645,17382100.0,41270508.0,761517.5625
2020-04-29,1.597000002861023,1.6349999904632568,1.593999981880188,1.6299999952316284,48644248.0,117150976.0,761517.5625
2020-04-30,1.6319999694824219,1.6710000038146973,1.6319999694824219,1.6710000038146973,19040568.0,46484088.0,761517.5625
2020-05-06,1.6610000133514404,1.6699999570846558,1.6410000324249268,1.6699999570846558,13009169.0,31727832.0,761517.5625
2020-05-07,1.6699999570846558,1.6740000247955322,1.659000039100647,1.6710000038146973,10075828.0,24666260.0,761517.5625
2020-05-08,1.6720000505447388,1.690999984741211,1.6720000505447388,1.687999963760376,11128490.0,27419100.0,761517.5625
2020-05-11,1.687999963760376,1.7020000219345093,1.6759999990463257,1.6859999895095825,21041200.0,51939192.0,761517.5625
2020-05-12,1.6859999895095825,1.687999963760376,1.6649999618530273,1.6749999523162842,10720100.0,26317436.0,761517.5625
2020-05-13,1.6690000295639038,1.6799999475479126,1.659999966621399,1.6770000457763672,9637900.0,23617878.0,761517.5625
2020-05-14,1.6770000457763672,1.6779999732971191,1.652999997138977,1.652999997138977,77861696.0,190026192.0,761517.5625
2020-05-15,1.6549999713897705,1.6629999876022339,1.6460000276565552,1.6480000019073486,25505300.0,62064872.0,761517.5625
2020-05-18,1.6490000486373901,1.6549999713897705,1.6410000324249268,1.6480000019073486,8652600.0,21022956.0,761517.5625
2020-05-19,1.6540000438690186,1.6649999618530273,1.649999976158142,1.656000018119812,6950400.0,16948798.0,761517.5625
2020-05-20,1.656000018119812,1.656999945640564,1.6380000114440918,1.6399999856948853,13320500.0,32309728.0,761517.5625
2020-05-21,1.6410000324249268,1.6460000276565552,1.628999948501587,1.6319999694824219,9665100.0,23388836.0,761517.5625
2020-05-22,1.6330000162124634,1.6339999437332153,1.590000033378601,1.5980000495910645,27280200.0,65090336.0,761517.5625
2020-05-25,1.5980000495910645,1.5989999771118164,1.5829999446868896,1.597000002861023,9989000.0,23696060.0,761517.5625
2020-05-26,1.5989999771118164,1.6100000143051147,1.5980000495910645,1.6089999675750732,7941076.0,18940284.0,761517.5625
2020-05-27,1.6100000143051147,1.6269999742507935,1.6080000400543213,1.621000051498413,26009376.0,62509328.0,761517.5625
2020-05-28,1.621000051498413,1.6330000162124634,1.6100000143051147,1.625,26277400.0,63106460.0,761517.5625
2020-05-29,1.621999979019165,1.621999979019165,1.6050000190734863,1.6109999418258667,9977137.0,23868146.0,761517.5625
2020-06-01,1.6109999418258667,1.6519999504089355,1.6109999418258667,1.6510000228881836,21745950.0,52608256.0,761517.5625
2020-06-02,1.6510000228881836,1.6619999408721924,1.6490000486373901,1.656999945640564,14063069.0,34259832.0,761517.5625
2020-06-03,1.6640000343322754,1.684000015258789,1.6640000343322754,1.6670000553131104,13050798.0,32075020.0,761517.5625
2020-06-04,1.6859999895095825,1.687999963760376,1.6690000295639038,1.6779999732971191,16885372.0,41494344.0,761517.5625
2020-06-05,1.6779999732971191,1.6779999732971191,1.6549999713897705,1.6629999876022339,9975000.0,24373944.0,761517.5625
2020-06-08,1.6649999618530273,1.6790000200271606,1.6649999618530273,1.6729999780654907,10981565.0,26947076.0,761517.5625
2020-06-09,1.6729999780654907,1.680999994277954,1.6729999780654907,1.6790000200271606,9353999.0,22998636.0,761517.5625
2020-06-10,1.6790000200271606,1.6799999475479126,1.6649999618530273,1.6690000295639038,7905475.0,19367438.0,761517.5625
2020-06-11,1.6710000038146973,1.6720000505447388,1.6490000486373901,1.6519999504089355,16735794.0,40868324.0,761517.5625
2020-06-12,1.6390000581741333,1.649999976158142,1.6200000047683716,1.6490000486373901,7978310.0,19284840.0,761517.5625
2020-06-15,1.6490000486373901,1.649999976158142,1.6299999952316284,1.6330000162124634,10970301.0,26533394.0,761517.5625
2020-06-16,1.6390000581741333,1.6629999876022339,1.6390000581741333,1.6610000133514404,10908326.0,26556886.0,761517.5625
2020-06-17,1.6610000133514404,1.6749999523162842,1.659999966621399,1.6690000295639038,8927254.0,21854048.0,761517.5625
2020-06-18,1.6690000295639038,1.6959999799728394,1.6629999876022339,1.690000057220459,17106448.0,42231964.0,761517.5625
2020-06-19,1.690000057220459,1.6920000314712524,1.680999994277954,1.687000036239624,11886817.0,29317250.0,761517.5625
2020-06-22,1.687000036239624,1.6890000104904175,1.6720000505447388,1.6749999523162842,13525131.0,33299644.0,761517.5625
2020-06-23,1.6749999523162842,1.6749999523162842,1.6610000133514404,1.6660000085830688,10342342.0,25303912.0,761517.5625
2020-06-24,1.6670000553131104,1.6740000247955322,1.6649999618530273,1.6690000295639038,10856442.0,26594894.0,761517.5625
2020-06-29,1.6690000295639038,1.6690000295639038,1.6480000019073486,1.6510000228881836,19448400.0,47366740.0,761517.5625
2020-06-30,1.6549999713897705,1.6699999570846558,1.6549999713897705,1.6679999828338623,15570536.0,38082316.0,761517.5625
2020-07-01,1.6699999570846558,1.7089999914169312,1.6699999570846558,1.7079999446868896,29737648.0,73582848.0,761517.5625
2020-07-02,1.7089999914169312,1.7669999599456787,1.6990000009536743,1.7649999856948853,30811624.0,77790752.0,761517.5625
2020-07-03,1.7690000534057617,1.809999942779541,1.7690000534057617,1.8020000457763672,32670780.0,84128416.0,761517.5625
2020-07-06,1.815999984741211,1.9919999837875366,1.815999984741211,1.9850000143051147,124745176.0,335636640.0,761517.5625
2020-07-07,2.002000093460083,2.072000026702881,1.9290000200271606,1.9420000314712524,98402744.0,271302240.0,761517.5625
2020-07-08,1.9429999589920044,1.9850000143051147,1.9140000343322754,1.9819999933242798,47165112.0,128657328.0,761517.5625
2020-07-09,1.9789999723434448,2.000999927520752,1.9450000524520874,1.99399995803833,42765544.0,117747752.0,761517.5625
2020-07-10,1.99399995803833,1.99399995803833,1.9190000295639038,1.9320000410079956,37008708.0,101117272.0,761517.5625
2020-07-13,1.930999994277954,1.9930000305175781,1.9240000247955322,1.9850000143051147,38728156.0,106373632.0,761517.5625
2020-07-14,1.9869999885559082,2.01200008392334,1.930999994277954,1.968999981880188,30940008.0,85222856.0,761517.5625
2020-07-15,1.9789999723434448,1.9850000143051147,1.9040000438690186,1.9290000200271606,34679512.0,94254560.0,761517.5625
2020-07-16,1.9290000200271606,1.9509999752044678,1.8550000190734863,1.8569999933242798,58599096.0,157999648.0,761517.5625
2020-07-17,1.8580000400543213,1.8890000581741333,1.8389999866485596,1.8589999675750732,29394900.0,77658680.0,761517.5625
2020-07-20,1.8630000352859497,1.9630000591278076,1.8630000352859497,1.9600000381469727,38802900.0,105211888.0,761517.5625
2020-07-21,1.9639999866485596,1.975000023841858,1.944000005722046,1.9529999494552612,23558384.0,64526972.0,761517.5625
2020-07-22,1.9529999494552612,1.9859999418258667,1.9500000476837158,1.9539999961853027,28182310.0,77405400.0,761517.5625
2020-07-23,1.9509999752044678,1.9509999752044678,1.88100004196167,1.9210000038146973,23980260.0,64632556.0,761517.5625
2020-07-24,1.9210000038146973,1.9220000505447388,1.8270000219345093,1.843999981880188,30262152.0,80259984.0,761517.5625
2020-07-27,1.843999981880188,1.8589999675750732,1.815999984741211,1.8309999704360962,17652156.0,46116248.0,761517.5625
2020-07-28,1.8329999446868896,1.8619999885559082,1.8329999446868896,1.850000023841858,13779755.0,36238028.0,761517.5625
2020-07-29,1.840999960899353,1.8860000371932983,1.8320000171661377,1.88100004196167,18831000.0,49853064.0,761517.5625
2020-07-30,1.8930000066757202,1.9040000438690186,1.8819999694824219,1.8830000162124634,14300005.0,38197044.0,761517.5625
2020-07-31,1.8839999437332153,1.9190000295639038,1.878999948501587,1.9019999504089355,16872600.0,45235328.0,761517.5625
2020-08-03,1.9210000038146973,1.965000033378601,1.9210000038146973,1.9630000591278076,38991008.0,106396096.0,761517.5625
2020-08-04,1.9769999980926514,1.9839999675750732,1.9490000009536743,1.9639999866485596,34065112.0,93639376.0,761517.5625
2020-08-05,1.9639999866485596,1.9639999866485596,1.9270000457763672,1.9490000009536743,11912412.0,32472526.0,761517.5625
2020-08-06,1.9500000476837158,1.965999960899353,1.9329999685287476,1.9620000123977661,22095712.0,60406272.0,761517.5625
2020-08-07,1.9620000123977661,1.9620000123977661,1.9290000200271606,1.9570000171661377,26491100.0,72247640.0,761517.5625
2020-08-10,1.9589999914169312,1.996000051498413,1.9589999914169312,1.9889999628067017,51219000.0,141510512.0,761517.5625
2020-08-11,1.9889999628067017,2.0169999599456787,1.968999981880188,1.9759999513626099,38725736.0,107374360.0,761517.5625
2020-08-12,1.9759999513626099,1.9759999513626099,1.9220000505447388,1.9559999704360962,28792438.0,78540472.0,761517.5625
2020-08-13,1.9609999656677246,1.9869999885559082,1.9589999914169312,1.9800000190734863,29272280.0,80813544.0,761517.5625
2020-08-14,1.9819999933242798,1.996000051498413,1.9490000009536743,1.99399995803833,19437480.0,53639600.0,761517.5625
2020-08-17,1.9989999532699585,2.069000005722046,1.9989999532699585,2.055999994277954,42424968.0,119849840.0,761517.5625
2020-08-18,2.056999921798706,2.066999912261963,2.0510001182556152,2.059000015258789,24444800.0,69438216.0,761517.5625
2020-08-19,2.062000036239624,2.0789999961853027,2.0439999103546143,2.0510001182556152,25836864.0,73408872.0,761517.5625
2020-08-20,2.0510001182556152,2.053999900817871,2.0290000438690186,2.0360000133514404,18092500.0,51066796.0,761517.5625
2020-08-21,2.0369999408721924,2.0480000972747803,2.0199999809265137,2.0329999923706055,21971652.0,61897372.0,761517.5625
2020-08-24,2.0409998893737793,2.046999931335449,2.0309998989105225,2.0369999408721924,18544900.0,52289384.0,761517.5625
2020-08-25,2.0480000972747803,2.055000066757202,2.0169999599456787,2.0239999294281006,23720800.0,66759616.0,761517.5625
2020-08-26,2.0239999294281006,2.0260000228881836,1.9759999513626099,1.9839999675750732,29135700.0,80913936.0,761517.5625
2020-08-27,1.9859999418258667,1.9919999837875366,1.9639999866485596,1.9850000143051147,14644100.0,40404288.0,761517.5625
2020-08-28,1.9850000143051147,2.0209999084472656,1.9809999465942383,2.0179998874664307,16309809.0,45376964.0,761517.5625
2020-08-31,2.0260000228881836,2.0360000133514404,2.006999969482422,2.007999897003174,23266700.0,65267812.0,761517.5625
2020-09-01,2.007999897003174,2.009999990463257,1.9850000143051147,2.00600004196167,14881400.0,41358404.0,761517.5625
2020-09-02,2.009000062942505,2.0179998874664307,1.99399995803833,2.00600004196167,12580046.0,35072500.0,761517.5625
2020-09-03,2.00600004196167,2.0230000019073486,1.99399995803833,2.000999927520752,15520500.0,43261288.0,761517.5625
2020-09-04,2.0,2.0,1.9559999704360962,1.9809999465942383,23513500.0,64665832.0,761517.5625
2020-09-07,1.9839999675750732,2.005000114440918,1.9639999866485596,1.968000054359436,23904000.0,66094336.0,761517.5625
2020-09-08,1.9709999561309814,1.9850000143051147,1.9589999914169312,1.9800000190734863,18505900.0,50874352.0,761517.5625
2020-09-09,1.968000054359436,1.9759999513626099,1.944000005722046,1.9579999446868896,22490200.0,61736832.0,761517.5625
2020-09-10,1.9620000123977661,1.975000023841858,1.937000036239624,1.940000057220459,22214200.0,60782704.0,761517.5625
2020-09-11,1.940999984741211,1.9420000314712524,1.9160000085830688,1.937000036239624,21580310.0,58411096.0,761517.5625
2020-09-14,1.940000057220459,1.9459999799728394,1.9290000200271606,1.9390000104904175,18116100.0,49250504.0,761517.5625
2020-09-15,1.940999984741211,1.9470000267028809,1.934999942779541,1.9470000267028809,13407600.0,36514088.0,761517.5625
2020-09-16,1.9470000267028809,1.965000033378601,1.940999984741211,1.9550000429153442,13233200.0,36163204.0,761517.5625
2020-09-17,1.9550000429153442,1.968000054359436,1.944000005722046,1.9579999446868896,15109799.0,41304772.0,761517.5625
2020-09-18,1.9589999914169312,1.9930000305175781,1.9529999494552612,1.9919999837875366,16807856.0,46349784.0,761517.5625
2020-09-21,1.99399995803833,1.996999979019165,1.9769999980926514,1.9800000190734863,19910400.0,55106744.0,761517.5625
2020-09-22,1.9780000448226929,1.9780000448226929,1.9420000314712524,1.9479999542236328,22888500.0,62644824.0,761517.5625
2020-09-23,1.9490000009536743,1.9570000171661377,1.940000057220459,1.9470000267028809,13461121.0,36709776.0,761517.5625
2020-09-24,1.9470000267028809,1.9479999542236328,1.9040000438690186,1.9079999923706055,44416800.0,119783096.0,761517.5625
2020-09-25,1.9110000133514404,1.9190000295639038,1.8869999647140503,1.9019999504089355,28910200.0,77525760.0,761517.5625
2020-09-28,1.902999997138977,1.909999966621399,1.8960000276565552,1.9040000438690186,18749300.0,50310696.0,761517.5625
2020-09-29,1.906000018119812,1.9179999828338623,1.8990000486373901,1.9040000438690186,18680200.0,50226040.0,761517.5625
2020-09-30,1.9040000438690186,1.9140000343322754,1.8849999904632568,1.8969999551773071,41309900.0,110765360.0,761517.5625
2020-10-09,1.9140000343322754,1.9429999589920044,1.9140000343322754,1.934000015258789,40924200.0,111125928.0,761517.5625
2020-10-12,1.9359999895095825,1.9800000190734863,1.9359999895095825,1.9789999723434448,46064600.0,126423400.0,761517.5625
2020-10-13,1.9809999465942383,1.9850000143051147,1.9600000381469727,1.9739999771118164,34909088.0,95966368.0,761517.5625
2020-10-14,1.975000023841858,1.9769999980926514,1.9589999914169312,1.9620000123977661,26976790.0,74019256.0,761517.5625
2020-10-15,1.9620000123977661,1.9639999866485596,1.9509999752044678,1.9539999961853027,27133500.0,74282776.0,761517.5625
2020-10-16,1.9539999961853027,1.9639999866485596,1.9500000476837158,1.9570000171661377,23739384.0,64969080.0,761517.5625
2020-10-19,1.9600000381469727,1.9839999675750732,1.9429999589920044,1.9459999799728394,36930284.0,101239056.0,761517.5625
2020-10-20,1.9459999799728394,1.9459999799728394,1.9259999990463257,1.9420000314712524,32603500.0,88480760.0,761517.5625
2020-10-21,1.9420000314712524,1.9450000524520874,1.9259999990463257,1.937999963760376,23769600.0,64472768.0,761517.5625
2020-10-22,1.937999963760376,1.940000057220459,1.9220000505447388,1.9259999990463257,21742300.0,58869976.0,761517.5625
2020-10-23,1.9270000457763672,1.934999942779541,1.9149999618530273,1.9179999828338623,31477200.0,85140352.0,761517.5625
2020-10-26,1.9170000553131104,1.9179999828338623,1.8960000276565552,1.9019999504089355,45663300.0,122566976.0,761517.5625
2020-10-27,1.899999976158142,1.9010000228881836,1.8860000371932983,1.8940000534057617,30302600.0,81001808.0,761517.5625
2020-10-28,1.8940000534057617,1.9010000228881836,1.878999948501587,1.8980000019073486,26585300.0,71003264.0,761517.5625
2020-10-29,1.8899999856948853,1.9279999732971191,1.88100004196167,1.9220000505447388,25558298.0,68721504.0,761517.5625
2020-10-30,1.9220000505447388,1.9390000104904175,1.902999997138977,1.906000018119812,45852800.0,123949280.0,761517.5625
2020-11-02,1.906999945640564,1.9220000505447388,1.906999945640564,1.9170000553131104,27923400.0,75251304.0,761517.5625
2020-11-03,1.9190000295639038,1.937000036239624,1.9190000295639038,1.934999942779541,24090252.0,65332040.0,761517.5625
2020-11-04,1.937999963760376,1.9620000123977661,1.937999963760376,1.9600000381469727,35806408.0,97888752.0,761517.5625
2020-11-05,1.975000023841858,2.009000062942505,1.975000023841858,2.00600004196167,73543688.0,203925072.0,761517.5625
2020-11-06,2.00600004196167,2.0299999713897705,2.000999927520752,2.0290000438690186,45967140.0,128530808.0,761517.5625
2020-11-09,2.0439999103546143,2.0840001106262207,2.0439999103546143,2.0799999237060547,45194952.0,128957856.0,761517.5625
2020-11-10,2.0889999866485596,2.0969998836517334,2.062999963760376,2.069000005722046,38248200.0,109412688.0,761517.5625
2020-11-11,2.068000078201294,2.0969998836517334,2.059999942779541,2.0840001106262207,29470660.0,84417848.0,761517.5625
2020-11-12,2.0840001106262207,2.0989999771118164,2.0739998817443848,2.0969998836517334,24220900.0,69508824.0,761517.5625
2020-11-13,2.0969998836517334,2.0969998836517334,2.059000015258789,2.0769999027252197,36077100.0,102844184.0,761517.5625
2020-11-16,2.0869998931884766,2.135999917984009,2.0869998931884766,2.134000062942505,38361552.0,111162584.0,761517.5625
2020-11-17,2.134999990463257,2.1589999198913574,2.134999990463257,2.1449999809265137,45682864.0,133807504.0,761517.5625
2020-11-18,2.1449999809265137,2.1619999408721924,2.140000104904175,2.1589999198913574,35912700.0,105357248.0,761517.5625
2020-11-19,2.1589999198913574,2.1610000133514404,2.130000114440918,2.140000104904175,43161200.0,125980432.0,761517.5625
2020-11-20,2.140000104904175,2.1549999713897705,2.127000093460083,2.1549999713897705,27296500.0,79757752.0,761517.5625
2020-11-23,2.1579999923706055,2.2139999866485596,2.1570000648498535,2.1989998817443848,42959256.0,127699264.0,761517.5625
2020-11-24,2.2049999237060547,2.2090001106262207,2.180000066757202,2.194000005722046,44132800.0,131167208.0,761517.5625
2020-11-25,2.196000099182129,2.2079999446868896,2.1589999198913574,2.1619999408721924,57585100.0,170650784.0,761517.5625
2020-11-26,2.1619999408721924,2.1630001068115234,2.138000011444092,2.1540000438690186,31007500.0,90782480.0,761517.5625
2020-11-27,2.1540000438690186,2.178999900817871,2.1410000324249268,2.174999952316284,32894000.0,96718856.0,761517.5625
2020-11-30,2.177000045776367,2.1989998817443848,2.1429998874664307,2.1480000019073486,51682300.0,152637648.0,761517.5625
2020-12-01,2.1480000019073486,2.1589999198913574,2.124000072479248,2.1540000438690186,39893800.0,116442248.0,761517.5625
2020-12-02,2.1549999713897705,2.1640000343322754,2.140000104904175,2.1559998989105225,21991108.0,64550264.0,761517.5625
2020-12-03,2.1540000438690186,2.1540000438690186,2.125,2.13100004196167,48251100.0,140638704.0,761517.5625
2020-12-04,2.13100004196167,2.131999969482422,2.0980000495910645,2.119999885559082,52082568.0,150592672.0,761517.5625
2020-12-07,2.121000051498413,2.125999927520752,2.0759999752044678,2.0759999752044678,75372200.0,216417840.0,761517.5625
2020-12-08,2.0769999027252197,2.0889999866485596,2.063999891281128,2.069000005722046,44291900.0,126420296.0,761517.5625
2020-12-09,2.069999933242798,2.072000026702881,2.0290000438690186,2.0309998989105225,66156400.0,187336256.0,761517.5625
2020-12-10,2.0309998989105225,2.0510001182556152,2.0299999713897705,2.0480000972747803,42267200.0,119307760.0,761517.5625
2020-12-11,2.0490000247955322,2.059000015258789,2.0190000534057617,2.0409998893737793,55688600.0,156835360.0,761517.5625
2020-12-14,2.0420000553131104,2.0450000762939453,1.9910000562667847,2.003000020980835,94869800.0,264092480.0,761517.5625
2020-12-15,2.003999948501587,2.00600004196167,1.9700000286102295,1.9900000095367432,105006304.0,290263520.0,761517.5625
2020-12-16,1.9900000095367432,2.0,1.9819999933242798,1.9880000352859497,84800000.0,235116496.0,761517.5625
2020-12-17,1.9880000352859497,2.0139999389648438,1.965999960899353,2.0139999389648438,79628904.0,220160384.0,761517.5625
2020-12-18,2.0139999389648438,2.0480000972747803,2.0139999389648438,2.0320000648498535,69945296.0,196894096.0,761517.5625
2020-12-21,2.0320000648498535,2.0439999103546143,2.015000104904175,2.0360000133514404,54380600.0,153022208.0,761517.5625
2020-12-22,2.0339999198913574,2.0339999198913574,1.9700000286102295,1.9769999980926514,139462000.0,387481600.0,761517.5625
2020-12-23,1.9789999723434448,1.9900000095367432,1.968999981880188,1.9800000190734863,66569592.0,183850256.0,761517.5625
2020-12-24,1.9809999465942383,1.9900000095367432,1.9600000381469727,1.9700000286102295,88711504.0,244001280.0,761517.5625
2020-12-25,1.968999981880188,1.9919999837875366,1.9559999704360962,1.9800000190734863,43828680.0,120726440.0,761517.5625
2020-12-28,1.9800000190734863,1.9839999675750732,1.9589999914169312,1.9670000076293945,72723800.0,199890480.0,761517.5625
2020-12-29,1.968000054359436,1.975000023841858,1.940000057220459,1.9420000314712524,104982704.0,286844704.0,761517.5625
2020-12-30,1.9429999589920044,1.9579999446868896,1.9329999685287476,1.9470000267028809,49561000.0,135138480.0,761517.5625
2020-12-31,1.9470000267028809,1.9609999656677246,1.940000057220459,1.9579999446868896,76564120.0,209146496.0,761517.5625
2021-01-04,1.9579999446868896,1.965000033378601,1.940000057220459,1.965000033378601,89204544.0,244058656.0,761517.5625
2021-01-05,1.965000033378601,1.965000033378601,1.9199999570846558,1.9429999589920044,192253568.0,521180256.0,761517.5625
2021-01-06,1.9429999589920044,1.9490000009536743,1.9279999732971191,1.940000057220459,81536608.0,221425264.0,761517.5625
2021-01-07,1.940000057220459,1.9450000524520874,1.9190000295639038,1.9299999475479126,107618896.0,291741600.0,761517.5625
2021-01-08,1.930999994277954,1.9450000524520874,1.9179999828338623,1.9429999589920044,74348680.0,201713296.0,761517.5625
2021-01-11,1.944000005722046,1.9470000267028809,1.906000018119812,1.909999966621399,232458304.0,628123136.0,761517.5625
2021-01-12,1.9110000133514404,1.9329999685287476,1.909999966621399,1.930999994277954,167610400.0,452203392.0,761517.5625
2021-01-13,1.9320000410079956,1.9459999799728394,1.9240000247955322,1.937999963760376,128080184.0,347696896.0,761517.5625
2021-01-14,1.937999963760376,1.9470000267028809,1.9240000247955322,1.9359999895095825,136854096.0,371970560.0,761517.5625
2021-01-15,1.9359999895095825,1.9589999914169312,1.9359999895095825,1.9539999961853027,98152304.0,268201392.0,761517.5625
2021-01-18,1.9900000095367432,1.9900000095367432,1.9500000476837158,1.968000054359436,254796256.0,662468928.0,-761517.5625
2021-01-19,1.968999981880188,1.9859999418258667,1.9509999752044678,1.9709999561309814,105008200.0,273791616.0,761517.5625
2021-01-20,1.972000002861023,1.9800000190734863,1.9609999656677246,1.968999981880188,88787696.0,231582656.0,761517.5625
2021-01-21,1.9700000286102295,1.9819999933242798,1.9630000591278076,1.9730000495910645,126398664.0,330260800.0,761517.5625
2021-01-22,1.975000023841858,1.9759999513626099,1.9429999589920044,1.9490000009536743,186428400.0,483418016.0,761517.5625
2021-01-25,1.9490000009536743,1.9490000009536743,1.9119999408721924,1.9140000343322754,169997264.0,434816384.0,761517.5625
2021-01-26,1.9140000343322754,1.9220000505447388,1.9010000228881836,1.902999997138977,88597000.0,225861632.0,761517.5625
2021-01-27,1.902999997138977,1.9179999828338623,1.899999976158142,1.9019999504089355,68979800.0,175708400.0,761517.5625
2021-01-28,1.9010000228881836,1.9010000228881836,1.8680000305175781,1.8700000047683716,84392496.0,212364208.0,761517.5625
2021-01-29,1.871000051498413,1.8819999694824219,1.840000033378601,1.8539999723434448,88992600.0,222661856.0,761517.5625
2021-02-01,1.8550000190734863,1.8739999532699585,1.8389999866485596,1.871000051498413,70410800.0,175456704.0,761517.5625
2021-02-02,1.871000051498413,1.878999948501587,1.8700000047683716,1.8769999742507935,52999500.0,133239424.0,761517.5625
2021-02-03,1.8769999742507935,1.878999948501587,1.8519999980926514,1.8569999933242798,59234752.0,148138864.0,761517.5625
2021-02-04,1.8559999465942383,1.8569999933242798,1.8300000429153442,1.840000033378601,96577200.0,239479296.0,761517.5625
2021-02-05,1.840000033378601,1.8650000095367432,1.8309999704360962,1.8589999675750732,54482700.0,135912032.0,761517.5625
2021-02-08,1.8589999675750732,1.88100004196167,1.8530000448226929,1.871999979019165,60929500.0,152932800.0,761517.5625
2021-02-09,1.871999979019165,1.8880000114440918,1.8630000352859497,1.8880000114440918,53307600.0,134176832.0,761517.5625
2021-02-10,1.8890000581741333,1.909000039100647,1.8890000581741333,1.906999945640564,88683800.0,225287632.0,761517.5625
2021-02-18,1.9299999475479126,1.9739999771118164,1.9299999475479126,1.9700000286102295,132889512.0,345074496.0,761517.5625
2021-02-19,1.9700000286102295,2.0239999294281006,1.9700000286102295,2.0220000743865967,256265248.0,678413696.0,761517.5625
2021-02-22,2.0239999294281006,2.1010000705718994,2.0239999294281006,2.065999984741211,359092544.0,974001088.0,761517.5625
2021-02-23,2.066999912261963,2.068000078201294,2.0290000438690186,2.0380001068115234,140518496.0,377243392.0,761517.5625
2021-02-24,2.0380001068115234,2.0429999828338623,1.9900000095367432,2.006999969482422,109227720.0,290277024.0,761517.5625
2021-02-25,2.009000062942505,2.059000015258789,2.009000062942505,2.0490000247955322,127616368.0,342697824.0,761517.5625
2021-02-26,2.0429999828338623,2.0429999828338623,1.9910000562667847,1.996999979019165,111138520.0,294372960.0,761517.5625
2021-03-01,1.9980000257492065,2.0329999923706055,1.9980000257492065,2.0320000648498535,67053128.0,178164592.0,761517.5625
2021-03-02,2.0420000553131104,2.049999952316284,2.0,2.0169999599456787,108083800.0,287602336.0,761517.5625
2021-03-03,2.0179998874664307,2.0840001106262207,2.0169999599456787,2.0820000171661377,192024832.0,519298304.0,761517.5625
2021-03-04,2.0820000171661377,2.1070001125335693,2.065999984741211,2.078000068664551,191659008.0,521915488.0,761517.5625
2021-03-05,2.059999942779541,2.062000036239624,2.0280001163482666,2.049999952316284,74136504.0,198911680.0,761517.5625
2021-03-08,2.058000087738037,2.0840001106262207,2.0329999923706055,2.0390000343322754,90904504.0,245276992.0,761517.5625
2021-03-09,2.0399999618530273,2.068000078201294,1.9900000095367432,2.0280001163482666,173080224.0,462668960.0,761517.5625
2021-03-10,2.0350000858306885,2.0429999828338623,2.009999990463257,2.013000011444092,81362544.0,216657584.0,761517.5625
2021-03-11,2.013000011444092,2.062000036239624,2.013000011444092,2.059999942779541,82849744.0,222134448.0,761517.5625
2021-03-12,2.068000078201294,2.0950000286102295,2.053999900817871,2.0869998931884766,118048816.0,320777472.0,761517.5625
2021-03-15,2.0869998931884766,2.121999979019165,2.0859999656677246,2.111999988555908,119698304.0,328923968.0,761517.5625
2021-03-16,2.11299991607666,2.119999885559082,2.0899999141693115,2.115000009536743,67204512.0,184760896.0,761517.5625
2021-03-17,2.114000082015991,2.114000082015991,2.0840001106262207,2.1010000705718994,57404264.0,157032512.0,761517.5625
2021-03-18,2.1019999980926514,2.115000009536743,2.0950000286102295,2.1010000705718994,48444000.0,132942328.0,761517.5625
2021-03-19,2.0950000286102295,2.1050000190734863,2.072000026702881,2.0840001106262207,62021300.0,169068640.0,761517.5625
2021-03-22,2.0850000381469727,2.115000009536743,2.0850000381469727,2.109999895095825,74633544.0,204915600.0,761517.5625
2021-03-23,2.109999895095825,2.115000009536743,2.0759999752044678,2.0889999866485596,80547936.0,219659536.0,761517.5625
2021-03-24,2.0739998817443848,2.0829999446868896,2.0309998989105225,2.0409998893737793,120757512.0,324573376.0,761517.5625
2021-03-25,2.0409998893737793,2.062000036239624,2.0399999618530273,2.0429999828338623,59891148.0,161015728.0,761517.5625
2021-03-26,2.0450000762939453,2.0769999027252197,2.0450000762939453,2.075000047683716,57568100.0,155937200.0,761517.5625
2021-03-29,2.0880000591278076,2.115999937057495,2.078000068664551,2.1110000610351562,120932800.0,331974432.0,761517.5625
2021-03-30,2.1110000610351562,2.115000009536743,2.0880000591278076,2.109999895095825,59314400.0,162653168.0,761517.5625
2021-03-31,2.109999895095825,2.109999895095825,2.0920000076293945,2.1029999256134033,46845700.0,128365048.0,761517.5625
2021-04-01,2.1040000915527344,2.128999948501587,2.0969998836517334,2.121000051498413,83195736.0,228877520.0,761517.5625
2021-04-02,2.121000051498413,2.125999927520752,2.0929999351501465,2.0980000495910645,101892952.0,279346464.0,761517.5625
2021-04-06,2.0999999046325684,2.111999988555908,2.0999999046325684,2.1050000190734863,54854032.0,150624752.0,761517.5625
2021-04-07,2.1050000190734863,2.127000093460083,2.0920000076293945,2.125,86225408.0,237430448.0,761517.5625
2021-04-08,2.125,2.1389999389648438,2.11899995803833,2.125999927520752,71461104.0,197769552.0,761517.5625
2021-04-09,2.127000093460083,2.134000062942505,2.114000082015991,2.130000114440918,71050200.0,196649968.0,761517.5625
2021-04-12,2.13100004196167,2.1459999084472656,2.124000072479248,2.13700008392334,83678816.0,232461120.0,761517.5625
2021-04-13,2.134999990463257,2.135999917984009,2.1040000915527344,2.1050000190734863,121185504.0,333601952.0,761517.5625
2021-04-14,2.1050000190734863,2.115999937057495,2.0980000495910645,2.1110000610351562,71205504.0,195551280.0,761517.5625
2021-04-15,2.111999988555908,2.11899995803833,2.1059999465942383,2.115000009536743,39205900.0,107935624.0,761517.5625
2021-04-16,2.115000009536743,2.1589999198913574,2.115000009536743,2.1500000953674316,142883056.0,398129696.0,761517.5625
2021-04-19,2.1500000953674316,2.1689999103546143,2.1410000324249268,2.1619999408721924,67400400.0,188719744.0,761517.5625
2021-04-20,2.1589999198913574,2.1619999408721924,2.1510000228881836,2.1540000438690186,61519900.0,172056432.0,761517.5625
2021-04-21,2.1500000953674316,2.1519999504089355,2.131999969482422,2.1449999809265137,58733800.0,163354736.0,761517.5625
2021-04-22,2.1449999809265137,2.1710000038146973,2.1449999809265137,2.1530001163482666,57038100.0,159684496.0,761517.5625
2021-04-23,2.1489999294281006,2.1510000228881836,2.135999917984009,2.1480000019073486,83048600.0,231116288.0,761517.5625
2021-04-26,2.1519999504089355,2.1640000343322754,2.132999897003174,2.140000104904175,94835296.0,264308016.0,761517.5625
2021-04-27,2.13700008392334,2.138000011444092,2.109999895095825,2.127000093460083,107965000.0,297974976.0,761517.5625
2021-04-28,2.122999906539917,2.13100004196167,2.109999895095825,2.130000114440918,63181952.0,174639840.0,761517.5625
2021-04-29,2.130000114440918,2.1500000953674316,2.119999885559082,2.1459999084472656,65654252.0,182321072.0,761517.5625
2021-04-30,2.140000104904175,2.1429998874664307,2.1059999465942383,2.117000102996826,171453104.0,472699232.0,761517.5625
2021-05-06,2.118000030517578,2.1649999618530273,2.118000030517578,2.1579999923706055,169067152.0,472327936.0,761517.5625
2021-05-07,2.1679999828338623,2.2079999446868896,2.1619999408721924,2.188999891281128,122937056.0,347618752.0,761517.5625
2021-05-10,2.2009999752044678,2.2330000400543213,2.194999933242798,2.2300000190734863,102924936.0,293451328.0,761517.5625
2021-05-11,2.2269999980926514,2.2279999256134033,2.1610000133514404,2.203000068664551,98627400.0,278998944.0,761517.5625
2021-05-12,2.197000026702881,2.2190001010894775,2.187000036239624,2.2139999866485596,63286328.0,180334816.0,761517.5625
2021-05-13,2.190000057220459,2.2070000171661377,2.1670000553131104,2.1710000038146973,115171008.0,324950176.0,761517.5625
2021-05-14,2.1710000038146973,2.184999942779541,2.1670000553131104,2.177000045776367,64349664.0,181044416.0,761517.5625
2021-05-17,2.177000045776367,2.190999984741211,2.1700000762939453,2.171999931335449,79067504.0,222677232.0,761517.5625
2021-05-18,2.171999931335449,2.187999963760376,2.1679999828338623,2.184000015258789,45792800.0,129183888.0,761517.5625
2021-05-19,2.183000087738037,2.183000087738037,2.1549999713897705,2.1589999198913574,126197296.0,353601440.0,761517.5625
2021-05-20,2.134999990463257,2.134999990463257,2.0969998836517334,2.115000009536743,267570400.0,734884224.0,761517.5625
2021-05-21,2.115000009536743,2.134000062942505,2.114000082015991,2.119999885559082,65796948.0,181761440.0,761517.5625
2021-05-24,2.119999885559082,2.130000114440918,2.111999988555908,2.118000030517578,73721504.0,203398896.0,761517.5625
2021-05-25,2.118000030517578,2.1519999504089355,2.1080000400543213,2.1449999809265137,111278496.0,308439360.0,761517.5625
2021-05-26,2.1449999809265137,2.1730000972747803,2.1419999599456787,2.1640000343322754,67256096.0,188437568.0,761517.5625
2021-05-27,2.1640000343322754,2.178999900817871,2.1570000648498535,2.1760001182556152,80468304.0,226103856.0,761517.5625
2021-05-28,2.181999921798706,2.194000005722046,2.1640000343322754,2.171999931335449,60578652.0,170741040.0,761517.5625
2021-05-31,2.183000087738037,2.184000015258789,2.1559998989105225,2.174999952316284,105748056.0,297320384.0,761517.5625
2021-06-01,2.174999952316284,2.197999954223633,2.1579999923706055,2.197000026702881,97397904.0,274704352.0,761517.5625
2021-06-02,2.197000026702881,2.197999954223633,2.183000087738037,2.191999912261963,69839976.0,197723088.0,761517.5625
2021-06-03,2.191999912261963,2.2279999256134033,2.191999912261963,2.2060000896453857,111056864.0,316906528.0,761517.5625
2021-06-04,2.2070000171661377,2.2100000381469727,2.181999921798706,2.200000047683716,62514900.0,177160288.0,761517.5625
2021-06-07,2.200000047683716,2.2100000381469727,2.190000057220459,2.197000026702881,51145752.0,145152464.0,761517.5625
2021-06-08,2.197999954223633,2.200000047683716,2.180000066757202,2.186000108718872,66384500.0,187672800.0,761517.5625
2021-06-09,2.186000108718872,2.2170000076293945,2.181999921798706,2.2019999027252197,104401936.0,297102272.0,761517.5625
2021-06-10,2.2019999027252197,2.2300000190734863,2.200000047683716,2.2130000591278076,81874536.0,233895584.0,761517.5625
2021-06-11,2.2219998836517334,2.2300000190734863,2.2119998931884766,2.2170000076293945,64379216.0,184155296.0,761517.5625
2021-06-15,2.2269999980926514,2.2300000190734863,2.191999912261963,2.2009999752044678,95232000.0,270860928.0,761517.5625
2021-06-16,2.2009999752044678,2.2170000076293945,2.186000108718872,2.191999912261963,74276096.0,210574400.0,761517.5625
2021-06-17,2.191999912261963,2.2019999027252197,2.177999973297119,2.184000015258789,59775800.0,169073264.0,761517.5625
2021-06-18,2.184000015258789,2.187999963760376,2.177999973297119,2.184000015258789,55202700.0,155773136.0,761517.5625
2021-06-21,2.183000087738037,2.183000087738037,2.1700000762939453,2.171999931335449,62711900.0,176478464.0,761517.5625
2021-06-22,2.171999931335449,2.2009999752044678,2.171999931335449,2.197000026702881,55515100.0,157109792.0,761517.5625
2021-06-23,2.197999954223633,2.23799991607666,2.197000026702881,2.2330000400543213,119935104.0,343279360.0,761517.5625
2021-06-24,2.2360000610351562,2.263000011444092,2.2249999046325684,2.244999885559082,102479304.0,296189728.0,761517.5625
2021-06-25,2.246000051498413,2.263000011444092,2.23799991607666,2.255000114440918,70678504.0,204518992.0,761517.5625
2021-06-28,2.255000114440918,2.255000114440918,2.2160000801086426,2.2190001010894775,88658072.0,254155152.0,761517.5625
2021-06-29,2.2190001010894775,2.2190001010894775,2.196000099182129,2.197999954223633,67864800.0,192953488.0,761517.5625
2021-06-30,2.197999954223633,2.2190001010894775,2.194000005722046,2.2119998931884766,46118212.0,131384064.0,761517.5625
2021-07-01,2.2149999141693115,2.2309999465942383,2.2060000896453857,2.2130000591278076,47653800.0,136352256.0,761517.5625
2021-07-02,2.2130000591278076,2.2160000801086426,2.187999963760376,2.188999891281128,99310704.0,281617536.0,761517.5625
2021-07-05,2.190000057220459,2.2019999027252197,2.180000066757202,2.196000099182129,84361600.0,238757536.0,761517.5625
2021-07-06,2.196000099182129,2.203000068664551,2.190000057220459,2.203000068664551,43956208.0,124675264.0,761517.5625
2021-07-07,2.200000047683716,2.2100000381469727,2.187999963760376,2.2060000896453857,59188300.0,167871904.0,761517.5625
2021-07-08,2.2060000896453857,2.2060000896453857,2.1600000858306885,2.1630001068115234,186436704.0,524705152.0,761517.5625
2021-07-09,2.1630001068115234,2.181999921798706,2.13700008392334,2.180999994277954,67643904.0,189839632.0,761517.5625
2021-07-12,2.180999994277954,2.2019999027252197,2.174999952316284,2.186000108718872,52706272.0,149107696.0,761517.5625
2021-07-13,2.187000036239624,2.2109999656677246,2.181999921798706,2.2079999446868896,86056768.0,244483696.0,761517.5625
2021-07-14,2.2079999446868896,2.2239999771118164,2.2060000896453857,2.2139999866485596,80661048.0,230467328.0,761517.5625
2021-07-15,2.2139999866485596,2.246999979019165,2.194999933242798,2.244999885559082,128152096.0,368327520.0,761517.5625
2021-07-16,2.244999885559082,2.2730000019073486,2.23799991607666,2.256999969482422,167622800.0,486934208.0,761517.5625
2021-07-19,2.259999990463257,2.2709999084472656,2.24399995803833,2.249000072479248,62487544.0,181034512.0,761517.5625
2021-07-20,2.243000030517578,2.243000030517578,2.2130000591278076,2.2290000915527344,41775240.0,119613040.0,761517.5625
2021-07-21,2.2330000400543213,2.247999906539917,2.2179999351501465,2.2249999046325684,49400700.0,141551760.0,761517.5625
2021-07-22,2.2249999046325684,2.25,2.2190001010894775,2.25,51536144.0,148472880.0,761517.5625
2021-07-23,2.253999948501587,2.2730000019073486,2.2320001125335693,2.240999937057495,86382144.0,250435472.0,761517.5625
2021-07-26,2.240000009536743,2.240000009536743,2.1679999828338623,2.191999912261963,173397808.0,491898560.0,761517.5625
2021-07-27,2.191999912261963,2.2119998931884766,2.127000093460083,2.132999897003174,190676448.0,534206848.0,761517.5625
2021-07-28,2.134000062942505,2.1510000228881836,2.0739998817443848,2.1070001125335693,160431104.0,440520832.0,761517.5625
2021-07-29,2.118000030517578,2.138000011444092,2.1050000190734863,2.128999948501587,125746800.0,346934784.0,761517.5625
2021-07-30,2.128999948501587,2.1630001068115234,2.115999937057495,2.1600000858306885,59807996.0,166448016.0,761517.5625
2021-08-02,2.1589999198913574,2.1589999198913574,2.0799999237060547,2.13700008392334,133443696.0,366210400.0,761517.5625
2021-08-03,2.125,2.130000114440918,2.0929999351501465,2.0980000495910645,119959808.0,329226208.0,761517.5625
2021-08-04,2.0989999771118164,2.124000072479248,2.0989999771118164,2.121999979019165,62615100.0,172452784.0,761517.5625
2021-08-05,2.121000051498413,2.135999917984009,2.1029999256134033,2.109999895095825,58970052.0,162426208.0,761517.5625
2021-08-06,2.109999895095825,2.122999906539917,2.0950000286102295,2.121000051498413,64120800.0,176490224.0,761517.5625
2021-08-09,2.121000051498413,2.171999931335449,2.111999988555908,2.1610000133514404,133294000.0,372786400.0,761517.5625
2021-08-10,2.1610000133514404,2.1630001068115234,2.1410000324249268,2.1600000858306885,43975000.0,122818528.0,761517.5625
2021-08-11,2.1689999103546143,2.2209999561309814,2.1679999828338623,2.2179999351501465,188364704.0,537017728.0,761517.5625
2021-08-12,2.2170000076293945,2.25600004196167,2.2009999752044678,2.249000072479248,194729392.0,562271936.0,761517.5625
2021-08-13,2.246999979019165,2.250999927520752,2.2290000915527344,2.24399995803833,95549704.0,275390656.0,761517.5625
2021-08-16,2.24399995803833,2.2690000534057617,2.240999937057495,2.252000093460083,121967400.0,353359136.0,761517.5625
2021-08-17,2.25,2.2679998874664307,2.2119998931884766,2.2179999351501465,102758104.0,295825664.0,761517.5625
2021-08-18,2.2179999351501465,2.240000009536743,2.2170000076293945,2.2360000610351562,64490112.0,185024400.0,761517.5625
2021-08-19,2.2290000915527344,2.2330000400543213,2.2090001106262207,2.2260000705718994,43372616.0,124168768.0,761517.5625
2021-08-20,2.2239999771118164,2.243000030517578,2.2090001106262207,2.240999937057495,78500408.0,224926432.0,761517.5625
2021-08-23,2.253999948501587,2.2699999809265137,2.249000072479248,2.253999948501587,92720712.0,268748288.0,761517.5625
2021-08-24,2.263000011444092,2.2869999408721924,2.259999990463257,2.2780001163482666,181725264.0,529770208.0,761517.5625
2021-08-25,2.2780001163482666,2.312000036239624,2.2739999294281006,2.312000036239624,114794144.0,337034176.0,761517.5625
2021-08-26,2.311000108718872,2.368000030517578,2.305000066757202,2.3529999256134033,180366480.0,539542464.0,761517.5625
2021-08-27,2.3510000705718994,2.384999990463257,2.309999942779541,2.381999969482422,98158952.0,295215744.0,761517.5625
2021-08-30,2.385999917984009,2.4100000858306885,2.375,2.4070000648498535,89855032.0,272830528.0,761517.5625
2021-08-31,2.4070000648498535,2.4820001125335693,2.3949999809265137,2.4800000190734863,92505048.0,285661632.0,761517.5625
2021-09-01,2.493000030517578,2.5280001163482666,2.444000005722046,2.4749999046325684,146045888.0,455905472.0,761517.5625
2021-09-02,2.4739999771118164,2.555999994277954,2.4700000286102295,2.553999900817871,92919360.0,293427072.0,761517.5625
2021-09-03,2.553999900817871,2.555999994277954,2.5230000019073486,2.5309998989105225,97503248.0,309707776.0,761517.5625
2021-09-06,2.5409998893737793,2.5759999752044678,2.5339999198913574,2.559000015258789,82565672.0,263612112.0,761517.5625
2021-09-07,2.565000057220459,2.6510000228881836,2.563999891281128,2.640000104904175,115868400.0,377698272.0,761517.5625
2021-09-08,2.6410000324249268,2.693000078201294,2.625999927520752,2.6760001182556152,103735872.0,342295392.0,761517.5625
2021-09-09,2.677999973297119,2.7820000648498535,2.6600000858306885,2.7769999504089355,141801872.0,478579168.0,761517.5625
2021-09-10,2.7780001163482666,2.7829999923706055,2.7090001106262207,2.7139999866485596,196972112.0,666206528.0,761517.5625
2021-09-13,2.7139999866485596,2.808000087738037,2.7090001106262207,2.7860000133514404,151300608.0,515098240.0,761517.5625
2021-09-14,2.7860000133514404,2.7860000133514404,2.7100000381469727,2.7160000801086426,135428976.0,457733184.0,761517.5625
2021-09-15,2.7149999141693115,2.7339999675750732,2.6700000762939453,2.693000078201294,140710352.0,469213440.0,761517.5625
2021-09-16,2.7179999351501465,2.760999917984009,2.674999952316284,2.680000066757202,106777104.0,359155232.0,761517.5625
2021-09-17,2.674999952316284,2.7070000171661377,2.5350000858306885,2.5910000801086426,171614288.0,557034816.0,761517.5625
2021-09-22,2.575000047683716,2.6489999294281006,2.5350000858306885,2.6489999294281006,133237056.0,430435680.0,761517.5625
2021-09-23,2.690999984741211,2.7149999141693115,2.617000102996826,2.640000104904175,76679800.0,252965616.0,761517.5625
2021-09-24,2.625,2.627000093460083,2.5199999809265137,2.5260000228881836,151700304.0,485141088.0,761517.5625
2021-09-27,2.5260000228881836,2.5439999103546143,2.428999900817871,2.440999984741211,198623760.0,616851904.0,761517.5625
2021-09-28,2.440999984741211,2.5239999294281006,2.440000057220459,2.5190000534057617,95742664.0,299674464.0,761517.5625
2021-09-29,2.5179998874664307,2.5190000534057617,2.4170000553131104,2.434999942779541,98007072.0,302838464.0,761517.5625
2021-09-30,2.434000015258789,2.453000068664551,2.4010000228881836,2.450000047683716,87597800.0,268920992.0,761517.5625
2021-10-08,2.4769999980926514,2.493000030517578,2.4149999618530273,2.440000057220459,77981456.0,239836656.0,761517.5625
2021-10-11,2.441999912261963,2.484999895095825,2.430999994277954,2.4830000400543213,87986856.0,273105472.0,761517.5625
2021-10-12,2.4830000400543213,2.5230000019073486,2.4040000438690186,2.443000078201294,106565696.0,328443936.0,761517.5625
2021-10-13,2.443000078201294,2.444999933242798,2.36299991607666,2.4030001163482666,104397696.0,316476032.0,761517.5625
2021-10-14,2.3889999389648438,2.4070000648498535,2.3610000610351562,2.385999917984009,53846224.0,162938720.0,761517.5625
2021-10-15,2.385999917984009,2.4159998893737793,2.365999937057495,2.4079999923706055,60308100.0,182839104.0,761517.5625
2021-10-18,2.4079999923706055,2.4600000381469727,2.3940000534057617,2.4570000171661377,67931000.0,208984176.0,761517.5625
2021-10-19,2.4570000171661377,2.4839999675750732,2.430000066757202,2.4690001010894775,56094400.0,174311856.0,761517.5625
2021-10-20,2.447999954223633,2.447999954223633,2.388000011444092,2.3949999809265137,102562200.0,311805600.0,761517.5625
2021-10-21,2.3910000324249268,2.4609999656677246,2.390000104904175,2.433000087738037,88445952.0,271973344.0,761517.5625
2021-10-22,2.427000045776367,2.4539999961853027,2.365999937057495,2.371000051498413,169814592.0,514080256.0,761517.5625
2021-10-25,2.372999906539917,2.380000114440918,2.3399999141693115,2.369999885559082,80403256.0,241653952.0,761517.5625
2021-10-26,2.369999885559082,2.372999906539917,2.3359999656677246,2.3440001010894775,114637696.0,342754368.0,761517.5625
2021-10-27,2.3399999141693115,2.3399999141693115,2.2690000534057617,2.2730000019073486,130591400.0,382216352.0,761517.5625
2021-10-28,2.259999990463257,2.260999917984009,2.187999963760376,2.196000099182129,171629200.0,487826816.0,761517.5625
2021-10-29,2.196000099182129,2.2070000171661377,2.180000066757202,2.200000047683716,115858000.0,328268928.0,761517.5625
2021-11-01,2.197999954223633,2.2170000076293945,2.177999973297119,2.2090001106262207,78802960.0,223832576.0,761517.5625
2021-11-02,2.2100000381469727,2.2170000076293945,2.128000020980835,2.1579999923706055,215914096.0,604623040.0,761517.5625
2021-11-03,2.1579999923706055,2.2049999237060547,2.1559998989105225,2.1989998817443848,84907296.0,239818592.0,761517.5625
2021-11-04,2.197000026702881,2.197999954223633,2.1710000038146973,2.191999912261963,71639200.0,202065456.0,761517.5625
2021-11-05,2.184000015258789,2.184000015258789,2.1510000228881836,2.1530001163482666,105238400.0,294914816.0,761517.5625
2021-11-08,2.1530001163482666,2.1670000553131104,2.1449999809265137,2.1500000953674316,79703696.0,222808928.0,761517.5625
2021-11-09,2.1500000953674316,2.1530001163482666,2.125999927520752,2.135999917984009,100244696.0,278235840.0,761517.5625
2021-11-10,2.130000114440918,2.13100004196167,2.0859999656677246,2.128999948501587,124031696.0,340086976.0,761517.5625
2021-11-11,2.130000114440918,2.180000066757202,2.130000114440918,2.1760001182556152,108539400.0,304356160.0,761517.5625
2021-11-12,2.177000045776367,2.178999900817871,2.1489999294281006,2.1600000858306885,75690456.0,211897824.0,761517.5625
2021-11-15,2.1600000858306885,2.1649999618530273,2.1459999084472656,2.1640000343322754,48963200.0,136936720.0,761517.5625
2021-11-16,2.1640000343322754,2.1760001182556152,2.1449999809265137,2.1470000743865967,82531904.0,230849504.0,761517.5625
2021-11-17,2.1470000743865967,2.1519999504089355,2.13700008392334,2.1500000953674316,47032176.0,131001752.0,761517.5625
2021-11-18,2.1510000228881836,2.1670000553131104,2.1459999084472656,2.1500000953674316,46983376.0,131336720.0,761517.5625
2021-11-19,2.1470000743865967,2.194999933242798,2.135999917984009,2.186000108718872,95727752.0,268921600.0,761517.5625
2021-11-22,2.187999963760376,2.200000047683716,2.178999900817871,2.184999942779541,93285400.0,263721792.0,761517.5625
2021-11-23,2.184999942779541,2.2100000381469727,2.180000066757202,2.197999954223633,70461464.0,200044016.0,761517.5625
2021-11-24,2.2019999027252197,2.2309999465942383,2.2019999027252197,2.2300000190734863,69275296.0,197919904.0,761517.5625
2021-11-25,2.2300000190734863,2.240000009536743,2.203000068664551,2.2190001010894775,57873000.0,165362112.0,761517.5625
2021-11-26,2.2100000381469727,2.2100000381469727,2.181999921798706,2.187000036239624,55498500.0,157140528.0,761517.5625
2021-11-29,2.1679999828338623,2.1679999828338623,2.138000011444092,2.1519999504089355,91388952.0,254651744.0,761517.5625
2021-11-30,2.1519999504089355,2.177999973297119,2.1429998874664307,2.1540000438690186,56266400.0,157409312.0,761517.5625
2021-12-01,2.1530001163482666,2.180999994277954,2.1429998874664307,2.178999900817871,55568900.0,156005760.0,761517.5625
2021-12-02,2.177999973297119,2.2009999752044678,2.1710000038146973,2.194000005722046,60460700.0,171058368.0,761517.5625
2021-12-03,2.194000005722046,2.240000009536743,2.177000045776367,2.2249999046325684,93361904.0,266551648.0,761517.5625
2021-12-06,2.2249999046325684,2.256999969482422,2.2100000381469727,2.2170000076293945,135949600.0,390765856.0,761517.5625
2021-12-07,2.236999988555908,2.247999906539917,2.2149999141693115,2.246999979019165,67277504.0,193500032.0,761517.5625
2021-12-08,2.246999979019165,2.247999906539917,2.2269999980926514,2.246999979019165,58121380.0,167325360.0,761517.5625
2021-12-09,2.246999979019165,2.2660000324249268,2.236999988555908,2.257999897003174,71783696.0,207876352.0,761517.5625
2021-12-10,2.25,2.25,2.2300000190734863,2.23799991607666,85855200.0,247052288.0,761517.5625
2021-12-13,2.23799991607666,2.24399995803833,2.2249999046325684,2.2290000915527344,59091400.0,169731984.0,761517.5625
2021-12-14,2.2249999046325684,2.2249999046325684,2.190999984741211,2.190999984741211,92762000.0,263518256.0,761517.5625
2021-12-15,2.187999963760376,2.2119998931884766,2.180999994277954,2.203000068664551,49801300.0,141394752.0,761517.5625
2021-12-16,2.2060000896453857,2.246000051498413,2.2049999237060547,2.244999885559082,93899224.0,269980608.0,761517.5625
2021-12-17,2.249000072479248,2.257999897003174,2.2239999771118164,2.2290000915527344,69537080.0,200057120.0,761517.5625
2021-12-20,2.2279999256134033,2.242000102996826,2.1989998817443848,2.203000068664551,67948184.0,193779488.0,761517.5625
2021-12-21,2.2019999027252197,2.244999885559082,2.200000047683716,2.242000102996826,77878840.0,223883408.0,761517.5625
2021-12-22,2.242000102996826,2.244999885559082,2.2269999980926514,2.236999988555908,40729700.0,117104224.0,761517.5625
2021-12-23,2.2360000610351562,2.25,2.2290000915527344,2.246000051498413,54708456.0,157482688.0,761517.5625
2021-12-24,2.246000051498413,2.246999979019165,2.2260000705718994,2.234999895095825,44667800.0,128333120.0,761517.5625
2021-12-27,2.2339999675750732,2.257999897003174,2.2300000190734863,2.242000102996826,50562300.0,145875504.0,761517.5625
2021-12-28,2.242000102996826,2.244999885559082,2.2139999866485596,2.2249999046325684,67395104.0,192874128.0,761517.5625
2021-12-29,2.2239999771118164,2.2269999980926514,2.2119998931884766,2.2149999141693115,46748300.0,133611472.0,761517.5625
2021-12-30,2.2149999141693115,2.2179999351501465,2.2079999446868896,2.2119998931884766,39446500.0,112535832.0,761517.5625
2021-12-31,2.2119998931884766,2.239000082015991,2.2109999656677246,2.2360000610351562,55859120.0,160338192.0,761517.5625
2022-01-04,2.252000093460083,2.2820000648498535,2.250999927520752,2.2780001163482666,124269656.0,361385088.0,761517.5625
2022-01-05,2.2769999504089355,2.2769999504089355,2.250999927520752,2.2690000534057617,70152464.0,203801200.0,761517.5625
2022-01-06,2.265000104904175,2.2809998989105225,2.255000114440918,2.2730000019073486,89772720.0,261710128.0,761517.5625
2022-01-07,2.2720000743865967,2.305000066757202,2.2679998874664307,2.2890000343322754,72756024.0,213333840.0,761517.5625
2022-01-10,2.2890000343322754,2.309000015258789,2.2809998989105225,2.308000087738037,80730392.0,237005120.0,761517.5625
2022-01-11,2.306999921798706,2.3399999141693115,2.299999952316284,2.3289999961853027,68046352.0,201931040.0,761517.5625
2022-01-12,2.3289999961853027,2.3320000171661377,2.2980000972747803,2.316999912261963,77454600.0,228812928.0,761517.5625
2022-01-13,2.316999912261963,2.3399999141693115,2.315000057220459,2.315999984741211,78052400.0,231662352.0,761517.5625
2022-01-14,2.315000057220459,2.315000057220459,2.2679998874664307,2.2709999084472656,109453360.0,319212064.0,761517.5625
2022-01-17,2.2709999084472656,2.2950000762939453,2.2639999389648438,2.2739999294281006,82274600.0,232787472.0,-761517.5625
2022-01-18,2.2739999294281006,2.312000036239624,2.2679998874664307,2.303999900817871,52728248.0,149910000.0,761517.5625
2022-01-19,2.303999900817871,2.3389999866485596,2.303999900817871,2.321000099182129,106750600.0,307467200.0,761517.5625
2022-01-20,2.318000078201294,2.3359999656677246,2.296999931335449,2.306999921798706,118363200.0,339574560.0,761517.5625
2022-01-21,2.306999921798706,2.312000036239624,2.2869999408721924,2.303999900817871,69443800.0,197990944.0,761517.5625
2022-01-24,2.302000045776367,2.302999973297119,2.2709999084472656,2.2899999618530273,59217500.0,168394800.0,761517.5625
2022-01-25,2.2869999408721924,2.2869999408721924,2.2100000381469727,2.2109999656677246,159771904.0,446286080.0,761517.5625
2022-01-26,2.2109999656677246,2.2279999256134033,2.194999933242798,2.2190001010894775,124044496.0,343083040.0,761517.5625
2022-01-27,2.2190001010894775,2.2320001125335693,2.200000047683716,2.2009999752044678,91999904.0,254737680.0,761517.5625
2022-01-28,2.2019999027252197,2.2130000591278076,2.1710000038146973,2.193000078201294,145588848.0,399632352.0,761517.5625
2022-02-07,2.1989998817443848,2.257999897003174,2.1989998817443848,2.252000093460083,95512160.0,266826400.0,761517.5625
2022-02-08,2.263000011444092,2.322999954223633,2.260999917984009,2.319000005722046,122562912.0,349112000.0,761517.5625
2022-02-09,2.319000005722046,2.3440001010894775,2.318000078201294,2.325000047683716,101588208.0,292975232.0,761517.5625
2022-02-10,2.3239998817443848,2.368000030517578,2.296999931335449,2.365999937057495,143787408.0,416937088.0,761517.5625
2022-02-11,2.365000009536743,2.4010000228881836,2.3550000190734863,2.36899995803833,161532784.0,474829600.0,761517.5625
2022-02-14,2.368000030517578,2.368000030517578,2.315999984741211,2.322999954223633,115670112.0,334343392.0,761517.5625
2022-02-15,2.322000026702881,2.322999954223633,2.2939999103546143,2.303999900817871,86118800.0,246354432.0,761517.5625
2022-02-16,2.303999900817871,2.3380000591278076,2.303999900817871,2.3329999446868896,75991904.0,218883040.0,761517.5625
2022-02-17,2.3320000171661377,2.3320000171661377,2.306999921798706,2.319000005722046,97102104.0,279415968.0,761517.5625
2022-02-18,2.315000057220459,2.374000072479248,2.306999921798706,2.371999979019165,122724000.0,357450592.0,761517.5625
2022-02-21,2.368000030517578,2.3989999294281006,2.3540000915527344,2.3980000019073486,115546256.0,338433760.0,761517.5625
2022-02-22,2.38100004196167,2.390000104904175,2.3559999465942383,2.38700008392334,93539600.0,273648192.0,761517.5625
2022-02-23,2.384000062942505,2.384000062942505,2.3369998931884766,2.3559999465942383,83103304.0,241717136.0,761517.5625
2022-02-24,2.3519999980926514,2.3559999465942383,2.302000045776367,2.3310000896453857,115864200.0,333982144.0,761517.5625
2022-02-25,2.3299999237060547,2.3559999465942383,2.2920000553131104,2.311000108718872,96204912.0,276612480.0,761517.5625
2022-02-28,2.311000108718872,2.322999954223633,2.2850000858306885,2.319999933242798,65495900.0,187353808.0,761517.5625
2022-03-01,2.3239998817443848,2.3570001125335693,2.319999933242798,2.3499999046325684,66320180.0,191864480.0,761517.5625
2022-03-02,2.3519999980926514,2.38700008392334,2.3510000705718994,2.382999897003174,140083824.0,409975840.0,761517.5625
2022-03-03,2.384999990463257,2.424999952316284,2.384999990463257,2.4179999828338623,168163472.0,499386304.0,761517.5625
2022-03-04,2.4140000343322754,2.433000087738037,2.380000114440918,2.4079999923706055,111586104.0,330429088.0,761517.5625
2022-03-07,2.4210000038146973,2.434000015258789,2.375,2.388000011444092,125566976.0,370867968.0,761517.5625
2022-03-08,2.381999969482422,2.381999969482422,2.296999931335449,2.305000066757202,134150984.0,386860864.0,761517.5625
2022-03-09,2.305999994277954,2.3310000896453857,2.190999984741211,2.247999906539917,262687120.0,740788352.0,761517.5625
2022-03-10,2.265000104904175,2.319000005722046,2.249000072479248,2.2939999103546143,207405168.0,590208064.0,761517.5625
2022-03-11,2.2880001068115234,2.318000078201294,2.236999988555908,2.313999891281128,83921800.0,238318928.0,761517.5625
2022-03-14,2.308000087738037,2.3429999351501465,2.2720000743865967,2.2750000953674316,124683392.0,356651104.0,761517.5625
2022-03-15,2.2669999599456787,2.2669999599456787,2.111999988555908,2.117000102996826,342079104.0,933454144.0,761517.5625
2022-03-16,2.119999885559082,2.184000015258789,2.0460000038146973,2.1760001182556152,273819744.0,733318784.0,761517.5625
2022-03-17,2.197999954223633,2.23799991607666,2.184999942779541,2.2060000896453857,137051328.0,378095616.0,761517.5625
2022-03-18,2.2060000896453857,2.2820000648498535,2.197999954223633,2.2760000228881836,126843680.0,355787488.0,761517.5625
2022-03-21,2.2750000953674316,2.305999994277954,2.2669999599456787,2.2950000762939453,91309376.0,259608336.0,761517.5625
2022-03-22,2.2929999828338623,2.3550000190734863,2.2809998989105225,2.3429999351501465,134671616.0,388568960.0,761517.5625
2022-03-23,2.3410000801086426,2.3529999256134033,2.308000087738037,2.3389999866485596,105196368.0,303894048.0,761517.5625
2022-03-24,2.3329999446868896,2.3559999465942383,2.3239998817443848,2.3459999561309814,102576160.0,297424640.0,761517.5625
2022-03-25,2.3450000286102295,2.375,2.3350000381469727,2.3469998836517334,129277752.0,375960128.0,761517.5625
2022-03-28,2.3459999561309814,2.3970000743865967,2.315999984741211,2.3929998874664307,230514480.0,676216256.0,761517.5625
2022-03-29,2.390000104904175,2.4130001068115234,2.371999979019165,2.4110000133514404,134578400.0,397132448.0,761517.5625
2022-03-30,2.3980000019073486,2.4260001182556152,2.385999917984009,2.4189999103546143,107646864.0,319005888.0,761517.5625
2022-03-31,2.4179999828338623,2.4839999675750732,2.4179999828338623,2.4579999446868896,216670064.0,653350592.0,761517.5625
2022-04-01,2.4519999027252197,2.494999885559082,2.437999963760376,2.490999937057495,120941288.0,365883008.0,761517.5625
2022-04-06,2.489000082015991,2.5420000553131104,2.4769999980926514,2.5360000133514404,144312816.0,442130272.0,761517.5625
2022-04-07,2.5209999084472656,2.5360000133514404,2.4809999465942383,2.490000009536743,208741552.0,638769600.0,761517.5625
2022-04-08,2.4860000610351562,2.5260000228881836,2.4560000896453857,2.5250000953674316,184847552.0,563347904.0,761517.5625
2022-04-11,2.5220000743865967,2.5220000743865967,2.4579999446868896,2.4660000801086426,253375600.0,771250752.0,761517.5625
2022-04-12,2.4630000591278076,2.490000009536743,2.430999994277954,2.4560000896453857,139757904.0,421213088.0,761517.5625
2022-04-13,2.447000026702881,2.515000104904175,2.443000078201294,2.4790000915527344,84099768.0,255283568.0,761517.5625
2022-04-14,2.4839999675750732,2.5439999103546143,2.4769999980926514,2.5350000858306885,92435768.0,283970880.0,761517.5625
2022-04-15,2.5260000228881836,2.565999984741211,2.490999937057495,2.502000093460083,112417704.0,346550240.0,761517.5625
2022-04-18,2.4860000610351562,2.490000009536743,2.427000045776367,2.437999963760376,114262200.0,343546816.0,761517.5625
2022-04-19,2.431999921798706,2.484999895095825,2.4140000343322754,2.4820001125335693,105053200.0,316634848.0,761517.5625
2022-04-20,2.4660000801086426,2.4719998836517334,2.378000020980835,2.3949999809265137,145260608.0,431732544.0,761517.5625
2022-04-21,2.384999990463257,2.4059998989105225,2.3259999752044678,2.3410000801086426,165488000.0,481824480.0,761517.5625
2022-04-22,2.3320000171661377,2.377000093460083,2.303999900817871,2.371000051498413,140201456.0,408026592.0,761517.5625
2022-04-25,2.3450000286102295,2.3450000286102295,2.246000051498413,2.246999979019165,223759552.0,635732928.0,761517.5625
2022-04-26,2.246999979019165,2.2739999294281006,2.1989998817443848,2.2079999446868896,227688096.0,633145216.0,761517.5625
2022-04-27,2.2109999656677246,2.244999885559082,2.180999994277954,2.24399995803833,220067648.0,609292800.0,761517.5625
2022-04-28,2.242000102996826,2.2950000762939453,2.2339999675750732,2.2899999618530273,143509408.0,404972288.0,761517.5625
2022-04-29,2.2899999618530273,2.3320000171661377,2.257999897003174,2.3239998817443848,148325600.0,423207904.0,761517.5625
2022-05-05,2.322999954223633,2.3320000171661377,2.2929999828338623,2.312999963760376,92666600.0,265651152.0,761517.5625
2022-05-06,2.2750000953674316,2.2809998989105225,2.2290000915527344,2.23799991607666,130603504.0,365960896.0,761517.5625
2022-05-09,2.2339999675750732,2.2339999675750732,2.2070000171661377,2.2300000190734863,120205776.0,333820256.0,761517.5625
2022-05-10,2.2300000190734863,2.2339999675750732,2.171999931335449,2.2330000400543213,154643200.0,426023744.0,761517.5625
2022-05-11,2.2320001125335693,2.253999948501587,2.2239999771118164,2.2309999465942383,104750968.0,292617344.0,761517.5625
2022-05-12,2.2309999465942383,2.240999937057495,2.196000099182129,2.2190001010894775,107704400.0,298486464.0,761517.5625
2022-05-13,2.2190001010894775,2.2750000953674316,2.2190001010894775,2.2739999294281006,129872360.0,364637152.0,761517.5625
2022-05-16,2.302000045776367,2.325000047683716,2.2750000953674316,2.318000078201294,131531280.0,375899904.0,761517.5625
2022-05-17,2.316999912261963,2.325000047683716,2.2820000648498535,2.308000087738037,64263672.0,183657456.0,761517.5625
2022-05-18,2.306999921798706,2.306999921798706,2.2730000019073486,2.2799999713897705,72257600.0,204993408.0,761517.5625
2022-05-19,2.25600004196167,2.2829999923706055,2.244999885559082,2.2829999923706055,67904600.0,191397312.0,761517.5625
2022-05-20,2.2829999923706055,2.3259999752044678,2.2820000648498535,2.322000026702881,104024152.0,298324704.0,761517.5625
2022-05-23,2.3289999961853027,2.3440001010894775,2.318000078201294,2.3259999752044678,65938244.0,190068272.0,761517.5625
2022-05-24,2.3259999752044678,2.3329999446868896,2.2799999713897705,2.2820000648498535,77251184.0,221018000.0,761517.5625
2022-05-25,2.2790000438690186,2.312999963760376,2.2679998874664307,2.311000108718872,74356400.0,212126320.0,761517.5625
2022-05-26,2.312999963760376,2.3559999465942383,2.305000066757202,2.3510000705718994,122836400.0,355368960.0,761517.5625
2022-05-27,2.3519999980926514,2.3610000610351562,2.3410000801086426,2.3499999046325684,110906304.0,322004064.0,761517.5625
2022-05-30,2.3499999046325684,2.3610000610351562,2.3239998817443848,2.3359999656677246,70676496.0,204191840.0,761517.5625
2022-05-31,2.3340001106262207,2.3429999351501465,2.321000099182129,2.3399999141693115,64349000.0,185680256.0,761517.5625
2022-06-01,2.3359999656677246,2.3510000705718994,2.322999954223633,2.3489999771118164,69998248.0,202341216.0,761517.5625
2022-06-02,2.3480000495910645,2.3480000495910645,2.315000057220459,2.3310000896453857,68971904.0,198647344.0,761517.5625
2022-06-06,2.3289999961853027,2.3320000171661377,2.305000066757202,2.3299999237060547,152923808.0,439627712.0,761517.5625
2022-06-07,2.3299999237060547,2.3580000400543213,2.318000078201294,2.3450000286102295,106024256.0,306825184.0,761517.5625
2022-06-08,2.3499999046325684,2.384000062942505,2.3340001106262207,2.382999897003174,117181760.0,341857248.0,761517.5625
2022-06-09,2.38100004196167,2.4149999618530273,2.371999979019165,2.390000104904175,87280584.0,257068256.0,761517.5625
2022-06-10,2.384999990463257,2.4179999828338623,2.365000009536743,2.4100000858306885,86191184.0,254638464.0,761517.5625
2022-06-13,2.4000000953674316,2.4000000953674316,2.3469998836517334,2.365999937057495,72199288.0,210962352.0,761517.5625
2022-06-14,2.3510000705718994,2.4059998989105225,2.3429999351501465,2.4040000438690186,157149904.0,459615648.0,761517.5625
2022-06-15,2.4010000228881836,2.447000026702881,2.3889999389648438,2.4070000648498535,132136056.0,393702112.0,761517.5625
2022-06-16,2.4059998989105225,2.4210000038146973,2.3499999046325684,2.359999895095825,106941696.0,312929280.0,761517.5625
2022-06-17,2.3459999561309814,2.359999895095825,2.3310000896453857,2.3529999256134033,107441952.0,311393216.0,761517.5625
2022-06-20,2.3480000495910645,2.3480000495910645,2.321000099182129,2.3310000896453857,92679000.0,267177376.0,761517.5625
2022-06-21,2.3310000896453857,2.3510000705718994,2.3239998817443848,2.3369998931884766,73990800.0,214252624.0,761517.5625
2022-06-22,2.3359999656677246,2.3399999141693115,2.2960000038146973,2.3010001182556152,89269296.0,256144768.0,761517.5625
2022-06-23,2.2990000247955322,2.3289999961853027,2.2860000133514404,2.325000047683716,89602800.0,256530800.0,761517.5625
2022-06-24,2.3259999752044678,2.3380000591278076,2.315999984741211,2.3289999961853027,65272200.0,187892208.0,761517.5625
2022-06-27,2.3289999961853027,2.3610000610351562,2.3259999752044678,2.3559999465942383,92013600.0,267258320.0,761517.5625
2022-06-28,2.3559999465942383,2.38100004196167,2.3519999980926514,2.38100004196167,73016400.0,213481312.0,761517.5625
2022-06-29,2.380000114440918,2.4159998893737793,2.375999927520752,2.3929998874664307,113871352.0,336337184.0,761517.5625
2022-06-30,2.3929998874664307,2.4179999828338623,2.384000062942505,2.4100000858306885,80930048.0,239596096.0,761517.5625
2022-07-01,2.4079999923706055,2.421999931335449,2.381999969482422,2.4149999618530273,100854600.0,298337920.0,761517.5625
2022-07-04,2.4119999408721924,2.427000045776367,2.4030001163482666,2.4210000038146973,61256660.0,181800288.0,761517.5625
2022-07-05,2.4260001182556152,2.450000047683716,2.4179999828338623,2.434999942779541,122446736.0,366071712.0,761517.5625
2022-07-06,2.4200000762939453,2.4210000038146973,2.3510000705718994,2.36899995803833,108013032.0,316190688.0,761517.5625
2022-07-07,2.368000030517578,2.390000104904175,2.3570001125335693,2.381999969482422,48513560.0,142204592.0,761517.5625
2022-07-08,2.3940000534057617,2.4010000228881836,2.375999927520752,2.380000114440918,55512400.0,163098000.0,761517.5625
2022-07-11,2.377000093460083,2.377000093460083,2.3420000076293945,2.3529999256134033,70814800.0,205670176.0,761517.5625
2022-07-12,2.3529999256134033,2.390000104904175,2.3529999256134033,2.375999927520752,68649848.0,201131104.0,761517.5625
2022-07-13,2.375999927520752,2.381999969482422,2.359999895095825,2.374000072479248,40452300.0,118288744.0,761517.5625
2022-07-14,2.374000072479248,2.374000072479248,2.3359999656677246,2.3440001010894775,89442600.0,259196176.0,761517.5625
2022-07-15,2.3440001010894775,2.3559999465942383,2.302999973297119,2.303999900817871,101146736.0,291245056.0,761517.5625
2022-07-18,2.305000066757202,2.36299991607666,2.305000066757202,2.36299991607666,116797200.0,339116672.0,761517.5625
2022-07-19,2.36299991607666,2.372999906539917,2.3510000705718994,2.367000102996826,49310164.0,143799152.0,761517.5625
2022-07-20,2.365999937057495,2.38100004196167,2.365999937057495,2.371999979019165,39950700.0,116957200.0,761517.5625
2022-07-21,2.371000051498413,2.371000051498413,2.3259999752044678,2.328000068664551,88132800.0,254806512.0,761517.5625
2022-07-22,2.3259999752044678,2.3320000171661377,2.2960000038146973,2.311000108718872,124326304.0,356166688.0,761517.5625
2022-07-25,2.312999963760376,2.3310000896453857,2.311000108718872,2.319999933242798,53707100.0,154249152.0,761517.5625
2022-07-26,2.319999933242798,2.367000102996826,2.308000087738037,2.3580000400543213,113616720.0,329550848.0,761517.5625
2022-07-27,2.3529999256134033,2.368000030517578,2.3389999866485596,2.3580000400543213,67072200.0,195244576.0,761517.5625
2022-07-28,2.364000082015991,2.375,2.3559999465942383,2.36899995803833,83951744.0,245193664.0,761517.5625
2022-07-29,2.371000051498413,2.377000093460083,2.3420000076293945,2.3469998836517334,59259232.0,172407872.0,761517.5625
2022-08-01,2.3469998836517334,2.359999895095825,2.319999933242798,2.3540000915527344,80569696.0,233412240.0,761517.5625
2022-08-02,2.3459999561309814,2.3469998836517334,2.2730000019073486,2.2909998893737793,177488304.0,506095424.0,761517.5625
2022-08-03,2.2890000343322754,2.321000099182129,2.257999897003174,2.263000011444092,125822608.0,357210144.0,761517.5625
2022-08-04,2.2660000324249268,2.2750000953674316,2.242000102996826,2.2669999599456787,130782800.0,367557696.0,761517.5625
2022-08-05,2.2669999599456787,2.2750000953674316,2.246000051498413,2.2709999084472656,110346896.0,310308320.0,761517.5625
2022-08-08,2.2720000743865967,2.306999921798706,2.2669999599456787,2.302000045776367,87118096.0,248224896.0,761517.5625
2022-08-09,2.302000045776367,2.3259999752044678,2.2929999828338623,2.322999954223633,67784304.0,194631568.0,761517.5625
2022-08-10,2.322000026702881,2.3259999752044678,2.2980000972747803,2.306999921798706,50348100.0,144108960.0,761517.5625
2022-08-11,2.312999963760376,2.3350000381469727,2.309000015258789,2.3340001106262207,73109104.0,210635120.0,761517.5625
2022-08-12,2.3340001106262207,2.364000082015991,2.3340001106262207,2.3610000610351562,110716376.0,322211712.0,761517.5625
2022-08-15,2.3589999675750732,2.390000104904175,2.3559999465942383,2.375,96842304.0,283963424.0,761517.5625
2022-08-16,2.375,2.3919999599456787,2.368000030517578,2.384999990463257,103386192.0,303620128.0,761517.5625
2022-08-17,2.382999897003174,2.3959999084472656,2.371000051498413,2.3889999389648438,78988520.0,232402960.0,761517.5625
2022-08-18,2.38700008392334,2.4000000953674316,2.361999988555908,2.365000009536743,67169720.0,196591376.0,761517.5625
2022-08-19,2.368000030517578,2.4100000858306885,2.368000030517578,2.390000104904175,131903240.0,389189728.0,761517.5625
2022-08-22,2.3910000324249268,2.4200000762939453,2.388000011444092,2.4159998893737793,85062040.0,252134032.0,761517.5625
2022-08-23,2.4149999618530273,2.438999891281128,2.3940000534057617,2.4260001182556152,89838792.0,267437968.0,761517.5625
2022-08-24,2.427000045776367,2.434000015258789,2.380000114440918,2.381999969482422,81575736.0,241347360.0,761517.5625
2022-08-25,2.3889999389648438,2.4489998817443848,2.3889999389648438,2.447000026702881,188511792.0,563178944.0,761517.5625
2022-08-26,2.446000099182129,2.453000068664551,2.4210000038146973,2.4260001182556152,85533448.0,255627408.0,761517.5625
2022-08-29,2.424999952316284,2.453000068664551,2.384000062942505,2.447999954223633,96707296.0,288554400.0,761517.5625
2022-08-30,2.446000099182129,2.4539999961853027,2.4049999713897705,2.4210000038146973,54685700.0,162812944.0,761517.5625
2022-08-31,2.4200000762939453,2.4260001182556152,2.3919999599456787,2.4030001163482666,61983416.0,183514640.0,761517.5625
2022-09-01,2.4010000228881836,2.4649999141693115,2.3959999084472656,2.430999994277954,150443520.0,450895200.0,761517.5625
2022-09-02,2.430999994277954,2.437000036239624,2.4149999618530273,2.424999952316284,48870900.0,145499568.0,761517.5625
2022-09-05,2.436000108718872,2.4809999465942383,2.424999952316284,2.4790000915527344,164081808.0,495637952.0,761517.5625
2022-09-06,2.4839999675750732,2.5320000648498535,2.4779999256134033,2.5280001163482666,121584224.0,372872192.0,761517.5625
2022-09-07,2.5269999504089355,2.5320000648498535,2.503000020980835,2.5199999809265137,72178800.0,221861136.0,761517.5625
2022-09-08,2.5179998874664307,2.5299999713897705,2.489000082015991,2.510999917984009,57358360.0,175933472.0,761517.5625
2022-09-09,2.513000011444092,2.558000087738037,2.513000011444092,2.553999900817871,92363168.0,286265056.0,761517.5625
2022-09-13,2.552999973297119,2.558000087738037,2.5230000019073486,2.5309998989105225,58992704.0,182567216.0,761517.5625
2022-09-14,2.515000104904175,2.5380001068115234,2.500999927520752,2.505000114440918,58471500.0,179516064.0,761517.5625
2022-09-15,2.5190000534057617,2.552000045776367,2.4809999465942383,2.5169999599456787,115922896.0,356165440.0,761517.5625
2022-09-16,2.510999917984009,2.5139999389648438,2.4200000762939453,2.427000045776367,98692736.0,297417664.0,761517.5625
2022-09-19,2.4200000762939453,2.444000005722046,2.4000000953674316,2.427000045776367,84104216.0,250782016.0,761517.5625
2022-09-20,2.437000036239624,2.447999954223633,2.4189999103546143,2.4240000247955322,47397500.0,141484064.0,761517.5625
2022-09-21,2.4189999103546143,2.4600000381469727,2.4059998989105225,2.4509999752044678,62024052.0,185551312.0,761517.5625
2022-09-22,2.441999912261963,2.4690001010894775,2.436000108718872,2.4630000591278076,56268700.0,169303488.0,761517.5625
2022-09-23,2.4600000381469727,2.4820001125335693,2.430999994277954,2.438999891281128,74847904.0,224904416.0,761517.5625
2022-09-26,2.430000066757202,2.443000078201294,2.384000062942505,2.3910000324249268,89114800.0,264845104.0,761517.5625
2022-09-27,2.3910000324249268,2.4089999198913574,2.3519999980926514,2.4070000648498535,56800900.0,166582592.0,761517.5625
2022-09-28,2.4070000648498535,2.4110000133514404,2.378999948501587,2.385999917984009,59047000.0,173862192.0,761517.5625
2022-09-29,2.3949999809265137,2.4189999103546143,2.367000102996826,2.38100004196167,58634200.0,172937696.0,761517.5625
2022-09-30,2.38100004196167,2.421999931335449,2.378000020980835,2.4059998989105225,50343100.0,148680976.0,761517.5625
2022-10-10,2.4070000648498535,2.4600000381469727,2.4059998989105225,2.4110000133514404,75905104.0,226563520.0,761517.5625
2022-10-11,2.4110000133514404,2.4170000553131104,2.375999927520752,2.4010000228881836,65768500.0,193896400.0,761517.5625
2022-10-12,2.4000000953674316,2.437000036239624,2.371999979019165,2.436000108718872,54109800.0,159773472.0,761517.5625
2022-10-13,2.431999921798706,2.431999921798706,2.371000051498413,2.390000104904175,88015600.0,259010064.0,761517.5625
2022-10-14,2.3940000534057617,2.433000087738037,2.3940000534057617,2.421999931335449,60377048.0,179562592.0,761517.5625
2022-10-17,2.421999931335449,2.421999931335449,2.371000051498413,2.4130001068115234,52517600.0,154784432.0,761517.5625
2022-10-18,2.4110000133514404,2.424999952316284,2.3959999084472656,2.4079999923706055,33860200.0,100393704.0,761517.5625
2022-10-19,2.4070000648498535,2.4260001182556152,2.3959999084472656,2.4049999713897705,42267200.0,125469680.0,761517.5625
2022-10-20,2.4010000228881836,2.4010000228881836,2.371000051498413,2.378999948501587,65409732.0,191859248.0,761517.5625
2022-10-21,2.378999948501587,2.4079999923706055,2.378999948501587,2.3919999599456787,40298300.0,118821048.0,761517.5625
2022-10-24,2.3910000324249268,2.3989999294281006,2.325000047683716,2.3399999141693115,93107776.0,270974432.0,761517.5625
2022-10-25,2.3410000801086426,2.3459999561309814,2.2920000553131104,2.312000036239624,81789472.0,234449648.0,761517.5625
2022-10-26,2.311000108718872,2.3259999752044678,2.2860000133514404,2.2950000762939453,80650200.0,230598032.0,761517.5625
2022-10-27,2.2960000038146973,2.322999954223633,2.2950000762939453,2.309000015258789,62659200.0,179621072.0,761517.5625
2022-10-28,2.305999994277954,2.305999994277954,2.249000072479248,2.259999990463257,106127400.0,299876416.0,761517.5625
2022-10-31,2.259999990463257,2.260999917984009,2.184000015258789,2.193000078201294,188546704.0,520446720.0,761517.5625
2022-11-01,2.194000005722046,2.2130000591278076,2.1710000038146973,2.2130000591278076,161348800.0,442238464.0,761517.5625
2022-11-02,2.2130000591278076,2.252000093460083,2.197000026702881,2.246000051498413,83173200.0,231424400.0,761517.5625
2022-11-03,2.234999895095825,2.240999937057495,2.2170000076293945,2.2269999980926514,56708296.0,157847968.0,761517.5625
2022-11-04,2.2269999980926514,2.2899999618530273,2.2269999980926514,2.2750000953674316,72255296.0,203877600.0,761517.5625
2022-11-07,2.2750000953674316,2.311000108718872,2.2690000534057617,2.299999952316284,60753768.0,173023744.0,761517.5625
2022-11-08,2.299999952316284,2.308000087738037,2.2899999618530273,2.299999952316284,46140928.0,131609688.0,761517.5625
2022-11-09,2.299999952316284,2.3259999752044678,2.296999931335449,2.2980000972747803,68850304.0,197164160.0,761517.5625
2022-11-10,2.2929999828338623,2.315999984741211,2.26200008392334,2.305000066757202,71630496.0,204058304.0,761517.5625
2022-11-11,2.3440001010894775,2.384000062942505,2.3329999446868896,2.367000102996826,119456000.0,347741408.0,761517.5625
2022-11-14,2.3959999084472656,2.4179999828338623,2.3459999561309814,2.3559999465942383,78623800.0,230653248.0,761517.5625
2022-11-15,2.3559999465942383,2.36899995803833,2.3340001106262207,2.365999937057495,49216952.0,143360832.0,761517.5625
2022-11-16,2.365999937057495,2.36899995803833,2.3529999256134033,2.3570001125335693,36166328.0,105405224.0,761517.5625
2022-11-17,2.3559999465942383,2.3559999465942383,2.318000078201294,2.3359999656677246,63827668.0,184171856.0,761517.5625
2022-11-18,2.3359999656677246,2.3369998931884766,2.316999912261963,2.322999954223633,53541700.0,154123184.0,761517.5625
2022-11-21,2.313999891281128,2.316999912261963,2.2850000858306885,2.312000036239624,46031568.0,131386216.0,761517.5625
2022-11-22,2.312000036239624,2.3510000705718994,2.311000108718872,2.3310000896453857,55243000.0,159345664.0,761517.5625
2022-11-23,2.3299999237060547,2.361999988555908,2.3259999752044678,2.3469998836517334,94430000.0,274258848.0,761517.5625
2022-11-24,2.3589999675750732,2.365999937057495,2.3429999351501465,2.36299991607666,49144980.0,143185056.0,761517.5625
2022-11-25,2.361999988555908,2.4159998893737793,2.3589999675750732,2.4119999408721924,132863784.0,392629152.0,761517.5625
2022-11-28,2.3919999599456787,2.4019999504089355,2.364000082015991,2.3940000534057617,62533664.0,183818528.0,761517.5625
2022-11-29,2.430999994277954,2.4820001125335693,2.4159998893737793,2.4800000190734863,201603968.0,607437952.0,761517.5625
2022-11-30,2.4739999771118164,2.509000062942505,2.450000047683716,2.4600000381469727,88283936.0,267525104.0,761517.5625
2022-12-01,2.4839999675750732,2.490000009536743,2.436000108718872,2.438999891281128,68816608.0,207140896.0,761517.5625
2022-12-02,2.438999891281128,2.438999891281128,2.4010000228881836,2.4179999828338623,103666704.0,307550688.0,761517.5625
2022-12-05,2.428999900817871,2.4800000190734863,2.428999900817871,2.4709999561309814,86901504.0,262062368.0,761517.5625
2022-12-06,2.4679999351501465,2.4690001010894775,2.444999933242798,2.4590001106262207,67770800.0,203853664.0,761517.5625
2022-12-07,2.4519999027252197,2.4639999866485596,2.430999994277954,2.444000005722046,46625100.0,139918416.0,761517.5625
2022-12-08,2.443000078201294,2.4679999351501465,2.434999942779541,2.4590001106262207,49694000.0,149492384.0,761517.5625
2022-12-09,2.4570000171661377,2.4709999561309814,2.446000099182129,2.4660000801086426,54218300.0,163344672.0,761517.5625
2022-12-12,2.4539999961853027,2.4570000171661377,2.4030001163482666,2.4040000438690186,82176304.0,244570800.0,761517.5625
2022-12-13,2.4040000438690186,2.427999973297119,2.3989999294281006,2.4179999828338623,34846440.0,103509560.0,761517.5625
2022-12-14,2.4179999828338623,2.4200000762939453,2.4059998989105225,2.4119999408721924,34461200.0,102197952.0,761517.5625
2022-12-15,2.4100000858306885,2.4110000133514404,2.36899995803833,2.377000093460083,73936000.0,216964768.0,761517.5625
2022-12-16,2.371999979019165,2.4140000343322754,2.365999937057495,2.3989999294281006,58714200.0,173326480.0,761517.5625
2022-12-19,2.3989999294281006,2.4100000858306885,2.3440001010894775,2.359999895095825,72754600.0,212598736.0,761517.5625
2022-12-20,2.359999895095825,2.3610000610351562,2.311000108718872,2.3259999752044678,80203696.0,231240544.0,761517.5625
2022-12-21,2.328000068664551,2.3450000286102295,2.315999984741211,2.3289999961853027,74895000.0,215714432.0,761517.5625
2022-12-22,2.3359999656677246,2.3519999980926514,2.2980000972747803,2.306999921798706,77455600.0,222861040.0,761517.5625
2022-12-23,2.305999994277954,2.315000057220459,2.2890000343322754,2.296999931335449,67151904.0,191529024.0,761517.5625
2022-12-26,2.296999931335449,2.302000045776367,2.2880001068115234,2.2899999618530273,65526100.0,186517984.0,761517.5625
2022-12-27,2.2920000553131104,2.322999954223633,2.2920000553131104,2.318000078201294,66616400.0,191115136.0,761517.5625
2022-12-28,2.318000078201294,2.3289999961853027,2.299999952316284,2.3239998817443848,44516900.0,127890496.0,761517.5625
2022-12-29,2.322000026702881,2.322000026702881,2.2869999408721924,2.2950000762939453,74464496.0,212229120.0,761517.5625
2022-12-30,2.2960000038146973,2.311000108718872,2.2920000553131104,2.309000015258789,55376500.0,158246816.0,761517.5625
2023-01-03,2.309999942779541,2.3289999961853027,2.299999952316284,2.322000026702881,48583200.0,139524144.0,761517.5625
2023-01-04,2.322000026702881,2.3510000705718994,2.315000057220459,2.3429999351501465,53686316.0,155397648.0,761517.5625
2023-01-05,2.3459999561309814,2.3540000915527344,2.3380000591278076,2.3480000495910645,50186052.0,145528112.0,761517.5625
2023-01-06,2.3480000495910645,2.3499999046325684,2.3380000591278076,2.3429999351501465,51267700.0,148478960.0,761517.5625
2023-01-09,2.3469998836517334,2.3529999256134033,2.3359999656677246,2.3450000286102295,51867400.0,150340272.0,761517.5625
2023-01-10,2.3459999561309814,2.3499999046325684,2.3239998817443848,2.3289999961853027,85262096.0,245937424.0,761517.5625
2023-01-11,2.3289999961853027,2.3570001125335693,2.3269999027252197,2.3510000705718994,64943100.0,188233344.0,761517.5625
2023-01-12,2.3510000705718994,2.3519999980926514,2.328000068664551,2.3380000591278076,90597296.0,261787776.0,761517.5625
2023-01-13,2.3389999866485596,2.3559999465942383,2.3389999866485596,2.3529999256134033,66760752.0,193887488.0,761517.5625
2023-01-16,2.4040000438690186,2.4040000438690186,2.3540000915527344,2.371999979019165,186379360.0,519675040.0,-761517.5625
2023-01-17,2.371999979019165,2.375999927520752,2.359999895095825,2.364000082015991,106421800.0,295838464.0,761517.5625
2023-01-18,2.364000082015991,2.375,2.364000082015991,2.367000102996826,75283904.0,209632688.0,761517.5625
2023-01-19,2.368000030517578,2.374000072479248,2.3589999675750732,2.372999906539917,90972000.0,252977952.0,761517.5625
2023-01-20,2.374000072479248,2.4019999504089355,2.374000072479248,2.4010000228881836,88700496.0,249116784.0,761517.5625
2023-01-30,2.4170000553131104,2.433000087738037,2.384000062942505,2.384999990463257,127149104.0,358000640.0,761517.5625
2023-01-31,2.384999990463257,2.3940000534057617,2.380000114440918,2.3929998874664307,60527300.0,169838224.0,761517.5625
2023-02-01,2.3929998874664307,2.3989999294281006,2.380000114440918,2.3970000743865967,78093728.0,219003344.0,761517.5625
2023-02-02,2.3970000743865967,2.4070000648498535,2.385999917984009,2.4010000228881836,68580008.0,193023856.0,761517.5625
2023-02-03,2.3989999294281006,2.4000000953674316,2.369999885559082,2.382999897003174,139694000.0,390425632.0,761517.5625
2023-02-06,2.375999927520752,2.375999927520752,2.3610000610351562,2.368000030517578,86270600.0,240113328.0,761517.5625
2023-02-07,2.368000030517578,2.385999917984009,2.368000030517578,2.378999948501587,58756916.0,164218400.0,761517.5625
2023-02-08,2.38100004196167,2.385999917984009,2.369999885559082,2.371999979019165,59525900.0,166306992.0,761517.5625
2023-02-09,2.369999885559082,2.384000062942505,2.365000009536743,2.38100004196167,56688600.0,158441040.0,761517.5625
2023-02-10,2.381999969482422,2.3889999389648438,2.375999927520752,2.384000062942505,69044200.0,193255408.0,761517.5625
2023-02-13,2.384000062942505,2.390000104904175,2.371000051498413,2.3889999389648438,69617904.0,194855536.0,761517.5625
2023-02-14,2.388000011444092,2.4070000648498535,2.388000011444092,2.4059998989105225,96506800.0,271916704.0,761517.5625
2023-02-15,2.4059998989105225,2.4070000648498535,2.3889999389648438,2.3929998874664307,59031800.0,165941888.0,761517.5625
2023-02-16,2.3929998874664307,2.4110000133514404,2.364000082015991,2.378000020980835,128882896.0,362060768.0,761517.5625
2023-02-17,2.382999897003174,2.3980000019073486,2.375,2.382999897003174,114880896.0,322096576.0,761517.5625
2023-02-20,2.382999897003174,2.427999973297119,2.382999897003174,2.427000045776367,175180896.0,495237408.0,761517.5625
2023-02-21,2.431999921798706,2.4700000286102295,2.431999921798706,2.4630000591278076,130005544.0,373481888.0,761517.5625
2023-02-22,2.4630000591278076,2.4730000495910645,2.444000005722046,2.4670000076293945,80162400.0,230813152.0,761517.5625
2023-02-23,2.4779999256134033,2.49399995803833,2.4660000801086426,2.4779999256134033,96237928.0,278872064.0,761517.5625
2023-02-24,2.4769999980926514,2.4800000190734863,2.453000068664551,2.4700000286102295,73935568.0,213207984.0,761517.5625
2023-02-27,2.4639999866485596,2.490999937057495,2.4639999866485596,2.4749999046325684,73067552.0,211572944.0,761517.5625
2023-02-28,2.4749999046325684,2.4820001125335693,2.4609999656677246,2.4820001125335693,51958360.0,150034864.0,761517.5625
2023-03-01,2.4830000400543213,2.5,2.4820001125335693,2.499000072479248,112762712.0,328135296.0,761517.5625
2023-03-02,2.499000072479248,2.5260000228881836,2.49399995803833,2.513000011444092,86228776.0,252651664.0,761517.5625
2023-03-03,2.5139999389648438,2.5320000648498535,2.505000114440918,2.5280001163482666,87213464.0,256196224.0,761517.5625
2023-03-06,2.5290000438690186,2.5339999198913574,2.510999917984009,2.5139999389648438,91306800.0,268088304.0,761517.5625
2023-03-07,2.513000011444092,2.553999900817871,2.503999948501587,2.506999969482422,111609904.0,329211296.0,761517.5625
2023-03-08,2.503999948501587,2.50600004196167,2.484999895095825,2.505000114440918,77218640.0,224811488.0,761517.5625
2023-03-09,2.50600004196167,2.5230000019073486,2.499000072479248,2.500999927520752,57295400.0,167495216.0,761517.5625
2023-03-10,2.497999906539917,2.497999906539917,2.4539999961853027,2.4609999656677246,97365800.0,281052256.0,761517.5625
2023-03-13,2.4570000171661377,2.49399995803833,2.4539999961853027,2.49399995803833,72623800.0,209998464.0,761517.5625
2023-03-14,2.49399995803833,2.506999969482422,2.4670000076293945,2.4790000915527344,71521600.0,207670624.0,761517.5625
2023-03-15,2.4830000400543213,2.509000062942505,2.4700000286102295,2.503000020980835,88122000.0,256196944.0,761517.5625
2023-03-16,2.49399995803833,2.507999897003174,2.4779999256134033,2.4820001125335693,72016400.0,209392784.0,761517.5625
2023-03-17,2.484999895095825,2.5139999389648438,2.484999895095825,2.500999927520752,77682000.0,226786096.0,761517.5625
2023-03-20,2.500999927520752,2.5250000953674316,2.4860000610351562,2.48799991607666,95327000.0,278501184.0,761517.5625
2023-03-21,2.490000009536743,2.497999906539917,2.4709999561309814,2.4800000190734863,63657800.0,184341648.0,761517.5625
2023-03-22,2.4839999675750732,2.505000114440918,2.4769999980926514,2.49399995803833,54584064.0,158789472.0,761517.5625
2023-03-23,2.493000030517578,2.499000072479248,2.4800000190734863,2.496000051498413,42059400.0,122322128.0,761517.5625
2023-03-24,2.499000072479248,2.500999927520752,2.4739999771118164,2.4779999256134033,62030900.0,179647392.0,761517.5625
2023-03-27,2.4779999256134033,2.4779999256134033,2.444000005722046,2.4570000171661377,97238352.0,278881024.0,761517.5625
2023-03-28,2.4590001106262207,2.4700000286102295,2.450000047683716,2.4619998931884766,45533700.0,130962552.0,761517.5625
2023-03-29,2.4639999866485596,2.4739999771118164,2.4549999237060547,2.4600000381469727,34230272.0,98502952.0,761517.5625
2023-03-30,2.4590001106262207,2.4719998836517334,2.441999912261963,2.4709999561309814,67884200.0,194987408.0,761517.5625
2023-03-31,2.4730000495910645,2.489000082015991,2.4679999351501465,2.4779999256134033,55129200.0,159721792.0,761517.5625
2023-04-03,2.4779999256134033,2.502000093460083,2.4779999256134033,2.499000072479248,75613504.0,220176080.0,761517.5625
2023-04-04,2.496999979019165,2.5190000534057617,2.490999937057495,2.51200008392334,110291696.0,322909376.0,761517.5625
2023-04-06,2.51200008392334,2.51200008392334,2.493000030517578,2.494999885559082,31225906.0,91008864.0,761517.5625
2023-04-07,2.49399995803833,2.50600004196167,2.489000082015991,2.496000051498413,37052900.0,107890560.0,761517.5625
2023-04-10,2.496000051498413,2.496999979019165,2.484999895095825,2.493000030517578,45922792.0,133549936.0,761517.5625
2023-04-11,2.493000030517578,2.5160000324249268,2.486999988555908,2.5160000324249268,79054496.0,231070528.0,761517.5625
2023-04-12,2.5179998874664307,2.5510001182556152,2.5179998874664307,2.549999952316284,128781256.0,381179776.0,761517.5625
2023-04-13,2.5480000972747803,2.569999933242798,2.5450000762939453,2.556999921798706,107516040.0,319787904.0,761517.5625
2023-04-14,2.556999921798706,2.562999963760376,2.5380001068115234,2.5490000247955322,62391436.0,184942352.0,761517.5625
2023-04-17,2.5460000038146973,2.5840001106262207,2.5360000133514404,2.5829999446868896,99264256.0,296290752.0,761517.5625
2023-04-18,2.5810000896453857,2.6029999256134033,2.5739998817443848,2.6019999980926514,119134496.0,358379744.0,761517.5625
2023-04-19,2.5999999046325684,2.6089999675750732,2.5899999141693115,2.5969998836517334,123493952.0,372704736.0,761517.5625
2023-04-20,2.5940001010894775,2.6050000190734863,2.568000078201294,2.5929999351501465,71219304.0,213582224.0,761517.5625
2023-04-21,2.5929999351501465,2.621999979019165,2.575000047683716,2.5759999752044678,67684800.0,203993520.0,761517.5625
2023-04-24,2.5769999027252197,2.5880000591278076,2.563999891281128,2.571000099182129,175007104.0,523034048.0,761517.5625
2023-04-25,2.572000026702881,2.5969998836517334,2.553999900817871,2.5929999351501465,112814600.0,338306944.0,761517.5625
2023-04-26,2.5829999446868896,2.615999937057495,2.553999900817871,2.5989999771118164,122174896.0,367421984.0,761517.5625
2023-04-27,2.5980000495910645,2.621000051498413,2.5829999446868896,2.6070001125335693,121086704.0,365975680.0,761517.5625
2023-04-28,2.5999999046325684,2.6449999809265137,2.5969998836517334,2.6429998874664307,160162400.0,487420768.0,761517.5625
2023-05-04,2.635999917984009,2.7190001010894775,2.625999927520752,2.7139999866485596,110225392.0,342886208.0,761517.5625
2023-05-05,2.7219998836517334,2.763000011444092,2.703000068664551,2.742000102996826,103719096.0,326728352.0,761517.5625
2023-05-08,2.739000082015991,2.8469998836517334,2.7320001125335693,2.8329999446868896,194076960.0,626117632.0,761517.5625
2023-05-09,2.8329999446868896,2.86899995803833,2.7920000553131104,2.7950000762939453,206046128.0,669668928.0,761517.5625
2023-05-10,2.7839999198913574,2.7960000038146973,2.7160000801086426,2.7269999980926514,172259632.0,544893184.0,761517.5625
2023-05-11,2.7290000915527344,2.747999906539917,2.7090001106262207,2.7200000286102295,78337496.0,246173840.0,761517.5625
2023-05-12,2.7200000286102295,2.746999979019165,2.694000005722046,2.7070000171661377,92668896.0,290498752.0,761517.5625
2023-05-15,2.7060000896453857,2.7070000171661377,2.630000114440918,2.700000047683716,122320000.0,376965472.0,761517.5625
2023-05-16,2.697000026702881,2.7219998836517334,2.674999952316284,2.680000066757202,79416152.0,247617056.0,761517.5625
2023-05-17,2.680000066757202,2.688999891281128,2.6549999713897705,2.6670000553131104,72269824.0,223115088.0,761517.5625
2023-05-18,2.6689999103546143,2.7130000591278076,2.6679999828338623,2.694999933242798,65427820.0,203631840.0,761517.5625
2023-05-19,2.681999921798706,2.681999921798706,2.6480000019073486,2.6519999504089355,209455600.0,644546240.0,761517.5625
2023-05-22,2.6489999294281006,2.6600000858306885,2.628999948501587,2.6419999599456787,69759400.0,213381008.0,761517.5625
2023-05-23,2.640000104904175,2.6500000953674316,2.6040000915527344,2.6040000915527344,67180704.0,204377440.0,761517.5625
2023-05-24,2.6019999980926514,2.6019999980926514,2.558000087738037,2.562000036239624,96195400.0,287369312.0,761517.5625
2023-05-25,2.558000087738037,2.562000036239624,2.5160000324249268,2.546999931335449,91052704.0,268765472.0,761517.5625
2023-05-26,2.5439999103546143,2.5829999446868896,2.5299999713897705,2.575000047683716,105758896.0,314225152.0,761517.5625
2023-05-29,2.5829999446868896,2.628000020980835,2.565000057220459,2.6059999465942383,153613904.0,463052320.0,761517.5625
2023-05-30,2.5999999046325684,2.61299991607666,2.563999891281128,2.6050000190734863,80546632.0,242262384.0,761517.5625
2023-05-31,2.5959999561309814,2.6019999980926514,2.565999984741211,2.572000026702881,78721000.0,235788352.0,761517.5625
2023-06-01,2.5739998817443848,2.5950000286102295,2.555000066757202,2.569000005722046,64527800.0,192860688.0,761517.5625
2023-06-02,2.571000099182129,2.5840001106262207,2.561000108718872,2.568000078201294,85495904.0,255216880.0,761517.5625
2023-06-05,2.569000005722046,2.5889999866485596,2.556999921798706,2.5859999656677246,61297600.0,183532768.0,761517.5625
2023-06-06,2.5859999656677246,2.621999979019165,2.565999984741211,2.5759999752044678,81204536.0,244827856.0,761517.5625
2023-06-07,2.575000047683716,2.611999988555908,2.559999942779541,2.6070001125335693,97089504.0,292681824.0,761517.5625
2023-06-08,2.6050000190734863,2.6519999504089355,2.5899999141693115,2.6440000534057617,100371600.0,305208512.0,761517.5625
2023-06-09,2.6419999599456787,2.6429998874664307,2.615999937057495,2.625,60166000.0,183079648.0,761517.5625
2023-06-12,2.625,2.625,2.5899999141693115,2.5940001010894775,76298496.0,230181328.0,761517.5625
2023-06-13,2.5880000591278076,2.6010000705718994,2.5820000171661377,2.5869998931884766,49448020.0,148532064.0,761517.5625
2023-06-14,2.5869998931884766,2.6089999675750732,2.568000078201294,2.569000005722046,78180600.0,234506336.0,761517.5625
2023-06-15,2.572000026702881,2.5810000896453857,2.563999891281128,2.578000068664551,58757000.0,175553040.0,761517.5625
2023-06-16,2.578000068664551,2.5850000381469727,2.572000026702881,2.572999954223633,87889296.0,263149360.0,761517.5625
2023-06-19,2.572999954223633,2.5739998817443848,2.5339999198913574,2.5360000133514404,103081424.0,305355744.0,761517.5625
2023-06-20,2.5339999198913574,2.5350000858306885,2.50600004196167,2.509000062942505,83787504.0,245848048.0,761517.5625
2023-06-21,2.507999897003174,2.5220000743865967,2.489000082015991,2.492000102996826,95955208.0,280357280.0,761517.5625
2023-06-26,2.4839999675750732,2.4839999675750732,2.444999933242798,2.446000099182129,185650896.0,533908544.0,761517.5625
2023-06-27,2.446000099182129,2.503999948501587,2.446000099182129,2.499000072479248,114655504.0,331625632.0,761517.5625
2023-06-28,2.494999885559082,2.5220000743865967,2.489000082015991,2.5190000534057617,79024704.0,231038912.0,761517.5625
2023-06-29,2.5179998874664307,2.5269999504089355,2.502000093460083,2.5169999599456787,76133400.0,223326048.0,761517.5625
2023-06-30,2.515000104904175,2.5320000648498535,2.513000011444092,2.5220000743865967,71608400.0,210589392.0,761517.5625
2023-07-03,2.5239999294281006,2.559000015258789,2.5239999294281006,2.556999921798706,97236200.0,287933600.0,761517.5625
2023-07-04,2.553999900817871,2.553999900817871,2.5199999809265137,2.5339999198913574,64226300.0,189330288.0,761517.5625
2023-07-05,2.5280001163482666,2.5409998893737793,2.5169999599456787,2.5320000648498535,109278304.0,322285376.0,761517.5625
2023-07-06,2.5320000648498535,2.5409998893737793,2.5179998874664307,2.5250000953674316,55686808.0,163866688.0,761517.5625
2023-07-07,2.5199999809265137,2.5450000762939453,2.5160000324249268,2.5429999828338623,59335024.0,175070560.0,761517.5625
2023-07-10,2.5439999103546143,2.555999994277954,2.5380001068115234,2.549999952316284,47931012.0,142027984.0,761517.5625
2023-07-11,2.552000045776367,2.556999921798706,2.5339999198913574,2.5480000972747803,40194180.0,119043552.0,761517.5625
2023-07-12,2.549999952316284,2.552999973297119,2.5239999294281006,2.5299999713897705,51387480.0,151754240.0,761517.5625
2023-07-13,2.5339999198913574,2.565000057220459,2.5320000648498535,2.561000108718872,66926200.0,198755936.0,761517.5625
2023-07-14,2.562999963760376,2.5859999656677246,2.562000036239624,2.5759999752044678,73284064.0,219133168.0,761517.5625
2023-07-17,2.566999912261963,2.566999912261963,2.5439999103546143,2.559000015258789,46000300.0,136395584.0,761517.5625
2023-07-18,2.558000087738037,2.565000057220459,2.5439999103546143,2.552000045776367,37397400.0,111046328.0,761517.5625
2023-07-19,2.5490000247955322,2.572000026702881,2.5490000247955322,2.571000099182129,47309100.0,140887344.0,761517.5625
2023-07-20,2.571000099182129,2.5799999237060547,2.555999994277954,2.562000036239624,41569152.0,124019112.0,761517.5625
2023-07-21,2.558000087738037,2.568000078201294,2.5510001182556152,2.562000036239624,37754200.0,112343992.0,761517.5625
2023-07-24,2.553999900817871,2.572000026702881,2.5450000762939453,2.559999942779541,57460100.0,170934720.0,761517.5625
2023-07-25,2.5769999027252197,2.6029999256134033,2.5769999027252197,2.6019999980926514,107629216.0,324197408.0,761517.5625
2023-07-26,2.6029999256134033,2.615000009536743,2.5989999771118164,2.6089999675750732,88312200.0,266949264.0,761517.5625
2023-07-27,2.6080000400543213,2.6419999599456787,2.6029999256134033,2.618000030517578,102028280.0,310293888.0,761517.5625
2023-07-28,2.611999988555908,2.677000045776367,2.6110000610351562,2.6700000762939453,134814800.0,414367872.0,761517.5625
2023-07-31,2.684999942779541,2.7179999351501465,2.677000045776367,2.690000057220459,115187488.0,357919392.0,761517.5625
2023-08-01,2.688999891281128,2.7090001106262207,2.680000066757202,2.694000005722046,105422592.0,327903488.0,761517.5625
2023-08-02,2.691999912261963,2.691999912261963,2.6489999294281006,2.6549999713897705,92751104.0,285621184.0,761517.5625
2023-08-03,2.6470000743865967,2.671999931335449,2.634999990463257,2.6710000038146973,70156392.0,215303792.0,761517.5625
2023-08-04,2.680999994277954,2.696000099182129,2.6570000648498535,2.6600000858306885,90478000.0,279491040.0,761517.5625
2023-08-07,2.6559998989105225,2.6559998989105225,2.622999906539917,2.631999969482422,55295600.0,168500144.0,761517.5625
2023-08-08,2.625999927520752,2.6429998874664307,2.617000102996826,2.627000093460083,55814500.0,169965280.0,761517.5625
2023-08-09,2.627000093460083,2.627000093460083,2.614000082015991,2.617000102996826,37008564.0,112315760.0,761517.5625
2023-08-10,2.617000102996826,2.6489999294281006,2.61299991607666,2.638000011444092,40919500.0,124854928.0,761517.5625
2023-08-11,2.638000011444092,2.6449999809265137,2.5950000286102295,2.5959999561309814,50088900.0,151592864.0,761517.5625
2023-08-14,2.5810000896453857,2.5959999561309814,2.555999994277954,2.5899999141693115,81355152.0,243440080.0,761517.5625
2023-08-15,2.5899999141693115,2.619999885559082,2.5810000896453857,2.614000082015991,99455120.0,300584128.0,761517.5625
2023-08-16,2.6089999675750732,2.627000093460083,2.5899999141693115,2.61299991607666,74871976.0,226597760.0,761517.5625
2023-08-17,2.5969998836517334,2.61299991607666,2.5840001106262207,2.611999988555908,69016072.0,208002832.0,761517.5625
2023-08-18,2.6080000400543213,2.6419999599456787,2.6070001125335693,2.61299991607666,78958048.0,239931264.0,761517.5625
2023-08-21,2.61299991607666,2.618000030517578,2.5840001106262207,2.5880000591278076,86661872.0,261038784.0,761517.5625
2023-08-22,2.5889999866485596,2.615000009536743,2.5769999027252197,2.6059999465942383,82506000.0,248446640.0,761517.5625
2023-08-23,2.6029999256134033,2.6419999599456787,2.5999999046325684,2.611999988555908,79397400.0,241209472.0,761517.5625
2023-08-24,2.611999988555908,2.622999906539917,2.5910000801086426,2.5959999561309814,72440000.0,218735088.0,761517.5625
2023-08-25,2.5940001010894775,2.617000102996826,2.5850000381469727,2.5989999771118164,106847960.0,322352384.0,761517.5625
2023-08-28,2.7339999675750732,2.752000093460083,2.63100004196167,2.6410000324249268,172673200.0,531886080.0,761517.5625
2023-08-29,2.632999897003174,2.6480000019073486,2.61899995803833,2.6410000324249268,86003568.0,262486448.0,761517.5625
2023-08-30,2.6410000324249268,2.6410000324249268,2.5999999046325684,2.6110000610351562,92629000.0,280901440.0,761517.5625
2023-08-31,2.6080000400543213,2.618000030517578,2.572000026702881,2.578000068664551,102337552.0,307111456.0,761517.5625
2023-09-01,2.5789999961853027,2.611999988555908,2.5789999961853027,2.6059999465942383,66712668.0,201150064.0,761517.5625
2023-09-04,2.615999937057495,2.6589999198913574,2.615999937057495,2.6519999504089355,105903360.0,324183872.0,761517.5625
2023-09-05,2.6519999504089355,2.6519999504089355,2.618000030517578,2.628000020980835,61836016.0,188196576.0,761517.5625
2023-09-06,2.619999885559082,2.632999897003174,2.6089999675750732,2.625,45688400.0,138699888.0,761517.5625
2023-09-07,2.624000072479248,2.6410000324249268,2.615000009536743,2.617000102996826,72547624.0,220821936.0,761517.5625
2023-09-08,2.6089999675750732,2.61299991607666,2.5910000801086426,2.5980000495910645,69540000.0,209658832.0,761517.5625
2023-09-11,2.5989999771118164,2.622999906539917,2.5980000495910645,2.61899995803833,46378224.0,140555584.0,761517.5625
2023-09-12,2.617000102996826,2.621999979019165,2.609999895095825,2.614000082015991,31238824.0,94657872.0,761517.5625
2023-09-13,2.617000102996826,2.6410000324249268,2.617000102996826,2.628999948501587,71652376.0,218130032.0,761517.5625
2023-09-14,2.628000020980835,2.6700000762939453,2.621000051498413,2.6670000553131104,119430808.0,366654560.0,761517.5625
2023-09-15,2.6689999103546143,2.694000005722046,2.6559998989105225,2.6689999103546143,104789696.0,323953472.0,761517.5625
2023-09-18,2.6679999828338623,2.6710000038146973,2.638000011444092,2.6710000038146973,61768300.0,189560176.0,761517.5625
2023-09-19,2.6689999103546143,2.697000026702881,2.6659998893737793,2.691999912261963,73535352.0,228239536.0,761517.5625
2023-09-20,2.690000057220459,2.7049999237060547,2.678999900817871,2.700000047683716,65517532.0,204077920.0,761517.5625
2023-09-21,2.690999984741211,2.7070000171661377,2.678999900817871,2.680999994277954,104729400.0,324973568.0,761517.5625
2023-09-22,2.6670000553131104,2.696000099182129,2.6659998893737793,2.694999933242798,100762064.0,312511520.0,761517.5625
2023-09-25,2.690999984741211,2.7090001106262207,2.678999900817871,2.688999891281128,86118600.0,268039904.0,761517.5625
2023-09-26,2.684999942779541,2.694000005722046,2.671999931335449,2.6760001182556152,44600700.0,137978928.0,761517.5625
2023-09-27,2.674999952316284,2.680999994277954,2.6589999198913574,2.6649999618530273,71082304.0,219143616.0,761517.5625
2023-09-28,2.6679999828338623,2.6740000247955322,2.6600000858306885,2.6610000133514404,52079000.0,160507712.0,761517.5625
2023-10-09,2.6610000133514404,2.6619999408721924,2.625999927520752,2.6559998989105225,66265900.0,202879872.0,761517.5625
2023-10-10,2.6559998989105225,2.6619999408721924,2.625,2.627000093460083,63708100.0,194512032.0,761517.5625
2023-10-11,2.63100004196167,2.634999990463257,2.609999895095825,2.618000030517578,76037104.0,230940816.0,761517.5625
2023-10-12,2.627000093460083,2.6500000953674316,2.625,2.6440000534057617,62037104.0,189335376.0,761517.5625
2023-10-13,2.630000114440918,2.6489999294281006,2.621000051498413,2.640000104904175,53520216.0,163522912.0,761517.5625
2023-10-16,2.6419999599456787,2.6600000858306885,2.634000062942505,2.6589999198913574,70751008.0,216776416.0,761517.5625
2023-10-17,2.6570000648498535,2.6600000858306885,2.6429998874664307,2.6549999713897705,39328200.0,120585680.0,761517.5625
2023-10-18,2.6519999504089355,2.6549999713897705,2.63100004196167,2.631999969482422,52982500.0,161883632.0,761517.5625
2023-10-19,2.622999906539917,2.627000093460083,2.5840001106262207,2.5869998931884766,91039104.0,274436032.0,761517.5625
2023-10-20,2.5829999446868896,2.5829999446868896,2.553999900817871,2.563999891281128,107055000.0,319540224.0,761517.5625
2023-10-23,2.562999963760376,2.566999912261963,2.5190000534057617,2.5339999198913574,80500864.0,238086560.0,761517.5625
2023-10-24,2.552000045776367,2.555999994277954,2.5339999198913574,2.555000066757202,69351296.0,205279072.0,761517.5625
2023-10-25,2.571000099182129,2.5869998931884766,2.565000057220459,2.578000068664551,83523800.0,249738016.0,761517.5625
2023-10-26,2.571000099182129,2.5910000801086426,2.559000015258789,2.5880000591278076,52428800.0,156824080.0,761517.5625
2023-10-27,2.5880000591278076,2.6110000610351562,2.5820000171661377,2.5989999771118164,80812200.0,243815264.0,761517.5625
2023-10-30,2.5929999351501465,2.5940001010894775,2.553999900817871,2.558000087738037,118171840.0,351932928.0,761517.5625
2023-10-31,2.555999994277954,2.566999912261963,2.5450000762939453,2.565999984741211,53211888.0,158216608.0,761517.5625
2023-11-01,2.566999912261963,2.569000005722046,2.5480000972747803,2.562999963760376,55255152.0,164238768.0,761517.5625
2023-11-02,2.562999963760376,2.5820000171661377,2.561000108718872,2.572000026702881,53830712.0,161037376.0,761517.5625
2023-11-03,2.572000026702881,2.5799999237060547,2.553999900817871,2.558000087738037,70046704.0,208714192.0,761517.5625
2023-11-06,2.558000087738037,2.562000036239624,2.5320000648498535,2.5390000343322754,172542656.0,509516544.0,761517.5625
2023-11-07,2.5360000133514404,2.5439999103546143,2.5239999294281006,2.5409998893737793,58693200.0,173182768.0,761517.5625
2023-11-08,2.5369999408721924,2.546999931335449,2.5290000438690186,2.5399999618530273,50499788.0,149216320.0,761517.5625
2023-11-09,2.5399999618530273,2.566999912261963,2.5369999408721924,2.565000057220459,90250560.0,268600320.0,761517.5625
2023-11-10,2.555000066757202,2.562999963760376,2.5409998893737793,2.556999921798706,50737296.0,150542192.0,761517.5625
2023-11-13,2.561000108718872,2.566999912261963,2.5390000343322754,2.562000036239624,44482028.0,131909520.0,761517.5625
2023-11-14,2.562000036239624,2.565000057220459,2.5439999103546143,2.552000045776367,44989800.0,133462720.0,761517.5625
2023-11-15,2.563999891281128,2.568000078201294,2.553999900817871,2.561000108718872,43642048.0,129854728.0,761517.5625
2023-11-16,2.561000108718872,2.569000005722046,2.552000045776367,2.562999963760376,54895312.0,163561648.0,761517.5625
2023-11-17,2.558000087738037,2.561000108718872,2.5429999828338623,2.552999973297119,42546444.0,126158080.0,761517.5625
2023-11-20,2.553999900817871,2.562000036239624,2.5460000038146973,2.556999921798706,46994700.0,139661376.0,761517.5625
2023-11-21,2.559999942779541,2.5910000801086426,2.559000015258789,2.572999954223633,74451568.0,222860688.0,761517.5625
2023-11-22,2.566999912261963,2.5840001106262207,2.565000057220459,2.565000057220459,62422628.0,186678896.0,761517.5625
2023-11-23,2.565000057220459,2.5889999866485596,2.562000036239624,2.5850000381469727,78975168.0,236404544.0,761517.5625
2023-11-24,2.5820000171661377,2.5989999771118164,2.5820000171661377,2.5929999351501465,54047416.0,162595968.0,761517.5625
2023-11-27,2.5859999656677246,2.5899999141693115,2.571000099182129,2.5840001106262207,60792100.0,181918976.0,761517.5625
2023-11-28,2.5799999237060547,2.5799999237060547,2.562000036239624,2.578000068664551,47899900.0,143007648.0,761517.5625
2023-11-29,2.578000068664551,2.5829999446868896,2.559999942779541,2.565000057220459,53477000.0,159578384.0,761517.5625
2023-11-30,2.561000108718872,2.575000047683716,2.559000015258789,2.5739998817443848,45284200.0,135116880.0,761517.5625
2023-12-01,2.5739998817443848,2.5889999866485596,2.571000099182129,2.5859999656677246,60824500.0,182432768.0,761517.5625
2023-12-04,2.5859999656677246,2.5980000495910645,2.5799999237060547,2.5920000076293945,66769900.0,200666272.0,761517.5625
2023-12-05,2.5880000591278076,2.5880000591278076,2.553999900817871,2.555999994277954,79642392.0,238037776.0,761517.5625
2023-12-06,2.556999921798706,2.558000087738037,2.5250000953674316,2.552999973297119,68120096.0,201514304.0,761517.5625
2023-12-07,2.549999952316284,2.562000036239624,2.5369999408721924,2.553999900817871,44796400.0,132906112.0,761517.5625
2023-12-08,2.553999900817871,2.565999984741211,2.5390000343322754,2.555000066757202,45438800.0,134990560.0,761517.5625
2023-12-11,2.546999931335449,2.5840001106262207,2.505000114440918,2.5810000896453857,103498712.0,306446880.0,761517.5625
2023-12-12,2.575000047683716,2.5940001010894775,2.563999891281128,2.5929999351501465,79682304.0,238997952.0,761517.5625
2023-12-13,2.5869998931884766,2.5940001010894775,2.569999933242798,2.571000099182129,48040200.0,144041472.0,761517.5625
2023-12-14,2.5810000896453857,2.5899999141693115,2.563999891281128,2.5789999961853027,59005900.0,176857120.0,761517.5625
2023-12-15,2.5820000171661377,2.5859999656677246,2.555999994277954,2.562000036239624,65631700.0,195802384.0,761517.5625
2023-12-18,2.555999994277954,2.5739998817443848,2.5460000038146973,2.559000015258789,49728912.0,148067040.0,761517.5625
2023-12-19,2.555000066757202,2.558000087738037,2.5390000343322754,2.5510001182556152,70795600.0,209782272.0,761517.5625
2023-12-20,2.553999900817871,2.571000099182129,2.5450000762939453,2.5490000247955322,66441112.0,197627040.0,761517.5625
2023-12-21,2.5429999828338623,2.5429999828338623,2.513000011444092,2.5290000438690186,110704800.0,325507072.0,761517.5625
2023-12-22,2.5299999713897705,2.5429999828338623,2.5169999599456787,2.5250000953674316,78736040.0,231843120.0,761517.5625
2023-12-25,2.5209999084472656,2.5239999294281006,2.502000093460083,2.5230000019073486,68357200.0,200047872.0,761517.5625
2023-12-26,2.5220000743865967,2.5409998893737793,2.503000020980835,2.50600004196167,81675800.0,239747056.0,761517.5625
2023-12-27,2.503999948501587,2.5190000534057617,2.490999937057495,2.5179998874664307,82812328.0,242209520.0,761517.5625
2023-12-28,2.5179998874664307,2.5220000743865967,2.492000102996826,2.5,157440304.0,459288704.0,761517.5625
2023-12-29,2.5,2.5190000534057617,2.490999937057495,2.515000104904175,108213960.0,316097312.0,761517.5625
2024-01-02,2.515000104904175,2.566999912261963,2.5139999389648438,2.553999900817871,145816992.0,432515584.0,761517.5625
2024-01-03,2.552000045776367,2.5980000495910645,2.5490000247955322,2.5940001010894775,244179312.0,733444160.0,761517.5625
2024-01-04,2.5920000076293945,2.624000072479248,2.5869998931884766,2.618000030517578,246967952.0,747167936.0,761517.5625
2024-01-05,2.614000082015991,2.6710000038146973,2.609999895095825,2.628000020980835,321240192.0,984456704.0,761517.5625
2024-01-08,2.624000072479248,2.625999927520752,2.5969998836517334,2.5989999771118164,119728400.0,362024480.0,761517.5625
2024-01-09,2.5980000495910645,2.625999927520752,2.575000047683716,2.621999979019165,107309104.0,324000384.0,761517.5625
2024-01-10,2.609999895095825,2.628999948501587,2.6029999256134033,2.6070001125335693,85594400.0,258955424.0,761517.5625
2024-01-11,2.6040000915527344,2.6040000915527344,2.575000047683716,2.5789999961853027,110549200.0,331815744.0,761517.5625
2024-01-12,2.5789999961853027,2.6010000705718994,2.5739998817443848,2.5940001010894775,112794000.0,339434880.0,761517.5625
2024-01-15,2.5840001106262207,2.6089999675750732,2.5739998817443848,2.6080000400543213,53472700.0,161052976.0,761517.5625
2024-01-16,2.6059999465942383,2.619999885559082,2.5929999351501465,2.618000030517578,106610352.0,322106816.0,761517.5625
2024-01-17,2.615999937057495,2.625999927520752,2.5769999027252197,2.5810000896453857,102852200.0,310917024.0,761517.5625
2024-01-18,2.5769999027252197,2.5769999027252197,2.4839999675750732,2.555999994277954,291413888.0,857370688.0,761517.5625
2024-01-19,2.5510001182556152,2.559000015258789,2.5250000953674316,2.5339999198913574,133033264.0,393130624.0,761517.5625
2024-01-22,2.5339999198913574,2.5360000133514404,2.4260001182556152,2.4649999141693115,306073760.0,885868160.0,761517.5625
2024-01-23,2.49399995803833,2.49399995803833,2.424999952316284,2.4830000400543213,302400928.0,829643264.0,-761517.5625
2024-01-24,2.48799991607666,2.559999942779541,2.4809999465942383,2.5510001182556152,162034240.0,452951072.0,761517.5625
2024-01-25,2.5510001182556152,2.625,2.5510001182556152,2.622999906539917,182523904.0,526075328.0,761517.5625
2024-01-26,2.619999885559082,2.6700000762939453,2.615999937057495,2.6640000343322754,201314016.0,590150272.0,761517.5625
2024-01-29,2.6679999828338623,2.7019999027252197,2.6649999618530273,2.678999900817871,181188400.0,537473152.0,761517.5625
2024-01-30,2.6649999618530273,2.693000078201294,2.640000104904175,2.6449999809265137,222367360.0,655604480.0,761517.5625
2024-01-31,2.6389999389648438,2.674999952316284,2.628000020980835,2.6489999294281006,139043360.0,408451776.0,761517.5625
2024-02-01,2.638000011444092,2.6410000324249268,2.6089999675750732,2.61899995803833,103071600.0,299953696.0,761517.5625
2024-02-02,2.617000102996826,2.6679999828338623,2.565999984741211,2.627000093460083,310794400.0,907374976.0,761517.5625
2024-02-05,2.6110000610351562,2.6549999713897705,2.5759999752044678,2.632999897003174,193436848.0,561841600.0,761517.5625
2024-02-06,2.625,2.691999912261963,2.6029999256134033,2.674999952316284,220979104.0,649425472.0,761517.5625
2024-02-07,2.6740000247955322,2.7209999561309814,2.6459999084472656,2.7190001010894775,211241872.0,629229056.0,761517.5625
2024-02-08,2.7179999351501465,2.743000030517578,2.703000068664551,2.7200000286102295,157435568.0,473782144.0,761517.5625
2024-02-19,2.7219998836517334,2.7939999103546143,2.697999954223633,2.7899999618530273,209851904.0,638557504.0,761517.5625
2024-02-20,2.7780001163482666,2.8420000076293945,2.7709999084472656,2.8340001106262207,207746752.0,645505984.0,761517.5625
2024-02-21,2.8259999752044678,2.86899995803833,2.816999912261963,2.8269999027252197,217641296.0,681530624.0,761517.5625
2024-02-22,2.822000026702881,2.88700008392334,2.819999933242798,2.884999990463257,175098704.0,551476032.0,761517.5625
2024-02-23,2.882999897003174,2.9019999504089355,2.8559999465942383,2.867000102996826,176915008.0,558730560.0,761517.5625
2024-02-26,2.865999937057495,2.865999937057495,2.7850000858306885,2.7980000972747803,195111632.0,606051264.0,761517.5625
2024-02-27,2.7860000133514404,2.8239998817443848,2.7760000228881836,2.815000057220459,97814640.0,302095040.0,761517.5625
2024-02-28,2.815000057220459,2.8399999141693115,2.7909998893737793,2.809000015258789,122426680.0,379135104.0,761517.5625
2024-02-29,2.7909998893737793,2.8289999961853027,2.7869999408721924,2.8269999027252197,98182152.0,303902048.0,761517.5625
2024-03-01,2.821000099182129,2.8399999141693115,2.812999963760376,2.822000026702881,137353952.0,427297984.0,761517.5625
2024-03-04,2.822999954223633,2.8510000705718994,2.808000087738037,2.8489999771118164,109761600.0,342053824.0,761517.5625
2024-03-05,2.8429999351501465,2.871999979019165,2.8340001106262207,2.869999885559082,100365296.0,315548608.0,761517.5625
2024-03-06,2.865999937057495,2.8959999084472656,2.86299991607666,2.868000030517578,85032792.0,269154720.0,761517.5625
2024-03-07,2.868000030517578,2.9079999923706055,2.865999937057495,2.88700008392334,125412144.0,397966464.0,761517.5625
2024-03-08,2.888000011444092,2.9100000858306885,2.86899995803833,2.9040000438690186,134488704.0,427438912.0,761517.5625
2024-03-11,2.9019999504089355,2.9049999713897705,2.8480000495910645,2.871999979019165,141793744.0,446909600.0,761517.5625
2024-03-12,2.865999937057495,2.865999937057495,2.7869999408721924,2.8010001182556152,202924304.0,627475456.0,761517.5625
2024-03-13,2.7920000553131104,2.7929999828338623,2.75600004196167,2.7829999923706055,158809232.0,486439840.0,761517.5625
2024-03-14,2.7739999294281006,2.7980000972747803,2.7660000324249268,2.7920000553131104,101209032.0,310930656.0,761517.5625
2024-03-15,2.7850000858306885,2.7909998893737793,2.759000062942505,2.7860000133514404,107864896.0,329546912.0,761517.5625
2024-03-18,2.7829999923706055,2.7829999923706055,2.755000114440918,2.7690000534057617,158092496.0,481928032.0,761517.5625
2024-03-19,2.7690000534057617,2.7909998893737793,2.76200008392334,2.7669999599456787,81260800.0,248644448.0,761517.5625
2024-03-20,2.7660000324249268,2.7820000648498535,2.746000051498413,2.7730000019073486,105249152.0,321309376.0,761517.5625
2024-03-21,2.7720000743865967,2.7850000858306885,2.759000062942505,2.7769999504089355,53729800.0,164432368.0,761517.5625
2024-03-22,2.7750000953674316,2.7850000858306885,2.75600004196167,2.7829999923706055,121480896.0,371517280.0,761517.5625
2024-03-25,2.7780001163482666,2.8239998817443848,2.76200008392334,2.7929999828338623,140359424.0,433327008.0,761517.5625
2024-03-26,2.7869999408721924,2.7950000762939453,2.757999897003174,2.7760000228881836,104191696.0,318330432.0,761517.5625
2024-03-27,2.7720000743865967,2.7990000247955322,2.7669999599456787,2.7750000953674316,121895576.0,374451104.0,761517.5625
2024-03-28,2.7730000019073486,2.7769999504089355,2.744999885559082,2.7669999599456787,127257400.0,387817792.0,761517.5625
2024-03-29,2.7639999389648438,2.7899999618530273,2.755000114440918,2.7869999408721924,113915208.0,348914880.0,761517.5625
2024-04-01,2.7850000858306885,2.7869999408721924,2.7720000743865967,2.7820000648498535,72014320.0,220555184.0,761517.5625
2024-04-02,2.7820000648498535,2.809999942779541,2.7809998989105225,2.802999973297119,98249496.0,303191424.0,761517.5625
2024-04-03,2.802999973297119,2.8420000076293945,2.7990000247955322,2.8399999141693115,132608200.0,412548000.0,761517.5625
2024-04-08,2.8359999656677246,2.875999927520752,2.818000078201294,2.8499999046325684,114964904.0,361079776.0,761517.5625
2024-04-09,2.8469998836517334,2.86299991607666,2.819000005722046,2.8350000381469727,92734704.0,289327264.0,761517.5625
2024-04-10,2.8350000381469727,2.865999937057495,2.8299999237060547,2.8459999561309814,132532576.0,415578624.0,761517.5625
2024-04-11,2.8380000591278076,2.9010000228881836,2.8329999446868896,2.885999917984009,128032496.0,404816736.0,761517.5625
2024-04-12,2.878999948501587,2.8970000743865967,2.867000102996826,2.878999948501587,86256608.0,273314688.0,761517.5625
2024-04-15,2.880000114440918,2.947000026702881,2.871000051498413,2.944999933242798,142635872.0,457726464.0,761517.5625
2024-04-16,2.944000005722046,2.984999895095825,2.9179999828338623,2.9590001106262207,190940496.0,618443136.0,761517.5625
2024-04-17,2.940999984741211,2.996999979019165,2.9179999828338623,2.992000102996826,172064256.0,558835072.0,761517.5625
2024-04-18,2.990999937057495,3.0350000858306885,2.984999895095825,3.000999927520752,171600496.0,565504256.0,761517.5625
2024-04-19,2.989000082015991,3.0399999618530273,2.9820001125335693,3.0230000019073486,214235904.0,707693952.0,761517.5625
2024-04-22,3.0209999084472656,3.0329999923706055,2.934999942779541,2.936000108718872,226259568.0,735673408.0,761517.5625
2024-04-23,2.921999931335449,2.930999994277954,2.877000093460083,2.888000011444092,170174592.0,541887552.0,761517.5625
2024-04-24,2.888000011444092,2.8940000534057617,2.8550000190734863,2.8889999389648438,150520096.0,475262336.0,761517.5625
2024-04-25,2.88100004196167,2.9089999198913574,2.875999927520752,2.9079999923706055,100409296.0,319003712.0,761517.5625
2024-04-26,2.9019999504089355,2.9189999103546143,2.8580000400543213,2.878999948501587,148548608.0,469800608.0,761517.5625
2024-04-29,2.865000009536743,2.868000030517578,2.815000057220459,2.8450000286102295,189352928.0,591166912.0,761517.5625
2024-04-30,2.8389999866485596,2.875999927520752,2.8369998931884766,2.8580000400543213,112682096.0,354444384.0,761517.5625
2024-05-06,2.86299991607666,2.875999927520752,2.8429999351501465,2.875,132451472.0,417117568.0,761517.5625
2024-05-07,2.871000051498413,2.880000114440918,2.8580000400543213,2.875,83915504.0,264589408.0,761517.5625
2024-05-08,2.872999906539917,2.9070000648498535,2.86899995803833,2.8970000743865967,134912896.0,428965920.0,761517.5625
2024-05-09,2.8949999809265137,2.9130001068115234,2.88700008392334,2.9079999923706055,98165800.0,312695360.0,761517.5625
2024-05-10,2.9049999713897705,2.927000045776367,2.8970000743865967,2.927000045776367,106906192.0,341996416.0,761517.5625
2024-05-13,2.921999931335449,2.934999942779541,2.888000011444092,2.930999994277954,108676600.0,347573344.0,761517.5625
2024-05-14,2.9260001182556152,2.928999900817871,2.8989999294281006,2.9179999828338623,114448504.0,366107136.0,761517.5625
2024-05-15,2.9140000343322754,2.936000108718872,2.9010000228881836,2.9170000553131104,91991304.0,294878784.0,761517.5625
2024-05-16,2.9159998893737793,2.937999963760376,2.9140000343322754,2.9240000247955322,115589512.0,371308256.0,761517.5625
2024-05-17,2.9240000247955322,2.947999954223633,2.9110000133514404,2.944999933242798,106958000.0,343177568.0,761517.5625
2024-05-20,2.943000078201294,2.992000102996826,2.943000078201294,2.9839999675750732,108426496.0,352499552.0,761517.5625
2024-05-21,2.9760000705718994,3.006999969482422,2.9739999771118164,3.0,88676208.0,290865376.0,761517.5625
2024-05-22,3.000999927520752,3.0320000648498535,2.999000072479248,3.0,130201488.0,429529440.0,761517.5625
2024-05-23,2.990000009536743,2.994999885559082,2.9509999752044678,2.9579999446868896,137971808.0,448857696.0,761517.5625
2024-05-24,2.9539999961853027,2.992000102996826,2.946000099182129,2.953000068664551,116394728.0,379070816.0,761517.5625
2024-05-27,2.9549999237060547,3.009999990463257,2.9549999237060547,3.009999990463257,103511600.0,339238688.0,761517.5625
2024-05-28,3.005000114440918,3.0179998874664307,2.98799991607666,3.000999927520752,119592704.0,393670912.0,761517.5625
2024-05-29,2.994999885559082,3.0309998989105225,2.989000082015991,3.003999948501587,133830248.0,441131424.0,761517.5625
2024-05-30,2.99399995803833,3.0220000743865967,2.9719998836517334,2.9809999465942383,119783400.0,392687168.0,761517.5625
2024-05-31,2.9800000190734863,3.003000020980835,2.9800000190734863,2.98799991607666,63365200.0,207572224.0,761517.5625
2024-06-03,2.9830000400543213,2.9839999675750732,2.940999984741211,2.9570000171661377,102457696.0,332403968.0,761517.5625
2024-06-04,2.953000068664551,2.9730000495910645,2.937999963760376,2.9700000286102295,84725160.0,274771904.0,761517.5625
2024-06-05,2.9679999351501465,2.9739999771118164,2.927999973297119,2.931999921798706,88543176.0,286385120.0,761517.5625
2024-06-06,2.931999921798706,2.9649999141693115,2.930999994277954,2.9489998817443848,77010592.0,248989696.0,761517.5625
2024-06-07,2.947000026702881,2.9769999980926514,2.947000026702881,2.9760000705718994,77525000.0,251902048.0,761517.5625
2024-06-11,2.9739999771118164,2.9749999046325684,2.9040000438690186,2.9200000762939453,118279472.0,380005632.0,761517.5625
2024-06-12,2.9140000343322754,2.9649999141693115,2.8989999294281006,2.9609999656677246,100102600.0,322266144.0,761517.5625
2024-06-13,2.9549999237060547,2.9609999656677246,2.921999931335449,2.933000087738037,70373904.0,226662704.0,761517.5625
2024-06-14,2.931999921798706,2.947000026702881,2.9210000038146973,2.937999963760376,83118704.0,267653360.0,761517.5625
2024-06-17,2.930000066757202,2.940000057220459,2.888000011444092,2.8959999084472656,118964896.0,379494048.0,761517.5625
2024-06-18,2.8959999084472656,2.9079999923706055,2.872999906539917,2.9030001163482666,76288056.0,242461136.0,761517.5625
2024-06-19,2.9019999504089355,2.9159998893737793,2.8949999809265137,2.9030001163482666,64572000.0,206053856.0,761517.5625
2024-06-20,2.9010000228881836,2.9170000553131104,2.8959999084472656,2.9089999198913574,63729084.0,203378896.0,761517.5625
2024-06-21,2.9070000648498535,2.9189999103546143,2.8970000743865967,2.9140000343322754,74075296.0,236594816.0,761517.5625
2024-06-24,2.9059998989105225,2.9059998989105225,2.8580000400543213,2.871999979019165,93449504.0,295363232.0,761517.5625
2024-06-25,2.871000051498413,2.8970000743865967,2.869999885559082,2.884999990463257,72398704.0,229236032.0,761517.5625
2024-06-26,2.884000062942505,2.8959999084472656,2.867000102996826,2.8929998874664307,67598896.0,214021104.0,761517.5625
2024-06-27,2.8929998874664307,2.9059998989105225,2.880000114440918,2.8929998874664307,83666096.0,266049056.0,761517.5625
2024-06-28,2.8910000324249268,2.9240000247955322,2.884000062942505,2.9159998893737793,79768728.0,254985984.0,761517.5625
2024-07-01,2.9100000858306885,2.986999988555908,2.9070000648498535,2.9839999675750732,153585808.0,499009376.0,761517.5625
2024-07-02,2.9820001125335693,2.994999885559082,2.9600000381469727,2.9860000610351562,81739184.0,266958352.0,761517.5625
2024-07-03,2.9860000610351562,2.993000030517578,2.9579999446868896,2.9639999866485596,81225296.0,264656000.0,761517.5625
2024-07-04,2.9639999866485596,2.9779999256134033,2.944000005722046,2.950000047683716,66402000.0,215325824.0,761517.5625
2024-07-05,2.950000047683716,2.9590001106262207,2.9149999618530273,2.933000087738037,115719800.0,371881312.0,761517.5625
2024-07-08,2.931999921798706,2.941999912261963,2.9149999618530273,2.921999931335449,82272096.0,264212320.0,761517.5625
2024-07-09,2.9210000038146973,2.950000047683716,2.8980000019073486,2.947999954223633,96999696.0,311501408.0,761517.5625
2024-07-10,2.941999912261963,2.943000078201294,2.878000020980835,2.881999969482422,151426000.0,481635200.0,761517.5625
2024-07-11,2.884999990463257,2.8940000534057617,2.865999937057495,2.877000093460083,140520496.0,443982400.0,761517.5625
2024-07-12,2.877000093460083,2.8949999809265137,2.865999937057495,2.872999906539917,86935464.0,274879392.0,761517.5625
2024-07-15,2.867000102996826,2.9130001068115234,2.8529999256134033,2.9100000858306885,101107232.0,321323680.0,761517.5625
2024-07-16,2.9059998989105225,2.9130001068115234,2.882999897003174,2.8970000743865967,79006792.0,251130432.0,761517.5625
2024-07-17,2.8949999809265137,2.9010000228881836,2.871999979019165,2.884000062942505,63820380.0,201954784.0,761517.5625
2024-07-18,2.88100004196167,2.8889999389648438,2.8519999980926514,2.888000011444092,89881800.0,283359904.0,761517.5625
2024-07-19,2.878999948501587,2.88100004196167,2.8469998836517334,2.865000009536743,113611200.0,357154240.0,761517.5625
2024-07-22,2.8580000400543213,2.8580000400543213,2.805999994277954,2.8329999446868896,174559440.0,543203072.0,761517.5625
2024-07-23,2.828000068664551,2.8340001106262207,2.808000087738037,2.812000036239624,73947104.0,229830208.0,761517.5625
2024-07-24,2.809000015258789,2.822000026702881,2.7960000038146973,2.813999891281128,77790096.0,240726768.0,761517.5625
2024-07-25,2.805000066757202,2.808000087738037,2.7750000953674316,2.799999952316284,98300896.0,302561248.0,761517.5625
2024-07-26,2.7960000038146973,2.802999973297119,2.7660000324249268,2.7820000648498535,80586432.0,247013872.0,761517.5625
2024-07-29,2.7750000953674316,2.7950000762939453,2.7679998874664307,2.7939999103546143,56212900.0,172570608.0,761517.5625
2024-07-30,2.7899999618530273,2.7909998893737793,2.7669999599456787,2.7790000438690186,54735300.0,167497872.0,761517.5625
2024-07-31,2.7780001163482666,2.809999942779541,2.7739999294281006,2.808000087738037,99866400.0,307491904.0,761517.5625
2024-08-01,2.808000087738037,2.821000099182129,2.7990000247955322,2.811000108718872,59219600.0,183314304.0,761517.5625
2024-08-02,2.796999931335449,2.815000057220459,2.7829999923706055,2.802999973297119,86214600.0,266371168.0,761517.5625
2024-08-05,2.796999931335449,2.802999973297119,2.757999897003174,2.76200008392334,112849104.0,345893056.0,761517.5625
2024-08-06,2.763000011444092,2.7809998989105225,2.7279999256134033,2.750999927520752,107981560.0,327458336.0,761517.5625
2024-08-07,2.740000009536743,2.7780001163482666,2.73799991607666,2.763000011444092,75656800.0,230656976.0,761517.5625
2024-08-08,2.763000011444092,2.7780001163482666,2.753000020980835,2.7739999294281006,65790400.0,200808544.0,761517.5625
2024-08-09,2.7739999294281006,2.7799999713897705,2.759000062942505,2.763000011444092,81646704.0,249206240.0,761517.5625
2024-08-12,2.757999897003174,2.7899999618530273,2.75,2.7829999923706055,72191776.0,221021136.0,761517.5625
2024-08-13,2.7790000438690186,2.7909998893737793,2.765000104904175,2.7839999198913574,96106608.0,294386048.0,761517.5625
2024-08-14,2.7829999923706055,2.7899999618530273,2.7720000743865967,2.7769999504089355,46971472.0,144050368.0,761517.5625
2024-08-15,2.7750000953674316,2.812999963760376,2.7679998874664307,2.805999994277954,86941760.0,268150608.0,761517.5625
2024-08-16,2.805999994277954,2.818000078201294,2.7980000972747803,2.811000108718872,58437100.0,180875888.0,761517.5625
2024-08-19,2.809999942779541,2.8429999351501465,2.806999921798706,2.8410000801086426,88244896.0,275316288.0,761517.5625
2024-08-20,2.8429999351501465,2.8450000286102295,2.7909998893737793,2.805999994277954,86662304.0,268071024.0,761517.5625
2024-08-21,2.799999952316284,2.8010001182556152,2.755000114440918,2.7730000019073486,94565688.0,288945856.0,761517.5625
2024-08-22,2.7709999084472656,2.7890000343322754,2.765000104904175,2.7760000228881836,74396800.0,227956656.0,761517.5625
2024-08-23,2.7750000953674316,2.7850000858306885,2.759999990463257,2.7739999294281006,66242776.0,202301184.0,761517.5625
2024-08-26,2.7709999084472656,2.7739999294281006,2.740999937057495,2.757999897003174,73755728.0,223879040.0,761517.5625
2024-08-27,2.753000020980835,2.7690000534057617,2.75,2.765000104904175,50812696.0,154827184.0,761517.5625
2024-08-28,2.759999990463257,2.7730000019073486,2.743000030517578,2.752000093460083,50305100.0,152913504.0,761517.5625
2024-08-29,2.75,2.75,2.690999984741211,2.696000099182129,122878200.0,367673920.0,761517.5625
2024-08-30,2.694000005722046,2.7269999980926514,2.6710000038146973,2.7049999237060547,115116000.0,343487072.0,761517.5625
2024-09-02,2.6989998817443848,2.736999988555908,2.6689999103546143,2.7200000286102295,97341904.0,292124416.0,761517.5625
2024-09-03,2.7179999351501465,2.7279999256134033,2.6740000247955322,2.693000078201294,112622400.0,334918976.0,761517.5625
2024-09-04,2.684999942779541,2.6989998817443848,2.6670000553131104,2.691999912261963,64247500.0,190762704.0,761517.5625
2024-09-05,2.688999891281128,2.703000068664551,2.680999994277954,2.694000005722046,51889456.0,154374592.0,761517.5625
2024-09-06,2.694999933242798,2.7060000896453857,2.6679999828338623,2.6700000762939453,65942852.0,195875600.0,761517.5625
2024-09-09,2.6610000133514404,2.6630001068115234,2.6059999465942383,2.615000009536743,117983600.0,343230496.0,761517.5625
2024-09-10,2.614000082015991,2.627000093460083,2.5980000495910645,2.621999979019165,97889104.0,283409504.0,761517.5625
2024-09-11,2.617000102996826,2.617000102996826,2.5450000762939453,2.558000087738037,148072832.0,422393856.0,761517.5625
2024-09-12,2.555000066757202,2.5789999961853027,2.5450000762939453,2.568000078201294,175512192.0,500124288.0,761517.5625
2024-09-13,2.565999984741211,2.5910000801086426,2.556999921798706,2.559999942779541,132952448.0,380204800.0,761517.5625
2024-09-18,2.559000015258789,2.5969998836517334,2.556999921798706,2.5929999351501465,98923504.0,282934208.0,761517.5625
2024-09-19,2.5940001010894775,2.6010000705718994,2.563999891281128,2.5880000591278076,98601104.0,282940224.0,761517.5625
2024-09-20,2.5869998931884766,2.5940001010894775,2.571000099182129,2.5889999866485596,61729600.0,176994160.0,761517.5625
2024-09-23,2.5850000381469727,2.627000093460083,2.5799999237060547,2.619999885559082,90240600.0,261275264.0,761517.5625
2024-09-24,2.6470000743865967,2.755000114440918,2.634999990463257,2.753999948501587,249189600.0,746372096.0,761517.5625
2024-09-25,2.8010001182556152,2.864000082015991,2.7939999103546143,2.799999952316284,347754528.0,1082686976.0,761517.5625
2024-09-26,2.7939999103546143,2.9089999198913574,2.7890000343322754,2.9040000438690186,297067840.0,932807744.0,761517.5625
2024-09-27,2.938999891281128,2.9679999351501465,2.8529999256134033,2.8929998874664307,241338400.0,768259712.0,761517.5625
2024-09-30,2.9700000286102295,3.1480000019073486,2.947000026702881,3.114000082015991,587413952.0,1951601152.0,761517.5625
2024-10-08,3.446000099182129,3.446000099182129,3.0309998989105225,3.11899995803833,507637792.0,1766260096.0,761517.5625
2024-10-09,3.0850000381469727,3.0850000381469727,2.8610000610351562,2.86299991607666,269941472.0,869561152.0,761517.5625
2024-10-10,2.86299991607666,3.059999942779541,2.86299991607666,2.984999895095825,403220832.0,1319200640.0,761517.5625
2024-10-11,2.986999988555908,3.015000104904175,2.9100000858306885,2.940999984741211,265261600.0,862469376.0,761517.5625
2024-10-14,2.953000068664551,3.0490000247955322,2.953000068664551,3.0269999504089355,231364800.0,762403776.0,761517.5625
2024-10-15,3.015000104904175,3.0230000019073486,2.944000005722046,2.946000099182129,190007392.0,621221120.0,761517.5625
2024-10-16,2.927999973297119,3.015000104904175,2.9240000247955322,2.99399995803833,170885408.0,558279616.0,761517.5625
2024-10-17,2.993000030517578,3.0169999599456787,2.943000078201294,2.946000099182129,138273904.0,450750240.0,761517.5625
2024-10-18,2.940000057220459,3.002000093460083,2.8959999084472656,2.9670000076293945,238583440.0,770905600.0,761517.5625
2024-10-21,2.9700000286102295,2.9749999046325684,2.9260001182556152,2.947000026702881,207138768.0,668863424.0,761517.5625
2024-10-22,2.947000026702881,2.9730000495910645,2.933000087738037,2.9590001106262207,115096216.0,372895648.0,761517.5625
2024-10-23,2.9590001106262207,2.9700000286102295,2.947000026702881,2.9600000381469727,147476000.0,478138336.0,761517.5625
2024-10-24,2.9539999961853027,2.9560000896453857,2.930999994277954,2.940999984741211,153592608.0,495789568.0,761517.5625
2024-10-25,2.940999984741211,2.9489998817443848,2.928999900817871,2.938999891281128,115292800.0,371592640.0,761517.5625
2024-10-28,2.936000108718872,2.9609999656677246,2.928999900817871,2.9600000381469727,163889200.0,529689440.0,761517.5625
2024-10-29,2.9579999446868896,2.9649999141693115,2.9070000648498535,2.9149999618530273,143261104.0,460595968.0,761517.5625
2024-10-30,2.9149999618530273,2.9200000762939453,2.8610000610351562,2.880000114440918,146092608.0,462622656.0,761517.5625
2024-10-31,2.878999948501587,2.878999948501587,2.8320000171661377,2.8610000610351562,134801792.0,423354432.0,761517.5625
2024-11-01,2.8550000190734863,2.9079999923706055,2.8510000705718994,2.890000104904175,195546592.0,620888512.0,761517.5625
2024-11-04,2.8949999809265137,2.9070000648498535,2.8580000400543213,2.9040000438690186,90916704.0,288044832.0,761517.5625
2024-11-05,2.9030001163482666,2.933000087738037,2.8940000534057617,2.933000087738037,137628272.0,440700128.0,761517.5625
2024-11-06,2.933000087738037,2.933000087738037,2.8929998874664307,2.9049999713897705,202193072.0,645621504.0,761517.5625
2024-11-07,2.8959999084472656,2.9749999046325684,2.8919999599456787,2.9739999771118164,183247504.0,590799616.0,761517.5625
2024-11-08,2.9809999465942383,2.993000030517578,2.921999931335449,2.940999984741211,171141072.0,553405312.0,761517.5625
2024-11-11,2.934999942779541,2.934999942779541,2.88700008392334,2.9079999923706055,179443536.0,571324352.0,761517.5625
2024-11-12,2.9049999713897705,2.930000066757202,2.875,2.888000011444092,186292608.0,594122368.0,761517.5625
2024-11-13,2.884999990463257,2.9110000133514404,2.877000093460083,2.9079999923706055,138758400.0,441594912.0,761517.5625
2024-11-14,2.9030001163482666,2.9140000343322754,2.878000020980835,2.881999969482422,133618400.0,425095872.0,761517.5625
2024-11-15,2.875,2.9100000858306885,2.869999885559082,2.884999990463257,226436192.0,719396352.0,761517.5625
2024-11-18,2.9019999504089355,2.9749999046325684,2.9000000953674316,2.933000087738037,272079808.0,879480512.0,761517.5625
2024-11-19,2.933000087738037,2.944000005722046,2.8949999809265137,2.9240000247955322,232906560.0,745195520.0,761517.5625
2024-11-20,2.9200000762939453,2.930999994277954,2.9100000858306885,2.930000066757202,110815720.0,355272032.0,761517.5625
2024-11-21,2.924999952316284,2.937000036239624,2.9200000762939453,2.933000087738037,91284152.0,293282720.0,761517.5625
2024-11-22,2.933000087738037,2.946000099182129,2.8519999980926514,2.8570001125335693,197781152.0,628523264.0,761517.5625
2024-11-25,2.8570001125335693,2.888000011444092,2.8480000495910645,2.86299991607666,202268832.0,636641280.0,761517.5625
2024-11-26,2.8570001125335693,2.884999990463257,2.8499999046325684,2.874000072479248,88939544.0,280983616.0,761517.5625
2024-11-27,2.874000072479248,2.9059998989105225,2.8399999141693115,2.9040000438690186,224876192.0,711555584.0,761517.5625
2024-11-28,2.9000000953674316,2.9149999618530273,2.8940000534057617,2.9010000228881836,92765312.0,295960704.0,761517.5625
2024-11-29,2.9000000953674316,2.928999900817871,2.9000000953674316,2.9159998893737793,123905600.0,396986688.0,761517.5625
2024-12-02,2.9240000247955322,2.927999973297119,2.8980000019073486,2.9240000247955322,121409104.0,388125408.0,761517.5625
2024-12-03,2.9170000553131104,2.9600000381469727,2.9079999923706055,2.9560000896453857,243412592.0,785749056.0,761517.5625
2024-12-04,2.953000068664551,2.994999885559082,2.934999942779541,2.9809999465942383,262912496.0,856472768.0,761517.5625
2024-12-05,2.9790000915527344,2.984999895095825,2.9670000076293945,2.9739999771118164,249777840.0,814408192.0,761517.5625
2024-12-06,2.9739999771118164,3.0280001163482666,2.9739999771118164,3.0169999599456787,328714624.0,1083884544.0,761517.5625
2024-12-09,3.0169999599456787,3.0450000762939453,3.003000020980835,3.0250000953674316,250858000.0,831408448.0,761517.5625
2024-12-10,3.065000057220459,3.0859999656677246,3.015000104904175,3.0209999084472656,404395136.0,1346996864.0,761517.5625
2024-12-11,3.0169999599456787,3.0399999618530273,3.015000104904175,3.0339999198913574,129654656.0,429677952.0,761517.5625
2024-12-12,3.0360000133514404,3.0429999828338623,3.0239999294281006,3.0399999618530273,128889952.0,427887072.0,761517.5625
2024-12-13,3.0369999408721924,3.0369999408721924,2.994999885559082,3.003000020980835,191578400.0,631300352.0,761517.5625
2024-12-16,3.0,3.052999973297119,2.996000051498413,3.0320000648498535,190872496.0,632894272.0,761517.5625
2024-12-17,3.0230000019073486,3.0510001182556152,3.0169999599456787,3.0269999504089355,176041104.0,584300672.0,761517.5625
2024-12-18,3.0339999198913574,3.065000057220459,3.0320000648498535,3.046999931335449,196912000.0,656843392.0,761517.5625
2024-12-19,3.0350000858306885,3.0360000133514404,2.993000030517578,3.006999969482422,181173792.0,597160320.0,761517.5625
2024-12-20,2.999000072479248,3.013000011444092,2.9769999980926514,2.9790000915527344,142620192.0,466696704.0,761517.5625
2024-12-23,2.9749999046325684,3.0169999599456787,2.9749999046325684,2.993000030517578,161772816.0,531636032.0,761517.5625
2024-12-24,2.993000030517578,3.0309998989105225,2.98799991607666,3.0260000228881836,163945792.0,541523520.0,761517.5625
2024-12-25,3.0260000228881836,3.0490000247955322,3.0199999809265137,3.0409998893737793,169528800.0,563198656.0,761517.5625
2024-12-26,3.0420000553131104,3.0439999103546143,3.0190000534057617,3.0309998989105225,161861104.0,535843840.0,761517.5625
2024-12-27,3.0230000019073486,3.0320000648498535,2.996999979019165,3.0299999713897705,151024496.0,498771808.0,761517.5625
2024-12-30,3.0290000438690186,3.0799999237060547,3.0250000953674316,3.0769999027252197,249438896.0,835007232.0,761517.5625
2024-12-31,3.078000068664551,3.1029999256134033,3.059999942779541,3.065999984741211,242627008.0,816818240.0,761517.5625
2025-01-02,3.065999984741211,3.0829999446868896,2.9700000286102295,2.99399995803833,291280800.0,963523392.0,761517.5625
2025-01-03,2.996999979019165,3.005000114440918,2.953000068664551,2.9630000591278076,312030912.0,1017359104.0,761517.5625
2025-01-06,2.9579999446868896,2.9639999866485596,2.924999952316284,2.9630000591278076,159646096.0,515785760.0,761517.5625
2025-01-07,2.9619998931884766,2.9619998931884766,2.9149999618530273,2.9489998817443848,164322496.0,528765152.0,761517.5625
2025-01-08,2.940000057220459,2.9579999446868896,2.9089999198913574,2.943000078201294,128830000.0,414840256.0,761517.5625
2025-01-09,2.937000036239624,2.937000036239624,2.8949999809265137,2.8989999294281006,191348608.0,610367040.0,761517.5625
2025-01-10,2.9000000953674316,2.9079999923706055,2.865000009536743,2.865999937057495,211617600.0,669076480.0,761517.5625
2025-01-13,2.8550000190734863,2.867000102996826,2.825000047683716,2.8389999866485596,136759296.0,427664320.0,761517.5625
2025-01-14,2.8399999141693115,2.8940000534057617,2.8380000591278076,2.8889999389648438,201953696.0,637514560.0,761517.5625
2025-01-15,2.8889999389648438,2.9260001182556152,2.884000062942505,2.8980000019073486,143646704.0,457884992.0,761517.5625
2025-01-16,2.9030001163482666,2.934000015258789,2.9030001163482666,2.927999973297119,134217000.0,430139424.0,761517.5625
2025-01-17,2.924999952316284,2.927000045776367,2.8959999084472656,2.9110000133514404,133009600.0,425256960.0,761517.5625
2025-01-20,2.9110000133514404,2.9210000038146973,2.8949999809265137,2.9000000953674316,161191696.0,514639392.0,761517.5625
2025-01-21,2.9100000858306885,2.9119999408721924,2.874000072479248,2.884000062942505,217611456.0,659378944.0,-761517.5625
2025-01-22,2.884000062942505,2.884000062942505,2.8529999256134033,2.859999895095825,129926504.0,390232800.0,761517.5625
2025-01-23,2.875999927520752,2.9200000762939453,2.875999927520752,2.9089999198913574,207932336.0,633230464.0,761517.5625
2025-01-24,2.9019999504089355,2.934000015258789,2.888000011444092,2.9240000247955322,176820416.0,540343104.0,761517.5625
2025-01-27,2.9240000247955322,2.9709999561309814,2.9240000247955322,2.9619998931884766,140551696.0,435627008.0,761517.5625
2025-02-05,2.9630000591278076,2.9679999351501465,2.8929998874664307,2.9000000953674316,234095904.0,715366912.0,761517.5625
2025-02-06,2.8980000019073486,2.9059998989105225,2.877000093460083,2.8980000019073486,252298000.0,764346944.0,761517.5625
2025-02-07,2.8980000019073486,2.9179999828338623,2.880000114440918,2.9110000133514404,277715488.0,845621568.0,761517.5625
2025-02-10,2.9070000648498535,2.9089999198913574,2.8940000534057617,2.9040000438690186,218705952.0,665773824.0,761517.5625
2025-02-11,2.9040000438690186,2.9179999828338623,2.9019999504089355,2.9170000553131104,179773408.0,549307840.0,761517.5625
2025-02-12,2.9179999828338623,2.9210000038146973,2.9019999504089355,2.9189999103546143,181305696.0,553650368.0,761517.5625
2025-02-13,2.9170000553131104,2.930999994277954,2.9140000343322754,2.921999931335449,208861296.0,640334400.0,761517.5625
2025-02-14,2.9210000038146973,2.927000045776367,2.9079999923706055,2.924999952316284,225514048.0,689851328.0,761517.5625
2025-02-17,2.924999952316284,2.927999973297119,2.8989999294281006,2.9119999408721924,193882160.0,591055808.0,761517.5625
2025-02-18,2.9100000858306885,2.927999973297119,2.9000000953674316,2.9100000858306885,249105376.0,761812608.0,761517.5625
2025-02-19,2.9049999713897705,2.9070000648498535,2.88700008392334,2.8919999599456787,223587296.0,678959040.0,761517.5625
2025-02-20,2.88700008392334,2.890000104904175,2.877000093460083,2.878999948501587,196738496.0,594853952.0,761517.5625
2025-02-21,2.880000114440918,2.884000062942505,2.8519999980926514,2.8570001125335693,352205600.0,1058072448.0,761517.5625
2025-02-24,2.8559999465942383,2.8589999675750732,2.8380000591278076,2.8529999256134033,235457472.0,704388224.0,761517.5625
2025-02-25,2.8480000495910645,2.8570001125335693,2.8289999961853027,2.8320000171661377,208777408.0,623072768.0,761517.5625
2025-02-26,2.8320000171661377,2.865000009536743,2.8320000171661377,2.8580000400543213,207659408.0,622448512.0,761517.5625
2025-02-27,2.8589999675750732,2.884999990463257,2.8529999256134033,2.884999990463257,187680752.0,565650496.0,761517.5625
2025-02-28,2.884000062942505,2.8959999084472656,2.864000082015991,2.867000102996826,163965648.0,495345856.0,761517.5625
2025-03-03,2.867000102996826,2.875999927520752,2.8529999256134033,2.8540000915527344,205102336.0,615784704.0,761517.5625
2025-03-04,2.8540000915527344,2.8589999675750732,2.8399999141693115,2.8529999256134033,97408000.0,291657504.0,761517.5625
2025-03-05,2.8529999256134033,2.8610000610351562,2.8410000801086426,2.8610000610351562,113282400.0,339089696.0,761517.5625
2025-03-06,2.8610000610351562,2.864000082015991,2.8420000076293945,2.8550000190734863,172287808.0,515598496.0,761517.5625
2025-03-07,2.8529999256134033,2.864000082015991,2.8489999771118164,2.8540000915527344,224683264.0,673568000.0,761517.5625
2025-03-10,2.8519999980926514,2.8589999675750732,2.8420000076293945,2.8580000400543213,136822896.0,409759296.0,761517.5625
2025-03-11,2.8499999046325684,2.880000114440918,2.8429999351501465,2.878999948501587,188485968.0,566783360.0,761517.5625
2025-03-12,2.878999948501587,2.882999897003174,2.868000030517578,2.875,102018424.0,307969056.0,761517.5625
2025-03-13,2.871000051498413,2.9040000438690186,2.869999885559082,2.9030001163482666,205799152.0,625036096.0,761517.5625
2025-03-14,2.9000000953674316,2.934000015258789,2.8980000019073486,2.924999952316284,241624064.0,740449984.0,761517.5625
2025-03-17,2.9260001182556152,2.937999963760376,2.9200000762939453,2.934000015258789,136369888.0,419182880.0,761517.5625
2025-03-18,2.934000015258789,2.936000108718872,2.9110000133514404,2.921999931335449,134980704.0,413544480.0,761517.5625
2025-03-19,2.9179999828338623,2.927000045776367,2.9079999923706055,2.9230000972747803,100744504.0,308412096.0,761517.5625
2025-03-20,2.9230000972747803,2.934000015258789,2.9149999618530273,2.9179999828338623,191114208.0,585948032.0,761517.5625
2025-03-21,2.9149999618530273,2.937000036239624,2.9000000953674316,2.9119999408721924,174555712.0,534916064.0,761517.5625
2025-03-24,2.9110000133514404,2.937000036239624,2.9110000133514404,2.934999942779541,146219696.0,448782784.0,761517.5625
2025-03-25,2.930000066757202,2.9570000171661377,2.928999900817871,2.9570000171661377,169054624.0,522325504.0,761517.5625
2025-03-26,2.953000068664551,2.9600000381469727,2.940999984741211,2.9579999446868896,171399008.0,530788800.0,761517.5625
2025-03-27,2.9570000171661377,2.9619998931884766,2.947999954223633,2.9560000896453857,93902704.0,291081984.0,761517.5625
2025-03-28,2.9519999027252197,2.9560000896453857,2.930999994277954,2.938999891281128,157192896.0,484495072.0,761517.5625
2025-03-31,2.936000108718872,2.9519999027252197,2.9240000247955322,2.930000066757202,150717504.0,464119232.0,761517.5625
2025-04-01,2.927999973297119,2.9549999237060547,2.927000045776367,2.9539999961853027,113641696.0,350848544.0,761517.5625
2025-04-02,2.9539999961853027,2.9730000495910645,2.9489998817443848,2.9690001010894775,133127232.0,413946176.0,761517.5625
2025-04-03,2.9549999237060547,2.9769999980926514,2.946000099182129,2.9739999771118164,145169472.0,451452160.0,761517.5625
2025-04-07,2.9070000648498535,2.9100000858306885,2.7320001125335693,2.7950000762939453,471864512.0,1400235136.0,761517.5625
2025-04-08,2.7960000038146973,2.859999895095825,2.7950000762939453,2.859999895095825,298132608.0,888849280.0,761517.5625
2025-04-09,2.8399999141693115,2.86899995803833,2.802000045776367,2.864000082015991,268858304.0,801625280.0,761517.5625
2025-04-10,2.877000093460083,2.9049999713897705,2.867000102996826,2.8949999809265137,291703008.0,885372928.0,761517.5625
2025-04-11,2.88700008392334,2.888000011444092,2.869999885559082,2.880000114440918,120779888.0,365078976.0,761517.5625
2025-04-14,2.880000114440918,2.9119999408721924,2.877000093460083,2.9079999923706055,123122424.0,374237440.0,761517.5625
2025-04-15,2.9079999923706055,2.9240000247955322,2.9010000228881836,2.9230000972747803,118990568.0,363495776.0,761517.5625
2025-04-16,2.9200000762939453,2.940999984741211,2.9130001068115234,2.938999891281128,147468496.0,452387328.0,761517.5625
2025-04-17,2.934999942779541,2.934999942779541,2.9179999828338623,2.931999921798706,81058528.0,248877280.0,761517.5625
2025-04-18,2.9240000247955322,2.937000036239624,2.9230000972747803,2.934000015258789,83169152.0,255559328.0,761517.5625
2025-04-21,2.931999921798706,2.9509999752044678,2.921999931335449,2.9240000247955322,97844808.0,301075520.0,761517.5625
2025-04-22,2.9210000038146973,2.938999891281128,2.9200000762939453,2.934000015258789,125932896.0,387436768.0,761517.5625
2025-04-23,2.934000015258789,2.937000036239624,2.9149999618530273,2.9179999828338623,106024704.0,324950816.0,761517.5625
2025-04-24,2.9170000553131104,2.937999963760376,2.9119999408721924,2.930999994277954,95897592.0,294733952.0,761517.5625
2025-04-25,2.928999900817871,2.936000108718872,2.9210000038146973,2.927999973297119,70100000.0,215152752.0,761517.5625
2025-04-28,2.927000045776367,2.934000015258789,2.9170000553131104,2.930999994277954,118311496.0,363368032.0,761517.5625
2025-04-29,2.927999973297119,2.933000087738037,2.9140000343322754,2.9189999103546143,79978496.0,245018112.0,761517.5625
2025-04-30,2.9189999103546143,2.9189999103546143,2.8910000324249268,2.8949999809265137,117201200.0,356508256.0,761517.5625
2025-05-06,2.8970000743865967,2.9000000953674316,2.877000093460083,2.88700008392334,116445704.0,352428896.0,761517.5625
2025-05-07,2.9000000953674316,2.9119999408721924,2.8929998874664307,2.9059998989105225,168755168.0,513728448.0,761517.5625
2025-05-08,2.9059998989105225,2.9159998893737793,2.8970000743865967,2.9100000858306885,89909800.0,274413600.0,761517.5625
2025-05-09,2.9079999923706055,2.930999994277954,2.9070000648498535,2.927000045776367,129185296.0,396206112.0,761517.5625
2025-05-12,2.930000066757202,2.940999984741211,2.9240000247955322,2.940000057220459,91184192.0,280634400.0,761517.5625
2025-05-13,2.947000026702881,2.9639999866485596,2.940000057220459,2.9619998931884766,198210208.0,614150592.0,761517.5625
2025-05-14,2.9579999446868896,2.990999937057495,2.9519999027252197,2.990000009536743,197015504.0,614422144.0,761517.5625
2025-05-15,2.989000082015991,3.002000093460083,2.9800000190734863,2.9809999465942383,141456112.0,442995936.0,761517.5625
2025-05-16,2.9749999046325684,2.9800000190734863,2.947000026702881,2.9630000591278076,86700632.0,268988032.0,761517.5625
2025-05-19,2.9630000591278076,2.9779999256134033,2.9609999656677246,2.9739999771118164,86716280.0,270282368.0,761517.5625
2025-05-20,2.9749999046325684,2.9839999675750732,2.9690001010894775,2.9779999256134033,91527824.0,285541312.0,761517.5625
2025-05-21,2.9779999256134033,3.015000104904175,2.9769999980926514,3.006999969482422,115707936.0,364002112.0,761517.5625
2025-05-22,3.003999948501587,3.0139999389648438,2.99399995803833,3.007999897003174,72560288.0,228471312.0,761517.5625
2025-05-23,3.009000062942505,3.0250000953674316,2.9790000915527344,2.9800000190734863,89887008.0,282705248.0,761517.5625
2025-05-26,2.9760000705718994,2.984999895095825,2.9590001106262207,2.9639999866485596,95942720.0,298445312.0,761517.5625
2025-05-27,2.9619998931884766,2.9709999561309814,2.944000005722046,2.9519999027252197,75818832.0,235010064.0,761517.5625
2025-05-28,2.9519999027252197,2.9600000381469727,2.943000078201294,2.9570000171661377,55699568.0,172392928.0,761517.5625
2025-05-29,2.9570000171661377,2.9670000076293945,2.9539999961853027,2.9649999141693115,71506848.0,221997024.0,761517.5625
2025-05-30,2.9609999656677246,2.9800000190734863,2.9609999656677246,2.9790000915527344,80482384.0,250818752.0,761517.5625
2025-06-03,2.9749999046325684,2.996000051498413,2.9600000381469727,2.990999937057495,74922496.0,234014848.0,761517.5625
2025-06-04,2.992000102996826,2.999000072479248,2.9809999465942383,2.999000072479248,69241080.0,217069616.0,761517.5625
2025-06-05,2.996999979019165,3.00600004196167,2.9730000495910645,2.9809999465942383,78906416.0,246694544.0,761517.5625
2025-06-06,2.9809999465942383,2.994999885559082,2.9769999980926514,2.9809999465942383,111079248.0,347082112.0,761517.5625
2025-06-09,2.9809999465942383,2.9860000610351562,2.9670000076293945,2.984999895095825,75424096.0,235332320.0,761517.5625
2025-06-10,2.9820001125335693,3.005000114440918,2.9749999046325684,2.990000009536743,106585664.0,334252832.0,761517.5625
2025-06-11,2.98799991607666,3.000999927520752,2.9860000610351562,2.999000072479248,63494632.0,199338144.0,761517.5625
2025-06-12,2.999000072479248,3.0,2.990000009536743,2.996999979019165,51247128.0,160803600.0,761517.5625
2025-06-13,2.996000051498413,3.0,2.9760000705718994,2.9820001125335693,125091344.0,391104896.0,761517.5625
2025-06-16,2.9779999256134033,2.989000082015991,2.9739999771118164,2.98799991607666,60081688.0,187725552.0,761517.5625
2025-06-17,2.98799991607666,2.994999885559082,2.9830000400543213,2.990999937057495,60362136.0,189105440.0,761517.5625
2025-06-18,2.989000082015991,2.996999979019165,2.9790000915527344,2.994999885559082,69871024.0,219000784.0,761517.5625
2025-06-19,2.99399995803833,2.99399995803833,2.9749999046325684,2.9809999465942383,73519112.0,229796896.0,761517.5625
2025-06-20,2.9809999465942383,3.002000093460083,2.9809999465942383,2.996999979019165,91566512.0,287317344.0,761517.5625
2025-06-23,2.993000030517578,3.0160000324249268,2.9749999046325684,3.009999990463257,111588536.0,350443168.0,761517.5625
2025-06-24,3.002000093460083,3.0169999599456787,2.996000051498413,3.0139999389648438,102083848.0,321835872.0,761517.5625
2025-06-25,3.015000104904175,3.0350000858306885,3.003999948501587,3.0299999713897705,133355584.0,421989600.0,761517.5625
2025-06-26,3.0269999504089355,3.0420000553131104,3.0220000743865967,3.0369999408721924,98276704.0,312154816.0,761517.5625
2025-06-27,3.0360000133514404,3.049999952316284,3.003999948501587,3.010999917984009,127815824.0,404722304.0,761517.5625
2025-06-30,3.005000114440918,3.01200008392334,2.996999979019165,3.009000062942505,136603840.0,429836160.0,761517.5625
2025-07-01,3.009000062942505,3.0329999923706055,3.007999897003174,3.0320000648498535,99495112.0,315150080.0,761517.5625
2025-07-02,3.0339999198913574,3.056999921798706,3.0320000648498535,3.055999994277954,117885400.0,376313312.0,761517.5625
2025-07-03,3.053999900817871,3.063999891281128,3.0450000762939453,3.055000066757202,108784640.0,348047424.0,761517.5625
2025-07-04,3.053999900817871,3.0899999141693115,3.052999973297119,3.0789999961853027,167707648.0,539974016.0,761517.5625
2025-07-07,3.0759999752044678,3.0920000076293945,3.063999891281128,3.0920000076293945,95827568.0,308935424.0,761517.5625
2025-07-08,3.0889999866485596,3.0989999771118164,3.075000047683716,3.0859999656677246,71753456.0,231601536.0,761517.5625
2025-07-09,3.0850000381469727,3.1089999675750732,3.0829999446868896,3.1019999980926514,78020952.0,253102864.0,761517.5625
2025-07-10,3.1010000705718994,3.134000062942505,3.0999999046325684,3.128000020980835,75563976.0,246576784.0,761517.5625
2025-07-11,3.127000093460083,3.1440000534057617,3.1070001125335693,3.1070001125335693,136776464.0,447220512.0,761517.5625
2025-07-14,3.1040000915527344,3.1410000324249268,3.1029999256134033,3.128999948501587,108586128.0,355275712.0,761517.5625
2025-07-15,3.125,3.128999948501587,3.0829999446868896,3.0899999141693115,124622480.0,403984384.0,761517.5625
2025-07-16,3.0889999866485596,3.0910000801086426,3.062000036239624,3.078000068664551,165737328.0,533075008.0,761517.5625
2025-07-17,3.0759999752044678,3.0820000171661377,3.061000108718872,3.069000005722046,108941072.0,349830240.0,761517.5625
2025-07-18,3.069000005722046,3.0850000381469727,3.068000078201294,3.0829999446868896,80614304.0,259717712.0,761517.5625
2025-07-21,3.0829999446868896,3.1050000190734863,3.0820000171661377,3.1040000915527344,100531312.0,325907456.0,761517.5625
2025-07-22,3.1040000915527344,3.1619999408721924,3.0810000896453857,3.1570000648498535,195337024.0,640154688.0,761517.5625
2025-07-23,3.1710000038146973,3.186000108718872,3.1510000228881836,3.1540000438690186,154403424.0,511370560.0,761517.5625
2025-07-24,3.1510000228881836,3.1649999618530273,3.131999969482422,3.1640000343322754,132457272.0,436800288.0,761517.5625
2025-07-25,3.1610000133514404,3.181999921798706,3.1449999809265137,3.1500000953674316,116835480.0,386062848.0,761517.5625
2025-07-28,3.1389999389648438,3.1389999389648438,3.1070001125335693,3.117000102996826,142440656.0,464594880.0,761517.5625
2025-07-29,3.1080000400543213,3.115999937057495,3.0910000801086426,3.1080000400543213,117932672.0,382663712.0,761517.5625
2025-07-30,3.1070001125335693,3.1389999389648438,3.1059999465942383,3.11899995803833,135363984.0,442289408.0,761517.5625
2025-07-31,3.1080000400543213,3.111999988555908,3.052999973297119,3.068000078201294,199017168.0,638954816.0,761517.5625
2025-08-01,3.066999912261963,3.0789999961853027,3.052999973297119,3.065000057220459,88037920.0,282201376.0,761517.5625
2025-08-04,3.052000045776367,3.0810000896453857,3.0510001182556152,3.0789999961853027,88429432.0,284009312.0,761517.5625
2025-08-05,3.0799999237060547,3.11299991607666,3.075000047683716,3.1110000610351562,87068704.0,282106016.0,761517.5625
2025-08-06,3.111999988555908,3.127000093460083,3.1089999675750732,3.124000072479248,114725800.0,374422016.0,761517.5625
2025-08-07,3.124000072479248,3.1410000324249268,3.111999988555908,3.135999917984009,147066656.0,481477952.0,761517.5625
2025-08-08,3.131999969482422,3.1449999809265137,3.127000093460083,3.134999990463257,98807448.0,324005792.0,761517.5625
2025-08-11,3.134000062942505,3.140000104904175,3.114000082015991,3.117000102996826,161379792.0,526366176.0,761517.5625
2025-08-12,3.117000102996826,3.1489999294281006,3.117000102996826,3.134999990463257,104948160.0,344012480.0,761517.5625
2025-08-13,3.134999990463257,3.1389999389648438,3.111999988555908,3.115000009536743,107908288.0,351994144.0,761517.5625
2025-08-14,3.115000009536743,3.121999979019165,3.0910000801086426,3.0940001010894775,109252704.0,354894976.0,761517.5625
2025-08-15,3.0899999141693115,3.0899999141693115,3.065999984741211,3.0880000591278076,129936096.0,418361760.0,761517.5625
2025-08-18,3.0869998931884766,3.0929999351501465,3.071000099182129,3.0799999237060547,134969072.0,434845376.0,761517.5625
2025-08-19,3.078000068664551,3.0799999237060547,3.069000005722046,3.0739998817443848,103232288.0,332002496.0,761517.5625
2025-08-20,3.071000099182129,3.0980000495910645,3.062999963760376,3.0969998836517334,112975536.0,364871744.0,761517.5625
2025-08-21,3.0969998836517334,3.115000009536743,3.0880000591278076,3.11299991607666,127908200.0,415674560.0,761517.5625
2025-08-22,3.115000009536743,3.115000009536743,3.0829999446868896,3.109999895095825,169201856.0,547820864.0,761517.5625
2025-08-25,3.1110000610351562,3.13100004196167,3.0999999046325684,3.130000114440918,176378560.0,574875200.0,761517.5625
2025-08-26,3.127000093460083,3.130000114440918,3.117000102996826,3.118000030517578,107061648.0,349638144.0,761517.5625
2025-08-27,3.115000009536743,3.115999937057495,3.062000036239624,3.065000057220459,190896896.0,616117888.0,761517.5625
2025-08-28,3.062000036239624,3.071000099182129,3.0329999923706055,3.062000036239624,224181088.0,716433408.0,761517.5625
2025-08-29,3.058000087738037,3.0840001106262207,3.0429999828338623,3.0460000038146973,180980736.0,579134016.0,761517.5625
2025-09-01,3.0450000762939453,3.055000066757202,3.0209999084472656,3.0280001163482666,212962048.0,676408320.0,761517.5625
2025-09-02,3.0280001163482666,3.0439999103546143,3.0220000743865967,3.0429999828338623,138606240.0,440228960.0,761517.5625
2025-09-03,3.0420000553131104,3.0450000762939453,3.005000114440918,3.009999990463257,175130624.0,553425792.0,761517.5625
2025-09-04,3.00600004196167,3.0320000648498535,2.9790000915527344,3.0290000438690186,204558400.0,643178304.0,761517.5625
2025-09-05,3.0230000019073486,3.0239999294281006,3.000999927520752,3.0190000534057617,135163616.0,426184704.0,761517.5625
2025-09-08,3.0169999599456787,3.0280001163482666,3.009000062942505,3.0250000953674316,111711496.0,353563520.0,761517.5625
2025-09-09,3.0250000953674316,3.0309998989105225,3.01200008392334,3.0269999504089355,102677288.0,325048384.0,761517.5625
2025-09-10,3.0239999294281006,3.0290000438690186,3.013000011444092,3.0260000228881836,86565904.0,274032960.0,761517.5625
2025-09-11,3.0239999294281006,3.0309998989105225,3.006999969482422,3.0309998989105225,175492512.0,554593280.0,761517.5625
2025-09-12,3.0280001163482666,3.0350000858306885,3.010999917984009,3.0160000324249268,136000432.0,430411456.0,761517.5625
2025-09-15,3.013000011444092,3.013000011444092,2.992000102996826,2.999000072479248,163360704.0,513234752.0,761517.5625
2025-09-16,3.002000093460083,3.0160000324249268,2.98799991607666,2.992000102996826,115256576.0,361916032.0,761517.5625
2025-09-17,2.990999937057495,3.009999990463257,2.9820001125335693,3.00600004196167,155671600.0,489338048.0,761517.5625
2025-09-18,3.006999969482422,3.006999969482422,2.938999891281128,2.953000068664551,343379936.0,1068605312.0,761517.5625
2025-09-19,2.953000068664551,2.9709999561309814,2.934000015258789,2.9700000286102295,254907648.0,789274240.0,761517.5625
2025-09-22,2.9690001010894775,2.9700000286102295,2.937000036239624,2.944000005722046,140548272.0,434515264.0,761517.5625
2025-09-23,2.944000005722046,2.9639999866485596,2.927000045776367,2.9619998931884766,226650336.0,701061696.0,761517.5625
2025-09-24,2.9570000171661377,2.9790000915527344,2.950000047683716,2.9679999351501465,147229824.0,457454880.0,761517.5625
2025-09-25,2.9630000591278076,2.9649999141693115,2.940000057220459,2.9539999961853027,132771904.0,410443840.0,761517.5625
2025-09-26,2.9519999027252197,2.9609999656677246,2.937000036239624,2.9549999237060547,137495264.0,425490688.0,761517.5625
2025-09-29,2.947999954223633,2.9619998931884766,2.928999900817871,2.950000047683716,214805424.0,662483840.0,761517.5625
2025-09-30,2.947999954223633,2.9489998817443848,2.930000066757202,2.938999891281128,115426704.0,355382752.0,761517.5625
2025-10-09,2.938999891281128,2.9600000381469727,2.924999952316284,2.9600000381469727,192947360.0,594695168.0,761517.5625
2025-10-10,2.9570000171661377,2.997999906539917,2.947999954223633,2.993000030517578,265947344.0,832048256.0,761517.5625
2025-10-13,2.9820001125335693,3.002000093460083,2.9509999752044678,2.996999979019165,238490576.0,743812672.0,761517.5625
2025-10-14,2.996000051498413,3.062000036239624,2.9830000400543213,3.061000108718872,474243200.0,1507596160.0,761517.5625
2025-10-15,3.059999942779541,3.072000026702881,3.0439999103546143,3.063999891281128,238431248.0,763943680.0,761517.5625
2025-10-16,3.058000087738037,3.1010000705718994,3.053999900817871,3.0959999561309814,242080224.0,781310144.0,761517.5625
2025-10-17,3.0959999561309814,3.125,3.0810000896453857,3.0859999656677246,243919040.0,792139584.0,761517.5625
2025-10-20,3.0859999656677246,3.115000009536743,3.056999921798706,3.11299991607666,252638576.0,816254784.0,761517.5625
2025-10-21,3.0999999046325684,3.109999895095825,3.0850000381469727,3.1050000190734863,160358416.0,519618112.0,761517.5625
2025-10-22,3.0980000495910645,3.11299991607666,3.0950000286102295,3.109999895095825,117732240.0,382621920.0,761517.5625
2025-10-23,3.1050000190734863,3.140000104904175,3.1050000190734863,3.134999990463257,225949712.0,739691904.0,761517.5625
2025-10-24,3.121999979019165,3.130000114440918,3.1110000610351562,3.115999937057495,195565728.0,637760832.0,761517.5625
2025-10-27,3.109999895095825,3.1429998874664307,3.0920000076293945,3.128999948501587,181602256.0,592349568.0,761517.5625
2025-10-28,3.125,3.135999917984009,3.109999895095825,3.124000072479248,122988368.0,401591104.0,761517.5625
2025-10-29,3.121999979019165,3.121999979019165,3.0869998931884766,3.1059999465942383,171294656.0,555620864.0,761517.5625
2025-10-30,3.1019999980926514,3.128000020980835,3.0989999771118164,3.1050000190734863,114843192.0,373835008.0,761517.5625
2025-10-31,3.1040000915527344,3.1050000190734863,3.0820000171661377,3.0969998836517334,114408544.0,370000192.0,761517.5625
2025-11-03,3.0969998836517334,3.1419999599456787,3.0959999561309814,3.140000104904175,191633776.0,626811584.0,761517.5625
2025-11-04,3.140000104904175,3.184000015258789,3.13700008392334,3.1700000762939453,223001856.0,737846080.0,761517.5625
2025-11-05,3.1630001068115234,3.188999891281128,3.1489999294281006,3.178999900817871,128942960.0,427582144.0,761517.5625
2025-11-06,3.171999931335449,3.191999912261963,3.1589999198913574,3.183000087738037,94328312.0,313556928.0,761517.5625
2025-11-07,3.183000087738037,3.2070000171661377,3.181999921798706,3.187999963760376,75841424.0,252940400.0,761517.5625
2025-11-10,3.184999942779541,3.2149999141693115,3.1740000247955322,3.2130000591278076,95077896.0,318181728.0,761517.5625
2025-11-11,3.2109999656677246,3.2109999656677246,3.184000015258789,3.2039999961853027,91917952.0,307055328.0,761517.5625
2025-11-12,3.2019999027252197,3.2320001125335693,3.2019999027252197,3.2170000076293945,109340168.0,367505152.0,761517.5625
2025-11-13,3.2090001106262207,3.2249999046325684,3.193000078201294,3.2179999351501465,103080048.0,345429312.0,761517.5625
2025-11-14,3.2130000591278076,3.23799991607666,3.203000068664551,3.2049999237060547,99226760.0,333939424.0,761517.5625
2025-11-17,3.2049999237060547,3.2049999237060547,3.1679999828338623,3.186000108718872,134521520.0,447738528.0,761517.5625
2025-11-18,3.180999994277954,3.184000015258789,3.130000114440918,3.1410000324249268,178681584.0,588238976.0,761517.5625
2025-11-19,3.140000104904175,3.1649999618530273,3.1389999389648438,3.1570000648498535,105795192.0,348660928.0,761517.5625
2025-11-20,3.1559998989105225,3.190000057220459,3.1519999504089355,3.1570000648498535,102651080.0,339974080.0,761517.5625
2025-11-21,3.1470000743865967,3.1570000648498535,3.1070001125335693,3.111999988555908,203958688.0,666227776.0,761517.5625
2025-11-24,3.109999895095825,3.121999979019165,3.0840001106262207,3.0840001106262207,171180400.0,553967616.0,761517.5625
2025-11-25,3.0829999446868896,3.1029999256134033,3.0769999027252197,3.0999999046325684,129958848.0,420361696.0,761517.5625
2025-11-26,3.0969998836517334,3.1089999675750732,3.0799999237060547,3.0829999446868896,147222896.0,475840032.0,761517.5625
2025-11-27,3.0829999446868896,3.0959999561309814,3.065000057220459,3.0869998931884766,124318856.0,401048384.0,761517.5625
2025-11-28,3.0869998931884766,3.0889999866485596,3.072000026702881,3.0869998931884766,89971336.0,290065600.0,761517.5625
2025-12-01,3.0869998931884766,3.1019999980926514,3.0789999961853027,3.1019999980926514,114560232.0,370453376.0,761517.5625
2025-12-02,3.1010000705718994,3.1070001125335693,3.0929999351501465,3.1059999465942383,98340776.0,319016064.0,761517.5625
2025-12-03,3.1029999256134033,3.121000051498413,3.0929999351501465,3.0980000495910645,94656824.0,307606144.0,761517.5625
2025-12-04,3.0950000286102295,3.1050000190734863,3.0810000896453857,3.0850000381469727,85025904.0,274815456.0,761517.5625
2025-12-05,3.0840001106262207,3.0869998931884766,3.062999963760376,3.0829999446868896,107288896.0,345204608.0,761517.5625
2025-12-08,3.0820000171661377,3.0840001106262207,3.049999952316284,3.066999912261963,195997504.0,628441280.0,761517.5625
2025-12-09,3.059999942779541,3.061000108718872,3.0380001068115234,3.0409998893737793,143744496.0,458517504.0,761517.5625
2025-12-10,3.0429999828338623,3.0480000972747803,3.0169999599456787,3.0280001163482666,150870304.0,478269248.0,761517.5625
2025-12-11,3.0280001163482666,3.0309998989105225,3.002000093460083,3.01200008392334,183537184.0,579234304.0,761517.5625
2025-12-12,3.01200008392334,3.0160000324249268,2.992000102996826,2.999000072479248,180122192.0,565760512.0,761517.5625
2025-12-15,3.0,3.0320000648498535,2.990000009536743,3.0250000953674316,147648864.0,467091232.0,761517.5625
2025-12-16,3.0239999294281006,3.0239999294281006,2.992000102996826,2.996999979019165,218581296.0,686949696.0,761517.5625
2025-12-17,2.993000030517578,3.010999917984009,2.9809999465942383,3.0,157998512.0,495539904.0,761517.5625
2025-12-18,3.0,3.0369999408721924,2.996999979019165,3.0320000648498535,162248080.0,513315648.0,761517.5625
2025-12-19,3.0320000648498535,3.0399999618530273,3.0160000324249268,3.0309998989105225,127672496.0,404755040.0,761517.5625
2025-12-22,3.0309998989105225,3.0309998989105225,3.01200008392334,3.0160000324249268,150432000.0,475517536.0,761517.5625
2025-12-23,3.015000104904175,3.0299999713897705,3.01200008392334,3.0169999599456787,121823000.0,385373312.0,761517.5625
2025-12-24,3.0169999599456787,3.0230000019073486,3.003000020980835,3.0220000743865967,127133408.0,401114752.0,761517.5625
2025-12-25,3.0220000743865967,3.0339999198913574,3.0199999809265137,3.0309998989105225,112772768.0,357444736.0,761517.5625
2025-12-26,3.0269999504089355,3.0439999103546143,3.0239999294281006,3.0439999103546143,121476496.0,386249088.0,761517.5625
2025-12-29,3.0439999103546143,3.056999921798706,3.0290000438690186,3.0420000553131104,155206512.0,494659808.0,761517.5625
2025-12-30,3.0360000133514404,3.0510001182556152,3.0280001163482666,3.0450000762939453,137469552.0,437951360.0,761517.5625
2025-12-31,3.0450000762939453,3.0510001182556152,3.0320000648498535,3.0399999618530273,105880008.0,337059424.0,761517.5625
2026-01-05,3.0399999618530273,3.049999952316284,3.0269999504089355,3.0369999408721924,160709824.0,510847584.0,761517.5625
2026-01-06,3.0369999408721924,3.0759999752044678,3.0290000438690186,3.075000047683716,212208416.0,677876096.0,761517.5625
2026-01-07,3.075000047683716,3.0889999866485596,3.059000015258789,3.0889999866485596,145318752.0,467902784.0,761517.5625
2026-01-08,3.0869998931884766,3.0880000591278076,3.069999933242798,3.078000068664551,109021088.0,351116576.0,761517.5625
2026-01-09,3.078000068664551,3.0920000076293945,3.072999954223633,3.0910000801086426,121750152.0,392760640.0,761517.5625
2026-01-12,3.0899999141693115,3.0940001010894775,3.071000099182129,3.0880000591278076,142405440.0,459145760.0,761517.5625
2026-01-13,3.0850000381469727,3.1019999980926514,3.0810000896453857,3.0859999656677246,141142032.0,456857952.0,761517.5625
2026-01-14,3.0850000381469727,3.0929999351501465,3.053999900817871,3.055999994277954,194456912.0,625541696.0,761517.5625
2026-01-15,3.055999994277954,3.065999984741211,3.0399999618530273,3.0450000762939453,153320016.0,490206976.0,761517.5625
2026-01-16,3.0460000038146973,3.056999921798706,3.01200008392334,3.0199999809265137,254663728.0,808039616.0,761517.5625
2026-01-19,3.0199999809265137,3.0369999408721924,3.010999917984009,3.0360000133514404,169245728.0,536333536.0,761517.5625
2026-01-20,3.0369999408721924,3.075000047683716,3.0320000648498535,3.0739998817443848,194369136.0,621283712.0,761517.5625
2026-01-21,3.078000068664551,3.0789999961853027,3.052000045776367,3.056999921798706,301877792.0,923943232.0,-761517.5625
2026-01-22,3.059000015258789,3.0799999237060547,3.055000066757202,3.0769999027252197,155801792.0,478674272.0,761517.5625
2026-01-23,3.0810000896453857,3.0820000171661377,3.059000015258789,3.069000005722046,161176576.0,494701120.0,761517.5625
2026-01-26,3.069000005722046,3.1089999675750732,3.063999891281128,3.1059999465942383,211831264.0,654976896.0,761517.5625
2026-01-27,3.1059999465942383,3.11299991607666,3.075000047683716,3.0810000896453857,260210880.0,804341760.0,761517.5625
2026-01-28,3.0820000171661377,3.1480000019073486,3.072000026702881,3.131999969482422,329895008.0,1028739520.0,761517.5625
2026-01-29,3.134000062942505,3.1679999828338623,3.119999885559082,3.1659998893737793,225603104.0,709880768.0,761517.5625
2026-01-30,3.1649999618530273,3.196000099182129,3.124000072479248,3.1440000534057617,264593376.0,834801088.0,761517.5625
2026-02-02,3.13700008392334,3.138000011444092,3.0420000553131104,3.0460000038146973,401047616.0,1235729280.0,761517.5625
2026-02-03,3.0490000247955322,3.063999891281128,3.0280001163482666,3.0510001182556152,237958224.0,724610560.0,761517.5625
2026-02-04,3.055999994277954,3.1530001163482666,3.055999994277954,3.1500000953674316,437466560.0,1363521024.0,761517.5625
2026-02-05,3.131999969482422,3.1429998874664307,3.111999988555908,3.135999917984009,149211520.0,466573408.0,761517.5625
2026-02-06,3.109999895095825,3.1410000324249268,3.0999999046325684,3.125999927520752,151344400.0,472796192.0,761517.5625
2026-02-09,3.125999927520752,3.1459999084472656,3.125,3.1440000534057617,93180976.0,292349664.0,761517.5625
2026-02-10,3.1440000534057617,3.1600000858306885,3.131999969482422,3.1559998989105225,118853688.0,374162400.0,761517.5625
2026-02-11,3.1530001163482666,3.191999912261963,3.1429998874664307,3.183000087738037,224707520.0,713970112.0,761517.5625
2026-02-12,3.184999942779541,3.197999954223633,3.1689999103546143,3.180000066757202,142012272.0,452049056.0,761517.5625
2026-02-13,3.1700000762939453,3.174999952316284,3.134000062942505,3.13700008392334,148983296.0,469202880.0,761517.5625
2026-02-24,3.1519999504089355,3.196000099182129,3.1519999504089355,3.190000057220459,217299552.0,691885824.0,761517.5625
2026-02-25,3.190000057220459,3.236999988555908,3.187000036239624,3.194000005722046,363803232.0,1167864064.0,761517.5625
2026-02-26,3.197000026702881,3.2109999656677246,3.177999973297119,3.194999933242798,120777048.0,385766976.0,761517.5625
2026-02-27,3.193000078201294,3.236999988555908,3.190000057220459,3.2320001125335693,206367504.0,665145088.0,761517.5625
2026-03-02,3.2750000953674316,3.305999994277954,3.234999895095825,3.302999973297119,325190368.0,1065672512.0,761517.5625
2026-03-03,3.305999994277954,3.4040000438690186,3.2960000038146973,3.367000102996826,374115264.0,1253251584.0,761517.5625
2026-03-04,3.3410000801086426,3.3410000801086426,3.250999927520752,3.303999900817871,168292048.0,553439488.0,761517.5625
2026-03-05,3.2829999923706055,3.312000036239624,3.255000114440918,3.2909998893737793,138530480.0,454326208.0,761517.5625
2026-03-06,3.2820000648498535,3.2899999618530273,3.253000020980835,3.2850000858306885,122717864.0,401360832.0,761517.5625
2026-03-09,3.3469998836517334,3.372999906539917,3.308000087738037,3.309000015258789,202199888.0,675842624.0,761517.5625
2026-03-10,3.25600004196167,3.2829999923706055,3.240000009536743,3.2699999809265137,129612240.0,423148672.0,761517.5625
2026-03-11,3.263000011444092,3.316999912261963,3.240000009536743,3.312999963760376,134046488.0,439613984.0,761517.5625
2026-03-12,3.325000047683716,3.3919999599456787,3.312999963760376,3.38100004196167,207427216.0,698295168.0,761517.5625
2026-03-13,3.380000114440918,3.4079999923706055,3.3580000400543213,3.364000082015991,204236448.0,690999168.0,761517.5625
2026-03-16,3.365000009536743,3.38100004196167,3.3299999237060547,3.3350000381469727,113578600.0,379859840.0,761517.5625
2026-03-17,3.325000047683716,3.3489999771118164,3.308000087738037,3.309000015258789,112049784.0,372500000.0,761517.5625
2026-03-18,3.308000087738037,3.319000005722046,3.260999917984009,3.2960000038146973,118516784.0,389647680.0,761517.5625
2026-03-19,3.305999994277954,3.3289999961853027,3.2960000038146973,3.305000066757202,134593616.0,445624320.0,761517.5625
2026-03-20,3.2750000953674316,3.3289999961853027,3.2730000019073486,3.2960000038146973,107415600.0,355018432.0,761517.5625
2026-03-23,3.305000066757202,3.305999994277954,3.2260000705718994,3.2339999675750732,202280448.0,660155136.0,761517.5625
2026-03-24,3.2300000190734863,3.2699999809265137,3.2269999980926514,3.2690000534057617,139870304.0,455037632.0,761517.5625
2026-03-25,3.25,3.256999969482422,3.2100000381469727,3.25600004196167,157561504.0,509345312.0,761517.5625
2026-03-26,3.250999927520752,3.2880001068115234,3.247999906539917,3.2679998874664307,114829504.0,375558976.0,761517.5625
2026-03-27,3.2669999599456787,3.2829999923706055,3.243000030517578,3.2669999599456787,88778800.0,289198912.0,761517.5625
2026-03-30,3.26200008392334,3.303999900817871,3.26200008392334,3.2990000247955322,108154000.0,355809920.0,761517.5625
2026-03-31,3.2929999828338623,3.313999891281128,3.247999906539917,3.250999927520752,159039904.0,519957184.0,761517.5625
2026-04-01,3.247999906539917,3.2690000534057617,3.2360000610351562,3.240999937057495,132234200.0,429458784.0,761517.5625
2026-04-02,3.240000009536743,3.2699999809265137,3.23799991607666,3.257999897003174,100208744.0,326342208.0,761517.5625
2026-04-03,3.25600004196167,3.259000062942505,3.2039999961853027,3.2160000801086426,152336592.0,490888640.0,761517.5625
2026-04-07,3.2170000076293945,3.2320001125335693,3.196000099182129,3.2279999256134033,102118368.0,328441984.0,761517.5625
2026-04-08,3.2100000381469727,3.2279999256134033,3.186000108718872,3.2269999980926514,171453296.0,549273600.0,761517.5625
2026-04-09,3.2219998836517334,3.2320001125335693,3.2019999027252197,3.2119998931884766,79258200.0,254702272.0,761517.5625
2026-04-10,3.2109999656677246,3.2309999465942383,3.2049999237060547,3.2179999351501465,83960576.0,270381504.0,761517.5625
2026-04-13,3.2249999046325684,3.2330000400543213,3.2019999027252197,3.2230000495910645,113707200.0,365930912.0,761517.5625
2026-04-14,3.2160000801086426,3.2239999771118164,3.2049999237060547,3.2230000495910645,99129016.0,318664160.0,761517.5625
2026-04-15,3.2209999561309814,3.242000102996826,3.2060000896453857,3.240000009536743,115504448.0,372895328.0,761517.5625
2026-04-16,3.2300000190734863,3.250999927520752,3.2300000190734863,3.24399995803833,94220256.0,305409120.0,761517.5625
2026-04-17,3.240000009536743,3.24399995803833,3.2160000801086426,3.2179999351501465,106833296.0,344442976.0,761517.5625
2026-04-20,3.2190001010894775,3.234999895095825,3.2119998931884766,3.2249999046325684,89628032.0,288666368.0,761517.5625
2026-04-21,3.2239999771118164,3.2730000019073486,3.2219998836517334,3.265000104904175,218600864.0,712181248.0,761517.5625
2026-04-22,3.2679998874664307,3.2809998989105225,3.259000062942505,3.2690000534057617,112700896.0,368498368.0,761517.5625
2026-04-23,3.2690000534057617,3.2939999103546143,3.253000020980835,3.2929999828338623,121308328.0,397569024.0,761517.5625
2026-04-24,3.2769999504089355,3.2920000553131104,3.2660000324249268,3.2799999713897705,146004608.0,478523904.0,761517.5625
2026-04-27,3.2699999809265137,3.2929999828338623,3.2639999389648438,3.2750000953674316,100852200.0,330541984.0,761517.5625
2026-04-28,3.2699999809265137,3.3259999752044678,3.265000104904175,3.325000047683716,165336448.0,545846336.0,761517.5625
2026-04-29,3.315000057220459,3.359999895095825,3.312999963760376,3.3469998836517334,139571872.0,466652864.0,761517.5625
2026-04-30,3.3399999141693115,3.3570001125335693,3.3239998817443848,3.3410000801086426,143435120.0,478767680.0,761517.5625
2026-05-06,3.3350000381469727,3.3420000076293945,3.299999952316284,3.3410000801086426,145180000.0,481710560.0,761517.5625
2026-05-07,3.3269999027252197,3.3269999027252197,3.2679998874664307,3.2720000743865967,293781088.0,964538048.0,761517.5625
2026-05-08,3.2730000019073486,3.2920000553131104,3.25,3.260999917984009,159384144.0,519812736.0,761517.5625
2026-05-11,3.260999917984009,3.2760000228881836,3.253000020980835,3.263000011444092,146354016.0,477609088.0,761517.5625
2026-05-12,3.259999990463257,3.2839999198913574,3.255000114440918,3.256999969482422,117147992.0,382461888.0,761517.5625
2026-05-13,3.257999897003174,3.2709999084472656,3.2300000190734863,3.24399995803833,122094992.0,396171456.0,761517.5625
2026-05-14,3.24399995803833,3.246000051498413,3.2219998836517334,3.2230000495910645,102244144.0,330506944.0,761517.5625
2026-05-15,3.2239999771118164,3.24399995803833,3.2100000381469727,3.2230000495910645,160566384.0,517776576.0,761517.5625
2026-05-18,3.2200000286102295,3.2339999675750732,3.200000047683716,3.2170000076293945,188532464.0,605137280.0,761517.5625
2026-05-19,3.2170000076293945,3.2279999256134033,3.2079999446868896,3.2219998836517334,96124896.0,309449824.0,761517.5625
2026-05-20,3.2219998836517334,3.2300000190734863,3.2079999446868896,3.2149999141693115,135717280.0,436881632.0,761517.5625
2026-05-21,3.2049999237060547,3.2149999141693115,3.1670000553131104,3.171999931335449,230279104.0,734993664.0,761517.5625
2026-05-22,3.1730000972747803,3.174999952316284,3.138000011444092,3.1559998989105225,168086352.0,530077824.0,761517.5625
2026-05-25,3.177999973297119,3.2190001010894775,3.177999973297119,3.184999942779541,197291424.0,630135936.0,761517.5625
2026-05-26,3.177999973297119,3.191999912261963,3.1630001068115234,3.186000108718872,124157400.0,394360512.0,761517.5625
2026-05-27,3.180000066757202,3.183000087738037,3.1429998874664307,3.1700000762939453,178428704.0,563920640.0,761517.5625
2026-05-28,3.1630001068115234,3.193000078201294,3.1570000648498535,3.1700000762939453,144436992.0,459099904.0,761517.5625
2026-05-29,3.1649999618530273,3.2119998931884766,3.1619999408721924,3.2060000896453857,213209600.0,681631360.0,761517.5625
2026-06-01,3.2119998931884766,3.315000057220459,3.2060000896453857,3.306999921798706,399834240.0,1309404288.0,761517.5625
2026-06-02,3.306999921798706,3.365000009536743,3.2939999103546143,3.308000087738037,325440128.0,1082836864.0,761517.5625
2026-06-03,3.2899999618530273,3.3389999866485596,3.2639999389648438,3.3239998817443848,218034944.0,718390272.0,761517.5625
2026-06-04,3.318000078201294,3.3540000915527344,3.2920000553131104,3.3269999027252197,169110496.0,562193728.0,761517.5625
2026-06-05,3.313999891281128,3.3550000190734863,3.311000108718872,3.321000099182129,223490704.0,745405184.0,761517.5625
2026-06-08,3.309000015258789,3.3380000591278076,3.2780001163482666,3.303999900817871,174442672.0,576629248.0,761517.5625
2026-06-09,3.2799999713897705,3.299999952316284,3.2660000324249268,3.2909998893737793,118373096.0,388507424.0,761517.5625
2026-06-10,3.2739999294281006,3.2860000133514404,3.250999927520752,3.260999917984009,122751960.0,400792864.0,761517.5625
2026-06-11,3.2679998874664307,3.2829999923706055,3.247999906539917,3.259999990463257,90954368.0,296504768.0,761517.5625
2026-06-12,3.246000051498413,3.309000015258789,3.23799991607666,3.302999973297119,135811600.0,445662304.0,761517.5625
2026-06-15,3.2909998893737793,3.2950000762939453,3.239000082015991,3.249000072479248,216552416.0,704890624.0,761517.5625
2026-06-16,3.239000082015991,3.239000082015991,3.190000057220459,3.196000099182129,289523808.0,928062656.0,761517.5625
2026-06-17,3.197999954223633,3.197999954223633,3.1500000953674316,3.1600000858306885,276788128.0,876401856.0,761517.5625
2026-06-18,3.1600000858306885,3.1610000133514404,3.0910000801086426,3.0980000495910645,430948928.0,1341694592.0,761517.5625
2026-06-22,3.0989999771118164,3.127000093460083,3.058000087738037,3.125,354088352.0,1093673344.0,761517.5625
2026-06-23,3.119999885559082,3.1570000648498535,3.0999999046325684,3.1040000915527344,206025264.0,644638400.0,761517.5625
2026-06-24,3.1050000190734863,3.1070001125335693,3.046999931335449,3.0480000972747803,341368288.0,1047024896.0,761517.5625
2026-06-25,3.0420000553131104,3.0490000247955322,3.0,3.00600004196167,342219904.0,1031556160.0,761517.5625
2026-06-26,3.00600004196167,3.013000011444092,2.9489998817443848,2.9539999961853027,367663136.0,1091778304.0,761517.5625
2026-06-29,2.9539999961853027,2.9800000190734863,2.8959999084472656,2.9719998836517334,341791104.0,1006876672.0,761517.5625
2026-06-30,2.9700000286102295,2.9700000286102295,2.9010000228881836,2.9159998893737793,283484928.0,827868672.0,761517.5625
2026-07-01,2.9019999504089355,2.9769999980926514,2.9019999504089355,2.9630000591278076,245440464.0,721980544.0,761517.5625
2026-07-02,2.9679999351501465,3.0239999294281006,2.9630000591278076,2.993000030517578,505977984.0,1515742976.0,761517.5625
2026-07-03,3.0,3.0429999828338623,3.0,3.0239999294281006,238643392.0,721232448.0,761517.5625
2026-07-06,3.0179998874664307,3.0910000801086426,3.006999969482422,3.0889999866485596,255537872.0,779823936.0,761517.5625
2026-07-07,3.0899999141693115,3.0940001010894775,3.0239999294281006,3.0439999103546143,385326784.0,1172413568.0,761517.5625
2026-07-08,3.0450000762939453,3.1029999256134033,3.0309998989105225,3.0799999237060547,293082624.0,901310720.0,761517.5625
2026-07-09,3.066999912261963,3.066999912261963,3.0299999713897705,3.0399999618530273,218332096.0,664656832.0,761517.5625
2026-07-10,3.0250000953674316,3.056999921798706,3.007999897003174,3.0450000762939453,161705296.0,489830016.0,761517.5625
2026-07-13,3.0390000343322754,3.0769999027252197,3.0269999504089355,3.065999984741211,253702096.0,775929792.0,761517.5625
2026-07-14,3.069999933242798,3.1480000019073486,3.065000057220459,3.138000011444092,494239200.0,1539920256.0,761517.5625
2026-07-15,3.122999906539917,3.190000057220459,3.111999988555908,3.184999942779541,239574208.0,758046592.0,761517.5625
2026-07-16,3.177999973297119,3.2070000171661377,3.1389999389648438,3.1459999084472656,259415456.0,820198784.0,761517.5625
2026-07-17,3.1470000743865967,3.174999952316284,3.132999897003174,3.134999990463257,259033216.0,817540544.0,761517.5625
2026-07-20,3.140000104904175,3.247999906539917,3.1389999389648438,3.242000102996826,547923776.0,1762654592.0,761517.5625
2026-07-21,3.23799991607666,3.2790000438690186,3.200000047683716,3.2049999237060547,472993408.0,1529467776.0,761517.5625
2026-07-22,3.2009999752044678,3.256999969482422,3.180999994277954,3.253000020980835,312370304.0,1005971776.0,761517.5625
2026-07-23,3.2360000610351562,3.2869999408721924,3.2330000400543213,3.2799999713897705,280334688.0,916799872.0,761517.5625
2026-07-24,3.2790000438690186,3.2960000038146973,3.2230000495910645,3.2230000495910645,201775616.0,656989952.0,761517.5625
2026-07-27,3.2160000801086426,3.242000102996826,3.200000047683716,3.2320001125335693,214971424.0,691522432.0,761517.5625
2026-07-28,3.2190001010894775,3.234999895095825,3.188999891281128,3.2320001125335693,526174208.0,1688299520.0,761517.5625
