datetime,open,high,low,close,vol,amount,float_shares
2016-11-04,2.6630001068115234,2.677000045776367,2.6519999504089355,2.6579999923706055,223992304.0,224852464.0,838121.75
2016-11-07,2.6549999713897705,2.6659998893737793,2.6470000743865967,2.6519999504089355,23446900.0,23440744.0,838121.75
2016-11-08,2.6519999504089355,2.677000045776367,2.6519999504089355,2.6710000038146973,51134300.0,51338296.0,838121.75
2016-11-09,2.6689999103546143,2.6740000247955322,2.6029999256134033,2.6519999504089355,12873300.0,12875264.0,838121.75
2016-11-10,2.6659998893737793,2.693000078201294,2.6659998893737793,2.690000057220459,42887000.0,43268676.0,838121.75
2016-11-11,2.687999963760376,2.6989998817443848,2.678999900817871,2.6989998817443848,13844000.0,14015826.0,838121.75
2016-11-14,2.687999963760376,2.7119998931884766,2.687999963760376,2.7009999752044678,15377100.0,15637447.0,838121.75
2016-11-15,2.6989998817443848,2.7230000495910645,2.6989998817443848,2.7230000495910645,17839400.0,18184134.0,838121.75
2016-11-16,2.7039999961853027,2.740000009536743,2.7039999961853027,2.7209999561309814,12579600.0,12907083.0,838121.75
2016-11-17,2.7100000381469727,2.7209999561309814,2.6989998817443848,2.7119998931884766,6255700.0,6368497.0,838121.75
2016-11-18,2.7119998931884766,2.7230000495910645,2.6989998817443848,2.7039999961853027,6626000.0,6754495.0,838121.75
2016-11-21,2.6989998817443848,2.7179999351501465,2.6989998817443848,2.7119998931884766,8662200.0,8820110.0,838121.75
2016-11-22,2.7100000381469727,2.7339999675750732,2.7100000381469727,2.7339999675750732,9130900.0,9342661.0,838121.75
2016-11-23,2.7309999465942383,2.736999988555908,2.7149999141693115,2.7209999561309814,7771900.0,7970302.0,838121.75
2016-11-24,2.7119998931884766,2.7119998931884766,2.690000057220459,2.696000099182129,5026400.0,5115925.0,838121.75
2016-11-25,2.693000078201294,2.696000099182129,2.614000082015991,2.693000078201294,5173500.0,5216981.0,838121.75
2016-11-28,2.684999942779541,2.7070000171661377,2.684999942779541,2.6989998817443848,3339800.0,3393261.0,838121.75
2016-11-29,2.6989998817443848,2.6989998817443848,2.678999900817871,2.678999900817871,4015400.0,4060796.0,838121.75
2016-11-30,2.677000045776367,2.677000045776367,2.6579999923706055,2.6659998893737793,2118900.0,2125217.0,838121.75
2016-12-01,2.6659998893737793,2.6710000038146973,2.6579999923706055,2.6689999103546143,1469900.0,1473037.0,838121.75
2016-12-02,2.6689999103546143,2.6689999103546143,2.6470000743865967,2.6489999294281006,2761000.0,2758825.0,838121.75
2016-12-05,2.628000020980835,2.6549999713897705,2.61899995803833,2.632999897003174,2176700.0,2151978.0,838121.75
2016-12-06,2.6080000400543213,2.632999897003174,2.6059999465942383,2.614000082015991,3143000.0,3095223.0,838121.75
2016-12-07,2.621999979019165,2.6440000534057617,2.6110000610351562,2.6440000534057617,1574500.0,1556866.0,838121.75
2016-12-08,2.6410000324249268,2.6410000324249268,2.61899995803833,2.61899995803833,2363800.0,2345324.0,838121.75
2016-12-09,2.625,2.630000114440918,2.6110000610351562,2.617000102996826,1303000.0,1285443.0,838121.75
2016-12-12,2.617000102996826,2.617000102996826,2.438999891281128,2.4519999027252197,4106800.0,3892287.0,838121.75
2016-12-13,2.4630000591278076,2.5209999084472656,2.4110000133514404,2.4630000591278076,2482200.0,2293228.0,838121.75
2016-12-14,2.444000005722046,2.493000030517578,2.444000005722046,2.447000026702881,533100.0,494799.0,838121.75
2016-12-15,2.447000026702881,2.493000030517578,2.430999994277954,2.4800000190734863,1424100.0,1328618.0,838121.75
2016-12-16,2.4719998836517334,2.515000104904175,2.4549999237060547,2.515000104904175,1184700.0,1113291.0,838121.75
2016-12-19,2.493000030517578,2.503999948501587,2.4739999771118164,2.4800000190734863,1114700.0,1046481.0,838121.75
2016-12-20,2.4739999771118164,2.5759999752044678,2.4739999771118164,2.502000093460083,833700.0,789311.0,838121.75
2016-12-21,2.48799991607666,2.5179998874664307,2.484999895095825,2.5179998874664307,880700.0,831646.0,838121.75
2016-12-22,2.5179998874664307,2.5260000228881836,2.4800000190734863,2.515000104904175,592300.0,560779.0,838121.75
2016-12-23,2.5290000438690186,2.5290000438690186,2.490999937057495,2.493000030517578,588700.0,554180.0,838121.75
2016-12-26,2.4719998836517334,2.506999969482422,2.4549999237060547,2.503999948501587,805200.0,751629.0,838121.75
2016-12-27,2.503999948501587,2.506999969482422,2.4739999771118164,2.502000093460083,861600.0,811894.0,838121.75
2016-12-28,2.493000030517578,2.502000093460083,2.4830000400543213,2.490999937057495,632100.0,594131.0,838121.75
2016-12-29,2.4769999980926514,2.502000093460083,2.4769999980926514,2.4800000190734863,183800.0,172386.0,838121.75
2016-12-30,2.4800000190734863,2.503999948501587,2.4719998836517334,2.48799991607666,302900.0,283448.0,838121.75
2017-01-03,2.48799991607666,2.506999969482422,2.48799991607666,2.503999948501587,1206800.0,1137820.0,838121.75
2017-01-04,2.496000051498413,2.5480000972747803,2.496000051498413,2.5399999618530273,2047300.0,1946627.0,838121.75
2017-01-05,2.5260000228881836,2.559000015258789,2.5260000228881836,2.5320000648498535,1654200.0,1590980.0,838121.75
2017-01-06,2.5320000648498535,2.5450000762939453,2.515000104904175,2.5350000858306885,1729700.0,1650287.0,838121.75
2017-01-09,2.509999990463257,2.5480000972747803,2.509999990463257,2.5450000762939453,797900.0,760892.0,838121.75
2017-01-10,2.5480000972747803,2.5759999752044678,2.5350000858306885,2.5350000858306885,818000.0,784523.0,838121.75
2017-01-11,2.5239999294281006,2.5510001182556152,2.496000051498413,2.5209999084472656,416800.0,395290.0,838121.75
2017-01-12,2.493000030517578,2.515000104904175,2.493000030517578,2.503999948501587,304200.0,286684.0,838121.75
2017-01-13,2.503999948501587,2.5209999084472656,2.4660000801086426,2.4800000190734863,492200.0,461907.0,838121.75
2017-01-16,2.496000051498413,2.496000051498413,2.384000062942505,2.4089999198913574,1193800.0,1097504.0,838121.75
2017-01-17,2.4089999198913574,2.436000108718872,2.4030001163482666,2.424999952316284,636700.0,581616.0,838121.75
2017-01-18,2.424999952316284,2.433000087738037,2.3980000019073486,2.421999931335449,579000.0,526995.0,838121.75
2017-01-19,2.421999931335449,2.421999931335449,2.3350000381469727,2.3980000019073486,1475800.0,1319669.0,838121.75
2017-01-20,2.372999906539917,2.4000000953674316,2.361999988555908,2.390000104904175,4195300.0,3768716.0,838121.75
2017-01-23,2.3980000019073486,2.427999973297119,2.390000104904175,2.4170000553131104,3097700.0,2827492.0,838121.75
2017-01-24,2.4089999198913574,2.424999952316284,2.3980000019073486,2.4000000953674316,1372900.0,1244830.0,838121.75
2017-01-25,2.3949999809265137,2.4170000553131104,2.3949999809265137,2.4089999198913574,1219700.0,1107917.0,838121.75
2017-01-26,2.4140000343322754,2.430999994277954,2.4140000343322754,2.430999994277954,856400.0,783697.0,838121.75
2017-02-03,2.433000087738037,2.436000108718872,2.4110000133514404,2.424999952316284,267800.0,244504.0,838121.75
2017-02-06,2.4200000762939453,2.4519999027252197,2.4200000762939453,2.4519999027252197,2818300.0,2598405.0,838121.75
2017-02-07,2.444000005722046,2.4579999446868896,2.438999891281128,2.4579999446868896,263410.0,243331.0,838121.75
2017-02-08,2.4579999446868896,2.4739999771118164,2.436000108718872,2.4690001010894775,862700.0,796979.0,838121.75
2017-02-09,2.4690001010894775,2.496000051498413,2.4690001010894775,2.493000030517578,724400.0,680215.0,838121.75
2017-02-10,2.490999937057495,2.496000051498413,2.484999895095825,2.490999937057495,938300.0,880670.0,838121.75
2017-02-13,2.484999895095825,2.5179998874664307,2.484999895095825,2.502000093460083,2707900.0,2558283.0,838121.75
2017-02-14,2.502000093460083,2.506999969482422,2.493000030517578,2.499000072479248,527900.0,497414.0,838121.75
2017-02-15,2.502000093460083,2.502000093460083,2.4719998836517334,2.4830000400543213,1601600.0,1505025.0,838121.75
2017-02-16,2.484999895095825,2.499000072479248,2.4800000190734863,2.496000051498413,758700.0,712422.0,838121.75
2017-02-17,2.499000072479248,2.499000072479248,2.4690001010894775,2.4800000190734863,495100.0,463402.0,838121.75
2017-02-20,2.4830000400543213,2.502000093460083,2.4719998836517334,2.502000093460083,2941410.0,2761143.0,838121.75
2017-02-21,2.496000051498413,2.5290000438690186,2.496000051498413,2.5290000438690186,5852000.0,5539069.0,838121.75
2017-02-22,2.5260000228881836,2.5369999408721924,2.5179998874664307,2.5290000438690186,3555800.0,3389480.0,838121.75
2017-02-23,2.5350000858306885,2.5350000858306885,2.513000011444092,2.5350000858306885,2029700.0,1934158.0,838121.75
2017-02-24,2.5350000858306885,2.5480000972747803,2.5260000228881836,2.5450000762939453,2175600.0,2080033.0,838121.75
2017-02-27,2.5350000858306885,2.5480000972747803,2.5239999294281006,2.5260000228881836,3023800.0,2888700.0,838121.75
2017-02-28,2.5260000228881836,2.5320000648498535,2.5179998874664307,2.5290000438690186,1273500.0,1210684.0,838121.75
2017-03-01,2.5260000228881836,2.5450000762939453,2.5260000228881836,2.5369999408721924,9823800.0,9401571.0,838121.75
2017-03-02,2.5399999618530273,2.5480000972747803,2.5209999084472656,2.5209999084472656,1628700.0,1555905.0,838121.75
2017-03-03,2.5209999084472656,2.5369999408721924,2.506999969482422,2.5369999408721924,2234400.0,2129459.0,838121.75
2017-03-06,2.5889999866485596,2.5950000286102295,2.5369999408721924,2.566999912261963,572300.0,553355.0,838121.75
2017-03-07,2.566999912261963,2.572999954223633,2.555999994277954,2.569999933242798,1199800.0,1159566.0,838121.75
2017-03-08,2.562000036239624,2.569999933242798,2.553999900817871,2.559000015258789,2547800.0,2459238.0,838121.75
2017-03-09,2.553999900817871,2.553999900817871,2.5350000858306885,2.5429999828338623,696400.0,668127.0,838121.75
2017-03-10,2.5480000972747803,2.553999900817871,2.5399999618530273,2.5450000762939453,481600.0,461546.0,838121.75
2017-03-13,2.496000051498413,2.5759999752044678,2.496000051498413,2.5759999752044678,8382200.0,8023253.0,838121.75
2017-03-14,2.5759999752044678,2.5759999752044678,2.553999900817871,2.559000015258789,1481800.0,1434080.0,838121.75
2017-03-15,2.5510001182556152,2.559000015258789,2.5480000972747803,2.555999994277954,1157600.0,1114725.0,838121.75
2017-03-16,2.559000015258789,2.5920000076293945,2.559000015258789,2.5889999866485596,5135900.0,4987762.0,838121.75
2017-03-17,2.5889999866485596,2.6029999256134033,2.565000057220459,2.566999912261963,1788300.0,1746035.0,838121.75
2017-03-20,2.566999912261963,2.578000068664551,2.562000036239624,2.5759999752044678,933500.0,903614.0,838121.75
2017-03-21,2.578000068664551,2.5840001106262207,2.572999954223633,2.5840001106262207,3653500.0,3550935.0,838121.75
2017-03-22,2.5840001106262207,2.5840001106262207,2.555999994277954,2.569999933242798,944500.0,914828.0,838121.75
2017-03-23,2.569999933242798,2.578000068664551,2.5429999828338623,2.566999912261963,1910600.0,1847372.0,838121.75
2017-03-24,2.566999912261963,2.5759999752044678,2.559000015258789,2.5759999752044678,1279800.0,1237632.0,838121.75
2017-03-27,2.572999954223633,2.5810000896453857,2.562000036239624,2.569999933242798,3844900.0,3724004.0,838121.75
2017-03-28,2.566999912261963,2.5759999752044678,2.562000036239624,2.565000057220459,1767600.0,1710443.0,838121.75
2017-03-29,2.559000015258789,2.565000057220459,2.5399999618530273,2.5399999618530273,1692600.0,1631302.0,838121.75
2017-03-30,2.5369999408721924,2.5369999408721924,2.484999895095825,2.490999937057495,1615900.0,1525335.0,838121.75
2017-03-31,2.493000030517578,2.5480000972747803,2.484999895095825,2.496000051498413,3269600.0,3083408.0,838121.75
2017-04-05,2.496000051498413,2.559000015258789,2.496000051498413,2.559000015258789,2120900.0,2033053.0,838121.75
2017-04-06,2.553999900817871,2.566999912261963,2.5480000972747803,2.562000036239624,1099500.0,1060480.0,838121.75
2017-04-07,2.559000015258789,2.566999912261963,2.559000015258789,2.562000036239624,1470900.0,1419676.0,838121.75
2017-04-10,2.553999900817871,2.555999994277954,2.5320000648498535,2.5350000858306885,982300.0,939665.0,838121.75
2017-04-11,2.5350000858306885,2.555999994277954,2.515000104904175,2.553999900817871,3516500.0,3358710.0,838121.75
2017-04-12,2.5369999408721924,2.555999994277954,2.5369999408721924,2.5369999408721924,3404200.0,3269137.0,838121.75
2017-04-13,2.5320000648498535,2.553999900817871,2.5320000648498535,2.5450000762939453,304100.0,291881.0,838121.75
2017-04-14,2.5450000762939453,2.5450000762939453,2.513000011444092,2.515000104904175,1627300.0,1551205.0,838121.75
2017-04-17,2.503999948501587,2.503999948501587,2.4609999656677246,2.4690001010894775,934100.0,872252.0,838121.75
2017-04-18,2.4660000801086426,2.4830000400543213,2.450000047683716,2.4519999027252197,943900.0,876497.0,838121.75
2017-04-19,2.4519999027252197,2.4519999027252197,2.38700008392334,2.4200000762939453,1636200.0,1487164.0,838121.75
2017-04-20,2.430999994277954,2.430999994277954,2.3919999599456787,2.4030001163482666,1303000.0,1188223.0,838121.75
2017-04-21,2.4110000133514404,2.4200000762939453,2.3980000019073486,2.4030001163482666,773400.0,702046.0,838121.75
2017-04-24,2.4030001163482666,2.4030001163482666,2.3320000171661377,2.384000062942505,1041400.0,925675.0,838121.75
2017-04-25,2.3540000915527344,2.38700008392334,2.3269999027252197,2.3320000171661377,1739600.0,1535388.0,838121.75
2017-04-26,2.3320000171661377,2.3399999141693115,2.3269999027252197,2.3380000591278076,696300.0,614683.0,838121.75
2017-04-27,2.3350000381469727,2.3510000705718994,2.2880001068115234,2.3459999561309814,1872200.0,1631079.0,838121.75
2017-04-28,2.3459999561309814,2.361999988555908,2.3429999351501465,2.361999988555908,715100.0,635972.0,838121.75
2017-05-02,2.3570001125335693,2.361999988555908,2.3510000705718994,2.361999988555908,393200.0,350145.0,838121.75
2017-05-03,2.361999988555908,2.361999988555908,2.3429999351501465,2.3589999675750732,1368700.0,1217588.0,838121.75
2017-05-04,2.3399999141693115,2.369999885559082,2.3399999141693115,2.3510000705718994,299600.0,266276.0,838121.75
2017-05-05,2.3399999141693115,2.3459999561309814,2.321000099182129,2.321000099182129,384500.0,339057.0,838121.75
2017-05-08,2.312999963760376,2.315999984741211,2.2750000953674316,2.2750000953674316,718700.0,622845.0,838121.75
2017-05-09,2.2769999504089355,2.2880001068115234,2.253000020980835,2.2860000133514404,746700.0,639985.0,838121.75
2017-05-10,2.2880001068115234,2.296999931335449,2.244999885559082,2.244999885559082,619900.0,531903.0,838121.75
2017-05-11,2.2720000743865967,2.2720000743865967,2.1649999618530273,2.2200000286102295,1357000.0,1129902.0,838121.75
2017-05-12,2.2230000495910645,2.2279999256134033,2.2009999752044678,2.2200000286102295,525700.0,441053.0,838121.75
2017-05-15,2.2279999256134033,2.2360000610351562,2.2230000495910645,2.2230000495910645,143000.0,120652.0,838121.75
2017-05-16,2.2230000495910645,2.2769999504089355,2.2060000896453857,2.2750000953674316,589400.0,501897.0,838121.75
2017-05-17,2.2769999504089355,2.2939999103546143,2.2769999504089355,2.2799999713897705,925600.0,798825.0,838121.75
2017-05-18,2.2309999465942383,2.2860000133514404,2.2309999465942383,2.2660000324249268,628600.0,539199.0,838121.75
2017-05-19,2.2720000743865967,2.2720000743865967,2.25,2.260999917984009,306500.0,262424.0,838121.75
2017-05-22,2.255000114440918,2.2690000534057617,2.2170000076293945,2.2230000495910645,495700.0,419715.0,838121.75
2017-05-23,2.2249999046325684,2.2249999046325684,2.1459999084472656,2.1519999504089355,2666200.0,2183178.0,838121.75
2017-05-24,2.1459999084472656,2.1649999618530273,2.1050000190734863,2.1619999408721924,1221700.0,989546.0,838121.75
2017-05-25,2.1600000858306885,2.187000036239624,2.138000011444092,2.178999900817871,459400.0,376933.0,838121.75
2017-05-26,2.181999921798706,2.2339999675750732,2.178999900817871,2.187000036239624,807000.0,670721.0,838121.75
2017-05-31,2.190000057220459,2.2119998931884766,2.190000057220459,2.193000078201294,580100.0,482436.0,838121.75
2017-06-01,2.1730000972747803,2.1730000972747803,2.11299991607666,2.11299991607666,546600.0,442520.0,838121.75
2017-06-02,2.11299991607666,2.1519999504089355,2.0940001010894775,2.1429998874664307,1281900.0,1023963.0,838121.75
2017-06-05,2.1459999084472656,2.1679999828338623,2.1459999084472656,2.1600000858306885,1666400.0,1361772.0,838121.75
2017-06-06,2.1570000648498535,2.1730000972747803,2.1570000648498535,2.1679999828338623,1051800.0,860753.0,838121.75
2017-06-07,2.1679999828338623,2.2230000495910645,2.1679999828338623,2.2230000495910645,2770200.0,2315760.0,838121.75
2017-06-08,2.2230000495910645,2.246999979019165,2.2139999866485596,2.2170000076293945,2962900.0,2497027.0,838121.75
2017-06-09,2.2170000076293945,2.2230000495910645,2.2009999752044678,2.2230000495910645,883200.0,739771.0,838121.75
2017-06-12,2.2230000495910645,2.2230000495910645,2.181999921798706,2.184000015258789,3048300.0,2537482.0,838121.75
2017-06-13,2.184000015258789,2.2230000495910645,2.184000015258789,2.2230000495910645,1106400.0,922897.0,838121.75
2017-06-14,2.2200000286102295,2.2279999256134033,2.2170000076293945,2.2200000286102295,872900.0,733865.0,838121.75
2017-06-15,2.2139999866485596,2.260999917984009,2.2139999866485596,2.257999897003174,3279300.0,2788484.0,838121.75
2017-06-16,2.253000020980835,2.260999917984009,2.246999979019165,2.257999897003174,798000.0,680444.0,838121.75
2017-06-19,2.257999897003174,2.2690000534057617,2.25,2.2690000534057617,1000600.0,855552.0,838121.75
2017-06-20,2.2720000743865967,2.2860000133514404,2.2230000495910645,2.2639999389648438,3679400.0,3156309.0,838121.75
2017-06-21,2.2639999389648438,2.2750000953674316,2.253000020980835,2.2660000324249268,539600.0,461431.0,838121.75
2017-06-22,2.2660000324249268,2.2660000324249268,2.2249999046325684,2.2249999046325684,290900.0,248063.0,838121.75
2017-06-23,2.2200000286102295,2.2339999675750732,2.197999954223633,2.2339999675750732,547400.0,460310.0,838121.75
2017-06-26,2.2309999465942383,2.260999917984009,2.2230000495910645,2.260999917984009,593600.0,503263.0,838121.75
2017-06-27,2.260999917984009,2.2690000534057617,2.246999979019165,2.255000114440918,727200.0,620670.0,838121.75
2017-06-28,2.255000114440918,2.255000114440918,2.239000082015991,2.244999885559082,477100.0,405787.0,838121.75
2017-06-29,2.255000114440918,2.2660000324249268,2.246999979019165,2.253000020980835,458800.0,391444.0,838121.75
2017-06-30,2.25,2.260999917984009,2.246999979019165,2.260999917984009,366700.0,312381.0,838121.75
2017-07-03,2.260999917984009,2.2829999923706055,2.253000020980835,2.2829999923706055,879000.0,754815.0,838121.75
2017-07-04,2.2769999504089355,2.2829999923706055,2.2690000534057617,2.2720000743865967,606900.0,521735.0,838121.75
2017-07-05,2.2769999504089355,2.2939999103546143,2.2720000743865967,2.2939999103546143,940400.0,810259.0,838121.75
2017-07-06,2.2909998893737793,2.309999942779541,2.2799999713897705,2.305000066757202,556300.0,483460.0,838121.75
2017-07-07,2.2939999103546143,2.306999921798706,2.2939999103546143,2.305000066757202,117200.0,102006.0,838121.75
2017-07-10,2.306999921798706,2.306999921798706,2.2880001068115234,2.2909998893737793,547800.0,475608.0,838121.75
2017-07-11,2.296999931335449,2.296999931335449,2.260999917984009,2.260999917984009,432900.0,372410.0,838121.75
2017-07-12,2.2660000324249268,2.2720000743865967,2.2230000495910645,2.257999897003174,960600.0,814220.0,838121.75
2017-07-13,2.255000114440918,2.2660000324249268,2.255000114440918,2.257999897003174,138000.0,117938.0,838121.75
2017-07-14,2.257999897003174,2.257999897003174,2.246999979019165,2.253000020980835,55700.0,47468.0,838121.75
2017-07-17,2.239000082015991,2.239000082015991,2.121000051498413,2.124000072479248,1306500.0,1065112.0,838121.75
2017-07-18,2.124000072479248,2.1519999504089355,2.11899995803833,2.1519999504089355,10072800.0,8151923.0,838121.75
2017-07-19,2.1459999084472656,2.178999900817871,2.1429998874664307,2.178999900817871,679900.0,556263.0,838121.75
2017-07-20,2.1519999504089355,2.2060000896453857,2.1519999504089355,2.190000057220459,876800.0,728083.0,838121.75
2017-07-21,2.187000036239624,2.2009999752044678,2.187000036239624,2.190000057220459,265700.0,220422.0,838121.75
2017-07-24,2.187000036239624,2.2090001106262207,2.187000036239624,2.2060000896453857,365300.0,304450.0,838121.75
2017-07-25,2.2060000896453857,2.2060000896453857,2.194999933242798,2.2060000896453857,306700.0,255292.0,838121.75
2017-07-26,2.2009999752044678,2.2060000896453857,2.197999954223633,2.203000068664551,744600.0,620599.0,838121.75
2017-07-27,2.203000068664551,2.242000102996826,2.197999954223633,2.242000102996826,1043200.0,875860.0,838121.75
2017-07-28,2.2360000610351562,2.246999979019165,2.2339999675750732,2.244999885559082,1004600.0,849321.0,838121.75
2017-07-31,2.2360000610351562,2.260999917984009,2.2360000610351562,2.260999917984009,855300.0,728357.0,838121.75
2017-08-01,2.260999917984009,2.2660000324249268,2.253000020980835,2.260999917984009,2046400.0,1749040.0,838121.75
2017-08-02,2.260999917984009,2.260999917984009,2.239000082015991,2.244999885559082,401000.0,341332.0,838121.75
2017-08-03,2.244999885559082,2.2639999389648438,2.239000082015991,2.253000020980835,1270900.0,1080609.0,838121.75
2017-08-04,2.25,2.2639999389648438,2.242000102996826,2.242000102996826,1403400.0,1195809.0,838121.75
2017-08-07,2.242000102996826,2.2639999389648438,2.242000102996826,2.2639999389648438,328100.0,279458.0,838121.75
2017-08-08,2.2639999389648438,2.2750000953674316,2.255000114440918,2.2720000743865967,670200.0,573684.0,838121.75
2017-08-09,2.2639999389648438,2.2799999713897705,2.2639999389648438,2.2769999504089355,933800.0,801027.0,838121.75
2017-08-10,2.2769999504089355,2.2799999713897705,2.246999979019165,2.260999917984009,440800.0,376588.0,838121.75
2017-08-11,2.255000114440918,2.255000114440918,2.2200000286102295,2.2230000495910645,913300.0,774908.0,838121.75
2017-08-14,2.2230000495910645,2.302000045776367,2.2230000495910645,2.302000045776367,7889800.0,6725925.0,838121.75
2017-08-15,2.2799999713897705,2.2860000133514404,2.2690000534057617,2.2860000133514404,3372200.0,2906629.0,838121.75
2017-08-16,2.2829999923706055,2.302000045776367,2.2750000953674316,2.2990000247955322,1196000.0,1034260.0,838121.75
2017-08-17,2.2990000247955322,2.321000099182129,2.2990000247955322,2.318000078201294,437400.0,381731.0,838121.75
2017-08-18,2.2990000247955322,2.315999984741211,2.2990000247955322,2.305000066757202,265500.0,231358.0,838121.75
2017-08-21,2.2990000247955322,2.3239998817443848,2.2990000247955322,2.3239998817443848,2184200.0,1908601.0,838121.75
2017-08-22,2.315999984741211,2.318000078201294,2.305000066757202,2.306999921798706,196500.0,171718.0,838121.75
2017-08-23,2.306999921798706,2.312999963760376,2.2829999923706055,2.2939999103546143,4762100.0,4133315.0,838121.75
2017-08-24,2.2939999103546143,2.296999931335449,2.2720000743865967,2.2799999713897705,2515000.0,2172387.0,838121.75
2017-08-25,2.2769999504089355,2.305000066757202,2.2769999504089355,2.305000066757202,801800.0,692655.0,838121.75
2017-08-28,2.306999921798706,2.3380000591278076,2.306999921798706,2.321000099182129,2282000.0,2002120.0,838121.75
2017-08-29,2.3239998817443848,2.3289999961853027,2.315999984741211,2.321000099182129,2991300.0,2623635.0,838121.75
2017-08-30,2.318000078201294,2.3320000171661377,2.318000078201294,2.3320000171661377,733800.0,644918.0,838121.75
2017-08-31,2.3320000171661377,2.3399999141693115,2.3320000171661377,2.3399999141693115,1286900.0,1135980.0,838121.75
2017-09-01,2.3399999141693115,2.361999988555908,2.3380000591278076,2.361999988555908,1744600.0,1546237.0,838121.75
2017-09-04,2.365000009536743,2.38100004196167,2.3589999675750732,2.378999948501587,1682000.0,1506733.0,838121.75
2017-09-05,2.378999948501587,2.378999948501587,2.3589999675750732,2.369999885559082,523900.0,468619.0,838121.75
2017-09-06,2.369999885559082,2.3919999599456787,2.368000030517578,2.3919999599456787,3412288.0,3060840.0,838121.75
2017-09-07,2.3919999599456787,2.4059998989105225,2.38100004196167,2.38100004196167,931300.0,840713.0,838121.75
2017-09-08,2.378999948501587,2.3949999809265137,2.369999885559082,2.38700008392334,875000.0,787886.0,838121.75
2017-09-11,2.38700008392334,2.48799991607666,2.384000062942505,2.4170000553131104,2091900.0,1894599.0,838121.75
2017-09-12,2.4140000343322754,2.424999952316284,2.384000062942505,2.4110000133514404,6708300.0,6096633.0,838121.75
2017-09-13,2.4110000133514404,2.4200000762939453,2.3980000019073486,2.4170000553131104,484000.0,439940.0,838121.75
2017-09-14,2.4170000553131104,2.427999973297119,2.4030001163482666,2.4059998989105225,998700.0,909117.0,838121.75
2017-09-15,2.4059998989105225,2.421999931335449,2.3919999599456787,2.4030001163482666,5456400.0,4953012.0,838121.75
2017-09-18,2.4030001163482666,2.424999952316284,2.4000000953674316,2.421999931335449,4321400.0,3923593.0,838121.75
2017-09-19,2.424999952316284,2.430999994277954,2.4059998989105225,2.4140000343322754,307300.0,280074.0,838121.75
2017-09-20,2.4140000343322754,2.433000087738037,2.4089999198913574,2.433000087738037,1874200.0,1711162.0,838121.75
2017-09-21,2.433000087738037,2.433000087738037,2.4030001163482666,2.4030001163482666,142600.0,130371.0,838121.75
2017-09-22,2.4000000953674316,2.4030001163482666,2.38100004196167,2.3980000019073486,959500.0,866097.0,838121.75
2017-09-25,2.3980000019073486,2.3980000019073486,2.3570001125335693,2.3589999675750732,368100.0,328606.0,838121.75
2017-09-26,2.3589999675750732,2.368000030517578,2.3510000705718994,2.361999988555908,1055400.0,940327.0,838121.75
2017-09-27,2.369999885559082,2.38700008392334,2.369999885559082,2.384000062942505,417000.0,374730.0,838121.75
2017-09-28,2.384000062942505,2.384000062942505,2.369999885559082,2.369999885559082,1573600.0,1414862.0,838121.75
2017-09-29,2.378999948501587,2.3980000019073486,2.378999948501587,2.3949999809265137,2150200.0,1938689.0,838121.75
2017-10-09,2.3949999809265137,2.427999973297119,2.3949999809265137,2.427999973297119,2068600.0,1889062.0,838121.75
2017-10-10,2.430999994277954,2.450000047683716,2.421999931335449,2.450000047683716,2141700.0,1970736.0,838121.75
2017-10-11,2.444000005722046,2.444000005722046,2.436000108718872,2.438999891281128,1597300.0,1469892.0,838121.75
2017-10-12,2.433000087738037,2.433000087738037,2.4140000343322754,2.430999994277954,308500.0,282171.0,838121.75
2017-10-13,2.430999994277954,2.440999984741211,2.421999931335449,2.438999891281128,158900.0,145977.0,838121.75
2017-10-16,2.438999891281128,2.438999891281128,2.390000104904175,2.390000104904175,559700.0,508899.0,838121.75
2017-10-17,2.390000104904175,2.4030001163482666,2.378999948501587,2.390000104904175,438400.0,395515.0,838121.75
2017-10-18,2.390000104904175,2.3980000019073486,2.368000030517578,2.368000030517578,2119700.0,1910293.0,838121.75
2017-10-19,2.369999885559082,2.369999885559082,2.3350000381469727,2.3480000495910645,622700.0,551993.0,838121.75
2017-10-20,2.3459999561309814,2.372999906539917,2.3429999351501465,2.369999885559082,1065300.0,950181.0,838121.75
2017-10-23,2.372999906539917,2.384000062942505,2.372999906539917,2.384000062942505,1186500.0,1065642.0,838121.75
2017-10-24,2.3919999599456787,2.3919999599456787,2.3510000705718994,2.368000030517578,116300.0,103844.0,838121.75
2017-10-25,2.365000009536743,2.384000062942505,2.361999988555908,2.38100004196167,195000.0,174621.0,838121.75
2017-10-26,2.375999927520752,2.3980000019073486,2.375999927520752,2.3980000019073486,610900.0,550355.0,838121.75
2017-10-27,2.3919999599456787,2.3949999809265137,2.38100004196167,2.38100004196167,331800.0,299554.0,838121.75
2017-10-30,2.38100004196167,2.38100004196167,2.305000066757202,2.321000099182129,471500.0,414823.0,838121.75
2017-10-31,2.3239998817443848,2.3350000381469727,2.318000078201294,2.3350000381469727,216500.0,190205.0,838121.75
2017-11-01,2.3380000591278076,2.3459999561309814,2.3380000591278076,2.3380000591278076,162500.0,143666.0,838121.75
2017-11-02,2.3380000591278076,2.3380000591278076,2.312999963760376,2.315999984741211,431600.0,378117.0,838121.75
2017-11-03,2.315999984741211,2.318000078201294,2.2860000133514404,2.2939999103546143,1091500.0,946430.0,838121.75
2017-11-06,2.2939999103546143,2.312999963760376,2.2860000133514404,2.312999963760376,525500.0,456304.0,838121.75
2017-11-07,2.306999921798706,2.3269999027252197,2.306999921798706,2.3269999027252197,808700.0,707632.0,838121.75
2017-11-08,2.3269999027252197,2.3459999561309814,2.3239998817443848,2.3350000381469727,615100.0,543575.0,838121.75
2017-11-09,2.3350000381469727,2.3459999561309814,2.3350000381469727,2.3459999561309814,246100.0,217642.0,838121.75
2017-11-10,2.3459999561309814,2.361999988555908,2.3429999351501465,2.3570001125335693,3596100.0,3191096.0,838121.75
2017-11-13,2.3589999675750732,2.361999988555908,2.3510000705718994,2.3589999675750732,669300.0,595066.0,838121.75
2017-11-14,2.3540000915527344,2.361999988555908,2.3380000591278076,2.3399999141693115,1610200.0,1426042.0,838121.75
2017-11-15,2.3480000495910645,2.3480000495910645,2.318000078201294,2.3239998817443848,197800.0,173933.0,838121.75
2017-11-16,2.315999984741211,2.3289999961853027,2.315999984741211,2.318000078201294,259400.0,227660.0,838121.75
2017-11-17,2.312999963760376,2.312999963760376,2.1619999408721924,2.1710000038146973,4929300.0,4156102.0,838121.75
2017-11-20,2.2309999465942383,2.253000020980835,2.181999921798706,2.244999885559082,5650700.0,4750950.0,838121.75
2017-11-21,2.246999979019165,2.253000020980835,2.2279999256134033,2.242000102996826,724700.0,614100.0,838121.75
2017-11-22,2.2360000610351562,2.255000114440918,2.2200000286102295,2.242000102996826,1296400.0,1100804.0,838121.75
2017-11-23,2.2360000610351562,2.2360000610351562,2.190000057220459,2.193000078201294,582000.0,487173.0,838121.75
2017-11-24,2.203000068664551,2.2060000896453857,2.181999921798706,2.197999954223633,427400.0,354987.0,838121.75
2017-11-27,2.197999954223633,2.2009999752044678,2.1710000038146973,2.1710000038146973,770900.0,639373.0,838121.75
2017-11-28,2.1710000038146973,2.2119998931884766,2.1710000038146973,2.2090001106262207,1829000.0,1517213.0,838121.75
2017-11-29,2.2119998931884766,2.2139999866485596,2.190000057220459,2.2119998931884766,1624300.0,1353217.0,838121.75
2017-11-30,2.2060000896453857,2.2139999866485596,2.194999933242798,2.203000068664551,992000.0,828799.0,838121.75
2017-12-01,2.2009999752044678,2.2249999046325684,2.197999954223633,2.2200000286102295,764100.0,640964.0,838121.75
2017-12-04,2.2230000495910645,2.2230000495910645,2.193000078201294,2.193000078201294,1546900.0,1297650.0,838121.75
2017-12-05,2.194999933242798,2.197999954223633,2.127000093460083,2.1410000324249268,3258500.0,2665063.0,838121.75
2017-12-06,2.1600000858306885,2.1649999618530273,2.121000051498413,2.1619999408721924,1667400.0,1351103.0,838121.75
2017-12-07,2.1570000648498535,2.1730000972747803,2.1489999294281006,2.1600000858306885,1256800.0,1029584.0,838121.75
2017-12-08,2.1619999408721924,2.187000036239624,2.1600000858306885,2.1679999828338623,4369500.0,3595016.0,838121.75
2017-12-11,2.178999900817871,2.2009999752044678,2.178999900817871,2.197999954223633,1307100.0,1083874.0,838121.75
2017-12-12,2.190000057220459,2.2009999752044678,2.1710000038146973,2.1710000038146973,4997800.0,4125041.0,838121.75
2017-12-13,2.1760001182556152,2.197999954223633,2.1710000038146973,2.193000078201294,4100300.0,3384333.0,838121.75
2017-12-14,2.193000078201294,2.197999954223633,2.187000036239624,2.197999954223633,2367400.0,1964794.0,838121.75
2017-12-15,2.190000057220459,2.197999954223633,2.181999921798706,2.193000078201294,3779500.0,3133444.0,838121.75
2017-12-18,2.194999933242798,2.194999933242798,2.1710000038146973,2.1760001182556152,1534900.0,1265570.0,838121.75
2017-12-19,2.178999900817871,2.193000078201294,2.1760001182556152,2.190000057220459,1564900.0,1295817.0,838121.75
2017-12-20,2.190000057220459,2.190000057220459,2.1649999618530273,2.1679999828338623,1230600.0,1013717.0,838121.75
2017-12-21,2.1679999828338623,2.1760001182556152,2.1429998874664307,2.1679999828338623,1042800.0,851762.0,838121.75
2017-12-22,2.1619999408721924,2.178999900817871,2.1619999408721924,2.1649999618530273,571500.0,469835.0,838121.75
2017-12-25,2.1679999828338623,2.1710000038146973,2.138000011444092,2.138000011444092,2680500.0,2183306.0,838121.75
2017-12-26,2.1459999084472656,2.1649999618530273,2.130000114440918,2.1570000648498535,4414800.0,3601356.0,838121.75
2017-12-27,2.1570000648498535,2.1600000858306885,2.1429998874664307,2.1519999504089355,1481300.0,1209683.0,838121.75
2017-12-28,2.1540000438690186,2.1619999408721924,2.1410000324249268,2.1489999294281006,801300.0,654373.0,838121.75
2017-12-29,2.1570000648498535,2.1760001182556152,2.1519999504089355,2.1710000038146973,700200.0,573237.0,838121.75
2018-01-02,2.1760001182556152,2.194999933242798,2.1730000972747803,2.194999933242798,1642700.0,1360313.0,838121.75
2018-01-03,2.194999933242798,2.2139999866485596,2.194999933242798,2.2139999866485596,3486600.0,2912102.0,838121.75
2018-01-04,2.2170000076293945,2.2170000076293945,2.2009999752044678,2.2139999866485596,915700.0,766195.0,838121.75
2018-01-05,2.2090001106262207,2.2230000495910645,2.2090001106262207,2.2170000076293945,4048300.0,3393846.0,838121.75
2018-01-08,2.2170000076293945,2.2230000495910645,2.2060000896453857,2.2200000286102295,1268300.0,1062619.0,838121.75
2018-01-09,2.2230000495910645,2.2249999046325684,2.2119998931884766,2.2170000076293945,810200.0,679758.0,838121.75
2018-01-10,2.2200000286102295,2.2230000495910645,2.193000078201294,2.2060000896453857,966800.0,807544.0,838121.75
2018-01-11,2.203000068664551,2.2230000495910645,2.194999933242798,2.2200000286102295,1408700.0,1178008.0,838121.75
2018-01-12,2.2230000495910645,2.2230000495910645,2.2060000896453857,2.2090001106262207,402100.0,336695.0,838121.75
2018-01-15,2.194999933242798,2.194999933242798,2.1410000324249268,2.1459999084472656,3548700.0,2899866.0,838121.75
2018-01-16,2.1540000438690186,2.1540000438690186,2.1410000324249268,2.1519999504089355,1873000.0,1523499.0,838121.75
2018-01-17,2.1570000648498535,2.1570000648498535,2.115999937057495,2.1489999294281006,3951600.0,3190629.0,838121.75
2018-01-18,2.1410000324249268,2.1570000648498535,2.1410000324249268,2.1489999294281006,1740700.0,1417746.0,838121.75
2018-01-19,2.1489999294281006,2.1619999408721924,2.1410000324249268,2.1410000324249268,4170500.0,3397299.0,838121.75
2018-01-22,2.1410000324249268,2.184000015258789,2.131999969482422,2.1730000972747803,10122500.0,8276790.0,838121.75
2018-01-23,2.187000036239624,2.187000036239624,2.1679999828338623,2.1710000038146973,1602400.0,1318683.0,838121.75
2018-01-24,2.1730000972747803,2.197999954223633,2.1600000858306885,2.197999954223633,2634700.0,2172814.0,838121.75
2018-01-25,2.193000078201294,2.2090001106262207,2.190000057220459,2.193000078201294,2296500.0,1914356.0,838121.75
2018-01-26,2.193000078201294,2.197999954223633,2.187000036239624,2.187000036239624,1485000.0,1232070.0,838121.75
2018-01-29,2.193000078201294,2.194999933242798,2.1570000648498535,2.1619999408721924,1245800.0,1023406.0,838121.75
2018-01-30,2.1570000648498535,2.1619999408721924,2.1519999504089355,2.1570000648498535,5111100.0,4178869.0,838121.75
2018-01-31,2.1429998874664307,2.1519999504089355,2.1019999980926514,2.1019999980926514,4222100.0,3394126.0,838121.75
2018-02-01,2.11299991607666,2.115999937057495,2.0169999599456787,2.0169999599456787,6753200.0,5272459.0,838121.75
2018-02-02,2.0280001163482666,2.0280001163482666,1.9520000219345093,2.003999948501587,2358900.0,1782998.0,838121.75
2018-02-05,2.000999927520752,2.006999969482422,1.9739999771118164,1.9980000257492065,1336300.0,1013213.0,838121.75
2018-02-06,1.9739999771118164,1.9759999513626099,1.8969999551773071,1.899999976158142,3332700.0,2462642.0,838121.75
2018-02-07,1.9110000133514404,1.9520000219345093,1.8669999837875366,1.899999976158142,3188900.0,2322756.0,838121.75
2018-02-08,1.902999997138977,1.9329999685287476,1.899999976158142,1.9270000457763672,2166800.0,1586249.0,838121.75
2018-02-09,1.9049999713897705,1.9049999713897705,1.840000033378601,1.8639999628067017,3005600.0,2144651.0,838121.75
2018-02-12,1.875,1.9240000247955322,1.875,1.9220000505447388,2103700.0,1529967.0,838121.75
2018-02-13,1.9240000247955322,1.940999984741211,1.9220000505447388,1.9270000457763672,1555000.0,1142752.0,838121.75
2018-02-14,1.9270000457763672,1.9329999685287476,1.9110000133514404,1.9329999685287476,1074800.0,785277.0,838121.75
2018-02-22,1.9459999799728394,1.965000033378601,1.937999963760376,1.9630000591278076,1220400.0,908660.0,838121.75
2018-02-23,1.9630000591278076,1.9709999561309814,1.9520000219345093,1.965000033378601,1101800.0,822338.0,838121.75
2018-02-26,1.9739999771118164,2.015000104904175,1.9739999771118164,2.015000104904175,1735700.0,1313140.0,838121.75
2018-02-27,2.0169999599456787,2.0339999198913574,2.01200008392334,2.0280001163482666,4633600.0,3564938.0,838121.75
2018-02-28,2.0280001163482666,2.0390000343322754,2.003999948501587,2.0309998989105225,1115200.0,859227.0,838121.75
2018-03-01,2.0309998989105225,2.061000108718872,2.0230000019073486,2.061000108718872,1892200.0,1468803.0,838121.75
2018-03-02,2.052999973297119,2.066999912261963,2.0309998989105225,2.052999973297119,1660400.0,1293198.0,838121.75
2018-03-05,2.052999973297119,2.063999891281128,2.049999952316284,2.063999891281128,803100.0,627890.0,838121.75
2018-03-06,2.063999891281128,2.0910000801086426,2.063999891281128,2.0859999656677246,3205800.0,2530327.0,838121.75
2018-03-07,2.0859999656677246,2.0889999866485596,2.069000005722046,2.069000005722046,1052000.0,829831.0,838121.75
2018-03-08,2.066999912261963,2.0829999446868896,2.066999912261963,2.0829999446868896,791700.0,624205.0,838121.75
2018-03-09,2.0859999656677246,2.127000093460083,2.0859999656677246,2.124000072479248,5707300.0,4583810.0,838121.75
2018-03-12,2.124000072479248,2.1540000438690186,2.124000072479248,2.1519999504089355,2873500.0,2333670.0,838121.75
2018-03-13,2.1570000648498535,2.1600000858306885,2.138000011444092,2.1410000324249268,1619200.0,1317430.0,838121.75
2018-03-14,2.138000011444092,2.1429998874664307,2.109999895095825,2.11299991607666,2245900.0,1806973.0,838121.75
2018-03-15,2.109999895095825,2.11899995803833,2.0859999656677246,2.109999895095825,1698400.0,1356189.0,838121.75
2018-03-16,2.11299991607666,2.127000093460083,2.109999895095825,2.11299991607666,680100.0,546121.0,838121.75
2018-03-19,2.11299991607666,2.127000093460083,2.0999999046325684,2.11299991607666,776000.0,620738.0,838121.75
2018-03-20,2.109999895095825,2.11299991607666,2.0889999866485596,2.109999895095825,779200.0,619180.0,838121.75
2018-03-21,2.115999937057495,2.131999969482422,2.0999999046325684,2.0999999046325684,1245600.0,999881.0,838121.75
2018-03-22,2.1019999980926514,2.1080000400543213,2.0829999446868896,2.0940001010894775,817300.0,649301.0,838121.75
2018-03-23,2.078000068664551,2.078000068664551,1.9550000429153442,1.9850000143051147,5895800.0,4458787.0,838121.75
2018-03-26,1.9869999885559082,2.0169999599456787,1.9299999475479126,2.01200008392334,3149000.0,2370425.0,838121.75
2018-03-27,2.0169999599456787,2.078000068664551,2.0169999599456787,2.075000047683716,2427500.0,1896073.0,838121.75
2018-03-28,2.061000108718872,2.069000005722046,2.0480000972747803,2.059000015258789,1196000.0,935250.0,838121.75
2018-03-29,2.061000108718872,2.075000047683716,2.055999994277954,2.075000047683716,741200.0,580734.0,838121.75
2018-03-30,2.075000047683716,2.109999895095825,2.075000047683716,2.1080000400543213,1512000.0,1201822.0,838121.75
2018-04-02,2.1080000400543213,2.134999990463257,2.1019999980926514,2.11899995803833,1475800.0,1186628.0,838121.75
2018-04-03,2.1080000400543213,2.1080000400543213,2.0799999237060547,2.0940001010894775,1548300.0,1226110.0,838121.75
2018-04-04,2.0999999046325684,2.1080000400543213,2.075000047683716,2.0799999237060547,609600.0,483830.0,838121.75
2018-04-09,2.0799999237060547,2.0910000801086426,2.052999973297119,2.0799999237060547,997300.0,784442.0,838121.75
2018-04-10,2.0829999446868896,2.0859999656677246,2.055999994277954,2.0829999446868896,441900.0,347281.0,838121.75
2018-04-11,2.0829999446868896,2.1050000190734863,2.0829999446868896,2.0999999046325684,882100.0,701469.0,838121.75
2018-04-12,2.0940001010894775,2.1019999980926514,2.0829999446868896,2.0889999866485596,907900.0,721328.0,838121.75
2018-04-13,2.0829999446868896,2.0999999046325684,2.0799999237060547,2.0829999446868896,566700.0,449464.0,838121.75
2018-04-16,2.0799999237060547,2.0940001010894775,2.066999912261963,2.0829999446868896,626700.0,493775.0,838121.75
2018-04-17,2.0829999446868896,2.0889999866485596,2.0309998989105225,2.0369999408721924,706300.0,552388.0,838121.75
2018-04-18,2.0369999408721924,2.072000026702881,2.009000062942505,2.066999912261963,2634800.0,2047419.0,838121.75
2018-04-19,2.066999912261963,2.0889999866485596,2.061000108718872,2.072000026702881,1310300.0,1029611.0,838121.75
2018-04-20,2.069000005722046,2.072000026702881,2.0280001163482666,2.0309998989105225,1533700.0,1194156.0,838121.75
2018-04-23,2.0339999198913574,2.063999891281128,1.9759999513626099,2.006999969482422,1335100.0,1014234.0,838121.75
2018-04-24,2.009000062942505,2.052999973297119,2.003999948501587,2.049999952316284,403400.0,309921.0,838121.75
2018-04-25,2.049999952316284,2.061000108718872,2.0420000553131104,2.055999994277954,464900.0,362306.0,838121.75
2018-04-26,2.055999994277954,2.055999994277954,2.0169999599456787,2.0230000019073486,307900.0,238079.0,838121.75
2018-04-27,2.0260000228881836,2.0339999198913574,2.009000062942505,2.0169999599456787,746600.0,572439.0,838121.75
2018-05-02,2.0199999809265137,2.0480000972747803,2.000999927520752,2.015000104904175,319600.0,244361.0,838121.75
2018-05-03,2.015000104904175,2.0309998989105225,1.9850000143051147,2.0309998989105225,219600.0,166953.0,838121.75
2018-05-04,2.0309998989105225,2.0369999408721924,2.0230000019073486,2.0309998989105225,461700.0,356099.0,838121.75
2018-05-07,2.0339999198913574,2.063999891281128,2.0309998989105225,2.063999891281128,848400.0,661030.0,838121.75
2018-05-08,2.063999891281128,2.075000047683716,2.061000108718872,2.072000026702881,610171.0,478339.0,838121.75
2018-05-09,2.072000026702881,2.075000047683716,2.066999912261963,2.069000005722046,377071.0,295921.0,838121.75
2018-05-10,2.075000047683716,2.0829999446868896,2.072000026702881,2.0829999446868896,2561300.0,2020300.0,838121.75
2018-05-11,2.0859999656677246,2.0859999656677246,2.063999891281128,2.066999912261963,1297700.0,1019898.0,838121.75
2018-05-14,2.069000005722046,2.075000047683716,2.0480000972747803,2.0480000972747803,1299100.0,1013145.0,838121.75
2018-05-15,2.055999994277954,2.072000026702881,2.0450000762939453,2.069000005722046,588400.0,459140.0,838121.75
2018-05-16,2.066999912261963,2.078000068664551,2.055999994277954,2.059000015258789,779100.0,610151.0,838121.75
2018-05-17,2.061000108718872,2.066999912261963,2.0480000972747803,2.049999952316284,472700.0,367855.0,838121.75
2018-05-18,2.0480000972747803,2.059000015258789,2.0369999408721924,2.059000015258789,2649300.0,2058199.0,838121.75
2018-05-21,2.061000108718872,2.0859999656677246,2.061000108718872,2.078000068664551,4990600.0,3920914.0,838121.75
2018-05-22,2.078000068664551,2.0889999866485596,2.072000026702881,2.0889999866485596,1221400.0,962586.0,838121.75
2018-05-23,2.0889999866485596,2.0889999866485596,2.069000005722046,2.069000005722046,1147900.0,903328.0,838121.75
2018-05-24,2.061000108718872,2.072000026702881,2.059000015258789,2.061000108718872,813900.0,637086.0,838121.75
2018-05-25,2.055999994277954,2.061000108718872,2.0339999198913574,2.0339999198913574,629700.0,488605.0,838121.75
2018-05-28,2.0369999408721924,2.0390000343322754,2.01200008392334,2.0169999599456787,605100.0,464792.0,838121.75
2018-05-29,2.015000104904175,2.0309998989105225,2.003999948501587,2.003999948501587,577500.0,441864.0,838121.75
2018-05-30,1.9900000095367432,2.000999927520752,1.937999963760376,1.940999984741211,1184200.0,882110.0,838121.75
2018-05-31,1.944000005722046,1.968000054359436,1.940999984741211,1.968000054359436,856900.0,635320.0,838121.75
2018-06-01,1.968000054359436,1.9709999561309814,1.934999942779541,1.9459999799728394,6929400.0,5167240.0,838121.75
2018-06-04,1.9490000009536743,1.9570000171661377,1.9329999685287476,1.9490000009536743,626000.0,462624.0,838121.75
2018-06-05,1.9520000219345093,1.9709999561309814,1.937999963760376,1.968000054359436,567400.0,422475.0,838121.75
2018-06-06,1.968000054359436,1.9709999561309814,1.9570000171661377,1.9630000591278076,501400.0,374701.0,838121.75
2018-06-07,1.9739999771118164,1.9739999771118164,1.9550000429153442,1.9570000171661377,462100.0,345667.0,838121.75
2018-06-08,1.9520000219345093,1.9520000219345093,1.9220000505447388,1.9329999685287476,724800.0,531721.0,838121.75
2018-06-11,1.934999942779541,1.9520000219345093,1.9140000343322754,1.9220000505447388,649400.0,474349.0,838121.75
2018-06-12,1.9160000085830688,1.934999942779541,1.899999976158142,1.9299999475479126,464000.0,337913.0,838121.75
2018-06-13,1.9240000247955322,1.9270000457763672,1.899999976158142,1.902999997138977,517100.0,375599.0,838121.75
2018-06-14,1.902999997138977,1.9079999923706055,1.8860000371932983,1.8919999599456787,905600.0,652438.0,838121.75
2018-06-15,1.8919999599456787,1.8940000534057617,1.840000033378601,1.8509999513626099,3439300.0,2435146.0,838121.75
2018-06-19,1.840000033378601,1.840000033378601,1.6859999895095825,1.7109999656677246,7646500.0,5080289.0,838121.75
2018-06-20,1.7109999656677246,1.746999979019165,1.6970000267028809,1.7380000352859497,934700.0,613181.0,838121.75
2018-06-21,1.7280000448226929,1.7489999532699585,1.6950000524520874,1.6970000267028809,1487700.0,976777.0,838121.75
2018-06-22,1.6950000524520874,1.7280000448226929,1.6699999570846558,1.722000002861023,1066000.0,694186.0,838121.75
2018-06-25,1.725000023841858,1.7410000562667847,1.7109999656677246,1.7139999866485596,901600.0,595521.0,838121.75
2018-06-26,1.7029999494552612,1.7330000400543213,1.680999994277954,1.7280000448226929,1806800.0,1182192.0,838121.75
2018-06-27,1.7300000190734863,1.7380000352859497,1.7109999656677246,1.7139999866485596,1731000.0,1142466.0,838121.75
2018-06-28,1.7139999866485596,1.725000023841858,1.6890000104904175,1.6950000524520874,2415100.0,1578956.0,838121.75
2018-06-29,1.6950000524520874,1.7519999742507935,1.6950000524520874,1.7519999742507935,1707500.0,1121683.0,838121.75
2018-07-02,1.7519999742507935,1.7549999952316284,1.7059999704360962,1.722000002861023,8262600.0,5469420.0,838121.75
2018-07-03,1.722000002861023,1.746999979019165,1.6950000524520874,1.7410000562667847,1656400.0,1088265.0,838121.75
2018-07-04,1.7410000562667847,1.7410000562667847,1.7059999704360962,1.7139999866485596,1460100.0,960271.0,838121.75
2018-07-05,1.7139999866485596,1.7139999866485596,1.6670000553131104,1.6759999990463257,1581300.0,1020007.0,838121.75
2018-07-06,1.6779999732971191,1.6970000267028809,1.6339999437332153,1.6729999780654907,2821600.0,1801960.0,838121.75
2018-07-09,1.6729999780654907,1.7079999446868896,1.6729999780654907,1.7059999704360962,1051400.0,682333.0,838121.75
2018-07-10,1.6920000314712524,1.722000002861023,1.6920000314712524,1.722000002861023,460300.0,301500.0,838121.75
2018-07-11,1.7170000076293945,1.7170000076293945,1.6540000438690186,1.6779999732971191,1627900.0,1042189.0,838121.75
2018-07-12,1.6779999732971191,1.7330000400543213,1.6779999732971191,1.725000023841858,3067400.0,2016606.0,838121.75
2018-07-13,1.7300000190734863,1.7359999418258667,1.725000023841858,1.7359999418258667,404400.0,267164.0,838121.75
2018-07-16,1.7380000352859497,1.7380000352859497,1.725000023841858,1.7330000400543213,631400.0,417716.0,838121.75
2018-07-17,1.7410000562667847,1.7410000562667847,1.7139999866485596,1.7410000562667847,1018700.0,671484.0,838121.75
2018-07-18,1.74399995803833,1.7519999742507935,1.7300000190734863,1.7330000400543213,1185300.0,785847.0,838121.75
2018-07-19,1.7359999418258667,1.7359999418258667,1.7029999494552612,1.7109999656677246,1128300.0,740371.0,838121.75
2018-07-20,1.7059999704360962,1.7300000190734863,1.6950000524520874,1.725000023841858,975000.0,640364.0,838121.75
2018-07-23,1.725000023841858,1.74399995803833,1.718999981880188,1.74399995803833,1531200.0,1012520.0,838121.75
2018-07-24,1.74399995803833,1.7769999504089355,1.7380000352859497,1.7740000486373901,3019100.0,2033760.0,838121.75
2018-07-25,1.7690000534057617,1.781999945640564,1.7660000324249268,1.7740000486373901,1574300.0,1066117.0,838121.75
2018-07-26,1.7710000276565552,1.7769999504089355,1.7599999904632568,1.7660000324249268,1076100.0,726017.0,838121.75
2018-07-27,1.7690000534057617,1.7690000534057617,1.7489999532699585,1.7549999952316284,630700.0,422431.0,838121.75
2018-07-30,1.7580000162124634,1.7580000162124634,1.718999981880188,1.725000023841858,1150900.0,762545.0,838121.75
2018-07-31,1.7280000448226929,1.7359999418258667,1.722000002861023,1.7300000190734863,500100.0,330047.0,838121.75
2018-08-01,1.7330000400543213,1.7660000324249268,1.7000000476837158,1.7029999494552612,993300.0,654845.0,838121.75
2018-08-02,1.7000000476837158,1.7000000476837158,1.621000051498413,1.656000018119812,2274200.0,1435268.0,838121.75
2018-08-03,1.659000039100647,1.6649999618530273,1.6399999856948853,1.6399999856948853,1314900.0,830813.0,838121.75
2018-08-06,1.6399999856948853,1.6399999856948853,1.593000054359436,1.6019999980926514,3469600.0,2137026.0,838121.75
2018-08-07,1.6039999723434448,1.6430000066757202,1.590999960899353,1.6369999647140503,2285400.0,1415889.0,838121.75
2018-08-08,1.6399999856948853,1.6430000066757202,1.6130000352859497,1.6130000352859497,1048700.0,650836.0,838121.75
2018-08-09,1.6180000305175781,1.659000039100647,1.6069999933242798,1.6510000228881836,3503400.0,2206347.0,838121.75
2018-08-10,1.6449999809265137,1.6619999408721924,1.6449999809265137,1.6619999408721924,1893100.0,1200757.0,838121.75
2018-08-13,1.656000018119812,1.6699999570846558,1.6399999856948853,1.6699999570846558,1428700.0,905733.0,838121.75
2018-08-14,1.6649999618530273,1.6759999990463257,1.656000018119812,1.6699999570846558,378200.0,241210.0,838121.75
2018-08-15,1.6729999780654907,1.6729999780654907,1.628999948501587,1.6339999437332153,1382800.0,870484.0,838121.75
2018-08-16,1.628999948501587,1.6339999437332153,1.5959999561309814,1.6130000352859497,897300.0,555721.0,838121.75
2018-08-17,1.6150000095367432,1.6260000467300415,1.5800000429153442,1.5829999446868896,1575500.0,963072.0,838121.75
2018-08-20,1.5800000429153442,1.5880000591278076,1.5520000457763672,1.5880000591278076,1171000.0,705033.0,838121.75
2018-08-21,1.5850000381469727,1.6130000352859497,1.5850000381469727,1.6069999933242798,947200.0,580879.0,838121.75
2018-08-22,1.6019999980926514,1.6069999933242798,1.593000054359436,1.593000054359436,932100.0,570542.0,838121.75
2018-08-23,1.5959999561309814,1.6039999723434448,1.5880000591278076,1.6019999980926514,632500.0,387822.0,838121.75
2018-08-24,1.5989999771118164,1.6019999980926514,1.590999960899353,1.593000054359436,582100.0,356723.0,838121.75
2018-08-27,1.6039999723434448,1.6339999437332153,1.6039999723434448,1.6339999437332153,4624800.0,2865540.0,838121.75
2018-08-28,1.628999948501587,1.6339999437332153,1.6239999532699585,1.6319999694824219,947000.0,591575.0,838121.75
2018-08-29,1.628999948501587,1.628999948501587,1.6150000095367432,1.6239999532699585,826600.0,513209.0,838121.75
2018-08-30,1.621000051498413,1.621000051498413,1.590999960899353,1.5959999561309814,590400.0,362761.0,838121.75
2018-08-31,1.590999960899353,1.590999960899353,1.5720000267028809,1.5720000267028809,935100.0,566226.0,838121.75
2018-09-03,1.5740000009536743,1.5740000009536743,1.5470000505447388,1.5720000267028809,1605000.0,959691.0,838121.75
2018-09-04,1.569000005722046,1.5959999561309814,1.569000005722046,1.593000054359436,977500.0,592679.0,838121.75
2018-09-05,1.5880000591278076,1.593000054359436,1.562999963760376,1.565999984741211,1537000.0,933526.0,838121.75
2018-09-06,1.569000005722046,1.5770000219345093,1.5520000457763672,1.5579999685287476,904000.0,543361.0,838121.75
2018-09-07,1.5609999895095825,1.5829999446868896,1.5520000457763672,1.565999984741211,1413100.0,849222.0,838121.75
2018-09-10,1.5609999895095825,1.565999984741211,1.5440000295639038,1.5499999523162842,1751400.0,1044906.0,838121.75
2018-09-11,1.5499999523162842,1.5499999523162842,1.5199999809265137,1.5329999923706055,2511200.0,1479096.0,838121.75
2018-09-12,1.524999976158142,1.5440000295639038,1.524999976158142,1.5329999923706055,807400.0,475777.0,838121.75
2018-09-13,1.5440000295639038,1.5470000505447388,1.5199999809265137,1.5440000295639038,1211200.0,713344.0,838121.75
2018-09-14,1.5440000295639038,1.5440000295639038,1.524999976158142,1.527999997138977,448800.0,264509.0,838121.75
2018-09-17,1.531000018119812,1.531000018119812,1.4980000257492065,1.503000020980835,1820200.0,1055598.0,838121.75
2018-09-18,1.503000020980835,1.527999997138977,1.4950000047683716,1.527999997138977,2142600.0,1243742.0,838121.75
2018-09-19,1.524999976158142,1.5579999685287476,1.5219999551773071,1.5440000295639038,3063300.0,1816645.0,838121.75
2018-09-20,1.5470000505447388,1.5499999523162842,1.5390000343322754,1.5410000085830688,1139100.0,676298.0,838121.75
2018-09-21,1.5549999475479126,1.565999984741211,1.5390000343322754,1.562999963760376,4336200.0,2593543.0,838121.75
2018-09-25,1.5579999685287476,1.565999984741211,1.5520000457763672,1.5609999895095825,1442100.0,863302.0,838121.75
2018-09-26,1.5609999895095825,1.5740000009536743,1.5579999685287476,1.5609999895095825,1553000.0,930280.0,838121.75
2018-09-27,1.565999984741211,1.565999984741211,1.5390000343322754,1.5410000085830688,3270200.0,1951569.0,838121.75
2018-09-28,1.5440000295639038,1.5549999475479126,1.5360000133514404,1.5549999475479126,1194300.0,708150.0,838121.75
2018-10-08,1.5390000343322754,1.5390000343322754,1.4950000047683716,1.4980000257492065,1591300.0,924616.0,838121.75
2018-10-09,1.5,1.5110000371932983,1.4869999885559082,1.4980000257492065,1746400.0,1005308.0,838121.75
2018-10-10,1.4980000257492065,1.503000020980835,1.4809999465942383,1.4950000047683716,877500.0,503583.0,838121.75
2018-10-11,1.4809999465942383,1.4869999885559082,1.371999979019165,1.3799999952316284,6709800.0,3642057.0,838121.75
2018-10-12,1.3799999952316284,1.524999976158142,1.3140000104904175,1.371999979019165,2578600.0,1352965.0,838121.75
2018-10-15,1.2730000019073486,1.3860000371932983,1.2730000019073486,1.350000023841858,1769800.0,929248.0,838121.75
2018-10-16,1.350000023841858,1.3609999418258667,1.309000015258789,1.3170000314712524,1504300.0,776007.0,838121.75
2018-10-17,1.3309999704360962,1.350000023841858,1.2979999780654907,1.3309999704360962,1418800.0,726416.0,838121.75
2018-10-18,1.3279999494552612,1.3279999494552612,1.2869999408721924,1.3009999990463257,3295300.0,1653651.0,838121.75
2018-10-19,1.2760000228881836,1.3140000104904175,1.2569999694824219,1.312000036239624,3127000.0,1560101.0,838121.75
2018-10-22,1.3309999704360962,1.3940000534057617,1.3170000314712524,1.3880000114440918,11702400.0,6104013.0,838121.75
2018-10-23,1.3880000114440918,1.3880000114440918,1.347000002861023,1.3580000400543213,9690300.0,5125689.0,838121.75
2018-10-24,1.3450000286102295,1.371999979019165,1.3450000286102295,1.3550000190734863,2993700.0,1570114.0,838121.75
2018-10-25,1.3170000314712524,1.3450000286102295,1.309000015258789,1.3450000286102295,1393200.0,712389.0,838121.75
2018-10-26,1.347000002861023,1.36899995803833,1.3420000076293945,1.347000002861023,3873400.0,2019861.0,838121.75
2018-10-29,1.350000023841858,1.350000023841858,1.3200000524520874,1.3279999494552612,1131000.0,582849.0,838121.75
2018-10-30,1.3309999704360962,1.350000023841858,1.3029999732971191,1.3450000286102295,3954200.0,2040927.0,838121.75
2018-10-31,1.347000002861023,1.371999979019165,1.3420000076293945,1.3609999418258667,6817000.0,3584662.0,838121.75
2018-11-01,1.36899995803833,1.3940000534057617,1.3580000400543213,1.371999979019165,5810900.0,3090848.0,838121.75
2018-11-02,1.4210000038146973,1.4320000410079956,1.3880000114440918,1.4179999828338623,8707000.0,4708773.0,838121.75
2018-11-05,1.4270000457763672,1.4459999799728394,1.4019999504089355,1.4270000457763672,11498600.0,6310415.0,838121.75
2018-11-06,1.4290000200271606,1.4320000410079956,1.4049999713897705,1.4320000410079956,3643600.0,1989214.0,838121.75
2018-11-07,1.4320000410079956,1.4429999589920044,1.4210000038146973,1.4270000457763672,2027200.0,1121827.0,838121.75
2018-11-08,1.440000057220459,1.440000057220459,1.4160000085830688,1.4160000085830688,4852900.0,2672615.0,838121.75
2018-11-09,1.409999966621399,1.4270000457763672,1.406999945640564,1.4160000085830688,3123200.0,1705576.0,838121.75
2018-11-12,1.4160000085830688,1.4620000123977661,1.4160000085830688,1.4589999914169312,20856300.0,11616913.0,838121.75
2018-11-13,1.4509999752044678,1.50600004196167,1.440000057220459,1.4919999837875366,26169100.0,14930876.0,838121.75
2018-11-14,1.4919999837875366,1.5199999809265137,1.4479999542236328,1.4919999837875366,34572900.0,19919252.0,838121.75
2018-11-15,1.4950000047683716,1.5199999809265137,1.4900000095367432,1.5169999599456787,16491500.0,9522974.0,838121.75
2018-11-16,1.5199999809265137,1.5440000295639038,1.5140000581741333,1.5329999923706055,19216000.0,11295523.0,838121.75
2018-11-19,1.5390000343322754,1.5410000085830688,1.5169999599456787,1.5410000085830688,12710600.0,7467804.0,838121.75
2018-11-20,1.531000018119812,1.5360000133514404,1.4950000047683716,1.4980000257492065,15466400.0,9024647.0,838121.75
2018-11-21,1.4869999885559082,1.5169999599456787,1.4700000286102295,1.5089999437332153,15884900.0,9143754.0,838121.75
2018-11-22,1.5110000371932983,1.5219999551773071,1.503000020980835,1.5110000371932983,14382700.0,8360375.0,838121.75
2018-11-23,1.503000020980835,1.503000020980835,1.4320000410079956,1.437999963760376,25298200.0,14248756.0,838121.75
2018-11-26,1.4210000038146973,1.4539999961853027,1.4210000038146973,1.440000057220459,10592900.0,5878074.0,838121.75
2018-11-27,1.440000057220459,1.4589999914169312,1.440000057220459,1.4539999961853027,5690400.0,3186632.0,838121.75
2018-11-28,1.437999963760376,1.4700000286102295,1.4290000200271606,1.4700000286102295,11836400.0,6623877.0,838121.75
2018-11-29,1.4759999513626099,1.4869999885559082,1.4320000410079956,1.434999942779541,14001700.0,7894836.0,838121.75
2018-11-30,1.434999942779541,1.4479999542236328,1.409999966621399,1.4459999799728394,6283600.0,3463760.0,838121.75
2018-12-03,1.4839999675750732,1.503000020980835,1.4700000286102295,1.4919999837875366,9656800.0,5531458.0,838121.75
2018-12-04,1.4950000047683716,1.5110000371932983,1.4839999675750732,1.5110000371932983,10547300.0,6083057.0,838121.75
2018-12-05,1.4839999675750732,1.5089999437332153,1.4730000495910645,1.4980000257492065,9727400.0,5597923.0,838121.75
2018-12-06,1.4900000095367432,1.4980000257492065,1.468000054359436,1.4730000495910645,15228900.0,8713044.0,838121.75
2018-12-07,1.4759999513626099,1.4789999723434448,1.465000033378601,1.4700000286102295,5176100.0,2931939.0,838121.75
2018-12-10,1.465000033378601,1.465000033378601,1.4459999799728394,1.4539999961853027,6246700.0,3508091.0,838121.75
2018-12-11,1.4620000123977661,1.468000054359436,1.4570000171661377,1.468000054359436,4339200.0,2443544.0,838121.75
2018-12-12,1.4700000286102295,1.4759999513626099,1.465000033378601,1.468000054359436,3607900.0,2041740.0,838121.75
2018-12-13,1.4759999513626099,1.4919999837875366,1.4620000123977661,1.4839999675750732,4462900.0,2542056.75,838121.75
2018-12-14,1.465000033378601,1.4809999465942383,1.440000057220459,1.4429999589920044,4395900.0,2469180.0,838121.75
2018-12-17,1.4429999589920044,1.4429999589920044,1.4179999828338623,1.434999942779541,6091600.0,3359486.0,838121.75
2018-12-18,1.4290000200271606,1.440000057220459,1.4129999876022339,1.4270000457763672,9203400.0,5055083.0,838121.75
2018-12-19,1.4320000410079956,1.4320000410079956,1.4049999713897705,1.406999945640564,5702900.0,3120398.0,838121.75
2018-12-20,1.4049999713897705,1.4160000085830688,1.3960000276565552,1.4129999876022339,3225300.0,1753112.0,838121.75
2018-12-21,1.406999945640564,1.409999966621399,1.3880000114440918,1.4019999504089355,3307800.0,1785655.0,838121.75
2018-12-24,1.4019999504089355,1.4160000085830688,1.3960000276565552,1.4129999876022339,1567000.0,851610.0,838121.75
2018-12-25,1.3940000534057617,1.4019999504089355,1.3639999628067017,1.3960000276565552,4513300.0,2405038.0,838121.75
2018-12-26,1.3910000324249268,1.4049999713897705,1.3880000114440918,1.3940000534057617,4097900.0,2206335.0,838121.75
2018-12-27,1.4240000247955322,1.4240000247955322,1.36899995803833,1.36899995803833,11230800.0,6019005.0,838121.75
2018-12-28,1.36899995803833,1.4429999589920044,1.3609999418258667,1.36899995803833,4701500.0,2514105.0,838121.75
2019-01-02,1.371999979019165,1.3990000486373901,1.3609999418258667,1.3660000562667847,5017500.0,2652318.0,838121.75
2019-01-03,1.3660000562667847,1.375,1.3530000448226929,1.3550000190734863,2208900.0,1162861.0,838121.75
2019-01-04,1.350000023841858,1.3960000276565552,1.3359999656677246,1.3960000276565552,6546800.0,3459213.0,838121.75
2019-01-07,1.3990000486373901,1.4290000200271606,1.3990000486373901,1.4270000457763672,5227700.0,2856522.0,838121.75
2019-01-08,1.4210000038146973,1.4270000457763672,1.4160000085830688,1.4210000038146973,6921800.0,3793863.0,838121.75
2019-01-09,1.4290000200271606,1.4459999799728394,1.4179999828338623,1.4240000247955322,5148400.0,2848618.0,838121.75
2019-01-10,1.4210000038146973,1.434999942779541,1.4160000085830688,1.4179999828338623,4177000.0,2302330.0,838121.75
2019-01-11,1.4240000247955322,1.434999942779541,1.4179999828338623,1.4320000410079956,4473800.0,2458795.0,838121.75
2019-01-14,1.4270000457763672,1.434999942779541,1.4179999828338623,1.4240000247955322,4565800.0,2513748.0,838121.75
2019-01-15,1.4240000247955322,1.4429999589920044,1.4160000085830688,1.440000057220459,6393700.0,3525254.0,838121.75
2019-01-16,1.4479999542236328,1.4509999752044678,1.437999963760376,1.4429999589920044,5524300.0,3075153.0,838121.75
2019-01-17,1.440000057220459,1.4429999589920044,1.4240000247955322,1.4240000247955322,2299800.0,1267648.0,838121.75
2019-01-18,1.4240000247955322,1.437999963760376,1.4210000038146973,1.437999963760376,5304900.0,2922828.0,838121.75
2019-01-21,1.4429999589920044,1.4509999752044678,1.434999942779541,1.4459999799728394,4639600.0,2583185.0,838121.75
2019-01-22,1.4429999589920044,1.4459999799728394,1.4240000247955322,1.4290000200271606,5349200.0,2953890.0,838121.75
2019-01-23,1.4270000457763672,1.4320000410079956,1.4210000038146973,1.4290000200271606,3138700.0,1725301.0,838121.75
2019-01-24,1.4290000200271606,1.4459999799728394,1.4270000457763672,1.440000057220459,4617600.0,2555174.0,838121.75
2019-01-25,1.4429999589920044,1.4459999799728394,1.4290000200271606,1.4320000410079956,7032700.0,3899954.0,838121.75
2019-01-28,1.434999942779541,1.4429999589920044,1.4160000085830688,1.4179999828338623,4814500.0,2653423.0,838121.75
2019-01-29,1.406999945640564,1.409999966621399,1.36899995803833,1.3910000324249268,10341300.0,5545986.0,838121.75
2019-01-30,1.3880000114440918,1.3940000534057617,1.36899995803833,1.371999979019165,7118400.0,3807512.0,838121.75
2019-01-31,1.3660000562667847,1.3769999742507935,1.3420000076293945,1.350000023841858,12536900.0,6623407.0,838121.75
2019-02-01,1.3550000190734863,1.3910000324249268,1.3550000190734863,1.3910000324249268,7103800.0,3788412.0,838121.75
2019-02-11,1.3940000534057617,1.434999942779541,1.3860000371932983,1.434999942779541,12752400.0,6944735.0,838121.75
2019-02-12,1.434999942779541,1.4589999914169312,1.4290000200271606,1.4539999961853027,20106500.0,11204320.0,838121.75
2019-02-13,1.4620000123977661,1.4869999885559082,1.4509999752044678,1.4809999465942383,16694500.0,9454154.0,838121.75
2019-02-14,1.4839999675750732,1.4950000047683716,1.468000054359436,1.4869999885559082,15342500.0,8765753.0,838121.75
2019-02-15,1.4809999465942383,1.4980000257492065,1.4539999961853027,1.4809999465942383,18852400.0,10800125.0,838121.75
2019-02-18,1.4919999837875366,1.5440000295639038,1.4919999837875366,1.5410000085830688,17712500.0,10378777.0,838121.75
2019-02-19,1.5360000133514404,1.5579999685287476,1.524999976158142,1.5499999523162842,25680100.0,15263632.0,838121.75
2019-02-20,1.5470000505447388,1.5499999523162842,1.527999997138977,1.5470000505447388,17432500.0,10318316.0,838121.75
2019-02-21,1.5410000085830688,1.5800000429153442,1.5390000343322754,1.5440000295639038,17179300.0,10270890.0,838121.75
2019-02-22,1.5390000343322754,1.5800000429153442,1.5329999923706055,1.5800000429153442,14463400.0,8633531.0,838121.75
2019-02-25,1.6150000095367432,1.6759999990463257,1.5989999771118164,1.6759999990463257,22252800.0,13941283.0,838121.75
2019-02-26,1.6859999895095825,1.7139999866485596,1.6480000019073486,1.6729999780654907,34043300.0,21836082.0,838121.75
2019-02-27,1.659000039100647,1.6890000104904175,1.6399999856948853,1.659000039100647,19649000.0,12531967.0,838121.75
2019-02-28,1.659000039100647,1.684000015258789,1.6540000438690186,1.6670000553131104,10655400.0,6801286.0,838121.75
2019-03-01,1.6670000553131104,1.6859999895095825,1.6540000438690186,1.680999994277954,21661500.0,13808971.0,838121.75
2019-03-04,1.6890000104904175,1.7489999532699585,1.6890000104904175,1.718999981880188,29730600.0,19585848.0,838121.75
2019-03-05,1.7139999866485596,1.7790000438690186,1.7059999704360962,1.7790000438690186,14686100.0,9791047.0,838121.75
2019-03-06,1.7879999876022339,1.8370000123977661,1.7630000114440918,1.8209999799728394,52977100.0,36245220.0,838121.75
2019-03-07,1.8179999589920044,1.871999979019165,1.8070000410079956,1.8589999675750732,45650700.0,31959448.0,838121.75
2019-03-08,1.8339999914169312,1.8669999837875366,1.7710000276565552,1.7899999618530273,53053800.0,36649520.0,838121.75
2019-03-11,1.7660000324249268,1.8589999675750732,1.7660000324249268,1.8559999465942383,38649500.0,26652644.0,838121.75
2019-03-12,1.8669999837875366,1.9110000133514404,1.8589999675750732,1.899999976158142,44321200.0,31745918.0,838121.75
2019-03-13,1.8890000581741333,1.9079999923706055,1.8289999961853027,1.8450000286102295,30862500.0,21960584.0,838121.75
2019-03-14,1.8179999589920044,1.8450000286102295,1.7630000114440918,1.7879999876022339,27439600.0,18834160.0,838121.75
2019-03-15,1.7929999828338623,1.8309999704360962,1.7929999828338623,1.815000057220459,25965700.0,17936028.0,838121.75
2019-03-18,1.815000057220459,1.8639999628067017,1.8009999990463257,1.8619999885559082,20955100.0,14640453.0,838121.75
2019-03-19,1.8700000047683716,1.878000020980835,1.8509999513626099,1.8639999628067017,25487600.0,18081348.0,838121.75
2019-03-20,1.8619999885559082,1.8700000047683716,1.8209999799728394,1.8589999675750732,24556000.0,17288408.0,838121.75
2019-03-21,1.8559999465942383,1.902999997138977,1.8559999465942383,1.8890000581741333,33679536.0,24122132.0,838121.75
2019-03-22,1.8860000371932983,1.8969999551773071,1.8509999513626099,1.8940000534057617,18325500.0,13114496.0,838121.75
2019-03-25,1.8639999628067017,1.902999997138977,1.8509999513626099,1.878000020980835,14708900.0,10565569.0,838121.75
2019-03-26,1.88100004196167,1.8919999599456787,1.812000036239624,1.8209999799728394,30579100.0,21572986.0,838121.75
2019-03-27,1.8259999752044678,1.840000033378601,1.7899999618530273,1.8339999914169312,33312264.0,23052760.0,838121.75
2019-03-28,1.8309999704360962,1.8480000495910645,1.8040000200271606,1.8070000410079956,25847900.0,17983216.0,838121.75
2019-03-29,1.8070000410079956,1.8669999837875366,1.7899999618530273,1.8639999628067017,29030600.0,20231802.0,838121.75
2019-04-01,1.875,1.944000005722046,1.871999979019165,1.944000005722046,36586500.0,26735216.0,838121.75
2019-04-02,1.944000005722046,1.9739999771118164,1.934999942779541,1.9550000429153442,30330900.0,22553436.0,838121.75
2019-04-03,1.9520000219345093,1.9709999561309814,1.9220000505447388,1.9709999561309814,22928400.0,17030136.0,838121.75
2019-04-04,1.9739999771118164,1.9900000095367432,1.9570000171661377,1.9819999933242798,27757000.0,20834748.0,838121.75
2019-04-08,1.9869999885559082,2.0169999599456787,1.9329999685287476,1.9630000591278076,31593600.0,23716148.0,838121.75
2019-04-09,1.9490000009536743,1.9759999513626099,1.944000005722046,1.9709999561309814,23173500.0,17297374.0,838121.75
2019-04-10,1.968000054359436,1.9869999885559082,1.944000005722046,1.965000033378601,31614600.0,23549916.0,838121.75
2019-04-11,1.965000033378601,1.9709999561309814,1.9190000295639038,1.9220000505447388,26095400.0,19285702.0,838121.75
2019-04-12,1.9240000247955322,1.9329999685287476,1.9110000133514404,1.9270000457763672,31887500.0,23319808.0,838121.75
2019-04-15,1.9459999799728394,1.9630000591278076,1.9049999713897705,1.9110000133514404,22599000.0,16715703.0,838121.75
2019-04-16,1.899999976158142,1.9550000429153442,1.8830000162124634,1.9520000219345093,25807700.0,18792120.0,838121.75
2019-04-17,1.9459999799728394,1.9819999933242798,1.944000005722046,1.9709999561309814,29014100.0,21640834.0,838121.75
2019-04-18,1.9550000429153442,1.9789999723434448,1.9520000219345093,1.9600000381469727,30045100.0,22459200.0,838121.75
2019-04-19,1.9459999799728394,1.9789999723434448,1.934999942779541,1.9789999723434448,29842600.0,22162830.0,838121.75
2019-04-22,1.968000054359436,1.9789999723434448,1.944000005722046,1.9520000219345093,26025400.0,19442394.0,838121.75
2019-04-23,1.9520000219345093,1.9520000219345093,1.9079999923706055,1.9160000085830688,26679200.0,19569828.0,838121.75
2019-04-24,1.9270000457763672,1.944000005722046,1.8969999551773071,1.940999984741211,24479100.0,17866564.0,838121.75
2019-04-25,1.9329999685287476,1.937999963760376,1.8530000448226929,1.8589999675750732,31783200.0,22873156.0,838121.75
2019-04-26,1.8589999675750732,1.8639999628067017,1.8339999914169312,1.8370000123977661,28297500.0,19933060.0,838121.75
2019-04-29,1.8530000448226929,1.8559999465942383,1.7630000114440918,1.7690000534057617,32903400.0,22599892.0,838121.75
2019-04-30,1.7690000534057617,1.8009999990463257,1.7599999904632568,1.7879999876022339,30014900.0,20439496.0,838121.75
2019-05-06,1.6859999895095825,1.781999945640564,1.6239999532699585,1.6339999437332153,40497300.0,25867892.0,838121.75
2019-05-07,1.6449999809265137,1.684000015258789,1.6339999437332153,1.6649999618530273,31240300.0,19810012.0,838121.75
2019-05-08,1.6319999694824219,1.6890000104904175,1.6150000095367432,1.6619999408721924,39252400.0,25107134.0,838121.75
2019-05-09,1.6619999408721924,1.6670000553131104,1.6130000352859497,1.6449999809265137,14672600.0,9288555.0,838121.75
2019-05-10,1.6729999780654907,1.7139999866485596,1.628999948501587,1.7139999866485596,34920300.0,22484628.0,838121.75
2019-05-13,1.6859999895095825,1.7109999656677246,1.6699999570846558,1.6950000524520874,14623700.0,9485976.0,838121.75
2019-05-14,1.6759999990463257,1.7059999704360962,1.656000018119812,1.6859999895095825,21534300.0,13925929.0,838121.75
2019-05-15,1.6970000267028809,1.7330000400543213,1.6970000267028809,1.7280000448226929,16305700.0,10698955.0,838121.75
2019-05-16,1.7280000448226929,1.74399995803833,1.722000002861023,1.7380000352859497,17121600.0,11334949.0,838121.75
2019-05-17,1.7410000562667847,1.74399995803833,1.6670000553131104,1.6779999732971191,21044700.0,13741274.0,838121.75
2019-05-20,1.6649999618530273,1.6759999990463257,1.6339999437332153,1.6699999570846558,24634300.0,15613083.0,838121.75
2019-05-21,1.6729999780654907,1.7109999656677246,1.659000039100647,1.7029999494552612,31005800.0,20135812.0,838121.75
2019-05-22,1.7059999704360962,1.7139999866485596,1.680999994277954,1.7000000476837158,15403700.0,9989491.0,838121.75
2019-05-23,1.6859999895095825,1.6920000314712524,1.6510000228881836,1.659000039100647,14983400.0,9558663.0,838121.75
2019-05-24,1.6449999809265137,1.6619999408721924,1.6319999694824219,1.6369999647140503,20627800.0,12955945.0,838121.75
2019-05-27,1.6399999856948853,1.6920000314712524,1.628999948501587,1.6890000104904175,23679400.0,15160331.0,838121.75
2019-05-28,1.6859999895095825,1.7079999446868896,1.6729999780654907,1.6859999895095825,27875000.0,18074084.0,838121.75
2019-05-29,1.6859999895095825,1.7079999446868896,1.680999994277954,1.6920000314712524,9119900.0,5908479.0,838121.75
2019-05-30,1.680999994277954,1.6859999895095825,1.659000039100647,1.684000015258789,16636900.0,10653710.0,838121.75
2019-05-31,1.684000015258789,1.7000000476837158,1.6759999990463257,1.680999994277954,8943300.0,5781965.0,838121.75
2019-06-03,1.6890000104904175,1.6920000314712524,1.6449999809265137,1.659000039100647,29518400.0,18758502.0,838121.75
2019-06-04,1.659000039100647,1.659000039100647,1.6180000305175781,1.6239999532699585,29603900.0,18556836.0,838121.75
2019-06-05,1.6369999647140503,1.6540000438690186,1.6239999532699585,1.628999948501587,6172100.0,3868795.0,838121.75
2019-06-06,1.6369999647140503,1.6399999856948853,1.5800000429153442,1.5850000381469727,28595200.0,17556826.0,838121.75
2019-06-10,1.5880000591278076,1.6130000352859497,1.5829999446868896,1.6069999933242798,21480800.0,13178285.0,838121.75
2019-06-11,1.6069999933242798,1.6729999780654907,1.6039999723434448,1.6729999780654907,36320900.0,22851544.0,838121.75
2019-06-12,1.6779999732971191,1.680999994277954,1.656000018119812,1.659000039100647,13639000.0,8709404.0,838121.75
2019-06-13,1.6510000228881836,1.6779999732971191,1.6510000228881836,1.6699999570846558,27466300.0,17540128.0,838121.75
2019-06-14,1.6699999570846558,1.6779999732971191,1.628999948501587,1.6319999694824219,18771400.0,11850667.0,838121.75
2019-06-17,1.6369999647140503,1.6399999856948853,1.621000051498413,1.628999948501587,25445300.0,15895392.0,838121.75
2019-06-18,1.6260000467300415,1.6369999647140503,1.6180000305175781,1.628999948501587,5121500.0,3193747.0,838121.75
2019-06-19,1.6729999780654907,1.6859999895095825,1.6510000228881836,1.6540000438690186,28539800.0,18169372.0,838121.75
2019-06-20,1.6510000228881836,1.6950000524520874,1.6430000066757202,1.684000015258789,42486300.0,27181180.0,838121.75
2019-06-21,1.7489999532699585,1.7489999532699585,1.6920000314712524,1.7170000076293945,107257400.0,70238896.0,838121.75
2019-06-24,1.7170000076293945,1.722000002861023,1.7000000476837158,1.7109999656677246,30338600.0,19840144.0,838121.75
2019-06-25,1.7109999656677246,1.7109999656677246,1.6729999780654907,1.6950000524520874,37353800.0,24131242.0,838121.75
2019-06-26,1.684000015258789,1.7079999446868896,1.6729999780654907,1.6950000524520874,19095700.0,12377164.0,838121.75
2019-06-27,1.6950000524520874,1.718999981880188,1.6950000524520874,1.7109999656677246,26568400.0,17359738.0,838121.75
2019-06-28,1.7139999866485596,1.7139999866485596,1.6759999990463257,1.684000015258789,19627500.0,12679138.0,838121.75
2019-07-01,1.7170000076293945,1.7410000562667847,1.7079999446868896,1.7410000562667847,41666400.0,27537088.0,838121.75
2019-07-02,1.7410000562667847,1.746999979019165,1.7300000190734863,1.7410000562667847,17872600.0,11867730.0,838121.75
2019-07-03,1.7300000190734863,1.7359999418258667,1.7170000076293945,1.725000023841858,22573700.0,14866433.0,838121.75
2019-07-04,1.725000023841858,1.7330000400543213,1.7059999704360962,1.7170000076293945,22479400.0,14767693.0,838121.75
2019-07-05,1.7170000076293945,1.7280000448226929,1.7079999446868896,1.725000023841858,26812800.0,17606200.0,838121.75
2019-07-08,1.6950000524520874,1.718999981880188,1.6540000438690186,1.6619999408721924,25049100.0,16025531.0,838121.75
2019-07-09,1.659000039100647,1.6729999780654907,1.6540000438690186,1.6699999570846558,32562900.0,20730700.0,838121.75
2019-07-10,1.659000039100647,1.6759999990463257,1.6480000019073486,1.656000018119812,14408400.0,9156519.0,838121.75
2019-07-11,1.659000039100647,1.6759999990463257,1.6449999809265137,1.6540000438690186,17741700.0,11272490.0,838121.75
2019-07-12,1.6510000228881836,1.6649999618530273,1.6449999809265137,1.659000039100647,34133300.0,21658964.0,838121.75
2019-07-15,1.6510000228881836,1.680999994277954,1.6339999437332153,1.6729999780654907,15708600.0,9992015.0,838121.75
2019-07-16,1.6699999570846558,1.684000015258789,1.6649999618530273,1.680999994277954,12402500.0,7964035.0,838121.75
2019-07-17,1.6759999990463257,1.6920000314712524,1.6729999780654907,1.684000015258789,10843400.0,6991376.0,838121.75
2019-07-18,1.684000015258789,1.684000015258789,1.6540000438690186,1.656000018119812,19669200.0,12500461.0,838121.75
2019-07-19,1.656000018119812,1.680999994277954,1.656000018119812,1.6729999780654907,78673696.0,50210880.0,838121.75
2019-07-22,1.6729999780654907,1.680999994277954,1.6180000305175781,1.6319999694824219,288298912.0,180541840.0,838121.75
2019-07-23,1.6339999437332153,1.6670000553131104,1.6339999437332153,1.6670000553131104,209406208.0,132796944.0,838121.75
2019-07-24,1.6729999780654907,1.7029999494552612,1.6729999780654907,1.6859999895095825,112965104.0,73098040.0,838121.75
2019-07-25,1.6859999895095825,1.7029999494552612,1.6859999895095825,1.7000000476837158,51638300.0,33392982.0,838121.75
2019-07-26,1.7000000476837158,1.7029999494552612,1.6890000104904175,1.7029999494552612,8921800.0,5784716.0,838121.75
2019-07-29,1.6950000524520874,1.7079999446868896,1.6920000314712524,1.7000000476837158,8769200.0,5690852.0,838121.75
2019-07-30,1.6920000314712524,1.718999981880188,1.6920000314712524,1.7079999446868896,22163400.0,14482467.0,838121.75
2019-07-31,1.7029999494552612,1.7059999704360962,1.6920000314712524,1.6950000524520874,15720200.0,10205817.0,838121.75
2019-08-01,1.6890000104904175,1.7000000476837158,1.680999994277954,1.6859999895095825,19801700.0,12794511.0,838121.75
2019-08-02,1.659000039100647,1.6649999618530273,1.6430000066757202,1.6619999408721924,22907500.0,14503968.0,838121.75
2019-08-05,1.6510000228881836,1.6729999780654907,1.6369999647140503,1.6369999647140503,24468900.0,15466215.0,838121.75
2019-08-06,1.6260000467300415,1.6260000467300415,1.5579999685287476,1.5959999561309814,30774500.0,18761160.0,838121.75
2019-08-07,1.6019999980926514,1.6130000352859497,1.593000054359436,1.593000054359436,21488200.0,13200840.0,838121.75
2019-08-08,1.5989999771118164,1.621000051498413,1.5989999771118164,1.6150000095367432,149779296.0,92654040.0,838121.75
2019-08-09,1.6260000467300415,1.6339999437332153,1.6039999723434448,1.6069999933242798,45471300.0,28331628.0,838121.75
2019-08-12,1.6100000143051147,1.6369999647140503,1.6019999980926514,1.6339999437332153,48884800.0,30225368.0,838121.75
2019-08-13,1.6239999532699585,1.6339999437332153,1.621000051498413,1.628999948501587,23988300.0,14962226.0,838121.75
2019-08-14,1.6399999856948853,1.6540000438690186,1.6399999856948853,1.6430000066757202,19239900.0,12127102.0,838121.75
2019-08-15,1.6150000095367432,1.6510000228881836,1.5989999771118164,1.6480000019073486,23528700.0,14596211.0,838121.75
2019-08-16,1.6430000066757202,1.6729999780654907,1.6430000066757202,1.6619999408721924,26062000.0,16576099.0,838121.75
2019-08-19,1.6729999780654907,1.718999981880188,1.6729999780654907,1.718999981880188,29977000.0,19454244.0,838121.75
2019-08-20,1.718999981880188,1.7359999418258667,1.7109999656677246,1.7170000076293945,20744200.0,13660417.0,838121.75
2019-08-21,1.7170000076293945,1.725000023841858,1.7109999656677246,1.718999981880188,9140300.0,5997014.0,838121.75
2019-08-22,1.718999981880188,1.7280000448226929,1.7079999446868896,1.7280000448226929,25030200.0,16437342.0,838121.75
2019-08-23,1.7280000448226929,1.7330000400543213,1.7170000076293945,1.722000002861023,11115700.0,7314404.0,838121.75
2019-08-26,1.6890000104904175,1.718999981880188,1.6859999895095825,1.7139999866485596,13724900.0,8937699.0,838121.75
2019-08-27,1.7380000352859497,1.7549999952316284,1.7139999866485596,1.7489999532699585,25897800.0,17232568.0,838121.75
2019-08-28,1.746999979019165,1.7519999742507935,1.7300000190734863,1.7410000562667847,14890100.0,9904847.0,838121.75
2019-08-29,1.7489999532699585,1.7549999952316284,1.7410000562667847,1.74399995803833,13780200.0,9202216.0,838121.75
2019-08-30,1.746999979019165,1.7549999952316284,1.7109999656677246,1.722000002861023,25994900.0,17219724.0,838121.75
2019-09-02,1.722000002861023,1.7690000534057617,1.7139999866485596,1.7660000324249268,23946600.0,15940617.0,838121.75
2019-09-03,1.7630000114440918,1.7790000438690186,1.7630000114440918,1.7790000438690186,18948700.0,12812415.0,838121.75
2019-09-04,1.7710000276565552,1.7990000247955322,1.7710000276565552,1.7990000247955322,17085400.0,11630615.0,838121.75
2019-09-05,1.809999942779541,1.8370000123977661,1.7899999618530273,1.809999942779541,25677800.0,17792848.0,838121.75
2019-09-06,1.815000057220459,1.8259999752044678,1.8070000410079956,1.8209999799728394,13730900.0,9515242.0,838121.75
2019-09-09,1.8420000076293945,1.878000020980835,1.8289999961853027,1.878000020980835,19625300.0,13810670.0,838121.75
2019-09-10,1.878000020980835,1.8830000162124634,1.8559999465942383,1.878000020980835,20329800.0,14471265.0,838121.75
2019-09-11,1.8890000581741333,1.8890000581741333,1.8530000448226929,1.8559999465942383,15995100.0,11381236.0,838121.75
2019-09-12,1.8559999465942383,1.871999979019165,1.8480000495910645,1.8700000047683716,18957400.0,13439138.0,838121.75
2019-09-16,1.878000020980835,1.8860000371932983,1.8589999675750732,1.871999979019165,15456100.0,11037315.0,838121.75
2019-09-17,1.8700000047683716,1.8700000047683716,1.8209999799728394,1.8339999914169312,18196700.0,12764628.0,838121.75
2019-09-18,1.8289999961853027,1.8370000123977661,1.8209999799728394,1.8289999961853027,12738500.0,8871218.0,838121.75
2019-09-19,1.8259999752044678,1.8480000495910645,1.8179999589920044,1.8450000286102295,17529000.0,12233496.0,838121.75
2019-09-20,1.8509999513626099,1.8559999465942383,1.840000033378601,1.8480000495910645,9387200.0,6610211.0,838121.75
2019-09-23,1.8509999513626099,1.8509999513626099,1.815000057220459,1.8370000123977661,13010000.0,9039033.0,838121.75
2019-09-24,1.8309999704360962,1.8559999465942383,1.8289999961853027,1.840000033378601,22239800.0,15621591.0,838121.75
2019-09-25,1.8370000123977661,1.8370000123977661,1.8009999990463257,1.8040000200271606,19992300.0,13812082.0,838121.75
2019-09-26,1.809999942779541,1.809999942779541,1.74399995803833,1.74399995803833,24247100.0,16384980.0,838121.75
2019-09-27,1.746999979019165,1.7690000534057617,1.74399995803833,1.7599999904632568,26020700.0,17490248.0,838121.75
2019-09-30,1.7660000324249268,1.7660000324249268,1.7359999418258667,1.7359999418258667,24784500.0,16575893.0,838121.75
2019-10-08,1.7380000352859497,1.7580000162124634,1.7380000352859497,1.7410000562667847,10766900.0,7188923.0,838121.75
2019-10-09,1.7410000562667847,1.7599999904632568,1.7280000448226929,1.7580000162124634,14223100.0,9455618.0,838121.75
2019-10-10,1.7580000162124634,1.7879999876022339,1.7489999532699585,1.784999966621399,20058800.0,13537065.0,838121.75
2019-10-11,1.7929999828338623,1.7960000038146973,1.7710000276565552,1.7879999876022339,15364600.0,10457156.0,838121.75
2019-10-14,1.8040000200271606,1.8209999799728394,1.7990000247955322,1.815000057220459,15837400.0,10936846.0,838121.75
2019-10-15,1.809999942779541,1.809999942779541,1.784999966621399,1.7899999618530273,21738600.0,14861358.0,838121.75
2019-10-16,1.7929999828338623,1.7990000247955322,1.7769999504089355,1.7769999504089355,19380700.0,13230111.0,838121.75
2019-10-17,1.7790000438690186,1.784999966621399,1.7710000276565552,1.7769999504089355,14728900.0,10010711.0,838121.75
2019-10-18,1.781999945640564,1.7960000038146973,1.746999979019165,1.7549999952316284,18744600.0,12643099.0,838121.75
2019-10-21,1.7599999904632568,1.7690000534057617,1.7280000448226929,1.74399995803833,22124700.0,14703485.0,838121.75
2019-10-22,1.74399995803833,1.7690000534057617,1.74399995803833,1.7660000324249268,29876700.0,20014724.0,838121.75
2019-10-23,1.7690000534057617,1.7690000534057617,1.746999979019165,1.7519999742507935,15036800.0,10094044.0,838121.75
2019-10-24,1.7519999742507935,1.7549999952316284,1.7359999418258667,1.7489999532699585,14012400.0,9342157.0,838121.75
2019-10-25,1.7489999532699585,1.7690000534057617,1.7359999418258667,1.7630000114440918,24419100.0,16313133.0,838121.75
2019-10-28,1.781999945640564,1.812000036239624,1.781999945640564,1.812000036239624,32714100.0,22432328.0,838121.75
2019-10-29,1.8229999542236328,1.8229999542236328,1.7879999876022339,1.7899999618530273,34003400.0,23374784.0,838121.75
2019-10-30,1.784999966621399,1.784999966621399,1.7660000324249268,1.7740000486373901,31653100.0,21438182.0,838121.75
2019-10-31,1.7740000486373901,1.7740000486373901,1.7489999532699585,1.7519999742507935,17634500.0,11870309.0,838121.75
2019-11-01,1.7489999532699585,1.7710000276565552,1.7410000562667847,1.7690000534057617,10178100.0,6806328.0,838121.75
2019-11-04,1.7690000534057617,1.7899999618530273,1.7690000534057617,1.7790000438690186,23146000.0,15737815.0,838121.75
2019-11-05,1.7790000438690186,1.7899999618530273,1.7690000534057617,1.7879999876022339,11371100.0,7737471.0,838121.75
2019-11-06,1.7879999876022339,1.7879999876022339,1.7599999904632568,1.7690000534057617,16524700.0,11204582.0,838121.75
2019-11-07,1.7690000534057617,1.784999966621399,1.7630000114440918,1.7790000438690186,13754500.0,9335718.0,838121.75
2019-11-08,1.7929999828338623,1.7960000038146973,1.7740000486373901,1.7790000438690186,42035400.0,28704590.0,838121.75
2019-11-11,1.7769999504089355,1.7769999504089355,1.725000023841858,1.7300000190734863,22680500.0,15106755.0,838121.75
2019-11-12,1.7380000352859497,1.7380000352859497,1.7079999446868896,1.7330000400543213,19038900.0,12519621.0,838121.75
2019-11-13,1.746999979019165,1.746999979019165,1.718999981880188,1.7280000448226929,9187100.0,6058978.0,838121.75
2019-11-14,1.7280000448226929,1.74399995803833,1.725000023841858,1.7359999418258667,14215400.0,9425865.0,838121.75
2019-11-15,1.7380000352859497,1.7410000562667847,1.7170000076293945,1.718999981880188,28028700.0,18493122.0,838121.75
2019-11-18,1.7139999866485596,1.7330000400543213,1.7079999446868896,1.7300000190734863,24152300.0,15919487.0,838121.75
2019-11-19,1.7330000400543213,1.7710000276565552,1.7330000400543213,1.7690000534057617,25630700.0,17136886.0,838121.75
2019-11-20,1.7690000534057617,1.7710000276565552,1.7519999742507935,1.7519999742507935,24519400.0,16525579.0,838121.75
2019-11-21,1.7519999742507935,1.7660000324249268,1.7410000562667847,1.7549999952316284,21479800.0,14384712.0,838121.75
2019-11-22,1.7489999532699585,1.7740000486373901,1.722000002861023,1.7330000400543213,21722400.0,14551184.0,838121.75
2019-11-25,1.7300000190734863,1.7300000190734863,1.7059999704360962,1.718999981880188,20956400.0,13747644.0,838121.75
2019-11-26,1.7170000076293945,1.7300000190734863,1.7139999866485596,1.718999981880188,13421400.0,8820670.0,838121.75
2019-11-27,1.718999981880188,1.7280000448226929,1.7079999446868896,1.722000002861023,20607800.0,13524155.0,838121.75
2019-11-28,1.722000002861023,1.7280000448226929,1.7139999866485596,1.7170000076293945,17861600.0,11740811.0,838121.75
2019-11-29,1.7170000076293945,1.718999981880188,1.7000000476837158,1.7139999866485596,22122500.0,14448945.0,838121.75
2019-12-02,1.7170000076293945,1.7280000448226929,1.7139999866485596,1.718999981880188,13226900.0,8697916.0,838121.75
2019-12-03,1.7170000076293945,1.7300000190734863,1.7029999494552612,1.7300000190734863,14746300.0,9624257.0,838121.75
2019-12-04,1.7280000448226929,1.7359999418258667,1.7170000076293945,1.7330000400543213,18391500.0,12148980.0,838121.75
2019-12-05,1.7380000352859497,1.7580000162124634,1.7330000400543213,1.7489999532699585,21466300.0,14299094.0,838121.75
2019-12-06,1.7519999742507935,1.7660000324249268,1.7489999532699585,1.7660000324249268,14868600.0,9960962.0,838121.75
2019-12-09,1.7690000534057617,1.7740000486373901,1.7630000114440918,1.7660000324249268,28753600.0,19399672.0,838121.75
2019-12-10,1.7660000324249268,1.781999945640564,1.7580000162124634,1.7769999504089355,20970500.0,14143712.0,838121.75
2019-12-11,1.781999945640564,1.781999945640564,1.7710000276565552,1.7710000276565552,25428600.0,17226648.0,838121.75
2019-12-12,1.7740000486373901,1.784999966621399,1.7710000276565552,1.7710000276565552,30149500.0,20436032.0,838121.75
2019-12-13,1.784999966621399,1.8009999990463257,1.781999945640564,1.8009999990463257,21426800.0,14636048.0,838121.75
2019-12-16,1.8070000410079956,1.8370000123977661,1.8009999990463257,1.8339999914169312,29675600.0,20574664.0,838121.75
2019-12-17,1.840000033378601,1.8639999628067017,1.8339999914169312,1.8559999465942383,24102200.0,17005462.0,838121.75
2019-12-18,1.8530000448226929,1.871999979019165,1.8480000495910645,1.8559999465942383,22065700.0,15660519.0,838121.75
2019-12-19,1.8589999675750732,1.871999979019165,1.8559999465942383,1.871999979019165,23498500.0,16666141.0,838121.75
2019-12-20,1.8669999837875366,1.871999979019165,1.8450000286102295,1.8450000286102295,20241500.0,14344263.0,838121.75
2019-12-23,1.8450000286102295,1.8450000286102295,1.7990000247955322,1.7990000247955322,27095900.0,18794216.0,838121.75
2019-12-24,1.8009999990463257,1.8370000123977661,1.8009999990463257,1.8370000123977661,34697300.0,24116074.0,838121.75
2019-12-25,1.8289999961853027,1.8509999513626099,1.8289999961853027,1.8509999513626099,21848500.0,15359116.0,838121.75
2019-12-26,1.8509999513626099,1.8669999837875366,1.8450000286102295,1.8669999837875366,24610300.0,17368196.0,838121.75
2019-12-27,1.8639999628067017,1.875,1.8450000286102295,1.8509999513626099,22518800.0,15987106.0,838121.75
2019-12-30,1.8509999513626099,1.8639999628067017,1.8179999589920044,1.8639999628067017,24847700.0,17497988.0,838121.75
2019-12-31,1.8619999885559082,1.878000020980835,1.8509999513626099,1.875,9925500.0,7070823.0,838121.75
2020-01-02,1.8940000534057617,1.9160000085830688,1.88100004196167,1.9140000343322754,31463200.0,22730468.0,838121.75
2020-01-03,1.9190000295639038,1.9240000247955322,1.9079999923706055,1.9220000505447388,12126300.0,8850369.0,838121.75
2020-01-06,1.9140000343322754,1.9570000171661377,1.9049999713897705,1.940999984741211,19979200.0,14717455.0,838121.75
2020-01-07,1.934999942779541,1.9739999771118164,1.934999942779541,1.9739999771118164,15032100.0,11189727.0,838121.75
2020-01-08,1.9600000381469727,1.9789999723434448,1.937999963760376,1.9490000009536743,16564200.0,12348370.0,838121.75
2020-01-09,1.9630000591278076,1.9789999723434448,1.9600000381469727,1.9759999513626099,22762800.0,17030896.0,838121.75
2020-01-10,1.9789999723434448,1.9850000143051147,1.9630000591278076,1.9739999771118164,19954800.0,14970348.0,838121.75
2020-01-13,1.9739999771118164,2.000999927520752,1.9600000381469727,2.000999927520752,16350300.0,12293158.0,838121.75
2020-01-14,2.006999969482422,2.009000062942505,1.9930000305175781,1.996000051498413,17012400.0,12939916.0,838121.75
2020-01-15,1.996000051498413,2.000999927520752,1.9570000171661377,1.9930000305175781,16642500.0,12561583.0,838121.75
2020-01-16,1.9980000257492065,2.003999948501587,1.9900000095367432,1.996000051498413,20825200.0,15798676.0,838121.75
2020-01-17,1.996000051498413,2.003999948501587,1.9819999933242798,1.9850000143051147,29162400.0,22082874.0,838121.75
2020-01-20,1.9850000143051147,2.015000104904175,1.9819999933242798,2.015000104904175,17305500.0,13127979.0,838121.75
2020-01-21,2.015000104904175,2.015000104904175,1.9930000305175781,1.9930000305175781,28296700.0,21525734.0,838121.75
2020-01-22,1.9850000143051147,2.01200008392334,1.9550000429153442,2.006999969482422,23193800.0,17490708.0,838121.75
2020-01-23,1.9980000257492065,1.9980000257492065,1.9079999923706055,1.9329999685287476,34990600.0,26152462.0,838121.75
2020-02-03,1.7489999532699585,1.7960000038146973,1.7330000400543213,1.7330000400543213,17787500.0,11969791.0,838121.75
2020-02-04,1.722000002861023,1.8229999542236328,1.722000002861023,1.7580000162124634,17813500.0,11888241.0,838121.75
2020-02-05,1.7549999952316284,1.8370000123977661,1.7549999952316284,1.8209999799728394,28667100.0,19750744.0,838121.75
2020-02-06,1.8229999542236328,1.88100004196167,1.8009999990463257,1.871999979019165,20693600.0,14552585.0,838121.75
2020-02-07,1.8589999675750732,1.8969999551773071,1.8589999675750732,1.8919999599456787,22011000.0,15735465.0,838121.75
2020-02-10,1.875,1.9240000247955322,1.875,1.9190000295639038,19613600.0,14225602.0,838121.75
2020-02-11,1.9190000295639038,1.9220000505447388,1.8969999551773071,1.9140000343322754,18719100.0,13620337.0,838121.75
2020-02-12,1.9110000133514404,1.9600000381469727,1.902999997138977,1.9600000381469727,15398400.0,11347255.0,838121.75
2020-02-13,1.9490000009536743,1.968000054359436,1.940999984741211,1.9490000009536743,19890700.0,14767704.0,838121.75
2020-02-14,1.9459999799728394,1.9759999513626099,1.9329999685287476,1.9570000171661377,22943100.0,17076582.0,838121.75
2020-02-17,1.9600000381469727,2.0369999408721924,1.9600000381469727,2.0339999198913574,29328300.0,22291888.0,838121.75
2020-02-18,2.0390000343322754,2.0889999866485596,2.0339999198913574,2.0889999866485596,30070800.0,23474384.0,838121.75
2020-02-19,2.0889999866485596,2.0969998836517334,2.061000108718872,2.072000026702881,35957500.0,28375818.0,838121.75
2020-02-20,2.069000005722046,2.1080000400543213,2.0480000972747803,2.1050000190734863,23626500.0,18629656.0,838121.75
2020-02-21,2.1019999980926514,2.1600000858306885,2.0999999046325684,2.1540000438690186,30861800.0,24973876.0,838121.75
2020-02-24,2.1459999084472656,2.2119998931884766,2.1429998874664307,2.197999954223633,53501500.0,44285280.0,838121.75
2020-02-25,2.1600000858306885,2.2139999866485596,2.0940001010894775,2.2090001106262207,41236600.0,33884236.0,838121.75
2020-02-26,2.1540000438690186,2.197999954223633,2.127000093460083,2.134999990463257,26492500.0,21751232.0,838121.75
2020-02-27,2.1429998874664307,2.1649999618530273,2.1050000190734863,2.134999990463257,29941600.0,24114310.0,838121.75
2020-02-28,2.0799999237060547,2.0859999656677246,1.996000051498413,1.9980000257492065,45558800.0,35131756.0,838121.75
2020-03-02,2.01200008392334,2.11299991607666,2.003999948501587,2.109999895095825,38019900.0,29893996.0,838121.75
2020-03-03,2.1519999504089355,2.1760001182556152,2.1050000190734863,2.127000093460083,31023600.0,25193388.0,838121.75
2020-03-04,2.1019999980926514,2.1429998874664307,2.0889999866485596,2.138000011444092,35316500.0,28308248.0,838121.75
2020-03-05,2.1679999828338623,2.178999900817871,2.1489999294281006,2.1760001182556152,27261200.0,22333978.0,838121.75
2020-03-06,2.1519999504089355,2.178999900817871,2.1429998874664307,2.1619999408721924,18755200.0,15330487.0,838121.75
2020-03-09,2.121000051498413,2.131999969482422,2.069000005722046,2.072000026702881,18693700.0,14912855.0,838121.75
2020-03-10,2.055999994277954,2.130000114440918,2.01200008392334,2.130000114440918,19139100.0,15034580.0,838121.75
2020-03-11,2.134999990463257,2.1519999504089355,2.0969998836517334,2.0999999046325684,16955500.0,13690552.0,838121.75
2020-03-12,2.078000068664551,2.109999895095825,2.0280001163482666,2.049999952316284,17914056.0,13986682.0,838121.75
2020-03-13,1.996000051498413,2.059000015258789,1.944000005722046,2.0369999408721924,21048100.0,16011006.0,838121.75
2020-03-16,2.0450000762939453,2.052999973297119,1.9270000457763672,1.9329999685287476,24422600.0,18403824.0,838121.75
2020-03-17,1.9520000219345093,1.9630000591278076,1.8639999628067017,1.9299999475479126,46800300.0,34093812.0,838121.75
2020-03-18,1.934999942779541,1.9789999723434448,1.8969999551773071,1.899999976158142,39148100.0,29049764.0,838121.75
2020-03-19,1.8830000162124634,1.9299999475479126,1.8619999885559082,1.9190000295639038,23967100.0,17309176.0,838121.75
2020-03-20,1.934999942779541,1.9459999799728394,1.9049999713897705,1.9459999799728394,19143300.0,14047684.0,838121.75
2020-03-23,1.8919999599456787,1.9079999923706055,1.8420000076293945,1.8559999465942383,18882300.0,13510760.0,838121.75
2020-03-24,1.8860000371932983,1.9110000133514404,1.8289999961853027,1.8860000371932983,18994400.0,13534288.0,838121.75
2020-03-25,1.9220000505447388,1.934999942779541,1.8969999551773071,1.9329999685287476,20531100.0,15015473.0,838121.75
2020-03-26,1.9049999713897705,1.937999963760376,1.9049999713897705,1.9160000085830688,10432800.0,7643518.0,838121.75
2020-03-27,1.934999942779541,1.937999963760376,1.8969999551773071,1.9049999713897705,12333800.0,9009788.0,838121.75
2020-03-30,1.8919999599456787,1.8940000534057617,1.8309999704360962,1.8509999513626099,18633600.0,13147388.0,838121.75
2020-03-31,1.871999979019165,1.871999979019165,1.8480000495910645,1.8509999513626099,18750700.0,13281674.0,838121.75
2020-04-01,1.8509999513626099,1.875,1.8420000076293945,1.8450000286102295,18631500.0,13225662.0,838121.75
2020-04-02,1.8339999914169312,1.8940000534057617,1.8339999914169312,1.8940000534057617,11896400.0,8443475.0,838121.75
2020-04-03,1.8940000534057617,1.899999976158142,1.8700000047683716,1.88100004196167,8289100.0,5953740.0,838121.75
2020-04-07,1.9140000343322754,1.9520000219345093,1.9110000133514404,1.9520000219345093,18446400.0,13569716.0,838121.75
2020-04-08,1.9459999799728394,1.965000033378601,1.934999942779541,1.9550000429153442,9062100.0,6727157.0,838121.75
2020-04-09,1.9600000381469727,1.9869999885559082,1.9600000381469727,1.9789999723434448,17229300.0,12935485.0,838121.75
2020-04-10,1.9850000143051147,1.9850000143051147,1.9240000247955322,1.9459999799728394,27661000.0,20429600.0,838121.75
2020-04-13,1.9270000457763672,1.9270000457763672,1.899999976158142,1.9110000133514404,17036200.0,12387153.0,838121.75
2020-04-14,1.9140000343322754,1.9490000009536743,1.9140000343322754,1.9490000009536743,22172100.0,16310632.0,838121.75
2020-04-15,1.9490000009536743,1.9600000381469727,1.9329999685287476,1.9329999685287476,17438900.0,12933921.0,838121.75
2020-04-16,1.9329999685287476,1.9600000381469727,1.9220000505447388,1.9550000429153442,13034600.0,9618514.0,838121.75
2020-04-17,1.9630000591278076,1.9739999771118164,1.9520000219345093,1.9570000171661377,12552000.0,9388649.0,838121.75
2020-04-20,1.9600000381469727,1.996000051498413,1.9600000381469727,1.996000051498413,21273700.0,15974079.0,838121.75
2020-04-21,1.9759999513626099,1.9869999885559082,1.9600000381469727,1.9789999723434448,13530400.0,10141202.0,838121.75
2020-04-22,1.9709999561309814,2.000999927520752,1.9570000171661377,1.9980000257492065,13842600.0,10409063.0,838121.75
2020-04-23,2.000999927520752,2.006999969482422,1.9850000143051147,1.9869999885559082,11943900.0,9055686.0,838121.75
2020-04-24,1.9869999885559082,1.9869999885559082,1.937999963760376,1.9550000429153442,15128100.0,11283872.0,838121.75
2020-04-27,1.9520000219345093,1.9550000429153442,1.9299999475479126,1.937999963760376,11317800.0,8390510.0,838121.75
2020-04-28,1.937999963760376,1.940999984741211,1.8509999513626099,1.9110000133514404,18847700.0,13614091.0,838121.75
2020-04-29,1.9079999923706055,1.9240000247955322,1.8940000534057617,1.9110000133514404,9609200.0,6993307.0,838121.75
2020-04-30,1.9140000343322754,1.9630000591278076,1.9140000343322754,1.9600000381469727,15470700.0,11460338.0,838121.75
2020-05-06,1.937999963760376,2.000999927520752,1.937999963760376,1.9980000257492065,15088200.0,11295586.0,838121.75
2020-05-07,1.9819999933242798,2.01200008392334,1.9819999933242798,1.996000051498413,10061700.0,7655421.0,838121.75
2020-05-08,2.000999927520752,2.0309998989105225,2.000999927520752,2.0230000019073486,11155400.0,8562227.0,838121.75
2020-05-11,2.0260000228881836,2.0390000343322754,2.006999969482422,2.0169999599456787,8716000.0,6703428.0,838121.75
2020-05-12,2.0169999599456787,2.0230000019073486,1.9930000305175781,2.0230000019073486,14500200.0,11062000.0,838121.75
2020-05-13,2.0169999599456787,2.0420000553131104,2.009000062942505,2.0390000343322754,8906000.0,6854543.0,838121.75
2020-05-14,2.0390000343322754,2.0420000553131104,2.0199999809265137,2.0230000019073486,5757900.0,4440978.0,838121.75
2020-05-15,2.0260000228881836,2.0450000762939453,2.0199999809265137,2.0339999198913574,8021300.0,6191401.0,838121.75
2020-05-18,2.0339999198913574,2.0420000553131104,2.015000104904175,2.0199999809265137,9069800.0,7006249.0,838121.75
2020-05-19,2.0280001163482666,2.052999973297119,2.0280001163482666,2.052999973297119,13251100.0,10262446.0,838121.75
2020-05-20,2.052999973297119,2.052999973297119,2.0230000019073486,2.0369999408721924,19336100.0,14932527.0,838121.75
2020-05-21,2.0369999408721924,2.0369999408721924,1.996000051498413,2.000999927520752,15347600.0,11705420.0,838121.75
2020-05-22,2.000999927520752,2.000999927520752,1.9550000429153442,1.9630000591278076,9291700.0,6996889.0,838121.75
2020-05-25,1.9600000381469727,1.968000054359436,1.9490000009536743,1.9630000591278076,10382600.0,7723501.0,838121.75
2020-05-26,1.965000033378601,2.009000062942505,1.9630000591278076,2.009000062942505,13650600.0,10351374.0,838121.75
2020-05-27,2.009000062942505,2.01200008392334,1.9869999885559082,1.996000051498413,13035200.0,9904015.0,838121.75
2020-05-28,1.9930000305175781,2.000999927520752,1.9630000591278076,1.9900000095367432,8453000.0,6376553.0,838121.75
2020-05-29,1.9789999723434448,2.0230000019073486,1.9739999771118164,2.015000104904175,9500800.0,7266244.0,838121.75
2020-06-01,2.0169999599456787,2.0829999446868896,2.003999948501587,2.0829999446868896,14019600.0,10964797.0,838121.75
2020-06-02,2.0859999656677246,2.0940001010894775,2.072000026702881,2.0799999237060547,10391300.0,8206350.0,838121.75
2020-06-03,2.0969998836517334,2.0969998836517334,2.078000068664551,2.078000068664551,13634500.0,10782595.0,838121.75
2020-06-04,2.0799999237060547,2.0940001010894775,2.075000047683716,2.0910000801086426,16533900.0,13073078.0,838121.75
2020-06-05,2.0910000801086426,2.0940001010894775,2.066999912261963,2.0889999866485596,9766400.0,7720799.0,838121.75
2020-06-08,2.0969998836517334,2.1050000190734863,2.0829999446868896,2.0889999866485596,12694400.0,10075987.0,838121.75
2020-06-09,2.0889999866485596,2.1019999980926514,2.0799999237060547,2.1019999980926514,22748400.0,18026896.0,838121.75
2020-06-10,2.0969998836517334,2.0999999046325684,2.0829999446868896,2.0999999046325684,10151800.0,8048188.0,838121.75
2020-06-11,2.0999999046325684,2.124000072479248,2.0829999446868896,2.0940001010894775,24220900.0,19274344.0,838121.75
2020-06-12,2.066999912261963,2.1019999980926514,2.049999952316284,2.0969998836517334,12315300.0,9733326.0,838121.75
2020-06-15,2.0969998836517334,2.124000072479248,2.0910000801086426,2.0969998836517334,21736800.0,17370196.0,838121.75
2020-06-16,2.1019999980926514,2.1410000324249268,2.1019999980926514,2.1410000324249268,16647300.0,13414448.0,838121.75
2020-06-17,2.138000011444092,2.1519999504089355,2.130000114440918,2.1489999294281006,19084500.0,15485445.0,838121.75
2020-06-18,2.1489999294281006,2.1489999294281006,2.134999990463257,2.1429998874664307,19999100.0,16221702.0,838121.75
2020-06-19,2.1429998874664307,2.1649999618530273,2.1410000324249268,2.1619999408721924,24564800.0,20017054.0,838121.75
2020-06-22,2.1679999828338623,2.178999900817871,2.1649999618530273,2.1730000972747803,10623600.0,8737645.0,838121.75
2020-06-23,2.178999900817871,2.178999900817871,2.1619999408721924,2.178999900817871,23314600.0,19175792.0,838121.75
2020-06-24,2.178999900817871,2.184000015258789,2.1619999408721924,2.1710000038146973,12287600.0,10100562.0,838121.75
2020-06-29,2.1730000972747803,2.1730000972747803,2.1540000438690186,2.1679999828338623,8168100.0,6693793.0,838121.75
2020-06-30,2.1679999828338623,2.2060000896453857,2.1679999828338623,2.2009999752044678,9691200.0,8054669.0,838121.75
2020-07-01,2.2060000896453857,2.2200000286102295,2.187000036239624,2.2139999866485596,13460400.0,11250209.0,838121.75
2020-07-02,2.2139999866485596,2.242000102996826,2.2060000896453857,2.242000102996826,15520900.0,13111282.0,838121.75
2020-07-03,2.244999885559082,2.2720000743865967,2.2339999675750732,2.2720000743865967,24244800.0,20626376.0,838121.75
2020-07-06,2.296999931335449,2.384000062942505,2.2829999923706055,2.369999885559082,27572200.0,24273076.0,838121.75
2020-07-07,2.3980000019073486,2.438999891281128,2.372999906539917,2.4000000953674316,22038200.0,20017020.0,838121.75
2020-07-08,2.378999948501587,2.4549999237060547,2.378999948501587,2.450000047683716,18382300.0,16818766.0,838121.75
2020-07-09,2.4609999656677246,2.5399999618530273,2.4519999027252197,2.5369999408721924,38805200.0,36641716.0,838121.75
2020-07-10,2.5179998874664307,2.559000015258789,2.509999990463257,2.5290000438690186,26722700.0,25537758.0,838121.75
2020-07-13,2.506999969482422,2.6579999923706055,2.506999969482422,2.6549999713897705,29101600.0,28301008.0,838121.75
2020-07-14,2.6440000534057617,2.6470000743865967,2.5510001182556152,2.614000082015991,32909300.0,32354076.0,838121.75
2020-07-15,2.5840001106262207,2.6470000743865967,2.503999948501587,2.5239999294281006,25471000.0,24490956.0,838121.75
2020-07-16,2.513000011444092,2.5450000762939453,2.384000062942505,2.3949999809265137,22194600.0,20715980.0,838121.75
2020-07-17,2.3949999809265137,2.4519999027252197,2.369999885559082,2.4089999198913574,23846400.0,21655040.0,838121.75
2020-07-20,2.424999952316284,2.490999937057495,2.4059998989105225,2.490999937057495,22423100.0,20711004.0,838121.75
2020-07-21,2.496000051498413,2.5209999084472656,2.484999895095825,2.509999990463257,15501600.0,14634958.0,838121.75
2020-07-22,2.509999990463257,2.559000015258789,2.499000072479248,2.5369999408721924,16050500.0,15326691.0,838121.75
2020-07-23,2.509999990463257,2.5399999618530273,2.4630000591278076,2.5350000858306885,15847200.0,14981566.0,838121.75
2020-07-24,2.5209999084472656,2.5450000762939453,2.4030001163482666,2.4110000133514404,17523700.0,16391893.0,838121.75
2020-07-27,2.4000000953674316,2.433000087738037,2.38700008392334,2.4140000343322754,13421700.0,12225039.0,838121.75
2020-07-28,2.424999952316284,2.4519999027252197,2.4200000762939453,2.440999984741211,14719600.0,13536463.0,838121.75
2020-07-29,2.438999891281128,2.5239999294281006,2.427999973297119,2.5209999084472656,15180200.0,14226451.0,838121.75
2020-07-30,2.5260000228881836,2.5350000858306885,2.502000093460083,2.513000011444092,13007900.0,12343549.0,838121.75
2020-07-31,2.513000011444092,2.559000015258789,2.490999937057495,2.555999994277954,15802600.0,15080178.0,838121.75
2020-08-03,2.569999933242798,2.6470000743865967,2.569999933242798,2.6440000534057617,17458644.0,17174426.0,838121.75
2020-08-04,2.6579999923706055,2.6740000247955322,2.6110000610351562,2.630000114440918,33157800.0,32933030.0,838121.75
2020-08-05,2.625,2.6579999923706055,2.5999999046325684,2.6519999504089355,16959800.0,16853900.0,838121.75
2020-08-06,2.6740000247955322,2.6740000247955322,2.6080000400543213,2.6689999103546143,25223500.0,25106958.0,838121.75
2020-08-07,2.6579999923706055,2.6579999923706055,2.5759999752044678,2.625,31289600.0,30705192.0,838121.75
2020-08-10,2.6110000610351562,2.6549999713897705,2.6029999256134033,2.638000011444092,17020000.0,16873340.0,838121.75
2020-08-11,2.638000011444092,2.6440000534057617,2.569999933242798,2.5759999752044678,18375900.0,18077642.0,838121.75
2020-08-12,2.5759999752044678,2.5759999752044678,2.4690001010894775,2.5320000648498535,15299400.0,14483040.0,838121.75
2020-08-13,2.5320000648498535,2.559000015258789,2.5320000648498535,2.5429999828338623,10383000.0,9961382.0,838121.75
2020-08-14,2.5450000762939453,2.5810000896453857,2.5239999294281006,2.5810000896453857,10416700.0,10048276.0,838121.75
2020-08-17,2.5810000896453857,2.6440000534057617,2.578000068664551,2.638000011444092,19247300.0,18977800.0,838121.75
2020-08-18,2.6470000743865967,2.6659998893737793,2.635999917984009,2.6659998893737793,14902300.0,14885870.0,838121.75
2020-08-19,2.6630001068115234,2.6630001068115234,2.6029999256134033,2.614000082015991,12990400.0,12871995.0,838121.75
2020-08-20,2.6110000610351562,2.6110000610351562,2.562000036239624,2.572999954223633,11022100.0,10717979.0,838121.75
2020-08-21,2.5810000896453857,2.6110000610351562,2.5759999752044678,2.5969998836517334,38268900.0,37441792.0,838121.75
2020-08-24,2.6029999256134033,2.638000011444092,2.5759999752044678,2.628000020980835,42545800.0,41845024.0,838121.75
2020-08-25,2.638000011444092,2.6519999504089355,2.61899995803833,2.630000114440918,13578300.0,13482371.0,838121.75
2020-08-26,2.628000020980835,2.628000020980835,2.5510001182556152,2.559000015258789,14232200.0,13847575.0,838121.75
2020-08-27,2.569999933242798,2.5969998836517334,2.5480000972747803,2.5950000286102295,15270700.0,14835752.0,838121.75
2020-08-28,2.5859999656677246,2.632999897003174,2.578000068664551,2.632999897003174,18331900.0,17995284.0,838121.75
2020-08-31,2.6470000743865967,2.6659998893737793,2.632999897003174,2.632999897003174,19438100.0,19382042.0,838121.75
2020-09-01,2.638000011444092,2.6489999294281006,2.61899995803833,2.6489999294281006,13322700.0,13215295.0,838121.75
2020-09-02,2.6519999504089355,2.6689999103546143,2.630000114440918,2.6600000858306885,16869100.0,16838448.0,838121.75
2020-09-03,2.6600000858306885,2.6630001068115234,2.61899995803833,2.630000114440918,10972200.0,10924698.0,838121.75
2020-09-04,2.6080000400543213,2.630000114440918,2.5840001106262207,2.630000114440918,13530200.0,13277150.0,838121.75
2020-09-07,2.625,2.6489999294281006,2.569999933242798,2.578000068664551,13200900.0,13009273.0,838121.75
2020-09-08,2.5759999752044678,2.6029999256134033,2.555999994277954,2.6029999256134033,13769400.0,13382205.0,838121.75
2020-09-09,2.5889999866485596,2.5889999866485596,2.509999990463257,2.515000104904175,16883500.0,16206486.0,838121.75
2020-09-10,2.5290000438690186,2.5350000858306885,2.4170000553131104,2.430999994277954,14622000.0,13649124.0,838121.75
2020-09-11,2.4170000553131104,2.4719998836517334,2.4140000343322754,2.4690001010894775,13764200.0,12683211.0,838121.75
2020-09-14,2.4769999980926514,2.5179998874664307,2.4690001010894775,2.502000093460083,9659100.0,9110671.0,838121.75
2020-09-15,2.503999948501587,2.5239999294281006,2.496000051498413,2.5209999084472656,12943800.0,12234524.0,838121.75
2020-09-16,2.5209999084472656,2.5209999084472656,2.4830000400543213,2.499000072479248,12255700.0,11544258.0,838121.75
2020-09-17,2.499000072479248,2.5320000648498535,2.4769999980926514,2.513000011444092,27726000.0,26186792.0,838121.75
2020-09-18,2.515000104904175,2.555999994277954,2.509999990463257,2.555999994277954,14474900.0,13791507.0,838121.75
2020-09-21,2.555999994277954,2.569999933242798,2.5480000972747803,2.555999994277954,13447600.0,12957236.0,838121.75
2020-09-22,2.5399999618530273,2.553999900817871,2.499000072479248,2.503999948501587,30598100.0,29126834.0,838121.75
2020-09-23,2.509999990463257,2.5369999408721924,2.493000030517578,2.5320000648498535,27223900.0,25857624.0,838121.75
2020-09-24,2.5179998874664307,2.5179998874664307,2.4579999446868896,2.4630000591278076,63029800.0,58968120.0,838121.75
2020-09-25,2.4660000801086426,2.513000011444092,2.433000087738037,2.450000047683716,52253700.0,48393736.0,838121.75
2020-09-28,2.444000005722046,2.4519999027252197,2.4140000343322754,2.4200000762939453,20273700.0,18625004.0,838121.75
2020-09-29,2.4170000553131104,2.4549999237060547,2.4170000553131104,2.444000005722046,27118200.0,25002978.0,838121.75
2020-09-30,2.444000005722046,2.4549999237060547,2.4170000553131104,2.430999994277954,90736800.0,83505440.0,838121.75
2020-10-09,2.4549999237060547,2.513000011444092,2.4549999237060547,2.503999948501587,101547800.0,95674016.0,838121.75
2020-10-12,2.506999969482422,2.5969998836517334,2.506999969482422,2.5950000286102295,60864600.0,58909856.0,838121.75
2020-10-13,2.5969998836517334,2.6080000400543213,2.572999954223633,2.6059999465942383,46478900.0,45268560.0,838121.75
2020-10-14,2.6059999465942383,2.6059999465942383,2.572999954223633,2.578000068664551,19787300.0,19241624.0,838121.75
2020-10-15,2.578000068664551,2.5840001106262207,2.555999994277954,2.555999994277954,9131400.0,8840776.0,838121.75
2020-10-16,2.559000015258789,2.5810000896453857,2.5239999294281006,2.5510001182556152,13864300.0,13282815.0,838121.75
2020-10-19,2.559000015258789,2.566999912261963,2.5239999294281006,2.5320000648498535,20070500.0,19269300.0,838121.75
2020-10-20,2.5320000648498535,2.562000036239624,2.506999969482422,2.562000036239624,23426300.0,22417902.0,838121.75
2020-10-21,2.562000036239624,2.565000057220459,2.506999969482422,2.5239999294281006,25574900.0,24369196.0,838121.75
2020-10-22,2.5260000228881836,2.5260000228881836,2.4800000190734863,2.506999969482422,21705900.0,20477698.0,838121.75
2020-10-23,2.506999969482422,2.5209999084472656,2.447000026702881,2.4609999656677246,24151500.0,22701384.0,838121.75
2020-10-26,2.4609999656677246,2.4660000801086426,2.4140000343322754,2.4579999446868896,25221100.0,23237356.0,838121.75
2020-10-27,2.444000005722046,2.4769999980926514,2.444000005722046,2.4769999980926514,26101300.0,24238448.0,838121.75
2020-10-28,2.4769999980926514,2.4800000190734863,2.430999994277954,2.4739999771118164,28732000.0,26633078.0,838121.75
2020-10-29,2.427999973297119,2.4830000400543213,2.424999952316284,2.4769999980926514,24416600.0,22719776.0,838121.75
2020-10-30,2.4800000190734863,2.4830000400543213,2.4089999198913574,2.4110000133514404,25336200.0,23435334.0,838121.75
2020-11-02,2.438999891281128,2.438999891281128,2.3919999599456787,2.4110000133514404,25935800.0,23545680.0,838121.75
2020-11-03,2.4140000343322754,2.4690001010894775,2.4140000343322754,2.4660000801086426,34714100.0,32060568.0,838121.75
2020-11-04,2.4739999771118164,2.4769999980926514,2.436000108718872,2.4519999027252197,31657600.0,29281568.0,838121.75
2020-11-05,2.4660000801086426,2.506999969482422,2.4660000801086426,2.502000093460083,29750200.0,27863088.0,838121.75
2020-11-06,2.496000051498413,2.509999990463257,2.4609999656677246,2.4800000190734863,34733100.0,32509860.0,838121.75
2020-11-09,2.490999937057495,2.553999900817871,2.490999937057495,2.5429999828338623,38135500.0,36340700.0,838121.75
2020-11-10,2.553999900817871,2.553999900817871,2.502000093460083,2.515000104904175,31770300.0,30215552.0,838121.75
2020-11-11,2.5179998874664307,2.5179998874664307,2.4719998836517334,2.4719998836517334,31311300.0,29432328.0,838121.75
2020-11-12,2.4690001010894775,2.493000030517578,2.4690001010894775,2.4800000190734863,29488900.0,27591484.0,838121.75
2020-11-13,2.4769999980926514,2.493000030517578,2.4609999656677246,2.484999895095825,31169300.0,29110544.0,838121.75
2020-11-16,2.48799991607666,2.5179998874664307,2.4800000190734863,2.5179998874664307,28086800.0,26513442.0,838121.75
2020-11-17,2.509999990463257,2.513000011444092,2.4690001010894775,2.484999895095825,35070500.0,32852696.0,838121.75
2020-11-18,2.48799991607666,2.503999948501587,2.4769999980926514,2.490999937057495,28963700.0,27177824.0,838121.75
2020-11-19,2.4769999980926514,2.506999969482422,2.4690001010894775,2.503999948501587,27857500.0,26189248.0,838121.75
2020-11-20,2.503999948501587,2.5290000438690186,2.493000030517578,2.5239999294281006,35007900.0,33193924.0,838121.75
2020-11-23,2.5239999294281006,2.5510001182556152,2.509999990463257,2.5450000762939453,39108900.0,37353216.0,838121.75
2020-11-24,2.5450000762939453,2.5450000762939453,2.5320000648498535,2.5350000858306885,27633400.0,26421676.0,838121.75
2020-11-25,2.5369999408721924,2.5429999828338623,2.493000030517578,2.493000030517578,27359200.0,25935660.0,838121.75
2020-11-26,2.493000030517578,2.499000072479248,2.4609999656677246,2.4739999771118164,35224400.0,32896532.0,838121.75
2020-11-27,2.4769999980926514,2.4830000400543213,2.4519999027252197,2.4830000400543213,26196800.0,24367756.0,838121.75
2020-11-30,2.4800000190734863,2.490999937057495,2.4549999237060547,2.4690001010894775,31535500.0,29465486.0,838121.75
2020-12-01,2.4690001010894775,2.506999969482422,2.4549999237060547,2.506999969482422,30313600.0,28429780.0,838121.75
2020-12-02,2.506999969482422,2.515000104904175,2.496000051498413,2.509999990463257,28307700.0,26733936.0,838121.75
2020-12-03,2.502000093460083,2.515000104904175,2.48799991607666,2.503999948501587,22781100.0,21491920.0,838121.75
2020-12-04,2.502000093460083,2.5290000438690186,2.493000030517578,2.5260000228881836,32428100.0,30718932.0,838121.75
2020-12-07,2.5320000648498535,2.5320000648498535,2.513000011444092,2.5179998874664307,23103700.0,21976924.0,838121.75
2020-12-08,2.5209999084472656,2.5239999294281006,2.509999990463257,2.513000011444092,29647700.0,28110694.0,838121.75
2020-12-09,2.513000011444092,2.513000011444092,2.4630000591278076,2.4690001010894775,20795900.0,19572690.0,838121.75
2020-12-10,2.4690001010894775,2.4830000400543213,2.450000047683716,2.4690001010894775,25401300.0,23569662.0,838121.75
2020-12-11,2.4660000801086426,2.4739999771118164,2.4089999198913574,2.433000087738037,29393200.0,27046908.0,838121.75
2020-12-14,2.427999973297119,2.4609999656677246,2.4110000133514404,2.4549999237060547,33794900.0,31139752.0,838121.75
2020-12-15,2.4519999027252197,2.4660000801086426,2.447000026702881,2.4630000591278076,21324900.0,19754220.0,838121.75
2020-12-16,2.4549999237060547,2.4630000591278076,2.438999891281128,2.438999891281128,18007800.0,16632561.0,838121.75
2020-12-17,2.438999891281128,2.4719998836517334,2.4170000553131104,2.4660000801086426,27010200.0,24883328.0,838121.75
2020-12-18,2.4630000591278076,2.4769999980926514,2.4519999027252197,2.4609999656677246,28885000.0,26859052.0,838121.75
2020-12-21,2.4609999656677246,2.506999969482422,2.4549999237060547,2.503999948501587,35552400.0,33400828.0,838121.75
2020-12-22,2.503999948501587,2.503999948501587,2.4519999027252197,2.4549999237060547,55524400.0,52089532.0,838121.75
2020-12-23,2.493000030517578,2.493000030517578,2.450000047683716,2.4719998836517334,72641000.0,67569144.0,838121.75
2020-12-24,2.4719998836517334,2.4719998836517334,2.430999994277954,2.440999984741211,48058400.0,44357944.0,838121.75
2020-12-25,2.444000005722046,2.4630000591278076,2.4200000762939453,2.4519999027252197,131644000.0,121261208.0,838121.75
2020-12-28,2.447000026702881,2.4549999237060547,2.424999952316284,2.444000005722046,28841600.0,26543056.0,838121.75
2020-12-29,2.440999984741211,2.4579999446868896,2.424999952316284,2.430999994277954,29457000.0,27099182.0,838121.75
2020-12-30,2.427999973297119,2.444000005722046,2.4140000343322754,2.436000108718872,30098400.0,27665512.0,838121.75
2020-12-31,2.450000047683716,2.490999937057495,2.440999984741211,2.48799991607666,91833904.0,85482632.0,838121.75
2021-01-04,2.493000030517578,2.5450000762939453,2.48799991607666,2.5369999408721924,112152000.0,106470264.0,838121.75
2021-01-05,2.5320000648498535,2.5510001182556152,2.513000011444092,2.5429999828338623,68144800.0,65130284.0,838121.75
2021-01-06,2.5290000438690186,2.5480000972747803,2.496000051498413,2.515000104904175,52201100.0,49483596.0,838121.75
2021-01-07,2.515000104904175,2.515000104904175,2.450000047683716,2.4739999771118164,61505000.0,57483256.0,838121.75
2021-01-08,2.4719998836517334,2.493000030517578,2.440999984741211,2.4609999656677246,48041000.0,44772628.0,838121.75
2021-01-11,2.444000005722046,2.4630000591278076,2.4059998989105225,2.4170000553131104,52583200.0,48343136.0,838121.75
2021-01-12,2.4170000553131104,2.4690001010894775,2.4000000953674316,2.4660000801086426,52862876.0,48674432.0,838121.75
2021-01-13,2.4660000801086426,2.4690001010894775,2.421999931335449,2.436000108718872,41738024.0,38404496.0,838121.75
2021-01-14,2.436000108718872,2.4609999656677246,2.4059998989105225,2.433000087738037,98221104.0,90443536.0,838121.75
2021-01-15,2.433000087738037,2.4519999027252197,2.4059998989105225,2.447000026702881,66218600.0,60746588.0,838121.75
2021-01-18,2.438999891281128,2.506999969482422,2.436000108718872,2.502000093460083,63856200.0,59621176.0,838121.75
2021-01-19,2.513000011444092,2.515000104904175,2.4690001010894775,2.4769999980926514,61420500.0,57628860.0,838121.75
2021-01-20,2.48799991607666,2.496000051498413,2.4660000801086426,2.490999937057495,55605000.0,52022104.0,838121.75
2021-01-21,2.4830000400543213,2.5350000858306885,2.4830000400543213,2.5209999084472656,57680500.0,54667432.0,838121.75
2021-01-22,2.5239999294281006,2.5239999294281006,2.493000030517578,2.515000104904175,56417600.0,53328928.0,838121.75
2021-01-25,2.5209999084472656,2.5209999084472656,2.484999895095825,2.48799991607666,45488600.0,42911820.0,838121.75
2021-01-26,2.4800000190734863,2.490999937057495,2.447000026702881,2.4519999027252197,41450800.0,38498444.0,838121.75
2021-01-27,2.4519999027252197,2.4549999237060547,2.4170000553131104,2.450000047683716,45719500.0,42046072.0,838121.75
2021-01-28,2.427999973297119,2.4579999446868896,2.4000000953674316,2.4000000953674316,73051104.0,66906568.0,838121.75
2021-01-29,2.4170000553131104,2.421999931335449,2.3320000171661377,2.365000009536743,64475400.0,57831708.0,838121.75
2021-02-01,2.365000009536743,2.384000062942505,2.3540000915527344,2.38100004196167,32510700.0,29081660.0,838121.75
2021-02-02,2.38700008392334,2.4030001163482666,2.361999988555908,2.4030001163482666,49600400.0,44665500.0,838121.75
2021-02-03,2.4030001163482666,2.4059998989105225,2.361999988555908,2.365000009536743,38925700.0,35020740.0,838121.75
2021-02-04,2.3510000705718994,2.3570001125335693,2.2769999504089355,2.312999963760376,68098096.0,59468764.0,838121.75
2021-02-05,2.309999942779541,2.3269999027252197,2.2660000324249268,2.2690000534057617,59388456.0,51631004.0,838121.75
2021-02-08,2.2750000953674316,2.296999931335449,2.109999895095825,2.2799999713897705,61163744.0,52471376.0,838121.75
2021-02-09,2.2799999713897705,2.3570001125335693,2.2769999504089355,2.3540000915527344,84550400.0,74347856.0,838121.75
2021-02-10,2.3570001125335693,2.369999885559082,2.3380000591278076,2.368000030517578,73997296.0,65766132.0,838121.75
2021-02-18,2.4059998989105225,2.424999952316284,2.38700008392334,2.4200000762939453,92454600.0,84093352.0,838121.75
2021-02-19,2.4170000553131104,2.4660000801086426,2.3949999809265137,2.4630000591278076,91303400.0,83692312.0,838121.75
2021-02-22,2.4830000400543213,2.513000011444092,2.4519999027252197,2.4660000801086426,216618000.0,203273552.0,838121.75
2021-02-23,2.427999973297119,2.4630000591278076,2.4170000553131104,2.438999891281128,129466448.0,118958560.0,838121.75
2021-02-24,2.424999952316284,2.4609999656677246,2.3949999809265137,2.421999931335449,145579200.0,133550680.0,838121.75
2021-02-25,2.444000005722046,2.447000026702881,2.3980000019073486,2.4110000133514404,88858000.0,80881440.0,838121.75
2021-02-26,2.38100004196167,2.3980000019073486,2.3589999675750732,2.372999906539917,88954200.0,79887136.0,838121.75
2021-03-01,2.375999927520752,2.440999984741211,2.375999927520752,2.438999891281128,117446400.0,107524104.0,838121.75
2021-03-02,2.4519999027252197,2.4549999237060547,2.4110000133514404,2.438999891281128,136784800.0,125636888.0,838121.75
2021-03-03,2.436000108718872,2.4690001010894775,2.421999931335449,2.4690001010894775,100741200.0,92853112.0,838121.75
2021-03-04,2.440999984741211,2.4609999656677246,2.4110000133514404,2.427999973297119,188474704.0,172949536.0,838121.75
2021-03-05,2.4000000953674316,2.438999891281128,2.390000104904175,2.430999994277954,109825248.0,100003344.0,838121.75
2021-03-08,2.450000047683716,2.4519999027252197,2.365000009536743,2.368000030517578,106500704.0,97082024.0,838121.75
2021-03-09,2.3570001125335693,2.369999885559082,2.257999897003174,2.2990000247955322,116847904.0,102076360.0,838121.75
2021-03-10,2.309999942779541,2.3239998817443848,2.2720000743865967,2.2720000743865967,83166496.0,71949496.0,838121.75
2021-03-11,2.2750000953674316,2.3399999141693115,2.2660000324249268,2.3380000591278076,96979904.0,84650448.0,838121.75
2021-03-12,2.3429999351501465,2.3459999561309814,2.306999921798706,2.3429999351501465,82832896.0,72722464.0,838121.75
2021-03-15,2.3289999961853027,2.3429999351501465,2.296999931335449,2.318000078201294,107775600.0,94554336.0,838121.75
2021-03-16,2.321000099182129,2.3459999561309814,2.302000045776367,2.3459999561309814,105827144.0,93005648.0,838121.75
2021-03-17,2.3399999141693115,2.3589999675750732,2.315999984741211,2.3540000915527344,95267504.0,84292864.0,838121.75
2021-03-18,2.3399999141693115,2.372999906539917,2.3399999141693115,2.3570001125335693,105445000.0,93977496.0,838121.75
2021-03-19,2.3350000381469727,2.368000030517578,2.3269999027252197,2.3510000705718994,118641600.0,105314272.0,838121.75
2021-03-22,2.3429999351501465,2.3949999809265137,2.3429999351501465,2.3919999599456787,118009696.0,105845488.0,838121.75
2021-03-23,2.3919999599456787,2.4000000953674316,2.3510000705718994,2.369999885559082,123421104.0,110622480.0,838121.75
2021-03-24,2.3480000495910645,2.3589999675750732,2.315999984741211,2.318000078201294,102848000.0,90729536.0,838121.75
2021-03-25,2.315999984741211,2.3429999351501465,2.2990000247955322,2.3239998817443848,145956160.0,128038040.0,838121.75
2021-03-26,2.3269999027252197,2.372999906539917,2.3269999027252197,2.365000009536743,131944440.0,117245384.0,838121.75
2021-03-29,2.3510000705718994,2.3919999599456787,2.3510000705718994,2.369999885559082,95699200.0,85929880.0,838121.75
2021-03-30,2.368000030517578,2.372999906539917,2.3510000705718994,2.368000030517578,85531800.0,76338320.0,838121.75
2021-03-31,2.3589999675750732,2.369999885559082,2.3480000495910645,2.368000030517578,93747504.0,83581168.0,838121.75
2021-04-01,2.365000009536743,2.390000104904175,2.361999988555908,2.38100004196167,93197504.0,83573464.0,838121.75
2021-04-02,2.3919999599456787,2.3949999809265137,2.378999948501587,2.384000062942505,89682200.0,80844032.0,838121.75
2021-04-06,2.390000104904175,2.4170000553131104,2.38700008392334,2.4140000343322754,138376800.0,125604736.0,838121.75
2021-04-07,2.4170000553131104,2.4170000553131104,2.3919999599456787,2.4140000343322754,130133104.0,118074088.0,838121.75
2021-04-08,2.4140000343322754,2.4170000553131104,2.3980000019073486,2.4089999198913574,126817696.0,115266448.0,838121.75
2021-04-09,2.4000000953674316,2.4110000133514404,2.3949999809265137,2.4110000133514404,169768096.0,154107760.0,838121.75
2021-04-12,2.4089999198913574,2.4110000133514404,2.3480000495910645,2.3510000705718994,134909904.0,120991112.0,838121.75
2021-04-13,2.3510000705718994,2.361999988555908,2.3320000171661377,2.3429999351501465,129398000.0,114635712.0,838121.75
2021-04-14,2.3429999351501465,2.378999948501587,2.3380000591278076,2.375999927520752,128498800.0,114414568.0,838121.75
2021-04-15,2.372999906539917,2.372999906539917,2.3480000495910645,2.369999885559082,98351296.0,87634968.0,838121.75
2021-04-16,2.372999906539917,2.4059998989105225,2.368000030517578,2.4030001163482666,117552096.0,106052888.0,838121.75
2021-04-19,2.4000000953674316,2.444000005722046,2.3919999599456787,2.433000087738037,148141104.0,135635536.0,838121.75
2021-04-20,2.433000087738037,2.450000047683716,2.302000045776367,2.427999973297119,139395600.0,128204968.0,838121.75
2021-04-21,2.4089999198913574,2.436000108718872,2.4059998989105225,2.430999994277954,124813800.0,114161216.0,838121.75
2021-04-22,2.430999994277954,2.444000005722046,2.430999994277954,2.440999984741211,108700896.0,100008176.0,838121.75
2021-04-23,2.444000005722046,2.444000005722046,2.4200000762939453,2.433000087738037,120140704.0,110171936.0,838121.75
2021-04-26,2.433000087738037,2.4609999656677246,2.4170000553131104,2.4170000553131104,117076600.0,107847120.0,838121.75
2021-04-27,2.4140000343322754,2.427999973297119,2.38700008392334,2.4110000133514404,123116600.0,111717352.0,838121.75
2021-04-28,2.4000000953674316,2.427999973297119,2.3980000019073486,2.424999952316284,127273200.0,116063848.0,838121.75
2021-04-29,2.427999973297119,2.433000087738037,2.4140000343322754,2.4140000343322754,122070800.0,111610008.0,838121.75
2021-04-30,2.4170000553131104,2.4170000553131104,2.3919999599456787,2.4089999198913574,118043600.0,107194928.0,838121.75
2021-05-06,2.3949999809265137,2.421999931335449,2.3949999809265137,2.4170000553131104,132693504.0,120730616.0,838121.75
2021-05-07,2.4170000553131104,2.4200000762939453,2.38700008392334,2.390000104904175,133490200.0,121162760.0,838121.75
2021-05-10,2.390000104904175,2.3949999809265137,2.375999927520752,2.390000104904175,140554304.0,126621736.0,838121.75
2021-05-11,2.372999906539917,2.3980000019073486,2.3510000705718994,2.390000104904175,154575696.0,138704896.0,838121.75
2021-05-12,2.38100004196167,2.438999891281128,2.378999948501587,2.433000087738037,131129296.0,118934024.0,838121.75
2021-05-13,2.4110000133514404,2.430999994277954,2.4030001163482666,2.4089999198913574,119540096.0,109029952.0,838121.75
2021-05-14,2.4170000553131104,2.4579999446868896,2.4089999198913574,2.4549999237060547,134261296.0,123063664.0,838121.75
2021-05-17,2.450000047683716,2.4609999656677246,2.430999994277954,2.438999891281128,126538000.0,116584824.0,838121.75
2021-05-18,2.433000087738037,2.4549999237060547,2.427999973297119,2.4549999237060547,126179400.0,116162552.0,838121.75
2021-05-19,2.447000026702881,2.4579999446868896,2.440999984741211,2.450000047683716,113425296.0,104862568.0,838121.75
2021-05-20,2.450000047683716,2.4630000591278076,2.438999891281128,2.4519999027252197,104738704.0,96792480.0,838121.75
2021-05-21,2.4519999027252197,2.4660000801086426,2.447000026702881,2.4609999656677246,115444704.0,106970256.0,838121.75
2021-05-24,2.4519999027252197,2.4800000190734863,2.450000047683716,2.4800000190734863,110453296.0,102594752.0,838121.75
2021-05-25,2.4800000190734863,2.515000104904175,2.4769999980926514,2.506999969482422,95478096.0,89879968.0,838121.75
2021-05-26,2.506999969482422,2.5320000648498535,2.503999948501587,2.5209999084472656,115837200.0,110090840.0,838121.75
2021-05-27,2.5179998874664307,2.5510001182556152,2.515000104904175,2.5510001182556152,139601296.0,133642424.0,838121.75
2021-05-28,2.553999900817871,2.565000057220459,2.5290000438690186,2.5369999408721924,148285504.0,142483424.0,838121.75
2021-05-31,2.5429999828338623,2.5950000286102295,2.5369999408721924,2.5950000286102295,136639808.0,132301176.0,838121.75
2021-06-01,2.5950000286102295,2.6059999465942383,2.578000068664551,2.6029999256134033,128019504.0,125078280.0,838121.75
2021-06-02,2.5999999046325684,2.6059999465942383,2.562000036239624,2.566999912261963,159081568.0,154871264.0,838121.75
2021-06-03,2.565000057220459,2.5950000286102295,2.559000015258789,2.566999912261963,128523696.0,124831960.0,838121.75
2021-06-04,2.555999994277954,2.5920000076293945,2.5429999828338623,2.5840001106262207,119307296.0,115822088.0,838121.75
2021-06-07,2.5889999866485596,2.621999979019165,2.5859999656677246,2.621999979019165,137211904.0,134784592.0,838121.75
2021-06-08,2.621999979019165,2.630000114440918,2.578000068664551,2.6029999256134033,142753296.0,140065232.0,838121.75
2021-06-09,2.5889999866485596,2.6059999465942383,2.5859999656677246,2.5999999046325684,131059504.0,128113720.0,838121.75
2021-06-10,2.6029999256134033,2.6470000743865967,2.5950000286102295,2.6410000324249268,199169504.0,196530368.0,838121.75
2021-06-11,2.6410000324249268,2.6519999504089355,2.6110000610351562,2.621999979019165,170061696.0,168163696.0,838121.75
2021-06-15,2.6059999465942383,2.61899995803833,2.5950000286102295,2.6029999256134033,180386400.0,177295168.0,838121.75
2021-06-16,2.5969998836517334,2.5999999046325684,2.5450000762939453,2.553999900817871,153949296.0,148901728.0,838121.75
2021-06-17,2.5450000762939453,2.5969998836517334,2.5450000762939453,2.5950000286102295,133854096.0,129687248.0,838121.75
2021-06-18,2.5840001106262207,2.632999897003174,2.5840001106262207,2.621999979019165,157160800.0,154527760.0,838121.75
2021-06-21,2.621999979019165,2.678999900817871,2.617000102996826,2.677000045776367,233183296.0,233126976.0,838121.75
2021-06-22,2.684999942779541,2.693000078201294,2.6579999923706055,2.6740000247955322,170237296.0,171004160.0,838121.75
2021-06-23,2.678999900817871,2.7100000381469727,2.6659998893737793,2.7070000171661377,135963504.0,137303984.0,838121.75
2021-06-24,2.7039999961853027,2.7039999961853027,2.6630001068115234,2.6689999103546143,176952304.0,178229664.0,838121.75
2021-06-25,2.6710000038146973,2.693000078201294,2.6579999923706055,2.681999921798706,142360192.0,143217696.0,838121.75
2021-06-28,2.687999963760376,2.7209999561309814,2.677000045776367,2.7039999961853027,166042000.0,169139824.0,838121.75
2021-06-29,2.7009999752044678,2.7149999141693115,2.677000045776367,2.681999921798706,138663200.0,140595648.0,838121.75
2021-06-30,2.678999900817871,2.7179999351501465,2.638000011444092,2.7179999351501465,150255696.0,152789008.0,838121.75
2021-07-01,2.7179999351501465,2.736999988555908,2.6659998893737793,2.6710000038146973,119198800.0,120977040.0,838121.75
2021-07-02,2.6579999923706055,2.6689999103546143,2.6080000400543213,2.6440000534057617,193665600.0,193582384.0,838121.75
2021-07-05,2.632999897003174,2.696000099182129,2.632999897003174,2.696000099182129,155932704.0,156634480.0,838121.75
2021-07-06,2.693000078201294,2.7070000171661377,2.6410000324249268,2.681999921798706,215074000.0,216862128.0,838121.75
2021-07-07,2.6630001068115234,2.7260000705718994,2.6519999504089355,2.7260000705718994,160380896.0,162409216.0,838121.75
2021-07-08,2.7260000705718994,2.744999885559082,2.7209999561309814,2.7339999675750732,167312992.0,171937088.0,838121.75
2021-07-09,2.7309999465942383,2.759000062942505,2.693000078201294,2.744999885559082,172346896.0,176445424.0,838121.75
2021-07-12,2.753000020980835,2.811000108718872,2.753000020980835,2.799999952316284,167965296.0,176049520.0,838121.75
2021-07-13,2.808000087738037,2.8239998817443848,2.7939999103546143,2.822000026702881,188005600.0,198394960.0,838121.75
2021-07-14,2.8269999027252197,2.8299999237060547,2.7780001163482666,2.7829999923706055,228808608.0,240609632.0,838121.75
2021-07-15,2.7699999809265137,2.7829999923706055,2.7290000915527344,2.7750000953674316,212838400.0,220883264.0,838121.75
2021-07-16,2.7750000953674316,2.815999984741211,2.76200008392334,2.7780001163482666,203310400.0,213297440.0,838121.75
2021-07-19,2.7639999389648438,2.7890000343322754,2.75600004196167,2.7750000953674316,183915904.0,191770192.0,838121.75
2021-07-20,2.744999885559082,2.799999952316284,2.744999885559082,2.796999931335449,163451296.0,170444576.0,838121.75
2021-07-21,2.799999952316284,2.859999895095825,2.796999931335449,2.8489999771118164,185362704.0,197421216.0,838121.75
2021-07-22,2.8550000190734863,2.874000072479248,2.8299999237060547,2.86299991607666,142672896.0,152808240.0,838121.75
2021-07-23,2.865999937057495,2.878999948501587,2.8329999446868896,2.8459999561309814,161835808.0,173609648.0,838121.75
2021-07-26,2.8410000801086426,2.8550000190734863,2.744999885559082,2.808000087738037,214455200.0,226553712.0,838121.75
2021-07-27,2.811000108718872,2.8410000801086426,2.7209999561309814,2.7260000705718994,246053152.0,258387760.0,838121.75
2021-07-28,2.7230000495910645,2.7230000495910645,2.5969998836517334,2.6710000038146973,213827392.0,214828848.0,838121.75
2021-07-29,2.693000078201294,2.7920000553131104,2.687999963760376,2.7780001163482666,208220896.0,215098016.0,838121.75
2021-07-30,2.7780001163482666,2.815999984741211,2.753000020980835,2.808000087738037,203422800.0,212799920.0,838121.75
2021-08-02,2.799999952316284,2.874000072479248,2.7939999103546143,2.871000051498413,177413104.0,188251664.0,838121.75
2021-08-03,2.8519999980926514,2.865999937057495,2.805000066757202,2.813999891281128,189429408.0,202130240.0,838121.75
2021-08-04,2.805000066757202,2.8929998874664307,2.7939999103546143,2.88700008392334,167500992.0,179188480.0,838121.75
2021-08-05,2.875999927520752,2.8929998874664307,2.8519999980926514,2.875999927520752,171449264.0,185032032.0,838121.75
2021-08-06,2.878999948501587,2.8929998874664307,2.859999895095825,2.8929998874664307,167128800.0,180534192.0,838121.75
2021-08-09,2.88700008392334,2.9010000228881836,2.8489999771118164,2.8959999084472656,197688800.0,213440544.0,838121.75
2021-08-10,2.8929998874664307,2.9230000972747803,2.881999969482422,2.9200000762939453,193122704.0,210827552.0,838121.75
2021-08-11,2.9200000762939453,2.947999954223633,2.8929998874664307,2.944999933242798,173087296.0,190049280.0,838121.75
2021-08-12,2.944999933242798,2.9749999046325684,2.937000036239624,2.9670000076293945,194808400.0,216197088.0,838121.75
2021-08-13,2.9639999866485596,2.990999937057495,2.941999912261963,2.9639999866485596,222543904.0,247900816.0,838121.75
2021-08-16,2.9590001106262207,2.9590001106262207,2.9170000553131104,2.9260001182556152,209819504.0,231274800.0,838121.75
2021-08-17,2.9149999618530273,2.930999994277954,2.8350000381469727,2.8410000801086426,220034816.0,238683488.0,838121.75
2021-08-18,2.8440001010894775,2.878999948501587,2.8350000381469727,2.871000051498413,249362288.0,267466912.0,838121.75
2021-08-19,2.8570001125335693,2.9040000438690186,2.8329999446868896,2.8959999084472656,211215808.0,227837440.0,838121.75
2021-08-20,2.884999990463257,2.9089999198913574,2.8440001010894775,2.9070000648498535,228224272.0,246428608.0,838121.75
2021-08-23,2.9089999198913574,2.9749999046325684,2.9040000438690186,2.9670000076293945,279976800.0,309708544.0,838121.75
2021-08-24,2.9860000610351562,3.009999990463257,2.947999954223633,2.996999979019165,228413760.0,255344144.0,838121.75
2021-08-25,2.990999937057495,3.005000114440918,2.9670000076293945,3.005000114440918,219959904.0,246355184.0,838121.75
2021-08-26,2.996999979019165,3.009999990463257,2.9609999656677246,2.9670000076293945,212276992.0,237729936.0,838121.75
2021-08-27,2.9560000896453857,2.9830000400543213,2.934000015258789,2.9749999046325684,261876800.0,291002208.0,838121.75
2021-08-30,2.9719998836517334,3.0269999504089355,2.9719998836517334,2.989000082015991,274933888.0,309751424.0,838121.75
2021-08-31,2.9830000400543213,2.996999979019165,2.9590001106262207,2.996999979019165,259163808.0,289814432.0,838121.75
2021-09-01,3.0,3.002000093460083,2.8959999084472656,2.938999891281128,233288800.0,258121600.0,838121.75
2021-09-02,2.934000015258789,2.9860000610351562,2.9149999618530273,2.9860000610351562,200945408.0,223591696.0,838121.75
2021-09-03,2.99399995803833,3.013000011444092,2.9200000762939453,2.953000068664551,257459392.0,286301664.0,838121.75
2021-09-06,2.953000068664551,3.002000093460083,2.9170000553131104,2.996999979019165,207151008.0,230253968.0,838121.75
2021-09-07,2.99399995803833,3.062000036239624,2.9860000610351562,3.053999900817871,239744496.0,272659616.0,838121.75
2021-09-08,3.052000045776367,3.0759999752044678,3.0460000038146973,3.072999954223633,200820400.0,230209744.0,838121.75
2021-09-09,3.062000036239624,3.071000099182129,3.0320000648498535,3.056999921798706,164757904.0,188393216.0,838121.75
2021-09-10,3.056999921798706,3.0840001106262207,3.0320000648498535,3.0789999961853027,255626832.0,293207616.0,838121.75
2021-09-13,3.068000078201294,3.0869998931884766,3.053999900817871,3.0820000171661377,146898000.0,169155520.0,838121.75
2021-09-14,3.0820000171661377,3.122999906539917,3.059999942779541,3.068000078201294,187254800.0,216876096.0,838121.75
2021-09-15,3.053999900817871,3.0980000495910645,3.0429999828338623,3.0950000286102295,165956080.0,191500208.0,838121.75
2021-09-16,3.1089999675750732,3.117000102996826,2.99399995803833,2.996999979019165,297108000.0,339032032.0,838121.75
2021-09-17,2.989000082015991,3.0190000534057617,2.9260001182556152,3.002000093460083,300067168.0,335461504.0,838121.75
2021-09-22,2.9690001010894775,3.0190000534057617,2.9609999656677246,3.0160000324249268,166636912.0,187030944.0,838121.75
2021-09-23,3.0269999504089355,3.0460000038146973,3.013000011444092,3.0239999294281006,171846000.0,195296368.0,838121.75
2021-09-24,3.0239999294281006,3.0239999294281006,2.9690001010894775,2.9800000190734863,209797792.0,235990336.0,838121.75
2021-09-27,2.9719998836517334,2.990999937057495,2.8570001125335693,2.881999969482422,230207008.0,252007584.0,838121.75
2021-09-28,2.878999948501587,2.9010000228881836,2.865999937057495,2.88700008392334,160132608.0,173663360.0,838121.75
2021-09-29,2.86299991607666,2.871000051498413,2.7829999923706055,2.7920000553131104,164413504.0,174105360.0,838121.75
2021-09-30,2.796999931335449,2.865999937057495,2.7939999103546143,2.859999895095825,165936192.0,176985408.0,838121.75
2021-10-08,2.884999990463257,2.9089999198913574,2.8570001125335693,2.875999927520752,131994800.0,142549120.0,838121.75
2021-10-11,2.86299991607666,2.875999927520752,2.8380000591278076,2.8570001125335693,147640000.0,158543040.0,838121.75
2021-10-12,2.8440001010894775,2.8489999771118164,2.750999927520752,2.7829999923706055,156593296.0,164292800.0,838121.75
2021-10-13,2.7699999809265137,2.822000026702881,2.76200008392334,2.815999984741211,131922352.0,138248704.0,838121.75
2021-10-14,2.7939999103546143,2.8519999980926514,2.7939999103546143,2.8410000801086426,144108608.0,153146464.0,838121.75
2021-10-15,2.8329999446868896,2.8519999980926514,2.815999984741211,2.8440001010894775,103673200.0,110547136.0,838121.75
2021-10-18,2.8269999027252197,2.874000072479248,2.8269999027252197,2.871000051498413,130704200.0,139818960.0,838121.75
2021-10-19,2.868000030517578,2.9070000648498535,2.8570001125335693,2.9040000438690186,132473200.0,143881392.0,838121.75
2021-10-20,2.8929998874664307,2.9230000972747803,2.878999948501587,2.9149999618530273,159664816.0,174032576.0,838121.75
2021-10-21,2.9070000648498535,2.9200000762939453,2.88700008392334,2.8929998874664307,132672304.0,144715328.0,838121.75
2021-10-22,2.8929998874664307,2.9119999408721924,2.868000030517578,2.874000072479248,200217296.0,217320864.0,838121.75
2021-10-25,2.878999948501587,2.9170000553131104,2.865999937057495,2.9170000553131104,130327296.0,141599488.0,838121.75
2021-10-26,2.9200000762939453,2.937000036239624,2.8959999084472656,2.9119999408721924,122191200.0,133876768.0,838121.75
2021-10-27,2.8980000019073486,2.9010000228881836,2.86299991607666,2.878999948501587,137241504.0,148100704.0,838121.75
2021-10-28,2.871000051498413,2.871000051498413,2.808000087738037,2.813999891281128,132352704.0,140939056.0,838121.75
2021-10-29,2.811000108718872,2.86299991607666,2.796999931335449,2.86299991607666,113079104.0,120351336.0,838121.75
2021-11-01,2.8489999771118164,2.8959999084472656,2.8410000801086426,2.884999990463257,106971000.0,115325248.0,838121.75
2021-11-02,2.878999948501587,2.9010000228881836,2.822000026702881,2.8550000190734863,124832896.0,134491504.0,838121.75
2021-11-03,2.8440001010894775,2.859999895095825,2.8239998817443848,2.8570001125335693,109243800.0,116618016.0,838121.75
2021-11-04,2.859999895095825,2.8980000019073486,2.859999895095825,2.8959999084472656,99834304.0,107984848.0,838121.75
2021-11-05,2.8959999084472656,2.8980000019073486,2.8519999980926514,2.8550000190734863,117392800.0,126847776.0,838121.75
2021-11-08,2.8550000190734863,2.874000072479248,2.8410000801086426,2.874000072479248,139179696.0,149598192.0,838121.75
2021-11-09,2.868000030517578,2.9200000762939453,2.868000030517578,2.9149999618530273,136147200.0,148049808.0,838121.75
2021-11-10,2.9149999618530273,2.9200000762939453,2.874000072479248,2.9170000553131104,149412304.0,162472720.0,838121.75
2021-11-11,2.9170000553131104,2.953000068664551,2.9070000648498535,2.947999954223633,140294800.0,154338032.0,838121.75
2021-11-12,2.947999954223633,2.989000082015991,2.938999891281128,2.9860000610351562,169535904.0,189057904.0,838121.75
2021-11-15,3.005000114440918,3.007999897003174,2.9609999656677246,2.9749999046325684,214361120.0,239322160.0,838121.75
2021-11-16,2.9719998836517334,2.9830000400543213,2.930999994277954,2.941999912261963,176519504.0,196276912.0,838121.75
2021-11-17,2.937000036239624,3.0,2.934000015258789,3.0,213854896.0,239000656.0,838121.75
2021-11-18,2.996999979019165,3.013000011444092,2.9719998836517334,2.989000082015991,243671600.0,273492864.0,838121.75
2021-11-19,2.9719998836517334,3.0299999713897705,2.9719998836517334,3.0269999504089355,211656896.0,238733552.0,838121.75
2021-11-22,3.0269999504089355,3.0950000286102295,3.0269999504089355,3.0929999351501465,257271808.0,295724128.0,838121.75
2021-11-23,3.0899999141693115,3.0929999351501465,3.071000099182129,3.0840001106262207,173040608.0,199861760.0,838121.75
2021-11-24,3.0820000171661377,3.0929999351501465,3.065000057220459,3.0820000171661377,192284800.0,221807568.0,838121.75
2021-11-25,3.0759999752044678,3.0840001106262207,3.062000036239624,3.071000099182129,158870592.0,183054304.0,838121.75
2021-11-26,3.065000057220459,3.0899999141693115,3.056999921798706,3.0789999961853027,152675104.0,176034160.0,838121.75
2021-11-29,3.053999900817871,3.1089999675750732,3.0409998893737793,3.1059999465942383,171074208.0,197955712.0,838121.75
2021-11-30,3.117000102996826,3.1389999389648438,3.0980000495910645,3.125,314695488.0,368257408.0,838121.75
2021-12-01,3.119999885559082,3.128000020980835,3.0980000495910645,3.128000020980835,277940704.0,324726208.0,838121.75
2021-12-02,3.117000102996826,3.119999885559082,3.0820000171661377,3.0869998931884766,216735904.0,251653696.0,838121.75
2021-12-03,3.0840001106262207,3.117000102996826,3.0759999752044678,3.1059999465942383,190447008.0,221109216.0,838121.75
2021-12-06,3.1059999465942383,3.1089999675750732,3.056999921798706,3.059999942779541,276130816.0,319757856.0,838121.75
2021-12-07,3.071000099182129,3.0980000495910645,2.989000082015991,3.009999990463257,289197792.0,327139968.0,838121.75
2021-12-08,3.0160000324249268,3.071000099182129,3.0160000324249268,3.062000036239624,214961696.0,245857712.0,838121.75
2021-12-09,3.062000036239624,3.0820000171661377,3.053999900817871,3.0820000171661377,187728400.0,216136736.0,838121.75
2021-12-10,3.071000099182129,3.135999917984009,3.062000036239624,3.117000102996826,149208400.0,172393808.0,838121.75
2021-12-13,3.0899999141693115,3.1040000915527344,3.072999954223633,3.0929999351501465,158148304.0,183158752.0,838121.75
2021-12-14,3.0789999961853027,3.1040000915527344,3.0759999752044678,3.1010000705718994,175168400.0,202935552.0,838121.75
2021-12-15,3.0929999351501465,3.1089999675750732,3.0759999752044678,3.0899999141693115,151535904.0,175862304.0,838121.75
2021-12-16,3.0950000286102295,3.1059999465942383,3.0820000171661377,3.1010000705718994,128243296.0,148764944.0,838121.75
2021-12-17,3.0980000495910645,3.1010000705718994,3.056999921798706,3.059999942779541,163187696.0,188212320.0,838121.75
2021-12-20,3.053999900817871,3.071000099182129,2.996999979019165,3.007999897003174,151204304.0,171622480.0,838121.75
2021-12-21,3.007999897003174,3.0460000038146973,3.002000093460083,3.0460000038146973,125246096.0,141973744.0,838121.75
2021-12-22,3.053999900817871,3.0759999752044678,3.0409998893737793,3.071000099182129,188264992.0,216342240.0,838121.75
2021-12-23,3.071000099182129,3.0840001106262207,3.053999900817871,3.071000099182129,128925504.0,148475968.0,838121.75
2021-12-24,3.071000099182129,3.0759999752044678,3.013000011444092,3.0190000534057617,162418304.0,184882784.0,838121.75
2021-12-27,3.007999897003174,3.0380001068115234,3.002000093460083,3.0190000534057617,97429504.0,110319048.0,838121.75
2021-12-28,3.0239999294281006,3.052000045776367,3.013000011444092,3.0490000247955322,121740600.0,138303392.0,838121.75
2021-12-29,3.052000045776367,3.056999921798706,3.0380001068115234,3.0490000247955322,118305800.0,135159792.0,838121.75
2021-12-30,3.0429999828338623,3.0840001106262207,3.0409998893737793,3.072999954223633,118753600.0,136704336.0,838121.75
2021-12-31,3.072999954223633,3.117000102996826,3.072999954223633,3.111999988555908,133492304.0,155141808.0,838121.75
2022-01-04,3.114000082015991,3.134000062942505,3.0820000171661377,3.0980000495910645,176572000.0,205276432.0,838121.75
2022-01-05,3.0980000495910645,3.0980000495910645,3.002000093460083,3.0160000324249268,221521888.0,252059248.0,838121.75
2022-01-06,2.996999979019165,3.053999900817871,2.989000082015991,3.0350000858306885,249138208.0,283037408.0,838121.75
2022-01-07,3.0409998893737793,3.0460000038146973,2.9690001010894775,2.9800000190734863,251008752.0,282931168.0,838121.75
2022-01-10,2.9609999656677246,3.005000114440918,2.953000068664551,2.99399995803833,195583392.0,219270720.0,838121.75
2022-01-11,2.989000082015991,3.007999897003174,2.9560000896453857,2.9639999866485596,171700704.0,191787824.0,838121.75
2022-01-12,2.9670000076293945,3.0209999084472656,2.9670000076293945,3.0190000534057617,158196000.0,177592272.0,838121.75
2022-01-13,3.009999990463257,3.0160000324249268,2.9609999656677246,2.9609999656677246,179900192.0,201500576.0,838121.75
2022-01-14,2.947999954223633,2.9860000610351562,2.934000015258789,2.9719998836517334,156366592.0,174201648.0,838121.75
2022-01-17,2.9670000076293945,3.0320000648498535,2.9670000076293945,3.0299999713897705,170533600.0,192543440.0,838121.75
2022-01-18,3.0269999504089355,3.0350000858306885,3.0,3.013000011444092,185688304.0,210166464.0,838121.75
2022-01-19,3.0,3.007999897003174,2.953000068664551,2.9690001010894775,172368992.0,192587904.0,838121.75
2022-01-20,2.9670000076293945,2.9670000076293945,2.9010000228881836,2.9040000438690186,189378000.0,208218704.0,838121.75
2022-01-21,2.8929998874664307,2.9040000438690186,2.8550000190734863,2.8570001125335693,177404800.0,191534624.0,838121.75
2022-01-24,2.8350000381469727,2.890000104904175,2.8350000381469727,2.874000072479248,196125504.0,211083712.0,838121.75
2022-01-25,2.8519999980926514,2.875999927520752,2.75600004196167,2.759000062942505,207524992.0,219535008.0,838121.75
2022-01-26,2.76200008392334,2.7939999103546143,2.736999988555908,2.7780001163482666,244276400.0,254104576.0,838121.75
2022-01-27,2.7639999389648438,2.7829999923706055,2.687999963760376,2.690000057220459,187843808.0,193361040.0,838121.75
2022-01-28,2.7070000171661377,2.7339999675750732,2.6470000743865967,2.7009999752044678,181605904.0,183910496.0,838121.75
2022-02-07,2.7230000495910645,2.740000009536743,2.7119998931884766,2.7290000915527344,190611792.0,195613520.0,838121.75
2022-02-08,2.7209999561309814,2.750999927520752,2.678999900817871,2.750999927520752,203031200.0,207125024.0,838121.75
2022-02-09,2.750999927520752,2.7920000553131104,2.7260000705718994,2.7890000343322754,165622864.0,171862272.0,838121.75
2022-02-10,2.7939999103546143,2.7939999103546143,2.75600004196167,2.7809998989105225,199984192.0,208572752.0,838121.75
2022-02-11,2.7699999809265137,2.7699999809265137,2.7119998931884766,2.7209999561309814,204316896.0,210837440.0,838121.75
2022-02-14,2.696000099182129,2.742000102996826,2.684999942779541,2.7009999752044678,170375296.0,173880992.0,838121.75
2022-02-15,2.7009999752044678,2.76200008392334,2.6989998817443848,2.759000062942505,195114096.0,200495488.0,838121.75
2022-02-16,2.7699999809265137,2.7890000343322754,2.759000062942505,2.7809998989105225,149374592.0,155764976.0,838121.75
2022-02-17,2.7780001163482666,2.813999891281128,2.75600004196167,2.7920000553131104,182123808.0,190956288.0,838121.75
2022-02-18,2.7780001163482666,2.811000108718872,2.76200008392334,2.802999973297119,146527584.0,153820032.0,838121.75
2022-02-21,2.799999952316284,2.8440001010894775,2.799999952316284,2.8380000591278076,127435696.0,135117360.0,838121.75
2022-02-22,2.819000005722046,2.8329999446868896,2.7920000553131104,2.822000026702881,253706800.0,267910832.0,838121.75
2022-02-23,2.8269999027252197,2.890000104904175,2.822000026702881,2.890000104904175,178153600.0,191675552.0,838121.75
2022-02-24,2.8570001125335693,2.8929998874664307,2.7730000019073486,2.819000005722046,271742400.0,290004672.0,838121.75
2022-02-25,2.8459999561309814,2.881999969482422,2.8329999446868896,2.8459999561309814,187810400.0,201465520.0,838121.75
2022-02-28,2.8489999771118164,2.875999927520752,2.815999984741211,2.871000051498413,182794896.0,195948448.0,838121.75
2022-03-01,2.878999948501587,2.890000104904175,2.8519999980926514,2.875999927520752,171323200.0,184565280.0,838121.75
2022-03-02,2.8550000190734863,2.875999927520752,2.8410000801086426,2.871000051498413,139743504.0,149976032.0,838121.75
2022-03-03,2.881999969482422,2.890000104904175,2.8329999446868896,2.8410000801086426,171074000.0,183211952.0,838121.75
2022-03-04,2.805000066757202,2.8489999771118164,2.7939999103546143,2.805000066757202,148372096.0,157419264.0,838121.75
2022-03-07,2.7860000133514404,2.7939999103546143,2.7209999561309814,2.7309999465942383,168639008.0,175007344.0,838121.75
2022-03-08,2.7309999465942383,2.744999885559082,2.638000011444092,2.6470000743865967,231520896.0,234197424.0,838121.75
2022-03-09,2.6470000743865967,2.6710000038146973,2.515000104904175,2.617000102996826,282951712.0,278572064.0,838121.75
2022-03-10,2.6659998893737793,2.7100000381469727,2.6600000858306885,2.681999921798706,226860000.0,228666480.0,838121.75
2022-03-11,2.635999917984009,2.7039999961853027,2.617000102996826,2.7009999752044678,229403504.0,229691776.0,838121.75
2022-03-14,2.6579999923706055,2.696000099182129,2.61899995803833,2.625,254311104.0,254871184.0,838121.75
2022-03-15,2.5999999046325684,2.621999979019165,2.490999937057495,2.496000051498413,225838496.0,218723648.0,838121.75
2022-03-16,2.5260000228881836,2.5950000286102295,2.438999891281128,2.5810000896453857,319926112.0,304421952.0,838121.75
2022-03-17,2.5950000286102295,2.6740000247955322,2.5950000286102295,2.630000114440918,334620608.0,332656896.0,838121.75
2022-03-18,2.6080000400543213,2.6600000858306885,2.6080000400543213,2.6579999923706055,168644896.0,167313088.0,838121.75
2022-03-21,2.678999900817871,2.696000099182129,2.6549999713897705,2.687999963760376,197691600.0,199043632.0,838121.75
2022-03-22,2.6740000247955322,2.7009999752044678,2.6600000858306885,2.6740000247955322,155703504.0,156931808.0,838121.75
2022-03-23,2.684999942779541,2.6989998817443848,2.6659998893737793,2.693000078201294,143145792.0,144681824.0,838121.75
2022-03-24,2.6710000038146973,2.687999963760376,2.6440000534057617,2.6579999923706055,159612192.0,159960096.0,838121.75
2022-03-25,2.6600000858306885,2.678999900817871,2.628000020980835,2.635999917984009,140199200.0,140386592.0,838121.75
2022-03-28,2.6080000400543213,2.638000011444092,2.5840001106262207,2.6080000400543213,161720896.0,158875440.0,838121.75
2022-03-29,2.621999979019165,2.625,2.5859999656677246,2.5920000076293945,123275504.0,120928232.0,838121.75
2022-03-30,2.6080000400543213,2.6600000858306885,2.5999999046325684,2.6549999713897705,321927008.0,319963968.0,838121.75
2022-03-31,2.6489999294281006,2.6519999504089355,2.6110000610351562,2.617000102996826,162497200.0,160879824.0,838121.75
2022-04-01,2.5859999656677246,2.625,2.578000068664551,2.61899995803833,143344992.0,140799136.0,838121.75
2022-04-06,2.6059999465942383,2.614000082015991,2.5859999656677246,2.6080000400543213,152841600.0,149630000.0,838121.75
2022-04-07,2.5920000076293945,2.614000082015991,2.553999900817871,2.555999994277954,139535904.0,135814368.0,838121.75
2022-04-08,2.555999994277954,2.565000057220459,2.499000072479248,2.5369999408721924,158530496.0,150952736.0,838121.75
2022-04-11,2.5179998874664307,2.5179998874664307,2.424999952316284,2.444000005722046,187338800.0,174672128.0,838121.75
2022-04-12,2.447000026702881,2.4769999980926514,2.4089999198913574,2.4739999771118164,185204192.0,170805072.0,838121.75
2022-04-13,2.450000047683716,2.4609999656677246,2.4200000762939453,2.427999973297119,237045296.0,218431744.0,838121.75
2022-04-14,2.444000005722046,2.4630000591278076,2.424999952316284,2.444000005722046,216584640.0,199203568.0,838121.75
2022-04-15,2.424999952316284,2.440999984741211,2.3949999809265137,2.4170000553131104,244503040.0,223040512.0,838121.75
2022-04-18,2.3980000019073486,2.440999984741211,2.372999906539917,2.438999891281128,165278944.0,150512016.0,838121.75
2022-04-19,2.424999952316284,2.4549999237060547,2.424999952316284,2.447000026702881,159277840.0,146797568.0,838121.75
2022-04-20,2.438999891281128,2.4519999027252197,2.390000104904175,2.3949999809265137,139614592.0,127920160.0,838121.75
2022-04-21,2.384000062942505,2.4000000953674316,2.2939999103546143,2.296999931335449,177634208.0,157758400.0,838121.75
2022-04-22,2.2829999923706055,2.296999931335449,2.25,2.2690000534057617,233380992.0,200364784.0,838121.75
2022-04-25,2.2200000286102295,2.2360000610351562,2.078000068664551,2.0910000801086426,286378112.0,233430032.0,838121.75
2022-04-26,2.078000068664551,2.1050000190734863,2.01200008392334,2.0230000019073486,429468288.0,336345472.0,838121.75
2022-04-27,2.006999969482422,2.131999969482422,1.9759999513626099,2.130000114440918,317713440.0,246550688.0,838121.75
2022-04-28,2.0999999046325684,2.138000011444092,2.0799999237060547,2.1019999980926514,248847168.0,199090544.0,838121.75
2022-04-29,2.124000072479248,2.2170000076293945,2.1050000190734863,2.2060000896453857,270054144.0,221514320.0,838121.75
2022-05-05,2.194999933242798,2.2660000324249268,2.1730000972747803,2.246999979019165,210221504.0,177547504.0,838121.75
2022-05-06,2.197999954223633,2.2360000610351562,2.187000036239624,2.2170000076293945,187618496.0,157099376.0,838121.75
2022-05-09,2.197999954223633,2.253000020980835,2.193000078201294,2.246999979019165,181066592.0,153277584.0,838121.75
2022-05-10,2.2119998931884766,2.2939999103546143,2.2060000896453857,2.2860000133514404,229851104.0,196775632.0,838121.75
2022-05-11,2.2939999103546143,2.368000030517578,2.2860000133514404,2.309999942779541,197092704.0,173833248.0,838121.75
2022-05-12,2.2880001068115234,2.3429999351501465,2.2880001068115234,2.3239998817443848,171771344.0,150641904.0,838121.75
2022-05-13,2.3350000381469727,2.3589999675750732,2.306999921798706,2.3429999351501465,213779392.0,187804336.0,838121.75
2022-05-16,2.3510000705718994,2.372999906539917,2.3289999961853027,2.3480000495910645,154720304.0,136979312.0,838121.75
2022-05-17,2.3399999141693115,2.361999988555908,2.312999963760376,2.3589999675750732,166148800.0,146698112.0,838121.75
2022-05-18,2.3589999675750732,2.384000062942505,2.3429999351501465,2.3589999675750732,215157696.0,192271408.0,838121.75
2022-05-19,2.3239998817443848,2.3919999599456787,2.315999984741211,2.390000104904175,153747008.0,136520160.0,838121.75
2022-05-20,2.384000062942505,2.4200000762939453,2.375999927520752,2.4110000133514404,206763808.0,187225712.0,838121.75
2022-05-23,2.4170000553131104,2.4549999237060547,2.4140000343322754,2.4519999027252197,161078096.0,147906640.0,838121.75
2022-05-24,2.438999891281128,2.450000047683716,2.3399999141693115,2.3480000495910645,218608800.0,199144512.0,838121.75
2022-05-25,2.3459999561309814,2.390000104904175,2.3380000591278076,2.390000104904175,229486704.0,204781264.0,838121.75
2022-05-26,2.384000062942505,2.424999952316284,2.3480000495910645,2.4110000133514404,249985056.0,225315968.0,838121.75
2022-05-27,2.4200000762939453,2.424999952316284,2.375999927520752,2.4059998989105225,240128608.0,218155904.0,838121.75
2022-05-30,2.3980000019073486,2.430999994277954,2.378999948501587,2.427999973297119,170957408.0,155258912.0,838121.75
2022-05-31,2.424999952316284,2.4630000591278076,2.4000000953674316,2.4519999027252197,254778464.0,234209776.0,838121.75
2022-06-01,2.438999891281128,2.4739999771118164,2.433000087738037,2.4630000591278076,157708992.0,146472448.0,838121.75
2022-06-02,2.4609999656677246,2.502000093460083,2.447000026702881,2.490999937057495,217687408.0,203180528.0,838121.75
2022-06-06,2.4830000400543213,2.565000057220459,2.4830000400543213,2.555999994277954,197848096.0,189190608.0,838121.75
2022-06-07,2.553999900817871,2.566999912261963,2.5320000648498535,2.5510001182556152,189636320.0,181899424.0,838121.75
2022-06-08,2.5450000762939453,2.5810000896453857,2.503999948501587,2.559000015258789,216399520.0,207617024.0,838121.75
2022-06-09,2.5399999618530273,2.553999900817871,2.496000051498413,2.513000011444092,201135600.0,191788720.0,838121.75
2022-06-10,2.496000051498413,2.572999954223633,2.490999937057495,2.569999933242798,151666720.0,145443984.0,838121.75
2022-06-13,2.555999994277954,2.5950000286102295,2.5290000438690186,2.5889999866485596,180324096.0,175102928.0,838121.75
2022-06-14,2.569999933242798,2.5920000076293945,2.496000051498413,2.5889999866485596,248182000.0,237791968.0,838121.75
2022-06-15,2.5810000896453857,2.625,2.5759999752044678,2.578000068664551,244263936.0,239116272.0,838121.75
2022-06-16,2.5759999752044678,2.625,2.5759999752044678,2.6029999256134033,192303488.0,188417792.0,838121.75
2022-06-17,2.578000068664551,2.635999917984009,2.566999912261963,2.632999897003174,235309952.0,230871424.0,838121.75
2022-06-20,2.632999897003174,2.6710000038146973,2.628000020980835,2.6579999923706055,207963808.0,207349760.0,838121.75
2022-06-21,2.6549999713897705,2.6600000858306885,2.6059999465942383,2.628000020980835,260978000.0,258883920.0,838121.75
2022-06-22,2.625,2.6440000534057617,2.5920000076293945,2.5950000286102295,230270192.0,227205632.0,838121.75
2022-06-23,2.5889999866485596,2.6600000858306885,2.578000068664551,2.6579999923706055,218000992.0,215176400.0,838121.75
2022-06-24,2.6579999923706055,2.7070000171661377,2.6579999923706055,2.687999963760376,280508992.0,283644864.0,838121.75
2022-06-27,2.693000078201294,2.7290000915527344,2.693000078201294,2.7179999351501465,277154432.0,282775168.0,838121.75
2022-06-28,2.7209999561309814,2.759000062942505,2.7070000171661377,2.753000020980835,407630016.0,419213888.0,838121.75
2022-06-29,2.744999885559082,2.750999927520752,2.678999900817871,2.693000078201294,289512160.0,295918624.0,838121.75
2022-06-30,2.684999942779541,2.7339999675750732,2.684999942779541,2.7149999141693115,234180608.0,239079952.0,838121.75
2022-07-01,2.7100000381469727,2.740000009536743,2.7009999752044678,2.7230000495910645,232389104.0,237741296.0,838121.75
2022-07-04,2.7230000495910645,2.753000020980835,2.696000099182129,2.747999906539917,233011584.0,239232752.0,838121.75
2022-07-05,2.744999885559082,2.7639999389648438,2.7009999752044678,2.740000009536743,289678592.0,297294048.0,838121.75
2022-07-06,2.7339999675750732,2.740000009536743,2.678999900817871,2.7039999961853027,342815008.0,349552064.0,838121.75
2022-07-07,2.7039999961853027,2.744999885559082,2.684999942779541,2.736999988555908,319969408.0,327392224.0,838121.75
2022-07-08,2.740000009536743,2.753000020980835,2.7179999351501465,2.7230000495910645,366907296.0,377504800.0,838121.75
2022-07-11,2.7070000171661377,2.7070000171661377,2.6519999504089355,2.681999921798706,411560608.0,414566176.0,838121.75
2022-07-12,2.678999900817871,2.687999963760376,2.630000114440918,2.632999897003174,365735904.0,365570688.0,838121.75
2022-07-13,2.632999897003174,2.6630001068115234,2.617000102996826,2.6549999713897705,390180704.0,388082528.0,838121.75
2022-07-14,2.6489999294281006,2.7039999961853027,2.6440000534057617,2.693000078201294,330690304.0,333705312.0,838121.75
2022-07-15,2.684999942779541,2.7119998931884766,2.6600000858306885,2.6630001068115234,376722912.0,381683872.0,838121.75
2022-07-18,2.6600000858306885,2.7100000381469727,2.6600000858306885,2.7039999961853027,588886592.0,595243520.0,838121.75
2022-07-19,2.7119998931884766,2.742000102996826,2.6989998817443848,2.7290000915527344,665445056.0,681408128.0,838121.75
2022-07-20,2.740000009536743,2.7699999809265137,2.7309999465942383,2.7699999809265137,896534592.0,929724160.0,838121.75
2022-07-21,2.7699999809265137,2.7809998989105225,2.750999927520752,2.753000020980835,1101913600.0,1146752384.0,838121.75
2022-07-22,2.75600004196167,2.7730000019073486,2.7070000171661377,2.7339999675750732,2112099456.0,2177814784.0,838121.75
2022-07-25,2.7290000915527344,2.747999906539917,2.690000057220459,2.696000099182129,1378870144.0,1408841600.0,838121.75
2022-07-26,2.6989998817443848,2.742000102996826,2.684999942779541,2.740000009536743,1731670784.0,1769540864.0,838121.75
2022-07-27,2.7339999675750732,2.7669999599456787,2.7230000495910645,2.7639999389648438,1755235712.0,1815134080.0,838121.75
2022-07-28,2.7699999809265137,2.802999973297119,2.7669999599456787,2.7860000133514404,2306744320.0,2414999040.0,838121.75
2022-07-29,2.7860000133514404,2.796999931335449,2.7669999599456787,2.7750000953674316,2657804032.0,2776871936.0,838121.75
2022-08-01,2.753000020980835,2.796999931335449,2.740000009536743,2.7920000553131104,2057282816.0,2140873472.0,838121.75
2022-08-02,2.7639999389648438,2.7639999389648438,2.6659998893737793,2.7119998931884766,2398603520.0,2449979904.0,838121.75
2022-08-03,2.7039999961853027,2.753000020980835,2.678999900817871,2.690000057220459,1864187392.0,1914230272.0,838121.75
2022-08-04,2.693000078201294,2.7100000381469727,2.6579999923706055,2.7039999961853027,2222752000.0,2245173504.0,838121.75
2022-08-05,2.696000099182129,2.7669999599456787,2.696000099182129,2.7669999599456787,1626924160.0,1671818496.0,838121.75
2022-08-08,2.75600004196167,2.796999931335449,2.750999927520752,2.7890000343322754,1313181696.0,1369460096.0,838121.75
2022-08-09,2.7860000133514404,2.808000087738037,2.7669999599456787,2.802999973297119,1074153600.0,1126017280.0,838121.75
2022-08-10,2.7829999923706055,2.811000108718872,2.7829999923706055,2.802999973297119,1249437824.0,1314816896.0,838121.75
2022-08-11,2.819000005722046,2.8440001010894775,2.805000066757202,2.8410000801086426,1756925056.0,1866189568.0,838121.75
2022-08-12,2.8329999446868896,2.8489999771118164,2.811000108718872,2.813999891281128,1258496768.0,1338721024.0,838121.75
2022-08-15,2.802999973297119,2.8440001010894775,2.796999931335449,2.8329999446868896,1354282752.0,1438985472.0,838121.75
2022-08-16,2.8329999446868896,2.868000030517578,2.8269999027252197,2.8489999771118164,1382876032.0,1479456128.0,838121.75
2022-08-17,2.8550000190734863,2.859999895095825,2.8299999237060547,2.8519999980926514,1424545792.0,1523582208.0,838121.75
2022-08-18,2.8410000801086426,2.868000030517578,2.8410000801086426,2.865999937057495,1316119552.0,1411036032.0,838121.75
2022-08-19,2.865999937057495,2.874000072479248,2.813999891281128,2.815999984741211,1271451008.0,1356319232.0,838121.75
2022-08-22,2.805000066757202,2.8410000801086426,2.7860000133514404,2.8329999446868896,1503747968.0,1592416640.0,838121.75
2022-08-23,2.8239998817443848,2.8459999561309814,2.822000026702881,2.8459999561309814,1534624128.0,1633312768.0,838121.75
2022-08-24,2.8350000381469727,2.8459999561309814,2.7309999465942383,2.740000009536743,1957799936.0,2038235136.0,838121.75
2022-08-25,2.736999988555908,2.744999885559082,2.696000099182129,2.7309999465942383,1422668544.0,1453942784.0,838121.75
2022-08-26,2.7260000705718994,2.76200008392334,2.7039999961853027,2.7149999141693115,1261257600.0,1297340032.0,838121.75
2022-08-29,2.681999921798706,2.7339999675750732,2.6659998893737793,2.7260000705718994,1381520640.0,1411143168.0,838121.75
2022-08-30,2.7260000705718994,2.7309999465942383,2.6989998817443848,2.7119998931884766,1705091584.0,1740716928.0,838121.75
2022-08-31,2.6989998817443848,2.7119998931884766,2.617000102996826,2.625,2225654016.0,2218564096.0,838121.75
2022-09-01,2.6110000610351562,2.6470000743865967,2.5969998836517334,2.6080000400543213,1938057856.0,1913593088.0,838121.75
2022-09-02,2.6080000400543213,2.6080000400543213,2.6080000400543213,2.6080000400543213,0.0,0.0,838121.75
2022-09-05,2.619999885559082,2.6549999713897705,2.6110000610351562,2.634999990463257,633825088.0,1717475072.0,-838121.75
2022-09-06,2.6470000743865967,2.688999891281128,2.631999969482422,2.687999963760376,674322944.0,1845902336.0,838121.75
2022-09-07,2.680999994277954,2.7170000076293945,2.6760001182556152,2.7049999237060547,555030976.0,1542329728.0,838121.75
2022-09-08,2.7079999446868896,2.7139999866485596,2.680000066757202,2.683000087738037,524612736.0,1453693568.0,838121.75
2022-09-09,2.681999921798706,2.693000078201294,2.6640000343322754,2.690999984741211,722136384.0,1993022848.0,838121.75
2022-09-13,2.694999933242798,2.7070000171661377,2.6730000972747803,2.681999921798706,580203392.0,1602544896.0,838121.75
2022-09-14,2.6519999504089355,2.6619999408721924,2.635999917984009,2.6510000228881836,576729792.0,1573772416.0,838121.75
2022-09-15,2.6530001163482666,2.6659998893737793,2.5350000858306885,2.565999984741211,884034112.0,2357531648.0,838121.75
2022-09-16,2.5480000972747803,2.572000026702881,2.507999897003174,2.51200008392334,763758016.0,2002734592.0,838121.75
2022-09-19,2.499000072479248,2.5220000743865967,2.4630000591278076,2.4830000400543213,677549632.0,1737417472.0,838121.75
2022-09-20,2.490999937057495,2.5380001068115234,2.4830000400543213,2.51200008392334,519368832.0,1346705408.0,838121.75
2022-09-21,2.507999897003174,2.5250000953674316,2.4730000495910645,2.51200008392334,679774016.0,1752778112.0,838121.75
2022-09-22,2.490000009536743,2.5460000038146973,2.484999895095825,2.5169999599456787,561180032.0,1460124672.0,838121.75
2022-09-23,2.5190000534057617,2.5260000228881836,2.443000078201294,2.4690001010894775,755488256.0,1933104384.0,838121.75
2022-09-26,2.4489998817443848,2.486999988555908,2.431999921798706,2.434000015258789,739191040.0,1876452864.0,838121.75
2022-09-27,2.437999963760376,2.484999895095825,2.436000108718872,2.4820001125335693,921845696.0,2336076032.0,838121.75
2022-09-28,2.4719998836517334,2.4820001125335693,2.4049999713897705,2.4070000648498535,605384768.0,1523978368.0,838121.75
2022-09-29,2.427000045776367,2.446000099182129,2.3970000743865967,2.4159998893737793,714745728.0,1791369216.0,838121.75
2022-09-30,2.4159998893737793,2.4210000038146973,2.367000102996826,2.368000030517578,643349632.0,1588977280.0,838121.75
2022-10-10,2.361999988555908,2.38100004196167,2.303999900817871,2.316999912261963,575005440.0,1396159232.0,838121.75
2022-10-11,2.315000057220459,2.3350000381469727,2.2980000972747803,2.322999954223633,565388096.0,1354456576.0,838121.75
2022-10-12,2.319999933242798,2.3949999809265137,2.2839999198913574,2.3940000534057617,869946624.0,2079678976.0,838121.75
2022-10-13,2.378000020980835,2.444999933242798,2.372999906539917,2.4210000038146973,851156800.0,2127523712.0,838121.75
2022-10-14,2.434000015258789,2.494999885559082,2.431999921798706,2.48799991607666,573386112.0,1459856512.0,838121.75
2022-10-17,2.4709999561309814,2.5139999389648438,2.4639999866485596,2.503000020980835,607451072.0,1561829376.0,838121.75
2022-10-18,2.51200008392334,2.5399999618530273,2.49399995803833,2.5199999809265137,641022848.0,1662723200.0,838121.75
2022-10-19,2.510999917984009,2.5369999408721924,2.500999927520752,2.505000114440918,545975168.0,1417291648.0,838121.75
2022-10-20,2.484999895095825,2.5360000133514404,2.4519999027252197,2.496999979019165,1041066432.0,2666656512.0,838121.75
2022-10-21,2.492000102996826,2.510999917984009,2.4719998836517334,2.492000102996826,601207808.0,1545096576.0,838121.75
2022-10-24,2.492000102996826,2.549999952316284,2.4489998817443848,2.4820001125335693,839858752.0,2169000192.0,838121.75
2022-10-25,2.4570000171661377,2.4860000610351562,2.4179999828338623,2.4609999656677246,687043840.0,1740297344.0,838121.75
2022-10-26,2.4609999656677246,2.5460000038146973,2.4609999656677246,2.5220000743865967,1227081472.0,3179036928.0,838121.75
2022-10-27,2.5320000648498535,2.5409998893737793,2.500999927520752,2.506999969482422,805151232.0,2094327168.0,838121.75
2022-10-28,2.48799991607666,2.502000093460083,2.4019999504089355,2.4119999408721924,810032704.0,2051721088.0,838121.75
2022-10-31,2.3929998874664307,2.4639999866485596,2.3929998874664307,2.437999963760376,720630400.0,1808795904.0,838121.75
2022-11-01,2.440999984741211,2.506999969482422,2.428999900817871,2.50600004196167,898203584.0,2287150080.0,838121.75
2022-11-02,2.502000093460083,2.5429999828338623,2.49399995803833,2.5309998989105225,643597184.0,1672852864.0,838121.75
2022-11-03,2.5160000324249268,2.553999900817871,2.5139999389648438,2.5439999103546143,489712096.0,1280525312.0,838121.75
2022-11-04,2.5439999103546143,2.615999937057495,2.5409998893737793,2.61299991607666,749760320.0,1998600192.0,838121.75
2022-11-07,2.6089999675750732,2.625,2.5810000896453857,2.6019999980926514,645691904.0,1732475264.0,838121.75
2022-11-08,2.5950000286102295,2.6019999980926514,2.5789999961853027,2.6010000705718994,622768128.0,1660098304.0,838121.75
2022-11-09,2.5989999771118164,2.615999937057495,2.5810000896453857,2.5889999866485596,569279104.0,1521126912.0,838121.75
2022-11-10,2.5759999752044678,2.5850000381469727,2.555000066757202,2.563999891281128,770109568.0,2037062272.0,838121.75
2022-11-11,2.630000114440918,2.6389999389648438,2.572000026702881,2.5739998817443848,1013156928.0,2716745984.0,838121.75
2022-11-14,2.5739998817443848,2.5989999771118164,2.5439999103546143,2.555999994277954,921674944.0,2440465152.0,838121.75
2022-11-15,2.5460000038146973,2.61899995803833,2.5460000038146973,2.618000030517578,646611008.0,1727769216.0,838121.75
2022-11-16,2.618000030517578,2.628000020980835,2.5940001010894775,2.5980000495910645,623646784.0,1675098880.0,838121.75
2022-11-17,2.5920000076293945,2.6070001125335693,2.569999933242798,2.6040000915527344,657899328.0,1749532544.0,838121.75
2022-11-18,2.6050000190734863,2.619999885559082,2.5759999752044678,2.5820000171661377,778965696.0,2088969984.0,838121.75
2022-11-21,2.563999891281128,2.5959999561309814,2.553999900817871,2.5929999351501465,496754208.0,1319603200.0,838121.75
2022-11-22,2.5850000381469727,2.5940001010894775,2.5390000343322754,2.555000066757202,1039718976.0,2750271232.0,838121.75
2022-11-23,2.546999931335449,2.559000015258789,2.5,2.5490000247955322,570617984.0,1487260544.0,838121.75
2022-11-24,2.549999952316284,2.563999891281128,2.5360000133514404,2.552000045776367,534454272.0,1404428672.0,838121.75
2022-11-25,2.5450000762939453,2.546999931335449,2.5209999084472656,2.5260000228881836,376447648.0,983042432.0,838121.75
2022-11-28,2.4860000610351562,2.5220000743865967,2.4769999980926514,2.5160000324249268,539533056.0,1395653120.0,838121.75
2022-11-29,2.5209999084472656,2.568000078201294,2.5190000534057617,2.555999994277954,719349120.0,1889618304.0,838121.75
2022-11-30,2.555999994277954,2.565000057220459,2.5420000553131104,2.552999973297119,577616960.0,1521102080.0,838121.75
2022-12-01,2.5859999656677246,2.6019999980926514,2.572999954223633,2.5799999237060547,533170784.0,1421647104.0,838121.75
2022-12-02,2.566999912261963,2.6110000610351562,2.566999912261963,2.5880000591278076,509691936.0,1362192512.0,838121.75
2022-12-05,2.6019999980926514,2.609999895095825,2.5859999656677246,2.6010000705718994,530353888.0,1418833408.0,838121.75
2022-12-06,2.5929999351501465,2.615000009536743,2.5810000896453857,2.5980000495910645,628236992.0,1680162816.0,838121.75
2022-12-07,2.5959999561309814,2.61299991607666,2.5820000171661377,2.5959999561309814,536437920.0,1436092544.0,838121.75
2022-12-08,2.5959999561309814,2.5980000495910645,2.575000047683716,2.5840001106262207,634540608.0,1690488448.0,838121.75
2022-12-09,2.5810000896453857,2.5969998836517334,2.566999912261963,2.5910000801086426,596585792.0,1589009152.0,838121.75
2022-12-12,2.5920000076293945,2.5959999561309814,2.565999984741211,2.5810000896453857,464913280.0,1236504192.0,838121.75
2022-12-13,2.5769999027252197,2.5840001106262207,2.555000066757202,2.561000108718872,378381760.0,999837952.0,838121.75
2022-12-14,2.5510001182556152,2.572999954223633,2.5390000343322754,2.5460000038146973,487192864.0,1282499712.0,838121.75
2022-12-15,2.5399999618530273,2.562000036239624,2.5380001068115234,2.555000066757202,455036288.0,1196575488.0,838121.75
2022-12-16,2.5439999103546143,2.552000045776367,2.5190000534057617,2.5320000648498535,602666816.0,1571781248.0,838121.75
2022-12-19,2.5339999198913574,2.5390000343322754,2.4700000286102295,2.4800000190734863,645523968.0,1661540352.0,838121.75
2022-12-20,2.4769999980926514,2.4779999256134033,2.447000026702881,2.453000068664551,663007872.0,1685280256.0,838121.75
2022-12-21,2.4570000171661377,2.4609999656677246,2.4179999828338623,2.438999891281128,655439872.0,1649025024.0,838121.75
2022-12-22,2.444999933242798,2.447000026702881,2.385999917984009,2.4000000953674316,519880608.0,1297519104.0,838121.75
2022-12-23,2.388000011444092,2.4030001163482666,2.365999937057495,2.381999969482422,697672256.0,1720585472.0,838121.75
2022-12-26,2.384000062942505,2.433000087738037,2.384000062942505,2.4260001182556152,652356608.0,1627858944.0,838121.75
2022-12-27,2.437999963760376,2.447999954223633,2.4179999828338623,2.446000099182129,436343552.0,1096365824.0,838121.75
2022-12-28,2.440999984741211,2.440999984741211,2.421999931335449,2.428999900817871,590566208.0,1480593920.0,838121.75
2022-12-29,2.4100000858306885,2.447000026702881,2.4100000858306885,2.4240000247955322,573594880.0,1440040704.0,838121.75
2022-12-30,2.434999942779541,2.437999963760376,2.4210000038146973,2.428999900817871,610750464.0,1531111936.0,838121.75
2023-01-03,2.427000045776367,2.493000030517578,2.4230000972747803,2.4860000610351562,833131264.0,2122389760.0,838121.75
2023-01-04,2.4860000610351562,2.49399995803833,2.4690001010894775,2.4860000610351562,612666880.0,1569804800.0,838121.75
2023-01-05,2.490999937057495,2.5139999389648438,2.4820001125335693,2.513000011444092,535760160.0,1383678592.0,838121.75
2023-01-06,2.51200008392334,2.5329999923706055,2.507999897003174,2.5169999599456787,471440448.0,1225331456.0,838121.75
2023-01-09,2.5220000743865967,2.5460000038146973,2.5199999809265137,2.5290000438690186,517350784.0,1351434368.0,838121.75
2023-01-10,2.5260000228881836,2.5369999408721924,2.5160000324249268,2.5329999923706055,473122208.0,1234038144.0,838121.75
2023-01-11,2.5309998989105225,2.5439999103546143,2.509000062942505,2.5139999389648438,631917056.0,1646976256.0,838121.75
2023-01-12,2.51200008392334,2.5339999198913574,2.506999969482422,2.5139999389648438,540168576.0,1402660608.0,838121.75
2023-01-13,2.515000104904175,2.5320000648498535,2.509000062942505,2.5299999713897705,500134080.0,1297596416.0,838121.75
2023-01-16,2.5320000648498535,2.5739998817443848,2.5320000648498535,2.558000087738037,1184607360.0,3125566720.0,838121.75
2023-01-17,2.558000087738037,2.571000099182129,2.5510001182556152,2.555000066757202,659066816.0,1738202880.0,838121.75
2023-01-18,2.561000108718872,2.5769999027252197,2.556999921798706,2.562999963760376,573530496.0,1517258112.0,838121.75
2023-01-19,2.561000108718872,2.5950000286102295,2.552999973297119,2.5940001010894775,717334784.0,1906635904.0,838121.75
2023-01-20,2.5950000286102295,2.621999979019165,2.5950000286102295,2.61899995803833,1180884736.0,3175404032.0,838121.75
2023-01-30,2.6480000019073486,2.6610000133514404,2.628000020980835,2.630000114440918,853241920.0,2323781632.0,838121.75
2023-01-31,2.630000114440918,2.6489999294281006,2.621999979019165,2.6389999389648438,732282752.0,1990026368.0,838121.75
2023-02-01,2.6419999599456787,2.684000015258789,2.6410000324249268,2.683000087738037,716009408.0,1964224256.0,838121.75
2023-02-02,2.686000108718872,2.7100000381469727,2.680000066757202,2.687000036239624,791616768.0,2195554048.0,838121.75
2023-02-03,2.680000066757202,2.690999984741211,2.6459999084472656,2.684000015258789,725193792.0,1993929856.0,838121.75
2023-02-06,2.671999931335449,2.687000036239624,2.6559998989105225,2.677999973297119,652382784.0,1792418816.0,838121.75
2023-02-07,2.683000087738037,2.687000036239624,2.6589999198913574,2.686000108718872,1014239488.0,2789940480.0,838121.75
2023-02-08,2.687999963760376,2.690000057220459,2.6630001068115234,2.6670000553131104,671408640.0,1848719488.0,838121.75
2023-02-09,2.6589999198913574,2.7249999046325684,2.6540000438690186,2.7219998836517334,1018207232.0,2831834368.0,838121.75
2023-02-10,2.7190001010894775,2.7239999771118164,2.684000015258789,2.7079999446868896,778078016.0,2163615488.0,838121.75
2023-02-13,2.696000099182129,2.7360000610351562,2.696000099182129,2.7339999675750732,743431296.0,2084127744.0,838121.75
2023-02-14,2.7360000610351562,2.743000030517578,2.7249999046325684,2.740000009536743,545651136.0,1533864448.0,838121.75
2023-02-15,2.740999937057495,2.746000051498413,2.7290000915527344,2.739000082015991,475729088.0,1339282816.0,838121.75
2023-02-16,2.740000009536743,2.756999969482422,2.6659998893737793,2.688999891281128,861325568.0,2409548800.0,838121.75
2023-02-17,2.687999963760376,2.697000026702881,2.6579999923706055,2.6640000343322754,792904768.0,2183183104.0,838121.75
2023-02-20,2.6619999408721924,2.6989998817443848,2.6429998874664307,2.696000099182129,878528000.0,2413105408.0,838121.75
2023-02-21,2.697000026702881,2.7209999561309814,2.687000036239624,2.7090001106262207,547017408.0,1521501312.0,838121.75
2023-02-22,2.7039999961853027,2.7230000495910645,2.690999984741211,2.7170000076293945,469224384.0,1308269312.0,838121.75
2023-02-23,2.7160000801086426,2.7209999561309814,2.683000087738037,2.7039999961853027,462630144.0,1286200960.0,838121.75
2023-02-24,2.7019999027252197,2.7119998931884766,2.6740000247955322,2.694000005722046,531807232.0,1471456384.0,838121.75
2023-02-27,2.681999921798706,2.694000005722046,2.6619999408721924,2.6760001182556152,627338560.0,1729818880.0,838121.75
2023-02-28,2.6760001182556152,2.7009999752044678,2.6610000133514404,2.697999954223633,470768352.0,1300324096.0,838121.75
2023-03-01,2.697999954223633,2.7209999561309814,2.686000108718872,2.7179999351501465,414054624.0,1151899776.0,838121.75
2023-03-02,2.7170000076293945,2.7260000705718994,2.697999954223633,2.7049999237060547,440234240.0,1226444160.0,838121.75
2023-03-03,2.7049999237060547,2.7170000076293945,2.680999994277954,2.7009999752044678,529172480.0,1468998400.0,838121.75
2023-03-06,2.697999954223633,2.7179999351501465,2.684999942779541,2.7100000381469727,484486624.0,1346490880.0,838121.75
2023-03-07,2.7139999866485596,2.7139999866485596,2.6559998989105225,2.6600000858306885,510571904.0,1408574848.0,838121.75
2023-03-08,2.6429998874664307,2.674999952316284,2.6429998874664307,2.6679999828338623,447004320.0,1225599232.0,838121.75
2023-03-09,2.6679999828338623,2.677000045776367,2.6530001163482666,2.674999952316284,489564288.0,1344340992.0,838121.75
2023-03-10,2.6600000858306885,2.6649999618530273,2.632999897003174,2.634999990463257,565825152.0,1542374912.0,838121.75
2023-03-13,2.628999948501587,2.6510000228881836,2.614000082015991,2.6480000019073486,490390848.0,1328817920.0,838121.75
2023-03-14,2.6489999294281006,2.6489999294281006,2.5929999351501465,2.622999906539917,489143392.0,1319708544.0,838121.75
2023-03-15,2.634999990463257,2.6559998989105225,2.630000114440918,2.635999917984009,393010432.0,1069359424.0,838121.75
2023-03-16,2.630000114440918,2.63100004196167,2.5880000591278076,2.5950000286102295,458091904.0,1231143680.0,838121.75
2023-03-17,2.6070001125335693,2.631999969482422,2.6010000705718994,2.615000009536743,578056320.0,1558065664.0,838121.75
2023-03-20,2.617000102996826,2.627000093460083,2.5940001010894775,2.6040000915527344,467905984.0,1256752512.0,838121.75
2023-03-21,2.6029999256134033,2.640000104904175,2.6029999256134033,2.638000011444092,479668992.0,1297662720.0,838121.75
2023-03-22,2.6419999599456787,2.6530001163482666,2.638000011444092,2.6489999294281006,413803904.0,1127552640.0,838121.75
2023-03-23,2.6489999294281006,2.6610000133514404,2.6419999599456787,2.6589999198913574,465545440.0,1270437632.0,838121.75
2023-03-24,2.6600000858306885,2.6659998893737793,2.6510000228881836,2.6610000133514404,373613408.0,1022714368.0,838121.75
2023-03-27,2.6610000133514404,2.6740000247955322,2.6459999084472656,2.6649999618530273,379034400.0,1039194048.0,838121.75
2023-03-28,2.6760001182556152,2.6760001182556152,2.6429998874664307,2.6500000953674316,421252672.0,1151276288.0,838121.75
2023-03-29,2.6570000648498535,2.6689999103546143,2.631999969482422,2.640000104904175,482404064.0,1312196736.0,838121.75
2023-03-30,2.634999990463257,2.6429998874664307,2.619999885559082,2.6419999599456787,478108320.0,1295710720.0,838121.75
2023-03-31,2.640000104904175,2.6659998893737793,2.640000104904175,2.6640000343322754,397977760.0,1088187008.0,838121.75
2023-04-03,2.6670000553131104,2.703000068664551,2.6670000553131104,2.7009999752044678,555842560.0,1536801024.0,838121.75
2023-04-04,2.7060000896453857,2.7060000896453857,2.680999994277954,2.697000026702881,427621280.0,1184524288.0,838121.75
2023-04-06,2.690999984741211,2.7100000381469727,2.686000108718872,2.7060000896453857,415909696.0,1155886720.0,838121.75
2023-04-07,2.7060000896453857,2.734999895095825,2.703000068664551,2.7300000190734863,295888992.0,828967424.0,838121.75
2023-04-10,2.7360000610351562,2.73799991607666,2.6989998817443848,2.7049999237060547,361471744.0,1009642112.0,838121.75
2023-04-11,2.700000047683716,2.7139999866485596,2.694999933242798,2.7060000896453857,358809312.0,997824448.0,838121.75
2023-04-12,2.7100000381469727,2.7230000495910645,2.7060000896453857,2.7209999561309814,385695328.0,1077845504.0,838121.75
2023-04-13,2.7219998836517334,2.7230000495910645,2.7009999752044678,2.7039999961853027,355395648.0,991546304.0,838121.75
2023-04-14,2.7070000171661377,2.7239999771118164,2.697999954223633,2.7209999561309814,383831072.0,1071349440.0,838121.75
2023-04-17,2.7209999561309814,2.7260000705718994,2.7130000591278076,2.7230000495910645,293765696.0,821851072.0,838121.75
2023-04-18,2.7119998931884766,2.7249999046325684,2.7009999752044678,2.7119998931884766,355827008.0,992430016.0,838121.75
2023-04-19,2.7100000381469727,2.7190001010894775,2.696000099182129,2.700000047683716,337729536.0,941371328.0,838121.75
2023-04-20,2.696000099182129,2.7019999027252197,2.684000015258789,2.700000047683716,362947904.0,1005485312.0,838121.75
2023-04-21,2.697000026702881,2.6989998817443848,2.628999948501587,2.630000114440918,432114688.0,1185618944.0,838121.75
2023-04-24,2.630000114440918,2.635999917984009,2.5969998836517334,2.6080000400543213,518596512.0,1395158400.0,838121.75
2023-04-25,2.6040000915527344,2.6110000610351562,2.5250000953674316,2.559999942779541,764015680.0,2023361536.0,838121.75
2023-04-26,2.556999921798706,2.5820000171661377,2.549999952316284,2.568000078201294,558264960.0,1476582400.0,838121.75
2023-04-27,2.559999942779541,2.5889999866485596,2.559000015258789,2.5739998817443848,739413504.0,1961190272.0,838121.75
2023-04-28,2.5739998817443848,2.615000009536743,2.572000026702881,2.614000082015991,570276096.0,1525775616.0,838121.75
2023-05-04,2.6050000190734863,2.615000009536743,2.5940001010894775,2.6070001125335693,443814528.0,1190646400.0,838121.75
2023-05-05,2.6019999980926514,2.6059999465942383,2.561000108718872,2.578000068664551,441953152.0,1172516864.0,838121.75
2023-05-08,2.572999954223633,2.6050000190734863,2.572999954223633,2.5940001010894775,538908480.0,1438973824.0,838121.75
2023-05-09,2.6010000705718994,2.6010000705718994,2.562000036239624,2.562000036239624,409792448.0,1090978688.0,838121.75
2023-05-10,2.556999921798706,2.5810000896453857,2.549999952316284,2.566999912261963,421829696.0,1114367744.0,838121.75
2023-05-11,2.569000005722046,2.5799999237060547,2.562999963760376,2.565000057220459,368597792.0,976032512.0,838121.75
2023-05-12,2.559000015258789,2.5739998817443848,2.5309998989105225,2.5320000648498535,395246368.0,1038512832.0,838121.75
2023-05-15,2.5320000648498535,2.553999900817871,2.50600004196167,2.549999952316284,387321760.0,1009423104.0,838121.75
2023-05-16,2.5510001182556152,2.552000045776367,2.5179998874664307,2.5260000228881836,387309664.0,1010698240.0,838121.75
2023-05-17,2.5260000228881836,2.5439999103546143,2.5220000743865967,2.5390000343322754,446758688.0,1166934784.0,838121.75
2023-05-18,2.5369999408721924,2.555999994277954,2.5369999408721924,2.5510001182556152,427341056.0,1122292480.0,838121.75
2023-05-19,2.5490000247955322,2.572000026702881,2.5350000858306885,2.562000036239624,442155520.0,1164033536.0,838121.75
2023-05-22,2.558000087738037,2.566999912261963,2.5399999618530273,2.556999921798706,395947264.0,1042197120.0,838121.75
2023-05-23,2.559000015258789,2.563999891281128,2.5299999713897705,2.5320000648498535,361608608.0,950211072.0,838121.75
2023-05-24,2.5320000648498535,2.549999952316284,2.515000104904175,2.5260000228881836,403686336.0,1052981888.0,838121.75
2023-05-25,2.5230000019073486,2.5429999828338623,2.490999937057495,2.5209999084472656,469284896.0,1216688768.0,838121.75
2023-05-26,2.513000011444092,2.549999952316284,2.500999927520752,2.5439999103546143,475297728.0,1236985984.0,838121.75
2023-05-29,2.5510001182556152,2.559000015258789,2.5260000228881836,2.5390000343322754,367609856.0,963266432.0,838121.75
2023-05-30,2.5390000343322754,2.553999900817871,2.509999990463257,2.549999952316284,439225440.0,1146999424.0,838121.75
2023-05-31,2.549999952316284,2.556999921798706,2.5309998989105225,2.5510001182556152,440932544.0,1156491776.0,838121.75
2023-06-01,2.5480000972747803,2.5739998817443848,2.5329999923706055,2.556999921798706,434587424.0,1145689600.0,838121.75
2023-06-02,2.562000036239624,2.5820000171661377,2.561000108718872,2.575000047683716,441871360.0,1172145792.0,838121.75
2023-06-05,2.575000047683716,2.5829999446868896,2.568000078201294,2.5759999752044678,397150624.0,1054239808.0,838121.75
2023-06-06,2.575000047683716,2.575000047683716,2.5139999389648438,2.5199999809265137,479499072.0,1259400192.0,838121.75
2023-06-07,2.5260000228881836,2.5360000133514404,2.5139999389648438,2.5199999809265137,366106272.0,952839872.0,838121.75
2023-06-08,2.5190000534057617,2.5199999809265137,2.48799991607666,2.507999897003174,378516256.0,977234048.0,838121.75
2023-06-09,2.506999969482422,2.5280001163482666,2.499000072479248,2.5260000228881836,389622240.0,1009331264.0,838121.75
2023-06-12,2.5250000953674316,2.5480000972747803,2.5209999084472656,2.5380001068115234,424645536.0,1111177216.0,838121.75
2023-06-13,2.5399999618530273,2.552999973297119,2.5369999408721924,2.5490000247955322,433508032.0,1137867008.0,838121.75
2023-06-14,2.5490000247955322,2.565000057220459,2.5460000038146973,2.558000087738037,390485888.0,1028299648.0,838121.75
2023-06-15,2.565999984741211,2.5799999237060547,2.556999921798706,2.572999954223633,395682272.0,1046838272.0,838121.75
2023-06-16,2.569999933242798,2.6010000705718994,2.569999933242798,2.5959999561309814,424174656.0,1131798016.0,838121.75
2023-06-19,2.5950000286102295,2.6110000610351562,2.5929999351501465,2.6050000190734863,502994592.0,1349301120.0,838121.75
2023-06-20,2.6080000400543213,2.617000102996826,2.5980000495910645,2.6080000400543213,487817152.0,1309315200.0,838121.75
2023-06-21,2.6080000400543213,2.6080000400543213,2.553999900817871,2.555000066757202,554687104.0,1472556416.0,838121.75
2023-06-26,2.5439999103546143,2.549999952316284,2.497999906539917,2.507999897003174,807021888.0,2095360640.0,838121.75
2023-06-27,2.509999990463257,2.5399999618530273,2.506999969482422,2.5329999923706055,417883008.0,1087858560.0,838121.75
2023-06-28,2.5329999923706055,2.5329999923706055,2.4820001125335693,2.5290000438690186,695990976.0,1797172096.0,838121.75
2023-06-29,2.5250000953674316,2.5480000972747803,2.5190000534057617,2.5399999618530273,626481856.0,1637455744.0,838121.75
2023-06-30,2.5329999923706055,2.5840001106262207,2.5329999923706055,2.5810000896453857,518920128.0,1372740480.0,838121.75
2023-07-03,2.5820000171661377,2.5950000286102295,2.562999963760376,2.575000047683716,397924256.0,1056750848.0,838121.75
2023-07-04,2.569000005722046,2.5880000591278076,2.569000005722046,2.5869998931884766,458664704.0,1220187136.0,838121.75
2023-07-05,2.5810000896453857,2.5940001010894775,2.562999963760376,2.566999912261963,436540736.0,1159006976.0,838121.75
2023-07-06,2.559999942779541,2.5840001106262207,2.555000066757202,2.558000087738037,478225760.0,1265013888.0,838121.75
2023-07-07,2.556999921798706,2.558000087738037,2.5280001163482666,2.546999931335449,412895904.0,1081843456.0,838121.75
2023-07-10,2.553999900817871,2.561000108718872,2.5360000133514404,2.5480000972747803,341525216.0,897058240.0,838121.75
2023-07-11,2.5490000247955322,2.569999933242798,2.5429999828338623,2.569000005722046,357822336.0,943102976.0,838121.75
2023-07-12,2.568000078201294,2.569999933242798,2.5290000438690186,2.5309998989105225,383541824.0,1007483712.0,838121.75
2023-07-13,2.5380001068115234,2.561000108718872,2.5329999923706055,2.555999994277954,474757152.0,1247229952.0,838121.75
2023-07-14,2.559999942779541,2.565000057220459,2.552000045776367,2.552999973297119,385560928.0,1016834496.0,838121.75
2023-07-17,2.5450000762939453,2.546999931335449,2.5269999504089355,2.5439999103546143,425853216.0,1113213952.0,838121.75
2023-07-18,2.5429999828338623,2.552000045776367,2.5309998989105225,2.5420000553131104,319834112.0,837349184.0,838121.75
2023-07-19,2.5390000343322754,2.549999952316284,2.5220000743865967,2.5360000133514404,308499936.0,805639872.0,838121.75
2023-07-20,2.5369999408721924,2.5439999103546143,2.5,2.503000020980835,672979776.0,1751863808.0,838121.75
2023-07-21,2.5,2.5190000534057617,2.490999937057495,2.5,641324544.0,1655811712.0,838121.75
2023-07-24,2.49399995803833,2.515000104904175,2.48799991607666,2.49399995803833,363666560.0,938034048.0,838121.75
2023-07-25,2.510999917984009,2.5409998893737793,2.510999917984009,2.5350000858306885,617550720.0,1610841088.0,838121.75
2023-07-26,2.5299999713897705,2.5350000858306885,2.5160000324249268,2.5230000019073486,422879200.0,1100448000.0,838121.75
2023-07-27,2.5260000228881836,2.5309998989105225,2.497999906539917,2.503000020980835,375110752.0,972528960.0,838121.75
2023-07-28,2.492000102996826,2.5299999713897705,2.486999988555908,2.5250000953674316,603725376.0,1563857280.0,838121.75
2023-07-31,2.5250000953674316,2.562000036239624,2.5250000953674316,2.5420000553131104,474487456.0,1245861376.0,838121.75
2023-08-01,2.5429999828338623,2.5490000247955322,2.5309998989105225,2.5380001068115234,373502272.0,977936320.0,838121.75
2023-08-02,2.5380001068115234,2.5429999828338623,2.5239999294281006,2.5329999923706055,431127008.0,1125174656.0,838121.75
2023-08-03,2.5320000648498535,2.5369999408721924,2.5190000534057617,2.5350000858306885,512080768.0,1334919552.0,838121.75
2023-08-04,2.5429999828338623,2.565000057220459,2.5369999408721924,2.549999952316284,410551136.0,1079808640.0,838121.75
2023-08-07,2.546999931335449,2.555000066757202,2.5339999198913574,2.5380001068115234,376975456.0,987260928.0,838121.75
2023-08-08,2.5329999923706055,2.5390000343322754,2.5169999599456787,2.5269999504089355,381648352.0,994287360.0,838121.75
2023-08-09,2.5199999809265137,2.5250000953674316,2.503000020980835,2.506999969482422,437763808.0,1133901440.0,838121.75
2023-08-10,2.506999969482422,2.5139999389648438,2.493000030517578,2.505000114440918,365249120.0,943180416.0,838121.75
2023-08-11,2.505000114440918,2.509000062942505,2.4570000171661377,2.4579999446868896,421684256.0,1079333376.0,838121.75
2023-08-14,2.447000026702881,2.4670000076293945,2.4210000038146973,2.4639999866485596,453411264.0,1141780224.0,838121.75
2023-08-15,2.4609999656677246,2.4679999351501465,2.4189999103546143,2.444999933242798,462854688.0,1165926784.0,838121.75
2023-08-16,2.431999921798706,2.441999912261963,2.4110000133514404,2.4130001068115234,390860352.0,979197568.0,838121.75
2023-08-17,2.4079999923706055,2.440999984741211,2.38700008392334,2.434000015258789,466398560.0,1165399424.0,838121.75
2023-08-18,2.440000057220459,2.443000078201294,2.382999897003174,2.384999990463257,372477568.0,928020608.0,838121.75
2023-08-21,2.38100004196167,2.4000000953674316,2.3570001125335693,2.3580000400543213,497744768.0,1223713920.0,838121.75
2023-08-22,2.367000102996826,2.378000020980835,2.3289999961853027,2.372999906539917,614011776.0,1495087744.0,838121.75
2023-08-23,2.36299991607666,2.365999937057495,2.322999954223633,2.3269999027252197,580758336.0,1405768192.0,838121.75
2023-08-24,2.3310000896453857,2.3570001125335693,2.313999891281128,2.3289999961853027,478589216.0,1153875968.0,838121.75
2023-08-25,2.319999933242798,2.3310000896453857,2.2769999504089355,2.2899999618530273,631859200.0,1506197120.0,838121.75
2023-08-28,2.428999900817871,2.428999900817871,2.296999931335449,2.305000066757202,918169536.0,2226546432.0,838121.75
2023-08-29,2.309000015258789,2.3910000324249268,2.303999900817871,2.377000093460083,1067364608.0,2595729408.0,838121.75
2023-08-30,2.377000093460083,2.4149999618530273,2.375,2.3889999389648438,612353600.0,1514191232.0,838121.75
2023-08-31,2.38700008392334,2.390000104904175,2.36899995803833,2.381999969482422,453023456.0,1113181440.0,838121.75
2023-09-01,2.382999897003174,2.3959999084472656,2.36899995803833,2.380000114440918,424165280.0,1042486592.0,838121.75
2023-09-04,2.384000062942505,2.4179999828338623,2.377000093460083,2.4170000553131104,490374944.0,1213980672.0,838121.75
2023-09-05,2.4110000133514404,2.4189999103546143,2.3959999084472656,2.4030001163482666,594822080.0,1477045504.0,838121.75
2023-09-06,2.3919999599456787,2.4189999103546143,2.378999948501587,2.4119999408721924,474258592.0,1175169408.0,838121.75
2023-09-07,2.4110000133514404,2.4110000133514404,2.368000030517578,2.369999885559082,612288448.0,1508859136.0,838121.75
2023-09-08,2.365999937057495,2.384999990463257,2.3610000610351562,2.375,479777536.0,1176981888.0,838121.75
2023-09-11,2.371999979019165,2.4189999103546143,2.367000102996826,2.4110000133514404,424147040.0,1050084224.0,838121.75
2023-09-12,2.4030001163482666,2.4210000038146973,2.4030001163482666,2.4089999198913574,309872832.0,771498880.0,838121.75
2023-09-13,2.4049999713897705,2.4070000648498535,2.3580000400543213,2.377000093460083,416754080.0,1023969792.0,838121.75
2023-09-14,2.375,2.377000093460083,2.3519999980926514,2.368000030517578,355002816.0,867226304.0,838121.75
2023-09-15,2.368000030517578,2.384999990463257,2.3540000915527344,2.36899995803833,445020544.0,1088016640.0,838121.75
2023-09-18,2.3589999675750732,2.381999969482422,2.3510000705718994,2.371000051498413,384509600.0,941162432.0,838121.75
2023-09-19,2.36899995803833,2.372999906539917,2.3420000076293945,2.3529999256134033,358977952.0,871597696.0,838121.75
2023-09-20,2.3480000495910645,2.3550000190734863,2.3299999237060547,2.3310000896453857,417886080.0,1011667584.0,838121.75
2023-09-21,2.322000026702881,2.3380000591278076,2.309000015258789,2.312999963760376,381942848.0,915724096.0,838121.75
2023-09-22,2.309999942779541,2.3610000610351562,2.306999921798706,2.3610000610351562,518623200.0,1253182336.0,838121.75
2023-09-25,2.3519999980926514,2.361999988555908,2.3420000076293945,2.3480000495910645,469968192.0,1139966208.0,838121.75
2023-09-26,2.3469998836517334,2.3510000705718994,2.3369998931884766,2.3380000591278076,335802784.0,812728064.0,838121.75
2023-09-27,2.3369998931884766,2.364000082015991,2.3329999446868896,2.3529999256134033,465902080.0,1133520512.0,838121.75
2023-09-28,2.3529999256134033,2.371999979019165,2.3529999256134033,2.371000051498413,501160864.0,1223408896.0,838121.75
2023-10-09,2.361999988555908,2.36899995803833,2.3440001010894775,2.3610000610351562,460352480.0,1120715648.0,838121.75
2023-10-10,2.36299991607666,2.372999906539917,2.3489999771118164,2.3529999256134033,365041376.0,888459392.0,838121.75
2023-10-11,2.361999988555908,2.381999969482422,2.3499999046325684,2.3580000400543213,621182592.0,1515784192.0,838121.75
2023-10-12,2.369999885559082,2.378000020980835,2.3589999675750732,2.375999927520752,484410208.0,1185695744.0,838121.75
2023-10-13,2.361999988555908,2.371999979019165,2.361999988555908,2.371000051498413,322873504.0,789425536.0,838121.75
2023-10-16,2.371999979019165,2.375999927520752,2.3359999656677246,2.3440001010894775,486614816.0,1180172544.0,838121.75
2023-10-17,2.3440001010894775,2.3469998836517334,2.322999954223633,2.3399999141693115,275109824.0,663099200.0,838121.75
2023-10-18,2.3310000896453857,2.3340001106262207,2.2960000038146973,2.299999952316284,411499712.0,981596992.0,838121.75
2023-10-19,2.2909998893737793,2.306999921798706,2.2709999084472656,2.2750000953674316,410578688.0,971621632.0,838121.75
2023-10-20,2.2679998874664307,2.2790000438690186,2.240000009536743,2.249000072479248,425539776.0,993855936.0,838121.75
2023-10-23,2.239000082015991,2.240999937057495,2.177000045776367,2.190000057220459,498342176.0,1138934400.0,838121.75
2023-10-24,2.191999912261963,2.2320001125335693,2.181999921798706,2.2190001010894775,417114560.0,953550080.0,838121.75
2023-10-25,2.23799991607666,2.259000062942505,2.234999895095825,2.244999885559082,421801536.0,981499136.0,838121.75
2023-10-26,2.23799991607666,2.265000104904175,2.2249999046325684,2.260999917984009,387000928.0,896765568.0,838121.75
2023-10-27,2.253999948501587,2.312999963760376,2.24399995803833,2.305000066757202,308952128.0,729153728.0,838121.75
2023-10-30,2.2920000553131104,2.3459999561309814,2.2920000553131104,2.3359999656677246,311103296.0,746928256.0,838121.75
2023-10-31,2.3289999961853027,2.3399999141693115,2.309999942779541,2.322999954223633,252147584.0,605365760.0,838121.75
2023-11-01,2.3289999961853027,2.3310000896453857,2.309999942779541,2.319999933242798,240989120.0,577515648.0,838121.75
2023-11-02,2.319000005722046,2.3310000896453857,2.2929999828338623,2.2939999103546143,320220576.0,763558528.0,838121.75
2023-11-03,2.3010001182556152,2.3350000381469727,2.2990000247955322,2.3239998817443848,510581824.0,1225766528.0,838121.75
2023-11-06,2.3369998931884766,2.377000093460083,2.3359999656677246,2.372999906539917,402604064.0,982359168.0,838121.75
2023-11-07,2.364000082015991,2.390000104904175,2.36299991607666,2.38100004196167,421975488.0,1034757696.0,838121.75
2023-11-08,2.377000093460083,2.4010000228881836,2.371999979019165,2.3910000324249268,348417184.0,859269248.0,838121.75
2023-11-09,2.384999990463257,2.4010000228881836,2.36899995803833,2.375,303005728.0,744819712.0,838121.75
2023-11-10,2.36899995803833,2.375,2.3570001125335693,2.371000051498413,274706016.0,671616704.0,838121.75
2023-11-13,2.378999948501587,2.3970000743865967,2.371999979019165,2.3959999084472656,265241328.0,652525504.0,838121.75
2023-11-14,2.3940000534057617,2.4149999618530273,2.390000104904175,2.4089999198913574,285238080.0,707825984.0,838121.75
2023-11-15,2.427000045776367,2.430000066757202,2.4089999198913574,2.4189999103546143,303536448.0,757391104.0,838121.75
2023-11-16,2.4089999198913574,2.4140000343322754,2.3919999599456787,2.3929998874664307,305777760.0,758401664.0,838121.75
2023-11-17,2.3910000324249268,2.4210000038146973,2.384000062942505,2.4200000762939453,299902080.0,743357504.0,838121.75
2023-11-20,2.4149999618530273,2.440999984741211,2.4059998989105225,2.437000036239624,273417408.0,683958848.0,838121.75
2023-11-21,2.440000057220459,2.444999933242798,2.4170000553131104,2.4189999103546143,239389616.0,601226304.0,838121.75
2023-11-22,2.4149999618530273,2.427999973297119,2.388000011444092,2.3919999599456787,223082752.0,555126592.0,838121.75
2023-11-23,2.3919999599456787,2.4179999828338623,2.377000093460083,2.4159998893737793,308693600.0,764423104.0,838121.75
2023-11-24,2.4149999618530273,2.4149999618530273,2.374000072479248,2.38100004196167,331931904.0,819384896.0,838121.75
2023-11-27,2.382999897003174,2.388000011444092,2.364000082015991,2.381999969482422,241032976.0,591132288.0,838121.75
2023-11-28,2.377000093460083,2.3959999084472656,2.3589999675750732,2.3910000324249268,234134128.0,575783232.0,838121.75
2023-11-29,2.3929998874664307,2.3959999084472656,2.375,2.384000062942505,223892816.0,551981632.0,838121.75
2023-11-30,2.381999969482422,2.382999897003174,2.3459999561309814,2.368000030517578,273840480.0,668357952.0,838121.75
2023-12-01,2.368000030517578,2.3959999084472656,2.3559999465942383,2.3910000324249268,308449408.0,756785728.0,838121.75
2023-12-04,2.390000104904175,2.3970000743865967,2.378000020980835,2.380000114440918,211407184.0,520800032.0,838121.75
2023-12-05,2.371999979019165,2.374000072479248,2.3329999446868896,2.3359999656677246,255713920.0,621954816.0,838121.75
2023-12-06,2.3340001106262207,2.364000082015991,2.3239998817443848,2.3459999561309814,236631088.0,572671744.0,838121.75
2023-12-07,2.3389999866485596,2.3559999465942383,2.3259999752044678,2.3440001010894775,331540640.0,802192768.0,838121.75
2023-12-08,2.3440001010894775,2.361999988555908,2.3369998931884766,2.3389999866485596,392904544.0,952890368.0,838121.75
2023-12-11,2.3269999027252197,2.374000072479248,2.312999963760376,2.364000082015991,518531520.0,1255749120.0,838121.75
2023-12-12,2.361999988555908,2.371999979019165,2.3570001125335693,2.369999885559082,367244544.0,896996544.0,838121.75
2023-12-13,2.371000051498413,2.371000051498413,2.3440001010894775,2.3469998836517334,273128768.0,665493632.0,838121.75
2023-12-14,2.3589999675750732,2.369999885559082,2.3340001106262207,2.3389999866485596,349792896.0,849822912.0,838121.75
2023-12-15,2.3440001010894775,2.3499999046325684,2.309999942779541,2.322000026702881,357672480.0,859776576.0,838121.75
2023-12-18,2.312999963760376,2.319000005722046,2.2760000228881836,2.2839999198913574,219272736.0,520786464.0,838121.75
2023-12-19,2.2850000858306885,2.2950000762939453,2.2669999599456787,2.2860000133514404,248418464.0,585698496.0,838121.75
2023-12-20,2.2850000858306885,2.2890000343322754,2.243000030517578,2.24399995803833,233749472.0,546562176.0,838121.75
2023-12-21,2.2309999465942383,2.265000104904175,2.2119998931884766,2.25600004196167,299441984.0,693809152.0,838121.75
2023-12-22,2.253999948501587,2.2660000324249268,2.2249999046325684,2.2360000610351562,298480832.0,692924352.0,838121.75
2023-12-25,2.2309999465942383,2.242000102996826,2.2160000801086426,2.2320001125335693,287112544.0,661805056.0,838121.75
2023-12-26,2.2279999256134033,2.2300000190734863,2.193000078201294,2.2019999027252197,317873856.0,725864256.0,838121.75
2023-12-27,2.2019999027252197,2.2209999561309814,2.190999984741211,2.2149999141693115,369551136.0,844663168.0,838121.75
2023-12-28,2.2070000171661377,2.2690000534057617,2.200000047683716,2.26200008392334,496755680.0,1152416640.0,838121.75
2023-12-29,2.259999990463257,2.296999931335449,2.246999979019165,2.2960000038146973,365941984.0,864174976.0,838121.75
2024-01-02,2.2929999828338623,2.2980000972747803,2.2760000228881836,2.2760000228881836,402469696.0,951096960.0,838121.75
2024-01-03,2.2709999084472656,2.2820000648498535,2.249000072479248,2.265000104904175,384850304.0,900556352.0,838121.75
2024-01-04,2.260999917984009,2.265000104904175,2.236999988555908,2.250999927520752,371329152.0,863260032.0,838121.75
2024-01-05,2.244999885559082,2.255000114440918,2.200000047683716,2.2139999866485596,317095424.0,731336768.0,838121.75
2024-01-08,2.2070000171661377,2.2070000171661377,2.1519999504089355,2.1549999713897705,297593152.0,670287104.0,838121.75
2024-01-09,2.1600000858306885,2.180999994277954,2.138000011444092,2.1549999713897705,299676576.0,670611584.0,838121.75
2024-01-10,2.1459999084472656,2.1710000038146973,2.11899995803833,2.140000104904175,225008288.0,499762976.0,838121.75
2024-01-11,2.13700008392334,2.194000005722046,2.13700008392334,2.184000015258789,349064544.0,784357952.0,838121.75
2024-01-12,2.1730000972747803,2.197000026702881,2.1649999618530273,2.1649999618530273,296560768.0,669928384.0,838121.75
2024-01-15,2.1549999713897705,2.180999994277954,2.1419999599456787,2.1579999923706055,220051472.0,492632576.0,838121.75
2024-01-16,2.1559998989105225,2.1619999408721924,2.121000051498413,2.1519999504089355,284725728.0,632680896.0,838121.75
2024-01-17,2.1429998874664307,2.1480000019073486,2.0889999866485596,2.0899999141693115,212994336.0,469089792.0,838121.75
2024-01-18,2.0899999141693115,2.1040000915527344,2.0199999809265137,2.0840001106262207,439518304.0,937374848.0,838121.75
2024-01-19,2.072000026702881,2.0910000801086426,2.055000066757202,2.056999921798706,456134080.0,981018688.0,838121.75
2024-01-22,2.056999921798706,2.056999921798706,1.9229999780654907,1.940000057220459,318668896.0,658552128.0,838121.75
2024-01-23,1.9299999475479126,1.9759999513626099,1.9019999504089355,1.965999960899353,333266880.0,675726592.0,838121.75
2024-01-24,1.9700000286102295,2.0,1.9129999876022339,1.9980000257492065,338564832.0,690226240.0,838121.75
2024-01-25,1.9919999837875366,2.069999933242798,1.972000002861023,2.069000005722046,361391456.0,763758720.0,838121.75
2024-01-26,2.063999891281128,2.0769999027252197,2.0339999198913574,2.0420000553131104,321305184.0,685456128.0,838121.75
2024-01-29,2.0409998893737793,2.056999921798706,1.9830000400543213,1.9839999675750732,297117440.0,620810752.0,838121.75
2024-01-30,1.972000002861023,1.99399995803833,1.9229999780654907,1.9270000457763672,268956320.0,547857920.0,838121.75
2024-01-31,1.9229999780654907,1.930999994277954,1.8450000286102295,1.8530000448226929,377708480.0,739380672.0,838121.75
2024-02-01,1.8420000076293945,1.88100004196167,1.8079999685287476,1.8359999656677246,548366144.0,1055247360.0,838121.75
2024-02-02,1.8350000381469727,1.8569999933242798,1.7050000429153442,1.7710000276565552,605886720.0,1129187456.0,838121.75
2024-02-05,1.7419999837875366,1.7450000047683716,1.6030000448226929,1.659000039100647,4937763328.0,8700396544.0,838121.75
2024-02-06,1.6230000257492065,1.7979999780654907,1.6019999980926514,1.7769999504089355,3046341888.0,5398219264.0,838121.75
2024-02-07,1.7610000371932983,1.8769999742507935,1.7610000371932983,1.8600000143051147,2038400000.0,3915804928.0,838121.75
2024-02-08,1.8819999694824219,1.965000033378601,1.871000051498413,1.9390000104904175,1471847168.0,2962793472.0,838121.75
2024-02-19,1.9490000009536743,1.972000002861023,1.9079999923706055,1.9420000314712524,1894857216.0,3821177088.0,838121.75
2024-02-20,1.9240000247955322,1.9570000171661377,1.909000039100647,1.9470000267028809,577577024.0,1159892224.0,838121.75
2024-02-21,1.934000015258789,2.0179998874664307,1.9229999780654907,1.9570000171661377,910213568.0,1872046208.0,838121.75
2024-02-22,1.9550000429153442,1.9950000047683716,1.9539999961853027,1.9919999837875366,491282816.0,1009652032.0,838121.75
2024-02-23,1.9930000305175781,2.0280001163482666,1.975000023841858,2.0269999504089355,578900928.0,1202547584.0,838121.75
2024-02-26,2.0239999294281006,2.065999984741211,2.009000062942505,2.0309998989105225,569316032.0,1202587776.0,838121.75
2024-02-27,2.0220000743865967,2.0980000495910645,2.0160000324249268,2.0950000286102295,574771776.0,1229019904.0,838121.75
2024-02-28,2.0950000286102295,2.124000072479248,1.9880000352859497,1.9900000095367432,1170156928.0,2495932160.0,838121.75
2024-02-29,1.9789999723434448,2.0739998817443848,1.975000023841858,2.072999954223633,632387264.0,1339087488.0,838121.75
2024-03-01,2.069999933242798,2.0999999046325684,2.059000015258789,2.0969998836517334,639772608.0,1379505280.0,838121.75
2024-03-04,2.0959999561309814,2.1080000400543213,2.061000108718872,2.1010000705718994,583904128.0,1263579904.0,838121.75
2024-03-05,2.0880000591278076,2.0980000495910645,2.066999912261963,2.0850000381469727,1970307328.0,4265349120.0,838121.75
2024-03-06,2.078000068664551,2.1080000400543213,2.055000066757202,2.0829999446868896,529580800.0,1145319808.0,838121.75
2024-03-07,2.0840001106262207,2.1070001125335693,2.049999952316284,2.0510001182556152,517124480.0,1113134848.0,838121.75
2024-03-08,2.055999994277954,2.0889999866485596,2.0429999828338623,2.0789999961853027,372246304.0,799293120.0,838121.75
2024-03-11,2.072000026702881,2.122999906539917,2.069000005722046,2.121999979019165,573270528.0,1245798272.0,838121.75
2024-03-12,2.121999979019165,2.1449999809265137,2.1070001125335693,2.131999969482422,430820224.0,950150208.0,838121.75
2024-03-13,2.130000114440918,2.1600000858306885,2.121000051498413,2.1389999389648438,373699712.0,828631488.0,838121.75
2024-03-14,2.135999917984009,2.1500000953674316,2.1050000190734863,2.125999927520752,353905632.0,781966400.0,838121.75
2024-03-15,2.118000030517578,2.1610000133514404,2.114000082015991,2.1600000858306885,519997600.0,1152389248.0,838121.75
2024-03-18,2.1619999408721924,2.197999954223633,2.1530001163482666,2.197000026702881,515682560.0,1162277632.0,838121.75
2024-03-19,2.187999963760376,2.196000099182129,2.171999931335449,2.174999952316284,454723712.0,1028152832.0,838121.75
2024-03-20,2.1740000247955322,2.2009999752044678,2.171999931335449,2.194999933242798,355711968.0,804891520.0,838121.75
2024-03-21,2.200000047683716,2.2109999656677246,2.180000066757202,2.194000005722046,304758656.0,693462720.0,838121.75
2024-03-22,2.191999912261963,2.196000099182129,2.1510000228881836,2.1679999828338623,463814112.0,1042343680.0,838121.75
2024-03-25,2.1649999618530273,2.1760001182556152,2.117000102996826,2.118000030517578,508632608.0,1132476416.0,838121.75
2024-03-26,2.115999937057495,2.130000114440918,2.0869998931884766,2.1080000400543213,487295840.0,1066226560.0,838121.75
2024-03-27,2.1019999980926514,2.1080000400543213,2.0350000858306885,2.0369999408721924,516929024.0,1110565888.0,838121.75
2024-03-28,2.0329999923706055,2.1070001125335693,2.0329999923706055,2.0859999656677246,598000960.0,1292168960.0,838121.75
2024-03-29,2.0799999237060547,2.1110000610351562,2.068000078201294,2.1089999675750732,538054272.0,1167120128.0,838121.75
2024-04-01,2.114000082015991,2.1589999198913574,2.114000082015991,2.1549999713897705,607650944.0,1349320960.0,838121.75
2024-04-02,2.1519999504089355,2.1549999713897705,2.125999927520752,2.1429998874664307,551754112.0,1224007552.0,838121.75
2024-04-03,2.1429998874664307,2.1429998874664307,2.11299991607666,2.135999917984009,522113280.0,1150475648.0,838121.75
2024-04-08,2.125,2.127000093460083,2.0889999866485596,2.0899999141693115,327485920.0,716710976.0,838121.75
2024-04-09,2.0899999141693115,2.121000051498413,2.0840001106262207,2.118000030517578,234948000.0,512559168.0,838121.75
2024-04-10,2.114000082015991,2.114000082015991,2.061000108718872,2.0789999961853027,246659856.0,533830784.0,838121.75
2024-04-11,2.065999984741211,2.109999895095825,2.062000036239624,2.0840001106262207,319814176.0,693322496.0,838121.75
2024-04-12,2.078000068664551,2.0980000495910645,2.062000036239624,2.065999984741211,264939088.0,571133248.0,838121.75
2024-04-15,2.059999942779541,2.0769999027252197,2.015000104904175,2.046999931335449,325894336.0,692288512.0,838121.75
2024-04-16,2.0390000343322754,2.0450000762939453,1.9550000429153442,1.9559999704360962,694813568.0,1436381824.0,838121.75
2024-04-17,1.9730000495910645,2.0490000247955322,1.9709999561309814,2.0480000972747803,582402368.0,1222645376.0,838121.75
2024-04-18,2.0369999408721924,2.071000099182129,2.0209999084472656,2.0450000762939453,620890304.0,1321298944.0,838121.75
2024-04-19,2.0329999923706055,2.056999921798706,2.0190000534057617,2.0350000858306885,481451968.0,1017316032.0,838121.75
2024-04-22,2.0269999504089355,2.055000066757202,2.002000093460083,2.0309998989105225,244087024.0,515223392.0,838121.75
2024-04-23,2.0269999504089355,2.0399999618530273,2.00600004196167,2.0169999599456787,281431008.0,590376832.0,838121.75
2024-04-24,2.015000104904175,2.056999921798706,2.010999917984009,2.055999994277954,441433120.0,935067264.0,838121.75
2024-04-25,2.053999900817871,2.0769999027252197,2.0420000553131104,2.055000066757202,390309440.0,834951296.0,838121.75
2024-04-26,2.055999994277954,2.1029999256134033,2.0510001182556152,2.0989999771118164,816232000.0,1767085440.0,838121.75
2024-04-29,2.1070001125335693,2.1559998989105225,2.1019999980926514,2.1519999504089355,946719744.0,2100012416.0,838121.75
2024-04-30,2.1480000019073486,2.1540000438690186,2.122999906539917,2.128999948501587,463797408.0,1026873792.0,838121.75
2024-05-06,2.1589999198913574,2.190999984741211,2.1579999923706055,2.1700000762939453,775970752.0,1743482752.0,838121.75
2024-05-07,2.1679999828338623,2.184000015258789,2.1649999618530273,2.178999900817871,451348608.0,1016770368.0,838121.75
2024-05-08,2.171999931335449,2.171999931335449,2.1410000324249268,2.1429998874664307,533688480.0,1189859328.0,838121.75
2024-05-09,2.140000104904175,2.190000057220459,2.140000104904175,2.181999921798706,381882496.0,860885120.0,838121.75
2024-05-10,2.188999891281128,2.193000078201294,2.1500000953674316,2.1619999408721924,753417664.0,1685968896.0,838121.75
2024-05-13,2.1489999294281006,2.1559998989105225,2.121000051498413,2.1410000324249268,471790080.0,1045165440.0,838121.75
2024-05-14,2.1419999599456787,2.1670000553131104,2.1389999389648438,2.1510000228881836,394274752.0,879171072.0,838121.75
2024-05-15,2.1489999294281006,2.1549999713897705,2.127000093460083,2.13100004196167,224590192.0,498244704.0,838121.75
2024-05-16,2.134999990463257,2.1519999504089355,2.121999979019165,2.125999927520752,327578400.0,726582144.0,838121.75
2024-05-17,2.127000093460083,2.1640000343322754,2.121999979019165,2.1619999408721924,479549536.0,1067336640.0,838121.75
2024-05-20,2.1619999408721924,2.180000066757202,2.1540000438690186,2.1700000762939453,524912800.0,1179527552.0,838121.75
2024-05-21,2.1659998893737793,2.1670000553131104,2.138000011444092,2.1470000743865967,643007104.0,1432371072.0,838121.75
2024-05-22,2.1440000534057617,2.1549999713897705,2.134999990463257,2.1500000953674316,210364704.0,468128448.0,838121.75
2024-05-23,2.1429998874664307,2.1429998874664307,2.0940001010894775,2.1019999980926514,318884192.0,699331072.0,838121.75
2024-05-24,2.0910000801086426,2.111999988555908,2.0759999752044678,2.0759999752044678,249685184.0,541469248.0,838121.75
2024-05-27,2.0810000896453857,2.1029999256134033,2.0510001182556152,2.1010000705718994,272933280.0,586492224.0,838121.75
2024-05-28,2.0910000801086426,2.0999999046325684,2.072000026702881,2.0759999752044678,250226864.0,541897344.0,838121.75
2024-05-29,2.072000026702881,2.0929999351501465,2.065999984741211,2.075000047683716,224647616.0,485112160.0,838121.75
2024-05-30,2.065000057220459,2.0880000591278076,2.059000015258789,2.0739998817443848,267985520.0,576987072.0,838121.75
2024-05-31,2.0769999027252197,2.0940001010894775,2.0759999752044678,2.0799999237060547,299523744.0,647440896.0,838121.75
2024-06-03,2.0759999752044678,2.0799999237060547,2.0350000858306885,2.0510001182556152,316898976.0,676396992.0,838121.75
2024-06-04,2.0420000553131104,2.069999933242798,2.0329999923706055,2.065000057220459,305906304.0,651490176.0,838121.75
2024-06-05,2.059000015258789,2.072000026702881,2.0380001068115234,2.0390000343322754,249735680.0,532837824.0,838121.75
2024-06-06,2.0429999828338623,2.052000045776367,1.9859999418258667,1.9950000047683716,439262016.0,917648320.0,838121.75
2024-06-07,2.01200008392334,2.0190000534057617,1.9809999465942383,2.003000020980835,464247584.0,965799744.0,838121.75
2024-06-11,1.9919999837875366,2.0280001163482666,1.975000023841858,2.0220000743865967,336518208.0,701082496.0,838121.75
2024-06-12,2.013000011444092,2.0350000858306885,2.010999917984009,2.0280001163482666,328636768.0,692116416.0,838121.75
2024-06-13,2.0329999923706055,2.0329999923706055,2.009999990463257,2.015000104904175,213099712.0,446962176.0,838121.75
2024-06-14,2.007999897003174,2.0269999504089355,2.000999927520752,2.0209999084472656,399380064.0,835239680.0,838121.75
2024-06-17,2.010999917984009,2.0320000648498535,2.007999897003174,2.0179998874664307,347731200.0,730634624.0,838121.75
2024-06-18,2.0179998874664307,2.0420000553131104,2.0160000324249268,2.0369999408721924,599763136.0,1266486784.0,838121.75
2024-06-19,2.0390000343322754,2.0439999103546143,2.007999897003174,2.009000062942505,578974912.0,1213020416.0,838121.75
2024-06-20,2.005000114440918,2.0139999389648438,1.965000033378601,1.9709999561309814,463710336.0,956435904.0,838121.75
2024-06-21,1.9639999866485596,1.9819999933242798,1.9550000429153442,1.968000054359436,340790752.0,697378880.0,838121.75
2024-06-24,1.9559999704360962,1.9570000171661377,1.899999976158142,1.9019999504089355,358779488.0,718454848.0,838121.75
2024-06-25,1.9019999504089355,1.9110000133514404,1.871000051498413,1.8860000371932983,385462496.0,759518400.0,838121.75
2024-06-26,1.8819999694824219,1.9459999799728394,1.871999979019165,1.944000005722046,498379104.0,993141504.0,838121.75
2024-06-27,1.9329999685287476,1.937999963760376,1.8919999599456787,1.8949999809265137,541151616.0,1076063616.0,838121.75
2024-06-28,1.8890000581741333,1.937999963760376,1.8880000114440918,1.9049999713897705,724061312.0,1447707008.0,838121.75
2024-07-01,1.9010000228881836,1.9329999685287476,1.88100004196167,1.9229999780654907,643981952.0,1276369664.0,838121.75
2024-07-02,1.9199999570846558,1.9299999475479126,1.9010000228881836,1.909000039100647,412980640.0,822437440.0,838121.75
2024-07-03,1.9049999713897705,1.9110000133514404,1.8899999856948853,1.8930000066757202,278729568.0,551514112.0,838121.75
2024-07-04,1.8969999551773071,1.9019999504089355,1.843000054359436,1.8539999723434448,727920704.0,1412888192.0,838121.75
2024-07-05,1.850000023841858,1.8819999694824219,1.8339999914169312,1.8730000257492065,564560704.0,1091526144.0,838121.75
2024-07-08,1.8639999628067017,1.8669999837875366,1.8179999589920044,1.8270000219345093,409753984.0,786374592.0,838121.75
2024-07-09,1.8220000267028809,1.8739999532699585,1.8070000410079956,1.8680000305175781,1085149824.0,2080017280.0,838121.75
2024-07-10,1.8619999885559082,1.88100004196167,1.8569999933242798,1.8589999675750732,465797920.0,906375680.0,838121.75
2024-07-11,1.8830000162124634,1.909999966621399,1.8769999742507935,1.9079999923706055,627197312.0,1238243840.0,838121.75
2024-07-12,1.906000018119812,1.909999966621399,1.8910000324249268,1.899999976158142,354497056.0,701226880.0,838121.75
2024-07-15,1.8940000534057617,1.8969999551773071,1.8739999532699585,1.878999948501587,1067802944.0,2097856384.0,838121.75
2024-07-16,1.8739999532699585,1.8880000114440918,1.8619999885559082,1.8839999437332153,610224512.0,1191689728.0,838121.75
2024-07-17,1.8799999952316284,1.8849999904632568,1.8650000095367432,1.871000051498413,1655624832.0,3234163456.0,838121.75
2024-07-18,1.8569999933242798,1.88100004196167,1.8359999656677246,1.8760000467300415,1459805440.0,2824520960.0,838121.75
2024-07-19,1.8600000143051147,1.8949999809265137,1.8589999675750732,1.8769999742507935,920160064.0,1802573312.0,838121.75
2024-07-22,1.8760000467300415,1.8890000581741333,1.8669999837875366,1.8799999952316284,556529280.0,1090468480.0,838121.75
2024-07-23,1.8799999952316284,1.8819999694824219,1.8259999752044678,1.8259999752044678,342062080.0,659392448.0,838121.75
2024-07-24,1.8240000009536743,1.8329999446868896,1.7990000247955322,1.7999999523162842,520992224.0,986263936.0,838121.75
2024-07-25,1.7910000085830688,1.8240000009536743,1.7869999408721924,1.8020000457763672,482397152.0,908348800.0,838121.75
2024-07-26,1.8009999990463257,1.8370000123977661,1.7999999523162842,1.8320000171661377,328499488.0,625502848.0,838121.75
2024-07-29,1.8320000171661377,1.8350000381469727,1.8170000314712524,1.8229999542236328,190986560.0,363204352.0,838121.75
2024-07-30,1.8170000314712524,1.840000033378601,1.8029999732971191,1.8309999704360962,300594528.0,571111296.0,838121.75
2024-07-31,1.8289999961853027,1.9170000553131104,1.8250000476837158,1.9149999618530273,1463113216.0,2878227456.0,838121.75
2024-08-01,1.9119999408721924,1.9290000200271606,1.8899999856948853,1.9019999504089355,792387968.0,1575826304.0,838121.75
2024-08-02,1.8860000371932983,1.9149999618530273,1.8700000047683716,1.875,450951776.0,888552320.0,838121.75
2024-08-05,1.8600000143051147,1.8960000276565552,1.8200000524520874,1.8229999542236328,1077406208.0,2077977472.0,838121.75
2024-08-06,1.843000054359436,1.8600000143051147,1.8270000219345093,1.8489999771118164,637120896.0,1222795136.0,838121.75
2024-08-07,1.843000054359436,1.8600000143051147,1.8350000381469727,1.847000002861023,601868992.0,1159042944.0,838121.75
2024-08-08,1.840000033378601,1.8639999628067017,1.8200000524520874,1.8489999771118164,414234880.0,796364352.0,838121.75
2024-08-09,1.8580000400543213,1.8700000047683716,1.8300000429153442,1.8300000429153442,397003360.0,763831232.0,838121.75
2024-08-12,1.8259999752044678,1.8329999446868896,1.8140000104904175,1.8229999542236328,284600640.0,541164224.0,838121.75
2024-08-13,1.8209999799728394,1.8329999446868896,1.8070000410079956,1.8279999494552612,420122176.0,797714688.0,838121.75
2024-08-14,1.8270000219345093,1.8289999961853027,1.8079999685287476,1.809000015258789,275502720.0,522115488.0,838121.75
2024-08-15,1.8020000457763672,1.8509999513626099,1.8009999990463257,1.8259999752044678,864509248.0,1650136320.0,838121.75
2024-08-16,1.8259999752044678,1.8329999446868896,1.8109999895095825,1.8109999895095825,429806592.0,815225472.0,838121.75
2024-08-19,1.809999942779541,1.8389999866485596,1.8070000410079956,1.815000057220459,338032544.0,642704832.0,838121.75
2024-08-20,1.815999984741211,1.819000005722046,1.7740000486373901,1.781999945640564,752641024.0,1403249536.0,838121.75
2024-08-21,1.774999976158142,1.7890000343322754,1.7699999809265137,1.7719999551773071,282826784.0,524495744.0,838121.75
2024-08-22,1.7719999551773071,1.777999997138977,1.746000051498413,1.7489999532699585,423494368.0,776747584.0,838121.75
2024-08-23,1.746999979019165,1.75600004196167,1.7369999885559082,1.75,477332672.0,871403776.0,838121.75
2024-08-26,1.7489999532699585,1.7660000324249268,1.7430000305175781,1.7569999694824219,463638208.0,850796224.0,838121.75
2024-08-27,1.7519999742507935,1.7519999742507935,1.7309999465942383,1.7369999885559082,909830848.0,1653888512.0,838121.75
2024-08-28,1.7339999675750732,1.75600004196167,1.7280000448226929,1.7389999628067017,734258752.0,1336387712.0,838121.75
2024-08-29,1.7319999933242798,1.7769999504089355,1.7300000190734863,1.7690000534057617,849753152.0,1562323584.0,838121.75
2024-08-30,1.7649999856948853,1.8320000171661377,1.7649999856948853,1.8040000200271606,1606883456.0,3035694848.0,838121.75
2024-09-02,1.7990000247955322,1.8070000410079956,1.7610000371932983,1.7640000581741333,855605888.0,1591408256.0,838121.75
2024-09-03,1.7599999904632568,1.7929999828338623,1.7599999904632568,1.7799999713897705,789162432.0,1464018432.0,838121.75
2024-09-04,1.7660000324249268,1.7920000553131104,1.7619999647140503,1.7730000019073486,472501696.0,875597248.0,838121.75
2024-09-05,1.7740000486373901,1.7999999523162842,1.7740000486373901,1.7879999876022339,440815168.0,821290432.0,838121.75
2024-09-06,1.7910000085830688,1.7929999828338623,1.7519999742507935,1.7569999694824219,680900672.0,1257254784.0,838121.75
2024-09-09,1.746999979019165,1.7630000114440918,1.7339999675750732,1.7419999837875366,408367040.0,745097344.0,838121.75
2024-09-10,1.7419999837875366,1.75600004196167,1.7100000381469727,1.7480000257492065,518359968.0,938019904.0,838121.75
2024-09-11,1.7380000352859497,1.753000020980835,1.7330000400543213,1.746999979019165,860700800.0,1569170176.0,838121.75
2024-09-12,1.75,1.7710000276565552,1.7380000352859497,1.7410000562667847,617876160.0,1131385984.0,838121.75
2024-09-13,1.7410000562667847,1.74399995803833,1.7170000076293945,1.718999981880188,658004800.0,1188466560.0,838121.75
2024-09-18,1.7170000076293945,1.7209999561309814,1.687000036239624,1.7109999656677246,520586208.0,928118720.0,838121.75
2024-09-19,1.715000033378601,1.7649999856948853,1.7029999494552612,1.746000051498413,1119459968.0,2032423168.0,838121.75
2024-09-20,1.7410000562667847,1.7450000047683716,1.7209999561309814,1.7359999418258667,1537079936.0,2785055232.0,838121.75
2024-09-23,1.7330000400543213,1.7589999437332153,1.7259999513626099,1.7380000352859497,452182560.0,823315840.0,838121.75
2024-09-24,1.7549999952316284,1.815999984741211,1.7359999418258667,1.8140000104904175,2090227968.0,3892250368.0,838121.75
2024-09-25,1.8329999446868896,1.875,1.8250000476837158,1.8270000219345093,1358595840.0,2616895744.0,838121.75
2024-09-26,1.819000005722046,1.9199999570846558,1.819000005722046,1.9160000085830688,2740138752.0,5362037248.0,838121.75
2024-09-27,1.9470000267028809,2.1019999980926514,1.9290000200271606,2.0940001010894775,1415966848.0,2924884224.0,838121.75
2024-09-30,2.191999912261963,2.311000108718872,2.0829999446868896,2.311000108718872,5843265536.0,13308018688.0,838121.75
2024-10-08,2.549999952316284,2.549999952316284,2.312000036239624,2.4509999752044678,3749725696.0,9463151616.0,838121.75
2024-10-09,2.3519999980926514,2.4019999504089355,2.2249999046325684,2.246000051498413,2371558144.0,5693473792.0,838121.75
2024-10-10,2.257999897003174,2.316999912261963,2.194999933242798,2.2170000076293945,2169131776.0,5059557376.0,838121.75
2024-10-11,2.203000068664551,2.2060000896453857,2.0920000076293945,2.125,2502679808.0,5551958528.0,838121.75
2024-10-14,2.131999969482422,2.2079999446868896,2.0920000076293945,2.2049999237060547,2108554368.0,4702568448.0,838121.75
2024-10-15,2.187000036239624,2.240000009536743,2.1530001163482666,2.1579999923706055,2515340032.0,5715334656.0,838121.75
2024-10-16,2.122999906539917,2.2009999752044678,2.122999906539917,2.1659998893737793,1053864832.0,2364676352.0,838121.75
2024-10-17,2.181999921798706,2.2079999446868896,2.1549999713897705,2.1570000648498535,1552726400.0,3505287424.0,838121.75
2024-10-18,2.1530001163482666,2.3350000381469727,2.1500000953674316,2.259000062942505,3456522496.0,8077833216.0,838121.75
2024-10-21,2.2699999809265137,2.3399999141693115,2.259999990463257,2.3010001182556152,1746654080.0,4157949696.0,838121.75
2024-10-22,2.2950000762939453,2.3350000381469727,2.2829999923706055,2.313999891281128,1608515968.0,3834257408.0,838121.75
2024-10-23,2.318000078201294,2.361999988555908,2.299999952316284,2.319999933242798,924024320.0,2225819136.0,838121.75
2024-10-24,2.305000066757202,2.315999984741211,2.2829999923706055,2.303999900817871,834214592.0,1983643008.0,838121.75
2024-10-25,2.305000066757202,2.371000051498413,2.305000066757202,2.3589999675750732,1399639040.0,3391460608.0,838121.75
2024-10-28,2.3529999256134033,2.3929998874664307,2.3420000076293945,2.3919999599456787,971647872.0,2380862464.0,838121.75
2024-10-29,2.4019999504089355,2.4049999713897705,2.3499999046325684,2.3550000190734863,1908879232.0,4681000448.0,838121.75
2024-10-30,2.3420000076293945,2.377000093460083,2.3329999446868896,2.36899995803833,1007125568.0,2450508288.0,838121.75
2024-10-31,2.371999979019165,2.430999994277954,2.3570001125335693,2.4049999713897705,1024828864.0,2538497536.0,838121.75
2024-11-01,2.3919999599456787,2.4070000648498535,2.3259999752044678,2.3329999446868896,1337878144.0,3260280576.0,838121.75
2024-11-04,2.322000026702881,2.3910000324249268,2.321000099182129,2.388000011444092,731579392.0,1783324160.0,838121.75
2024-11-05,2.385999917984009,2.4809999465942383,2.378000020980835,2.4709999561309814,2033934848.0,5133513216.0,838121.75
2024-11-06,2.4719998836517334,2.510999917984009,2.4570000171661377,2.4790000915527344,1116494208.0,2860190720.0,838121.75
2024-11-07,2.453000068664551,2.5299999713897705,2.453000068664551,2.5269999504089355,855353728.0,2196870912.0,838121.75
2024-11-08,2.5420000553131104,2.571000099182129,2.5169999599456787,2.5290000438690186,1087744128.0,2849866240.0,838121.75
2024-11-11,2.5169999599456787,2.5929999351501465,2.5169999599456787,2.5899999141693115,1737884544.0,4593533952.0,838121.75
2024-11-12,2.5920000076293945,2.6089999675750732,2.5339999198913574,2.562999963760376,999754304.0,2654182144.0,838121.75
2024-11-13,2.5460000038146973,2.565000057220459,2.505000114440918,2.5480000972747803,952748800.0,2488898048.0,838121.75
2024-11-14,2.5429999828338623,2.546999931335449,2.4670000076293945,2.4709999561309814,1566918400.0,4041335040.0,838121.75
2024-11-15,2.4649999141693115,2.493000030517578,2.4100000858306885,2.4110000133514404,960639680.0,2433464064.0,838121.75
2024-11-18,2.4170000553131104,2.427000045776367,2.3289999961853027,2.3519999980926514,1171811328.0,2869224960.0,838121.75
2024-11-19,2.3459999561309814,2.4159998893737793,2.3380000591278076,2.4130001068115234,977273216.0,2395231744.0,838121.75
2024-11-20,2.4030001163482666,2.4630000591278076,2.3970000743865967,2.4590001106262207,1415098112.0,3544503296.0,838121.75
2024-11-21,2.4549999237060547,2.4749999046325684,2.437999963760376,2.4649999141693115,458406912.0,1163944448.0,838121.75
2024-11-22,2.4600000381469727,2.4700000286102295,2.367000102996826,2.36899995803833,613174400.0,1533755648.0,838121.75
2024-11-25,2.382999897003174,2.388000011444092,2.3310000896453857,2.380000114440918,413448736.0,1007004672.0,838121.75
2024-11-26,2.372999906539917,2.3989999294281006,2.3469998836517334,2.3480000495910645,513734624.0,1256359296.0,838121.75
2024-11-27,2.3450000286102295,2.4119999408721924,2.3010001182556152,2.4079999923706055,1200080256.0,2931115520.0,838121.75
2024-11-28,2.4059998989105225,2.427000045776367,2.388000011444092,2.3940000534057617,830894208.0,2065887360.0,838121.75
2024-11-29,2.3910000324249268,2.4609999656677246,2.375,2.434999942779541,1563294592.0,3923756032.0,838121.75
2024-12-02,2.436000108718872,2.494999885559082,2.433000087738037,2.4860000610351562,1051509568.0,2685604864.0,838121.75
2024-12-03,2.486999988555908,2.500999927520752,2.4549999237060547,2.4790000915527344,1376572672.0,3518298112.0,838121.75
2024-12-04,2.4749999046325684,2.4790000915527344,2.427999973297119,2.444999933242798,1022554944.0,2594327040.0,838121.75
2024-12-05,2.437000036239624,2.4830000400543213,2.434000015258789,2.4739999771118164,707218240.0,1800396928.0,838121.75
2024-12-06,2.4730000495910645,2.5169999599456787,2.447999954223633,2.502000093460083,1969596800.0,5051954176.0,838121.75
2024-12-09,2.499000072479248,2.510999917984009,2.4600000381469727,2.4790000915527344,843935872.0,2160327936.0,838121.75
2024-12-10,2.566999912261963,2.571000099182129,2.499000072479248,2.50600004196167,1954500480.0,5108613120.0,838121.75
2024-12-11,2.500999927520752,2.5420000553131104,2.496999979019165,2.5390000343322754,868271680.0,2266269696.0,838121.75
2024-12-12,2.5390000343322754,2.561000108718872,2.515000104904175,2.559000015258789,756605888.0,1979570048.0,838121.75
2024-12-13,2.5420000553131104,2.5439999103546143,2.502000093460083,2.506999969482422,1528158080.0,3972178944.0,838121.75
2024-12-16,2.506999969482422,2.509000062942505,2.4639999866485596,2.4739999771118164,606244544.0,1553098368.0,838121.75
2024-12-17,2.4649999141693115,2.4719998836517334,2.4149999618530273,2.4189999103546143,914832960.0,2295569408.0,838121.75
2024-12-18,2.421999931335449,2.4570000171661377,2.4100000858306885,2.438999891281128,638427200.0,1604284928.0,838121.75
2024-12-19,2.4149999618530273,2.4519999027252197,2.4019999504089355,2.446000099182129,592509696.0,1482563072.0,838121.75
2024-12-20,2.437999963760376,2.490000009536743,2.437000036239624,2.4709999561309814,606249536.0,1542048256.0,838121.75
2024-12-23,2.4649999141693115,2.4690001010894775,2.3970000743865967,2.3989999294281006,1028065216.0,2570796800.0,838121.75
2024-12-24,2.4019999504089355,2.427000045776367,2.3889999389648438,2.4260001182556152,613464384.0,1526971904.0,838121.75
2024-12-25,2.4260001182556152,2.4260001182556152,2.375999927520752,2.4010000228881836,1174241280.0,2902962688.0,838121.75
2024-12-26,2.3970000743865967,2.434000015258789,2.3959999084472656,2.424999952316284,926100672.0,2316026880.0,838121.75
2024-12-27,2.424999952316284,2.4639999866485596,2.4110000133514404,2.428999900817871,680149696.0,1713426176.0,838121.75
2024-12-30,2.4240000247955322,2.438999891281128,2.4019999504089355,2.421999931335449,690278848.0,1724937216.0,838121.75
2024-12-31,2.4210000038146973,2.430000066757202,2.3399999141693115,2.3420000076293945,1087495552.0,2663752448.0,838121.75
2025-01-02,2.3380000591278076,2.3529999256134033,2.253999948501587,2.2769999504089355,1190049280.0,2837372672.0,838121.75
2025-01-03,2.2799999713897705,2.2869999408721924,2.2019999027252197,2.2119998931884766,1673134208.0,3871617792.0,838121.75
2025-01-06,2.2070000171661377,2.2320001125335693,2.181999921798706,2.1989998817443848,1285256064.0,2935608832.0,838121.75
2025-01-07,2.197999954223633,2.2330000400543213,2.187000036239624,2.2320001125335693,1334717696.0,3066049024.0,838121.75
2025-01-08,2.2239999771118164,2.242000102996826,2.1540000438690186,2.2209999561309814,1606924032.0,3650021376.0,838121.75
2025-01-09,2.2060000896453857,2.243000030517578,2.2039999961853027,2.2260000705718994,914305216.0,2110431488.0,838121.75
2025-01-10,2.2239999771118164,2.246000051498413,2.174999952316284,2.177000045776367,515784448.0,1181117312.0,838121.75
2025-01-13,2.1589999198913574,2.1989998817443848,2.1419999599456787,2.181999921798706,740220608.0,1665811712.0,838121.75
2025-01-14,2.184999942779541,2.2869999408721924,2.180000066757202,2.2860000133514404,1673319680.0,3903408896.0,838121.75
2025-01-15,2.2790000438690186,2.2860000133514404,2.259000062942505,2.2679998874664307,1160103296.0,2681035520.0,-838121.75
2025-01-16,2.2769999504089355,2.3239998817443848,2.257999897003174,2.2780001163482666,1031537856.0,2406666752.0,838121.75
2025-01-17,2.2690000534057617,2.315000057220459,2.260999917984009,2.2950000762939453,715596224.0,1666580608.0,838121.75
2025-01-20,2.306999921798706,2.3320000171661377,2.3010001182556152,2.308000087738037,643854272.0,1517322880.0,838121.75
2025-01-21,2.319000005722046,2.328000068664551,2.2899999618530273,2.322999954223633,801171968.0,1882878848.0,838121.75
2025-01-22,2.312999963760376,2.318000078201294,2.2880001068115234,2.303999900817871,705844480.0,1653018752.0,838121.75
2025-01-23,2.319999933242798,2.3580000400543213,2.2909998893737793,2.2920000553131104,1187863552.0,2812039424.0,838121.75
2025-01-24,2.2880001068115234,2.3410000801086426,2.2880001068115234,2.3389999866485596,1256736896.0,2971559424.0,838121.75
2025-01-27,2.3429999351501465,2.3519999980926514,2.2929999828338623,2.2950000762939453,987521536.0,2327792640.0,838121.75
2025-02-05,2.312999963760376,2.3350000381469727,2.2980000972747803,2.311000108718872,861672128.0,2030344448.0,838121.75
2025-02-06,2.305999994277954,2.380000114440918,2.2980000972747803,2.374000072479248,801423360.0,1919108480.0,838121.75
2025-02-07,2.375,2.443000078201294,2.372999906539917,2.4140000343322754,1332989056.0,3269545472.0,838121.75
2025-02-10,2.4140000343322754,2.447999954223633,2.4089999198913574,2.441999912261963,1207204352.0,2986830336.0,838121.75
2025-02-11,2.438999891281128,2.447000026702881,2.4119999408721924,2.437000036239624,683543872.0,1688494080.0,838121.75
2025-02-12,2.431999921798706,2.4769999980926514,2.428999900817871,2.4739999771118164,619233600.0,1546127360.0,838121.75
2025-02-13,2.4709999561309814,2.4730000495910645,2.441999912261963,2.450000047683716,604225088.0,1509425408.0,838121.75
2025-02-14,2.444999933242798,2.4649999141693115,2.433000087738037,2.4590001106262207,623321920.0,1553526272.0,838121.75
2025-02-17,2.4670000076293945,2.4820001125335693,2.4489998817443848,2.4700000286102295,1479497344.0,3713677568.0,838121.75
2025-02-18,2.4639999866485596,2.4730000495910645,2.4049999713897705,2.4200000762939453,899067520.0,2222227456.0,838121.75
2025-02-19,2.4119999408721924,2.4769999980926514,2.4119999408721924,2.4749999046325684,672871168.0,1678234368.0,838121.75
2025-02-20,2.4700000286102295,2.499000072479248,2.4670000076293945,2.492000102996826,704008256.0,1775401856.0,838121.75
2025-02-21,2.496000051498413,2.549999952316284,2.4839999675750732,2.5399999618530273,564613184.0,1449439488.0,838121.75
2025-02-24,2.5390000343322754,2.559000015258789,2.5209999084472656,2.5439999103546143,727053120.0,1876596480.0,838121.75
2025-02-25,2.51200008392334,2.558000087738037,2.505000114440918,2.5329999923706055,449202944.0,1155697920.0,838121.75
2025-02-26,2.5350000858306885,2.5739998817443848,2.5260000228881836,2.572999954223633,390309312.0,1011950016.0,838121.75
2025-02-27,2.566999912261963,2.578000068664551,2.5190000534057617,2.559000015258789,497368864.0,1287085952.0,838121.75
2025-02-28,2.5450000762939453,2.5480000972747803,2.4619998931884766,2.4700000286102295,1270109952.0,3210926336.0,838121.75
2025-03-03,2.4730000495910645,2.510999917984009,2.4549999237060547,2.4670000076293945,650157248.0,1641596544.0,838121.75
2025-03-04,2.4509999752044678,2.503999948501587,2.4489998817443848,2.5,559809472.0,1415328384.0,838121.75
2025-03-05,2.499000072479248,2.5179998874664307,2.4830000400543213,2.5169999599456787,565835328.0,1437705088.0,838121.75
2025-03-06,2.5309998989105225,2.5840001106262207,2.5290000438690186,2.572999954223633,558609088.0,1453929600.0,838121.75
2025-03-07,2.566999912261963,2.5889999866485596,2.546999931335449,2.562000036239624,597475712.0,1558891776.0,838121.75
2025-03-10,2.562000036239624,2.572000026702881,2.5420000553131104,2.565000057220459,662038912.0,1720820480.0,838121.75
2025-03-11,2.5390000343322754,2.5840001106262207,2.5360000133514404,2.5829999446868896,388883360.0,1010749824.0,838121.75
2025-03-12,2.5859999656677246,2.615000009536743,2.5810000896453857,2.5869998931884766,593555136.0,1564226048.0,838121.75
2025-03-13,2.5810000896453857,2.5859999656677246,2.5199999809265137,2.546999931335449,680231232.0,1758789760.0,838121.75
2025-03-14,2.5429999828338623,2.5920000076293945,2.5269999504089355,2.5899999141693115,776655296.0,2031758976.0,838121.75
2025-03-17,2.5889999866485596,2.6019999980926514,2.5799999237060547,2.5929999351501465,729597056.0,1920208640.0,838121.75
2025-03-18,2.5980000495910645,2.61899995803833,2.5889999866485596,2.6040000915527344,313063392.0,828010944.0,838121.75
2025-03-19,2.5940001010894775,2.5989999771118164,2.572999954223633,2.5859999656677246,421630528.0,1106883072.0,838121.75
2025-03-20,2.5799999237060547,2.5980000495910645,2.568000078201294,2.575000047683716,428796096.0,1125641216.0,838121.75
2025-03-21,2.566999912261963,2.572000026702881,2.5139999389648438,2.5209999084472656,586070272.0,1511471616.0,838121.75
2025-03-24,2.5179998874664307,2.5220000743865967,2.4579999446868896,2.500999927520752,749467392.0,1895590272.0,838121.75
2025-03-25,2.494999885559082,2.509999990463257,2.4749999046325684,2.4839999675750732,610761024.0,1546429824.0,838121.75
2025-03-26,2.4779999256134033,2.509000062942505,2.4779999256134033,2.492000102996826,491593216.0,1248222464.0,838121.75
2025-03-27,2.48799991607666,2.5190000534057617,2.4590001106262207,2.492000102996826,473648288.0,1198280576.0,838121.75
2025-03-28,2.489000082015991,2.503000020980835,2.4619998931884766,2.4660000801086426,509594688.0,1283137664.0,838121.75
2025-03-31,2.4560000896453857,2.4649999141693115,2.4179999828338623,2.4509999752044678,766435392.0,1902765184.0,838121.75
2025-04-01,2.4519999027252197,2.4800000190734863,2.4519999027252197,2.4619998931884766,673484864.0,1688481280.0,838121.75
2025-04-02,2.4560000896453857,2.489000082015991,2.4549999237060547,2.4700000286102295,297233760.0,747681664.0,838121.75
2025-04-03,2.4509999752044678,2.4809999465942383,2.4230000972747803,2.440999984741211,538772800.0,1342286592.0,838121.75
2025-04-07,2.315999984741211,2.3550000190734863,2.193000078201294,2.193000078201294,1444303616.0,3291645440.0,838121.75
2025-04-08,2.1579999923706055,2.2160000801086426,2.130000114440918,2.177999973297119,6242512896.0,13730220032.0,838121.75
2025-04-09,2.135999917984009,2.234999895095825,2.052000045776367,2.2170000076293945,1575049600.0,3457013504.0,838121.75
2025-04-10,2.253999948501587,2.315999984741211,2.253000020980835,2.2720000743865967,1059578304.0,2462237440.0,838121.75
2025-04-11,2.25600004196167,2.3310000896453857,2.253999948501587,2.302000045776367,590132544.0,1379142272.0,838121.75
2025-04-14,2.325000047683716,2.3519999980926514,2.321000099182129,2.3329999446868896,634865280.0,1507512448.0,838121.75
2025-04-15,2.3310000896453857,2.3389999866485596,2.308000087738037,2.3239998817443848,568829952.0,1342889728.0,838121.75
2025-04-16,2.312000036239624,2.319000005722046,2.265000104904175,2.2939999103546143,1045112256.0,2434844416.0,838121.75
2025-04-17,2.2820000648498535,2.319999933242798,2.2790000438690186,2.2950000762939453,635311104.0,1491768320.0,838121.75
2025-04-18,2.2890000343322754,2.303999900817871,2.2760000228881836,2.2909998893737793,740884096.0,1726552704.0,838121.75
2025-04-21,2.2869999408721924,2.3410000801086426,2.2769999504089355,2.3389999866485596,672338112.0,1589759360.0,838121.75
2025-04-22,2.3359999656677246,2.3499999046325684,2.3269999027252197,2.3389999866485596,421360000.0,1002448512.0,838121.75
2025-04-23,2.3510000705718994,2.368000030517578,2.3410000801086426,2.3529999256134033,664292672.0,1592236160.0,838121.75
2025-04-24,2.3489999771118164,2.3529999256134033,2.315999984741211,2.3299999237060547,532361472.0,1263958656.0,838121.75
2025-04-25,2.3299999237060547,2.3550000190734863,2.319999933242798,2.3350000381469727,574595712.0,1368374912.0,838121.75
2025-04-28,2.3340001106262207,2.3369998931884766,2.303999900817871,2.309999942779541,613250880.0,1444605312.0,838121.75
2025-04-29,2.303999900817871,2.3310000896453857,2.2960000038146973,2.322000026702881,460255584.0,1086336640.0,838121.75
2025-04-30,2.322000026702881,2.3489999771118164,2.321000099182129,2.3399999141693115,608756544.0,1450180992.0,838121.75
2025-05-06,2.3540000915527344,2.4010000228881836,2.3540000915527344,2.4010000228881836,611700032.0,1484039680.0,838121.75
2025-05-07,2.4260001182556152,2.4539999961853027,2.38700008392334,2.4030001163482666,866819904.0,2126154752.0,838121.75
2025-05-08,2.3980000019073486,2.430000066757202,2.3959999084472656,2.424999952316284,580838080.0,1428604032.0,838121.75
2025-05-09,2.4240000247955322,2.4240000247955322,2.382999897003174,2.3959999084472656,417648512.0,1018846784.0,838121.75
2025-05-12,2.4110000133514404,2.430999994277954,2.4040000438690186,2.430000066757202,518941184.0,1276471296.0,838121.75
2025-05-13,2.447000026702881,2.447000026702881,2.4149999618530273,2.4210000038146973,591370816.0,1460617600.0,838121.75
2025-05-14,2.4210000038146973,2.444000005722046,2.4040000438690186,2.427000045776367,516588320.0,1271995648.0,838121.75
2025-05-15,2.4210000038146973,2.421999931335449,2.382999897003174,2.38700008392334,419296288.0,1021692160.0,838121.75
2025-05-16,2.381999969482422,2.4030001163482666,2.38100004196167,2.3910000324249268,426175328.0,1036770432.0,838121.75
2025-05-19,2.381999969482422,2.4040000438690186,2.365999937057495,2.4019999504089355,350334560.0,850165120.0,838121.75
2025-05-20,2.3980000019073486,2.4260001182556152,2.3910000324249268,2.421999931335449,301247840.0,738617984.0,838121.75
2025-05-21,2.4170000553131104,2.4200000762939453,2.4059998989105225,2.4159998893737793,231360992.0,567872640.0,838121.75
2025-05-22,2.4089999198913574,2.4240000247955322,2.3889999389648438,2.3919999599456787,359451936.0,877758912.0,838121.75
2025-05-23,2.38700008392334,2.4059998989105225,2.359999895095825,2.3610000610351562,411350176.0,996762112.0,838121.75
2025-05-26,2.359999895095825,2.381999969482422,2.3570001125335693,2.375,351348352.0,847638144.0,838121.75
2025-05-27,2.367000102996826,2.377000093460083,2.3519999980926514,2.368000030517578,438799552.0,1054889024.0,838121.75
2025-05-28,2.367000102996826,2.378000020980835,2.3550000190734863,2.361999988555908,353840992.0,850734784.0,838121.75
2025-05-29,2.365999937057495,2.4059998989105225,2.36299991607666,2.4049999713897705,739721728.0,1799211648.0,838121.75
2025-05-30,2.3959999084472656,2.3970000743865967,2.374000072479248,2.381999969482422,807825728.0,1957977472.0,838121.75
2025-06-03,2.372999906539917,2.4040000438690186,2.371000051498413,2.3949999809265137,379097056.0,922983488.0,838121.75
2025-06-04,2.3959999084472656,2.4200000762939453,2.3929998874664307,2.4170000553131104,289313888.0,709692032.0,838121.75
2025-06-05,2.4179999828338623,2.441999912261963,2.4070000648498535,2.437000036239624,346380832.0,853375872.0,838121.75
2025-06-06,2.437999963760376,2.437999963760376,2.4240000247955322,2.431999921798706,256363520.0,633493568.0,838121.75
2025-06-09,2.436000108718872,2.4639999866485596,2.433000087738037,2.4570000171661377,386489632.0,964800576.0,838121.75
2025-06-10,2.4590001106262207,2.4590001106262207,2.4130001068115234,2.434999942779541,394441024.0,976888640.0,838121.75
2025-06-11,2.434999942779541,2.4619998931884766,2.434000015258789,2.446000099182129,403662016.0,1005172096.0,838121.75
2025-06-12,2.436000108718872,2.4549999237060547,2.428999900817871,2.450000047683716,194088672.0,482595232.0,838121.75
2025-06-13,2.443000078201294,2.447000026702881,2.4119999408721924,2.4179999828338623,355052384.0,875443200.0,838121.75
2025-06-16,2.4100000858306885,2.437000036239624,2.4089999198913574,2.431999921798706,296659488.0,733030656.0,838121.75
2025-06-17,2.433000087738037,2.440000057220459,2.4210000038146973,2.428999900817871,325780096.0,804508416.0,838121.75
2025-06-18,2.427999973297119,2.431999921798706,2.4070000648498535,2.4260001182556152,248404880.0,611461056.0,838121.75
2025-06-19,2.4210000038146973,2.431999921798706,2.38700008392334,2.3959999084472656,407491808.0,996642304.0,838121.75
2025-06-20,2.3929998874664307,2.4019999504089355,2.375,2.375999927520752,558996160.0,1356143104.0,838121.75
2025-06-23,2.364000082015991,2.4079999923706055,2.364000082015991,2.4070000648498535,500120832.0,1218381184.0,838121.75
2025-06-24,2.4079999923706055,2.4549999237060547,2.4070000648498535,2.453000068664551,520728896.0,1293160832.0,838121.75
2025-06-25,2.4549999237060547,2.49399995803833,2.4539999961853027,2.490000009536743,573239936.0,1443542784.0,838121.75
2025-06-26,2.486999988555908,2.500999927520752,2.4779999256134033,2.4790000915527344,645728000.0,1632240896.0,838121.75
2025-06-27,2.4860000610351562,2.507999897003174,2.4809999465942383,2.48799991607666,464919104.0,1178506752.0,838121.75
2025-06-30,2.492000102996826,2.5230000019073486,2.492000102996826,2.5209999084472656,575762816.0,1470207104.0,838121.75
2025-07-01,2.5209999084472656,2.5290000438690186,2.5,2.5280001163482666,388380768.0,993151552.0,838121.75
2025-07-02,2.5220000743865967,2.5230000019073486,2.494999885559082,2.505000114440918,384424256.0,978550336.0,838121.75
2025-07-03,2.503999948501587,2.5190000534057617,2.494999885559082,2.5160000324249268,351904320.0,897083072.0,838121.75
2025-07-04,2.509000062942505,2.5320000648498535,2.496000051498413,2.50600004196167,333574080.0,851113088.0,838121.75
2025-07-07,2.502000093460083,2.513000011444092,2.500999927520752,2.509000062942505,162496464.0,414157600.0,838121.75
2025-07-08,2.507999897003174,2.5460000038146973,2.503000020980835,2.5450000762939453,408341120.0,1052121856.0,838121.75
2025-07-09,2.546999931335449,2.553999900817871,2.5320000648498535,2.5369999408721924,443421056.0,1145274624.0,838121.75
2025-07-10,2.5360000133514404,2.555000066757202,2.5280001163482666,2.5420000553131104,371182944.0,958508608.0,838121.75
2025-07-11,2.5439999103546143,2.5810000896453857,2.5350000858306885,2.568000078201294,681163904.0,1774114688.0,838121.75
2025-07-14,2.569999933242798,2.571000099182129,2.556999921798706,2.565999984741211,474159616.0,1235881856.0,838121.75
2025-07-15,2.563999891281128,2.572999954223633,2.5320000648498535,2.556999921798706,402189312.0,1042538880.0,838121.75
2025-07-16,2.558000087738037,2.5799999237060547,2.553999900817871,2.568000078201294,354503200.0,924795840.0,838121.75
2025-07-17,2.563999891281128,2.5999999046325684,2.561000108718872,2.5989999771118164,296636608.0,779912192.0,838121.75
2025-07-18,2.5999999046325684,2.611999988555908,2.5910000801086426,2.6050000190734863,292069120.0,772012800.0,838121.75
2025-07-21,2.6050000190734863,2.628000020980835,2.6050000190734863,2.627000093460083,638365120.0,1700335616.0,838121.75
2025-07-22,2.628999948501587,2.6440000534057617,2.619999885559082,2.6429998874664307,301110464.0,804987776.0,838121.75
2025-07-23,2.6440000534057617,2.6559998989105225,2.624000072479248,2.632999897003174,387038944.0,1037425472.0,838121.75
2025-07-24,2.63100004196167,2.6710000038146973,2.627000093460083,2.6689999103546143,511780544.0,1380421760.0,838121.75
2025-07-25,2.6710000038146973,2.6710000038146973,2.6519999504089355,2.6670000553131104,413442464.0,1117894784.0,838121.75
2025-07-28,2.6679999828338623,2.681999921798706,2.6519999504089355,2.674999952316284,636824704.0,1725893888.0,838121.75
2025-07-29,2.6710000038146973,2.700000047683716,2.6519999504089355,2.697999954223633,362942976.0,985352256.0,838121.75
2025-07-30,2.694999933242798,2.694999933242798,2.6519999504089355,2.6730000972747803,482801504.0,1311967360.0,838121.75
2025-07-31,2.6649999618530273,2.684999942779541,2.6389999389648438,2.6540000438690186,392244416.0,1061977216.0,838121.75
2025-08-01,2.6500000953674316,2.6700000762939453,2.635999917984009,2.6519999504089355,375988768.0,1012789184.0,838121.75
2025-08-04,2.6410000324249268,2.686000108718872,2.634999990463257,2.684999942779541,389897696.0,1055042560.0,838121.75
2025-08-05,2.684999942779541,2.7019999027252197,2.680999994277954,2.7009999752044678,336730624.0,919724160.0,838121.75
2025-08-06,2.700000047683716,2.734999895095825,2.694000005722046,2.7300000190734863,545459328.0,1507564032.0,838121.75
2025-08-07,2.7330000400543213,2.740000009536743,2.7100000381469727,2.7309999465942383,508460224.0,1407145856.0,838121.75
2025-08-08,2.7279999256134033,2.7320001125335693,2.7100000381469727,2.7219998836517334,267509312.0,738651456.0,838121.75
2025-08-11,2.7239999771118164,2.7730000019073486,2.7230000495910645,2.76200008392334,817421888.0,2288333824.0,838121.75
2025-08-12,2.763000011444092,2.7730000019073486,2.746999979019165,2.7720000743865967,392998752.0,1101429760.0,838121.75
2025-08-13,2.7750000953674316,2.819999933242798,2.7750000953674316,2.812999963760376,604396224.0,1716167424.0,838121.75
2025-08-14,2.815999984741211,2.819000005722046,2.7709999084472656,2.7820000648498535,618946688.0,1755421696.0,838121.75
2025-08-15,2.7690000534057617,2.8420000076293945,2.7669999599456787,2.8399999141693115,705619392.0,2016757376.0,838121.75
2025-08-18,2.8450000286102295,2.9000000953674316,2.8420000076293945,2.881999969482422,891477376.0,2602947072.0,838121.75
2025-08-19,2.878999948501587,2.9040000438690186,2.865000009536743,2.884000062942505,520186432.0,1522119424.0,838121.75
2025-08-20,2.871999979019165,2.9189999103546143,2.8529999256134033,2.9170000553131104,807727104.0,2366208256.0,838121.75
2025-08-21,2.921999931335449,2.930000066757202,2.875,2.890000104904175,852015552.0,2502943488.0,838121.75
2025-08-22,2.885999917984009,2.943000078201294,2.885999917984009,2.940999984741211,709515712.0,2100500992.0,838121.75
2025-08-25,2.9539999961853027,2.997999906539917,2.9509999752044678,2.9800000190734863,698136000.0,2103633280.0,838121.75
2025-08-26,2.9700000286102295,3.005000114440918,2.9609999656677246,2.9800000190734863,350081792.0,1058591744.0,838121.75
2025-08-27,2.9790000915527344,3.0160000324249268,2.9210000038146973,2.927000045776367,548447744.0,1651099776.0,838121.75
2025-08-28,2.9100000858306885,2.9690001010894775,2.875,2.9679999351501465,916711680.0,2726772736.0,838121.75
2025-08-29,2.9609999656677246,2.984999895095825,2.937000036239624,2.9649999141693115,534085184.0,1602241280.0,838121.75
2025-09-01,2.9739999771118164,3.003000020980835,2.9560000896453857,2.996999979019165,389943840.0,1177584128.0,838121.75
2025-09-02,2.986999988555908,2.989000082015991,2.890000104904175,2.9179999828338623,684285120.0,2027568640.0,838121.75
2025-09-03,2.9200000762939453,2.930999994277954,2.8580000400543213,2.872999906539917,629199424.0,1848128896.0,838121.75
2025-09-04,2.869999885559082,2.8929998874664307,2.765000104904175,2.805000066757202,1336910336.0,3834456832.0,838121.75
2025-09-05,2.803999900817871,2.8929998874664307,2.7980000972747803,2.888000011444092,768723328.0,2221064704.0,838121.75
2025-09-08,2.88700008392334,2.9210000038146973,2.874000072479248,2.9119999408721924,1149658240.0,3375375616.0,838121.75
2025-09-09,2.9030001163482666,2.9140000343322754,2.865000009536743,2.878000020980835,351648768.0,1032124160.0,838121.75
2025-09-10,2.874000072479248,2.9100000858306885,2.8610000610351562,2.880000114440918,490106336.0,1434574720.0,838121.75
2025-09-11,2.86899995803833,2.9590001106262207,2.8459999561309814,2.9579999446868896,612519296.0,1816753792.0,838121.75
2025-09-12,2.9590001106262207,2.9809999465942383,2.946000099182129,2.9590001106262207,472103584.0,1418023552.0,838121.75
2025-09-15,2.9600000381469727,2.9719998836517334,2.9489998817443848,2.9560000896453857,365882240.0,1097967744.0,838121.75
2025-09-16,2.9560000896453857,2.992000102996826,2.931999921798706,2.98799991607666,332243104.0,999678720.0,838121.75
2025-09-17,2.9800000190734863,3.0199999809265137,2.9730000495910645,3.015000104904175,403877472.0,1229537920.0,838121.75
2025-09-18,3.0179998874664307,3.058000087738037,2.943000078201294,2.9760000705718994,678408448.0,2065290112.0,838121.75
2025-09-19,2.9730000495910645,2.996999979019165,2.9489998817443848,2.9649999141693115,313835232.0,947421824.0,838121.75
2025-09-22,2.9660000801086426,2.992000102996826,2.9549999237060547,2.990000009536743,248171376.0,748026688.0,838121.75
2025-09-23,2.98799991607666,2.990000009536743,2.8989999294281006,2.9539999961853027,429979104.0,1281869440.0,838121.75
2025-09-24,2.934999942779541,3.007999897003174,2.924999952316284,3.00600004196167,407601280.0,1231461888.0,838121.75
2025-09-25,3.005000114440918,3.0179998874664307,2.989000082015991,2.994999885559082,375093088.0,1141320448.0,838121.75
2025-09-26,2.984999895095825,3.002000093460083,2.9519999027252197,2.9539999961853027,293412192.0,884004096.0,838121.75
2025-09-29,2.9509999752044678,3.003000020980835,2.943000078201294,2.990999937057495,599342336.0,1812375168.0,838121.75
2025-09-30,3.002000093460083,3.0339999198913574,2.996999979019165,3.0220000743865967,390829856.0,1196572672.0,838121.75
2025-10-09,3.0329999923706055,3.062999963760376,3.0260000228881836,3.0480000972747803,419747424.0,1296549888.0,838121.75
2025-10-10,3.0390000343322754,3.0390000343322754,2.997999906539917,3.006999969482422,510707136.0,1560995456.0,838121.75
2025-10-13,2.9089999198913574,3.009999990463257,2.8949999809265137,2.997999906539917,542341312.0,1631955968.0,838121.75
2025-10-14,3.01200008392334,3.0350000858306885,2.928999900817871,2.944000005722046,505974208.0,1531959552.0,838121.75
2025-10-15,2.937000036239624,2.989000082015991,2.9200000762939453,2.984999895095825,431160480.0,1293056128.0,838121.75
2025-10-16,2.9709999561309814,2.9809999465942383,2.944999933242798,2.9539999961853027,396589760.0,1191589760.0,838121.75
2025-10-17,2.9489998817443848,2.9630000591278076,2.864000082015991,2.868000030517578,542043712.0,1593350784.0,838121.75
2025-10-20,2.882999897003174,2.9149999618530273,2.869999885559082,2.885999917984009,377555168.0,1107010560.0,838121.75
2025-10-21,2.8940000534057617,2.934999942779541,2.885999917984009,2.927000045776367,603896960.0,1788428544.0,838121.75
2025-10-22,2.9119999408721924,2.931999921798706,2.9000000953674316,2.9170000553131104,325575648.0,962524416.0,838121.75
2025-10-23,2.9079999923706055,2.9230000972747803,2.868000030517578,2.9189999103546143,419130208.0,1229183104.0,838121.75
2025-10-24,2.928999900817871,2.9690001010894775,2.927999973297119,2.9670000076293945,423947328.0,1266926080.0,838121.75
2025-10-27,2.986999988555908,3.000999927520752,2.9660000801086426,2.989000082015991,507765856.0,1537540736.0,838121.75
2025-10-28,2.984999895095825,3.010999917984009,2.9700000286102295,2.9839999675750732,302040256.0,915679744.0,838121.75
2025-10-29,2.990000009536743,3.0260000228881836,2.9779999256134033,3.0250000953674316,353465824.0,1076427264.0,838121.75
2025-10-30,3.0199999809265137,3.0230000019073486,2.9830000400543213,2.99399995803833,438635840.0,1334865152.0,838121.75
2025-10-31,2.990999937057495,3.0309998989105225,2.986999988555908,2.996000051498413,530660832.0,1619049088.0,838121.75
2025-11-03,2.99399995803833,3.013000011444092,2.9570000171661377,3.007999897003174,489834624.0,1482343296.0,838121.75
2025-11-04,2.999000072479248,3.002000093460083,2.947999954223633,2.9670000076293945,342481376.0,1032912064.0,838121.75
2025-11-05,2.937000036239624,2.990999937057495,2.933000087738037,2.9820001125335693,354743232.0,1067369856.0,838121.75
2025-11-06,2.9820001125335693,3.0190000534057617,2.9769999980926514,3.0160000324249268,221836704.0,674503680.0,838121.75
2025-11-07,3.00600004196167,3.0280001163482666,2.98799991607666,3.0139999389648438,187756320.0,572784704.0,838121.75
2025-11-10,3.0280001163482666,3.0329999923706055,2.999000072479248,3.0179998874664307,207779440.0,634558592.0,838121.75
2025-11-11,3.0269999504089355,3.0380001068115234,3.003999948501587,3.010999917984009,246945008.0,755785152.0,838121.75
2025-11-12,3.003999948501587,3.010999917984009,2.9639999866485596,2.993000030517578,260154528.0,787013440.0,838121.75
2025-11-13,2.984999895095825,3.0390000343322754,2.9809999465942383,3.0350000858306885,332169920.0,1016817856.0,838121.75
2025-11-14,3.01200008392334,3.0309998989105225,2.993000030517578,2.99399995803833,335187008.0,1023067712.0,838121.75
2025-11-17,2.99399995803833,3.013000011444092,2.9860000610351562,3.000999927520752,265158672.0,806258368.0,838121.75
2025-11-18,2.99399995803833,3.000999927520752,2.9600000381469727,2.9769999980926514,402508192.0,1215499136.0,838121.75
2025-11-19,2.9709999561309814,2.986999988555908,2.933000087738037,2.9509999752044678,435518208.0,1304903168.0,838121.75
2025-11-20,2.9670000076293945,2.9730000495910645,2.928999900817871,2.931999921798706,413413856.0,1233129856.0,838121.75
2025-11-21,2.9030001163482666,2.9130001068115234,2.821000099182129,2.821000099182129,974623232.0,2827531008.0,838121.75
2025-11-24,2.8289999961853027,2.868000030517578,2.818000078201294,2.8540000915527344,581002496.0,1677040128.0,838121.75
2025-11-25,2.865999937057495,2.9170000553131104,2.865999937057495,2.8919999599456787,817354880.0,2402312704.0,838121.75
2025-11-26,2.8940000534057617,2.9159998893737793,2.880000114440918,2.8919999599456787,384465952.0,1131627648.0,838121.75
2025-11-27,2.8919999599456787,2.9260001182556152,2.8910000324249268,2.8949999809265137,255884864.0,754209856.0,838121.75
2025-11-28,2.8940000534057617,2.928999900817871,2.88700008392334,2.9260001182556152,182699200.0,539547392.0,838121.75
2025-12-01,2.934999942779541,2.9519999027252197,2.927999973297119,2.946000099182129,296228768.0,883188864.0,838121.75
2025-12-02,2.944999933242798,2.944999933242798,2.9110000133514404,2.9210000038146973,214907552.0,636159936.0,838121.75
2025-12-03,2.9230000972747803,2.927000045776367,2.884999990463257,2.8940000534057617,241744320.0,710780864.0,838121.75
2025-12-04,2.8949999809265137,2.9049999713897705,2.86899995803833,2.8970000743865967,255258688.0,747805824.0,838121.75
2025-12-05,2.8929998874664307,2.938999891281128,2.871000051498413,2.937000036239624,509474016.0,1508665472.0,838121.75
2025-12-08,2.944000005722046,2.9730000495910645,2.940000057220459,2.9630000591278076,404364160.0,1212798080.0,838121.75
2025-12-09,2.9600000381469727,2.9709999561309814,2.943000078201294,2.946000099182129,238018176.0,713248640.0,838121.75
2025-12-10,2.940999984741211,2.9639999866485596,2.924999952316284,2.9579999446868896,378737184.0,1129835776.0,838121.75
2025-12-11,2.9630000591278076,2.9679999351501465,2.9230000972747803,2.927000045776367,462293216.0,1379094784.0,838121.75
2025-12-12,2.927999973297119,2.9570000171661377,2.9170000553131104,2.947000026702881,535058752.0,1592378752.0,838121.75
2025-12-15,2.937000036239624,2.950000047683716,2.9200000762939453,2.9260001182556152,268919872.0,799367744.0,838121.75
2025-12-16,2.921999931335449,2.921999931335449,2.8570001125335693,2.875,337804896.0,985234112.0,838121.75
2025-12-17,2.868000030517578,2.9240000247955322,2.8580000400543213,2.9140000343322754,452032416.0,1325051520.0,838121.75
2025-12-18,2.8940000534057617,2.936000108718872,2.8929998874664307,2.9079999923706055,291718144.0,863284608.0,838121.75
2025-12-19,2.9189999103546143,2.944000005722046,2.9089999198913574,2.933000087738037,338444736.0,1005756480.0,838121.75
2025-12-22,2.944999933242798,2.9730000495910645,2.944000005722046,2.9600000381469727,272015936.0,816590528.0,838121.75
2025-12-23,2.9579999446868896,2.9749999046325684,2.944999933242798,2.9570000171661377,213444224.0,639972480.0,838121.75
2025-12-24,2.9519999027252197,3.007999897003174,2.9519999027252197,3.003999948501587,318340960.0,966004352.0,838121.75
2025-12-25,3.003000020980835,3.0399999618530273,2.997999906539917,3.0299999713897705,369447104.0,1133242368.0,838121.75
2025-12-26,3.0280001163482666,3.062000036239624,3.0220000743865967,3.0409998893737793,763731648.0,2358590720.0,838121.75
2025-12-29,3.0409998893737793,3.055999994277954,3.0250000953674316,3.0360000133514404,427984736.0,1319562880.0,838121.75
2025-12-30,3.0269999504089355,3.056999921798706,3.0209999084472656,3.0390000343322754,296175072.0,913465472.0,838121.75
2025-12-31,3.0460000038146973,3.0490000247955322,3.0199999809265137,3.0380001068115234,408618688.0,1257709824.0,838121.75
2026-01-05,3.0490000247955322,3.1110000610351562,3.046999931335449,3.1089999675750732,394175552.0,1232361728.0,838121.75
2026-01-06,3.115999937057495,3.1589999198913574,3.1070001125335693,3.1540000438690186,511493248.0,1622343680.0,838121.75
2026-01-07,3.1540000438690186,3.177000045776367,3.1459999084472656,3.1619999408721924,560107968.0,1793959296.0,838121.75
2026-01-08,3.1549999713897705,3.203000068664551,3.1549999713897705,3.190000057220459,338257504.0,1090632960.0,838121.75
2026-01-09,3.184999942779541,3.2690000534057617,3.184999942779541,3.2639999389648438,869145792.0,2854686720.0,838121.75
2026-01-12,3.2820000648498535,3.372999906539917,3.2699999809265137,3.365000009536743,1050504192.0,3546463744.0,838121.75
2026-01-13,3.367000102996826,3.369999885559082,3.2769999504089355,3.2960000038146973,959587904.0,3213528064.0,838121.75
2026-01-14,3.2780001163482666,3.378999948501587,3.260999917984009,3.303999900817871,1746936832.0,5889750016.0,838121.75
2026-01-15,3.2769999504089355,3.309000015258789,3.259000062942505,3.303999900817871,970751616.0,3230169344.0,838121.75
2026-01-16,3.3259999752044678,3.3299999237060547,3.2690000534057617,3.2950000762939453,1907144448.0,6355260416.0,838121.75
2026-01-19,3.2760000228881836,3.3269999027252197,3.2709999084472656,3.303999900817871,2148968960.0,7097946112.0,-838121.75
2026-01-20,3.308000087738037,3.319999933242798,3.242000102996826,3.2769999504089355,1579120384.0,5171017728.0,838121.75
2026-01-21,3.257999897003174,3.322999954223633,3.253999948501587,3.305000066757202,5531528704.0,18225690624.0,838121.75
2026-01-22,3.315000057220459,3.3299999237060547,3.299999952316284,3.3299999237060547,1968484608.0,6522283520.0,838121.75
2026-01-23,3.3429999351501465,3.4110000133514404,3.3299999237060547,3.4019999504089355,3412275200.0,11508716544.0,838121.75
2026-01-26,3.4059998989105225,3.4240000247955322,3.319000005722046,3.3440001010894775,2724660480.0,9142662144.0,838121.75
2026-01-27,3.3310000896453857,3.369999885559082,3.2720000743865967,3.3570001125335693,1658356992.0,5530076160.0,838121.75
2026-01-28,3.3550000190734863,3.374000072479248,3.3320000171661377,3.365999937057495,2266138368.0,7595431424.0,838121.75
2026-01-29,3.3570001125335693,3.3940000534057617,3.322999954223633,3.3399999141693115,1496102272.0,5017027584.0,838121.75
2026-01-30,3.321000099182129,3.3399999141693115,3.2290000915527344,3.311000108718872,813444544.0,2677913088.0,838121.75
2026-02-02,3.2739999294281006,3.296999931335449,3.1710000038146973,3.174999952316284,1501811200.0,4836900864.0,838121.75
2026-02-03,3.2149999141693115,3.2929999828338623,3.2039999961853027,3.2839999198913574,892554880.0,2906753024.0,838121.75
2026-02-04,3.2799999713897705,3.2929999828338623,3.239000082015991,3.2890000343322754,989024576.0,3227698176.0,838121.75
2026-02-05,3.259000062942505,3.265000104904175,3.2100000381469727,3.2320001125335693,710863872.0,2297231360.0,838121.75
2026-02-06,3.190000057220459,3.2679998874664307,3.177000045776367,3.2209999561309814,1221740160.0,3953130752.0,838121.75
2026-02-09,3.26200008392334,3.303999900817871,3.260999917984009,3.302000045776367,944362432.0,3107409408.0,838121.75
2026-02-10,3.299999952316284,3.312000036239624,3.2809998989105225,3.3010001182556152,434578016.0,1434599936.0,838121.75
2026-02-11,3.2950000762939453,3.328000068664551,3.2950000762939453,3.302999973297119,394626400.0,1306685056.0,838121.75
2026-02-12,3.3010001182556152,3.3440001010894775,3.2909998893737793,3.3359999656677246,636210432.0,2117612160.0,838121.75
2026-02-13,3.319999933242798,3.3320000171661377,3.2809998989105225,3.2850000858306885,1079324800.0,3563349248.0,838121.75
2026-02-24,3.321000099182129,3.3510000705718994,3.2980000972747803,3.322000026702881,571900224.0,1902759296.0,838121.75
2026-02-25,3.328000068664551,3.381999969482422,3.3269999027252197,3.371000051498413,1352661120.0,4554023936.0,838121.75
2026-02-26,3.378000020980835,3.4000000953674316,3.3580000400543213,3.3959999084472656,1120088960.0,3784913408.0,838121.75
2026-02-27,3.382999897003174,3.431999921798706,3.365999937057495,3.430999994277954,601095808.0,2050800768.0,838121.75
2026-03-02,3.3959999084472656,3.4200000762939453,3.3570001125335693,3.3929998874664307,1031242304.0,3495460352.0,838121.75
2026-03-03,3.3959999084472656,3.4049999713897705,3.255000114440918,3.2679998874664307,1084775040.0,3582470912.0,838121.75
2026-03-04,3.234999895095825,3.2990000247955322,3.2260000705718994,3.23799991607666,806775680.0,2624182784.0,838121.75
2026-03-05,3.2850000858306885,3.2950000762939453,3.247999906539917,3.2660000324249268,778934080.0,2551815168.0,838121.75
2026-03-06,3.244999885559082,3.312999963760376,3.244999885559082,3.299999952316284,454058560.0,1495044096.0,838121.75
2026-03-09,3.25,3.2980000972747803,3.197000026702881,3.2869999408721924,700741440.0,2270579200.0,838121.75
2026-03-10,3.309999942779541,3.3459999561309814,3.309000015258789,3.3440001010894775,627368384.0,2087054080.0,838121.75
2026-03-11,3.3459999561309814,3.359999895095825,3.3350000381469727,3.3459999561309814,414581344.0,1387909376.0,838121.75
2026-03-12,3.3320000171661377,3.3559999465942383,3.302000045776367,3.3380000591278076,398649888.0,1327090944.0,838121.75
2026-03-13,3.319999933242798,3.3450000286102295,3.2820000648498535,3.2909998893737793,331806112.0,1099532288.0,838121.75
2026-03-16,3.2839999198913574,3.2939999103546143,3.234999895095825,3.2850000858306885,384359584.0,1257058176.0,838121.75
2026-03-17,3.2850000858306885,3.2920000553131104,3.2100000381469727,3.2119998931884766,530466240.0,1717548928.0,838121.75
2026-03-18,3.2160000801086426,3.243000030517578,3.190999984741211,3.240000009536743,988433536.0,3186405632.0,838121.75
2026-03-19,3.194999933242798,3.2090001106262207,3.1519999504089355,3.1700000762939453,566367680.0,1800851456.0,838121.75
2026-03-20,3.174999952316284,3.2019999027252197,3.114000082015991,3.117000102996826,790650944.0,2497769472.0,838121.75
2026-03-23,3.069999933242798,3.0929999351501465,2.944000005722046,2.9670000076293945,1015503104.0,3064690432.0,838121.75
2026-03-24,3.002000093460083,3.0460000038146973,2.9489998817443848,3.0439999103546143,1152965248.0,3459685120.0,838121.75
2026-03-25,3.062000036239624,3.117000102996826,3.062000036239624,3.1010000705718994,1132693632.0,3507116544.0,838121.75
2026-03-26,3.0859999656677246,3.1110000610351562,3.0490000247955322,3.056999921798706,434464128.0,1337000960.0,838121.75
2026-03-27,3.0160000324249268,3.11899995803833,3.0160000324249268,3.1059999465942383,474300576.0,1460200960.0,838121.75
2026-03-30,3.069000005722046,3.115000009536743,3.0480000972747803,3.1089999675750732,572075840.0,1762958464.0,838121.75
2026-03-31,3.1050000190734863,3.119999885559082,3.049999952316284,3.0510001182556152,511044896.0,1573716480.0,838121.75
2026-04-01,3.1010000705718994,3.121000051498413,3.0810000896453857,3.1070001125335693,582721984.0,1806421888.0,838121.75
2026-04-02,3.0899999141693115,3.1110000610351562,3.0320000648498535,3.055000066757202,537118720.0,1647032960.0,838121.75
2026-04-03,3.065999984741211,3.069000005722046,3.01200008392334,3.0199999809265137,365770208.0,1109787392.0,838121.75
2026-04-07,3.0260000228881836,3.062000036239624,3.0250000953674316,3.0450000762939453,609754496.0,1857820800.0,838121.75
2026-04-08,3.119999885559082,3.190999984741211,3.0999999046325684,3.188999891281128,1181619968.0,3716993792.0,838121.75
2026-04-09,3.1559998989105225,3.186000108718872,3.1519999504089355,3.1710000038146973,876736256.0,2781005312.0,838121.75
2026-04-10,3.186000108718872,3.2309999465942383,3.186000108718872,3.2009999752044678,545524992.0,1751475968.0,838121.75
2026-04-13,3.184999942779541,3.2190001010894775,3.1740000247955322,3.2130000591278076,529168800.0,1697156864.0,838121.75
2026-04-14,3.240000009536743,3.265000104904175,3.2249999046325684,3.263000011444092,464273568.0,1504789120.0,838121.75
2026-04-15,3.2829999923706055,3.2839999198913574,3.240000009536743,3.246000051498413,487496480.0,1588571648.0,838121.75
2026-04-16,3.253000020980835,3.305000066757202,3.246999979019165,3.2980000972747803,637599744.0,2093383424.0,838121.75
2026-04-17,3.2899999618530273,3.3429999351501465,3.2880001068115234,3.3299999237060547,638413376.0,2115703168.0,838121.75
2026-04-20,3.3289999961853027,3.3589999675750732,3.3239998817443848,3.3450000286102295,771544832.0,2580739072.0,838121.75
2026-04-21,3.3369998931884766,3.3480000495910645,3.309999942779541,3.3440001010894775,598420544.0,1994360832.0,838121.75
2026-04-22,3.3269999027252197,3.4019999504089355,3.3269999027252197,3.4010000228881836,726903808.0,2455333888.0,838121.75
2026-04-23,3.4010000228881836,3.4059998989105225,3.3289999961853027,3.3550000190734863,897280064.0,3010059008.0,838121.75
2026-04-24,3.3289999961853027,3.3550000190734863,3.309000015258789,3.3259999752044678,1129195264.0,3759355904.0,838121.75
2026-04-27,3.322999954223633,3.3529999256134033,3.309000015258789,3.3389999866485596,1184360320.0,3953673472.0,838121.75
2026-04-28,3.3259999752044678,3.3350000381469727,3.2820000648498535,3.296999931335449,1047300416.0,3460949760.0,838121.75
2026-04-29,3.2839999198913574,3.3510000705718994,3.2739999294281006,3.3459999561309814,1692582400.0,5637358592.0,838121.75
2026-04-30,3.3359999656677246,3.368000030517578,3.3350000381469727,3.361999988555908,1784754816.0,5976880640.0,838121.75
2026-05-06,3.382999897003174,3.4549999237060547,3.382999897003174,3.433000087738037,1364313600.0,4683871744.0,838121.75
2026-05-07,3.447999954223633,3.496999979019165,3.437000036239624,3.493000030517578,644362496.0,2235023616.0,838121.75
2026-05-08,3.4719998836517334,3.5160000324249268,3.4660000801086426,3.50600004196167,858878400.0,3003352832.0,838121.75
2026-05-11,3.5250000953674316,3.569000005722046,3.513000011444092,3.555000066757202,1008020160.0,3574858496.0,838121.75
2026-05-12,3.555000066757202,3.558000087738037,3.5139999389648438,3.5399999618530273,526347392.0,1861816064.0,838121.75
2026-05-13,3.509999990463257,3.6029999256134033,3.509999990463257,3.5980000495910645,486650624.0,1735216512.0,838121.75
2026-05-14,3.609999895095825,3.61299991607666,3.5250000953674316,3.5290000438690186,628072832.0,2238207488.0,838121.75
2026-05-15,3.5260000228881836,3.553999900817871,3.4609999656677246,3.48799991607666,1098945920.0,3851089664.0,838121.75
2026-05-18,3.4730000495910645,3.5269999504089355,3.4609999656677246,3.503000020980835,677039616.0,2369757952.0,838121.75
2026-05-19,3.5,3.5450000762939453,3.4539999961853027,3.5420000553131104,646330304.0,2262618112.0,838121.75
2026-05-20,3.5169999599456787,3.5460000038146973,3.492000102996826,3.5450000762939453,667646848.0,2346425600.0,838121.75
2026-05-21,3.555000066757202,3.5829999446868896,3.421999931335449,3.431999921798706,1014267904.0,3543117568.0,838121.75
2026-05-22,3.446000099182129,3.5309998989105225,3.430999994277954,3.494999885559082,1024574656.0,3561142272.0,838121.75
2026-05-25,3.510999917984009,3.5429999828338623,3.4839999675750732,3.5390000343322754,876187840.0,3082372096.0,838121.75
2026-05-26,3.515000104904175,3.5220000743865967,3.444999933242798,3.499000072479248,512626592.0,1784393984.0,838121.75
2026-05-27,3.490999937057495,3.5190000534057617,3.4140000343322754,3.437000036239624,712299520.0,2468815360.0,838121.75
2026-05-28,3.437000036239624,3.484999895095825,3.4040000438690186,3.4719998836517334,695836288.0,2394450688.0,838121.75
2026-05-29,3.4790000915527344,3.48799991607666,3.36299991607666,3.382999897003174,1351891712.0,4591159296.0,838121.75
2026-06-01,3.368000030517578,3.4200000762939453,3.3550000190734863,3.3589999675750732,1170716672.0,3957072384.0,838121.75
2026-06-02,3.3580000400543213,3.3940000534057617,3.306999921798706,3.368000030517578,1249128320.0,4187143936.0,838121.75
2026-06-03,3.369999885559082,3.436000108718872,3.3589999675750732,3.3889999389648438,1313278336.0,4469758976.0,838121.75
2026-06-04,3.3499999046325684,3.4000000953674316,3.3499999046325684,3.384999990463257,757699520.0,2563956224.0,838121.75
2026-06-05,3.365999937057495,3.4230000972747803,3.3399999141693115,3.3580000400543213,748048000.0,2524879104.0,838121.75
2026-06-08,3.2899999618530273,3.3239998817443848,3.2160000801086426,3.257999897003174,1299302272.0,4255609856.0,838121.75
2026-06-09,3.2829999923706055,3.3480000495910645,3.259000062942505,3.3410000801086426,1529807104.0,5043848704.0,838121.75
2026-06-10,3.299999952316284,3.3320000171661377,3.265000104904175,3.302999973297119,631423040.0,2083885440.0,838121.75
2026-06-11,3.2790000438690186,3.312999963760376,3.257999897003174,3.2860000133514404,523278240.0,1715659520.0,838121.75
2026-06-12,3.322000026702881,3.367000102996826,3.2990000247955322,3.309000015258789,653798144.0,2177669120.0,838121.75
2026-06-15,3.3440001010894775,3.440000057220459,3.3420000076293945,3.438999891281128,911016448.0,3096700672.0,838121.75
2026-06-16,3.4489998817443848,3.507999897003174,3.430000066757202,3.490999937057495,823181312.0,2852078080.0,838121.75
2026-06-17,3.4749999046325684,3.5199999809265137,3.4679999351501465,3.5190000534057617,405930272.0,1419535616.0,838121.75
2026-06-18,3.500999927520752,3.552999973297119,3.5,3.5439999103546143,410609184.0,1451729536.0,838121.75
2026-06-22,3.555000066757202,3.5950000286102295,3.4820001125335693,3.5799999237060547,580212416.0,2045200000.0,838121.75
2026-06-23,3.562000036239624,3.5789999961853027,3.484999895095825,3.509999990463257,580459776.0,2050210560.0,838121.75
2026-06-24,3.506999969482422,3.555999994277954,3.4719998836517334,3.5510001182556152,882868160.0,3109888512.0,838121.75
2026-06-25,3.5490000247955322,3.5840001106262207,3.5280001163482666,3.569000005722046,417739744.0,1486707328.0,838121.75
2026-06-26,3.549999952316284,3.559999942779541,3.4609999656677246,3.4839999675750732,540517696.0,1892121984.0,838121.75
2026-06-29,3.4739999771118164,3.510999917984009,3.4040000438690186,3.4749999046325684,1104878336.0,3813713664.0,838121.75
2026-06-30,3.4670000076293945,3.5810000896453857,3.4579999446868896,3.5769999027252197,743602240.0,2618370304.0,838121.75
2026-07-01,3.555000066757202,3.615000009536743,3.555000066757202,3.5850000381469727,447238240.0,1606030720.0,838121.75
2026-07-02,3.562999963760376,3.5829999446868896,3.4800000190734863,3.490999937057495,866807680.0,3054881280.0,838121.75
2026-07-03,3.4769999980926514,3.5339999198913574,3.4660000801086426,3.48799991607666,657408832.0,2301916928.0,838121.75
2026-07-06,3.499000072479248,3.5230000019073486,3.4170000553131104,3.434999942779541,1098020608.0,3785665536.0,838121.75
2026-07-07,3.4110000133514404,3.437999963760376,3.3469998836517334,3.368000030517578,1200056576.0,4053036544.0,838121.75
2026-07-08,3.368000030517578,3.375999927520752,3.2890000343322754,3.2899999618530273,1637883136.0,5428911616.0,838121.75
2026-07-09,3.299999952316284,3.361999988555908,3.2330000400543213,3.3540000915527344,1811263872.0,5975203840.0,838121.75
2026-07-10,3.3589999675750732,3.4100000858306885,3.312000036239624,3.312000036239624,1220106368.0,4127840256.0,838121.75
2026-07-13,3.299999952316284,3.312000036239624,3.1449999809265137,3.1579999923706055,2287747072.0,7324695040.0,838121.75
2026-07-14,3.1610000133514404,3.2070000171661377,3.1010000705718994,3.2060000896453857,1990298112.0,6282743296.0,838121.75
2026-07-15,3.2060000896453857,3.2260000705718994,3.1500000953674316,3.1689999103546143,1150648320.0,3669496320.0,838121.75
2026-07-16,3.134000062942505,3.1760001182556152,3.075000047683716,3.0920000076293945,1809408000.0,5645460992.0,838121.75
2026-07-17,3.0810000896453857,3.0869998931884766,2.8889999389648438,2.9079999923706055,3277676288.0,9752991744.0,838121.75
2026-07-20,2.944000005722046,2.9800000190734863,2.747999906539917,2.818000078201294,3066381056.0,8737944576.0,838121.75
2026-07-21,2.8239998817443848,2.938999891281128,2.7200000286102295,2.933000087738037,3065818880.0,8763987968.0,838121.75
2026-07-22,2.9089999198913574,2.953000068664551,2.878999948501587,2.8910000324249268,2798478336.0,8180947456.0,838121.75
2026-07-23,2.8919999599456787,2.937000036239624,2.878999948501587,2.9140000343322754,940791744.0,2738518016.0,838121.75
2026-07-24,2.885999917984009,2.9040000438690186,2.828000068664551,2.8320000171661377,1251286272.0,3575677696.0,838121.75
2026-07-27,2.8299999237060547,2.930999994277954,2.825000047683716,2.930000066757202,1687793664.0,4883075584.0,838121.75
