datetime,open,high,low,close,vol,amount,float_shares
2019-05-06,0.12200000137090683,0.1420000046491623,0.10400000214576721,0.10400000214576721,18484260.0,17287144.0,3154435.0
2019-05-07,0.1080000028014183,0.13099999725818634,0.1080000028014183,0.12600000202655792,20325800.0,19239358.0,3154435.0
2019-05-08,0.11999999731779099,0.1379999965429306,0.11299999803304672,0.12700000405311584,21940280.0,20946176.0,3154435.0
2019-05-09,0.11900000274181366,0.125,0.10100000351667404,0.1080000028014183,22240100.0,20504940.0,3154435.0
2019-05-10,0.11400000005960464,0.1379999965429306,0.11299999803304672,0.1340000033378601,29058518.0,27679928.0,3154435.0
2019-05-13,0.13300000131130219,0.14100000262260437,0.12099999934434891,0.13600000739097595,24806318.0,24124112.0,3154435.0
2019-05-14,0.125,0.14000000059604645,0.125,0.13199999928474426,14889800.0,14413965.0,3154435.0
2019-05-15,0.13600000739097595,0.16200000047683716,0.13600000739097595,0.1599999964237213,116868200.0,117712976.0,3154435.0
2019-05-16,0.15700000524520874,0.17000000178813934,0.1509999930858612,0.16599999368190765,49898020.0,51065840.0,3154435.0
2019-05-17,0.164000004529953,0.16899999976158142,0.1459999978542328,0.15000000596046448,40751500.0,41297832.0,3154435.0
2019-05-20,0.15000000596046448,0.15000000596046448,0.12700000405311584,0.1379999965429306,29263500.0,28386200.0,3154435.0
2019-05-21,0.13899999856948853,0.1509999930858612,0.12800000607967377,0.1459999978542328,27896600.0,27517500.0,3154435.0
2019-05-22,0.14499999582767487,0.1469999998807907,0.13500000536441803,0.14000000059604645,33062500.0,32345620.0,3154435.0
2019-05-23,0.13500000536441803,0.13899999856948853,0.11999999731779099,0.12300000339746475,29391400.0,28015360.0,3154435.0
2019-05-24,0.12099999934434891,0.13500000536441803,0.12099999934434891,0.1289999932050705,19972700.0,19161076.0,3154435.0
2019-05-27,0.12700000405311584,0.1340000033378601,0.11900000274181366,0.13300000131130219,32020800.0,30533972.0,3154435.0
2019-05-28,0.13199999928474426,0.14100000262260437,0.12800000607967377,0.13300000131130219,26624500.0,25791680.0,3154435.0
2019-05-29,0.13199999928474426,0.14399999380111694,0.12999999523162842,0.13899999856948853,20184300.0,19726572.0,3154435.0
2019-05-30,0.13899999856948853,0.14100000262260437,0.12800000607967377,0.13600000739097595,23304500.0,22416566.0,3154435.0
2019-05-31,0.13600000739097595,0.13600000739097595,0.12700000405311584,0.12999999523162842,17704278.0,17002264.0,3154435.0
2019-06-03,0.13199999928474426,0.13500000536441803,0.12300000339746475,0.125,31076300.0,29603076.0,3154435.0
2019-06-04,0.125,0.12600000202655792,0.10999999940395355,0.1120000034570694,28596550.0,26514980.0,3154435.0
2019-06-05,0.11599999666213989,0.11900000274181366,0.11100000143051147,0.11299999803304672,14150978.0,13135558.0,3154435.0
2019-06-06,0.11800000071525574,0.11800000071525574,0.10599999874830246,0.1080000028014183,15816000.0,14548330.0,3154435.0
2019-06-10,0.1080000028014183,0.11999999731779099,0.10100000351667404,0.11699999868869781,20804300.0,19231338.0,3154435.0
2019-06-11,0.11699999868869781,0.14399999380111694,0.11699999868869781,0.14100000262260437,40254500.0,38998308.0,3154435.0
2019-06-12,0.1379999965429306,0.14100000262260437,0.13199999928474426,0.13500000536441803,15873300.0,15391685.0,3154435.0
2019-06-13,0.13500000536441803,0.13600000739097595,0.12600000202655792,0.13300000131130219,14549500.0,13983165.0,3154435.0
2019-06-14,0.12999999523162842,0.14000000059604645,0.12600000202655792,0.12800000607967377,15979400.0,15424440.0,3154435.0
2019-06-17,0.12600000202655792,0.13099999725818634,0.11999999731779099,0.125,14228600.0,13543080.0,3154435.0
2019-06-18,0.12600000202655792,0.12800000607967377,0.11900000274181366,0.125,10108000.0,9552891.0,3154435.0
2019-06-19,0.14000000059604645,0.14300000667572021,0.13099999725818634,0.13199999928474426,19907900.0,19347974.0,3154435.0
2019-06-20,0.13199999928474426,0.1550000011920929,0.12999999523162842,0.15199999511241913,35950500.0,35770588.0,3154435.0
2019-06-21,0.15199999511241913,0.1599999964237213,0.14800000190734863,0.15700000524520874,24701100.0,24827244.0,3154435.0
2019-06-24,0.1550000011920929,0.1720000058412552,0.15199999511241913,0.164000004529953,38585300.0,39672436.0,3154435.0
2019-06-25,0.16099999845027924,0.1679999977350235,0.15199999511241913,0.164000004529953,24332210.0,24835162.0,3154435.0
2019-06-26,0.15800000727176666,0.16500000655651093,0.15800000727176666,0.164000004529953,15892800.0,16266214.0,3154435.0
2019-06-27,0.16300000250339508,0.18700000643730164,0.16300000250339508,0.18199999630451202,50312100.0,53149504.0,3154435.0
2019-06-28,0.17900000512599945,0.18700000643730164,0.17499999701976776,0.18199999630451202,28386670.0,30101720.0,3154435.0
2019-07-01,0.19499999284744263,0.20999999344348907,0.19099999964237213,0.20900000631809235,26143024.0,28888492.0,3154435.0
2019-07-02,0.20399999618530273,0.21299999952316284,0.20100000500679016,0.20900000631809235,23274200.0,25891212.0,3154435.0
2019-07-03,0.2070000022649765,0.21899999678134918,0.19099999964237213,0.1979999989271164,32824000.0,36403288.0,3154435.0
2019-07-04,0.19200000166893005,0.19900000095367432,0.18199999630451202,0.1899999976158142,22254660.0,23940940.0,3154435.0
2019-07-05,0.1889999955892563,0.2070000022649765,0.18799999356269836,0.2029999941587448,24639800.0,26948916.0,3154435.0
2019-07-08,0.20000000298023224,0.20100000500679016,0.18400000035762787,0.19200000166893005,24898100.0,27035356.0,3154435.0
2019-07-09,0.1899999976158142,0.2070000022649765,0.1899999976158142,0.19599999487400055,21507200.0,23558330.0,3154435.0
2019-07-10,0.19599999487400055,0.2029999941587448,0.19499999284744263,0.1979999989271164,13087000.0,14356826.0,3154435.0
2019-07-11,0.20000000298023224,0.20399999618530273,0.1899999976158142,0.19200000166893005,21212528.0,23158564.0,3154435.0
2019-07-12,0.1899999976158142,0.20100000500679016,0.1899999976158142,0.19900000095367432,18749200.0,20510030.0,3154435.0
2019-07-15,0.19499999284744263,0.19599999487400055,0.18000000715255737,0.19499999284744263,20049600.0,21590676.0,3154435.0
2019-07-16,0.1940000057220459,0.19699999690055847,0.1860000044107437,0.18799999356269836,17617000.0,18988524.0,3154435.0
2019-07-17,0.18700000643730164,0.19099999964237213,0.18299999833106995,0.18700000643730164,13002900.0,13948064.0,3154435.0
2019-07-18,0.18199999630451202,0.18700000643730164,0.1770000010728836,0.17800000309944153,18410916.0,19590668.0,3154435.0
2019-07-19,0.18000000715255737,0.18700000643730164,0.17800000309944153,0.18299999833106995,12736400.0,13581463.0,3154435.0
2019-07-22,0.18400000035762787,0.1850000023841858,0.17599999904632568,0.18000000715255737,20097300.0,21281286.0,3154435.0
2019-07-23,0.18000000715255737,0.18000000715255737,0.16500000655651093,0.17399999499320984,18697836.0,19507682.0,3154435.0
2019-07-24,0.1720000058412552,0.17800000309944153,0.17100000381469727,0.17299999296665192,20530036.0,21530484.0,3154435.0
2019-07-25,0.17299999296665192,0.18000000715255737,0.16500000655651093,0.18000000715255737,31404800.0,32740032.0,3154435.0
2019-07-26,0.17599999904632568,0.18299999833106995,0.17299999296665192,0.17800000309944153,19982800.0,21143320.0,3154435.0
2019-07-29,0.17900000512599945,0.1850000023841858,0.17599999904632568,0.18400000035762787,20373936.0,21660996.0,3154435.0
2019-07-30,0.18400000035762787,0.1860000044107437,0.17900000512599945,0.18199999630451202,15663800.0,16692280.0,3154435.0
2019-07-31,0.18000000715255737,0.18400000035762787,0.1720000058412552,0.17299999296665192,20023800.0,21028660.0,3154435.0
2019-08-01,0.17000000178813934,0.17299999296665192,0.16200000047683716,0.16500000655651093,19147700.0,19790494.0,3154435.0
2019-08-02,0.15199999511241913,0.16300000250339508,0.15199999511241913,0.1599999964237213,22976100.0,23249886.0,3154435.0
2019-08-05,0.1550000011920929,0.16200000047683716,0.15000000596046448,0.1509999930858612,17136100.0,17293532.0,3154435.0
2019-08-06,0.14499999582767487,0.15700000524520874,0.1379999965429306,0.1550000011920929,29194300.0,29266670.0,3154435.0
2019-08-07,0.1589999943971634,0.1599999964237213,0.15199999511241913,0.15299999713897705,9729100.0,9836472.0,3154435.0
2019-08-08,0.15299999713897705,0.16500000655651093,0.15299999713897705,0.16300000250339508,21118000.0,21614430.0,3154435.0
2019-08-09,0.16699999570846558,0.1679999977350235,0.15299999713897705,0.1550000011920929,12740700.0,12974805.0,3154435.0
2019-08-12,0.16099999845027924,0.17000000178813934,0.16099999845027924,0.16899999976158142,30779300.0,31791816.0,3154435.0
2019-08-13,0.16599999368190765,0.1679999977350235,0.16300000250339508,0.16699999570846558,11339800.0,11691712.0,3154435.0
2019-08-14,0.17299999296665192,0.18199999630451202,0.1720000058412552,0.18000000715255737,17360200.0,18342800.0,3154435.0
2019-08-15,0.17100000381469727,0.17800000309944153,0.1679999977350235,0.17800000309944153,17815300.0,18649484.0,3154435.0
2019-08-16,0.1770000010728836,0.19300000369548798,0.17499999701976776,0.18700000643730164,21976500.0,23565048.0,3154435.0
2019-08-19,0.1899999976158142,0.1940000057220459,0.18299999833106995,0.19300000369548798,25171300.0,27135312.0,3154435.0
2019-08-20,0.19300000369548798,0.20000000298023224,0.18799999356269836,0.19900000095367432,16380900.0,17873740.0,3154435.0
2019-08-21,0.19900000095367432,0.20000000298023224,0.19200000166893005,0.19300000369548798,14812200.0,16142205.0,3154435.0
2019-08-22,0.1940000057220459,0.20600000023841858,0.1940000057220459,0.20499999821186066,20270200.0,22316302.0,3154435.0
2019-08-23,0.20399999618530273,0.20900000631809235,0.20000000298023224,0.20499999821186066,15867300.0,17613700.0,3154435.0
2019-08-26,0.19599999487400055,0.19900000095367432,0.19099999964237213,0.1940000057220459,21024400.0,22878132.0,3154435.0
2019-08-27,0.1979999989271164,0.210999995470047,0.1979999989271164,0.2070000022649765,16677400.0,18533128.0,3154435.0
2019-08-28,0.20600000023841858,0.2160000056028366,0.19900000095367432,0.20600000023841858,16222200.0,18092390.0,3154435.0
2019-08-29,0.2070000022649765,0.2150000035762787,0.20399999618530273,0.21299999952316284,12582300.0,14074945.0,3154435.0
2019-08-30,0.2150000035762787,0.23399999737739563,0.21400000154972076,0.22499999403953552,39856300.0,45782408.0,3154435.0
2019-09-02,0.22499999403953552,0.22699999809265137,0.21299999952316284,0.22699999809265137,23519900.0,26833128.0,3154435.0
2019-09-03,0.22499999403953552,0.2280000001192093,0.21400000154972076,0.22100000083446503,30386500.0,34666672.0,3154435.0
2019-09-04,0.21699999272823334,0.22100000083446503,0.20800000429153442,0.21400000154972076,25703900.0,28867000.0,3154435.0
2019-09-05,0.21299999952316284,0.22100000083446503,0.21299999952316284,0.21699999272823334,25720100.0,29133884.0,3154435.0
2019-09-06,0.21799999475479126,0.21799999475479126,0.20800000429153442,0.2160000056028366,16142900.0,18152496.0,3154435.0
2019-09-09,0.2160000056028366,0.2199999988079071,0.21400000154972076,0.2160000056028366,16609600.0,18796828.0,3154435.0
2019-09-10,0.21400000154972076,0.21799999475479126,0.20900000631809235,0.21400000154972076,14567900.0,16391783.0,3154435.0
2019-09-11,0.21199999749660492,0.21400000154972076,0.1899999976158142,0.19300000369548798,62369700.0,67996136.0,3154435.0
2019-09-12,0.1899999976158142,0.20399999618530273,0.1889999955892563,0.20100000500679016,41085700.0,45121976.0,3154435.0
2019-09-16,0.20000000298023224,0.2029999941587448,0.1940000057220459,0.19900000095367432,15020600.0,16464706.0,3154435.0
2019-09-17,0.1979999989271164,0.20499999821186066,0.19599999487400055,0.19900000095367432,18204600.0,20061500.0,3154435.0
2019-09-18,0.20000000298023224,0.2199999988079071,0.20000000298023224,0.21899999678134918,46910800.0,52960788.0,3154435.0
2019-09-19,0.21699999272823334,0.22100000083446503,0.20999999344348907,0.2199999988079071,26367000.0,29754300.0,3154435.0
2019-09-20,0.2199999988079071,0.2280000001192093,0.21799999475479126,0.22200000286102295,22788140.0,26076844.0,3154435.0
2019-09-23,0.2199999988079071,0.2199999988079071,0.20999999344348907,0.2150000035762787,20150240.0,22695576.0,3154435.0
2019-09-24,0.2150000035762787,0.2329999953508377,0.2150000035762787,0.2290000021457672,32090700.0,36992936.0,3154435.0
2019-09-25,0.22499999403953552,0.2329999953508377,0.2199999988079071,0.2240000069141388,54457000.0,62711488.0,3154435.0
2019-09-26,0.2240000069141388,0.23199999332427979,0.21299999952316284,0.2160000056028366,62945840.0,72211264.0,3154435.0
2019-09-27,0.2150000035762787,0.22300000488758087,0.20399999618530273,0.21799999475479126,31041796.0,35101760.0,3154435.0
2019-09-30,0.21400000154972076,0.2199999988079071,0.20600000023841858,0.20800000429153442,41429196.0,46676128.0,3154435.0
2019-10-08,0.2070000022649765,0.22699999809265137,0.2070000022649765,0.2160000056028366,28708300.0,32655226.0,3154435.0
2019-10-09,0.2160000056028366,0.2160000056028366,0.20499999821186066,0.20999999344348907,18577700.0,20727796.0,3154435.0
2019-10-10,0.20499999821186066,0.21299999952316284,0.19699999690055847,0.21199999749660492,15153100.0,16788804.0,3154435.0
2019-10-11,0.210999995470047,0.21899999678134918,0.20800000429153442,0.21199999749660492,17048800.0,19195546.0,3154435.0
2019-10-14,0.21799999475479126,0.21799999475479126,0.20999999344348907,0.21299999952316284,16408800.0,18468110.0,3154435.0
2019-10-15,0.21299999952316284,0.2240000069141388,0.20800000429153442,0.22200000286102295,34813800.0,39629588.0,3154435.0
2019-10-16,0.2150000035762787,0.2150000035762787,0.2070000022649765,0.210999995470047,42709000.0,47851284.0,3154435.0
2019-10-17,0.21199999749660492,0.2150000035762787,0.2070000022649765,0.21199999749660492,10775400.0,12078699.0,3154435.0
2019-10-18,0.20999999344348907,0.20999999344348907,0.20000000298023224,0.2029999941587448,24149800.0,26818320.0,3154435.0
2019-10-21,0.20000000298023224,0.20499999821186066,0.19699999690055847,0.20399999618530273,12463800.0,13744216.0,3154435.0
2019-10-22,0.20499999821186066,0.20800000429153442,0.20100000500679016,0.20499999821186066,8169700.0,9045215.0,3154435.0
2019-10-23,0.20499999821186066,0.20800000429153442,0.19300000369548798,0.19499999284744263,17929600.0,19684288.0,3154435.0
2019-10-24,0.19499999284744263,0.1979999989271164,0.1860000044107437,0.1889999955892563,18165600.0,19569260.0,3154435.0
2019-10-25,0.1889999955892563,0.19900000095367432,0.18700000643730164,0.19699999690055847,17678600.0,19216968.0,3154435.0
2019-10-28,0.19300000369548798,0.20999999344348907,0.19099999964237213,0.2070000022649765,26681500.0,29560638.0,3154435.0
2019-10-29,0.20800000429153442,0.2160000056028366,0.20499999821186066,0.210999995470047,15408800.0,17313590.0,3154435.0
2019-10-30,0.20900000631809235,0.20999999344348907,0.20100000500679016,0.2070000022649765,22117800.0,24558220.0,3154435.0
2019-10-31,0.20999999344348907,0.21799999475479126,0.20600000023841858,0.20800000429153442,13819300.0,15518394.0,3154435.0
2019-11-01,0.2070000022649765,0.21799999475479126,0.20600000023841858,0.21699999272823334,14641715.0,16504721.0,3154435.0
2019-11-04,0.21799999475479126,0.2280000001192093,0.21799999475479126,0.22200000286102295,21909684.0,25101268.0,3154435.0
2019-11-05,0.22200000286102295,0.22699999809265137,0.21799999475479126,0.22300000488758087,16632800.0,19057084.0,3154435.0
2019-11-06,0.22200000286102295,0.22599999606609344,0.21699999272823334,0.21799999475479126,11611800.0,13232189.0,3154435.0
2019-11-07,0.21799999475479126,0.22499999403953552,0.21799999475479126,0.2240000069141388,11100900.0,12681579.0,3154435.0
2019-11-08,0.23000000417232513,0.2329999953508377,0.22499999403953552,0.22599999606609344,15955300.0,18471210.0,3154435.0
2019-11-11,0.22499999403953552,0.22699999809265137,0.21699999272823334,0.2199999988079071,15911500.0,18177064.0,3154435.0
2019-11-12,0.2199999988079071,0.22499999403953552,0.21699999272823334,0.22499999403953552,16419600.0,18766910.0,3154435.0
2019-11-13,0.22599999606609344,0.23399999737739563,0.2240000069141388,0.23100000619888306,13029070.0,15084698.0,3154435.0
2019-11-14,0.23000000417232513,0.24199999868869781,0.2280000001192093,0.23800000548362732,13870000.0,16230188.0,3154435.0
2019-11-15,0.2370000034570694,0.23800000548362732,0.2329999953508377,0.23499999940395355,11640200.0,13636306.0,3154435.0
2019-11-18,0.23399999737739563,0.23899999260902405,0.2290000021457672,0.23800000548362732,34316000.0,40043996.0,3154435.0
2019-11-19,0.2370000034570694,0.24300000071525574,0.2370000034570694,0.24199999868869781,8593800.0,10133731.0,3154435.0
2019-11-20,0.2409999966621399,0.24899999797344208,0.23899999260902405,0.24400000274181366,10152300.0,12083898.0,3154435.0
2019-11-21,0.2409999966621399,0.2460000067949295,0.23899999260902405,0.2409999966621399,6301100.0,7449087.0,3154435.0
2019-11-22,0.23899999260902405,0.24300000071525574,0.22100000083446503,0.22599999606609344,15147800.0,17596936.0,3154435.0
2019-11-25,0.22499999403953552,0.2280000001192093,0.21400000154972076,0.22599999606609344,12236700.0,13978938.0,3154435.0
2019-11-26,0.22499999403953552,0.2329999953508377,0.22499999403953552,0.23000000417232513,15063000.0,17486506.0,3154435.0
2019-11-27,0.2290000021457672,0.23499999940395355,0.2280000001192093,0.23100000619888306,10169400.0,11839546.0,3154435.0
2019-11-28,0.23199999332427979,0.23499999940395355,0.22699999809265137,0.23100000619888306,9184200.0,10670599.0,3154435.0
2019-11-29,0.2290000021457672,0.23000000417232513,0.20900000631809235,0.2160000056028366,26643700.0,30104188.0,3154435.0
2019-12-02,0.21299999952316284,0.2199999988079071,0.21299999952316284,0.2160000056028366,8650700.0,9801089.0,3154435.0
2019-12-03,0.21699999272823334,0.21699999272823334,0.2070000022649765,0.21400000154972076,12357800.0,13873776.0,3154435.0
2019-12-04,0.2199999988079071,0.22300000488758087,0.2160000056028366,0.21799999475479126,10337100.0,11764976.0,3154435.0
2019-12-05,0.21899999678134918,0.2199999988079071,0.2150000035762787,0.21799999475479126,15899500.0,18040396.0,3154435.0
2019-12-06,0.21799999475479126,0.23199999332427979,0.21799999475479126,0.23100000619888306,26650700.0,30695196.0,3154435.0
2019-12-09,0.23100000619888306,0.23100000619888306,0.22499999403953552,0.22699999809265137,17670000.0,20425912.0,3154435.0
2019-12-10,0.22699999809265137,0.2280000001192093,0.22300000488758087,0.22599999606609344,14398100.0,16571441.0,3154435.0
2019-12-11,0.22599999606609344,0.22699999809265137,0.21899999678134918,0.22200000286102295,13577400.0,15504005.0,3154435.0
2019-12-12,0.22100000083446503,0.22200000286102295,0.21799999475479126,0.22100000083446503,13407400.0,15272498.0,3154435.0
2019-12-13,0.22300000488758087,0.2290000021457672,0.22300000488758087,0.2290000021457672,30358880.0,35001304.0,3154435.0
2019-12-16,0.2290000021457672,0.2290000021457672,0.22100000083446503,0.22699999809265137,27846900.0,31912828.0,3154435.0
2019-12-17,0.22499999403953552,0.23100000619888306,0.22200000286102295,0.23100000619888306,38955200.0,44940792.0,3154435.0
2019-12-18,0.23100000619888306,0.23499999940395355,0.2280000001192093,0.23000000417232513,28696100.0,33356750.0,3154435.0
2019-12-19,0.2290000021457672,0.23000000417232513,0.22300000488758087,0.22699999809265137,15156700.0,17468484.0,3154435.0
2019-12-20,0.22499999403953552,0.22699999809265137,0.22200000286102295,0.2240000069141388,9934400.0,11407056.0,3154435.0
2019-12-23,0.21299999952316284,0.22499999403953552,0.21299999952316284,0.22100000083446503,16946400.0,19342410.0,3154435.0
2019-12-24,0.2199999988079071,0.2240000069141388,0.21899999678134918,0.22300000488758087,6782100.0,7758477.0,3154435.0
2019-12-25,0.2199999988079071,0.22300000488758087,0.2150000035762787,0.21799999475479126,14169300.0,16060678.0,3154435.0
2019-12-26,0.21799999475479126,0.22200000286102295,0.2160000056028366,0.22100000083446503,9349000.0,10639938.0,3154435.0
2019-12-27,0.22200000286102295,0.2329999953508377,0.22200000286102295,0.2280000001192093,31210680.0,36219560.0,3154435.0
2019-12-30,0.2240000069141388,0.24899999797344208,0.2240000069141388,0.24699999392032623,41431576.0,48979692.0,3154435.0
2019-12-31,0.24500000476837158,0.24799999594688416,0.2409999966621399,0.24699999392032623,21537900.0,25624648.0,3154435.0
2020-01-02,0.24500000476837158,0.24500000476837158,0.23199999332427979,0.24199999868869781,34478500.0,40592320.0,3154435.0
2020-01-03,0.23899999260902405,0.2409999966621399,0.23100000619888306,0.23499999940395355,31992640.0,37435532.0,3154435.0
2020-01-06,0.23399999737739563,0.23499999940395355,0.2280000001192093,0.23000000417232513,33393200.0,38823248.0,3154435.0
2020-01-07,0.23199999332427979,0.23800000548362732,0.2290000021457672,0.23800000548362732,29810240.0,34886700.0,3154435.0
2020-01-08,0.2329999953508377,0.23899999260902405,0.2329999953508377,0.23499999940395355,28783640.0,33715880.0,3154435.0
2020-01-09,0.23499999940395355,0.25,0.23499999940395355,0.2460000067949295,40909840.0,48566320.0,3154435.0
2020-01-10,0.2460000067949295,0.2639999985694885,0.24500000476837158,0.2619999945163727,42790400.0,51851964.0,3154435.0
2020-01-13,0.2630000114440918,0.2750000059604645,0.2619999945163727,0.27300000190734863,43067400.0,53343324.0,3154435.0
2020-01-14,0.2680000066757202,0.26899999380111694,0.257999986410141,0.26100000739097595,34732100.0,42471580.0,3154435.0
2020-01-15,0.2619999945163727,0.27000001072883606,0.25999999046325684,0.2630000114440918,38646500.0,47491440.0,3154435.0
2020-01-16,0.2630000114440918,0.2669999897480011,0.25999999046325684,0.2639999985694885,18528400.0,22703204.0,3154435.0
2020-01-17,0.2630000114440918,0.27000001072883606,0.2630000114440918,0.26600000262260437,16993300.0,20942360.0,3154435.0
2020-01-20,0.26600000262260437,0.2709999978542328,0.257999986410141,0.26499998569488525,22815100.0,27863528.0,3154435.0
2020-01-21,0.25699999928474426,0.2630000114440918,0.2460000067949295,0.2460000067949295,40594800.0,48610076.0,3154435.0
2020-01-22,0.24300000071525574,0.25099998712539673,0.2370000034570694,0.24799999594688416,31191000.0,37148808.0,3154435.0
2020-01-23,0.24199999868869781,0.2460000067949295,0.2199999988079071,0.23100000619888306,32238700.0,37492608.0,3154435.0
2020-02-03,0.17299999296665192,0.18000000715255737,0.17299999296665192,0.17299999296665192,15292700.0,15993932.0,3154435.0
2020-02-04,0.164000004529953,0.17800000309944153,0.1599999964237213,0.17599999904632568,40837900.0,42436512.0,3154435.0
2020-02-05,0.17800000309944153,0.1850000023841858,0.1679999977350235,0.1809999942779541,40065100.0,42282396.0,3154435.0
2020-02-06,0.18000000715255737,0.18799999356269836,0.17499999701976776,0.1850000023841858,48579000.0,51502084.0,3154435.0
2020-02-07,0.18199999630451202,0.19300000369548798,0.18000000715255737,0.19300000369548798,37966100.0,40574876.0,3154435.0
2020-02-10,0.1889999955892563,0.19699999690055847,0.1809999942779541,0.19200000166893005,32819000.0,35422016.0,3154435.0
2020-02-11,0.19200000166893005,0.20999999344348907,0.19099999964237213,0.20499999821186066,42031600.0,46590912.0,3154435.0
2020-02-12,0.20399999618530273,0.20800000429153442,0.20000000298023224,0.2070000022649765,32751000.0,36252868.0,3154435.0
2020-02-13,0.20600000023841858,0.21299999952316284,0.20000000298023224,0.20200000703334808,37930800.0,42107308.0,3154435.0
2020-02-14,0.20000000298023224,0.20399999618530273,0.19699999690055847,0.20100000500679016,24190000.0,26627876.0,3154435.0
2020-02-17,0.20100000500679016,0.20900000631809235,0.19900000095367432,0.20800000429153442,53774600.0,59537456.0,3154435.0
2020-02-18,0.20999999344348907,0.21299999952316284,0.20100000500679016,0.20399999618530273,46948500.0,52012752.0,3154435.0
2020-02-19,0.20399999618530273,0.2160000056028366,0.20100000500679016,0.21299999952316284,62455600.0,69980944.0,3154435.0
2020-02-20,0.21299999952316284,0.23499999940395355,0.21299999952316284,0.23399999737739563,92774896.0,106935512.0,3154435.0
2020-02-21,0.23399999737739563,0.23499999940395355,0.22699999809265137,0.2329999953508377,115850400.0,134134256.0,3154435.0
2020-02-24,0.23000000417232513,0.23000000417232513,0.2150000035762787,0.2199999988079071,99305400.0,113086176.0,3154435.0
2020-02-25,0.20900000631809235,0.21799999475479126,0.2029999941587448,0.2160000056028366,77658200.0,87176120.0,3154435.0
2020-02-26,0.20999999344348907,0.2199999988079071,0.20499999821186066,0.20999999344348907,63173400.0,70969456.0,3154435.0
2020-02-27,0.21199999749660492,0.21899999678134918,0.20999999344348907,0.21400000154972076,58858300.0,66620704.0,3154435.0
2020-02-28,0.20000000298023224,0.20600000023841858,0.1860000044107437,0.1889999955892563,53158500.0,57960196.0,3154435.0
2020-03-02,0.1899999976158142,0.2070000022649765,0.1899999976158142,0.20499999821186066,41580700.0,45830700.0,3154435.0
2020-03-03,0.2150000035762787,0.2160000056028366,0.2070000022649765,0.20900000631809235,34352500.0,38529480.0,3154435.0
2020-03-04,0.20100000500679016,0.2150000035762787,0.20100000500679016,0.21400000154972076,28193300.0,31583278.0,3154435.0
2020-03-05,0.2160000056028366,0.24799999594688416,0.2160000056028366,0.24300000071525574,114535904.0,133414312.0,3154435.0
2020-03-06,0.23600000143051147,0.24799999594688416,0.2280000001192093,0.23000000417232513,76115400.0,89456736.0,3154435.0
2020-03-09,0.22300000488758087,0.22300000488758087,0.20499999821186066,0.2070000022649765,52068800.0,58426624.0,3154435.0
2020-03-10,0.20900000631809235,0.2290000021457672,0.20499999821186066,0.22599999606609344,49182100.0,55788848.0,3154435.0
2020-03-11,0.2290000021457672,0.23399999737739563,0.21899999678134918,0.2199999988079071,41432000.0,47766656.0,3154435.0
2020-03-12,0.210999995470047,0.2150000035762787,0.20399999618530273,0.20999999344348907,35839800.0,40095068.0,3154435.0
2020-03-13,0.1809999942779541,0.20600000023841858,0.17800000309944153,0.19900000095367432,38126100.0,41199644.0,3154435.0
2020-03-16,0.1979999989271164,0.19900000095367432,0.17399999499320984,0.17900000512599945,59021700.0,63323536.0,3154435.0
2020-03-17,0.18000000715255737,0.1850000023841858,0.1509999930858612,0.1679999977350235,34170500.0,35279744.0,3154435.0
2020-03-18,0.1679999977350235,0.17900000512599945,0.15199999511241913,0.15700000524520874,59719500.0,61431972.0,3154435.0
2020-03-19,0.15000000596046448,0.15600000321865082,0.12200000137090683,0.1379999965429306,83472096.0,80856744.0,3154435.0
2020-03-20,0.13899999856948853,0.15700000524520874,0.13899999856948853,0.15399999916553497,54596300.0,54644080.0,3154435.0
2020-03-23,0.1379999965429306,0.14399999380111694,0.13099999725818634,0.13899999856948853,35653200.0,34732536.0,3154435.0
2020-03-24,0.1459999978542328,0.16200000047683716,0.1459999978542328,0.1599999964237213,45873900.0,46286192.0,3154435.0
2020-03-25,0.1720000058412552,0.17800000309944153,0.1679999977350235,0.17499999701976776,36955800.0,38666668.0,3154435.0
2020-03-26,0.16899999976158142,0.18400000035762787,0.16599999368190765,0.17499999701976776,43449300.0,45812944.0,3154435.0
2020-03-27,0.18299999833106995,0.1940000057220459,0.17599999904632568,0.18799999356269836,61382500.0,66227116.0,3154435.0
2020-03-30,0.17800000309944153,0.1860000044107437,0.17399999499320984,0.1809999942779541,26351700.0,27940970.0,3154435.0
2020-03-31,0.1860000044107437,0.19300000369548798,0.18199999630451202,0.18799999356269836,35725800.0,38462788.0,3154435.0
2020-04-01,0.18700000643730164,0.19200000166893005,0.18000000715255737,0.18299999833106995,31552400.0,33843040.0,3154435.0
2020-04-02,0.17800000309944153,0.1899999976158142,0.17800000309944153,0.1899999976158142,22157700.0,23681856.0,3154435.0
2020-04-03,0.19099999964237213,0.19499999284744263,0.18400000035762787,0.1889999955892563,26170700.0,28281226.0,3154435.0
2020-04-07,0.19499999284744263,0.20399999618530273,0.19099999964237213,0.20200000703334808,30064300.0,33105392.0,3154435.0
2020-04-08,0.19200000166893005,0.20200000703334808,0.19200000166893005,0.20000000298023224,18990300.0,20835688.0,3154435.0
2020-04-09,0.20499999821186066,0.2070000022649765,0.19900000095367432,0.20399999618530273,19394700.0,21435850.0,3154435.0
2020-04-10,0.20499999821186066,0.22300000488758087,0.2029999941587448,0.210999995470047,41526800.0,46823784.0,3154435.0
2020-04-13,0.2070000022649765,0.2150000035762787,0.20100000500679016,0.20900000631809235,27496000.0,30711280.0,3154435.0
2020-04-14,0.210999995470047,0.21799999475479126,0.20900000631809235,0.21699999272823334,26456500.0,29857530.0,3154435.0
2020-04-15,0.21799999475479126,0.22300000488758087,0.21299999952316284,0.21299999952316284,20038700.0,22752444.0,3154435.0
2020-04-16,0.21199999749660492,0.21299999952316284,0.20600000023841858,0.210999995470047,21897000.0,24462296.0,3154435.0
2020-04-17,0.21299999952316284,0.2240000069141388,0.21199999749660492,0.2150000035762787,27559500.0,31342868.0,3154435.0
2020-04-20,0.2150000035762787,0.2199999988079071,0.21299999952316284,0.2199999988079071,22087000.0,25012288.0,3154435.0
2020-04-21,0.21799999475479126,0.21799999475479126,0.2029999941587448,0.20900000631809235,28446200.0,31767600.0,3154435.0
2020-04-22,0.20499999821186066,0.22699999809265137,0.20499999821186066,0.22499999403953552,46946500.0,53538588.0,3154435.0
2020-04-23,0.22300000488758087,0.23600000143051147,0.22300000488758087,0.22699999809265137,32747700.0,37974156.0,3154435.0
2020-04-24,0.23100000619888306,0.23999999463558197,0.22300000488758087,0.23499999940395355,27321200.0,31997170.0,3154435.0
2020-04-27,0.2329999953508377,0.23399999737739563,0.22300000488758087,0.23100000619888306,27780400.0,32280352.0,3154435.0
2020-04-28,0.2280000001192093,0.2529999911785126,0.22499999403953552,0.2460000067949295,36499400.0,43093808.0,3154435.0
2020-04-29,0.24500000476837158,0.25,0.23399999737739563,0.2370000034570694,24440200.0,28914462.0,3154435.0
2020-04-30,0.23499999940395355,0.24400000274181366,0.23499999940395355,0.24199999868869781,32137100.0,37863660.0,3154435.0
2020-05-06,0.23999999463558197,0.25,0.23499999940395355,0.25,26511400.0,31450424.0,3154435.0
2020-05-07,0.2460000067949295,0.2590000033378601,0.24199999868869781,0.25600001215934753,43577000.0,52418160.0,3154435.0
2020-05-08,0.25699999928474426,0.2680000066757202,0.25,0.2619999945163727,47047800.0,57369848.0,3154435.0
2020-05-11,0.26100000739097595,0.27399998903274536,0.26100000739097595,0.2630000114440918,34179400.0,42136096.0,3154435.0
2020-05-12,0.2619999945163727,0.26899999380111694,0.25999999046325684,0.2680000066757202,21547600.0,26504708.0,3154435.0
2020-05-13,0.26600000262260437,0.2879999876022339,0.2630000114440918,0.28700000047683716,43073900.0,54178932.0,3154435.0
2020-05-14,0.2840000092983246,0.28999999165534973,0.27900001406669617,0.28600001335144043,29617400.0,37637344.0,3154435.0
2020-05-15,0.2849999964237213,0.289000004529953,0.27399998903274536,0.2809999883174896,37774900.0,47503584.0,3154435.0
2020-05-18,0.2809999883174896,0.3019999861717224,0.2759999930858612,0.296999990940094,49279600.0,62959656.0,3154435.0
2020-05-19,0.2980000078678131,0.3009999990463257,0.29100000858306885,0.3009999990463257,39527500.0,51095412.0,3154435.0
2020-05-20,0.3009999990463257,0.30300000309944153,0.2939999997615814,0.29499998688697815,29943900.0,38766936.0,3154435.0
2020-05-21,0.29499998688697815,0.30799999833106995,0.29499998688697815,0.3009999990463257,38988200.0,50750272.0,3154435.0
2020-05-22,0.296999990940094,0.2980000078678131,0.27300000190734863,0.27799999713897705,48859400.0,61851668.0,3154435.0
2020-05-25,0.2759999930858612,0.2939999997615814,0.26899999380111694,0.2930000126361847,42721600.0,54123544.0,3154435.0
2020-05-26,0.2930000126361847,0.3019999861717224,0.28700000047683716,0.3009999990463257,39409200.0,50958384.0,3154435.0
2020-05-27,0.30000001192092896,0.30300000309944153,0.2930000126361847,0.29600000381469727,29237700.0,37901992.0,3154435.0
2020-05-28,0.29600000381469727,0.3109999895095825,0.29600000381469727,0.3050000071525574,39272400.0,51419552.0,3154435.0
2020-05-29,0.296999990940094,0.3149999976158142,0.296999990940094,0.3140000104904175,31957800.0,42203704.0,3154435.0
2020-06-01,0.3160000145435333,0.33799999952316284,0.3160000145435333,0.3319999873638153,35292500.0,47991636.0,3154435.0
2020-06-02,0.3310000002384186,0.3330000042915344,0.3160000145435333,0.3199999928474426,53762300.0,72374808.0,3154435.0
2020-06-03,0.32199999690055847,0.3230000138282776,0.3140000104904175,0.32100000977516174,45852700.0,61059800.0,3154435.0
2020-06-04,0.3179999887943268,0.33500000834465027,0.31700000166893005,0.33399999141693115,56171500.0,76250672.0,3154435.0
2020-06-05,0.33399999141693115,0.3449999988079071,0.3269999921321869,0.34299999475479126,44054300.0,60486532.0,3154435.0
2020-06-08,0.34200000762939453,0.3529999852180481,0.335999995470047,0.3440000116825104,37147500.0,51459664.0,3154435.0
2020-06-09,0.34200000762939453,0.35199999809265137,0.33899998664855957,0.35100001096725464,39115900.0,54582372.0,3154435.0
2020-06-10,0.3499999940395355,0.35499998927116394,0.34599998593330383,0.3540000021457672,52292900.0,73295416.0,3154435.0
2020-06-11,0.3499999940395355,0.3540000021457672,0.33500000834465027,0.3409999907016754,69110496.0,95986168.0,3154435.0
2020-06-12,0.32600000500679016,0.3479999899864197,0.32499998807907104,0.3449999988079071,43096900.0,59425156.0,3154435.0
2020-06-15,0.3409999907016754,0.3440000116825104,0.32499998807907104,0.3310000002384186,50006300.0,68281928.0,3154435.0
2020-06-16,0.33399999141693115,0.3449999988079071,0.33399999141693115,0.3440000116825104,52808500.0,72939920.0,3154435.0
2020-06-17,0.3440000116825104,0.3449999988079071,0.33000001311302185,0.33500000834465027,51996800.0,71152944.0,3154435.0
2020-06-18,0.3310000002384186,0.33899998664855957,0.33000001311302185,0.335999995470047,27366900.0,37473708.0,3154435.0
2020-06-19,0.335999995470047,0.3569999933242798,0.335999995470047,0.3529999852180481,63400600.0,88914632.0,3154435.0
2020-06-22,0.35499998927116394,0.3580000102519989,0.3449999988079071,0.3569999933242798,43397700.0,60818180.0,3154435.0
2020-06-23,0.35600000619888306,0.3799999952316284,0.3499999940395355,0.3790000081062317,62309600.0,89520936.0,3154435.0
2020-06-24,0.3779999911785126,0.38600000739097595,0.36899998784065247,0.3790000081062317,46667100.0,67836432.0,3154435.0
2020-06-29,0.37299999594688416,0.38199999928474426,0.3659999966621399,0.3799999952316284,37448700.0,54321188.0,3154435.0
2020-06-30,0.3799999952316284,0.4020000100135803,0.3799999952316284,0.4009999930858612,51100000.0,75985232.0,3154435.0
2020-07-01,0.4020000100135803,0.4480000138282776,0.4009999930858612,0.4449999928474426,83747600.0,130217824.0,3154435.0
2020-07-02,0.4399999976158142,0.4690000116825104,0.42899999022483826,0.4580000042915344,106059504.0,170326480.0,3154435.0
2020-07-03,0.4580000042915344,0.4580000042915344,0.42100000381469727,0.4490000009536743,97076200.0,152785616.0,3154435.0
2020-07-06,0.4399999976158142,0.4699999988079071,0.4300000071525574,0.4690000116825104,88350304.0,141580752.0,3154435.0
2020-07-07,0.46299999952316284,0.5090000033378601,0.44999998807907104,0.4869999885559082,113654000.0,190369584.0,3154435.0
2020-07-08,0.4749999940395355,0.4970000088214874,0.44999998807907104,0.49000000953674316,97237696.0,161912784.0,3154435.0
2020-07-09,0.48500001430511475,0.5070000290870667,0.4790000021457672,0.5019999742507935,86105296.0,145291904.0,3154435.0
2020-07-10,0.5,0.5329999923706055,0.49000000953674316,0.5120000243186951,105425464.0,182359008.0,3154435.0
2020-07-13,0.5099999904632568,0.5740000009536743,0.5040000081062317,0.5690000057220459,113893600.0,201974912.0,3154435.0
2020-07-14,0.5580000281333923,0.5699999928474426,0.5360000133514404,0.5600000023841858,126782264.0,229276304.0,3154435.0
2020-07-15,0.5600000023841858,0.593999981880188,0.5540000200271606,0.578000009059906,137113200.0,253547264.0,3154435.0
2020-07-16,0.5609999895095825,0.5609999895095825,0.48500001430511475,0.49799999594688416,179489504.0,312607648.0,3154435.0
2020-07-17,0.4699999988079071,0.5139999985694885,0.4699999988079071,0.49300000071525574,111670304.0,188312656.0,3154435.0
2020-07-20,0.4950000047683716,0.5059999823570251,0.4449999928474426,0.4869999885559082,148081296.0,244146880.0,3154435.0
2020-07-21,0.4869999885559082,0.5199999809265137,0.4790000021457672,0.5040000081062317,128583200.0,219898272.0,3154435.0
2020-07-22,0.5,0.5329999923706055,0.48500001430511475,0.5199999809265137,90314704.0,157116224.0,3154435.0
2020-07-23,0.5109999775886536,0.5299999713897705,0.5009999871253967,0.5249999761581421,88023104.0,152722784.0,3154435.0
2020-07-24,0.5149999856948853,0.5199999809265137,0.46799999475479126,0.4819999933242798,108881400.0,182867984.0,3154435.0
2020-07-27,0.48100000619888306,0.4970000088214874,0.4740000069141388,0.4860000014305115,66734100.0,111655096.0,3154435.0
2020-07-28,0.48100000619888306,0.5170000195503235,0.48100000619888306,0.5090000033378601,88076800.0,149982704.0,3154435.0
2020-07-29,0.5090000033378601,0.5180000066757202,0.492000013589859,0.5180000066757202,115931800.0,198981424.0,3154435.0
2020-07-30,0.5149999856948853,0.5329999923706055,0.5090000033378601,0.5239999890327454,106436896.0,186114672.0,3154435.0
2020-07-31,0.5149999856948853,0.531000018119812,0.5019999742507935,0.5230000019073486,102700304.0,178353344.0,3154435.0
2020-08-03,0.5239999890327454,0.5299999713897705,0.5139999985694885,0.5289999842643738,96295200.0,167893248.0,3154435.0
2020-08-04,0.5289999842643738,0.5360000133514404,0.5149999856948853,0.5249999761581421,83155800.0,145392928.0,3154435.0
2020-08-05,0.5130000114440918,0.5239999890327454,0.5049999952316284,0.5220000147819519,82308400.0,142419008.0,3154435.0
2020-08-06,0.5210000276565552,0.5239999890327454,0.49300000071525574,0.5049999952316284,101874800.0,174064656.0,3154435.0
2020-08-07,0.4950000047683716,0.5070000290870667,0.4699999988079071,0.4819999933242798,75241104.0,126094968.0,3154435.0
2020-08-10,0.4830000102519989,0.49300000071525574,0.4740000069141388,0.4909999966621399,56265300.0,94043680.0,3154435.0
2020-08-11,0.49300000071525574,0.5130000114440918,0.49300000071525574,0.4959999918937683,83164496.0,142165360.0,3154435.0
2020-08-12,0.49000000953674316,0.49900001287460327,0.46299999952316284,0.4790000021457672,56717200.0,93730160.0,3154435.0
2020-08-13,0.4779999852180481,0.49300000071525574,0.4749999940395355,0.4880000054836273,48772400.0,81531312.0,3154435.0
2020-08-14,0.48500001430511475,0.5170000195503235,0.47999998927116394,0.5130000114440918,91287032.0,156133952.0,3154435.0
2020-08-17,0.5170000195503235,0.5450000166893005,0.5139999985694885,0.5360000133514404,98300432.0,173892448.0,3154435.0
2020-08-18,0.5339999794960022,0.5550000071525574,0.5249999761581421,0.5450000166893005,79434496.0,141825760.0,3154435.0
2020-08-19,0.5410000085830688,0.5640000104904175,0.5339999794960022,0.5479999780654907,91327704.0,164536400.0,3154435.0
2020-08-20,0.5360000133514404,0.5429999828338623,0.5199999809265137,0.5249999761581421,61686500.0,108293384.0,3154435.0
2020-08-21,0.5289999842643738,0.5509999990463257,0.5260000228881836,0.5440000295639038,80251608.0,143220096.0,3154435.0
2020-08-24,0.5460000038146973,0.5680000185966492,0.5429999828338623,0.5640000104904175,68878096.0,125089400.0,3154435.0
2020-08-25,0.5640000104904175,0.6050000190734863,0.5640000104904175,0.597000002861023,102951104.0,194053904.0,3154435.0
2020-08-26,0.593999981880188,0.6119999885559082,0.5799999833106995,0.597000002861023,104395800.0,197379440.0,3154435.0
2020-08-27,0.5879999995231628,0.6079999804496765,0.578000009059906,0.6060000061988831,104141800.0,196910704.0,3154435.0
2020-08-28,0.6010000109672546,0.6520000100135803,0.5929999947547913,0.6439999938011169,125065360.0,244740112.0,3154435.0
2020-08-31,0.6489999890327454,0.6759999990463257,0.6460000276565552,0.6570000052452087,139401296.0,281613920.0,3154435.0
2020-09-01,0.6449999809265137,0.652999997138977,0.6129999756813049,0.6359999775886536,151285360.0,296162176.0,3154435.0
2020-09-02,0.6380000114440918,0.6489999890327454,0.6150000095367432,0.6269999742507935,89331560.0,175238208.0,3154435.0
2020-09-03,0.6259999871253967,0.6570000052452087,0.6200000047683716,0.6430000066757202,135663952.0,270141152.0,3154435.0
2020-09-04,0.6190000176429749,0.625,0.5950000286102295,0.6169999837875366,127125400.0,243911936.0,3154435.0
2020-09-07,0.6140000224113464,0.6290000081062317,0.5899999737739563,0.597000002861023,93754112.0,180602480.0,3154435.0
2020-09-08,0.597000002861023,0.6060000061988831,0.5609999895095825,0.5770000219345093,99216304.0,183605504.0,3154435.0
2020-09-09,0.5609999895095825,0.5690000057220459,0.5440000295639038,0.5550000071525574,95162704.0,173065936.0,3154435.0
2020-09-10,0.5649999976158142,0.5889999866485596,0.5649999976158142,0.5699999928474426,100105800.0,185477216.0,3154435.0
2020-09-11,0.5669999718666077,0.6000000238418579,0.5609999895095825,0.6000000238418579,100178560.0,186919152.0,3154435.0
2020-09-14,0.6010000109672546,0.6150000095367432,0.5910000205039978,0.6110000014305115,103371200.0,197446960.0,3154435.0
2020-09-15,0.6079999804496765,0.6110000014305115,0.597000002861023,0.6100000143051147,68111504.0,130157872.0,3154435.0
2020-09-16,0.6100000143051147,0.6179999709129333,0.5870000123977661,0.5929999947547913,79306400.0,151068512.0,3154435.0
2020-09-17,0.5849999785423279,0.5849999785423279,0.5600000023841858,0.5720000267028809,80197904.0,147828992.0,3154435.0
2020-09-18,0.5680000185966492,0.5860000252723694,0.5590000152587891,0.5849999785423279,86098200.0,158795520.0,3154435.0
2020-09-21,0.5770000219345093,0.5820000171661377,0.5669999718666077,0.5690000057220459,57728100.0,106284728.0,3154435.0
2020-09-22,0.5609999895095825,0.5770000219345093,0.5590000152587891,0.5609999895095825,58221600.0,106841984.0,3154435.0
2020-09-23,0.5479999780654907,0.5649999976158142,0.5339999794960022,0.5619999766349792,73932304.0,133401040.0,3154435.0
2020-09-24,0.5550000071525574,0.5659999847412109,0.5400000214576721,0.5429999828338623,60940400.0,110088640.0,3154435.0
2020-09-25,0.5479999780654907,0.5559999942779541,0.5450000166893005,0.550000011920929,46416800.0,83632960.0,3154435.0
2020-09-28,0.5509999990463257,0.5680000185966492,0.5479999780654907,0.5580000281333923,63734200.0,115987328.0,3154435.0
2020-09-29,0.5619999766349792,0.5640000104904175,0.550000011920929,0.5600000023841858,50662500.0,91870176.0,3154435.0
2020-09-30,0.5600000023841858,0.5730000138282776,0.5559999942779541,0.5640000104904175,71993104.0,131686448.0,3154435.0
2020-10-09,0.5720000267028809,0.5809999704360962,0.5669999718666077,0.5759999752044678,66284200.0,122397336.0,3154435.0
2020-10-12,0.5789999961853027,0.625,0.5759999752044678,0.6240000128746033,106002800.0,202383648.0,3154435.0
2020-10-13,0.6230000257492065,0.6380000114440918,0.6110000014305115,0.6269999742507935,84726704.0,165326096.0,3154435.0
2020-10-14,0.6230000257492065,0.6430000066757202,0.621999979019165,0.6269999742507935,70846600.0,139199792.0,3154435.0
2020-10-15,0.621999979019165,0.6309999823570251,0.6200000047683716,0.6259999871253967,44174000.0,86214304.0,3154435.0
2020-10-16,0.625,0.6349999904632568,0.6069999933242798,0.6140000224113464,49900000.0,96602496.0,3154435.0
2020-10-19,0.6150000095367432,0.6259999871253967,0.6000000238418579,0.6050000190734863,53617300.0,102992872.0,3154435.0
2020-10-20,0.6000000238418579,0.6370000243186951,0.6000000238418579,0.6359999775886536,109620896.0,213852496.0,3154435.0
2020-10-21,0.6330000162124634,0.6439999938011169,0.6240000128746033,0.6399999856948853,76186000.0,149900080.0,3154435.0
2020-10-22,0.6370000243186951,0.6579999923706055,0.6209999918937683,0.6520000100135803,88600320.0,175840080.0,3154435.0
2020-10-23,0.6499999761581421,0.6589999794960022,0.6259999871253967,0.6330000162124634,75941216.0,150938480.0,3154435.0
2020-10-26,0.5989999771118164,0.6230000257492065,0.5889999866485596,0.6190000176429749,78712616.0,150838368.0,3154435.0
2020-10-27,0.6119999885559082,0.6370000243186951,0.6119999885559082,0.6320000290870667,56219500.0,109911472.0,3154435.0
2020-10-28,0.6299999952316284,0.6729999780654907,0.6299999952316284,0.6650000214576721,128910304.0,259402864.0,3154435.0
2020-10-29,0.6579999923706055,0.7049999833106995,0.6579999923706055,0.6890000104904175,109090000.0,226786528.0,3154435.0
2020-10-30,0.6840000152587891,0.6880000233650208,0.6539999842643738,0.6600000262260437,111818704.0,227133792.0,3154435.0
2020-11-02,0.6600000262260437,0.6790000200271606,0.6579999923706055,0.6740000247955322,64177400.0,131000528.0,3154435.0
2020-11-03,0.6740000247955322,0.6899999976158142,0.6710000038146973,0.6850000023841858,67295904.0,138497648.0,3154435.0
2020-11-04,0.6819999814033508,0.6880000233650208,0.671999990940094,0.6869999766349792,55129700.0,113667376.0,3154435.0
2020-11-05,0.6909999847412109,0.7210000157356262,0.6909999847412109,0.7120000123977661,103176560.0,217857792.0,3154435.0
2020-11-06,0.7149999737739563,0.7149999737739563,0.6850000023841858,0.6990000009536743,97141456.0,202886384.0,3154435.0
2020-11-09,0.7009999752044678,0.718999981880188,0.6970000267028809,0.7179999947547913,98891296.0,209082672.0,3154435.0
2020-11-10,0.7179999947547913,0.7590000033378601,0.7049999833106995,0.7459999918937683,114942920.0,249619264.0,3154435.0
2020-11-11,0.7350000143051147,0.777999997138977,0.7310000061988831,0.7459999918937683,143871712.0,318423840.0,3154435.0
2020-11-12,0.7400000095367432,0.7799999713897705,0.7279999852180481,0.7789999842643738,127786216.0,282837856.0,3154435.0
2020-11-13,0.7519999742507935,0.7559999823570251,0.7110000252723694,0.7260000109672546,183375712.0,396229440.0,3154435.0
2020-11-16,0.7239999771118164,0.7739999890327454,0.7229999899864197,0.7680000066757202,134245520.0,294866560.0,3154435.0
2020-11-17,0.7670000195503235,0.7850000262260437,0.7400000095367432,0.7519999742507935,125530872.0,280074368.0,3154435.0
2020-11-18,0.7450000047683716,0.753000020980835,0.7160000205039978,0.734000027179718,112490800.0,243838640.0,3154435.0
2020-11-19,0.7239999771118164,0.7519999742507935,0.7170000076293945,0.7450000047683716,96158336.0,209895456.0,3154435.0
2020-11-20,0.7450000047683716,0.7799999713897705,0.7360000014305115,0.7730000019073486,114594904.0,256242576.0,3154435.0
2020-11-23,0.777999997138977,0.8029999732971191,0.7770000100135803,0.7870000004768372,96403808.0,219445392.0,3154435.0
2020-11-24,0.7820000052452087,0.7940000295639038,0.7559999823570251,0.7900000214576721,116913000.0,263335360.0,3154435.0
2020-11-25,0.7900000214576721,0.7900000214576721,0.7400000095367432,0.7440000176429749,182570784.0,403631168.0,3154435.0
2020-11-26,0.7459999918937683,0.7559999823570251,0.7229999899864197,0.7549999952316284,111108000.0,243389952.0,3154435.0
2020-11-27,0.7519999742507935,0.7580000162124634,0.7360000014305115,0.7540000081062317,73342312.0,161225568.0,3154435.0
2020-11-30,0.7450000047683716,0.753000020980835,0.7179999947547913,0.7279999852180481,116678704.0,251798752.0,3154435.0
2020-12-01,0.7250000238418579,0.7379999756813049,0.7239999771118164,0.734000027179718,73380904.0,158719856.0,3154435.0
2020-12-02,0.7379999756813049,0.7409999966621399,0.7239999771118164,0.734000027179718,61166588.0,132311552.0,3154435.0
2020-12-03,0.7319999933242798,0.7490000128746033,0.7260000109672546,0.7480000257492065,89063128.0,193750784.0,3154435.0
2020-12-04,0.7450000047683716,0.7960000038146973,0.7419999837875366,0.7870000004768372,191883456.0,431480736.0,3154435.0
2020-12-07,0.7820000052452087,0.8080000281333923,0.7789999842643738,0.7879999876022339,131278912.0,300763328.0,3154435.0
2020-12-08,0.7870000004768372,0.8190000057220459,0.7850000262260437,0.8169999718666077,127952352.0,295233920.0,3154435.0
2020-12-09,0.8169999718666077,0.8199999928474426,0.7990000247955322,0.8090000152587891,126106072.0,292089376.0,3154435.0
2020-12-10,0.8050000071525574,0.8399999737739563,0.7979999780654907,0.8180000185966492,178404048.0,417736192.0,3154435.0
2020-12-11,0.8159999847412109,0.8379999995231628,0.8100000023841858,0.828000009059906,124022272.0,291684448.0,3154435.0
2020-12-14,0.828000009059906,0.8629999756813049,0.8270000219345093,0.8619999885559082,141699888.0,339441184.0,3154435.0
2020-12-15,0.8629999756813049,0.8640000224113464,0.8299999833106995,0.8529999852180481,176382336.0,423276608.0,3154435.0
2020-12-16,0.847000002861023,0.8859999775886536,0.847000002861023,0.8809999823570251,144494064.0,353423456.0,3154435.0
2020-12-17,0.8809999823570251,0.9150000214576721,0.875,0.9070000052452087,168851936.0,420858944.0,3154435.0
2020-12-18,0.8980000019073486,0.9300000071525574,0.8870000243186951,0.9070000052452087,221668240.0,558933696.0,3154435.0
2020-12-21,0.902999997138977,0.9259999990463257,0.8899999856948853,0.9139999747276306,142281088.0,358578752.0,3154435.0
2020-12-22,0.9089999794960022,0.9570000171661377,0.9070000052452087,0.9390000104904175,186105904.0,479427072.0,3154435.0
2020-12-23,0.9440000057220459,0.9800000190734863,0.8970000147819519,0.9300000071525574,302476192.0,779899776.0,3154435.0
2020-12-24,0.8999999761581421,0.9229999780654907,0.8859999775886536,0.8949999809265137,196976304.0,492798656.0,3154435.0
2020-12-25,0.878000020980835,0.9079999923706055,0.8669999837875366,0.8949999809265137,171588704.0,424516928.0,3154435.0
2020-12-28,0.8970000147819519,0.9549999833106995,0.8970000147819519,0.9539999961853027,195400448.0,502936256.0,3154435.0
2020-12-29,0.9549999833106995,0.9589999914169312,0.9240000247955322,0.9390000104904175,138809344.0,358015648.0,3154435.0
2020-12-30,0.9380000233650208,0.9760000109672546,0.9330000281333923,0.9670000076293945,127938056.0,336162720.0,3154435.0
2020-12-31,0.9729999899864197,0.9950000047683716,0.9670000076293945,0.9950000047683716,150582336.0,401513824.0,3154435.0
2021-01-04,1.0,1.055999994277954,0.9980000257492065,1.0499999523162842,162978048.0,450383360.0,3154435.0
2021-01-05,1.0440000295639038,1.1160000562667847,1.027999997138977,1.1080000400543213,256876704.0,737672064.0,3154435.0
2021-01-06,1.1200000047683716,1.149999976158142,1.0750000476837158,1.1119999885559082,298443328.0,869162496.0,3154435.0
2021-01-07,1.1019999980926514,1.128000020980835,1.0709999799728394,1.1269999742507935,214727440.0,622799744.0,3154435.0
2021-01-08,1.1269999742507935,1.1449999809265137,1.0720000267028809,1.0880000591278076,244788736.0,709974336.0,3154435.0
2021-01-11,1.0829999446868896,1.0829999446868896,1.0160000324249268,1.0369999408721924,261109136.0,729637440.0,3154435.0
2021-01-12,1.0190000534057617,1.0839999914169312,1.0149999856948853,1.0779999494552612,214454224.0,606377408.0,3154435.0
2021-01-13,1.0779999494552612,1.0950000286102295,1.0410000085830688,1.059999942779541,175714016.0,498575232.0,3154435.0
2021-01-14,1.055999994277954,1.0570000410079956,1.003000020980835,1.0130000114440918,194256016.0,531798464.0,3154435.0
2021-01-15,1.0049999952316284,1.0049999952316284,0.9359999895095825,0.9750000238418579,281520768.0,740513728.0,3154435.0
2021-01-18,0.9599999785423279,0.9710000157356262,0.9380000233650208,0.9639999866485596,248658064.0,648161472.0,3154435.0
2021-01-19,0.9739999771118164,0.9890000224113464,0.9269999861717224,0.9359999895095825,275231904.0,719986944.0,3154435.0
2021-01-20,0.9229999780654907,0.9549999833106995,0.8949999809265137,0.9490000009536743,267369728.0,684474432.0,3154435.0
2021-01-21,0.9419999718666077,0.9980000257492065,0.9380000233650208,0.9850000143051147,320192448.0,845446208.0,3154435.0
2021-01-22,0.9789999723434448,0.9940000176429749,0.9629999995231628,0.9760000109672546,195571808.0,519085248.0,3154435.0
2021-01-25,0.9750000238418579,1.065000057220459,0.9700000286102295,1.0640000104904175,334480288.0,927604224.0,3154435.0
2021-01-26,1.065000057220459,1.065999984741211,1.0219999551773071,1.024999976158142,216886160.0,600318400.0,3154435.0
2021-01-27,0.9990000128746033,1.0069999694824219,0.9509999752044678,0.984000027179718,214023936.0,569362048.0,3154435.0
2021-01-28,0.9580000042915344,0.9890000224113464,0.9580000042915344,0.9629999995231628,117962792.0,311693024.0,3154435.0
2021-01-29,0.9750000238418579,1.00600004196167,0.9700000286102295,0.9890000224113464,205041584.0,550559232.0,3154435.0
2021-02-01,0.9919999837875366,1.0180000066757202,0.9769999980926514,0.984000027179718,126238864.0,340131520.0,3154435.0
2021-02-02,0.984000027179718,1.0420000553131104,0.9800000190734863,1.0399999618530273,198826432.0,544491072.0,3154435.0
2021-02-03,1.034999966621399,1.0529999732971191,1.0199999809265137,1.0440000295639038,163446048.0,453936576.0,3154435.0
2021-02-04,1.0390000343322754,1.0880000591278076,1.031000018119812,1.0529999732971191,222936944.0,629647296.0,3154435.0
2021-02-05,1.0579999685287476,1.0959999561309814,1.034999966621399,1.0670000314712524,191411264.0,544048512.0,3154435.0
2021-02-08,1.0750000476837158,1.1050000190734863,1.0410000085830688,1.0700000524520874,154620368.0,438976832.0,3154435.0
2021-02-09,1.0750000476837158,1.1050000190734863,1.0549999475479126,1.1050000190734863,148259088.0,425853216.0,3154435.0
2021-02-10,1.1130000352859497,1.1770000457763672,1.1130000352859497,1.1729999780654907,186746304.0,562734400.0,3154435.0
2021-02-18,1.190000057220459,1.2130000591278076,1.1039999723434448,1.1200000047683716,192790080.0,576444032.0,3154435.0
2021-02-19,1.1019999980926514,1.1299999952316284,1.0509999990463257,1.1100000143051147,204083872.0,588189952.0,3154435.0
2021-02-22,1.0950000286102295,1.100000023841858,0.996999979019165,0.9990000128746033,334529696.0,921341824.0,3154435.0
2021-02-23,0.9789999723434448,1.0190000534057617,0.9760000109672546,1.0,138130352.0,373527232.0,3154435.0
2021-02-24,0.9990000128746033,1.0,0.9079999923706055,0.9259999990463257,302542912.0,779904896.0,3154435.0
2021-02-25,0.9309999942779541,0.9390000104904175,0.8849999904632568,0.9010000228881836,199723872.0,502236544.0,3154435.0
2021-02-26,0.8659999966621399,0.8889999985694885,0.8349999785423279,0.8669999837875366,238923472.0,581076160.0,3154435.0
2021-03-01,0.8799999952316284,0.8899999856948853,0.8529999852180481,0.8709999918937683,167775856.0,410366720.0,3154435.0
2021-03-02,0.8830000162124634,0.8960000276565552,0.8270000219345093,0.8389999866485596,188575376.0,456514208.0,3154435.0
2021-03-03,0.8349999785423279,0.8679999709129333,0.8230000138282776,0.8650000095367432,148695968.0,357070880.0,3154435.0
2021-03-04,0.8450000286102295,0.8460000157356262,0.7979999780654907,0.8050000071525574,174160464.0,406421152.0,3154435.0
2021-03-05,0.7789999842643738,0.8379999995231628,0.7749999761581421,0.8209999799728394,217042880.0,505372576.0,3154435.0
2021-03-08,0.8240000009536743,0.828000009059906,0.7350000143051147,0.7369999885559082,213779888.0,483039456.0,3154435.0
2021-03-09,0.7300000190734863,0.7480000257492065,0.6909999847412109,0.7070000171661377,209403328.0,448833440.0,3154435.0
2021-03-10,0.734000027179718,0.7519999742507935,0.7239999771118164,0.7369999885559082,226070336.0,492869120.0,3154435.0
2021-03-11,0.7390000224113464,0.8009999990463257,0.7300000190734863,0.7799999713897705,224440848.0,504678496.0,3154435.0
2021-03-12,0.7889999747276306,0.7940000295639038,0.7580000162124634,0.7850000262260437,122278936.0,275211584.0,3154435.0
2021-03-15,0.7739999890327454,0.7850000262260437,0.7149999737739563,0.7289999723434448,186801776.0,406791264.0,3154435.0
2021-03-16,0.7300000190734863,0.7639999985694885,0.7300000190734863,0.7590000033378601,144558128.0,317621120.0,3154435.0
2021-03-17,0.7519999742507935,0.781000018119812,0.7310000061988831,0.7749999761581421,127781000.0,284296416.0,3154435.0
2021-03-18,0.7789999842643738,0.8230000138282776,0.7789999842643738,0.8090000152587891,182277440.0,421855840.0,3154435.0
2021-03-19,0.7829999923706055,0.8019999861717224,0.7699999809265137,0.7820000052452087,139421760.0,315861056.0,3154435.0
2021-03-22,0.7749999761581421,0.7950000166893005,0.7620000243186951,0.7870000004768372,109605904.0,247447488.0,3154435.0
2021-03-23,0.7820000052452087,0.8009999990463257,0.7699999809265137,0.7919999957084656,105933896.0,241327024.0,3154435.0
2021-03-24,0.7820000052452087,0.824999988079071,0.781000018119812,0.7940000295639038,190050032.0,439731488.0,3154435.0
2021-03-25,0.7829999923706055,0.7940000295639038,0.7549999952316284,0.7860000133514404,109841184.0,247922800.0,3154435.0
2021-03-26,0.7919999957084656,0.8309999704360962,0.7879999876022339,0.8270000219345093,192066608.0,447701792.0,3154435.0
2021-03-29,0.8370000123977661,0.878000020980835,0.8270000219345093,0.8550000190734863,192488800.0,464255424.0,3154435.0
2021-03-30,0.8479999899864197,0.8769999742507935,0.847000002861023,0.8560000061988831,130604848.0,315872384.0,3154435.0
2021-03-31,0.8489999771118164,0.8489999771118164,0.8270000219345093,0.8370000123977661,127850744.0,303457408.0,3154435.0
2021-04-01,0.8429999947547913,0.8700000047683716,0.8410000205039978,0.8669999837875366,123589744.0,297883520.0,3154435.0
2021-04-02,0.8840000033378601,0.9240000247955322,0.8840000033378601,0.921999990940094,188268080.0,472227648.0,3154435.0
2021-04-06,0.925000011920929,0.9269999861717224,0.8980000019073486,0.906000018119812,136459520.0,343310656.0,3154435.0
2021-04-07,0.8989999890327454,0.8989999890327454,0.8450000286102295,0.8529999852180481,221347424.0,535043840.0,3154435.0
2021-04-08,0.8389999866485596,0.8799999952316284,0.8320000171661377,0.8759999871253967,188872224.0,458274784.0,3154435.0
2021-04-09,0.8579999804496765,0.8690000176429749,0.8379999995231628,0.8460000157356262,134458656.0,322339648.0,3154435.0
2021-04-12,0.847000002861023,0.8610000014305115,0.8360000252723694,0.8410000205039978,113545056.0,271882528.0,3154435.0
2021-04-13,0.8360000252723694,0.8769999742507935,0.8360000252723694,0.859000027179718,154953696.0,375789824.0,3154435.0
2021-04-14,0.8550000190734863,0.8809999823570251,0.8450000286102295,0.8759999871253967,151105520.0,368396896.0,3154435.0
2021-04-15,0.8679999709129333,0.8759999871253967,0.847000002861023,0.8679999709129333,139845568.0,338026016.0,3154435.0
2021-04-16,0.8700000047683716,0.9039999842643738,0.8700000047683716,0.8970000147819519,184424656.0,456921344.0,3154435.0
2021-04-19,0.8889999985694885,0.9139999747276306,0.8629999756813049,0.9120000004768372,168412640.0,421228224.0,3154435.0
2021-04-20,0.9039999842643738,0.9559999704360962,0.8989999890327454,0.9229999780654907,231816176.0,595386688.0,3154435.0
2021-04-21,0.9100000262260437,0.9639999866485596,0.906000018119812,0.9539999961853027,182843968.0,473596960.0,3154435.0
2021-04-22,0.9599999785423279,0.9649999737739563,0.9330000281333923,0.9539999961853027,137593104.0,357838944.0,3154435.0
2021-04-23,0.9490000009536743,0.9810000061988831,0.9490000009536743,0.9679999947547913,152577120.0,401450208.0,3154435.0
2021-04-26,0.9679999947547913,0.9810000061988831,0.9399999976158142,0.9419999718666077,167416928.0,439375808.0,3154435.0
2021-04-27,0.9470000267028809,0.9660000205039978,0.9279999732971191,0.9649999737739563,134713328.0,349908800.0,3154435.0
2021-04-28,0.9470000267028809,0.9990000128746033,0.9399999976158142,0.9980000257492065,163629744.0,433801504.0,3154435.0
2021-04-29,0.9950000047683716,1.00600004196167,0.9679999947547913,0.9950000047683716,145865920.0,390008704.0,3154435.0
2021-04-30,0.9879999756813049,0.9950000047683716,0.9769999980926514,0.9819999933242798,123962056.0,330725056.0,3154435.0
2021-05-06,0.9769999980926514,0.9769999980926514,0.9300000071525574,0.9419999718666077,173092160.0,450503264.0,3154435.0
2021-05-07,0.9419999718666077,0.9549999833106995,0.9190000295639038,0.921999990940094,126488368.0,325204320.0,3154435.0
2021-05-10,0.9110000133514404,0.9340000152587891,0.8949999809265137,0.902999997138977,133546192.0,336702112.0,3154435.0
2021-05-11,0.8949999809265137,0.9480000138282776,0.8949999809265137,0.9459999799728394,256295360.0,657348224.0,3154435.0
2021-05-12,0.9409999847412109,0.9679999947547913,0.9319999814033508,0.9649999737739563,141728448.0,369573632.0,3154435.0
2021-05-13,0.949999988079071,0.9769999980926514,0.9430000185966492,0.972000002861023,129861968.0,340859264.0,3154435.0
2021-05-14,0.972000002861023,0.972000002861023,0.972000002861023,0.972000002861023,0.0,0.0,3154435.0
2021-05-17,0.9959999918937683,1.0390000343322754,0.9959999918937683,1.024999976158142,300390592.0,412635072.0,-3154435.0
2021-05-18,1.027999997138977,1.034999966621399,1.0149999856948853,1.031999945640564,229634496.0,315537120.0,3154435.0
2021-05-19,1.0230000019073486,1.034000039100647,1.00600004196167,1.0149999856948853,252538496.0,346124832.0,3154435.0
2021-05-20,1.0190000534057617,1.0509999990463257,1.0190000534057617,1.0490000247955322,279412832.0,388872768.0,3154435.0
2021-05-21,1.0429999828338623,1.0759999752044678,1.034999966621399,1.0479999780654907,318521376.0,447284800.0,3154435.0
2021-05-24,1.0479999780654907,1.090000033378601,1.0479999780654907,1.0880000591278076,354301568.0,504070816.0,3154435.0
2021-05-25,1.090999960899353,1.1339999437332153,1.0800000429153442,1.1299999952316284,329360704.0,481626400.0,3154435.0
2021-05-26,1.1299999952316284,1.1469999551773071,1.1019999980926514,1.1160000562667847,316755968.0,466020768.0,3154435.0
2021-05-27,1.1150000095367432,1.149999976158142,1.093000054359436,1.1260000467300415,283430208.0,417155840.0,3154435.0
2021-05-28,1.121999979019165,1.1410000324249268,1.1080000400543213,1.128999948501587,264201744.0,388950144.0,3154435.0
2021-05-31,1.1180000305175781,1.1360000371932983,1.0980000495910645,1.1330000162124634,326903616.0,479207968.0,3154435.0
2021-06-01,1.1330000162124634,1.1449999809265137,1.1059999465942383,1.1419999599456787,335657984.0,496148224.0,3154435.0
2021-06-02,1.1399999856948853,1.1469999551773071,1.1150000095367432,1.1200000047683716,318645760.0,471386400.0,3154435.0
2021-06-03,1.1150000095367432,1.1740000247955322,1.1150000095367432,1.1390000581741333,463859968.0,693470976.0,3154435.0
2021-06-04,1.1269999742507935,1.1759999990463257,1.1239999532699585,1.1729999780654907,367759584.0,554605312.0,3154435.0
2021-06-07,1.1759999990463257,1.2079999446868896,1.1649999618530273,1.2050000429153442,331378112.0,510335040.0,3154435.0
2021-06-08,1.2000000476837158,1.2000000476837158,1.0800000429153442,1.097000002861023,944078784.0,1396033536.0,3154435.0
2021-06-09,1.0789999961853027,1.1139999628067017,1.0609999895095825,1.0920000076293945,497360608.0,715383552.0,3154435.0
2021-06-10,1.090000033378601,1.125,1.0889999866485596,1.1200000047683716,395293088.0,578087808.0,3154435.0
2021-06-11,1.1100000143051147,1.1160000562667847,1.0729999542236328,1.0889999866485596,359165856.0,517450016.0,3154435.0
2021-06-15,1.0800000429153442,1.090999960899353,1.0399999618530273,1.0880000591278076,308388832.0,437626976.0,3154435.0
2021-06-16,1.0829999446868896,1.0850000381469727,1.0449999570846558,1.0570000410079956,331244096.0,467659840.0,3154435.0
2021-06-17,1.0520000457763672,1.1059999465942383,1.0520000457763672,1.0980000495910645,425974912.0,613900864.0,3154435.0
2021-06-18,1.093999981880188,1.1080000400543213,1.062999963760376,1.0839999914169312,421569536.0,603724736.0,3154435.0
2021-06-21,1.0759999752044678,1.0889999866485596,1.0379999876022339,1.065999984741211,411996608.0,581912384.0,3154435.0
2021-06-22,1.065999984741211,1.0809999704360962,1.0509999990463257,1.0800000429153442,332555712.0,471404608.0,3154435.0
2021-06-23,1.0809999704360962,1.0809999704360962,1.0299999713897705,1.0360000133514404,669082624.0,933205440.0,3154435.0
2021-06-24,1.031000018119812,1.0490000247955322,1.0010000467300415,1.034999966621399,527913504.0,725272064.0,3154435.0
2021-06-25,1.0290000438690186,1.0750000476837158,1.0169999599456787,1.0670000314712524,606614080.0,849830272.0,3154435.0
2021-06-28,1.0670000314712524,1.0880000591278076,1.059999942779541,1.0809999704360962,356917184.0,508889728.0,3154435.0
2021-06-29,1.0850000381469727,1.0870000123977661,1.0509999990463257,1.0570000410079956,322205088.0,455910144.0,3154435.0
2021-06-30,1.0579999685287476,1.0850000381469727,1.055999994277954,1.0729999542236328,364130336.0,518552576.0,3154435.0
2021-07-01,1.0770000219345093,1.0820000171661377,1.0479999780654907,1.0800000429153442,366692032.0,519956160.0,3154435.0
2021-07-02,1.0720000267028809,1.0729999542236328,1.0260000228881836,1.027999997138977,446875328.0,620673472.0,3154435.0
2021-07-05,1.0199999809265137,1.0509999990463257,1.0049999952316284,1.034000039100647,333966208.0,464235872.0,3154435.0
2021-07-06,1.0260000228881836,1.0379999876022339,0.9919999837875366,1.031999945640564,404083840.0,552104256.0,3154435.0
2021-07-07,1.024999976158142,1.0520000457763672,1.0230000019073486,1.0499999523162842,400348032.0,558486400.0,3154435.0
2021-07-08,1.0429999828338623,1.059999942779541,1.0149999856948853,1.0180000066757202,401079616.0,555044032.0,3154435.0
2021-07-09,1.0210000276565552,1.0219999551773071,0.9580000042915344,0.9729999899864197,543498112.0,721366528.0,3154435.0
2021-07-12,0.9750000238418579,0.9919999837875366,0.9449999928474426,0.984000027179718,425465216.0,563185344.0,3154435.0
2021-07-13,1.0019999742507935,1.031000018119812,1.0019999742507935,1.0219999551773071,475808096.0,651813824.0,3154435.0
2021-07-14,1.0119999647140503,1.034999966621399,0.9950000047683716,1.0240000486373901,331149344.0,453930240.0,3154435.0
2021-07-15,1.0199999809265137,1.0729999542236328,1.0180000066757202,1.0700000524520874,595215296.0,835721600.0,3154435.0
2021-07-16,1.0709999799728394,1.0800000429153442,1.0429999828338623,1.0460000038146973,431465600.0,606666048.0,3154435.0
2021-07-19,1.0429999828338623,1.0640000104904175,1.031000018119812,1.059000015258789,343458816.0,480637344.0,3154435.0
2021-07-20,1.0490000247955322,1.0700000524520874,1.0460000038146973,1.0640000104904175,343323648.0,484013376.0,3154435.0
2021-07-21,1.065000057220459,1.0850000381469727,1.0509999990463257,1.065000057220459,449574112.0,637455936.0,3154435.0
2021-07-22,1.062999963760376,1.0800000429153442,1.034999966621399,1.0369999408721924,540832896.0,756570880.0,3154435.0
2021-07-23,1.0269999504089355,1.0299999713897705,0.9940000176429749,1.003000020980835,495652000.0,671363136.0,3154435.0
2021-07-26,0.9879999756813049,0.9879999756813049,0.8820000290870667,0.9020000100135803,895714112.0,1143040896.0,3154435.0
2021-07-27,0.8899999856948853,0.906000018119812,0.8450000286102295,0.8479999899864197,534960704.0,657406976.0,3154435.0
2021-07-28,0.8360000252723694,0.8690000176429749,0.800000011920929,0.8659999966621399,541273024.0,643565184.0,3154435.0
2021-07-29,0.8880000114440918,0.8949999809265137,0.8429999947547913,0.8510000109672546,598331904.0,723976064.0,3154435.0
2021-07-30,0.8289999961853027,0.8309999704360962,0.7620000243186951,0.7749999761581421,794692800.0,903144000.0,3154435.0
2021-08-02,0.7490000128746033,0.8429999947547913,0.7390000224113464,0.8420000076293945,1062966016.0,1220278528.0,3154435.0
2021-08-03,0.8169999718666077,0.8550000190734863,0.7950000166893005,0.8429999947547913,751582528.0,885703168.0,3154435.0
2021-08-04,0.8349999785423279,0.8510000109672546,0.8240000009536743,0.8270000219345093,471371808.0,557390784.0,3154435.0
2021-08-05,0.7950000166893005,0.8479999899864197,0.7860000133514404,0.8119999766349792,470879456.0,550016384.0,3154435.0
2021-08-06,0.8059999942779541,0.8220000267028809,0.7919999957084656,0.8080000281333923,384874176.0,445144448.0,3154435.0
2021-08-09,0.800000011920929,0.8489999771118164,0.800000011920929,0.8330000042915344,597590848.0,705974080.0,3154435.0
2021-08-10,0.8379999995231628,0.9139999747276306,0.828000009059906,0.9100000262260437,1016914752.0,1243614592.0,3154435.0
2021-08-11,0.8930000066757202,0.9139999747276306,0.875,0.8849999904632568,685263488.0,850270208.0,3154435.0
2021-08-12,0.8759999871253967,0.8949999809265137,0.8600000143051147,0.8629999756813049,554120128.0,678397568.0,3154435.0
2021-08-13,0.8619999885559082,0.8840000033378601,0.8539999723434448,0.8709999918937683,480045856.0,584529024.0,3154435.0
2021-08-16,0.8669999837875366,0.8880000114440918,0.8600000143051147,0.8759999871253967,346130432.0,424101280.0,3154435.0
2021-08-17,0.875,0.875,0.8149999976158142,0.8180000185966492,644464512.0,766784320.0,3154435.0
2021-08-18,0.8090000152587891,0.8420000076293945,0.800000011920929,0.8320000171661377,455415648.0,535131072.0,3154435.0
2021-08-19,0.824999988079071,0.8370000123977661,0.8019999861717224,0.8090000152587891,455457760.0,530636608.0,3154435.0
2021-08-20,0.7739999890327454,0.7820000052452087,0.7269999980926514,0.7350000143051147,1009180480.0,1111565184.0,3154435.0
2021-08-23,0.7360000014305115,0.7639999985694885,0.7250000238418579,0.7490000128746033,578691136.0,636291072.0,3154435.0
2021-08-24,0.7549999952316284,0.7929999828338623,0.7450000047683716,0.7839999794960022,616936000.0,694564288.0,3154435.0
2021-08-25,0.7900000214576721,0.8230000138282776,0.7900000214576721,0.8149999976158142,622586880.0,723617600.0,3154435.0
2021-08-26,0.8050000071525574,0.8050000071525574,0.7689999938011169,0.7760000228881836,510061824.0,577590208.0,3154435.0
2021-08-27,0.7689999938011169,0.8040000200271606,0.765999972820282,0.7749999761581421,404550816.0,459128224.0,3154435.0
2021-08-30,0.7839999794960022,0.7990000247955322,0.746999979019165,0.7799999713897705,552658432.0,620078976.0,3154435.0
2021-08-31,0.7739999890327454,0.7900000214576721,0.753000020980835,0.7609999775886536,471754368.0,526106144.0,3154435.0
2021-09-01,0.7580000162124634,0.8100000023841858,0.7310000061988831,0.7990000247955322,936109568.0,1057942272.0,3154435.0
2021-09-02,0.7950000166893005,0.8080000281333923,0.7749999761581421,0.777999997138977,693114624.0,786473600.0,3154435.0
2021-09-03,0.7689999938011169,0.7960000038146973,0.7480000257492065,0.7870000004768372,768360768.0,861631360.0,3154435.0
2021-09-06,0.7839999794960022,0.8360000252723694,0.7720000147819519,0.828000009059906,983434560.0,1148751744.0,3154435.0
2021-09-07,0.8190000057220459,0.8460000157356262,0.8130000233650208,0.8360000252723694,667928000.0,787965376.0,3154435.0
2021-09-08,0.8339999914169312,0.8349999785423279,0.8019999861717224,0.8100000023841858,832146752.0,968675072.0,3154435.0
2021-09-09,0.8080000281333923,0.8190000057220459,0.7979999780654907,0.8080000281333923,476709984.0,551691456.0,3154435.0
2021-09-10,0.8100000023841858,0.8330000042915344,0.800000011920929,0.8299999833106995,772760640.0,906419200.0,3154435.0
2021-09-13,0.8259999752044678,0.8429999947547913,0.8050000071525574,0.8130000233650208,693080512.0,811219136.0,3154435.0
2021-09-14,0.8119999766349792,0.8309999704360962,0.8069999814033508,0.8090000152587891,609364864.0,711622080.0,3154435.0
2021-09-15,0.8019999861717224,0.8019999861717224,0.7699999809265137,0.7760000228881836,824410816.0,934320832.0,3154435.0
2021-09-16,0.7689999938011169,0.7950000166893005,0.7590000033378601,0.781000018119812,678571712.0,766964288.0,3154435.0
2021-09-17,0.7770000100135803,0.8289999961853027,0.7699999809265137,0.8190000057220459,983825856.0,1137628160.0,3154435.0
2021-09-22,0.8050000071525574,0.8109999895095825,0.7839999794960022,0.7910000085830688,642472320.0,734961856.0,3154435.0
2021-09-23,0.7929999828338623,0.8169999718666077,0.7839999794960022,0.7960000038146973,509515488.0,585864320.0,3154435.0
2021-09-24,0.7910000085830688,0.8370000123977661,0.7879999876022339,0.8230000138282776,875919936.0,1025919296.0,3154435.0
2021-09-27,0.8479999899864197,0.9169999957084656,0.847000002861023,0.9010000228881836,1348682752.0,1667168256.0,3154435.0
2021-09-28,0.8899999856948853,0.8999999761581421,0.8479999899864197,0.8799999952316284,806643648.0,986758208.0,3154435.0
2021-09-29,0.8700000047683716,0.890999972820282,0.8529999852180481,0.871999979019165,601309760.0,734703040.0,3154435.0
2021-09-30,0.8679999709129333,0.8970000147819519,0.8629999756813049,0.8820000290870667,548642688.0,676190016.0,3154435.0
2021-10-08,0.8830000162124634,0.9359999895095825,0.8700000047683716,0.9150000214576721,769302848.0,972445824.0,3154435.0
2021-10-11,0.9229999780654907,0.9470000267028809,0.9020000100135803,0.9100000262260437,535519520.0,679576960.0,3154435.0
2021-10-12,0.8980000019073486,0.9229999780654907,0.8840000033378601,0.9120000004768372,474333056.0,596230912.0,3154435.0
2021-10-13,0.9129999876022339,0.9800000190734863,0.9079999923706055,0.9589999914169312,901734592.0,1170177664.0,3154435.0
2021-10-14,0.953000009059906,0.9789999723434448,0.9330000281333923,0.9570000171661377,567470656.0,739706688.0,3154435.0
2021-10-15,0.9399999976158142,0.9570000171661377,0.9229999780654907,0.9459999799728394,518923520.0,669393344.0,3154435.0
2021-10-18,0.925000011920929,0.925000011920929,0.8500000238418579,0.859000027179718,1343088512.0,1637555328.0,3154435.0
2021-10-19,0.8500000238418579,0.8899999856948853,0.8460000157356262,0.8799999952316284,757622592.0,928943168.0,3154435.0
2021-10-20,0.8880000114440918,0.9039999842643738,0.871999979019165,0.8889999985694885,432100032.0,534323968.0,3154435.0
2021-10-21,0.8899999856948853,0.8980000019073486,0.875,0.8949999809265137,361294848.0,447469216.0,3154435.0
2021-10-22,0.8989999890327454,0.9210000038146973,0.8880000114440918,0.906000018119812,443297376.0,556494976.0,3154435.0
2021-10-25,0.8999999761581421,0.9079999923706055,0.8870000243186951,0.8989999890327454,333852416.0,415749408.0,3154435.0
2021-10-26,0.8989999890327454,0.9200000166893005,0.8899999856948853,0.906000018119812,389918944.0,489506848.0,3154435.0
2021-10-27,0.8989999890327454,0.8989999890327454,0.8659999966621399,0.8730000257492065,539882368.0,662437184.0,3154435.0
2021-10-28,0.8769999742507935,0.8939999938011169,0.8740000128746033,0.8840000033378601,420042752.0,518911008.0,3154435.0
2021-10-29,0.8949999809265137,0.9160000085830688,0.8920000195503235,0.8960000276565552,472569568.0,591992576.0,3154435.0
2021-11-01,0.871999979019165,0.9049999713897705,0.8479999899864197,0.8859999775886536,416921888.0,512846432.0,3154435.0
2021-11-02,0.8799999952316284,0.8960000276565552,0.8550000190734863,0.8690000176429749,443813280.0,542908160.0,3154435.0
2021-11-03,0.8730000257492065,0.8769999742507935,0.8560000061988831,0.8600000143051147,281313056.0,342140864.0,3154435.0
2021-11-04,0.8650000095367432,0.9020000100135803,0.8619999885559082,0.8980000019073486,657739520.0,813273408.0,3154435.0
2021-11-05,0.8939999938011169,0.925000011920929,0.8939999938011169,0.9049999713897705,451737760.0,569148096.0,3154435.0
2021-11-08,0.9039999842643738,0.9139999747276306,0.8930000066757202,0.9020000100135803,262844256.0,328982112.0,3154435.0
2021-11-09,0.9010000228881836,0.9089999794960022,0.8870000243186951,0.8899999856948853,379110080.0,471648704.0,3154435.0
2021-11-10,0.8920000195503235,0.8960000276565552,0.8560000061988831,0.8659999966621399,549283968.0,669375168.0,3154435.0
2021-11-11,0.8659999966621399,0.8709999918937683,0.8529999852180481,0.8669999837875366,549364736.0,665376192.0,3154435.0
2021-11-12,0.871999979019165,0.875,0.8510000109672546,0.8529999852180481,526593504.0,636354368.0,3154435.0
2021-11-15,0.8539999723434448,0.8690000176429749,0.8510000109672546,0.8579999804496765,451569184.0,546405504.0,3154435.0
2021-11-16,0.8610000014305115,0.8970000147819519,0.859000027179718,0.8939999938011169,828753408.0,1022826496.0,3154435.0
2021-11-17,0.8889999985694885,0.9010000228881836,0.8769999742507935,0.890999972820282,472575776.0,585348864.0,3154435.0
2021-11-18,0.8859999775886536,0.8999999761581421,0.8790000081062317,0.8930000066757202,304463008.0,377650880.0,3154435.0
2021-11-19,0.8889999985694885,0.9240000247955322,0.8870000243186951,0.9089999794960022,501351488.0,631951168.0,3154435.0
2021-11-22,0.9100000262260437,0.9449999928474426,0.9089999794960022,0.9129999876022339,485313600.0,619596544.0,3154435.0
2021-11-23,0.9079999923706055,0.9290000200271606,0.9049999713897705,0.9179999828338623,298011424.0,377998112.0,3154435.0
2021-11-24,0.921999990940094,0.9629999995231628,0.9200000166893005,0.949999988079071,705748352.0,914820288.0,3154435.0
2021-11-25,0.9599999785423279,0.972000002861023,0.9399999976158142,0.9430000185966492,373921344.0,486647168.0,3154435.0
2021-11-26,0.9440000057220459,0.9470000267028809,0.9300000071525574,0.9390000104904175,291000224.0,374301696.0,3154435.0
2021-11-29,0.9300000071525574,0.9459999799728394,0.9279999732971191,0.9449999928474426,316821632.0,408006048.0,3154435.0
2021-11-30,0.9459999799728394,0.9490000009536743,0.9179999828338623,0.9229999780654907,392948096.0,501758464.0,3154435.0
2021-12-01,0.9359999895095825,0.9409999847412109,0.9190000295639038,0.9269999861717224,395870208.0,505034816.0,3154435.0
2021-12-02,0.9319999814033508,0.9449999928474426,0.9290000200271606,0.9380000233650208,290984384.0,374345440.0,3154435.0
2021-12-03,0.9399999976158142,0.9800000190734863,0.9369999766349792,0.9739999771118164,694249984.0,916037696.0,3154435.0
2021-12-06,0.9769999980926514,0.9850000143051147,0.9610000252723694,0.9729999899864197,467411264.0,619967360.0,3154435.0
2021-12-07,0.9789999723434448,0.996999979019165,0.968999981880188,0.9710000157356262,486657248.0,647869568.0,3154435.0
2021-12-08,0.9700000286102295,1.0210000276565552,0.9620000123977661,1.0190000534057617,629537280.0,851595712.0,3154435.0
2021-12-09,1.0260000228881836,1.0670000314712524,1.0180000066757202,1.0449999570846558,552935744.0,770680128.0,3154435.0
2021-12-10,1.034999966621399,1.0529999732971191,1.0199999809265137,1.0429999828338623,427778368.0,593155968.0,3154435.0
2021-12-13,1.0549999475479126,1.0820000171661377,1.0499999523162842,1.0520000457763672,419728768.0,593888768.0,3154435.0
2021-12-14,1.0440000295639038,1.0729999542236328,1.0369999408721924,1.062000036239624,319768512.0,450818656.0,3154435.0
2021-12-15,1.059000015258789,1.059000015258789,1.031999945640564,1.0429999828338623,376249024.0,524272352.0,3154435.0
2021-12-16,1.0420000553131104,1.0420000553131104,1.0019999742507935,1.0230000019073486,633627392.0,865529664.0,3154435.0
2021-12-17,1.0169999599456787,1.0169999599456787,0.9860000014305115,0.9900000095367432,529608160.0,713525696.0,3154435.0
2021-12-20,0.9850000143051147,1.0080000162124634,0.9819999933242798,0.9890000224113464,489829088.0,657980800.0,3154435.0
2021-12-21,0.9879999756813049,0.9980000257492065,0.9679999947547913,0.9900000095367432,419041984.0,558923456.0,3154435.0
2021-12-22,0.9869999885559082,1.0099999904632568,0.9829999804496765,0.9959999918937683,396033216.0,531809568.0,3154435.0
2021-12-23,0.9940000176429749,1.0269999504089355,0.9800000190734863,1.024999976158142,515275040.0,696233152.0,3154435.0
2021-12-24,1.0219999551773071,1.0479999780654907,1.0160000324249268,1.0230000019073486,724759616.0,1000932096.0,3154435.0
2021-12-27,1.0199999809265137,1.0269999504089355,0.9980000257492065,1.0099999904632568,408203040.0,555086720.0,3154435.0
2021-12-28,1.0110000371932983,1.0329999923706055,1.0110000371932983,1.027999997138977,376487680.0,517311328.0,3154435.0
2021-12-29,1.031000018119812,1.034000039100647,0.9750000238418579,0.9789999723434448,633340928.0,849851712.0,3154435.0
2021-12-30,0.968999981880188,0.9819999933242798,0.9580000042915344,0.9729999899864197,555710016.0,734117952.0,3154435.0
2021-12-31,0.9760000109672546,0.9760000109672546,0.9539999961853027,0.9649999737739563,673541184.0,647547648.0,-3154435.0
2022-01-04,0.9649999737739563,0.9660000205039978,0.9350000023841858,0.953000009059906,663357504.0,627009216.0,3154435.0
2022-01-05,0.9480000138282776,0.9629999995231628,0.9380000233650208,0.9449999928474426,579556736.0,549603776.0,3154435.0
2022-01-06,0.9459999799728394,0.9509999752044678,0.9200000166893005,0.9309999942779541,730334592.0,681871488.0,3154435.0
2022-01-07,0.9279999732971191,0.9330000281333923,0.9079999923706055,0.9120000004768372,536788160.0,492700832.0,3154435.0
2022-01-10,0.9049999713897705,0.9139999747276306,0.8849999904632568,0.9070000052452087,478577536.0,431160128.0,3154435.0
2022-01-11,0.9049999713897705,0.9100000262260437,0.8920000195503235,0.8949999809265137,390342112.0,351412928.0,3154435.0
2022-01-12,0.8980000019073486,0.9039999842643738,0.8939999938011169,0.902999997138977,479622624.0,431179168.0,3154435.0
2022-01-13,0.9010000228881836,0.9020000100135803,0.8690000176429749,0.8700000047683716,822155264.0,725672640.0,3154435.0
2022-01-14,0.8629999756813049,0.878000020980835,0.8629999756813049,0.8650000095367432,495605440.0,431472608.0,3154435.0
2022-01-17,0.8640000224113464,0.8709999918937683,0.8500000238418579,0.8700000047683716,552230848.0,476242816.0,3154435.0
2022-01-18,0.8700000047683716,0.8920000195503235,0.8629999756813049,0.8830000162124634,959307328.0,846773888.0,3154435.0
2022-01-19,0.8870000243186951,0.8880000114440918,0.8650000095367432,0.8730000257492065,686220480.0,599333888.0,3154435.0
2022-01-20,0.8700000047683716,0.8889999985694885,0.8679999709129333,0.8880000114440918,845402432.0,747510400.0,3154435.0
2022-01-21,0.8809999823570251,0.9089999794960022,0.8799999952316284,0.8999999761581421,799428544.0,719304256.0,3154435.0
2022-01-24,0.8920000195503235,0.9070000052452087,0.8859999775886536,0.8939999938011169,427497408.0,382639584.0,3154435.0
2022-01-25,0.8899999856948853,0.8949999809265137,0.8700000047683716,0.871999979019165,379407104.0,335188480.0,3154435.0
2022-01-26,0.8709999918937683,0.8899999856948853,0.8640000224113464,0.8790000081062317,423882048.0,372776800.0,3154435.0
2022-01-27,0.8880000114440918,0.8949999809265137,0.8669999837875366,0.8700000047683716,499937696.0,440560448.0,3154435.0
2022-01-28,0.8679999709129333,0.8730000257492065,0.8420000076293945,0.8450000286102295,416984576.0,357058752.0,3154435.0
2022-02-07,0.8510000109672546,0.8709999918937683,0.8360000252723694,0.843999981880188,496716800.0,423746624.0,3154435.0
2022-02-08,0.843999981880188,0.8450000286102295,0.8080000281333923,0.8199999928474426,507929664.0,416037824.0,3154435.0
2022-02-09,0.8199999928474426,0.8619999885559082,0.8169999718666077,0.8600000143051147,826885696.0,697440832.0,3154435.0
2022-02-10,0.8569999933242798,0.8619999885559082,0.8450000286102295,0.8510000109672546,418926816.0,356090272.0,3154435.0
2022-02-11,0.8450000286102295,0.878000020980835,0.843999981880188,0.8519999980926514,490055584.0,422919360.0,3154435.0
2022-02-14,0.8450000286102295,0.8730000257492065,0.8450000286102295,0.8659999966621399,400639840.0,346243200.0,3154435.0
2022-02-15,0.8659999966621399,0.8840000033378601,0.8650000095367432,0.8809999823570251,355272032.0,311389600.0,3154435.0
2022-02-16,0.8830000162124634,0.8899999856948853,0.8730000257492065,0.8849999904632568,323807232.0,285855520.0,3154435.0
2022-02-17,0.8849999904632568,0.8930000066757202,0.8769999742507935,0.8830000162124634,279219520.0,246674128.0,3154435.0
2022-02-18,0.8769999742507935,0.8899999856948853,0.8659999966621399,0.8880000114440918,314656896.0,277305184.0,3154435.0
2022-02-21,0.8880000114440918,0.8970000147819519,0.8809999823570251,0.8859999775886536,213489200.0,189553648.0,3154435.0
2022-02-22,0.8799999952316284,0.8799999952316284,0.859000027179718,0.8650000095367432,294778848.0,255194032.0,3154435.0
2022-02-23,0.8669999837875366,0.8769999742507935,0.859000027179718,0.8769999742507935,259160736.0,225497152.0,3154435.0
2022-02-24,0.8690000176429749,0.8709999918937683,0.8349999785423279,0.8429999947547913,535883008.0,455977600.0,3154435.0
2022-02-25,0.8489999771118164,0.8600000143051147,0.8460000157356262,0.8519999980926514,336303040.0,286945472.0,3154435.0
2022-02-28,0.8489999771118164,0.8560000061988831,0.8370000123977661,0.8539999723434448,318706144.0,270686048.0,3154435.0
2022-03-01,0.8579999804496765,0.8830000162124634,0.8569999933242798,0.8799999952316284,615381952.0,538441472.0,3154435.0
2022-03-02,0.8709999918937683,0.8740000128746033,0.8610000014305115,0.8700000047683716,508852960.0,441599808.0,3154435.0
2022-03-03,0.8709999918937683,0.8740000128746033,0.8410000205039978,0.8429999947547913,782231360.0,665030656.0,3154435.0
2022-03-04,0.8299999833106995,0.8450000286102295,0.824999988079071,0.8299999833106995,487222528.0,405596672.0,3154435.0
2022-03-07,0.8220000267028809,0.8230000138282776,0.7900000214576721,0.7929999828338623,555956928.0,445947520.0,3154435.0
2022-03-08,0.8069999814033508,0.8209999799728394,0.7879999876022339,0.7950000166893005,567310336.0,457219680.0,3154435.0
2022-03-09,0.796999990940094,0.8069999814033508,0.7609999775886536,0.7919999957084656,539314368.0,425769344.0,3154435.0
2022-03-10,0.8109999895095825,0.8270000219345093,0.8069999814033508,0.824999988079071,670595072.0,549352576.0,3154435.0
2022-03-11,0.8130000233650208,0.824999988079071,0.8009999990463257,0.8220000267028809,448538496.0,364743232.0,3154435.0
2022-03-14,0.8090000152587891,0.8100000023841858,0.7770000100135803,0.7799999713897705,759854592.0,598332736.0,3154435.0
2022-03-15,0.7609999775886536,0.7730000019073486,0.7369999885559082,0.7390000224113464,569558080.0,428970944.0,3154435.0
2022-03-16,0.7540000081062317,0.7639999985694885,0.722000002861023,0.7609999775886536,643262080.0,480453440.0,3154435.0
2022-03-17,0.7730000019073486,0.7990000247955322,0.7710000276565552,0.7839999794960022,711004928.0,556682880.0,3154435.0
2022-03-18,0.7789999842643738,0.7900000214576721,0.7720000147819519,0.7839999794960022,302715424.0,235984544.0,3154435.0
2022-03-21,0.7870000004768372,0.7900000214576721,0.7749999761581421,0.7820000052452087,238777904.0,186404944.0,3154435.0
2022-03-22,0.7799999713897705,0.7870000004768372,0.7699999809265137,0.7720000147819519,270364992.0,209747568.0,3154435.0
2022-03-23,0.7749999761581421,0.7900000214576721,0.7699999809265137,0.7850000262260437,436760448.0,341604992.0,3154435.0
2022-03-24,0.7770000100135803,0.7770000100135803,0.7620000243186951,0.7649999856948853,422893184.0,324367808.0,3154435.0
2022-03-25,0.7649999856948853,0.7689999938011169,0.7390000224113464,0.7440000176429749,450798272.0,338449568.0,3154435.0
2022-03-28,0.7269999980926514,0.7279999852180481,0.7089999914169312,0.7210000157356262,578222784.0,414030720.0,3154435.0
2022-03-29,0.722000002861023,0.7300000190734863,0.7089999914169312,0.7099999785423279,496767648.0,356413280.0,3154435.0
2022-03-30,0.718999981880188,0.7419999837875366,0.718999981880188,0.7419999837875366,563496000.0,411336704.0,3154435.0
2022-03-31,0.7369999885559082,0.7429999709129333,0.7319999933242798,0.7369999885559082,298539168.0,219950512.0,3154435.0
2022-04-01,0.7300000190734863,0.765999972820282,0.7300000190734863,0.7540000081062317,678422272.0,511280000.0,3154435.0
2022-04-06,0.7480000257492065,0.7570000290870667,0.7419999837875366,0.7480000257492065,369354400.0,276180928.0,3154435.0
2022-04-07,0.7419999837875366,0.7620000243186951,0.7400000095367432,0.746999979019165,447116288.0,336414912.0,3154435.0
2022-04-08,0.75,0.7559999823570251,0.7419999837875366,0.7429999709129333,313740128.0,234635024.0,3154435.0
2022-04-11,0.7350000143051147,0.7350000143051147,0.7080000042915344,0.7089999914169312,452219872.0,323772992.0,3154435.0
2022-04-12,0.7110000252723694,0.7570000290870667,0.7110000252723694,0.7559999823570251,668527040.0,490743328.0,3154435.0
2022-04-13,0.7480000257492065,0.765999972820282,0.7440000176429749,0.753000020980835,432687968.0,327148128.0,3154435.0
2022-04-14,0.7639999985694885,0.7990000247955322,0.7599999904632568,0.7889999747276306,809913152.0,634324032.0,3154435.0
2022-04-15,0.7829999923706055,0.796999990940094,0.777999997138977,0.7839999794960022,530412512.0,417846176.0,3154435.0
2022-04-18,0.7799999713897705,0.7829999923706055,0.7680000066757202,0.7829999923706055,406846208.0,315668032.0,3154435.0
2022-04-19,0.7850000262260437,0.796999990940094,0.7689999938011169,0.7739999890327454,461912192.0,361343392.0,3154435.0
2022-04-20,0.7770000100135803,0.7950000166893005,0.7620000243186951,0.781000018119812,719976384.0,562220608.0,3154435.0
2022-04-21,0.7739999890327454,0.7870000004768372,0.7649999856948853,0.7689999938011169,448898080.0,347670528.0,3154435.0
2022-04-22,0.7609999775886536,0.7770000100135803,0.7540000081062317,0.7720000147819519,465079904.0,356911552.0,3154435.0
2022-04-25,0.7549999952316284,0.7609999775886536,0.7239999771118164,0.7279999852180481,639136128.0,476531680.0,3154435.0
2022-04-26,0.7319999933242798,0.7599999904632568,0.7289999723434448,0.7440000176429749,583036032.0,434570880.0,3154435.0
2022-04-27,0.7419999837875366,0.7620000243186951,0.7419999837875366,0.7609999775886536,790953728.0,597048640.0,3154435.0
2022-04-28,0.7599999904632568,0.7799999713897705,0.7549999952316284,0.777999997138977,1011564352.0,781615680.0,3154435.0
2022-04-29,0.7900000214576721,0.7960000038146973,0.7670000195503235,0.7839999794960022,705874176.0,551240768.0,3154435.0
2022-05-05,0.7799999713897705,0.8009999990463257,0.7770000100135803,0.7829999923706055,579512832.0,457339520.0,3154435.0
2022-05-06,0.7689999938011169,0.7710000276565552,0.7490000128746033,0.753000020980835,578029824.0,436950048.0,3154435.0
2022-05-09,0.7429999709129333,0.7450000047683716,0.7279999852180481,0.7390000224113464,668290368.0,491352832.0,3154435.0
2022-05-10,0.7269999980926514,0.7519999742507935,0.718999981880188,0.7490000128746033,769775168.0,570428544.0,3154435.0
2022-05-11,0.7490000128746033,0.7710000276565552,0.7450000047683716,0.7609999775886536,642527360.0,489871808.0,3154435.0
2022-05-12,0.7559999823570251,0.7799999713897705,0.7540000081062317,0.7699999809265137,501128512.0,385784576.0,3154435.0
2022-05-13,0.7720000147819519,0.7789999842643738,0.7609999775886536,0.7670000195503235,371149344.0,285135616.0,3154435.0
2022-05-16,0.7730000019073486,0.7749999761581421,0.7549999952316284,0.7609999775886536,404836192.0,309134592.0,3154435.0
2022-05-17,0.7649999856948853,0.7699999809265137,0.7580000162124634,0.7689999938011169,341105728.0,260987232.0,3154435.0
2022-05-18,0.7689999938011169,0.7689999938011169,0.7509999871253967,0.7609999775886536,447569152.0,339581440.0,3154435.0
2022-05-19,0.746999979019165,0.7540000081062317,0.7459999918937683,0.7509999871253967,442269152.0,331732544.0,3154435.0
2022-05-20,0.7549999952316284,0.7870000004768372,0.7549999952316284,0.7839999794960022,977869568.0,759800960.0,3154435.0
2022-05-23,0.7860000133514404,0.7860000133514404,0.7689999938011169,0.7739999890327454,610992576.0,473613696.0,3154435.0
2022-05-24,0.7749999761581421,0.7770000100135803,0.7559999823570251,0.7570000290870667,601471616.0,459095616.0,3154435.0
2022-05-25,0.7559999823570251,0.7630000114440918,0.7450000047683716,0.7549999952316284,827006592.0,621759104.0,3154435.0
2022-05-26,0.7540000081062317,0.7649999856948853,0.7440000176429749,0.7570000290870667,759760064.0,573420992.0,3154435.0
2022-05-27,0.7639999985694885,0.7720000147819519,0.7559999823570251,0.7599999904632568,743950912.0,569244544.0,3154435.0
2022-05-30,0.7699999809265137,0.7900000214576721,0.765999972820282,0.7870000004768372,1042773696.0,814603968.0,3154435.0
2022-05-31,0.7820000052452087,0.8159999847412109,0.781000018119812,0.8109999895095825,970040256.0,779769728.0,3154435.0
2022-06-01,0.8119999766349792,0.8159999847412109,0.8009999990463257,0.8080000281333923,538131264.0,434785088.0,3154435.0
2022-06-02,0.8019999861717224,0.8100000023841858,0.800000011920929,0.8019999861717224,591225152.0,474701856.0,3154435.0
2022-06-06,0.8040000200271606,0.8159999847412109,0.7879999876022339,0.8149999976158142,867765888.0,698343808.0,3154435.0
2022-06-07,0.8149999976158142,0.8349999785423279,0.8100000023841858,0.8259999752044678,1141668864.0,943979712.0,3154435.0
2022-06-08,0.824999988079071,0.8489999771118164,0.8230000138282776,0.8399999737739563,963920384.0,806896896.0,3154435.0
2022-06-09,0.8379999995231628,0.8489999771118164,0.8240000009536743,0.824999988079071,566349504.0,471690304.0,3154435.0
2022-06-10,0.8180000185966492,0.8389999866485596,0.8159999847412109,0.8370000123977661,586744832.0,485994784.0,3154435.0
2022-06-13,0.828000009059906,0.8309999704360962,0.8130000233650208,0.8209999799728394,657294720.0,539658688.0,3154435.0
2022-06-14,0.8119999766349792,0.8339999914169312,0.8080000281333923,0.8330000042915344,579604224.0,476705216.0,3154435.0
2022-06-15,0.8339999914169312,0.8510000109672546,0.8240000009536743,0.8379999995231628,951895168.0,798896128.0,3154435.0
2022-06-16,0.8429999947547913,0.8550000190734863,0.8339999914169312,0.8379999995231628,647100224.0,545692096.0,3154435.0
2022-06-17,0.8309999704360962,0.8610000014305115,0.8289999961853027,0.8600000143051147,837824832.0,712612480.0,3154435.0
2022-06-20,0.8629999756813049,0.8859999775886536,0.8529999852180481,0.875,763608576.0,663752768.0,3154435.0
2022-06-21,0.8700000047683716,0.8859999775886536,0.8640000224113464,0.8700000047683716,733397568.0,642085632.0,3154435.0
2022-06-22,0.8730000257492065,0.875,0.8550000190734863,0.8569999933242798,531756576.0,458923808.0,3154435.0
2022-06-23,0.8579999804496765,0.8700000047683716,0.8519999980926514,0.8659999966621399,606095360.0,522222816.0,3154435.0
2022-06-24,0.8679999709129333,0.8859999775886536,0.8640000224113464,0.8820000290870667,783596416.0,687596544.0,3154435.0
2022-06-27,0.8880000114440918,0.9110000133514404,0.8870000243186951,0.9010000228881836,777029312.0,701152000.0,3154435.0
2022-06-28,0.9020000100135803,0.9089999794960022,0.8930000066757202,0.9079999923706055,529334080.0,477936704.0,3154435.0
2022-06-29,0.9039999842643738,0.9129999876022339,0.8920000195503235,0.8970000147819519,777046720.0,699237568.0,3154435.0
2022-06-30,0.9010000228881836,0.9440000057220459,0.8989999890327454,0.9330000281333923,1016811520.0,944209664.0,3154435.0
2022-07-01,0.9340000152587891,0.9380000233650208,0.9129999876022339,0.9259999990463257,839274560.0,773276736.0,3154435.0
2022-07-04,0.9190000295639038,0.9240000247955322,0.906000018119812,0.921999990940094,679133696.0,623273472.0,3154435.0
2022-07-05,0.921999990940094,0.9309999942779541,0.9020000100135803,0.9129999876022339,797940928.0,729053888.0,3154435.0
2022-07-06,0.9079999923706055,0.9110000133514404,0.8799999952316284,0.8880000114440918,1025737920.0,915572224.0,3154435.0
2022-07-07,0.8849999904632568,0.8920000195503235,0.8709999918937683,0.8870000243186951,763849216.0,674359040.0,3154435.0
2022-07-08,0.8920000195503235,0.9020000100135803,0.8849999904632568,0.890999972820282,692259136.0,618941760.0,3154435.0
2022-07-11,0.8809999823570251,0.8830000162124634,0.8619999885559082,0.8709999918937683,742441280.0,645681664.0,3154435.0
2022-07-12,0.8669999837875366,0.878000020980835,0.8560000061988831,0.8629999756813049,740422144.0,640521600.0,3154435.0
2022-07-13,0.8640000224113464,0.875,0.8600000143051147,0.8700000047683716,640645376.0,557283840.0,3154435.0
2022-07-14,0.8659999966621399,0.8730000257492065,0.8569999933242798,0.8629999756813049,712097408.0,616493440.0,3154435.0
2022-07-15,0.8610000014305115,0.8880000114440918,0.8569999933242798,0.8659999966621399,996519936.0,871705664.0,3154435.0
2022-07-18,0.8619999885559082,0.8669999837875366,0.8410000205039978,0.8610000014305115,830693632.0,709575872.0,3154435.0
2022-07-19,0.8579999804496765,0.8650000095367432,0.8510000109672546,0.8619999885559082,611863168.0,524844192.0,3154435.0
2022-07-20,0.8650000095367432,0.8740000128746033,0.8640000224113464,0.8679999709129333,767947840.0,667043584.0,3154435.0
2022-07-21,0.8619999885559082,0.8700000047683716,0.8560000061988831,0.8569999933242798,533276704.0,460163008.0,3154435.0
2022-07-22,0.8640000224113464,0.8669999837875366,0.8489999771118164,0.8529999852180481,540764288.0,463727392.0,3154435.0
2022-07-25,0.8519999980926514,0.8650000095367432,0.843999981880188,0.8629999756813049,623644288.0,534316416.0,3154435.0
2022-07-26,0.8640000224113464,0.8799999952316284,0.8629999756813049,0.8709999918937683,666671232.0,582135296.0,3154435.0
2022-07-27,0.8679999709129333,0.8679999709129333,0.8550000190734863,0.8560000061988831,596297472.0,513140352.0,3154435.0
2022-07-28,0.859000027179718,0.8659999966621399,0.8519999980926514,0.8539999723434448,586434496.0,503147808.0,3154435.0
2022-07-29,0.8500000238418579,0.8510000109672546,0.8209999799728394,0.824999988079071,1068250176.0,890527488.0,3154435.0
2022-08-01,0.8240000009536743,0.8450000286102295,0.8240000009536743,0.8379999995231628,811195648.0,679742400.0,3154435.0
2022-08-02,0.8289999961853027,0.8389999866485596,0.8209999799728394,0.8259999752044678,627895296.0,520322752.0,3154435.0
2022-08-03,0.8299999833106995,0.8379999995231628,0.8220000267028809,0.824999988079071,517565088.0,428980384.0,3154435.0
2022-08-04,0.828000009059906,0.8420000076293945,0.8240000009536743,0.8410000205039978,596311168.0,496887616.0,3154435.0
2022-08-05,0.8410000205039978,0.847000002861023,0.8339999914169312,0.843999981880188,587786176.0,493704992.0,3154435.0
2022-08-08,0.8389999866485596,0.8489999771118164,0.8349999785423279,0.8389999866485596,467124672.0,392817344.0,3154435.0
2022-08-09,0.8360000252723694,0.8399999737739563,0.8309999704360962,0.8379999995231628,375350336.0,313514304.0,3154435.0
2022-08-10,0.8370000123977661,0.8429999947547913,0.8209999799728394,0.824999988079071,727995904.0,603186368.0,3154435.0
2022-08-11,0.8289999961853027,0.8399999737739563,0.8259999752044678,0.8399999737739563,698952064.0,582968768.0,3154435.0
2022-08-12,0.8379999995231628,0.8519999980926514,0.8360000252723694,0.8489999771118164,785606272.0,663430016.0,3154435.0
2022-08-15,0.843999981880188,0.8519999980926514,0.8370000123977661,0.8389999866485596,635298176.0,534617440.0,3154435.0
2022-08-16,0.8410000205039978,0.8450000286102295,0.8330000042915344,0.8339999914169312,523420992.0,437769024.0,3154435.0
2022-08-17,0.8360000252723694,0.843999981880188,0.8259999752044678,0.8420000076293945,590633472.0,493799136.0,3154435.0
2022-08-18,0.8370000123977661,0.8379999995231628,0.8230000138282776,0.828000009059906,966847808.0,800054016.0,3154435.0
2022-08-19,0.824999988079071,0.8339999914169312,0.8209999799728394,0.8240000009536743,533040160.0,441029472.0,3154435.0
2022-08-22,0.8220000267028809,0.8309999704360962,0.8169999718666077,0.828000009059906,517659392.0,427636192.0,3154435.0
2022-08-23,0.8259999752044678,0.8289999961853027,0.8119999766349792,0.8149999976158142,795232576.0,649385472.0,3154435.0
2022-08-24,0.8140000104904175,0.8199999928474426,0.8059999942779541,0.8080000281333923,707232768.0,574658176.0,3154435.0
2022-08-25,0.8109999895095825,0.8270000219345093,0.8090000152587891,0.8259999752044678,919552256.0,753425280.0,3154435.0
2022-08-26,0.8320000171661377,0.8529999852180481,0.8320000171661377,0.8389999866485596,1122497408.0,946000768.0,3154435.0
2022-08-29,0.8349999785423279,0.8460000157356262,0.8259999752044678,0.8270000219345093,691912128.0,575570816.0,3154435.0
2022-08-30,0.8270000219345093,0.828000009059906,0.8149999976158142,0.8230000138282776,640745920.0,525735584.0,3154435.0
2022-08-31,0.8199999928474426,0.8450000286102295,0.8180000185966492,0.8410000205039978,1000078080.0,837284544.0,3154435.0
2022-09-01,0.8379999995231628,0.8379999995231628,0.8259999752044678,0.8259999752044678,806358272.0,670006144.0,3154435.0
2022-09-02,0.8270000219345093,0.8289999961853027,0.8080000281333923,0.8130000233650208,982291392.0,799817472.0,3154435.0
2022-09-05,0.8080000281333923,0.8080000281333923,0.7879999876022339,0.7950000166893005,1076103040.0,854390208.0,3154435.0
2022-09-06,0.7960000038146973,0.8019999861717224,0.7900000214576721,0.800000011920929,634240000.0,505082112.0,3154435.0
2022-09-07,0.796999990940094,0.796999990940094,0.7870000004768372,0.7900000214576721,737419904.0,582630848.0,3154435.0
2022-09-08,0.7910000085830688,0.8019999861717224,0.7910000085830688,0.7919999957084656,611732992.0,486916928.0,3154435.0
2022-09-09,0.7929999828338623,0.8019999861717224,0.7879999876022339,0.8009999990463257,660382016.0,527352864.0,3154435.0
2022-09-13,0.8069999814033508,0.8169999718666077,0.800000011920929,0.8119999766349792,784806656.0,636351360.0,3154435.0
2022-09-14,0.8019999861717224,0.8090000152587891,0.8009999990463257,0.8040000200271606,451995168.0,363809856.0,3154435.0
2022-09-15,0.8050000071525574,0.8169999718666077,0.8029999732971191,0.8090000152587891,621588480.0,504311936.0,3154435.0
2022-09-16,0.8059999942779541,0.8119999766349792,0.7910000085830688,0.7919999957084656,554436480.0,442174528.0,3154435.0
2022-09-19,0.7900000214576721,0.8109999895095825,0.7829999923706055,0.800000011920929,505084544.0,403364384.0,3154435.0
2022-09-20,0.8019999861717224,0.8130000233650208,0.7950000166893005,0.8109999895095825,581108416.0,469282176.0,3154435.0
2022-09-21,0.8080000281333923,0.8159999847412109,0.8009999990463257,0.8029999732971191,443330304.0,357616320.0,3154435.0
2022-09-22,0.7990000247955322,0.8019999861717224,0.7910000085830688,0.7910000085830688,447422912.0,355458560.0,3154435.0
2022-09-23,0.7900000214576721,0.8029999732971191,0.7900000214576721,0.7960000038146973,515814912.0,411088288.0,3154435.0
2022-09-26,0.7900000214576721,0.8159999847412109,0.7879999876022339,0.8090000152587891,751193856.0,607859008.0,3154435.0
2022-09-27,0.8119999766349792,0.8379999995231628,0.8029999732971191,0.8379999995231628,770627584.0,634828416.0,3154435.0
2022-09-28,0.8349999785423279,0.8450000286102295,0.8289999961853027,0.8299999833106995,596740096.0,498892672.0,3154435.0
2022-09-29,0.8389999866485596,0.8410000205039978,0.8220000267028809,0.828000009059906,591998080.0,492081120.0,3154435.0
2022-09-30,0.8330000042915344,0.8410000205039978,0.8240000009536743,0.824999988079071,515211936.0,428029120.0,3154435.0
2022-10-10,0.824999988079071,0.8259999752044678,0.777999997138977,0.7789999842643738,759208896.0,605861952.0,3154435.0
2022-10-11,0.7789999842643738,0.7860000133514404,0.7630000114440918,0.7839999794960022,515691616.0,400259680.0,3154435.0
2022-10-12,0.7829999923706055,0.7829999923706055,0.753000020980835,0.777999997138977,740312448.0,566864384.0,3154435.0
2022-10-13,0.7699999809265137,0.7760000228881836,0.7609999775886536,0.7649999856948853,539779968.0,414415712.0,3154435.0
2022-10-14,0.7699999809265137,0.7870000004768372,0.765999972820282,0.7829999923706055,732401856.0,570968128.0,3154435.0
2022-10-17,0.7770000100135803,0.7789999842643738,0.7630000114440918,0.7710000276565552,609405312.0,468645280.0,3154435.0
2022-10-18,0.7749999761581421,0.7799999713897705,0.7639999985694885,0.7670000195503235,708805824.0,545431296.0,3154435.0
2022-10-19,0.7630000114440918,0.7639999985694885,0.7400000095367432,0.7419999837875366,1042540864.0,780284864.0,3154435.0
2022-10-20,0.734000027179718,0.7580000162124634,0.7300000190734863,0.7490000128746033,819564992.0,610621888.0,3154435.0
2022-10-21,0.7459999918937683,0.746999979019165,0.7329999804496765,0.7369999885559082,583757312.0,432042080.0,3154435.0
2022-10-24,0.7269999980926514,0.7289999723434448,0.6909999847412109,0.6949999928474426,1668343168.0,1175585664.0,3154435.0
2022-10-25,0.6840000152587891,0.703000009059906,0.6819999814033508,0.6919999718666077,866556736.0,599910592.0,3154435.0
2022-10-26,0.6949999928474426,0.7080000042915344,0.6909999847412109,0.6949999928474426,855834944.0,596586816.0,3154435.0
2022-10-27,0.6970000267028809,0.6990000009536743,0.6620000004768372,0.6639999747276306,1338249216.0,905839232.0,3154435.0
2022-10-28,0.6610000133514404,0.6729999780654907,0.6549999713897705,0.6579999923706055,974058240.0,646820160.0,3154435.0
2022-10-31,0.6510000228881836,0.6600000262260437,0.640999972820282,0.6499999761581421,859472256.0,559501440.0,3154435.0
2022-11-01,0.6549999713897705,0.6949999928474426,0.6549999713897705,0.6940000057220459,1666937856.0,1126833408.0,3154435.0
2022-11-02,0.6899999976158142,0.7239999771118164,0.6850000023841858,0.7089999914169312,1429319424.0,1007723712.0,3154435.0
2022-11-03,0.6980000138282776,0.7049999833106995,0.6949999928474426,0.7020000219345093,586298560.0,410089152.0,3154435.0
2022-11-04,0.699999988079071,0.7450000047683716,0.6980000138282776,0.7360000014305115,1319208576.0,963334400.0,3154435.0
2022-11-07,0.7279999852180481,0.7429999709129333,0.7229999899864197,0.7400000095367432,834851392.0,613675200.0,3154435.0
2022-11-08,0.7379999756813049,0.7450000047683716,0.7210000157356262,0.7279999852180481,576079168.0,420274880.0,3154435.0
2022-11-09,0.7279999852180481,0.7329999804496765,0.7139999866485596,0.7160000205039978,664935296.0,478327168.0,3154435.0
2022-11-10,0.7110000252723694,0.7289999723434448,0.7099999785423279,0.7269999980926514,699511296.0,504992480.0,3154435.0
2022-11-11,0.75,0.7549999952316284,0.7329999804496765,0.7459999918937683,1004118272.0,746267776.0,3154435.0
2022-11-14,0.7490000128746033,0.7630000114440918,0.7360000014305115,0.7390000224113464,852098560.0,636273856.0,3154435.0
2022-11-15,0.7379999756813049,0.765999972820282,0.7329999804496765,0.7580000162124634,1006917504.0,758456064.0,3154435.0
2022-11-16,0.7549999952316284,0.7699999809265137,0.7509999871253967,0.7599999904632568,605771200.0,461262528.0,3154435.0
2022-11-17,0.7580000162124634,0.7649999856948853,0.7440000176429749,0.753000020980835,608440320.0,457141216.0,3154435.0
2022-11-18,0.7549999952316284,0.7630000114440918,0.75,0.753000020980835,574673088.0,434024864.0,3154435.0
2022-11-21,0.7440000176429749,0.7440000176429749,0.7269999980926514,0.734000027179718,608514304.0,445441728.0,3154435.0
2022-11-22,0.7329999804496765,0.7490000128746033,0.7310000061988831,0.7360000014305115,582063744.0,429567552.0,3154435.0
2022-11-23,0.7329999804496765,0.7390000224113464,0.7300000190734863,0.7319999933242798,495103104.0,362968544.0,3154435.0
2022-11-24,0.7350000143051147,0.7409999966621399,0.7200000286102295,0.7250000238418579,576326016.0,418408608.0,3154435.0
2022-11-25,0.7250000238418579,0.7279999852180481,0.7160000205039978,0.7239999771118164,615787520.0,444014976.0,3154435.0
2022-11-28,0.7089999914169312,0.7260000109672546,0.6970000267028809,0.7239999771118164,775099584.0,549818176.0,3154435.0
2022-11-29,0.7350000143051147,0.7590000033378601,0.734000027179718,0.7580000162124634,1198337024.0,894725184.0,3154435.0
2022-11-30,0.7519999742507935,0.7630000114440918,0.7480000257492065,0.7540000081062317,522060448.0,393695104.0,3154435.0
2022-12-01,0.7799999713897705,0.7990000247955322,0.7770000100135803,0.777999997138977,1432083200.0,1125443968.0,3154435.0
2022-12-02,0.7789999842643738,0.7919999957084656,0.7739999890327454,0.7799999713897705,617850624.0,483114080.0,3154435.0
2022-12-05,0.7950000166893005,0.800000011920929,0.7879999876022339,0.7950000166893005,646628160.0,513904160.0,3154435.0
2022-12-06,0.7900000214576721,0.8370000123977661,0.7879999876022339,0.8180000185966492,1063721472.0,872630016.0,3154435.0
2022-12-07,0.8149999976158142,0.8339999914169312,0.8069999814033508,0.8169999718666077,811983424.0,664747008.0,3154435.0
2022-12-08,0.8149999976158142,0.8270000219345093,0.8080000281333923,0.8220000267028809,586785088.0,480046368.0,3154435.0
2022-12-09,0.8209999799728394,0.8500000238418579,0.8149999976158142,0.8500000238418579,963745280.0,805161024.0,3154435.0
2022-12-12,0.8450000286102295,0.8550000190734863,0.8330000042915344,0.8349999785423279,641467776.0,540579392.0,3154435.0
2022-12-13,0.8349999785423279,0.8500000238418579,0.8259999752044678,0.843999981880188,683625792.0,575006016.0,3154435.0
2022-12-14,0.8379999995231628,0.875,0.8379999995231628,0.8679999709129333,873200576.0,752775936.0,3154435.0
2022-12-15,0.875,0.8820000290870667,0.8560000061988831,0.859000027179718,736572288.0,636691968.0,3154435.0
2022-12-16,0.8529999852180481,0.8679999709129333,0.8500000238418579,0.8629999756813049,505213664.0,434518144.0,3154435.0
2022-12-19,0.8650000095367432,0.871999979019165,0.8479999899864197,0.8519999980926514,737472640.0,631587584.0,3154435.0
2022-12-20,0.8500000238418579,0.8500000238418579,0.8100000023841858,0.8199999928474426,822789376.0,679161600.0,3154435.0
2022-12-21,0.8220000267028809,0.8360000252723694,0.8220000267028809,0.8299999833106995,495571744.0,411525952.0,3154435.0
2022-12-22,0.8360000252723694,0.8650000095367432,0.8339999914169312,0.8519999980926514,759220672.0,646635072.0,3154435.0
2022-12-23,0.8450000286102295,0.8679999709129333,0.8399999737739563,0.8569999933242798,635003968.0,544247616.0,3154435.0
2022-12-26,0.8560000061988831,0.859000027179718,0.8420000076293945,0.8450000286102295,603270976.0,513138592.0,3154435.0
2022-12-27,0.8560000061988831,0.8659999966621399,0.8460000157356262,0.8610000014305115,667771520.0,573523968.0,3154435.0
2022-12-28,0.8560000061988831,0.8600000143051147,0.8460000157356262,0.8550000190734863,435447968.0,371291008.0,3154435.0
2022-12-29,0.8479999899864197,0.8500000238418579,0.8379999995231628,0.8460000157356262,626150784.0,529357952.0,3154435.0
2022-12-30,0.8510000109672546,0.8569999933242798,0.8450000286102295,0.8500000238418579,474091488.0,403426880.0,3154435.0
2023-01-03,0.8500000238418579,0.8539999723434448,0.8299999833106995,0.8379999995231628,653430592.0,546899392.0,3154435.0
2023-01-04,0.8370000123977661,0.8460000157356262,0.8299999833106995,0.8370000123977661,501693184.0,420545344.0,3154435.0
2023-01-05,0.8450000286102295,0.8840000033378601,0.8420000076293945,0.8809999823570251,1387465984.0,1210594432.0,3154435.0
2023-01-06,0.8799999952316284,0.8840000033378601,0.8659999966621399,0.8790000081062317,1222836224.0,1072283392.0,3154435.0
2023-01-09,0.8830000162124634,0.9049999713897705,0.875,0.902999997138977,877484608.0,782931008.0,3154435.0
2023-01-10,0.8989999890327454,0.9129999876022339,0.8939999938011169,0.9039999842643738,990263168.0,896829376.0,3154435.0
2023-01-11,0.9049999713897705,0.9100000262260437,0.8920000195503235,0.8999999761581421,774818688.0,698814208.0,3154435.0
2023-01-12,0.9020000100135803,0.9079999923706055,0.890999972820282,0.8939999938011169,462160064.0,414137792.0,3154435.0
2023-01-13,0.8939999938011169,0.9240000247955322,0.8939999938011169,0.9210000038146973,789874560.0,720766080.0,3154435.0
2023-01-16,0.9210000038146973,0.949999988079071,0.9210000038146973,0.9359999895095825,867924672.0,815914496.0,3154435.0
2023-01-17,0.9390000104904175,0.9399999976158142,0.9179999828338623,0.9240000247955322,757156288.0,701290944.0,3154435.0
2023-01-18,0.9269999861717224,0.9409999847412109,0.9139999747276306,0.9160000085830688,695040320.0,641214656.0,3154435.0
2023-01-19,0.9150000214576721,0.9179999828338623,0.9020000100135803,0.9139999747276306,634957184.0,578558080.0,3154435.0
2023-01-20,0.9179999828338623,0.9279999732971191,0.906000018119812,0.9089999794960022,547607296.0,501670144.0,3154435.0
2023-01-30,0.9290000200271606,0.9340000152587891,0.9110000133514404,0.9259999990463257,826533760.0,764538432.0,3154435.0
2023-01-31,0.9240000247955322,0.9290000200271606,0.8960000276565552,0.8989999890327454,695786624.0,630575296.0,3154435.0
2023-02-01,0.8999999761581421,0.906000018119812,0.8859999775886536,0.9039999842643738,901986624.0,810532480.0,3154435.0
2023-02-02,0.9079999923706055,0.921999990940094,0.8999999761581421,0.9139999747276306,615114368.0,560783488.0,3154435.0
2023-02-03,0.9049999713897705,0.9110000133514404,0.8899999856948853,0.906000018119812,809389824.0,728823808.0,3154435.0
2023-02-06,0.8870000243186951,0.8970000147819519,0.875,0.8899999856948853,1101376512.0,977164544.0,3154435.0
2023-02-07,0.8899999856948853,0.8989999890327454,0.8849999904632568,0.8889999985694885,442548096.0,394000736.0,3154435.0
2023-02-08,0.890999972820282,0.8930000066757202,0.8790000081062317,0.8820000290870667,571054208.0,504977664.0,3154435.0
2023-02-09,0.8809999823570251,0.9139999747276306,0.8799999952316284,0.9120000004768372,1047092992.0,950409984.0,3154435.0
2023-02-10,0.9120000004768372,0.921999990940094,0.9049999713897705,0.9169999957084656,626641088.0,573060224.0,3154435.0
2023-02-13,0.9139999747276306,0.9589999914169312,0.9129999876022339,0.9509999752044678,951821120.0,900111168.0,3154435.0
2023-02-14,0.9520000219345093,0.9599999785423279,0.9390000104904175,0.9449999928474426,425661888.0,402830336.0,3154435.0
2023-02-15,0.9459999799728394,0.9580000042915344,0.9399999976158142,0.9449999928474426,792298816.0,749764160.0,3154435.0
2023-02-16,0.9430000185966492,0.9679999947547913,0.9369999766349792,0.9520000219345093,822710016.0,785304384.0,3154435.0
2023-02-17,0.9470000267028809,0.9679999947547913,0.9359999895095825,0.9380000233650208,859740736.0,819040128.0,3154435.0
2023-02-20,0.9369999766349792,0.9610000252723694,0.9309999942779541,0.9599999785423279,738670464.0,700506112.0,3154435.0
2023-02-21,0.9599999785423279,0.9599999785423279,0.9390000104904175,0.9459999799728394,585875200.0,554171072.0,3154435.0
2023-02-22,0.9409999847412109,0.9570000171661377,0.9359999895095825,0.9440000057220459,473790304.0,448506240.0,3154435.0
2023-02-23,0.9440000057220459,0.949999988079071,0.9269999861717224,0.9330000281333923,616911104.0,576447360.0,3154435.0
2023-02-24,0.9330000281333923,0.9330000281333923,0.9110000133514404,0.9200000166893005,608225088.0,559131264.0,3154435.0
2023-02-27,0.9129999876022339,0.9369999766349792,0.9110000133514404,0.9319999814033508,492494176.0,456116832.0,3154435.0
2023-02-28,0.9340000152587891,0.9390000104904175,0.921999990940094,0.9319999814033508,418582304.0,389151808.0,3154435.0
2023-03-01,0.9319999814033508,0.9449999928474426,0.9229999780654907,0.9409999847412109,550042816.0,515238784.0,3154435.0
2023-03-02,0.9399999976158142,0.9430000185966492,0.9350000023841858,0.9380000233650208,463072512.0,434331808.0,3154435.0
2023-03-03,0.9419999718666077,0.949999988079071,0.9259999990463257,0.9309999942779541,631328064.0,590715520.0,3154435.0
2023-03-06,0.9309999942779541,0.9399999976158142,0.9179999828338623,0.9309999942779541,494239232.0,459596576.0,3154435.0
2023-03-07,0.9279999732971191,0.9319999814033508,0.9120000004768372,0.9129999876022339,431998624.0,398420192.0,3154435.0
2023-03-08,0.9079999923706055,0.9190000295639038,0.9020000100135803,0.9079999923706055,451691840.0,410026912.0,3154435.0
2023-03-09,0.9070000052452087,0.9120000004768372,0.8859999775886536,0.8999999761581421,626573824.0,563248896.0,3154435.0
2023-03-10,0.8920000195503235,0.9070000052452087,0.8859999775886536,0.8859999775886536,626640640.0,559255808.0,3154435.0
2023-03-13,0.8880000114440918,0.9100000262260437,0.8870000243186951,0.9039999842643738,532943712.0,481448480.0,3154435.0
2023-03-14,0.9049999713897705,0.9070000052452087,0.8859999775886536,0.8960000276565552,616284608.0,552556416.0,3154435.0
2023-03-15,0.9049999713897705,0.9070000052452087,0.8830000162124634,0.8849999904632568,481183232.0,429100576.0,3154435.0
2023-03-16,0.8809999823570251,0.8970000147819519,0.8759999871253967,0.8830000162124634,462528896.0,409600448.0,3154435.0
2023-03-17,0.890999972820282,0.8930000066757202,0.8650000095367432,0.8690000176429749,636294016.0,558126720.0,3154435.0
2023-03-20,0.8679999709129333,0.8700000047683716,0.8510000109672546,0.8569999933242798,497846112.0,427600928.0,3154435.0
2023-03-21,0.8610000014305115,0.8889999985694885,0.8560000061988831,0.8859999775886536,580142336.0,508519872.0,3154435.0
2023-03-22,0.8880000114440918,0.8999999761581421,0.8799999952316284,0.8820000290870667,577457408.0,514530560.0,3154435.0
2023-03-23,0.878000020980835,0.9020000100135803,0.8759999871253967,0.8920000195503235,767150464.0,685137408.0,3154435.0
2023-03-24,0.8920000195503235,0.902999997138977,0.8849999904632568,0.8920000195503235,490459616.0,438682080.0,3154435.0
2023-03-27,0.8939999938011169,0.8949999809265137,0.8799999952316284,0.8840000033378601,614609216.0,544528384.0,3154435.0
2023-03-28,0.8859999775886536,0.906000018119812,0.8859999775886536,0.902999997138977,658631296.0,592204288.0,3154435.0
2023-03-29,0.9079999923706055,0.9139999747276306,0.8980000019073486,0.9120000004768372,995693376.0,905336320.0,3154435.0
2023-03-30,0.9110000133514404,0.9259999990463257,0.9049999713897705,0.9240000247955322,1069976000.0,981583936.0,3154435.0
2023-03-31,0.9269999861717224,0.9390000104904175,0.9190000295639038,0.9200000166893005,662571008.0,614690944.0,3154435.0
2023-04-03,0.9190000295639038,0.9259999990463257,0.9079999923706055,0.9179999828338623,727099328.0,667282560.0,3154435.0
2023-04-04,0.9169999957084656,0.9269999861717224,0.9079999923706055,0.925000011920929,785947328.0,721215936.0,3154435.0
2023-04-06,0.9190000295639038,0.9240000247955322,0.9010000228881836,0.9039999842643738,969626176.0,882304640.0,3154435.0
2023-04-07,0.9020000100135803,0.9120000004768372,0.8939999938011169,0.8999999761581421,770786112.0,695367488.0,3154435.0
2023-04-10,0.8949999809265137,0.8949999809265137,0.8629999756813049,0.8849999904632568,1158563328.0,1014492672.0,3154435.0
2023-04-11,0.8799999952316284,0.8849999904632568,0.8659999966621399,0.8690000176429749,1114055680.0,972978560.0,3154435.0
2023-04-12,0.8690000176429749,0.8709999918937683,0.843999981880188,0.847000002861023,1157817088.0,987088704.0,3154435.0
2023-04-13,0.8450000286102295,0.8579999804496765,0.8389999866485596,0.8539999723434448,887988096.0,756085312.0,3154435.0
2023-04-14,0.8550000190734863,0.8579999804496765,0.8410000205039978,0.8429999947547913,747290112.0,633202048.0,3154435.0
2023-04-17,0.8489999771118164,0.8669999837875366,0.8479999899864197,0.8560000061988831,1026567616.0,879613824.0,3154435.0
2023-04-18,0.8560000061988831,0.8640000224113464,0.8529999852180481,0.8569999933242798,593668864.0,509454784.0,3154435.0
2023-04-19,0.8579999804496765,0.859000027179718,0.8460000157356262,0.8519999980926514,528311552.0,449933184.0,3154435.0
2023-04-20,0.8529999852180481,0.8539999723434448,0.8349999785423279,0.8389999866485596,681496704.0,574365504.0,3154435.0
2023-04-21,0.8420000076293945,0.8479999899864197,0.8320000171661377,0.8330000042915344,652048384.0,547491456.0,3154435.0
2023-04-24,0.8330000042915344,0.8339999914169312,0.8140000104904175,0.8169999718666077,710776256.0,583612352.0,3154435.0
2023-04-25,0.8209999799728394,0.8330000042915344,0.8130000233650208,0.8320000171661377,835098944.0,688858496.0,3154435.0
2023-04-26,0.8320000171661377,0.8370000123977661,0.8199999928474426,0.8320000171661377,609091968.0,505043264.0,3154435.0
2023-04-27,0.8289999961853027,0.8410000205039978,0.8220000267028809,0.8349999785423279,648607872.0,538231168.0,3154435.0
2023-04-28,0.8389999866485596,0.8489999771118164,0.8330000042915344,0.8399999737739563,758999168.0,638596672.0,3154435.0
2023-05-04,0.8429999947547913,0.8510000109672546,0.8259999752044678,0.828000009059906,648655808.0,542209728.0,3154435.0
2023-05-05,0.8289999961853027,0.8399999737739563,0.824999988079071,0.8370000123977661,503855296.0,419863872.0,3154435.0
2023-05-08,0.8399999737739563,0.8429999947547913,0.8240000009536743,0.824999988079071,711071616.0,589606400.0,3154435.0
2023-05-09,0.8230000138282776,0.8410000205039978,0.8159999847412109,0.828000009059906,685777472.0,568852928.0,3154435.0
2023-05-10,0.824999988079071,0.8259999752044678,0.8149999976158142,0.8190000057220459,468946560.0,384702784.0,3154435.0
2023-05-11,0.8220000267028809,0.8270000219345093,0.8149999976158142,0.8159999847412109,363772096.0,297996960.0,3154435.0
2023-05-12,0.8140000104904175,0.8209999799728394,0.8029999732971191,0.8040000200271606,525986304.0,425884064.0,3154435.0
2023-05-15,0.8019999861717224,0.8130000233650208,0.7979999780654907,0.8130000233650208,510218944.0,411584128.0,3154435.0
2023-05-16,0.8140000104904175,0.8149999976158142,0.8009999990463257,0.8050000071525574,506074816.0,407492800.0,3154435.0
2023-05-17,0.8029999732971191,0.8040000200271606,0.7919999957084656,0.7940000295639038,536942336.0,428163712.0,3154435.0
2023-05-18,0.7960000038146973,0.800000011920929,0.7879999876022339,0.7910000085830688,517766080.0,410898688.0,3154435.0
2023-05-19,0.7889999747276306,0.8059999942779541,0.7799999713897705,0.8040000200271606,902531456.0,718839424.0,3154435.0
2023-05-22,0.800000011920929,0.8309999704360962,0.7900000214576721,0.8259999752044678,1179436032.0,961934848.0,3154435.0
2023-05-23,0.8220000267028809,0.828000009059906,0.8109999895095825,0.8119999766349792,680849152.0,556400384.0,3154435.0
2023-05-24,0.8080000281333923,0.8090000152587891,0.796999990940094,0.7990000247955322,582118784.0,467851968.0,3154435.0
2023-05-25,0.7929999828338623,0.7979999780654907,0.7850000262260437,0.7900000214576721,600953792.0,475140288.0,3154435.0
2023-05-26,0.7910000085830688,0.7990000247955322,0.7820000052452087,0.7900000214576721,539186240.0,425460160.0,3154435.0
2023-05-29,0.7900000214576721,0.7940000295639038,0.777999997138977,0.7839999794960022,514198848.0,403445504.0,3154435.0
2023-05-30,0.7839999794960022,0.7879999876022339,0.7680000066757202,0.7749999761581421,632607936.0,490519424.0,3154435.0
2023-05-31,0.7689999938011169,0.7720000147819519,0.7519999742507935,0.7580000162124634,857428544.0,650857984.0,3154435.0
2023-06-01,0.7549999952316284,0.7789999842643738,0.7549999952316284,0.7620000243186951,725126336.0,556212416.0,3154435.0
2023-06-02,0.765999972820282,0.781000018119812,0.7590000033378601,0.781000018119812,804075136.0,621572864.0,3154435.0
2023-06-05,0.7760000228881836,0.7799999713897705,0.7620000243186951,0.7649999856948853,665502528.0,511584320.0,3154435.0
2023-06-06,0.7649999856948853,0.7749999761581421,0.7559999823570251,0.7620000243186951,644709504.0,493670560.0,3154435.0
2023-06-07,0.7639999985694885,0.7689999938011169,0.7490000128746033,0.75,580728320.0,439118016.0,3154435.0
2023-06-08,0.75,0.7620000243186951,0.746999979019165,0.7580000162124634,542703360.0,409423456.0,3154435.0
2023-06-09,0.7599999904632568,0.7639999985694885,0.753000020980835,0.7549999952316284,541926784.0,410114752.0,3154435.0
2023-06-12,0.7540000081062317,0.7870000004768372,0.75,0.781000018119812,934499840.0,720034624.0,3154435.0
2023-06-13,0.777999997138977,0.7919999957084656,0.7760000228881836,0.7870000004768372,828323648.0,650038592.0,3154435.0
2023-06-14,0.7900000214576721,0.8140000104904175,0.7889999747276306,0.8080000281333923,981146880.0,790939968.0,3154435.0
2023-06-15,0.8080000281333923,0.8240000009536743,0.8050000071525574,0.8209999799728394,759488576.0,618499200.0,3154435.0
2023-06-16,0.8230000138282776,0.8339999914169312,0.8190000057220459,0.8299999833106995,713116928.0,588979008.0,3154435.0
2023-06-19,0.8270000219345093,0.8309999704360962,0.8029999732971191,0.8109999895095825,806990976.0,657712192.0,3154435.0
2023-06-20,0.8080000281333923,0.8140000104904175,0.7960000038146973,0.800000011920929,587729344.0,472084544.0,3154435.0
2023-06-21,0.7979999780654907,0.8029999732971191,0.7870000004768372,0.7879999876022339,640121024.0,508491936.0,3154435.0
2023-06-26,0.7799999713897705,0.7820000052452087,0.7630000114440918,0.765999972820282,841354240.0,647044928.0,3154435.0
2023-06-27,0.7710000276565552,0.7799999713897705,0.7620000243186951,0.777999997138977,791836800.0,611691840.0,3154435.0
2023-06-28,0.7749999761581421,0.7860000133514404,0.7720000147819519,0.7799999713897705,692674048.0,539366016.0,3154435.0
2023-06-29,0.7789999842643738,0.7799999713897705,0.7630000114440918,0.7670000195503235,867715712.0,666512128.0,3154435.0
2023-06-30,0.7680000066757202,0.7720000147819519,0.7599999904632568,0.7639999985694885,583909568.0,446962304.0,3154435.0
2023-07-03,0.7649999856948853,0.7850000262260437,0.7590000033378601,0.7839999794960022,1062299136.0,826799680.0,3154435.0
2023-07-04,0.7820000052452087,0.7900000214576721,0.7760000228881836,0.7889999747276306,690960832.0,541817600.0,3154435.0
2023-07-05,0.7879999876022339,0.7889999747276306,0.7720000147819519,0.7749999761581421,842351232.0,653518144.0,3154435.0
2023-07-06,0.7710000276565552,0.7820000052452087,0.7649999856948853,0.7670000195503235,751210752.0,578906496.0,3154435.0
2023-07-07,0.7639999985694885,0.7699999809265137,0.7609999775886536,0.7639999985694885,490725792.0,375171904.0,3154435.0
2023-07-10,0.7680000066757202,0.777999997138977,0.7649999856948853,0.7680000066757202,624858176.0,481307520.0,3154435.0
2023-07-11,0.7710000276565552,0.7720000147819519,0.7630000114440918,0.7689999938011169,558874176.0,428611808.0,3154435.0
2023-07-12,0.7699999809265137,0.7760000228881836,0.7670000195503235,0.7689999938011169,599284672.0,462779104.0,3154435.0
2023-07-13,0.7749999761581421,0.800000011920929,0.7749999761581421,0.7990000247955322,1340311936.0,1060448384.0,3154435.0
2023-07-14,0.8009999990463257,0.8050000071525574,0.7910000085830688,0.7950000166893005,721996160.0,574496832.0,3154435.0
2023-07-17,0.7910000085830688,0.7919999957084656,0.7789999842643738,0.7850000262260437,730310208.0,571610112.0,3154435.0
2023-07-18,0.7870000004768372,0.7870000004768372,0.7789999842643738,0.7820000052452087,500109088.0,391138848.0,3154435.0
2023-07-19,0.777999997138977,0.7850000262260437,0.7730000019073486,0.7789999842643738,826590976.0,642882880.0,3154435.0
2023-07-20,0.781000018119812,0.7919999957084656,0.7749999761581421,0.7770000100135803,841766144.0,660978048.0,3154435.0
2023-07-21,0.7789999842643738,0.8019999861717224,0.7739999890327454,0.7950000166893005,1182214016.0,936551168.0,3154435.0
2023-07-24,0.7900000214576721,0.7910000085830688,0.7829999923706055,0.7860000133514404,874555904.0,687283712.0,3154435.0
2023-07-25,0.8090000152587891,0.8289999961853027,0.8059999942779541,0.8259999752044678,1736037504.0,1425212672.0,3154435.0
2023-07-26,0.8240000009536743,0.8320000171661377,0.8169999718666077,0.824999988079071,941493952.0,775372928.0,3154435.0
2023-07-27,0.8270000219345093,0.8450000286102295,0.8220000267028809,0.8330000042915344,1545781760.0,1292939136.0,3154435.0
2023-07-28,0.828000009059906,0.8539999723434448,0.8259999752044678,0.8519999980926514,1162607104.0,980144128.0,3154435.0
2023-07-31,0.859000027179718,0.8849999904632568,0.8479999899864197,0.8519999980926514,1598540672.0,1379212800.0,3154435.0
2023-08-01,0.8479999899864197,0.8610000014305115,0.8379999995231628,0.8429999947547913,1010164416.0,856049856.0,3154435.0
2023-08-02,0.8389999866485596,0.8489999771118164,0.8339999914169312,0.8399999737739563,697492224.0,585643904.0,3154435.0
2023-08-03,0.8370000123977661,0.8489999771118164,0.8289999961853027,0.847000002861023,998410560.0,839479936.0,3154435.0
2023-08-04,0.8560000061988831,0.8610000014305115,0.8450000286102295,0.847000002861023,907771008.0,773435264.0,3154435.0
2023-08-07,0.8410000205039978,0.8450000286102295,0.8309999704360962,0.8339999914169312,807668480.0,675498624.0,3154435.0
2023-08-08,0.8320000171661377,0.8420000076293945,0.828000009059906,0.8379999995231628,704173120.0,588188288.0,3154435.0
2023-08-09,0.8360000252723694,0.8399999737739563,0.8320000171661377,0.8389999866485596,770428864.0,644278016.0,3154435.0
2023-08-10,0.8370000123977661,0.8370000123977661,0.8259999752044678,0.8349999785423279,775703040.0,645617856.0,3154435.0
2023-08-11,0.8360000252723694,0.8379999995231628,0.8130000233650208,0.8140000104904175,740650368.0,610310912.0,3154435.0
2023-08-14,0.8040000200271606,0.8069999814033508,0.7940000295639038,0.8050000071525574,860213312.0,688947904.0,3154435.0
2023-08-15,0.8050000071525574,0.8090000152587891,0.7960000038146973,0.8040000200271606,684611776.0,549181056.0,3154435.0
2023-08-16,0.7990000247955322,0.8080000281333923,0.796999990940094,0.8019999861717224,596734208.0,479437440.0,3154435.0
2023-08-17,0.7979999780654907,0.8209999799728394,0.7950000166893005,0.8190000057220459,1041582080.0,845018176.0,3154435.0
2023-08-18,0.8180000185966492,0.8199999928474426,0.7990000247955322,0.800000011920929,692324992.0,558976384.0,3154435.0
2023-08-21,0.7960000038146973,0.8109999895095825,0.7929999828338623,0.800000011920929,720010560.0,577820736.0,3154435.0
2023-08-22,0.8029999732971191,0.8050000071525574,0.7879999876022339,0.7990000247955322,1196850560.0,951939200.0,3154435.0
2023-08-23,0.796999990940094,0.800000011920929,0.7839999794960022,0.7839999794960022,1029064896.0,813150912.0,3154435.0
2023-08-24,0.7879999876022339,0.8109999895095825,0.7850000262260437,0.8059999942779541,1070257024.0,855462080.0,3154435.0
2023-08-25,0.8009999990463257,0.8050000071525574,0.7960000038146973,0.8019999861717224,796649152.0,637457088.0,3154435.0
2023-08-28,0.8500000238418579,0.8519999980926514,0.796999990940094,0.8009999990463257,1615152512.0,1311027200.0,3154435.0
2023-08-29,0.7960000038146973,0.8169999718666077,0.7940000295639038,0.8140000104904175,1061026304.0,857956416.0,3154435.0
2023-08-30,0.8130000233650208,0.8180000185966492,0.8069999814033508,0.8109999895095825,788414464.0,639890560.0,3154435.0
2023-08-31,0.8090000152587891,0.8100000023841858,0.8019999861717224,0.8069999814033508,612003008.0,493232416.0,3154435.0
2023-09-01,0.8130000233650208,0.8259999752044678,0.8130000233650208,0.8209999799728394,984731968.0,808454656.0,3154435.0
2023-09-04,0.8289999961853027,0.8510000109672546,0.828000009059906,0.847000002861023,1321107968.0,1111268352.0,3154435.0
2023-09-05,0.8429999947547913,0.847000002861023,0.8339999914169312,0.8360000252723694,842583104.0,706213888.0,3154435.0
2023-09-06,0.8330000042915344,0.8379999995231628,0.8289999961853027,0.8360000252723694,568737088.0,473767968.0,3154435.0
2023-09-07,0.8320000171661377,0.8339999914169312,0.8199999928474426,0.8220000267028809,803723456.0,663330880.0,3154435.0
2023-09-08,0.8180000185966492,0.8240000009536743,0.8130000233650208,0.8180000185966492,584655488.0,477901728.0,3154435.0
2023-09-11,0.8169999718666077,0.8330000042915344,0.8130000233650208,0.824999988079071,718311872.0,591981696.0,3154435.0
2023-09-12,0.8230000138282776,0.8240000009536743,0.8169999718666077,0.8180000185966492,443552512.0,363901024.0,3154435.0
2023-09-13,0.8209999799728394,0.8299999833106995,0.8130000233650208,0.8209999799728394,805242944.0,659867264.0,3154435.0
2023-09-14,0.8199999928474426,0.8240000009536743,0.8090000152587891,0.8149999976158142,700081280.0,570225856.0,3154435.0
2023-09-15,0.8169999718666077,0.8190000057220459,0.8019999861717224,0.8029999732971191,888633408.0,719188352.0,3154435.0
2023-09-18,0.8029999732971191,0.8140000104904175,0.796999990940094,0.8119999766349792,626058688.0,506111712.0,3154435.0
2023-09-19,0.8100000023841858,0.8100000023841858,0.7979999780654907,0.8059999942779541,490318400.0,393582272.0,3154435.0
2023-09-20,0.8029999732971191,0.8059999942779541,0.800000011920929,0.800000011920929,280687904.0,225212352.0,3154435.0
2023-09-21,0.7990000247955322,0.7990000247955322,0.7850000262260437,0.7860000133514404,1033532224.0,814635648.0,3154435.0
2023-09-22,0.781000018119812,0.8019999861717224,0.781000018119812,0.8009999990463257,635479104.0,504407104.0,3154435.0
2023-09-25,0.800000011920929,0.8009999990463257,0.7919999957084656,0.7950000166893005,472696352.0,376233792.0,3154435.0
2023-09-26,0.7940000295639038,0.796999990940094,0.7850000262260437,0.7860000133514404,404859168.0,319336896.0,3154435.0
2023-09-27,0.7879999876022339,0.7960000038146973,0.7820000052452087,0.7879999876022339,565301120.0,444780512.0,3154435.0
2023-09-28,0.7900000214576721,0.7910000085830688,0.7770000100135803,0.777999997138977,501027360.0,390952928.0,3154435.0
2023-10-09,0.777999997138977,0.777999997138977,0.7639999985694885,0.7739999890327454,1328614144.0,1022487040.0,3154435.0
2023-10-10,0.777999997138977,0.7850000262260437,0.7649999856948853,0.7670000195503235,617921920.0,477677088.0,3154435.0
2023-10-11,0.7699999809265137,0.7730000019073486,0.7649999856948853,0.765999972820282,510163008.0,391656128.0,3154435.0
2023-10-12,0.7720000147819519,0.7749999761581421,0.7639999985694885,0.7680000066757202,643589568.0,494426720.0,3154435.0
2023-10-13,0.7620000243186951,0.7630000114440918,0.746999979019165,0.7509999871253967,661725952.0,498342016.0,3154435.0
2023-10-16,0.75,0.75,0.7369999885559082,0.7409999966621399,679603392.0,503936384.0,3154435.0
2023-10-17,0.7419999837875366,0.7450000047683716,0.7329999804496765,0.7400000095367432,519861440.0,384687008.0,3154435.0
2023-10-18,0.7379999756813049,0.7480000257492065,0.7350000143051147,0.7379999756813049,524755840.0,388746080.0,3154435.0
2023-10-19,0.7319999933242798,0.7319999933242798,0.7120000123977661,0.7139999866485596,1009558016.0,726324032.0,3154435.0
2023-10-20,0.7089999914169312,0.7229999899864197,0.7080000042915344,0.7110000252723694,800629696.0,571854208.0,3154435.0
2023-10-23,0.7080000042915344,0.7229999899864197,0.7049999833106995,0.7120000123977661,690736320.0,491211456.0,3154435.0
2023-10-24,0.7139999866485596,0.7210000157356262,0.7049999833106995,0.7160000205039978,668456448.0,476787904.0,3154435.0
2023-10-25,0.7289999723434448,0.7429999709129333,0.7289999723434448,0.7350000143051147,1099617280.0,808769856.0,3154435.0
2023-10-26,0.7279999852180481,0.7419999837875366,0.7269999980926514,0.7419999837875366,566498368.0,416941920.0,3154435.0
2023-10-27,0.7379999756813049,0.7540000081062317,0.7360000014305115,0.7509999871253967,654849280.0,489096096.0,3154435.0
2023-10-30,0.7490000128746033,0.7620000243186951,0.7480000257492065,0.7599999904632568,788737024.0,597501696.0,3154435.0
2023-10-31,0.7599999904632568,0.7630000114440918,0.753000020980835,0.7609999775886536,654362880.0,495734752.0,3154435.0
2023-11-01,0.800000011920929,0.8059999942779541,0.7739999890327454,0.7749999761581421,1628933248.0,1279775104.0,3154435.0
2023-11-02,0.7730000019073486,0.7770000100135803,0.7620000243186951,0.7620000243186951,525072416.0,402682016.0,3154435.0
2023-11-03,0.7639999985694885,0.7760000228881836,0.7609999775886536,0.7710000276565552,554161536.0,426860736.0,3154435.0
2023-11-06,0.7770000100135803,0.777999997138977,0.7639999985694885,0.7730000019073486,765395840.0,589210752.0,3154435.0
2023-11-07,0.7710000276565552,0.7710000276565552,0.7620000243186951,0.7670000195503235,530342208.0,405966624.0,3154435.0
2023-11-08,0.7639999985694885,0.7689999938011169,0.7599999904632568,0.7639999985694885,534068704.0,408319712.0,3154435.0
2023-11-09,0.7630000114440918,0.7680000066757202,0.7590000033378601,0.7649999856948853,408101440.0,311391584.0,3154435.0
2023-11-10,0.7599999904632568,0.7620000243186951,0.7509999871253967,0.7540000081062317,532251712.0,401622560.0,3154435.0
2023-11-13,0.7559999823570251,0.7570000290870667,0.7440000176429749,0.746999979019165,475194752.0,355555392.0,3154435.0
2023-11-14,0.7480000257492065,0.7549999952316284,0.7459999918937683,0.75,463901696.0,347880320.0,3154435.0
2023-11-15,0.7580000162124634,0.7599999904632568,0.7509999871253967,0.7549999952316284,711109568.0,537035136.0,3154435.0
2023-11-16,0.7549999952316284,0.7570000290870667,0.7459999918937683,0.7459999918937683,465753824.0,348926560.0,3154435.0
2023-11-17,0.7429999709129333,0.746999979019165,0.7379999756813049,0.7429999709129333,482891520.0,357899712.0,3154435.0
2023-11-20,0.7440000176429749,0.75,0.7360000014305115,0.7450000047683716,730088704.0,542674240.0,3154435.0
2023-11-21,0.7490000128746033,0.7599999904632568,0.7440000176429749,0.7570000290870667,903787456.0,682767104.0,3154435.0
2023-11-22,0.7540000081062317,0.7580000162124634,0.7490000128746033,0.75,513263200.0,386315296.0,3154435.0
2023-11-23,0.7480000257492065,0.7509999871253967,0.7419999837875366,0.7509999871253967,478154720.0,356858624.0,3154435.0
2023-11-24,0.75,0.753000020980835,0.7450000047683716,0.746999979019165,380550720.0,284753920.0,3154435.0
2023-11-27,0.746999979019165,0.7480000257492065,0.7310000061988831,0.7350000143051147,603026240.0,443702848.0,3154435.0
2023-11-28,0.7360000014305115,0.7409999966621399,0.7289999723434448,0.734000027179718,498880832.0,366247232.0,3154435.0
2023-11-29,0.7329999804496765,0.7350000143051147,0.7239999771118164,0.7350000143051147,460202944.0,336399200.0,3154435.0
2023-11-30,0.7329999804496765,0.7400000095367432,0.7300000190734863,0.7390000224113464,537193600.0,395908704.0,3154435.0
2023-12-01,0.7379999756813049,0.7379999756813049,0.722000002861023,0.7279999852180481,624359424.0,455186944.0,3154435.0
2023-12-04,0.7279999852180481,0.7279999852180481,0.7160000205039978,0.7170000076293945,567719168.0,408846944.0,3154435.0
2023-12-05,0.7139999866485596,0.7149999737739563,0.699999988079071,0.7009999752044678,582349056.0,412533472.0,3154435.0
2023-12-06,0.6980000138282776,0.7080000042915344,0.6959999799728394,0.7039999961853027,511813216.0,359944192.0,3154435.0
2023-12-07,0.703000009059906,0.703000009059906,0.6940000057220459,0.699999988079071,448924192.0,313384992.0,3154435.0
2023-12-08,0.7009999752044678,0.7070000171661377,0.6959999799728394,0.7039999961853027,561003392.0,394785952.0,3154435.0
2023-12-11,0.6940000057220459,0.6949999928474426,0.6779999732971191,0.6949999928474426,890357504.0,610187392.0,3154435.0
2023-12-12,0.6899999976158142,0.699999988079071,0.6880000233650208,0.6990000009536743,524111936.0,364258240.0,3154435.0
2023-12-13,0.6970000267028809,0.6970000267028809,0.6729999780654907,0.6740000247955322,1171100288.0,796322496.0,3154435.0
2023-12-14,0.6779999732971191,0.6809999942779541,0.6610000133514404,0.6620000004768372,744422528.0,497805344.0,3154435.0
2023-12-15,0.6639999747276306,0.6779999732971191,0.6629999876022339,0.6650000214576721,765457600.0,511607360.0,3154435.0
2023-12-18,0.6610000133514404,0.6679999828338623,0.656000018119812,0.6620000004768372,397797600.0,263800096.0,3154435.0
2023-12-19,0.6629999876022339,0.6679999828338623,0.6570000052452087,0.6650000214576721,419952096.0,278140992.0,3154435.0
2023-12-20,0.6650000214576721,0.6669999957084656,0.6539999842643738,0.6549999713897705,560672384.0,369442912.0,3154435.0
2023-12-21,0.6510000228881836,0.6700000166893005,0.6499999761581421,0.6679999828338623,727232320.0,481978912.0,3154435.0
2023-12-22,0.6679999828338623,0.671999990940094,0.6610000133514404,0.6660000085830688,586425536.0,390329568.0,3154435.0
2023-12-25,0.6639999747276306,0.671999990940094,0.6629999876022339,0.671999990940094,508260512.0,339925312.0,3154435.0
2023-12-26,0.671999990940094,0.671999990940094,0.6629999876022339,0.6679999828338623,356264096.0,237206896.0,3154435.0
2023-12-27,0.6669999957084656,0.6710000038146973,0.6610000133514404,0.6669999957084656,573292608.0,381624768.0,3154435.0
2023-12-28,0.6669999957084656,0.6990000009536743,0.6650000214576721,0.6949999928474426,1202940800.0,824134528.0,3154435.0
2023-12-29,0.6930000185966492,0.699999988079071,0.6869999766349792,0.6919999718666077,685472768.0,475104352.0,3154435.0
2024-01-02,0.6899999976158142,0.6909999847412109,0.671999990940094,0.6729999780654907,710615680.0,480991840.0,3154435.0
2024-01-03,0.6710000038146973,0.6759999990463257,0.6639999747276306,0.6690000295639038,626206528.0,418464928.0,3154435.0
2024-01-04,0.6690000295639038,0.6690000295639038,0.6520000100135803,0.656000018119812,903361408.0,592725376.0,3154435.0
2024-01-05,0.652999997138977,0.6589999794960022,0.6460000276565552,0.6480000019073486,574821824.0,375510464.0,3154435.0
2024-01-08,0.6480000019073486,0.6499999761581421,0.6370000243186951,0.6370000243186951,541233984.0,347178368.0,3154435.0
2024-01-09,0.6399999856948853,0.6449999809265137,0.6340000033378601,0.6380000114440918,496067072.0,316658112.0,3154435.0
2024-01-10,0.6370000243186951,0.6510000228881836,0.6309999823570251,0.6430000066757202,605836416.0,388948032.0,3154435.0
2024-01-11,0.6430000066757202,0.6510000228881836,0.6380000114440918,0.6480000019073486,536069312.0,346325504.0,3154435.0
2024-01-12,0.6449999809265137,0.6499999761581421,0.6399999856948853,0.6430000066757202,455590560.0,293991936.0,3154435.0
2024-01-15,0.6389999985694885,0.6460000276565552,0.6359999775886536,0.6370000243186951,439861408.0,281359584.0,3154435.0
2024-01-16,0.6370000243186951,0.6439999938011169,0.6320000290870667,0.6389999985694885,455817216.0,290694496.0,3154435.0
2024-01-17,0.6370000243186951,0.6370000243186951,0.6179999709129333,0.6190000176429749,624112640.0,390672480.0,3154435.0
2024-01-18,0.6159999966621399,0.6320000290870667,0.6100000143051147,0.6309999823570251,720285120.0,445874880.0,3154435.0
2024-01-19,0.6269999742507935,0.6380000114440918,0.625,0.6330000162124634,548190784.0,346679232.0,3154435.0
2024-01-22,0.6320000290870667,0.6320000290870667,0.6140000224113464,0.6169999837875366,582217664.0,363663360.0,3154435.0
2024-01-23,0.6169999837875366,0.6240000128746033,0.6110000014305115,0.6190000176429749,508228992.0,313301600.0,3154435.0
2024-01-24,0.621999979019165,0.625,0.6039999723434448,0.6200000047683716,615164032.0,377670048.0,3154435.0
2024-01-25,0.6179999709129333,0.6349999904632568,0.6140000224113464,0.6330000162124634,821045312.0,513532704.0,3154435.0
2024-01-26,0.6290000081062317,0.6389999985694885,0.6269999742507935,0.6320000290870667,495784128.0,313373984.0,3154435.0
2024-01-29,0.6320000290870667,0.6470000147819519,0.6309999823570251,0.6359999775886536,765005888.0,488901408.0,3154435.0
2024-01-30,0.6299999952316284,0.6309999823570251,0.6110000014305115,0.6119999885559082,551489408.0,341571776.0,3154435.0
2024-01-31,0.6100000143051147,0.6169999837875366,0.6029999852180481,0.6039999723434448,443646112.0,269558080.0,3154435.0
2024-02-01,0.6029999852180481,0.6110000014305115,0.5979999899864197,0.6050000190734863,405766112.0,245481008.0,3154435.0
2024-02-02,0.6050000190734863,0.6179999709129333,0.5839999914169312,0.6019999980926514,670865216.0,406148576.0,3154435.0
2024-02-05,0.5950000286102295,0.6079999804496765,0.5849999785423279,0.5979999899864197,696798720.0,415788512.0,3154435.0
2024-02-06,0.5979999899864197,0.6290000081062317,0.5960000157356262,0.628000020980835,828200896.0,510970496.0,3154435.0
2024-02-07,0.628000020980835,0.6420000195503235,0.6240000128746033,0.6399999856948853,651564992.0,413582048.0,3154435.0
2024-02-08,0.6430000066757202,0.6499999761581421,0.6340000033378601,0.640999972820282,600875968.0,385165088.0,3154435.0
2024-02-19,0.652999997138977,0.656000018119812,0.6370000243186951,0.6420000195503235,534524864.0,345460352.0,3154435.0
2024-02-20,0.640999972820282,0.6439999938011169,0.6290000081062317,0.6340000033378601,358846336.0,227606592.0,3154435.0
2024-02-21,0.6320000290870667,0.675000011920929,0.6299999952316284,0.6660000085830688,1123652992.0,739091072.0,3154435.0
2024-02-22,0.6600000262260437,0.6690000295639038,0.656000018119812,0.6669999957084656,593569216.0,393446880.0,3154435.0
2024-02-23,0.6650000214576721,0.6790000200271606,0.6610000133514404,0.6710000038146973,586571456.0,393269024.0,3154435.0
2024-02-26,0.6669999957084656,0.6740000247955322,0.6589999794960022,0.6610000133514404,414230272.0,274898688.0,3154435.0
2024-02-27,0.6579999923706055,0.6660000085830688,0.656000018119812,0.6650000214576721,509561312.0,336283712.0,3154435.0
2024-02-28,0.6629999876022339,0.6690000295639038,0.6549999713897705,0.6549999713897705,698338432.0,462792928.0,3154435.0
2024-02-29,0.6520000100135803,0.671999990940094,0.6499999761581421,0.6710000038146973,721858688.0,479318656.0,3154435.0
2024-03-01,0.6669999957084656,0.675000011920929,0.6620000004768372,0.671999990940094,465700192.0,311640512.0,3154435.0
2024-03-04,0.6700000166893005,0.6710000038146973,0.6610000133514404,0.6650000214576721,550035264.0,365361376.0,3154435.0
2024-03-05,0.6600000262260437,0.6740000247955322,0.6600000262260437,0.6729999780654907,678387904.0,452969408.0,3154435.0
2024-03-06,0.6690000295639038,0.6710000038146973,0.6600000262260437,0.6629999876022339,449057952.0,297935904.0,3154435.0
2024-03-07,0.6620000004768372,0.6669999957084656,0.6579999923706055,0.6589999794960022,448700352.0,297138048.0,3154435.0
2024-03-08,0.6579999923706055,0.6620000004768372,0.6489999890327454,0.6549999713897705,544783360.0,356472480.0,3154435.0
2024-03-11,0.6539999842643738,0.671999990940094,0.6539999842643738,0.671999990940094,684125248.0,456096992.0,3154435.0
2024-03-12,0.671999990940094,0.7059999704360962,0.671999990940094,0.7039999961853027,1307439232.0,908370688.0,3154435.0
2024-03-13,0.699999988079071,0.7059999704360962,0.6940000057220459,0.7009999752044678,588818496.0,412374496.0,3154435.0
2024-03-14,0.6970000267028809,0.7099999785423279,0.6930000185966492,0.6990000009536743,551288704.0,386371712.0,3154435.0
2024-03-15,0.6959999799728394,0.7099999785423279,0.6949999928474426,0.7039999961853027,446233728.0,313529888.0,3154435.0
2024-03-18,0.7009999752044678,0.7039999961853027,0.6940000057220459,0.7039999961853027,451837344.0,316653152.0,3154435.0
2024-03-19,0.7020000219345093,0.7179999947547913,0.6980000138282776,0.7120000123977661,699289600.0,497812352.0,3154435.0
2024-03-20,0.7080000042915344,0.7120000123977661,0.7049999833106995,0.7089999914169312,341971168.0,242371760.0,3154435.0
2024-03-21,0.7099999785423279,0.718999981880188,0.7070000171661377,0.7120000123977661,401381536.0,285898176.0,3154435.0
2024-03-22,0.7110000252723694,0.7110000252723694,0.6909999847412109,0.6959999799728394,514194048.0,358473856.0,3154435.0
2024-03-25,0.6919999718666077,0.6949999928474426,0.6840000152587891,0.6890000104904175,374658976.0,258380192.0,3154435.0
2024-03-26,0.6899999976158142,0.7020000219345093,0.6880000233650208,0.699999988079071,542203072.0,377883872.0,3154435.0
2024-03-27,0.6990000009536743,0.7020000219345093,0.6890000104904175,0.6909999847412109,399623552.0,277760512.0,3154435.0
2024-03-28,0.6880000233650208,0.699999988079071,0.6859999895095825,0.6919999718666077,388378816.0,269120800.0,3154435.0
2024-03-29,0.6899999976158142,0.6949999928474426,0.6859999895095825,0.6909999847412109,339131488.0,234110400.0,3154435.0
2024-04-01,0.6949999928474426,0.7170000076293945,0.6940000057220459,0.7099999785423279,696742720.0,493675200.0,3154435.0
2024-04-02,0.7089999914169312,0.7110000252723694,0.703000009059906,0.7059999704360962,442883840.0,313139360.0,3154435.0
2024-04-03,0.7089999914169312,0.7139999866485596,0.7009999752044678,0.7059999704360962,394427200.0,278974400.0,3154435.0
2024-04-08,0.7009999752044678,0.7009999752044678,0.6769999861717224,0.6779999732971191,615023936.0,419704416.0,3154435.0
2024-04-09,0.675000011920929,0.6830000281333923,0.6729999780654907,0.6790000200271606,334122208.0,226215728.0,3154435.0
2024-04-10,0.6779999732971191,0.6790000200271606,0.6639999747276306,0.6679999828338623,542449984.0,362709696.0,3154435.0
2024-04-11,0.6639999747276306,0.6690000295639038,0.6620000004768372,0.6690000295639038,371355072.0,247107104.0,3154435.0
2024-04-12,0.6679999828338623,0.6729999780654907,0.656000018119812,0.6579999923706055,391718336.0,259591840.0,3154435.0
2024-04-15,0.656000018119812,0.6809999942779541,0.6549999713897705,0.6779999732971191,565524864.0,380722080.0,3154435.0
2024-04-16,0.675000011920929,0.6769999861717224,0.6639999747276306,0.6660000085830688,374093888.0,250516288.0,3154435.0
2024-04-17,0.6660000085830688,0.6700000166893005,0.6629999876022339,0.6690000295639038,353972896.0,236114800.0,3154435.0
2024-04-18,0.6669999957084656,0.6779999732971191,0.6610000133514404,0.6700000166893005,414138688.0,277765728.0,3154435.0
2024-04-19,0.6650000214576721,0.6660000085830688,0.6549999713897705,0.6589999794960022,419313056.0,276520352.0,3154435.0
2024-04-22,0.6629999876022339,0.6779999732971191,0.6620000004768372,0.6729999780654907,456118496.0,306306080.0,3154435.0
2024-04-23,0.6729999780654907,0.6830000281333923,0.6710000038146973,0.6830000281333923,523430688.0,355442464.0,3154435.0
2024-04-24,0.6830000281333923,0.6850000023841858,0.675000011920929,0.6840000152587891,400498208.0,272764800.0,3154435.0
2024-04-25,0.6800000071525574,0.6830000281333923,0.675000011920929,0.6800000071525574,246233104.0,167195872.0,3154435.0
2024-04-26,0.6819999814033508,0.6980000138282776,0.6819999814033508,0.6949999928474426,447049792.0,308800768.0,3154435.0
2024-04-29,0.6919999718666077,0.7120000123977661,0.6890000104904175,0.7009999752044678,713861312.0,501431680.0,3154435.0
2024-04-30,0.7009999752044678,0.7110000252723694,0.6980000138282776,0.6990000009536743,396699008.0,279365280.0,3154435.0
2024-05-06,0.7089999914169312,0.7329999804496765,0.7089999914169312,0.7239999771118164,873115264.0,632439424.0,3154435.0
2024-05-07,0.7239999771118164,0.7289999723434448,0.7160000205039978,0.7269999980926514,438926784.0,317971136.0,3154435.0
2024-05-08,0.7250000238418579,0.7269999980926514,0.7160000205039978,0.718999981880188,373304896.0,268861920.0,3154435.0
2024-05-09,0.7179999947547913,0.7229999899864197,0.7170000076293945,0.7200000286102295,408612800.0,293846432.0,3154435.0
2024-05-10,0.7229999899864197,0.7260000109672546,0.7110000252723694,0.7160000205039978,359197184.0,257233120.0,3154435.0
2024-05-13,0.7110000252723694,0.7110000252723694,0.6980000138282776,0.7009999752044678,509625024.0,357330752.0,3154435.0
2024-05-14,0.699999988079071,0.7070000171661377,0.6980000138282776,0.7039999961853027,319234688.0,224293328.0,3154435.0
2024-05-15,0.703000009059906,0.7059999704360962,0.699999988079071,0.699999988079071,252217904.0,177216640.0,3154435.0
2024-05-16,0.703000009059906,0.7129999995231628,0.6949999928474426,0.7080000042915344,506365664.0,357475840.0,3154435.0
2024-05-17,0.7080000042915344,0.718999981880188,0.7049999833106995,0.718999981880188,712153152.0,506640320.0,3154435.0
2024-05-20,0.7200000286102295,0.7329999804496765,0.7200000286102295,0.722000002861023,556581184.0,404221664.0,3154435.0
2024-05-21,0.7179999947547913,0.7229999899864197,0.7129999995231628,0.7179999947547913,442305600.0,317351744.0,3154435.0
2024-05-22,0.7170000076293945,0.718999981880188,0.7070000171661377,0.7110000252723694,409702016.0,291497120.0,3154435.0
2024-05-23,0.7110000252723694,0.7129999995231628,0.699999988079071,0.7009999752044678,333913504.0,234901312.0,3154435.0
2024-05-24,0.699999988079071,0.7009999752044678,0.6909999847412109,0.6919999718666077,325321600.0,225895040.0,3154435.0
2024-05-27,0.6930000185966492,0.6970000267028809,0.6890000104904175,0.6930000185966492,443674208.0,306757824.0,3154435.0
2024-05-28,0.6919999718666077,0.6930000185966492,0.6840000152587891,0.6850000023841858,356937984.0,245269952.0,3154435.0
2024-05-29,0.6840000152587891,0.6890000104904175,0.6800000071525574,0.6830000281333923,362901792.0,248336096.0,3154435.0
2024-05-30,0.6800000071525574,0.6809999942779541,0.6700000166893005,0.671999990940094,504641312.0,339900640.0,3154435.0
2024-05-31,0.6729999780654907,0.6779999732971191,0.6729999780654907,0.6740000247955322,344117184.0,232447152.0,3154435.0
2024-06-03,0.6740000247955322,0.6779999732971191,0.6669999957084656,0.6710000038146973,425759904.0,285809024.0,3154435.0
2024-06-04,0.6710000038146973,0.6800000071525574,0.6679999828338623,0.6790000200271606,490004992.0,331001440.0,3154435.0
2024-06-05,0.6769999861717224,0.6819999814033508,0.6700000166893005,0.6710000038146973,465453792.0,313877952.0,3154435.0
2024-06-06,0.6710000038146973,0.6729999780654907,0.6600000262260437,0.6639999747276306,638371008.0,424163872.0,3154435.0
2024-06-07,0.6660000085830688,0.6669999957084656,0.652999997138977,0.656000018119812,453624288.0,298354464.0,3154435.0
2024-06-11,0.6520000100135803,0.652999997138977,0.6370000243186951,0.6430000066757202,669976384.0,430271904.0,3154435.0
2024-06-12,0.6399999856948853,0.6470000147819519,0.6389999985694885,0.640999972820282,496354656.0,319082944.0,3154435.0
2024-06-13,0.6420000195503235,0.6420000195503235,0.6299999952316284,0.6320000290870667,540981312.0,342477920.0,3154435.0
2024-06-14,0.6299999952316284,0.6359999775886536,0.6200000047683716,0.6349999904632568,814396800.0,511223392.0,3154435.0
2024-06-17,0.628000020980835,0.6359999775886536,0.6200000047683716,0.6340000033378601,676702784.0,425371008.0,3154435.0
2024-06-18,0.6309999823570251,0.6389999985694885,0.6230000257492065,0.6259999871253967,825185920.0,519297824.0,3154435.0
2024-06-19,0.6259999871253967,0.6299999952316284,0.6200000047683716,0.6230000257492065,546333120.0,341589088.0,3154435.0
2024-06-20,0.6230000257492065,0.628000020980835,0.6169999837875366,0.6169999837875366,579565056.0,359086848.0,3154435.0
2024-06-21,0.6150000095367432,0.6169999837875366,0.6029999852180481,0.6060000061988831,687912384.0,418397632.0,3154435.0
2024-06-24,0.5950000286102295,0.6159999966621399,0.5910000205039978,0.6069999933242798,752109376.0,453843168.0,3154435.0
2024-06-25,0.6069999933242798,0.6150000095367432,0.6019999980926514,0.6069999933242798,628047488.0,382774432.0,3154435.0
2024-06-26,0.6039999723434448,0.6110000014305115,0.6019999980926514,0.6100000143051147,459164704.0,279174592.0,3154435.0
2024-06-27,0.6079999804496765,0.609000027179718,0.5979999899864197,0.6000000238418579,491486016.0,295277984.0,3154435.0
2024-06-28,0.597000002861023,0.6029999852180481,0.5879999995231628,0.5899999737739563,699566464.0,415921952.0,3154435.0
2024-07-01,0.5889999866485596,0.5920000076293945,0.5770000219345093,0.5860000252723694,584789952.0,341074304.0,3154435.0
2024-07-02,0.5830000042915344,0.6019999980926514,0.5809999704360962,0.5950000286102295,754224960.0,447751520.0,3154435.0
2024-07-03,0.5950000286102295,0.597000002861023,0.5879999995231628,0.5899999737739563,408620608.0,241831680.0,3154435.0
2024-07-04,0.5899999737739563,0.5929999947547913,0.5799999833106995,0.5799999833106995,430736800.0,251731344.0,3154435.0
2024-07-05,0.578000009059906,0.5839999914169312,0.5699999928474426,0.574999988079071,575609792.0,330832256.0,3154435.0
2024-07-08,0.5720000267028809,0.5740000009536743,0.5580000281333923,0.5590000152587891,562733888.0,317192160.0,3154435.0
2024-07-09,0.5600000023841858,0.5699999928474426,0.5540000200271606,0.5659999847412109,636244096.0,357279936.0,3154435.0
2024-07-10,0.5630000233650208,0.5759999752044678,0.5609999895095825,0.5649999976158142,526963488.0,299555968.0,3154435.0
2024-07-11,0.5720000267028809,0.5870000123977661,0.5680000185966492,0.5820000171661377,857488512.0,497444224.0,3154435.0
2024-07-12,0.5839999914169312,0.5899999737739563,0.5799999833106995,0.5870000123977661,578487616.0,338586912.0,3154435.0
2024-07-15,0.5849999785423279,0.5920000076293945,0.5830000042915344,0.5849999785423279,426521088.0,250178240.0,3154435.0
2024-07-16,0.5830000042915344,0.5879999995231628,0.5789999961853027,0.5849999785423279,380940096.0,222279376.0,3154435.0
2024-07-17,0.5839999914169312,0.5989999771118164,0.5809999704360962,0.5989999771118164,668290816.0,395669376.0,3154435.0
2024-07-18,0.5960000157356262,0.6069999933242798,0.593999981880188,0.597000002861023,606455168.0,363640128.0,3154435.0
2024-07-19,0.593999981880188,0.6100000143051147,0.5910000205039978,0.609000027179718,937035840.0,564933824.0,3154435.0
2024-07-22,0.6079999804496765,0.609000027179718,0.5929999947547913,0.593999981880188,907488704.0,542296192.0,3154435.0
2024-07-23,0.593999981880188,0.5950000286102295,0.5709999799728394,0.5720000267028809,727056960.0,422203648.0,3154435.0
2024-07-24,0.5690000057220459,0.574999988079071,0.5619999766349792,0.5640000104904175,633808128.0,359633664.0,3154435.0
2024-07-25,0.5619999766349792,0.5699999928474426,0.5600000023841858,0.5640000104904175,478861984.0,270059776.0,3154435.0
2024-07-26,0.5649999976158142,0.5720000267028809,0.5609999895095825,0.5630000233650208,550841216.0,310988640.0,3154435.0
2024-07-29,0.5630000233650208,0.5649999976158142,0.5550000071525574,0.5550000071525574,491544512.0,274727488.0,3154435.0
2024-07-30,0.5509999990463257,0.5540000200271606,0.5429999828338623,0.5529999732971191,732651712.0,401756640.0,3154435.0
2024-07-31,0.5519999861717224,0.5759999752044678,0.5509999990463257,0.5720000267028809,987464000.0,559084544.0,3154435.0
2024-08-01,0.5709999799728394,0.5720000267028809,0.5569999814033508,0.5590000152587891,890252032.0,500465472.0,3154435.0
2024-08-02,0.5540000200271606,0.5630000233650208,0.5529999732971191,0.5559999942779541,568356736.0,317231552.0,3154435.0
2024-08-05,0.5540000200271606,0.574999988079071,0.5529999732971191,0.5640000104904175,1045994624.0,593446016.0,3154435.0
2024-08-06,0.5659999847412109,0.5730000138282776,0.5609999895095825,0.5680000185966492,601873280.0,340793696.0,3154435.0
2024-08-07,0.5659999847412109,0.5740000009536743,0.5630000233650208,0.5709999799728394,576274176.0,328005216.0,3154435.0
2024-08-08,0.5690000057220459,0.5899999737739563,0.5680000185966492,0.5809999704360962,865909120.0,501404736.0,3154435.0
2024-08-09,0.5860000252723694,0.5889999866485596,0.5770000219345093,0.578000009059906,562043712.0,327109216.0,3154435.0
2024-08-12,0.574999988079071,0.578000009059906,0.5720000267028809,0.574999988079071,285896800.0,164392016.0,3154435.0
2024-08-13,0.574999988079071,0.574999988079071,0.5640000104904175,0.5680000185966492,351425984.0,199492848.0,3154435.0
2024-08-14,0.5680000185966492,0.5680000185966492,0.5580000281333923,0.5600000023841858,317696704.0,178370000.0,3154435.0
2024-08-15,0.5580000281333923,0.5690000057220459,0.5569999814033508,0.5630000233650208,397881952.0,223912704.0,3154435.0
2024-08-16,0.5619999766349792,0.5630000233650208,0.5569999814033508,0.5600000023841858,349748192.0,195564224.0,3154435.0
2024-08-19,0.5600000023841858,0.5699999928474426,0.5559999942779541,0.5569999814033508,510729504.0,286854432.0,3154435.0
2024-08-20,0.5580000281333923,0.5580000281333923,0.5490000247955322,0.5509999990463257,370778816.0,204625696.0,3154435.0
2024-08-21,0.5490000247955322,0.5519999861717224,0.5460000038146973,0.5460000038146973,248643008.0,136415200.0,3154435.0
2024-08-22,0.5460000038146973,0.546999990940094,0.5329999923706055,0.5370000004768372,451593504.0,242987616.0,3154435.0
2024-08-23,0.5360000133514404,0.5429999828338623,0.5350000262260437,0.5370000004768372,300182912.0,161709632.0,3154435.0
2024-08-26,0.5379999876022339,0.5410000085830688,0.531000018119812,0.5329999923706055,354285088.0,189338736.0,3154435.0
2024-08-27,0.5320000052452087,0.5339999794960022,0.5249999761581421,0.531000018119812,664047872.0,350804352.0,3154435.0
2024-08-28,0.5270000100135803,0.527999997138977,0.5099999904632568,0.5170000195503235,748349312.0,385903648.0,3154435.0
2024-08-29,0.5149999856948853,0.5329999923706055,0.5139999985694885,0.5289999842643738,954412032.0,502481088.0,3154435.0
2024-08-30,0.5270000100135803,0.5540000200271606,0.5239999890327454,0.546999990940094,802378496.0,434541152.0,3154435.0
2024-09-02,0.5419999957084656,0.5419999957084656,0.5249999761581421,0.5260000228881836,583647808.0,310662816.0,3154435.0
2024-09-03,0.5260000228881836,0.5370000004768372,0.5260000228881836,0.5329999923706055,451670912.0,240151040.0,3154435.0
2024-09-04,0.5289999842643738,0.5360000133514404,0.5270000100135803,0.527999997138977,259980800.0,137811040.0,3154435.0
2024-09-05,0.5270000100135803,0.5320000052452087,0.5260000228881836,0.5299999713897705,316290112.0,167287872.0,3154435.0
2024-09-06,0.5299999713897705,0.5299999713897705,0.5210000276565552,0.5210000276565552,272657888.0,143038496.0,3154435.0
2024-09-09,0.5180000066757202,0.5199999809265137,0.5109999775886536,0.5130000114440918,404469792.0,208115568.0,3154435.0
2024-09-10,0.5139999985694885,0.5210000276565552,0.5120000243186951,0.515999972820282,467209312.0,241009616.0,3154435.0
2024-09-11,0.5139999985694885,0.5180000066757202,0.5090000033378601,0.5120000243186951,393654112.0,201993104.0,3154435.0
2024-09-12,0.5130000114440918,0.5149999856948853,0.5009999871253967,0.5019999742507935,711142784.0,360876896.0,3154435.0
2024-09-13,0.5009999871253967,0.5019999742507935,0.48899999260902405,0.49000000953674316,688679168.0,340183200.0,3154435.0
2024-09-18,0.4880000054836273,0.49000000953674316,0.47999998927116394,0.48500001430511475,553871104.0,268157328.0,3154435.0
2024-09-19,0.4860000014305115,0.5070000290870667,0.4819999933242798,0.49799999594688416,1186563584.0,589350848.0,3154435.0
2024-09-20,0.4950000047683716,0.49900001287460327,0.4909999966621399,0.49900001287460327,549442688.0,271980960.0,3154435.0
2024-09-23,0.49799999594688416,0.5099999904632568,0.49799999594688416,0.5,587540288.0,296325248.0,3154435.0
2024-09-24,0.5080000162124634,0.531000018119812,0.5009999871253967,0.5299999713897705,1564751232.0,811037440.0,3154435.0
2024-09-25,0.5370000004768372,0.5490000247955322,0.5320000052452087,0.5329999923706055,963752576.0,521118368.0,3154435.0
2024-09-26,0.531000018119812,0.5860000252723694,0.5299999713897705,0.5860000252723694,1987141504.0,1114904448.0,3154435.0
2024-09-27,0.6169999837875366,0.6449999809265137,0.6060000061988831,0.6449999809265137,1582541184.0,985757504.0,3154435.0
2024-09-30,0.7099999785423279,0.7099999785423279,0.6539999842643738,0.7099999785423279,2967942656.0,2051561728.0,3154435.0
2024-10-08,0.781000018119812,0.781000018119812,0.6700000166893005,0.7269999980926514,4729433088.0,3491458048.0,3154435.0
2024-10-09,0.6899999976158142,0.6899999976158142,0.6539999842643738,0.6539999842643738,2807967744.0,1860026112.0,3154435.0
2024-10-10,0.6389999985694885,0.6690000295639038,0.6320000290870667,0.6520000100135803,1755393024.0,1145438464.0,3154435.0
2024-10-11,0.6399999856948853,0.6520000100135803,0.621999979019165,0.6309999823570251,1309268224.0,833737280.0,3154435.0
2024-10-14,0.6309999823570251,0.6420000195503235,0.6169999837875366,0.6380000114440918,1253764480.0,792355136.0,3154435.0
2024-10-15,0.6330000162124634,0.6370000243186951,0.6150000095367432,0.6150000095367432,996277120.0,623616000.0,3154435.0
2024-10-16,0.6060000061988831,0.6200000047683716,0.6029999852180481,0.609000027179718,1160866432.0,707843968.0,3154435.0
2024-10-17,0.6140000224113464,0.6159999966621399,0.5950000286102295,0.5960000157356262,1324701440.0,799070848.0,3154435.0
2024-10-18,0.5910000205039978,0.6269999742507935,0.5889999866485596,0.6159999966621399,2274040832.0,1377824640.0,3154435.0
2024-10-21,0.6110000014305115,0.6200000047683716,0.6050000190734863,0.6159999966621399,1678624384.0,1028649472.0,3154435.0
2024-10-22,0.6129999756813049,0.6290000081062317,0.6119999885559082,0.6259999871253967,1709159808.0,1065913984.0,3154435.0
2024-10-23,0.6259999871253967,0.6420000195503235,0.6200000047683716,0.6349999904632568,1791603072.0,1133849600.0,3154435.0
2024-10-24,0.6299999952316284,0.6330000162124634,0.6200000047683716,0.621999979019165,1157476736.0,723776576.0,3154435.0
2024-10-25,0.6209999918937683,0.6340000033378601,0.6190000176429749,0.6269999742507935,1271448064.0,796986624.0,3154435.0
2024-10-28,0.6309999823570251,0.6449999809265137,0.621999979019165,0.6439999938011169,1971429376.0,1256705280.0,3154435.0
2024-10-29,0.6420000195503235,0.6499999761581421,0.6259999871253967,0.6269999742507935,1455604480.0,924469824.0,3154435.0
2024-10-30,0.621999979019165,0.6290000081062317,0.6119999885559082,0.6179999709129333,1197209984.0,741988480.0,3154435.0
2024-10-31,0.6129999756813049,0.6209999918937683,0.6079999804496765,0.6140000224113464,1031560320.0,633646976.0,3154435.0
2024-11-01,0.6119999885559082,0.6299999952316284,0.6110000014305115,0.6230000257492065,1350535296.0,841155008.0,3154435.0
2024-11-04,0.6269999742507935,0.6320000290870667,0.6179999709129333,0.6309999823570251,1190239616.0,745441472.0,3154435.0
2024-11-05,0.628000020980835,0.6470000147819519,0.6240000128746033,0.6470000147819519,2203158528.0,1409835136.0,3154435.0
2024-11-06,0.6460000276565552,0.6510000228881836,0.6359999775886536,0.6430000066757202,2042159616.0,1314359680.0,3154435.0
2024-11-07,0.6399999856948853,0.7070000171661377,0.6380000114440918,0.7059999704360962,3663442688.0,2481076992.0,3154435.0
2024-11-08,0.718999981880188,0.718999981880188,0.675000011920929,0.6779999732971191,4019401472.0,2760606208.0,3154435.0
2024-11-11,0.6660000085830688,0.6740000247955322,0.6549999713897705,0.6740000247955322,3051471616.0,2028784000.0,3154435.0
2024-11-12,0.6740000247955322,0.6869999766349792,0.6639999747276306,0.6679999828338623,2898190080.0,1958660480.0,3154435.0
2024-11-13,0.6620000004768372,0.6729999780654907,0.6600000262260437,0.6690000295639038,1900601856.0,1268649088.0,3154435.0
2024-11-14,0.6650000214576721,0.6729999780654907,0.6579999923706055,0.6589999794960022,1918850944.0,1276665344.0,3154435.0
2024-11-15,0.6570000052452087,0.6669999957084656,0.6499999761581421,0.6520000100135803,1815320960.0,1195374848.0,3154435.0
2024-11-18,0.652999997138977,0.6579999923706055,0.6399999856948853,0.6420000195503235,1655655808.0,1072900032.0,3154435.0
2024-11-19,0.6460000276565552,0.6489999890327454,0.6259999871253967,0.6430000066757202,1657193472.0,1055589056.0,3154435.0
2024-11-20,0.6399999856948853,0.6480000019073486,0.6349999904632568,0.6449999809265137,1334951168.0,856993664.0,3154435.0
2024-11-21,0.6430000066757202,0.6470000147819519,0.6380000114440918,0.6420000195503235,1044104704.0,669871872.0,3154435.0
2024-11-22,0.6420000195503235,0.6449999809265137,0.6190000176429749,0.6200000047683716,1953476224.0,1231825536.0,3154435.0
2024-11-25,0.6200000047683716,0.6309999823570251,0.6150000095367432,0.621999979019165,1072986496.0,667833152.0,3154435.0
2024-11-26,0.6179999709129333,0.6330000162124634,0.6159999966621399,0.625,1265475200.0,792648256.0,3154435.0
2024-11-27,0.6230000257492065,0.6389999985694885,0.6179999709129333,0.6359999775886536,1314898688.0,827339904.0,3154435.0
2024-11-28,0.6320000290870667,0.6359999775886536,0.6269999742507935,0.628000020980835,882819008.0,556598656.0,3154435.0
2024-11-29,0.6309999823570251,0.6480000019073486,0.6299999952316284,0.6370000243186951,1691064448.0,1079044352.0,3154435.0
2024-12-02,0.6359999775886536,0.6430000066757202,0.6320000290870667,0.6399999856948853,1132735104.0,723792064.0,3154435.0
2024-12-03,0.6399999856948853,0.640999972820282,0.6340000033378601,0.6380000114440918,861430528.0,549035648.0,3154435.0
2024-12-04,0.6370000243186951,0.6380000114440918,0.6299999952316284,0.6309999823570251,1016153088.0,643281792.0,3154435.0
2024-12-05,0.6299999952316284,0.6320000290870667,0.6259999871253967,0.6299999952316284,886490432.0,557764736.0,3154435.0
2024-12-06,0.6309999823570251,0.6399999856948853,0.6290000081062317,0.6359999775886536,1131505920.0,718349760.0,3154435.0
2024-12-09,0.6349999904632568,0.6420000195503235,0.6309999823570251,0.6340000033378601,932188480.0,592564736.0,3154435.0
2024-12-10,0.6629999876022339,0.6700000166893005,0.6449999809265137,0.6460000276565552,2789389824.0,1835600000.0,3154435.0
2024-12-11,0.6420000195503235,0.6600000262260437,0.640999972820282,0.652999997138977,1516337408.0,990354624.0,3154435.0
2024-12-12,0.6499999761581421,0.6690000295639038,0.6480000019073486,0.6690000295639038,2257939200.0,1493443456.0,3154435.0
2024-12-13,0.6629999876022339,0.6629999876022339,0.6460000276565552,0.6470000147819519,1899250816.0,1240206976.0,3154435.0
2024-12-16,0.6460000276565552,0.6470000147819519,0.6320000290870667,0.6340000033378601,1118563968.0,712433920.0,3154435.0
2024-12-17,0.6349999904632568,0.6430000066757202,0.6309999823570251,0.6359999775886536,941052096.0,600127424.0,3154435.0
2024-12-18,0.6370000243186951,0.6399999856948853,0.6320000290870667,0.6340000033378601,1717364864.0,1089213440.0,3154435.0
2024-12-19,0.628000020980835,0.6290000081062317,0.6200000047683716,0.625,1099053440.0,686253952.0,3154435.0
2024-12-20,0.625,0.6299999952316284,0.621999979019165,0.6259999871253967,1399486208.0,875474496.0,3154435.0
2024-12-23,0.6259999871253967,0.628000020980835,0.6169999837875366,0.6190000176429749,1288069888.0,800793600.0,3154435.0
2024-12-24,0.6190000176429749,0.625,0.6169999837875366,0.6240000128746033,1117696256.0,694662720.0,3154435.0
2024-12-25,0.625,0.625,0.6190000176429749,0.6200000047683716,663164672.0,411724320.0,3154435.0
2024-12-26,0.6209999918937683,0.6240000128746033,0.6179999709129333,0.6209999918937683,651698304.0,404553152.0,3154435.0
2024-12-27,0.6209999918937683,0.6259999871253967,0.6179999709129333,0.621999979019165,792533504.0,492494592.0,3154435.0
2024-12-30,0.6209999918937683,0.6259999871253967,0.6150000095367432,0.6169999837875366,1122480128.0,694137664.0,3154435.0
2024-12-31,0.6179999709129333,0.628000020980835,0.6150000095367432,0.6159999966621399,1385387008.0,861490880.0,3154435.0
2025-01-02,0.6140000224113464,0.6150000095367432,0.5960000157356262,0.6000000238418579,1334007552.0,806740800.0,3154435.0
2025-01-03,0.6000000238418579,0.6029999852180481,0.5889999866485596,0.5920000076293945,882125952.0,526579392.0,3154435.0
2025-01-06,0.5809999704360962,0.5870000123977661,0.5730000138282776,0.574999988079071,1163475072.0,673610688.0,3154435.0
2025-01-07,0.5770000219345093,0.5799999833106995,0.5720000267028809,0.5789999961853027,795116800.0,457691104.0,3154435.0
2025-01-08,0.5770000219345093,0.5820000171661377,0.5669999718666077,0.574999988079071,1078062336.0,619129984.0,3154435.0
2025-01-09,0.574999988079071,0.5849999785423279,0.5709999799728394,0.578000009059906,852911872.0,493217792.0,3154435.0
2025-01-10,0.574999988079071,0.578000009059906,0.5659999847412109,0.5669999718666077,684025408.0,390783424.0,3154435.0
2025-01-13,0.5619999766349792,0.5720000267028809,0.5600000023841858,0.5720000267028809,720941824.0,409447328.0,3154435.0
2025-01-14,0.5709999799728394,0.5889999866485596,0.5709999799728394,0.5870000123977661,1101235584.0,642039296.0,3154435.0
2025-01-15,0.5849999785423279,0.5889999866485596,0.5809999704360962,0.5839999914169312,501433056.0,293162176.0,3154435.0
2025-01-16,0.5860000252723694,0.5929999947547913,0.5770000219345093,0.5820000171661377,673725184.0,393906496.0,3154435.0
2025-01-17,0.5789999961853027,0.5899999737739563,0.5789999961853027,0.5860000252723694,616523968.0,361096512.0,3154435.0
2025-01-20,0.5879999995231628,0.5979999899864197,0.5879999995231628,0.5910000205039978,851023872.0,504603488.0,3154435.0
2025-01-21,0.593999981880188,0.5950000286102295,0.5820000171661377,0.5839999914169312,689018880.0,403527424.0,3154435.0
2025-01-22,0.5830000042915344,0.5830000042915344,0.5720000267028809,0.5730000138282776,830413568.0,477753312.0,3154435.0
2025-01-23,0.578000009059906,0.5839999914169312,0.5740000009536743,0.5759999752044678,872472512.0,504198976.0,3154435.0
2025-01-24,0.5730000138282776,0.5770000219345093,0.5699999928474426,0.574999988079071,973297600.0,557924992.0,3154435.0
2025-01-27,0.574999988079071,0.5770000219345093,0.5699999928474426,0.5699999928474426,699775232.0,400620736.0,3154435.0
2025-02-05,0.5730000138282776,0.5730000138282776,0.5590000152587891,0.5600000023841858,962274816.0,541152000.0,3154435.0
2025-02-06,0.5600000023841858,0.5659999847412109,0.5590000152587891,0.5630000233650208,1020931072.0,574099456.0,3154435.0
2025-02-07,0.5630000233650208,0.574999988079071,0.5590000152587891,0.5709999799728394,1642514048.0,934006144.0,3154435.0
2025-02-10,0.5709999799728394,0.5720000267028809,0.5659999847412109,0.5720000267028809,1154558336.0,658020160.0,3154435.0
2025-02-11,0.5720000267028809,0.5740000009536743,0.5640000104904175,0.5649999976158142,849114816.0,481136288.0,3154435.0
2025-02-12,0.5649999976158142,0.5740000009536743,0.5640000104904175,0.5730000138282776,1073503296.0,609848384.0,3154435.0
2025-02-13,0.5730000138282776,0.5960000157356262,0.5720000267028809,0.5910000205039978,2923586560.0,1715732096.0,3154435.0
2025-02-14,0.5889999866485596,0.5910000205039978,0.5839999914169312,0.5879999995231628,1534535808.0,901016000.0,3154435.0
2025-02-17,0.5899999737739563,0.5960000157356262,0.5879999995231628,0.5910000205039978,1359104256.0,803924224.0,3154435.0
2025-02-18,0.5899999737739563,0.593999981880188,0.5809999704360962,0.5839999914169312,1450853376.0,851623232.0,3154435.0
2025-02-19,0.5820000171661377,0.5889999866485596,0.5789999961853027,0.5889999866485596,1284318464.0,750451392.0,3154435.0
2025-02-20,0.5860000252723694,0.5929999947547913,0.5839999914169312,0.5870000123977661,935551296.0,549795072.0,3154435.0
2025-02-21,0.5879999995231628,0.5960000157356262,0.5830000042915344,0.5889999866485596,2125140480.0,1252186880.0,3154435.0
2025-02-24,0.5879999995231628,0.6019999980926514,0.5860000252723694,0.5960000157356262,1829727872.0,1091312896.0,3154435.0
2025-02-25,0.5920000076293945,0.5920000076293945,0.5830000042915344,0.5839999914169312,1402735744.0,823931840.0,3154435.0
2025-02-26,0.5839999914169312,0.5920000076293945,0.5820000171661377,0.5910000205039978,1170342272.0,686879232.0,3154435.0
2025-02-27,0.5910000205039978,0.6079999804496765,0.5889999866485596,0.6050000190734863,2034987008.0,1226967040.0,3154435.0
2025-02-28,0.6029999852180481,0.6200000047683716,0.6000000238418579,0.6019999980926514,2249873408.0,1376954624.0,3154435.0
2025-03-03,0.6029999852180481,0.6159999966621399,0.593999981880188,0.5979999899864197,1697656320.0,1025299200.0,3154435.0
2025-03-04,0.5950000286102295,0.5960000157356262,0.5870000123977661,0.5929999947547913,1166678016.0,688937600.0,3154435.0
2025-03-05,0.5920000076293945,0.5929999947547913,0.5870000123977661,0.5920000076293945,855573888.0,504422944.0,3154435.0
2025-03-06,0.593999981880188,0.6029999852180481,0.5899999737739563,0.6019999980926514,1391967104.0,831614528.0,3154435.0
2025-03-07,0.6000000238418579,0.6150000095367432,0.5979999899864197,0.6119999885559082,1731241344.0,1052112576.0,3154435.0
2025-03-10,0.6110000014305115,0.6140000224113464,0.6050000190734863,0.6129999756813049,973080896.0,592625280.0,3154435.0
2025-03-11,0.6079999804496765,0.6299999952316284,0.6069999933242798,0.6290000081062317,1781393024.0,1106181760.0,3154435.0
2025-03-12,0.6299999952316284,0.6340000033378601,0.6209999918937683,0.6240000128746033,1099753088.0,687281600.0,3154435.0
2025-03-13,0.6240000128746033,0.6320000290870667,0.6200000047683716,0.6230000257492065,1039696384.0,649720000.0,3154435.0
2025-03-14,0.6230000257492065,0.6570000052452087,0.6230000257492065,0.6520000100135803,3412831488.0,2207493632.0,3154435.0
2025-03-17,0.6579999923706055,0.6620000004768372,0.6449999809265137,0.6520000100135803,1707961984.0,1115058688.0,3154435.0
2025-03-18,0.6520000100135803,0.6539999842643738,0.6430000066757202,0.6460000276565552,1671095296.0,1080371968.0,3154435.0
2025-03-19,0.6460000276565552,0.6510000228881836,0.6389999985694885,0.640999972820282,1172488960.0,754520768.0,3154435.0
2025-03-20,0.640999972820282,0.6420000195503235,0.6290000081062317,0.6309999823570251,1600184192.0,1012337408.0,3154435.0
2025-03-21,0.628000020980835,0.6370000243186951,0.6209999918937683,0.621999979019165,1187366784.0,744358464.0,3154435.0
2025-03-24,0.621999979019165,0.625,0.6159999966621399,0.6240000128746033,1043224576.0,647448320.0,3154435.0
2025-03-25,0.6240000128746033,0.625,0.6159999966621399,0.6230000257492065,763152320.0,473582560.0,3154435.0
2025-03-26,0.6230000257492065,0.6259999871253967,0.6200000047683716,0.6230000257492065,627461312.0,391194208.0,3154435.0
2025-03-27,0.621999979019165,0.6309999823570251,0.6200000047683716,0.6290000081062317,931098880.0,582927360.0,3154435.0
2025-03-28,0.628000020980835,0.6309999823570251,0.6200000047683716,0.6230000257492065,1123981952.0,701907200.0,3154435.0
2025-03-31,0.6209999918937683,0.6230000257492065,0.6110000014305115,0.6150000095367432,762166400.0,469885824.0,3154435.0
2025-04-01,0.6150000095367432,0.6209999918937683,0.6140000224113464,0.6159999966621399,822645440.0,507272896.0,3154435.0
2025-04-02,0.6159999966621399,0.621999979019165,0.6129999756813049,0.6159999966621399,584891712.0,360667680.0,3154435.0
2025-04-03,0.6110000014305115,0.628000020980835,0.609000027179718,0.6240000128746033,1159810176.0,721895168.0,3154435.0
2025-04-07,0.6039999723434448,0.6129999756813049,0.578000009059906,0.593999981880188,2141629312.0,1286618880.0,3154435.0
2025-04-08,0.597000002861023,0.6150000095367432,0.5950000286102295,0.6140000224113464,1241237760.0,749842944.0,3154435.0
2025-04-09,0.6050000190734863,0.625,0.6029999852180481,0.621999979019165,1112468608.0,684166016.0,3154435.0
2025-04-10,0.6230000257492065,0.6259999871253967,0.6129999756813049,0.625,1256586496.0,781863488.0,3154435.0
2025-04-11,0.621999979019165,0.625,0.6110000014305115,0.6179999709129333,1078477952.0,664981824.0,3154435.0
2025-04-14,0.6159999966621399,0.6209999918937683,0.6110000014305115,0.6119999885559082,887073792.0,545192832.0,3154435.0
2025-04-15,0.6119999885559082,0.6150000095367432,0.6079999804496765,0.6119999885559082,659268096.0,403294816.0,3154435.0
2025-04-16,0.6100000143051147,0.6159999966621399,0.6050000190734863,0.6140000224113464,828555520.0,504784864.0,3154435.0
2025-04-17,0.6110000014305115,0.621999979019165,0.609000027179718,0.6200000047683716,1016611712.0,628352640.0,3154435.0
2025-04-18,0.6190000176429749,0.6190000176429749,0.6110000014305115,0.6140000224113464,606443904.0,372706496.0,3154435.0
2025-04-21,0.6129999756813049,0.6140000224113464,0.6060000061988831,0.6079999804496765,1098046080.0,667591424.0,3154435.0
2025-04-22,0.6069999933242798,0.6110000014305115,0.6050000190734863,0.6069999933242798,1124715136.0,683802240.0,3154435.0
2025-04-23,0.609000027179718,0.6100000143051147,0.6019999980926514,0.6050000190734863,1344103296.0,811999488.0,3154435.0
2025-04-24,0.6039999723434448,0.6060000061988831,0.6010000109672546,0.6019999980926514,1249672960.0,754865280.0,3154435.0
2025-04-25,0.6019999980926514,0.6069999933242798,0.6010000109672546,0.6029999852180481,564309888.0,340892992.0,3154435.0
2025-04-28,0.6029999852180481,0.6069999933242798,0.6010000109672546,0.6010000109672546,741308736.0,447437440.0,3154435.0
2025-04-29,0.5989999771118164,0.6000000238418579,0.5920000076293945,0.5950000286102295,870794816.0,518396064.0,3154435.0
2025-04-30,0.5950000286102295,0.6000000238418579,0.593999981880188,0.5950000286102295,539098688.0,321273120.0,3154435.0
2025-05-06,0.5960000157356262,0.5979999899864197,0.5920000076293945,0.597000002861023,1054793280.0,628701248.0,3154435.0
2025-05-07,0.6019999980926514,0.6050000190734863,0.597000002861023,0.5989999771118164,880428928.0,528550560.0,3154435.0
2025-05-08,0.5979999899864197,0.6079999804496765,0.5950000286102295,0.6019999980926514,1077086208.0,649077824.0,3154435.0
2025-05-09,0.6019999980926514,0.6050000190734863,0.6000000238418579,0.6029999852180481,810310976.0,488321952.0,3154435.0
2025-05-12,0.6039999723434448,0.6079999804496765,0.6019999980926514,0.6050000190734863,972041088.0,587828672.0,3154435.0
2025-05-13,0.6069999933242798,0.609000027179718,0.6019999980926514,0.6039999723434448,694437120.0,419288416.0,3154435.0
2025-05-14,0.6039999723434448,0.6200000047683716,0.6000000238418579,0.6129999756813049,1753303552.0,1069789696.0,3154435.0
2025-05-15,0.6110000014305115,0.6150000095367432,0.6060000061988831,0.6060000061988831,812008192.0,495137120.0,3154435.0
2025-05-16,0.6060000061988831,0.6069999933242798,0.5989999771118164,0.5989999771118164,568744384.0,341901280.0,3154435.0
2025-05-19,0.5920000076293945,0.5929999947547913,0.5889999866485596,0.5920000076293945,985119296.0,582289152.0,3154435.0
2025-05-20,0.5920000076293945,0.5960000157356262,0.5899999737739563,0.5929999947547913,813292288.0,482817344.0,3154435.0
2025-05-21,0.5929999947547913,0.597000002861023,0.5929999947547913,0.593999981880188,644239552.0,383397824.0,3154435.0
2025-05-22,0.593999981880188,0.593999981880188,0.5899999737739563,0.5910000205039978,457106176.0,270677056.0,3154435.0
2025-05-23,0.5920000076293945,0.5950000286102295,0.5860000252723694,0.5870000123977661,591152768.0,349019520.0,3154435.0
2025-05-26,0.5870000123977661,0.5879999995231628,0.5799999833106995,0.5820000171661377,755308800.0,440631040.0,3154435.0
2025-05-27,0.5820000171661377,0.5879999995231628,0.5820000171661377,0.5839999914169312,478630528.0,280058592.0,3154435.0
2025-05-28,0.5849999785423279,0.5879999995231628,0.5809999704360962,0.5870000123977661,516918272.0,302775456.0,3154435.0
2025-05-29,0.5870000123977661,0.5889999866485596,0.5820000171661377,0.5879999995231628,648153280.0,380005472.0,3154435.0
2025-05-30,0.5870000123977661,0.5879999995231628,0.5789999961853027,0.5809999704360962,906505280.0,527199264.0,3154435.0
2025-06-03,0.5770000219345093,0.5789999961853027,0.5740000009536743,0.5759999752044678,699961216.0,403181696.0,3154435.0
2025-06-04,0.5759999752044678,0.5799999833106995,0.574999988079071,0.5770000219345093,592436480.0,342256864.0,3154435.0
2025-06-05,0.5789999961853027,0.5799999833106995,0.5759999752044678,0.578000009059906,908308032.0,524905536.0,3154435.0
2025-06-06,0.578000009059906,0.5809999704360962,0.5759999752044678,0.5770000219345093,793276608.0,458430240.0,3154435.0
2025-06-09,0.5770000219345093,0.5770000219345093,0.5720000267028809,0.5740000009536743,1012837120.0,582029760.0,3154435.0
2025-06-10,0.5740000009536743,0.574999988079071,0.5649999976158142,0.5690000057220459,1249352320.0,711653824.0,3154435.0
2025-06-11,0.5680000185966492,0.5730000138282776,0.5680000185966492,0.5699999928474426,893403200.0,509800832.0,3154435.0
2025-06-12,0.5690000057220459,0.5690000057220459,0.5600000023841858,0.5600000023841858,1557734144.0,876296704.0,3154435.0
2025-06-13,0.5580000281333923,0.5590000152587891,0.5440000295639038,0.5450000166893005,2045092480.0,1122347264.0,3154435.0
2025-06-16,0.5410000085830688,0.546999990940094,0.5370000004768372,0.5460000038146973,1764538368.0,957626112.0,3154435.0
2025-06-17,0.5450000166893005,0.550000011920929,0.5440000295639038,0.546999990940094,985357376.0,539034240.0,3154435.0
2025-06-18,0.5509999990463257,0.5580000281333923,0.5490000247955322,0.550000011920929,1576218240.0,871707712.0,3154435.0
2025-06-19,0.546999990940094,0.5519999861717224,0.5450000166893005,0.5460000038146973,834785344.0,457740160.0,3154435.0
2025-06-20,0.5479999780654907,0.5600000023841858,0.546999990940094,0.5580000281333923,2186255360.0,1216741760.0,3154435.0
2025-06-23,0.5540000200271606,0.5540000200271606,0.5460000038146973,0.5509999990463257,1178361856.0,648750912.0,3154435.0
2025-06-24,0.5519999861717224,0.5569999814033508,0.5509999990463257,0.5550000071525574,1236444160.0,685659648.0,3154435.0
2025-06-25,0.5550000071525574,0.5569999814033508,0.5490000247955322,0.5559999942779541,1818806144.0,1005394368.0,3154435.0
2025-06-26,0.5559999942779541,0.5590000152587891,0.5540000200271606,0.5559999942779541,1035934592.0,576544128.0,3154435.0
2025-06-27,0.5550000071525574,0.5559999942779541,0.5509999990463257,0.5519999861717224,926737280.0,512718016.0,3154435.0
2025-06-30,0.5519999861717224,0.5590000152587891,0.550000011920929,0.5550000071525574,1319925504.0,731287296.0,3154435.0
2025-07-01,0.5540000200271606,0.5550000071525574,0.5509999990463257,0.5519999861717224,707193216.0,390199712.0,3154435.0
2025-07-02,0.5519999861717224,0.5580000281333923,0.5509999990463257,0.5540000200271606,1199632256.0,665336896.0,3154435.0
2025-07-03,0.5540000200271606,0.5580000281333923,0.5519999861717224,0.5550000071525574,816388800.0,453782464.0,3154435.0
2025-07-04,0.5550000071525574,0.5580000281333923,0.5529999732971191,0.5550000071525574,898253440.0,498977120.0,3154435.0
2025-07-07,0.5559999942779541,0.5569999814033508,0.5529999732971191,0.5540000200271606,550864000.0,305602272.0,3154435.0
2025-07-08,0.5540000200271606,0.5590000152587891,0.5540000200271606,0.5590000152587891,1169278848.0,651404928.0,3154435.0
2025-07-09,0.5590000152587891,0.5680000185966492,0.5569999814033508,0.5619999766349792,1892402944.0,1067778944.0,3154435.0
2025-07-10,0.5609999895095825,0.5669999718666077,0.5580000281333923,0.5649999976158142,1763000960.0,992186624.0,3154435.0
2025-07-11,0.5640000104904175,0.5740000009536743,0.5640000104904175,0.5699999928474426,2039373184.0,1160473472.0,3154435.0
2025-07-14,0.5680000185966492,0.5720000267028809,0.5640000104904175,0.5699999928474426,1724199936.0,980032064.0,3154435.0
2025-07-15,0.5669999718666077,0.5680000185966492,0.5600000023841858,0.5619999766349792,1639863040.0,923172352.0,3154435.0
2025-07-16,0.5609999895095825,0.5680000185966492,0.5609999895095825,0.5669999718666077,1378530688.0,779612160.0,3154435.0
2025-07-17,0.5649999976158142,0.5690000057220459,0.5640000104904175,0.5680000185966492,805370816.0,456346816.0,3154435.0
2025-07-18,0.5680000185966492,0.5770000219345093,0.5669999718666077,0.574999988079071,1920486912.0,1101892736.0,3154435.0
2025-07-21,0.5759999752044678,0.5759999752044678,0.5720000267028809,0.574999988079071,1121788544.0,643860928.0,3154435.0
2025-07-22,0.5740000009536743,0.5920000076293945,0.5740000009536743,0.5910000205039978,2964673024.0,1734401664.0,3154435.0
2025-07-23,0.5910000205039978,0.5950000286102295,0.5860000252723694,0.5870000123977661,1781540736.0,1053204544.0,3154435.0
2025-07-24,0.5870000123977661,0.5910000205039978,0.5860000252723694,0.5899999737739563,1531426432.0,902255680.0,3154435.0
2025-07-25,0.5910000205039978,0.5910000205039978,0.5799999833106995,0.5799999833106995,1921567232.0,1121868928.0,3154435.0
2025-07-28,0.5799999833106995,0.5799999833106995,0.5740000009536743,0.578000009059906,1459580800.0,841574592.0,3154435.0
2025-07-29,0.5770000219345093,0.5789999961853027,0.5720000267028809,0.5770000219345093,1658767360.0,953313664.0,3154435.0
2025-07-30,0.578000009059906,0.5849999785423279,0.5770000219345093,0.5809999704360962,2085995648.0,1212730240.0,3154435.0
2025-07-31,0.5789999961853027,0.5789999961853027,0.5649999976158142,0.5680000185966492,2508096256.0,1429999744.0,3154435.0
2025-08-01,0.5669999718666077,0.5690000057220459,0.5640000104904175,0.5669999718666077,1143387904.0,647904256.0,3154435.0
2025-08-04,0.5659999847412109,0.5680000185966492,0.5640000104904175,0.5669999718666077,692429568.0,392168544.0,3154435.0
2025-08-05,0.5669999718666077,0.574999988079071,0.5669999718666077,0.5740000009536743,1155411584.0,660857536.0,3154435.0
2025-08-06,0.574999988079071,0.5759999752044678,0.5709999799728394,0.574999988079071,781100480.0,448059136.0,3154435.0
2025-08-07,0.5740000009536743,0.578000009059906,0.5730000138282776,0.5759999752044678,949404096.0,546569280.0,3154435.0
2025-08-08,0.5759999752044678,0.5759999752044678,0.5720000267028809,0.5730000138282776,875026880.0,501735008.0,3154435.0
2025-08-11,0.5730000138282776,0.5860000252723694,0.5720000267028809,0.5839999914169312,1878758016.0,1090357760.0,3154435.0
2025-08-12,0.5830000042915344,0.5920000076293945,0.5809999704360962,0.5820000171661377,2095625472.0,1228715776.0,3154435.0
2025-08-13,0.5809999704360962,0.5839999914169312,0.5770000219345093,0.5820000171661377,2252122368.0,1308215168.0,3154435.0
2025-08-14,0.5809999704360962,0.5889999866485596,0.5789999961853027,0.5799999833106995,1923252864.0,1123101824.0,3154435.0
2025-08-15,0.578000009059906,0.5830000042915344,0.574999988079071,0.5809999704360962,1701472512.0,985926912.0,3154435.0
2025-08-18,0.5820000171661377,0.5870000123977661,0.5809999704360962,0.5849999785423279,2567602432.0,1499874048.0,3154435.0
2025-08-19,0.5849999785423279,0.5989999771118164,0.5839999914169312,0.593999981880188,3658813696.0,2172542464.0,3154435.0
2025-08-20,0.5920000076293945,0.6119999885559082,0.5889999866485596,0.609000027179718,3595938048.0,2176657664.0,3154435.0
2025-08-21,0.609000027179718,0.6100000143051147,0.6010000109672546,0.6029999852180481,2182946304.0,1319537664.0,3154435.0
2025-08-22,0.6029999852180481,0.609000027179718,0.6010000109672546,0.609000027179718,2085489792.0,1261783296.0,3154435.0
2025-08-25,0.6110000014305115,0.6340000033378601,0.6100000143051147,0.6320000290870667,3836375808.0,2392100096.0,3154435.0
2025-08-26,0.6299999952316284,0.6389999985694885,0.6230000257492065,0.6299999952316284,2998449920.0,1891668736.0,3154435.0
2025-08-27,0.6290000081062317,0.6290000081062317,0.6110000014305115,0.6119999885559082,4014574336.0,2486677504.0,3154435.0
2025-08-28,0.6100000143051147,0.6159999966621399,0.5979999899864197,0.609000027179718,3129672448.0,1897956224.0,3154435.0
2025-08-29,0.6119999885559082,0.628000020980835,0.6110000014305115,0.625,3240639744.0,2016885504.0,3154435.0
2025-09-01,0.6230000257492065,0.6259999871253967,0.6179999709129333,0.621999979019165,2642632704.0,1641786368.0,3154435.0
2025-09-02,0.6209999918937683,0.6340000033378601,0.6169999837875366,0.6200000047683716,3007733760.0,1877863168.0,3154435.0
2025-09-03,0.621999979019165,0.6299999952316284,0.609000027179718,0.6110000014305115,2261595136.0,1395817984.0,3154435.0
2025-09-04,0.6110000014305115,0.6119999885559082,0.6019999980926514,0.6119999885559082,2218915328.0,1348762368.0,3154435.0
2025-09-05,0.6110000014305115,0.6159999966621399,0.6039999723434448,0.6150000095367432,2260296448.0,1379633152.0,3154435.0
2025-09-08,0.6140000224113464,0.625,0.6119999885559082,0.6240000128746033,2295321344.0,1425301120.0,3154435.0
2025-09-09,0.6230000257492065,0.625,0.6159999966621399,0.6240000128746033,1891124480.0,1173426432.0,3154435.0
2025-09-10,0.6240000128746033,0.6309999823570251,0.6179999709129333,0.6240000128746033,2143432448.0,1340385024.0,3154435.0
2025-09-11,0.6209999918937683,0.628000020980835,0.6200000047683716,0.628000020980835,2113146368.0,1317778816.0,3154435.0
2025-09-12,0.628000020980835,0.6370000243186951,0.6200000047683716,0.6209999918937683,2335669760.0,1460640256.0,3154435.0
2025-09-15,0.6190000176429749,0.6209999918937683,0.6159999966621399,0.6190000176429749,1635322496.0,1011912448.0,3154435.0
2025-09-16,0.6209999918937683,0.621999979019165,0.6150000095367432,0.6190000176429749,1337568000.0,826385600.0,3154435.0
2025-09-17,0.6179999709129333,0.6200000047683716,0.6119999885559082,0.6140000224113464,1587864320.0,975165824.0,3154435.0
2025-09-18,0.6140000224113464,0.6140000224113464,0.5989999771118164,0.6029999852180481,2515278080.0,1525916800.0,3154435.0
2025-09-19,0.6019999980926514,0.6069999933242798,0.5950000286102295,0.6060000061988831,2277164288.0,1368203776.0,3154435.0
2025-09-22,0.6029999852180481,0.6029999852180481,0.5950000286102295,0.5960000157356262,1751715072.0,1046397632.0,3154435.0
2025-09-23,0.5950000286102295,0.5979999899864197,0.5879999995231628,0.5929999947547913,1591958528.0,942711872.0,3154435.0
2025-09-24,0.5910000205039978,0.597000002861023,0.5899999737739563,0.5929999947547913,1426090240.0,846047552.0,3154435.0
2025-09-25,0.593999981880188,0.593999981880188,0.5870000123977661,0.5879999995231628,1681359872.0,991688512.0,3154435.0
2025-09-26,0.5879999995231628,0.5899999737739563,0.5820000171661377,0.5839999914169312,1922686976.0,1125911424.0,3154435.0
2025-09-29,0.5860000252723694,0.597000002861023,0.5820000171661377,0.593999981880188,2135325056.0,1260526080.0,3154435.0
2025-09-30,0.5920000076293945,0.5929999947547913,0.5879999995231628,0.5899999737739563,1643556096.0,969716096.0,3154435.0
2025-10-09,0.5879999995231628,0.5879999995231628,0.5770000219345093,0.5839999914169312,2307234816.0,1340512640.0,3154435.0
2025-10-10,0.5820000171661377,0.5870000123977661,0.5809999704360962,0.5830000042915344,1406052864.0,821312320.0,3154435.0
2025-10-13,0.574999988079071,0.5789999961853027,0.5730000138282776,0.5770000219345093,1889860992.0,1090525568.0,3154435.0
2025-10-14,0.5789999961853027,0.593999981880188,0.578000009059906,0.5929999947547913,2889303040.0,1700320640.0,3154435.0
2025-10-15,0.5910000205039978,0.5989999771118164,0.5879999995231628,0.597000002861023,1927712896.0,1146725120.0,3154435.0
2025-10-16,0.593999981880188,0.6050000190734863,0.593999981880188,0.6039999723434448,1855659776.0,1113422848.0,3154435.0
2025-10-17,0.6029999852180481,0.6039999723434448,0.593999981880188,0.5950000286102295,1803307904.0,1079183360.0,3154435.0
2025-10-20,0.5960000157356262,0.597000002861023,0.5899999737739563,0.5910000205039978,1434874752.0,850774272.0,3154435.0
2025-10-21,0.5910000205039978,0.5960000157356262,0.5889999866485596,0.5920000076293945,1136802688.0,673128384.0,3154435.0
2025-10-22,0.5899999737739563,0.5950000286102295,0.5879999995231628,0.5889999866485596,1236134144.0,729633280.0,3154435.0
2025-10-23,0.5879999995231628,0.5929999947547913,0.5849999785423279,0.5929999947547913,1535107712.0,903234432.0,3154435.0
2025-10-24,0.5920000076293945,0.593999981880188,0.5809999704360962,0.5820000171661377,2351974400.0,1375759744.0,3154435.0
2025-10-27,0.5799999833106995,0.5849999785423279,0.5770000219345093,0.5820000171661377,1494854528.0,868741568.0,3154435.0
2025-10-28,0.5809999704360962,0.5870000123977661,0.5799999833106995,0.5820000171661377,1529919360.0,892716288.0,3154435.0
2025-10-29,0.5799999833106995,0.5820000171661377,0.574999988079071,0.5789999961853027,1803558400.0,1040912576.0,3154435.0
2025-10-30,0.5759999752044678,0.5849999785423279,0.574999988079071,0.5789999961853027,2522546688.0,1466481792.0,3154435.0
2025-10-31,0.5759999752044678,0.5910000205039978,0.574999988079071,0.5879999995231628,2747299328.0,1613772416.0,3154435.0
2025-11-03,0.5849999785423279,0.5920000076293945,0.5809999704360962,0.5879999995231628,2545595648.0,1495282176.0,3154435.0
2025-11-04,0.5870000123977661,0.5879999995231628,0.5789999961853027,0.5809999704360962,1637259776.0,954876224.0,3154435.0
2025-11-05,0.5789999961853027,0.5849999785423279,0.5759999752044678,0.5789999961853027,1678755584.0,972434944.0,3154435.0
2025-11-06,0.5809999704360962,0.5849999785423279,0.578000009059906,0.5799999833106995,1367877632.0,794135872.0,3154435.0
2025-11-07,0.5789999961853027,0.5820000171661377,0.5770000219345093,0.578000009059906,951782400.0,550780224.0,3154435.0
2025-11-10,0.5770000219345093,0.6060000061988831,0.5759999752044678,0.6039999723434448,4990087168.0,2971400192.0,3154435.0
2025-11-11,0.6000000238418579,0.6050000190734863,0.5950000286102295,0.6029999852180481,2826660096.0,1696833024.0,3154435.0
2025-11-12,0.6019999980926514,0.609000027179718,0.6019999980926514,0.6029999852180481,2331859712.0,1410526464.0,3154435.0
2025-11-13,0.6000000238418579,0.609000027179718,0.5989999771118164,0.6069999933242798,2560755712.0,1548972160.0,3154435.0
2025-11-14,0.6050000190734863,0.6129999756813049,0.5979999899864197,0.5979999899864197,2127999872.0,1284437504.0,3154435.0
2025-11-17,0.597000002861023,0.6019999980926514,0.5910000205039978,0.5979999899864197,1498669952.0,893803072.0,3154435.0
2025-11-18,0.5979999899864197,0.6039999723434448,0.5929999947547913,0.5950000286102295,1374981120.0,823444160.0,3154435.0
2025-11-19,0.5950000286102295,0.597000002861023,0.5889999866485596,0.5920000076293945,1074488960.0,636133312.0,3154435.0
2025-11-20,0.5929999947547913,0.597000002861023,0.5889999866485596,0.5899999737739563,1129463168.0,668821120.0,3154435.0
2025-11-21,0.5879999995231628,0.597000002861023,0.5809999704360962,0.5849999785423279,1576224000.0,926270464.0,3154435.0
2025-11-24,0.5839999914169312,0.5889999866485596,0.5799999833106995,0.5809999704360962,1300183552.0,758994752.0,3154435.0
2025-11-25,0.5820000171661377,0.5830000042915344,0.578000009059906,0.5820000171661377,1533100928.0,890141696.0,3154435.0
2025-11-26,0.5820000171661377,0.5849999785423279,0.5799999833106995,0.5820000171661377,1337157376.0,778308096.0,3154435.0
2025-11-27,0.5830000042915344,0.5860000252723694,0.5789999961853027,0.5830000042915344,1212449024.0,706023616.0,3154435.0
2025-11-28,0.5820000171661377,0.5849999785423279,0.5789999961853027,0.5830000042915344,1213746816.0,707147968.0,3154435.0
2025-12-01,0.5830000042915344,0.5879999995231628,0.5809999704360962,0.5830000042915344,1160586624.0,677487488.0,3154435.0
2025-12-02,0.5830000042915344,0.5849999785423279,0.5770000219345093,0.5770000219345093,1460700800.0,846817216.0,3154435.0
2025-12-03,0.578000009059906,0.578000009059906,0.5690000057220459,0.5699999928474426,2050436736.0,1173278080.0,3154435.0
2025-12-04,0.5699999928474426,0.5709999799728394,0.5590000152587891,0.5609999895095825,2057495040.0,1156335104.0,3154435.0
2025-12-05,0.5600000023841858,0.5640000104904175,0.5580000281333923,0.5630000233650208,1137679616.0,638724096.0,3154435.0
2025-12-08,0.5619999766349792,0.5640000104904175,0.5569999814033508,0.5569999814033508,1552400256.0,868633600.0,3154435.0
2025-12-09,0.5580000281333923,0.5580000281333923,0.546999990940094,0.5490000247955322,1958812800.0,1079604480.0,3154435.0
2025-12-10,0.5479999780654907,0.5540000200271606,0.5440000295639038,0.5529999732971191,1500239872.0,826447040.0,3154435.0
2025-12-11,0.5529999732971191,0.5540000200271606,0.5479999780654907,0.550000011920929,977663808.0,538030784.0,3154435.0
2025-12-12,0.5519999861717224,0.5590000152587891,0.550000011920929,0.5509999990463257,1859200384.0,1028623552.0,3154435.0
2025-12-15,0.5569999814033508,0.5609999895095825,0.5540000200271606,0.5540000200271606,1991051392.0,1109127040.0,3154435.0
2025-12-16,0.5529999732971191,0.5550000071525574,0.550000011920929,0.5550000071525574,1178840704.0,652025216.0,3154435.0
2025-12-17,0.5540000200271606,0.5550000071525574,0.5479999780654907,0.5529999732971191,1038850880.0,573388352.0,3154435.0
2025-12-18,0.5529999732971191,0.5540000200271606,0.550000011920929,0.5519999861717224,1178709376.0,650502976.0,3154435.0
2025-12-19,0.5519999861717224,0.5559999942779541,0.550000011920929,0.5540000200271606,1134263680.0,627579968.0,3154435.0
2025-12-22,0.5540000200271606,0.5569999814033508,0.5519999861717224,0.5529999732971191,1432710656.0,793749248.0,3154435.0
2025-12-23,0.5529999732971191,0.5540000200271606,0.5479999780654907,0.550000011920929,1059873216.0,583003264.0,3154435.0
2025-12-24,0.5490000247955322,0.5490000247955322,0.5450000166893005,0.5479999780654907,1232078848.0,674211392.0,3154435.0
2025-12-25,0.5479999780654907,0.5569999814033508,0.546999990940094,0.5540000200271606,1830906752.0,1011471232.0,3154435.0
2025-12-26,0.5519999861717224,0.5540000200271606,0.5479999780654907,0.550000011920929,1493867136.0,822380032.0,3154435.0
2025-12-29,0.550000011920929,0.550000011920929,0.5419999957084656,0.5429999828338623,1583920768.0,863097472.0,3154435.0
2025-12-30,0.5429999828338623,0.5429999828338623,0.5389999747276306,0.5410000085830688,978304384.0,529129664.0,3154435.0
2025-12-31,0.5410000085830688,0.5419999957084656,0.5350000262260437,0.5360000133514404,1160690816.0,623513984.0,3154435.0
2026-01-05,0.5360000133514404,0.546999990940094,0.5360000133514404,0.5460000038146973,2219260416.0,1205012992.0,3154435.0
2026-01-06,0.5460000038146973,0.550000011920929,0.5429999828338623,0.550000011920929,1732087552.0,947079296.0,3154435.0
2026-01-07,0.550000011920929,0.5509999990463257,0.5460000038146973,0.546999990940094,1905082624.0,1043218368.0,3154435.0
2026-01-08,0.5460000038146973,0.546999990940094,0.5429999828338623,0.5460000038146973,1252097920.0,681576704.0,3154435.0
2026-01-09,0.546999990940094,0.5509999990463257,0.5450000166893005,0.546999990940094,1219054848.0,667808896.0,3154435.0
2026-01-12,0.546999990940094,0.5550000071525574,0.5460000038146973,0.5529999732971191,1721204992.0,950145152.0,3154435.0
2026-01-13,0.5540000200271606,0.5550000071525574,0.5460000038146973,0.5479999780654907,1612510208.0,888808384.0,3154435.0
2026-01-14,0.546999990940094,0.5529999732971191,0.5410000085830688,0.5450000166893005,1808393728.0,990234240.0,3154435.0
2026-01-15,0.5429999828338623,0.5460000038146973,0.5389999747276306,0.5400000214576721,1245774592.0,674267840.0,3154435.0
2026-01-16,0.5410000085830688,0.5419999957084656,0.5350000262260437,0.5370000004768372,1251509632.0,672286848.0,3154435.0
2026-01-19,0.5360000133514404,0.5379999876022339,0.5339999794960022,0.5350000262260437,1025779648.0,549272896.0,3154435.0
2026-01-20,0.5360000133514404,0.5419999957084656,0.5339999794960022,0.5400000214576721,1413628032.0,761555904.0,3154435.0
2026-01-21,0.5389999747276306,0.5389999747276306,0.5289999842643738,0.531000018119812,1927977216.0,1025920960.0,3154435.0
2026-01-22,0.5299999713897705,0.5329999923706055,0.527999997138977,0.5289999842643738,1068846336.0,566135168.0,3154435.0
2026-01-23,0.5289999842643738,0.531000018119812,0.5260000228881836,0.5270000100135803,1362516736.0,719976320.0,3154435.0
2026-01-26,0.5249999761581421,0.5260000228881836,0.515999972820282,0.5239999890327454,2231753216.0,1163357440.0,3154435.0
2026-01-27,0.5220000147819519,0.5230000019073486,0.5139999985694885,0.515999972820282,1758560000.0,908153984.0,3154435.0
2026-01-28,0.5149999856948853,0.5199999809265137,0.5120000243186951,0.515999972820282,1635738240.0,843134912.0,3154435.0
2026-01-29,0.5149999856948853,0.5680000185966492,0.5149999856948853,0.5680000185966492,7943165440.0,4327044608.0,3154435.0
2026-01-30,0.5619999766349792,0.5619999766349792,0.5400000214576721,0.5410000085830688,4935660544.0,2706926848.0,3154435.0
2026-02-02,0.5360000133514404,0.5659999847412109,0.5360000133514404,0.5490000247955322,4221753600.0,2336756224.0,3154435.0
2026-02-03,0.5440000295639038,0.5600000023841858,0.5440000295639038,0.5509999990463257,2603136512.0,1432837248.0,3154435.0
2026-02-04,0.5490000247955322,0.5659999847412109,0.5460000038146973,0.5619999766349792,3238630144.0,1806932992.0,3154435.0
2026-02-05,0.5600000023841858,0.5720000267028809,0.5580000281333923,0.5649999976158142,3317409792.0,1880661632.0,3154435.0
2026-02-06,0.5619999766349792,0.5669999718666077,0.5529999732971191,0.5540000200271606,2143905792.0,1192071680.0,3154435.0
2026-02-09,0.5529999732971191,0.5569999814033508,0.550000011920929,0.5540000200271606,1760519936.0,973765184.0,3154435.0
2026-02-10,0.5529999732971191,0.5529999732971191,0.5429999828338623,0.5450000166893005,1798195840.0,981366848.0,3154435.0
2026-02-11,0.5450000166893005,0.5479999780654907,0.5419999957084656,0.5450000166893005,1430085888.0,777880896.0,3154435.0
2026-02-12,0.5429999828338623,0.5440000295639038,0.5350000262260437,0.5350000262260437,1511880320.0,812902656.0,3154435.0
2026-02-13,0.5360000133514404,0.5419999957084656,0.5329999923706055,0.5350000262260437,1373447040.0,738248064.0,3154435.0
2026-02-24,0.5389999747276306,0.5419999957084656,0.5270000100135803,0.5289999842643738,1409184768.0,749560064.0,3154435.0
2026-02-25,0.5289999842643738,0.5350000262260437,0.527999997138977,0.5320000052452087,1070294848.0,569434432.0,3154435.0
2026-02-26,0.531000018119812,0.5320000052452087,0.5230000019073486,0.5249999761581421,1169926272.0,615895616.0,3154435.0
2026-02-27,0.5249999761581421,0.5270000100135803,0.5230000019073486,0.5260000228881836,776796992.0,407807264.0,3154435.0
2026-03-02,0.5199999809265137,0.5230000019073486,0.5130000114440918,0.515999972820282,1536301312.0,793772928.0,3154435.0
2026-03-03,0.5139999985694885,0.5239999890327454,0.5090000033378601,0.5149999856948853,2165171456.0,1115823616.0,3154435.0
2026-03-04,0.5109999775886536,0.5109999775886536,0.5,0.5019999742507935,2040707072.0,1028821184.0,3154435.0
2026-03-05,0.5049999952316284,0.5070000290870667,0.5009999871253967,0.503000020980835,825693120.0,415808288.0,3154435.0
2026-03-06,0.5009999871253967,0.5109999775886536,0.5,0.5099999904632568,1947734144.0,987724032.0,3154435.0
2026-03-09,0.5049999952316284,0.5080000162124634,0.503000020980835,0.5049999952316284,1214369536.0,613587968.0,3154435.0
2026-03-10,0.5070000290870667,0.5090000033378601,0.5049999952316284,0.5080000162124634,841604480.0,426734304.0,3154435.0
2026-03-11,0.5070000290870667,0.5080000162124634,0.5040000081062317,0.5059999823570251,798440128.0,403849696.0,3154435.0
2026-03-12,0.5049999952316284,0.5090000033378601,0.503000020980835,0.5059999823570251,1355345920.0,685300032.0,3154435.0
2026-03-13,0.5049999952316284,0.5139999985694885,0.5040000081062317,0.5120000243186951,1752902784.0,896024000.0,3154435.0
2026-03-16,0.5109999775886536,0.5230000019073486,0.5099999904632568,0.5189999938011169,1739866496.0,901087680.0,3154435.0
2026-03-17,0.5170000195503235,0.5249999761581421,0.5149999856948853,0.5180000066757202,1430067712.0,744316928.0,3154435.0
2026-03-18,0.5180000066757202,0.5199999809265137,0.5099999904632568,0.5130000114440918,1090785280.0,559603392.0,3154435.0
2026-03-19,0.5099999904632568,0.5109999775886536,0.5040000081062317,0.5040000081062317,1217566976.0,617154176.0,3154435.0
2026-03-20,0.5049999952316284,0.5070000290870667,0.49900001287460327,0.5,1151364736.0,578806208.0,3154435.0
2026-03-23,0.4959999918937683,0.4959999918937683,0.4819999933242798,0.48399999737739563,1764446208.0,860627840.0,3154435.0
2026-03-24,0.4869999885559082,0.49000000953674316,0.4819999933242798,0.49000000953674316,1108143616.0,538885440.0,3154435.0
2026-03-25,0.48899999260902405,0.49300000071525574,0.4869999885559082,0.492000013589859,974678528.0,478095680.0,3154435.0
2026-03-26,0.4909999966621399,0.4950000047683716,0.48500001430511475,0.4860000014305115,988156928.0,482914336.0,3154435.0
2026-03-27,0.4830000102519989,0.4950000047683716,0.4830000102519989,0.492000013589859,1197169920.0,587209600.0,3154435.0
2026-03-30,0.4869999885559082,0.4970000088214874,0.4869999885559082,0.49300000071525574,1143039360.0,561564544.0,3154435.0
2026-03-31,0.503000020980835,0.5070000290870667,0.492000013589859,0.49300000071525574,1526205056.0,761838912.0,3154435.0
2026-04-01,0.49399998784065247,0.5019999742507935,0.492000013589859,0.49799999594688416,1104182400.0,548912000.0,3154435.0
2026-04-02,0.4959999918937683,0.503000020980835,0.4950000047683716,0.49900001287460327,1044469568.0,521224224.0,3154435.0
2026-04-03,0.5,0.5019999742507935,0.492000013589859,0.49399998784065247,793887168.0,393250976.0,3154435.0
2026-04-07,0.49300000071525574,0.4970000088214874,0.4880000054836273,0.4909999966621399,774496192.0,380892544.0,3154435.0
2026-04-08,0.4950000047683716,0.49900001287460327,0.49300000071525574,0.49799999594688416,1684529920.0,836386624.0,3154435.0
2026-04-09,0.4959999918937683,0.4970000088214874,0.48899999260902405,0.49000000953674316,1059755712.0,521347616.0,3154435.0
2026-04-10,0.4909999966621399,0.49300000071525574,0.48899999260902405,0.4909999966621399,1108108160.0,544388352.0,3154435.0
2026-04-13,0.48899999260902405,0.49000000953674316,0.48500001430511475,0.48899999260902405,1007256768.0,490796000.0,3154435.0
2026-04-14,0.48899999260902405,0.492000013589859,0.48500001430511475,0.4909999966621399,1293179392.0,632018240.0,3154435.0
2026-04-15,0.4909999966621399,0.4959999918937683,0.4880000054836273,0.492000013589859,1286679168.0,632960512.0,3154435.0
2026-04-16,0.4909999966621399,0.4959999918937683,0.4909999966621399,0.49300000071525574,1009974144.0,498300544.0,3154435.0
2026-04-17,0.4869999885559082,0.4869999885559082,0.4830000102519989,0.48500001430511475,1739771520.0,843387008.0,3154435.0
2026-04-20,0.48399999737739563,0.4869999885559082,0.48100000619888306,0.48399999737739563,1035114496.0,500889248.0,3154435.0
2026-04-21,0.48399999737739563,0.4880000054836273,0.4819999933242798,0.4830000102519989,808860096.0,391502336.0,3154435.0
2026-04-22,0.4819999933242798,0.4830000102519989,0.4790000021457672,0.4819999933242798,981036864.0,471407200.0,3154435.0
2026-04-23,0.4830000102519989,0.4950000047683716,0.4830000102519989,0.49000000953674316,2477441536.0,1212512640.0,3154435.0
2026-04-24,0.4880000054836273,0.4950000047683716,0.48399999737739563,0.4909999966621399,1519002496.0,744969728.0,3154435.0
2026-04-27,0.4869999885559082,0.4880000054836273,0.4819999933242798,0.4819999933242798,1448691200.0,700162880.0,3154435.0
2026-04-28,0.48100000619888306,0.48399999737739563,0.47999998927116394,0.4819999933242798,928854528.0,447648480.0,3154435.0
2026-04-29,0.48100000619888306,0.49000000953674316,0.48100000619888306,0.4869999885559082,1363861632.0,664128320.0,3154435.0
2026-04-30,0.48500001430511475,0.4909999966621399,0.48399999737739563,0.48399999737739563,1062378688.0,516772672.0,3154435.0
2026-05-06,0.47699999809265137,0.4779999852180481,0.4729999899864197,0.47699999809265137,2251470848.0,1070782080.0,3154435.0
2026-05-07,0.47699999809265137,0.4830000102519989,0.47699999809265137,0.4779999852180481,1522556416.0,729755264.0,3154435.0
2026-05-08,0.4779999852180481,0.4790000021457672,0.4749999940395355,0.47600001096725464,1319592576.0,629055808.0,3154435.0
2026-05-11,0.4749999940395355,0.4790000021457672,0.47200000286102295,0.4749999940395355,1683827200.0,800457664.0,3154435.0
2026-05-12,0.47600001096725464,0.47600001096725464,0.46799999475479126,0.4690000116825104,1803416576.0,848966912.0,3154435.0
2026-05-13,0.4690000116825104,0.4699999988079071,0.460999995470047,0.4620000123977661,1706763648.0,790663424.0,3154435.0
2026-05-14,0.4620000123977661,0.47699999809265137,0.45899999141693115,0.4659999907016754,2943954176.0,1374025728.0,3154435.0
2026-05-15,0.46399998664855957,0.46399998664855957,0.453000009059906,0.45500001311302185,1947677312.0,890710208.0,3154435.0
2026-05-18,0.4560000002384186,0.4569999873638153,0.44999998807907104,0.45100000500679016,1350651520.0,610376704.0,3154435.0
2026-05-19,0.4519999921321869,0.45899999141693115,0.45100000500679016,0.4519999921321869,1101283712.0,501074208.0,3154435.0
2026-05-20,0.4519999921321869,0.46000000834465027,0.45100000500679016,0.45500001311302185,1364658432.0,622325760.0,3154435.0
2026-05-21,0.45399999618530273,0.460999995470047,0.4519999921321869,0.45399999618530273,1440965888.0,658632384.0,3154435.0
2026-05-22,0.45399999618530273,0.45399999618530273,0.4440000057220459,0.4440000057220459,1437105536.0,641623232.0,3154435.0
2026-05-25,0.4429999887943268,0.453000009059906,0.4390000104904175,0.4480000138282776,1769943552.0,791426688.0,3154435.0
2026-05-26,0.4449999928474426,0.4519999921321869,0.4410000145435333,0.4440000057220459,1533702912.0,684022336.0,3154435.0
2026-05-27,0.44200000166893005,0.460999995470047,0.4359999895095825,0.453000009059906,3752009216.0,1681895936.0,3154435.0
2026-05-28,0.4480000138282776,0.45100000500679016,0.4410000145435333,0.4429999887943268,1887990528.0,840705536.0,3154435.0
2026-05-29,0.4410000145435333,0.46299999952316284,0.4399999976158142,0.4569999873638153,3983499264.0,1811842944.0,3154435.0
2026-06-01,0.45399999618530273,0.4580000042915344,0.44999998807907104,0.4560000002384186,1690110592.0,767470656.0,3154435.0
2026-06-02,0.45399999618530273,0.45899999141693115,0.4480000138282776,0.4480000138282776,1693531648.0,765394304.0,3154435.0
2026-06-03,0.44699999690055847,0.44699999690055847,0.43700000643730164,0.4440000057220459,2166655232.0,954736384.0,3154435.0
2026-06-04,0.4410000145435333,0.4449999928474426,0.4320000112056732,0.43299999833106995,1582420864.0,691216320.0,3154435.0
2026-06-05,0.4350000023841858,0.44200000166893005,0.4320000112056732,0.43299999833106995,1564908800.0,682480128.0,3154435.0
2026-06-08,0.4320000112056732,0.43700000643730164,0.42399999499320984,0.42500001192092896,1535129600.0,659180736.0,3154435.0
2026-06-09,0.42500001192092896,0.42500001192092896,0.4180000126361847,0.42100000381469727,1349764864.0,567629504.0,3154435.0
2026-06-10,0.41999998688697815,0.42899999022483826,0.4189999997615814,0.4259999990463257,1748670464.0,744837248.0,3154435.0
2026-06-11,0.42399999499320984,0.4269999861717224,0.4189999997615814,0.42399999499320984,1026584768.0,434183680.0,3154435.0
2026-06-12,0.4230000078678131,0.4320000112056732,0.42100000381469727,0.42800000309944153,1564242816.0,669375936.0,3154435.0
2026-06-15,0.42800000309944153,0.4300000071525574,0.4230000078678131,0.4259999990463257,1127429632.0,480220704.0,3154435.0
2026-06-16,0.42500001192092896,0.42500001192092896,0.4169999957084656,0.4189999997615814,1300583680.0,545682944.0,3154435.0
2026-06-17,0.4189999997615814,0.41999998688697815,0.4099999964237213,0.4129999876022339,1501347456.0,620739648.0,3154435.0
2026-06-18,0.41200000047683716,0.4129999876022339,0.4009999930858612,0.40400001406669617,2263323904.0,915919936.0,3154435.0
2026-06-22,0.4009999930858612,0.41200000047683716,0.39800000190734863,0.40700000524520874,2257714688.0,911054720.0,3154435.0
2026-06-23,0.40400001406669617,0.41200000047683716,0.39800000190734863,0.39899998903274536,1745172096.0,707175360.0,3154435.0
2026-06-24,0.39899998903274536,0.40299999713897705,0.3889999985694885,0.38999998569488525,1897967360.0,748091776.0,3154435.0
2026-06-25,0.3869999945163727,0.4020000100135803,0.38600000739097595,0.3959999978542328,2339498496.0,922397696.0,3154435.0
2026-06-26,0.3959999978542328,0.4009999930858612,0.3869999945163727,0.3880000114440918,1589622528.0,625873216.0,3154435.0
2026-06-29,0.38600000739097595,0.4000000059604645,0.3779999911785126,0.3959999978542328,2260039680.0,882959680.0,3154435.0
2026-06-30,0.39100000262260437,0.3970000147819519,0.38600000739097595,0.3930000066757202,1803256832.0,703842944.0,3154435.0
2026-07-01,0.38999998569488525,0.4009999930858612,0.3880000114440918,0.39800000190734863,1963940736.0,776808960.0,3154435.0
2026-07-02,0.3970000147819519,0.40299999713897705,0.3930000066757202,0.3959999978542328,1571852032.0,624375808.0,3154435.0
2026-07-03,0.3959999978542328,0.4020000100135803,0.3930000066757202,0.3959999978542328,1538864128.0,610814784.0,3154435.0
2026-07-06,0.39399999380111694,0.40400001406669617,0.3919999897480011,0.4009999930858612,1883689472.0,752217216.0,3154435.0
2026-07-07,0.4000000059604645,0.4009999930858612,0.38999998569488525,0.38999998569488525,1579499136.0,621709056.0,3154435.0
2026-07-08,0.38999998569488525,0.3930000066757202,0.38600000739097595,0.38999998569488525,1364138240.0,531331392.0,3154435.0
2026-07-09,0.3880000114440918,0.38999998569488525,0.38199999928474426,0.382999986410141,1405525248.0,541179520.0,3154435.0
2026-07-10,0.3840000033378601,0.39800000190734863,0.3799999952316284,0.3970000147819519,2427688960.0,951263040.0,3154435.0
2026-07-13,0.39399999380111694,0.3959999978542328,0.38999998569488525,0.3930000066757202,1368946432.0,537734272.0,3154435.0
2026-07-14,0.3930000066757202,0.39800000190734863,0.3919999897480011,0.3959999978542328,1161889920.0,458412320.0,3154435.0
2026-07-15,0.3930000066757202,0.4180000126361847,0.39100000262260437,0.41600000858306885,3641813760.0,1491674240.0,3154435.0
2026-07-16,0.414000004529953,0.4230000078678131,0.41200000047683716,0.41999998688697815,2601723392.0,1086771712.0,3154435.0
2026-07-17,0.41999998688697815,0.42500001192092896,0.41100001335144043,0.4129999876022339,2343229184.0,974183936.0,3154435.0
2026-07-20,0.41499999165534973,0.43299999833106995,0.414000004529953,0.4320000112056732,3021997312.0,1288430336.0,3154435.0
2026-07-21,0.4300000071525574,0.43700000643730164,0.421999990940094,0.42500001192092896,2760576768.0,1182555392.0,3154435.0
2026-07-22,0.421999990940094,0.4300000071525574,0.41600000858306885,0.4300000071525574,2752336128.0,1166547968.0,3154435.0
2026-07-23,0.4259999990463257,0.4269999861717224,0.41999998688697815,0.42500001192092896,1489919488.0,631492992.0,3154435.0
2026-07-24,0.42500001192092896,0.4269999861717224,0.41499999165534973,0.41600000858306885,1554900608.0,653081600.0,3154435.0
2026-07-27,0.4189999997615814,0.421999990940094,0.41499999165534973,0.41999998688697815,1189235200.0,498849312.0,3154435.0
2026-07-28,0.41999998688697815,0.4309999942779541,0.4180000126361847,0.4300000071525574,2026551680.0,860692736.0,3154435.0
2026-07-29,0.42899999022483826,0.4399999976158142,0.42800000309944153,0.4359999895095825,1893843072.0,823820800.0,3154435.0
2026-07-30,0.4350000023841858,0.45500001311302185,0.4339999854564667,0.4519999921321869,2515551232.0,1130152960.0,3154435.0
2026-07-31,0.44200000166893005,0.45399999618530273,0.4390000104904175,0.453000009059906,2100754688.0,941431360.0,3154435.0
2026-08-03,0.44999998807907104,0.45399999618530273,0.44699999690055847,0.4480000138282776,1176730240.0,529382688.0,3154435.0
2026-08-04,0.44600000977516174,0.4480000138282776,0.4399999976158142,0.4410000145435333,1506018176.0,666472896.0,3154435.0
2026-08-05,0.4399999976158142,0.4410000145435333,0.43299999833106995,0.43700000643730164,1940771712.0,844991680.0,3154435.0
2026-08-06,0.43700000643730164,0.43700000643730164,0.4309999942779541,0.4339999854564667,1832273920.0,794312128.0,3154435.0
2026-08-07,0.43299999833106995,0.43700000643730164,0.4269999861717224,0.4350000023841858,2135509376.0,922761088.0,3154435.0
2026-08-10,0.4359999895095825,0.4490000009536743,0.4350000023841858,0.4449999928474426,2345300992.0,1040052096.0,3154435.0
2026-08-11,0.4440000057220459,0.44699999690055847,0.4390000104904175,0.4410000145435333,1509824000.0,667745920.0,3154435.0
2026-08-12,0.4399999976158142,0.44999998807907104,0.43799999356269836,0.44600000977516174,1931801472.0,860232960.0,3154435.0
2026-08-13,0.4440000057220459,0.45500001311302185,0.4440000057220459,0.4490000009536743,1838629248.0,826945920.0,3154435.0
2026-08-14,0.4490000009536743,0.4490000009536743,0.4399999976158142,0.4410000145435333,1302625152.0,577785216.0,3154435.0
2026-08-17,0.4339999854564667,0.4339999854564667,0.4259999990463257,0.4300000071525574,1814031872.0,778779008.0,3154435.0
2026-08-18,0.4300000071525574,0.4339999854564667,0.42800000309944153,0.43299999833106995,997174336.0,430076992.0,3154435.0
2026-08-19,0.4309999942779541,0.4350000023841858,0.42399999499320984,0.42500001192092896,926983808.0,396139296.0,3154435.0
2026-08-20,0.42500001192092896,0.4300000071525574,0.42500001192092896,0.4259999990463257,648287488.0,276644704.0,3154435.0
2026-08-21,0.4259999990463257,0.4259999990463257,0.4180000126361847,0.4189999997615814,778620032.0,327292320.0,3154435.0
2026-08-24,0.4189999997615814,0.42500001192092896,0.4180000126361847,0.42100000381469727,871722944.0,368192896.0,3154435.0
2026-08-25,0.4230000078678131,0.42500001192092896,0.42100000381469727,0.421999990940094,630879232.0,266284512.0,3154435.0
2026-08-26,0.4189999997615814,0.42500001192092896,0.4169999957084656,0.4230000078678131,678309888.0,286637824.0,3154435.0
2026-08-27,0.421999990940094,0.421999990940094,0.4169999957084656,0.42100000381469727,920630848.0,385686784.0,3154435.0
2026-08-28,0.41999998688697815,0.42399999499320984,0.4180000126361847,0.4230000078678131,938368512.0,395616448.0,3154435.0
2026-08-31,0.4230000078678131,0.42500001192092896,0.4180000126361847,0.4189999997615814,822323328.0,345684928.0,3154435.0
2026-09-01,0.4189999997615814,0.43299999833106995,0.4180000126361847,0.42899999022483826,1504751744.0,642131072.0,3154435.0
2026-09-02,0.4269999861717224,0.42899999022483826,0.421999990940094,0.4230000078678131,861777792.0,366095520.0,3154435.0
