datetime,open,high,low,close,vol,amount,float_shares
2018-01-19,1.0010000467300415,1.0049999952316284,0.996999979019165,1.0010000467300415,124215184.0,124239784.0,479692.4375
2018-01-22,1.0010000467300415,1.034000039100647,0.9950000047683716,1.0230000019073486,48604560.0,49247432.0,479692.4375
2018-01-23,1.0240000486373901,1.031000018119812,1.0199999809265137,1.0290000438690186,18895410.0,19398992.0,479692.4375
2018-01-24,1.0299999713897705,1.0700000524520874,1.024999976158142,1.065000057220459,44928700.0,47196796.0,479692.4375
2018-01-25,1.065000057220459,1.0950000286102295,1.062999963760376,1.065000057220459,39375800.0,42452068.0,479692.4375
2018-01-26,1.069000005722046,1.0759999752044678,1.059999942779541,1.069000005722046,18319900.0,19581492.0,479692.4375
2018-01-29,1.069000005722046,1.0729999542236328,1.0479999780654907,1.055999994277954,20904500.0,22136946.0,479692.4375
2018-01-30,1.0499999523162842,1.0570000410079956,1.0420000553131104,1.0460000038146973,7173100.0,7520583.0,479692.4375
2018-01-31,1.0420000553131104,1.0420000553131104,1.0169999599456787,1.0199999809265137,18384696.0,18840936.0,479692.4375
2018-02-01,1.024999976158142,1.024999976158142,0.9929999709129333,0.9940000176429749,17898900.0,18004344.0,479692.4375
2018-02-02,0.9950000047683716,1.0089999437332153,0.9829999804496765,0.9990000128746033,13749000.0,13701636.0,479692.4375
2018-02-05,0.9850000143051147,0.9959999918937683,0.9829999804496765,0.9890000224113464,14808500.0,14632963.0,479692.4375
2018-02-06,0.9829999804496765,0.9829999804496765,0.9409999847412109,0.9430000185966492,20557504.0,19786816.0,479692.4375
2018-02-07,0.9580000042915344,0.9649999737739563,0.9309999942779541,0.949999988079071,11961800.0,11351763.0,479692.4375
2018-02-08,0.9480000138282776,0.9599999785423279,0.9459999799728394,0.953000009059906,5302900.0,5060059.0,479692.4375
2018-02-09,0.9330000281333923,0.9340000152587891,0.9089999794960022,0.9179999828338623,13231700.0,12182801.0,479692.4375
2018-02-12,0.925000011920929,0.9449999928474426,0.9210000038146973,0.9430000185966492,6391100.0,5975677.0,479692.4375
2018-02-13,0.9490000009536743,0.953000009059906,0.9350000023841858,0.9399999976158142,4289400.0,4054177.0,479692.4375
2018-02-14,0.9419999718666077,0.9419999718666077,0.9309999942779541,0.9350000023841858,8236600.0,7690116.0,479692.4375
2018-02-22,0.953000009059906,0.9570000171661377,0.9430000185966492,0.953000009059906,9491000.0,9013718.0,479692.4375
2018-02-23,0.9509999752044678,0.9570000171661377,0.9399999976158142,0.9449999928474426,4786500.0,4535507.0,479692.4375
2018-02-26,0.9459999799728394,0.9750000238418579,0.9459999799728394,0.9679999947547913,11322400.0,10890154.0,479692.4375
2018-02-27,0.9700000286102295,0.9919999837875366,0.9700000286102295,0.9890000224113464,17201304.0,16891932.0,479692.4375
2018-02-28,0.9850000143051147,1.0,0.9729999899864197,0.9890000224113464,8232203.0,8152005.0,479692.4375
2018-03-01,0.9810000061988831,1.0049999952316284,0.9810000061988831,1.003999948501587,6659603.0,6630826.0,479692.4375
2018-03-02,0.9980000257492065,1.0080000162124634,0.9940000176429749,1.0010000467300415,8789400.0,8798309.0,479692.4375
2018-03-05,1.0,1.003999948501587,0.9900000095367432,1.0019999742507935,3754700.0,3745421.0,479692.4375
2018-03-06,1.0010000467300415,1.0140000581741333,1.0010000467300415,1.0080000162124634,10608600.0,10682466.0,479692.4375
2018-03-07,1.0099999904632568,1.0119999647140503,0.9980000257492065,1.0019999742507935,3475800.0,3488163.0,479692.4375
2018-03-08,1.0019999742507935,1.0049999952316284,0.996999979019165,1.003000020980835,1990700.0,1991491.0,479692.4375
2018-03-09,1.0069999694824219,1.0299999713897705,1.003999948501587,1.0269999504089355,9921500.0,10116577.0,479692.4375
2018-03-12,1.0299999713897705,1.0470000505447388,1.0299999713897705,1.0440000295639038,11630024.0,12092076.0,479692.4375
2018-03-13,1.0460000038146973,1.0549999475479126,1.0379999876022339,1.0420000553131104,11210624.0,11728706.0,479692.4375
2018-03-14,1.0410000085830688,1.0420000553131104,1.0299999713897705,1.034000039100647,5381400.0,5572394.0,479692.4375
2018-03-15,1.034000039100647,1.034000039100647,1.0119999647140503,1.024999976158142,4204700.0,4295758.0,479692.4375
2018-03-16,1.024999976158142,1.034000039100647,1.0199999809265137,1.0219999551773071,2306400.0,2373508.0,479692.4375
2018-03-19,1.0269999504089355,1.034000039100647,1.0180000066757202,1.0219999551773071,4310600.0,4428184.0,479692.4375
2018-03-20,1.0099999904632568,1.0230000019073486,1.003000020980835,1.0219999551773071,5568100.0,5623712.0,479692.4375
2018-03-21,1.0219999551773071,1.027999997138977,1.003999948501587,1.00600004196167,3075124.0,3129941.0,479692.4375
2018-03-22,1.0110000371932983,1.0160000324249268,1.0010000467300415,1.003999948501587,4846900.0,4869499.0,479692.4375
2018-03-23,0.9890000224113464,0.9900000095367432,0.9440000057220459,0.9549999833106995,16531600.0,15955746.0,479692.4375
2018-03-26,0.9559999704360962,0.9750000238418579,0.9399999976158142,0.9729999899864197,6987800.0,6705543.0,479692.4375
2018-03-27,0.9800000190734863,1.00600004196167,0.9789999723434448,1.0,5758300.0,5740132.0,479692.4375
2018-03-28,0.9950000047683716,1.003000020980835,0.9670000076293945,0.9950000047683716,7359200.0,7342073.0,479692.4375
2018-03-29,1.0069999694824219,1.0069999694824219,0.9890000224113464,0.9950000047683716,2003300.0,1992089.0,479692.4375
2018-03-30,0.9980000257492065,1.0089999437332153,0.9980000257492065,1.0080000162124634,2428300.0,2439798.0,479692.4375
2018-04-02,1.0080000162124634,1.0190000534057617,1.003999948501587,1.0110000371932983,6167100.0,6241095.0,479692.4375
2018-04-03,1.003999948501587,1.003999948501587,0.9819999933242798,0.9909999966621399,5321300.0,5269153.0,479692.4375
2018-04-04,0.996999979019165,0.996999979019165,0.9769999980926514,0.9800000190734863,2499400.0,2466626.0,479692.4375
2018-04-09,0.9789999723434448,0.9869999885559082,0.9729999899864197,0.9769999980926514,2944100.0,2885596.0,479692.4375
2018-04-10,0.9800000190734863,0.9800000190734863,0.9629999995231628,0.9769999980926514,6613500.0,6406975.0,479692.4375
2018-04-11,0.9829999804496765,0.9890000224113464,0.9779999852180481,0.984000027179718,2927900.0,2884172.0,479692.4375
2018-04-12,0.9779999852180481,0.984000027179718,0.972000002861023,0.9739999771118164,3405500.0,3332899.0,479692.4375
2018-04-13,0.9800000190734863,0.9819999933242798,0.9729999899864197,0.9769999980926514,2783100.0,2718062.0,479692.4375
2018-04-16,0.9789999723434448,0.9860000014305115,0.972000002861023,0.9800000190734863,2728800.0,2675610.0,479692.4375
2018-04-17,0.9810000061988831,0.9829999804496765,0.949999988079071,0.9520000219345093,8021400.0,7706130.0,479692.4375
2018-04-18,0.9599999785423279,0.9620000123977661,0.9319999814033508,0.9580000042915344,9167800.0,8655266.0,479692.4375
2018-04-19,0.9610000252723694,0.968999981880188,0.9559999704360962,0.9620000123977661,3348300.0,3222420.0,479692.4375
2018-04-20,0.9610000252723694,0.9610000252723694,0.9350000023841858,0.9390000104904175,9828800.0,9255037.0,479692.4375
2018-04-23,0.9390000104904175,0.9409999847412109,0.9129999876022339,0.921999990940094,10969400.0,10122242.0,479692.4375
2018-04-24,0.9279999732971191,0.953000009059906,0.925000011920929,0.9520000219345093,5159900.0,4850151.0,479692.4375
2018-04-25,0.9490000009536743,0.9620000123977661,0.9459999799728394,0.9559999704360962,3048028.0,2914167.0,479692.4375
2018-04-26,0.9599999785423279,0.9599999785423279,0.9380000233650208,0.9390000104904175,3911800.0,3704425.0,479692.4375
2018-04-27,0.9490000009536743,0.9490000009536743,0.9340000152587891,0.9449999928474426,10687500.0,10045745.0,479692.4375
2018-05-02,0.9459999799728394,0.949999988079071,0.9340000152587891,0.9380000233650208,6189200.0,5820478.0,479692.4375
2018-05-03,0.9419999718666077,0.9449999928474426,0.921999990940094,0.9449999928474426,6746800.0,6285482.0,479692.4375
2018-05-04,0.9419999718666077,0.9459999799728394,0.9380000233650208,0.9390000104904175,3815500.0,3595587.0,479692.4375
2018-05-07,0.9430000185966492,0.9520000219345093,0.9409999847412109,0.949999988079071,2948900.0,2794389.0,479692.4375
2018-05-08,0.949999988079071,0.9589999914169312,0.9480000138282776,0.9570000171661377,4783900.0,4557921.0,479692.4375
2018-05-09,0.9580000042915344,0.9580000042915344,0.9509999752044678,0.9539999961853027,1545400.0,1476312.0,479692.4375
2018-05-10,0.9570000171661377,0.9599999785423279,0.949999988079071,0.9589999914169312,2995900.0,2862432.0,479692.4375
2018-05-11,0.9589999914169312,0.9620000123977661,0.9490000009536743,0.9520000219345093,5201300.0,4959512.0,479692.4375
2018-05-14,0.9520000219345093,0.9559999704360962,0.9459999799728394,0.9470000267028809,3078900.0,2929815.0,479692.4375
2018-05-15,0.949999988079071,0.9599999785423279,0.9449999928474426,0.9599999785423279,15652100.0,14871894.0,479692.4375
2018-05-16,0.9599999785423279,0.9629999995231628,0.953000009059906,0.9559999704360962,5285700.0,5064649.0,479692.4375
2018-05-17,0.9580000042915344,0.9580000042915344,0.949999988079071,0.953000009059906,5549900.0,5292504.0,479692.4375
2018-05-18,0.953000009059906,0.9599999785423279,0.9490000009536743,0.9589999914169312,4413600.0,4202136.0,479692.4375
2018-05-21,0.9599999785423279,0.972000002861023,0.9599999785423279,0.968999981880188,5182000.0,5017030.0,479692.4375
2018-05-22,0.9710000157356262,0.9710000157356262,0.9620000123977661,0.9679999947547913,4538500.0,4389618.0,479692.4375
2018-05-23,0.9679999947547913,0.9700000286102295,0.9599999785423279,0.9599999785423279,2835400.0,2738278.0,479692.4375
2018-05-24,0.9599999785423279,0.9620000123977661,0.9549999833106995,0.9580000042915344,2371300.0,2272501.0,479692.4375
2018-05-25,0.9589999914169312,0.9589999914169312,0.9430000185966492,0.9440000057220459,5107200.0,4842227.0,479692.4375
2018-05-28,0.9470000267028809,0.9480000138282776,0.9340000152587891,0.9350000023841858,7330900.0,6882315.0,479692.4375
2018-05-29,0.9359999895095825,0.9440000057220459,0.9330000281333923,0.9350000023841858,5230500.0,4904123.0,479692.4375
2018-05-30,0.9319999814033508,0.9319999814033508,0.9039999842643738,0.9039999842643738,19197400.0,17549568.0,479692.4375
2018-05-31,0.9150000214576721,0.9190000295639038,0.9039999842643738,0.9169999957084656,3196200.0,2916687.0,479692.4375
2018-06-01,0.9160000085830688,0.9179999828338623,0.9039999842643738,0.9039999842643738,5685000.0,5168326.0,479692.4375
2018-06-04,0.9010000228881836,0.9089999794960022,0.8930000066757202,0.8999999761581421,8946500.0,8047233.0,479692.4375
2018-06-05,0.9010000228881836,0.9129999876022339,0.8970000147819519,0.9120000004768372,4270100.0,3861924.0,479692.4375
2018-06-06,0.9139999747276306,0.9150000214576721,0.9079999923706055,0.9100000262260437,2075100.0,1891170.0,479692.4375
2018-06-07,0.9110000133514404,0.9139999747276306,0.9049999713897705,0.9079999923706055,3429800.0,3119449.0,479692.4375
2018-06-08,0.9100000262260437,0.9100000262260437,0.8870000243186951,0.8930000066757202,10065500.0,8987823.0,479692.4375
2018-06-11,0.8930000066757202,0.8939999938011169,0.8820000290870667,0.8889999985694885,4241800.0,3761041.0,479692.4375
2018-06-12,0.8899999856948853,0.8999999761581421,0.8830000162124634,0.8970000147819519,4117000.0,3678181.0,479692.4375
2018-06-13,0.8970000147819519,0.8970000147819519,0.8820000290870667,0.8840000033378601,2604700.0,2311051.0,479692.4375
2018-06-14,0.8840000033378601,0.8849999904632568,0.8730000257492065,0.875,7471200.0,6557391.0,479692.4375
2018-06-15,0.875,0.8769999742507935,0.8550000190734863,0.8619999885559082,7870400.0,6789602.0,479692.4375
2018-06-19,0.8560000061988831,0.8560000061988831,0.796999990940094,0.8100000023841858,22406600.0,18441134.0,479692.4375
2018-06-20,0.8100000023841858,0.8169999718666077,0.7950000166893005,0.8100000023841858,8682248.0,7000471.0,479692.4375
2018-06-21,0.8149999976158142,0.8149999976158142,0.7879999876022339,0.7879999876022339,7553500.0,6026924.0,479692.4375
2018-06-22,0.7870000004768372,0.8029999732971191,0.7799999713897705,0.800000011920929,3198400.0,2540285.0,479692.4375
2018-06-25,0.8059999942779541,0.8080000281333923,0.7950000166893005,0.796999990940094,2177100.0,1743533.0,479692.4375
2018-06-26,0.7940000295639038,0.8090000152587891,0.7850000262260437,0.8069999814033508,3294700.0,2632740.0,479692.4375
2018-06-27,0.8069999814033508,0.8090000152587891,0.7950000166893005,0.7990000247955322,3483800.0,2788025.0,479692.4375
2018-06-28,0.7990000247955322,0.8059999942779541,0.7900000214576721,0.7910000085830688,3544600.0,2824951.0,479692.4375
2018-06-29,0.7919999957084656,0.8240000009536743,0.7919999957084656,0.8240000009536743,5686900.0,4635969.0,479692.4375
2018-07-02,0.8240000009536743,0.8259999752044678,0.8050000071525574,0.8140000104904175,2446900.0,1997898.0,479692.4375
2018-07-03,0.8149999976158142,0.8299999833106995,0.8019999861717224,0.8259999752044678,6073700.0,4980561.0,479692.4375
2018-07-04,0.824999988079071,0.8259999752044678,0.8080000281333923,0.8109999895095825,5392900.0,4405834.0,479692.4375
2018-07-05,0.8140000104904175,0.8180000185966492,0.7990000247955322,0.800000011920929,3529900.0,2843184.0,479692.4375
2018-07-06,0.8009999990463257,0.8149999976158142,0.7889999747276306,0.8029999732971191,2665500.0,2136550.0,479692.4375
2018-07-09,0.8059999942779541,0.8169999718666077,0.8050000071525574,0.8159999847412109,3346900.0,2719483.0,479692.4375
2018-07-10,0.8149999976158142,0.8169999718666077,0.8090000152587891,0.8149999976158142,4028500.0,3275966.0,479692.4375
2018-07-11,0.800000011920929,0.8059999942779541,0.7789999842643738,0.7889999747276306,7857400.0,6198229.0,479692.4375
2018-07-12,0.7900000214576721,0.8149999976158142,0.7900000214576721,0.8119999766349792,4779000.0,3849836.0,479692.4375
2018-07-13,0.8140000104904175,0.8180000185966492,0.8019999861717224,0.8159999847412109,3639700.0,2965067.0,479692.4375
2018-07-16,0.8169999718666077,0.8199999928474426,0.8119999766349792,0.8169999718666077,18470300.0,15080136.0,479692.4375
2018-07-17,0.8180000185966492,0.8180000185966492,0.8059999942779541,0.8159999847412109,10421600.0,8442851.0,479692.4375
2018-07-18,0.8149999976158142,0.8190000057220459,0.8050000071525574,0.8050000071525574,9157200.0,7430398.0,479692.4375
2018-07-19,0.8080000281333923,0.8180000185966492,0.8050000071525574,0.8090000152587891,10856200.0,8793270.0,479692.4375
2018-07-20,0.8050000071525574,0.8220000267028809,0.8009999990463257,0.8190000057220459,4818700.0,3918198.0,479692.4375
2018-07-23,0.8190000057220459,0.8270000219345093,0.8159999847412109,0.8270000219345093,3796000.0,3121950.0,479692.4375
2018-07-24,0.8299999833106995,0.8370000123977661,0.8220000267028809,0.8320000171661377,9443000.0,7844674.0,479692.4375
2018-07-25,0.8349999785423279,0.8429999947547913,0.8339999914169312,0.8370000123977661,4713500.0,3946814.0,479692.4375
2018-07-26,0.8370000123977661,0.8370000123977661,0.8270000219345093,0.8299999833106995,3323800.0,2765481.0,479692.4375
2018-07-27,0.8289999961853027,0.8309999704360962,0.8199999928474426,0.8209999799728394,3559100.0,2934163.0,479692.4375
2018-07-30,0.8220000267028809,0.8220000267028809,0.800000011920929,0.8040000200271606,7482400.0,6037662.0,479692.4375
2018-07-31,0.8040000200271606,0.8080000281333923,0.7990000247955322,0.8040000200271606,5666600.0,4549150.0,479692.4375
2018-08-01,0.8059999942779541,0.8140000104904175,0.7929999828338623,0.7950000166893005,7098600.0,5696223.0,479692.4375
2018-08-02,0.7940000295639038,0.7940000295639038,0.7570000290870667,0.7710000276565552,13986000.0,10786555.0,479692.4375
2018-08-03,0.7720000147819519,0.7730000019073486,0.7570000290870667,0.7580000162124634,5606700.0,4280089.0,479692.4375
2018-08-06,0.7590000033378601,0.7620000243186951,0.7409999966621399,0.7459999918937683,7065900.0,5298866.0,479692.4375
2018-08-07,0.7459999918937683,0.7670000195503235,0.7429999709129333,0.7649999856948853,3608100.0,2731519.0,479692.4375
2018-08-08,0.7649999856948853,0.765999972820282,0.7549999952316284,0.7549999952316284,2433800.0,1850909.0,479692.4375
2018-08-09,0.7549999952316284,0.7799999713897705,0.7540000081062317,0.7749999761581421,3836100.0,2968387.0,479692.4375
2018-08-10,0.7749999761581421,0.7789999842643738,0.7699999809265137,0.777999997138977,3413400.0,2643109.0,479692.4375
2018-08-13,0.7710000276565552,0.7820000052452087,0.7649999856948853,0.7789999842643738,4604700.0,3555020.0,479692.4375
2018-08-14,0.777999997138977,0.777999997138977,0.7680000066757202,0.7720000147819519,2064500.0,1596442.0,479692.4375
2018-08-15,0.7730000019073486,0.7730000019073486,0.7540000081062317,0.7559999823570251,3769500.0,2861415.0,479692.4375
2018-08-16,0.7509999871253967,0.7559999823570251,0.7360000014305115,0.7450000047683716,5562000.0,4150892.0,479692.4375
2018-08-17,0.746999979019165,0.7540000081062317,0.7279999852180481,0.7289999723434448,7884000.0,5801926.0,479692.4375
2018-08-20,0.7319999933242798,0.7360000014305115,0.718999981880188,0.7350000143051147,23231200.0,16843828.0,479692.4375
2018-08-21,0.7379999756813049,0.7459999918937683,0.7329999804496765,0.7429999709129333,3534700.0,2621004.0,479692.4375
2018-08-22,0.7459999918937683,0.7459999918937683,0.7329999804496765,0.7329999804496765,6832800.0,5042694.0,479692.4375
2018-08-23,0.7329999804496765,0.7450000047683716,0.7329999804496765,0.7390000224113464,6072100.0,4493953.0,479692.4375
2018-08-24,0.7409999966621399,0.7419999837875366,0.7319999933242798,0.7360000014305115,3416900.0,2517520.0,479692.4375
2018-08-27,0.7400000095367432,0.7559999823570251,0.7379999756813049,0.7540000081062317,6757700.0,5051535.0,479692.4375
2018-08-28,0.7540000081062317,0.7590000033378601,0.75,0.7580000162124634,5060500.0,3828005.0,479692.4375
2018-08-29,0.7580000162124634,0.7580000162124634,0.7490000128746033,0.7540000081062317,2423400.0,1822857.0,479692.4375
2018-08-30,0.7549999952316284,0.7559999823570251,0.7409999966621399,0.7429999709129333,3596900.0,2679183.0,479692.4375
2018-08-31,0.7369999885559082,0.7369999885559082,0.7260000109672546,0.7279999852180481,6182500.0,4513903.0,479692.4375
2018-09-03,0.7289999723434448,0.7300000190734863,0.7170000076293945,0.7279999852180481,7030900.0,5068750.0,479692.4375
2018-09-04,0.7279999852180481,0.7440000176429749,0.7279999852180481,0.7409999966621399,4339800.0,3193272.0,479692.4375
2018-09-05,0.7400000095367432,0.746999979019165,0.7329999804496765,0.7329999804496765,3925000.0,2906676.0,479692.4375
2018-09-06,0.7350000143051147,0.7400000095367432,0.7279999852180481,0.7310000061988831,4355000.0,3197069.0,479692.4375
2018-09-07,0.7310000061988831,0.7400000095367432,0.7210000157356262,0.7250000238418579,3901700.0,2846595.0,479692.4375
2018-09-10,0.7200000286102295,0.7229999899864197,0.7039999961853027,0.7059999704360962,10689200.0,7591526.0,479692.4375
2018-09-11,0.703000009059906,0.7099999785423279,0.6990000009536743,0.703000009059906,3960500.0,2780205.0,479692.4375
2018-09-12,0.7020000219345093,0.7110000252723694,0.699999988079071,0.7059999704360962,2372000.0,1674121.0,479692.4375
2018-09-13,0.7110000252723694,0.7129999995231628,0.6980000138282776,0.7059999704360962,2597400.0,1822767.0,479692.4375
2018-09-14,0.7099999785423279,0.7099999785423279,0.6980000138282776,0.699999988079071,5372500.0,3764432.0,479692.4375
2018-09-17,0.6990000009536743,0.6990000009536743,0.6859999895095825,0.6899999976158142,9876400.0,6812437.0,479692.4375
2018-09-18,0.6890000104904175,0.7020000219345093,0.6840000152587891,0.7009999752044678,5199000.0,3600431.0,479692.4375
2018-09-19,0.7020000219345093,0.7129999995231628,0.6959999799728394,0.7080000042915344,5467700.0,3857858.0,479692.4375
2018-09-20,0.7080000042915344,0.7110000252723694,0.7049999833106995,0.7049999833106995,3001500.0,2124393.0,479692.4375
2018-09-21,0.7059999704360962,0.718999981880188,0.703000009059906,0.7170000076293945,4063900.0,2890617.0,479692.4375
2018-09-25,0.7149999737739563,0.7170000076293945,0.7120000123977661,0.7149999737739563,1649400.0,1178057.0,479692.4375
2018-09-26,0.7179999947547913,0.722000002861023,0.7129999995231628,0.7179999947547913,2544600.0,1827399.0,479692.4375
2018-09-27,0.718999981880188,0.718999981880188,0.7059999704360962,0.7089999914169312,3935900.0,2806703.0,479692.4375
2018-09-28,0.7099999785423279,0.7149999737739563,0.7049999833106995,0.7139999866485596,3433100.0,2436488.0,479692.4375
2018-10-08,0.7049999833106995,0.7049999833106995,0.6830000281333923,0.6840000152587891,6866200.0,4754617.0,479692.4375
2018-10-09,0.6840000152587891,0.6899999976158142,0.6779999732971191,0.6809999942779541,4693500.0,3199479.0,479692.4375
2018-10-10,0.6830000281333923,0.6850000023841858,0.6740000247955322,0.6790000200271606,2600400.0,1767247.0,479692.4375
2018-10-11,0.6660000085830688,0.6660000085830688,0.6330000162124634,0.6349999904632568,15369400.0,9962546.0,479692.4375
2018-10-12,0.6380000114440918,0.6380000114440918,0.6159999966621399,0.6340000033378601,6976400.0,4388919.0,479692.4375
2018-10-15,0.6389999985694885,0.6389999985694885,0.6209999918937683,0.6209999918937683,6983400.0,4387961.0,479692.4375
2018-10-16,0.628000020980835,0.628000020980835,0.609000027179718,0.6110000014305115,7971100.0,4901453.0,479692.4375
2018-10-17,0.6190000176429749,0.625,0.6100000143051147,0.6230000257492065,6043800.0,3725679.0,479692.4375
2018-10-18,0.6230000257492065,0.625,0.6119999885559082,0.6140000224113464,7217600.0,4460576.0,479692.4375
2018-10-19,0.6069999933242798,0.6349999904632568,0.6060000061988831,0.6330000162124634,9626700.0,5966344.0,479692.4375
2018-10-22,0.6359999775886536,0.6710000038146973,0.6359999775886536,0.6639999747276306,6774700.0,4452216.0,479692.4375
2018-10-23,0.6639999747276306,0.6679999828338623,0.6460000276565552,0.6489999890327454,5031100.0,3304929.0,479692.4375
2018-10-24,0.6489999890327454,0.6570000052452087,0.6420000195503235,0.6470000147819519,4676300.0,3033504.0,479692.4375
2018-10-25,0.6370000243186951,0.6480000019073486,0.625,0.6460000276565552,5480500.0,3468099.0,479692.4375
2018-10-26,0.652999997138977,0.652999997138977,0.6380000114440918,0.6420000195503235,3553900.0,2285359.0,479692.4375
2018-10-29,0.6420000195503235,0.6449999809265137,0.6349999904632568,0.6380000114440918,2952700.0,1887887.0,479692.4375
2018-10-30,0.6330000162124634,0.6489999890327454,0.625,0.6399999856948853,6576200.0,4198807.0,479692.4375
2018-10-31,0.6449999809265137,0.6499999761581421,0.6389999985694885,0.6470000147819519,8583400.0,5536062.0,479692.4375
2018-11-01,0.6510000228881836,0.6700000166893005,0.6510000228881836,0.6570000052452087,8383500.0,5527243.0,479692.4375
2018-11-02,0.6700000166893005,0.6850000023841858,0.6700000166893005,0.6830000281333923,9836700.0,6663182.0,479692.4375
2018-11-05,0.6850000023841858,0.6919999718666077,0.6710000038146973,0.6819999814033508,14621700.0,10002681.0,479692.4375
2018-11-06,0.6800000071525574,0.6800000071525574,0.6679999828338623,0.6779999732971191,8230000.0,5544375.0,479692.4375
2018-11-07,0.6779999732971191,0.6919999718666077,0.6759999990463257,0.6759999990463257,5538900.0,3772399.0,479692.4375
2018-11-08,0.6800000071525574,0.6840000152587891,0.6660000085830688,0.6679999828338623,4960600.0,3338043.0,479692.4375
2018-11-09,0.6669999957084656,0.6690000295639038,0.6620000004768372,0.6660000085830688,7900100.0,5255888.0,479692.4375
2018-11-12,0.6660000085830688,0.6880000233650208,0.6570000052452087,0.6869999766349792,7911200.0,5358958.0,479692.4375
2018-11-13,0.6830000281333923,0.7179999947547913,0.6779999732971191,0.7129999995231628,17656200.0,12441541.0,479692.4375
2018-11-14,0.7099999785423279,0.7210000157356262,0.7039999961853027,0.7049999833106995,9578200.0,6806455.0,479692.4375
2018-11-15,0.703000009059906,0.7239999771118164,0.7020000219345093,0.7229999899864197,11560600.0,8260641.0,479692.4375
2018-11-16,0.7260000109672546,0.7310000061988831,0.7149999737739563,0.7289999723434448,11603300.0,8400852.0,479692.4375
2018-11-19,0.722000002861023,0.7279999852180481,0.7149999737739563,0.7239999771118164,8677100.0,6263132.0,479692.4375
2018-11-20,0.7200000286102295,0.7200000286102295,0.7009999752044678,0.7020000219345093,8465700.0,5995737.0,479692.4375
2018-11-21,0.699999988079071,0.7049999833106995,0.6949999928474426,0.7039999961853027,7398800.0,5184417.0,479692.4375
2018-11-22,0.7049999833106995,0.7110000252723694,0.7009999752044678,0.7070000171661377,3869500.0,2734481.0,479692.4375
2018-11-23,0.7070000171661377,0.7070000171661377,0.6740000247955322,0.6800000071525574,7659500.0,5247461.0,479692.4375
2018-11-26,0.6800000071525574,0.6840000152587891,0.6729999780654907,0.6769999861717224,6342000.0,4301713.0,479692.4375
2018-11-27,0.6809999942779541,0.6880000233650208,0.6769999861717224,0.6830000281333923,6385300.0,4360236.0,479692.4375
2018-11-28,0.6830000281333923,0.7049999833106995,0.675000011920929,0.7039999961853027,11790200.0,8135455.0,479692.4375
2018-11-29,0.7039999961853027,0.7089999914169312,0.6779999732971191,0.6800000071525574,9904400.0,6867479.0,479692.4375
2018-11-30,0.6700000166893005,0.6830000281333923,0.6650000214576721,0.6800000071525574,18503700.0,12481101.0,479692.4375
2018-12-03,0.6980000138282776,0.7049999833106995,0.6930000185966492,0.699999988079071,6901500.0,4826070.0,479692.4375
2018-12-04,0.6990000009536743,0.7039999961853027,0.6970000267028809,0.7039999961853027,5477100.0,3836426.0,479692.4375
2018-12-05,0.6980000138282776,0.7049999833106995,0.6869999766349792,0.699999988079071,6069200.0,4236983.0,479692.4375
2018-12-06,0.6949999928474426,0.6959999799728394,0.6830000281333923,0.6869999766349792,6960700.0,4799371.0,479692.4375
2018-12-07,0.6880000233650208,0.6919999718666077,0.6850000023841858,0.6890000104904175,2017600.0,1388666.0,479692.4375
2018-12-10,0.6869999766349792,0.6940000057220459,0.6830000281333923,0.6890000104904175,11308800.0,7788391.0,479692.4375
2018-12-11,0.6930000185966492,0.7020000219345093,0.6930000185966492,0.6990000009536743,3605000.0,2515108.0,479692.4375
2018-12-12,0.7009999752044678,0.7020000219345093,0.6940000057220459,0.6959999799728394,5416400.0,3776597.0,479692.4375
2018-12-13,0.6980000138282776,0.7080000042915344,0.6940000057220459,0.7039999961853027,4076800.0,2859247.25,479692.4375
2018-12-14,0.703000009059906,0.703000009059906,0.6859999895095825,0.6880000233650208,3992200.0,2772763.0,479692.4375
2018-12-17,0.6890000104904175,0.6890000104904175,0.6800000071525574,0.6840000152587891,4170300.0,2852760.0,479692.4375
2018-12-18,0.6830000281333923,0.6880000233650208,0.6740000247955322,0.6800000071525574,5320400.0,3619423.0,479692.4375
2018-12-19,0.6800000071525574,0.6850000023841858,0.6669999957084656,0.6729999780654907,8105200.0,5469307.0,479692.4375
2018-12-20,0.6700000166893005,0.6779999732971191,0.6669999957084656,0.6740000247955322,8963100.0,6018762.0,479692.4375
2018-12-21,0.6740000247955322,0.6800000071525574,0.6690000295639038,0.675000011920929,5630400.0,3795147.0,479692.4375
2018-12-24,0.6740000247955322,0.6769999861717224,0.6690000295639038,0.6759999990463257,4835200.0,3257940.0,479692.4375
2018-12-25,0.6729999780654907,0.6729999780654907,0.6480000019073486,0.6650000214576721,10752200.0,7065278.0,479692.4375
2018-12-26,0.6679999828338623,0.6700000166893005,0.6629999876022339,0.6639999747276306,7898300.0,5263740.0,479692.4375
2018-12-27,0.6729999780654907,0.675000011920929,0.6589999794960022,0.6610000133514404,7681000.0,5138892.0,479692.4375
2018-12-28,0.6610000133514404,0.6610000133514404,0.6499999761581421,0.6549999713897705,5755900.0,3773123.0,479692.4375
2019-01-02,0.652999997138977,0.6579999923706055,0.6460000276565552,0.6480000019073486,4707600.0,3075342.0,479692.4375
2019-01-03,0.6489999890327454,0.6579999923706055,0.6460000276565552,0.6489999890327454,3245200.0,2111507.0,479692.4375
2019-01-04,0.6449999809265137,0.6669999957084656,0.640999972820282,0.6650000214576721,8032400.0,5281859.0,479692.4375
2019-01-07,0.6679999828338623,0.6779999732971191,0.6660000085830688,0.6759999990463257,8027900.0,5402873.0,479692.4375
2019-01-08,0.6769999861717224,0.6790000200271606,0.671999990940094,0.6740000247955322,3156700.0,2132827.0,479692.4375
2019-01-09,0.675000011920929,0.6890000104904175,0.6740000247955322,0.675000011920929,5299600.0,3610135.0,479692.4375
2019-01-10,0.675000011920929,0.6830000281333923,0.671999990940094,0.6759999990463257,5458900.0,3705395.0,479692.4375
2019-01-11,0.6759999990463257,0.6819999814033508,0.6729999780654907,0.6819999814033508,6698300.0,4536924.0,479692.4375
2019-01-14,0.6819999814033508,0.6819999814033508,0.6660000085830688,0.6690000295639038,3400700.0,2282493.0,479692.4375
2019-01-15,0.6710000038146973,0.6830000281333923,0.6690000295639038,0.6819999814033508,5031200.0,3401785.0,479692.4375
2019-01-16,0.6819999814033508,0.6859999895095825,0.6790000200271606,0.6819999814033508,12857500.0,8778161.0,479692.4375
2019-01-17,0.6800000071525574,0.6850000023841858,0.6729999780654907,0.675000011920929,3835100.0,2602492.0,479692.4375
2019-01-18,0.675000011920929,0.6809999942779541,0.6729999780654907,0.6809999942779541,10439500.0,7070393.0,479692.4375
2019-01-21,0.6809999942779541,0.6880000233650208,0.6790000200271606,0.6830000281333923,13045300.0,8913322.0,479692.4375
2019-01-22,0.6830000281333923,0.6840000152587891,0.6700000166893005,0.671999990940094,7923500.0,5351099.0,479692.4375
2019-01-23,0.6700000166893005,0.6729999780654907,0.6669999957084656,0.6710000038146973,2148700.0,1438971.0,479692.4375
2019-01-24,0.6700000166893005,0.6809999942779541,0.6679999828338623,0.675000011920929,5580000.0,3774191.0,479692.4375
2019-01-25,0.675000011920929,0.6809999942779541,0.675000011920929,0.6769999861717224,4362000.0,2956091.0,479692.4375
2019-01-28,0.6819999814033508,0.6859999895095825,0.6710000038146973,0.675000011920929,3161800.0,2141360.0,479692.4375
2019-01-29,0.6740000247955322,0.6740000247955322,0.6539999842643738,0.6629999876022339,6259100.0,4133680.0,479692.4375
2019-01-30,0.6610000133514404,0.6610000133514404,0.6499999761581421,0.6499999761581421,10211700.0,6665091.0,479692.4375
2019-01-31,0.6510000228881836,0.6520000100135803,0.6389999985694885,0.6439999938011169,8860000.0,5720449.0,479692.4375
2019-02-01,0.6439999938011169,0.6610000133514404,0.6430000066757202,0.6610000133514404,16030000.0,10433763.0,479692.4375
2019-02-11,0.6660000085830688,0.6759999990463257,0.6610000133514404,0.675000011920929,15652800.0,10448555.0,479692.4375
2019-02-12,0.675000011920929,0.6859999895095825,0.671999990940094,0.6809999942779541,12987600.0,8842483.0,479692.4375
2019-02-13,0.6809999942779541,0.6990000009536743,0.6809999942779541,0.6959999799728394,11686000.0,8076253.0,479692.4375
2019-02-14,0.6940000057220459,0.703000009059906,0.6909999847412109,0.699999988079071,6299200.0,4386113.0,479692.4375
2019-02-15,0.699999988079071,0.7020000219345093,0.6899999976158142,0.6909999847412109,4007100.0,2790673.0,479692.4375
2019-02-18,0.6930000185966492,0.7179999947547913,0.6930000185966492,0.7170000076293945,9142800.0,6482821.0,479692.4375
2019-02-19,0.7179999947547913,0.7260000109672546,0.7089999914169312,0.718999981880188,12831400.0,9232843.0,479692.4375
2019-02-20,0.7179999947547913,0.7200000286102295,0.7080000042915344,0.7179999947547913,12912000.0,9223349.0,479692.4375
2019-02-21,0.7170000076293945,0.7419999837875366,0.7129999995231628,0.7250000238418579,19586800.0,14288334.0,479692.4375
2019-02-22,0.7200000286102295,0.7570000290870667,0.7200000286102295,0.7559999823570251,14916800.0,11106553.0,479692.4375
2019-02-25,0.7710000276565552,0.8100000023841858,0.7710000276565552,0.8090000152587891,26809800.0,21256912.0,479692.4375
2019-02-26,0.8100000023841858,0.8379999995231628,0.8040000200271606,0.8190000057220459,41655648.0,34213936.0,479692.4375
2019-02-27,0.8149999976158142,0.8270000219345093,0.7979999780654907,0.8140000104904175,18353000.0,14950918.0,479692.4375
2019-02-28,0.8140000104904175,0.8199999928474426,0.800000011920929,0.8090000152587891,13314100.0,10800390.0,479692.4375
2019-03-01,0.8090000152587891,0.8209999799728394,0.8009999990463257,0.8190000057220459,16288800.0,13200784.0,479692.4375
2019-03-04,0.8259999752044678,0.8619999885559082,0.8220000267028809,0.843999981880188,23910660.0,20119944.0,479692.4375
2019-03-05,0.8379999995231628,0.8679999709129333,0.8349999785423279,0.8669999837875366,14498000.0,12371096.0,479692.4375
2019-03-06,0.8690000176429749,0.8939999938011169,0.8619999885559082,0.8899999856948853,21917300.0,19217314.0,479692.4375
2019-03-07,0.8799999952316284,0.9150000214576721,0.8799999952316284,0.9049999713897705,21545000.0,19324240.0,479692.4375
2019-03-08,0.8759999871253967,0.9089999794960022,0.8619999885559082,0.8669999837875366,23459500.0,20738956.0,479692.4375
2019-03-11,0.8669999837875366,0.8970000147819519,0.8640000224113464,0.8939999938011169,18007600.0,15881456.0,479692.4375
2019-03-12,0.8989999890327454,0.9470000267028809,0.8989999890327454,0.9390000104904175,35135992.0,32598384.0,479692.4375
2019-03-13,0.9390000104904175,0.9390000104904175,0.8960000276565552,0.902999997138977,26885600.0,24875060.0,479692.4375
2019-03-14,0.8899999856948853,0.9020000100135803,0.8619999885559082,0.8740000128746033,25565816.0,22475012.0,479692.4375
2019-03-15,0.875,0.8870000243186951,0.8619999885559082,0.8659999966621399,15357600.0,13449609.0,479692.4375
2019-03-18,0.8709999918937683,0.8930000066757202,0.8610000014305115,0.890999972820282,11206000.0,9805167.0,479692.4375
2019-03-19,0.8930000066757202,0.9100000262260437,0.8859999775886536,0.9010000228881836,16128500.0,14544170.0,479692.4375
2019-03-20,0.9010000228881836,0.9089999794960022,0.8859999775886536,0.906000018119812,13185200.0,11837006.0,479692.4375
2019-03-21,0.906000018119812,0.949999988079071,0.906000018119812,0.9359999895095825,23987300.0,22377676.0,479692.4375
2019-03-22,0.9300000071525574,0.9359999895095825,0.9039999842643738,0.9229999780654907,16590200.0,15252935.0,479692.4375
2019-03-25,0.8999999761581421,0.9110000133514404,0.8939999938011169,0.8970000147819519,14443200.0,13034035.0,479692.4375
2019-03-26,0.8970000147819519,0.906000018119812,0.8619999885559082,0.8650000095367432,11825400.0,10400926.0,479692.4375
2019-03-27,0.8700000047683716,0.875,0.8510000109672546,0.8629999756813049,14008200.0,12041127.0,479692.4375
2019-03-28,0.8579999804496765,0.8669999837875366,0.8460000157356262,0.847000002861023,8733900.0,7464191.0,479692.4375
2019-03-29,0.8500000238418579,0.8759999871253967,0.8360000252723694,0.875,24250200.0,20896572.0,479692.4375
2019-04-01,0.8799999952316284,0.9100000262260437,0.8799999952316284,0.9079999923706055,19197100.0,17206988.0,479692.4375
2019-04-02,0.9100000262260437,0.9200000166893005,0.8999999761581421,0.9049999713897705,14104500.0,12830115.0,479692.4375
2019-04-03,0.9010000228881836,0.9150000214576721,0.8980000019073486,0.9129999876022339,8811100.0,7983394.0,479692.4375
2019-04-04,0.9210000038146973,0.9210000038146973,0.9039999842643738,0.9129999876022339,16486600.0,15011696.0,479692.4375
2019-04-08,0.9179999828338623,0.9210000038146973,0.8840000033378601,0.8939999938011169,17986500.0,16215732.0,479692.4375
2019-04-09,0.8949999809265137,0.9120000004768372,0.8859999775886536,0.902999997138977,11340900.0,10231055.0,479692.4375
2019-04-10,0.9010000228881836,0.9010000228881836,0.8880000114440918,0.8980000019073486,10115088.0,9033035.0,479692.4375
2019-04-11,0.8939999938011169,0.8999999761581421,0.8700000047683716,0.8709999918937683,11190500.0,9856022.0,479692.4375
2019-04-12,0.875,0.878000020980835,0.8690000176429749,0.878000020980835,4706100.0,4110459.0,479692.4375
2019-04-15,0.8849999904632568,0.8989999890327454,0.8619999885559082,0.8640000224113464,12085800.0,10639018.0,479692.4375
2019-04-16,0.8600000143051147,0.8809999823570251,0.847000002861023,0.8799999952316284,8344300.0,7189089.0,479692.4375
2019-04-17,0.871999979019165,0.8880000114440918,0.871999979019165,0.8820000290870667,5895800.0,5197327.0,479692.4375
2019-04-18,0.8820000290870667,0.8859999775886536,0.871999979019165,0.8769999742507935,8174800.0,7192197.0,479692.4375
2019-04-19,0.878000020980835,0.8830000162124634,0.8679999709129333,0.8830000162124634,4868500.0,4270738.0,479692.4375
2019-04-22,0.8820000290870667,0.8880000114440918,0.8679999709129333,0.8709999918937683,7638700.0,6722772.0,479692.4375
2019-04-23,0.8709999918937683,0.8809999823570251,0.8629999756813049,0.8669999837875366,6486800.0,5648820.0,479692.4375
2019-04-24,0.8669999837875366,0.875,0.8510000109672546,0.8740000128746033,8104600.0,6991024.0,479692.4375
2019-04-25,0.8700000047683716,0.8700000047683716,0.8360000252723694,0.8360000252723694,13024400.0,11099608.0,479692.4375
2019-04-26,0.8320000171661377,0.8389999866485596,0.8209999799728394,0.824999988079071,46111500.0,38260064.0,479692.4375
2019-04-29,0.824999988079071,0.8299999833106995,0.7910000085830688,0.7979999780654907,34064700.0,27456324.0,479692.4375
2019-04-30,0.7979999780654907,0.8069999814033508,0.7910000085830688,0.7990000247955322,13691300.0,10943186.0,479692.4375
2019-05-06,0.7749999761581421,0.7760000228881836,0.734000027179718,0.7409999966621399,41288500.0,31249872.0,479692.4375
2019-05-07,0.7509999871253967,0.7519999742507935,0.7360000014305115,0.7509999871253967,18045600.0,13442724.0,479692.4375
2019-05-08,0.7360000014305115,0.7559999823570251,0.7310000061988831,0.746999979019165,8696799.0,6485285.0,479692.4375
2019-05-09,0.7400000095367432,0.7490000128746033,0.7379999756813049,0.7409999966621399,6428700.0,4780985.0,479692.4375
2019-05-10,0.7540000081062317,0.7689999938011169,0.7329999804496765,0.7689999938011169,12932399.0,9760283.0,479692.4375
2019-05-13,0.7559999823570251,0.7630000114440918,0.7480000257492065,0.753000020980835,8680800.0,6549271.0,479692.4375
2019-05-14,0.7429999709129333,0.7599999904632568,0.7419999837875366,0.7509999871253967,7797700.0,5881057.0,479692.4375
2019-05-15,0.7549999952316284,0.765999972820282,0.7540000081062317,0.7620000243186951,6637300.0,5042786.0,479692.4375
2019-05-16,0.7630000114440918,0.7630000114440918,0.753000020980835,0.7599999904632568,7098900.0,5384494.0,479692.4375
2019-05-17,0.7609999775886536,0.7620000243186951,0.7260000109672546,0.7269999980926514,14306100.0,10575417.0,479692.4375
2019-05-20,0.7229999899864197,0.7300000190734863,0.7139999866485596,0.7260000109672546,11574900.0,8349941.0,479692.4375
2019-05-21,0.7269999980926514,0.7419999837875366,0.7260000109672546,0.7369999885559082,9816100.0,7227217.0,479692.4375
2019-05-22,0.7400000095367432,0.7450000047683716,0.7300000190734863,0.7350000143051147,6666693.0,4924670.0,479692.4375
2019-05-23,0.734000027179718,0.7350000143051147,0.7129999995231628,0.7170000076293945,10086000.0,7266435.0,479692.4375
2019-05-24,0.7179999947547913,0.722000002861023,0.7099999785423279,0.7110000252723694,11774400.0,8421966.0,479692.4375
2019-05-27,0.7129999995231628,0.7329999804496765,0.7110000252723694,0.7279999852180481,11441044.0,8258381.0,479692.4375
2019-05-28,0.7300000190734863,0.7360000014305115,0.7239999771118164,0.7269999980926514,6658644.0,4868868.0,479692.4375
2019-05-29,0.7269999980926514,0.7329999804496765,0.7250000238418579,0.7269999980926514,2753300.0,2005331.0,479692.4375
2019-05-30,0.7260000109672546,0.7269999980926514,0.7149999737739563,0.722000002861023,5632800.0,4051336.0,479692.4375
2019-05-31,0.7229999899864197,0.7279999852180481,0.7179999947547913,0.722000002861023,4199900.0,3035199.0,479692.4375
2019-06-03,0.7269999980926514,0.7269999980926514,0.7039999961853027,0.7089999914169312,11697600.0,8310477.0,479692.4375
2019-06-04,0.7099999785423279,0.7120000123977661,0.7009999752044678,0.7049999833106995,13695200.0,9642455.0,479692.4375
2019-06-05,0.7120000123977661,0.7160000205039978,0.7039999961853027,0.7110000252723694,10084400.0,7167267.0,479692.4375
2019-06-06,0.7129999995231628,0.7129999995231628,0.6940000057220459,0.6959999799728394,11816500.0,8273332.0,479692.4375
2019-06-10,0.699999988079071,0.703000009059906,0.6909999847412109,0.7009999752044678,5281400.0,3688273.0,479692.4375
2019-06-11,0.703000009059906,0.7279999852180481,0.6980000138282776,0.7269999980926514,13053000.0,9338633.0,479692.4375
2019-06-12,0.7250000238418579,0.7279999852180481,0.7170000076293945,0.718999981880188,4141500.0,2989863.0,479692.4375
2019-06-13,0.7210000157356262,0.7310000061988831,0.7160000205039978,0.7260000109672546,6462600.0,4683599.0,479692.4375
2019-06-14,0.7260000109672546,0.7310000061988831,0.7089999914169312,0.7110000252723694,5600700.0,4025162.0,479692.4375
2019-06-17,0.7120000123977661,0.7120000123977661,0.7049999833106995,0.7080000042915344,3455100.0,2447454.0,479692.4375
2019-06-18,0.7049999833106995,0.7139999866485596,0.703000009059906,0.7099999785423279,7285900.0,5153417.0,479692.4375
2019-06-19,0.7229999899864197,0.7350000143051147,0.7200000286102295,0.7210000157356262,8482400.0,6156783.0,479692.4375
2019-06-20,0.722000002861023,0.7400000095367432,0.7160000205039978,0.7329999804496765,12350200.0,9012165.0,479692.4375
2019-06-21,0.7699999809265137,0.7699999809265137,0.7419999837875366,0.7490000128746033,18791600.0,14109297.0,479692.4375
2019-06-24,0.7490000128746033,0.7549999952316284,0.7409999966621399,0.7450000047683716,12206800.0,9114111.0,479692.4375
2019-06-25,0.7419999837875366,0.7429999709129333,0.7250000238418579,0.7329999804496765,13206800.0,9673173.0,479692.4375
2019-06-26,0.7310000061988831,0.7369999885559082,0.7250000238418579,0.7319999933242798,5234200.0,3830190.0,479692.4375
2019-06-27,0.734000027179718,0.7409999966621399,0.7319999933242798,0.734000027179718,11954800.0,8787457.0,479692.4375
2019-06-28,0.7350000143051147,0.7350000143051147,0.7179999947547913,0.7260000109672546,16967600.0,12258907.0,479692.4375
2019-07-01,0.7360000014305115,0.7490000128746033,0.7360000014305115,0.746999979019165,17017800.0,12657753.0,479692.4375
2019-07-02,0.7459999918937683,0.7490000128746033,0.7419999837875366,0.746999979019165,10645600.0,7938385.0,479692.4375
2019-07-03,0.7450000047683716,0.7450000047683716,0.7319999933242798,0.7350000143051147,11649300.0,8573136.0,479692.4375
2019-07-04,0.734000027179718,0.7390000224113464,0.7300000190734863,0.734000027179718,6353600.0,4661958.0,479692.4375
2019-07-05,0.734000027179718,0.7369999885559082,0.7289999723434448,0.7360000014305115,3798700.0,2783187.0,479692.4375
2019-07-08,0.7329999804496765,0.7360000014305115,0.7070000171661377,0.7089999914169312,23022900.0,16433727.0,479692.4375
2019-07-09,0.7089999914169312,0.7099999785423279,0.703000009059906,0.7070000171661377,12136300.0,8573554.0,479692.4375
2019-07-10,0.7070000171661377,0.7099999785423279,0.6970000267028809,0.6990000009536743,19190400.0,13474808.0,479692.4375
2019-07-11,0.703000009059906,0.7089999914169312,0.6980000138282776,0.7009999752044678,14324700.0,10078049.0,479692.4375
2019-07-12,0.7020000219345093,0.7049999833106995,0.6959999799728394,0.7039999961853027,12612800.0,8853307.0,479692.4375
2019-07-15,0.703000009059906,0.7210000157356262,0.6940000057220459,0.7149999737739563,15560000.0,11046212.0,479692.4375
2019-07-16,0.7139999866485596,0.7170000076293945,0.7129999995231628,0.7160000205039978,7284758.0,5213966.0,479692.4375
2019-07-17,0.7179999947547913,0.7210000157356262,0.7129999995231628,0.7170000076293945,8038298.0,5771657.0,479692.4375
2019-07-18,0.7149999737739563,0.7149999737739563,0.7049999833106995,0.7049999833106995,7835900.0,5555149.0,479692.4375
2019-07-19,0.7059999704360962,0.7200000286102295,0.7059999704360962,0.7110000252723694,11944400.0,8527908.0,479692.4375
2019-07-22,0.7139999866485596,0.7139999866485596,0.6930000185966492,0.7009999752044678,11207700.0,7845810.0,479692.4375
2019-07-23,0.699999988079071,0.7039999961853027,0.6990000009536743,0.7039999961853027,3466600.0,2433789.0,479692.4375
2019-07-24,0.703000009059906,0.7170000076293945,0.703000009059906,0.7120000123977661,7226200.0,5150568.0,479692.4375
2019-07-25,0.7120000123977661,0.7179999947547913,0.7110000252723694,0.7149999737739563,7744800.0,5539172.0,479692.4375
2019-07-26,0.7139999866485596,0.7170000076293945,0.7120000123977661,0.7160000205039978,4337400.0,3101349.0,479692.4375
2019-07-29,0.7160000205039978,0.718999981880188,0.7120000123977661,0.7139999866485596,7593400.0,5430453.0,479692.4375
2019-07-30,0.7139999866485596,0.7350000143051147,0.7139999866485596,0.7310000061988831,27280000.0,19917930.0,479692.4375
2019-07-31,0.7310000061988831,0.7310000061988831,0.7239999771118164,0.7260000109672546,13500500.0,9806947.0,479692.4375
2019-08-01,0.7200000286102295,0.7269999980926514,0.718999981880188,0.7239999771118164,11823900.0,8547709.0,479692.4375
2019-08-02,0.7099999785423279,0.7139999866485596,0.7059999704360962,0.7129999995231628,13500600.0,9575787.0,479692.4375
2019-08-05,0.7080000042915344,0.7129999995231628,0.6980000138282776,0.699999988079071,20748300.0,14638968.0,479692.4375
2019-08-06,0.6899999976158142,0.6899999976158142,0.6679999828338623,0.6819999814033508,24548400.0,16659957.0,479692.4375
2019-08-07,0.6830000281333923,0.6859999895095825,0.675000011920929,0.675000011920929,13553300.0,9222121.0,479692.4375
2019-08-08,0.6809999942779541,0.6840000152587891,0.6779999732971191,0.6809999942779541,5689180.0,3873587.0,479692.4375
2019-08-09,0.6830000281333923,0.6869999766349792,0.6759999990463257,0.6769999861717224,13596541.0,9255266.0,479692.4375
2019-08-12,0.6800000071525574,0.6919999718666077,0.6759999990463257,0.6919999718666077,12841000.0,8792715.0,479692.4375
2019-08-13,0.6869999766349792,0.6880000233650208,0.6819999814033508,0.6850000023841858,4120700.0,2822964.0,479692.4375
2019-08-14,0.6919999718666077,0.6949999928474426,0.6859999895095825,0.6869999766349792,4244766.0,2934671.0,479692.4375
2019-08-15,0.6740000247955322,0.6919999718666077,0.671999990940094,0.6899999976158142,16258702.0,11139275.0,479692.4375
2019-08-16,0.6890000104904175,0.7020000219345093,0.6890000104904175,0.6959999799728394,20448800.0,14276720.0,479692.4375
2019-08-19,0.6990000009536743,0.7269999980926514,0.6990000009536743,0.7260000109672546,36845300.0,26272106.0,479692.4375
2019-08-20,0.7279999852180481,0.7400000095367432,0.7260000109672546,0.7310000061988831,26581200.0,19503908.0,479692.4375
2019-08-21,0.7289999723434448,0.7300000190734863,0.7250000238418579,0.7279999852180481,4206900.0,3061836.0,479692.4375
2019-08-22,0.7279999852180481,0.7319999933242798,0.7260000109672546,0.7300000190734863,4059000.0,2960967.0,479692.4375
2019-08-23,0.7310000061988831,0.7350000143051147,0.7239999771118164,0.7260000109672546,5465600.0,3988989.0,479692.4375
2019-08-26,0.7149999737739563,0.718999981880188,0.7110000252723694,0.7170000076293945,15771800.0,11271626.0,479692.4375
2019-08-27,0.718999981880188,0.7390000224113464,0.718999981880188,0.7319999933242798,19823600.0,14464195.0,479692.4375
2019-08-28,0.7300000190734863,0.7360000014305115,0.7269999980926514,0.7319999933242798,15651500.0,11427459.0,479692.4375
2019-08-29,0.734000027179718,0.7459999918937683,0.7300000190734863,0.7400000095367432,23918300.0,17688540.0,479692.4375
2019-08-30,0.7480000257492065,0.75,0.7250000238418579,0.7289999723434448,19535400.0,14395967.0,479692.4375
2019-09-02,0.7279999852180481,0.7570000290870667,0.7279999852180481,0.7549999952316284,35162400.0,26322588.0,479692.4375
2019-09-03,0.7580000162124634,0.7630000114440918,0.7509999871253967,0.7620000243186951,39262500.0,29719938.0,479692.4375
2019-09-04,0.7580000162124634,0.7680000066757202,0.7559999823570251,0.7670000195503235,25001300.0,19081704.0,479692.4375
2019-09-05,0.7720000147819519,0.7950000166893005,0.7710000276565552,0.7799999713897705,48537900.0,38093476.0,479692.4375
2019-09-06,0.7870000004768372,0.7889999747276306,0.7749999761581421,0.7820000052452087,36322400.0,28456092.0,479692.4375
2019-09-09,0.7879999876022339,0.8109999895095825,0.7860000133514404,0.8109999895095825,47687800.0,38012008.0,479692.4375
2019-09-10,0.8100000023841858,0.8109999895095825,0.796999990940094,0.8040000200271606,23738700.0,19066500.0,479692.4375
2019-09-11,0.8059999942779541,0.8090000152587891,0.7960000038146973,0.7979999780654907,22965732.0,18417204.0,479692.4375
2019-09-12,0.800000011920929,0.8069999814033508,0.7940000295639038,0.8050000071525574,13994000.0,11217982.0,479692.4375
2019-09-16,0.8100000023841858,0.8130000233650208,0.8009999990463257,0.8069999814033508,19318432.0,15615440.0,479692.4375
2019-09-17,0.8029999732971191,0.8029999732971191,0.781000018119812,0.7850000262260437,17378600.0,13741458.0,479692.4375
2019-09-18,0.7870000004768372,0.7879999876022339,0.7799999713897705,0.7829999923706055,9597000.0,7521946.0,479692.4375
2019-09-19,0.7850000262260437,0.7889999747276306,0.7789999842643738,0.7889999747276306,10396400.0,8150933.0,479692.4375
2019-09-20,0.7889999747276306,0.7910000085830688,0.781000018119812,0.7860000133514404,9080000.0,7143698.0,479692.4375
2019-09-23,0.7829999923706055,0.7839999794960022,0.7710000276565552,0.781000018119812,9880900.0,7651795.0,479692.4375
2019-09-24,0.7829999923706055,0.7919999957084656,0.7760000228881836,0.7829999923706055,8038100.0,6297285.0,479692.4375
2019-09-25,0.7770000100135803,0.781000018119812,0.7699999809265137,0.7710000276565552,7710000.0,5984025.0,479692.4375
2019-09-26,0.7710000276565552,0.7749999761581421,0.7509999871253967,0.753000020980835,16391900.0,12472418.0,479692.4375
2019-09-27,0.7549999952316284,0.7639999985694885,0.7519999742507935,0.7609999775886536,7765500.0,5901253.0,479692.4375
2019-09-30,0.7620000243186951,0.7680000066757202,0.75,0.7519999742507935,20438300.0,15529887.0,479692.4375
2019-10-08,0.753000020980835,0.7540000081062317,0.7360000014305115,0.7390000224113464,21862100.0,16266176.0,479692.4375
2019-10-09,0.7360000014305115,0.7400000095367432,0.7289999723434448,0.7400000095367432,8644000.0,6343109.0,479692.4375
2019-10-10,0.7409999966621399,0.7480000257492065,0.7369999885559082,0.7480000257492065,6341100.0,4710461.0,479692.4375
2019-10-11,0.746999979019165,0.7570000290870667,0.7400000095367432,0.7509999871253967,7006200.0,5258686.0,479692.4375
2019-10-14,0.7590000033378601,0.7749999761581421,0.7580000162124634,0.7670000195503235,10599000.0,8131648.0,479692.4375
2019-10-15,0.7649999856948853,0.765999972820282,0.7559999823570251,0.7580000162124634,6000300.0,4562521.0,479692.4375
2019-10-16,0.7599999904632568,0.7630000114440918,0.7549999952316284,0.7559999823570251,9462600.0,7175268.0,479692.4375
2019-10-17,0.7559999823570251,0.7670000195503235,0.7559999823570251,0.7599999904632568,7971500.0,6082688.0,479692.4375
2019-10-18,0.7609999775886536,0.7670000195503235,0.75,0.7519999742507935,8080700.0,6103349.0,479692.4375
2019-10-21,0.7509999871253967,0.7509999871253967,0.7369999885559082,0.746999979019165,7602500.0,5647288.0,479692.4375
2019-10-22,0.7480000257492065,0.753000020980835,0.7450000047683716,0.75,9826000.0,7351070.0,479692.4375
2019-10-23,0.7540000081062317,0.7549999952316284,0.7459999918937683,0.7490000128746033,11163700.0,8376652.0,479692.4375
2019-10-24,0.7490000128746033,0.753000020980835,0.7440000176429749,0.7490000128746033,6079400.0,4551042.0,479692.4375
2019-10-25,0.746999979019165,0.7540000081062317,0.7419999837875366,0.7509999871253967,5144700.0,3846890.0,479692.4375
2019-10-28,0.7670000195503235,0.7799999713897705,0.7639999985694885,0.7770000100135803,34031900.0,26356014.0,479692.4375
2019-10-29,0.7770000100135803,0.7789999842643738,0.7630000114440918,0.7649999856948853,25092600.0,19458068.0,479692.4375
2019-10-30,0.7599999904632568,0.7620000243186951,0.7519999742507935,0.7559999823570251,14987800.0,11337868.0,479692.4375
2019-10-31,0.7549999952316284,0.7590000033378601,0.7459999918937683,0.7480000257492065,13526300.0,10149410.0,479692.4375
2019-11-01,0.746999979019165,0.7570000290870667,0.7450000047683716,0.7559999823570251,8937400.0,6721218.0,479692.4375
2019-11-04,0.7570000290870667,0.7639999985694885,0.7540000081062317,0.7549999952316284,9867900.0,7481867.0,479692.4375
2019-11-05,0.7549999952316284,0.7599999904632568,0.7490000128746033,0.7559999823570251,17539700.0,13257200.0,479692.4375
2019-11-06,0.7559999823570251,0.7559999823570251,0.7429999709129333,0.7450000047683716,15641900.0,11709399.0,479692.4375
2019-11-07,0.7440000176429749,0.753000020980835,0.7409999966621399,0.7519999742507935,14702300.0,11023756.0,479692.4375
2019-11-08,0.7549999952316284,0.7620000243186951,0.7519999742507935,0.7540000081062317,22098600.0,16738499.0,479692.4375
2019-11-11,0.7509999871253967,0.7509999871253967,0.7379999756813049,0.7400000095367432,9314700.0,6930562.0,479692.4375
2019-11-12,0.7400000095367432,0.7409999966621399,0.7319999933242798,0.7390000224113464,9601900.0,7071915.0,479692.4375
2019-11-13,0.7390000224113464,0.7400000095367432,0.734000027179718,0.7360000014305115,13030300.0,9597931.0,479692.4375
2019-11-14,0.7360000014305115,0.7400000095367432,0.7329999804496765,0.7379999756813049,7524700.0,5544313.0,479692.4375
2019-11-15,0.7369999885559082,0.7459999918937683,0.7360000014305115,0.7360000014305115,28696400.0,21227958.0,479692.4375
2019-11-18,0.7379999756813049,0.7459999918937683,0.7319999933242798,0.7429999709129333,11135500.0,8252613.0,479692.4375
2019-11-19,0.7440000176429749,0.7749999761581421,0.7440000176429749,0.7739999890327454,65903000.0,50607504.0,479692.4375
2019-11-20,0.777999997138977,0.7870000004768372,0.7680000066757202,0.7680000066757202,45870900.0,35699560.0,479692.4375
2019-11-21,0.7639999985694885,0.7720000147819519,0.7620000243186951,0.7680000066757202,22064400.0,16883326.0,479692.4375
2019-11-22,0.7680000066757202,0.7789999842643738,0.7580000162124634,0.7639999985694885,22577300.0,17332718.0,479692.4375
2019-11-25,0.7620000243186951,0.7620000243186951,0.7490000128746033,0.7549999952316284,20876900.0,15731734.0,479692.4375
2019-11-26,0.7580000162124634,0.7580000162124634,0.7519999742507935,0.7549999952316284,11440600.0,8644099.0,479692.4375
2019-11-27,0.7549999952316284,0.7549999952316284,0.746999979019165,0.75,9709008.0,7277056.0,479692.4375
2019-11-28,0.7480000257492065,0.75,0.7409999966621399,0.7450000047683716,16647800.0,12401563.0,479692.4375
2019-11-29,0.7450000047683716,0.7509999871253967,0.7409999966621399,0.746999979019165,18074500.0,13475223.0,479692.4375
2019-12-02,0.7490000128746033,0.7559999823570251,0.7459999918937683,0.7540000081062317,24031600.0,18070956.0,479692.4375
2019-12-03,0.7509999871253967,0.7559999823570251,0.7429999709129333,0.7559999823570251,18440308.0,13803275.0,479692.4375
2019-12-04,0.7490000128746033,0.7570000290870667,0.7490000128746033,0.7559999823570251,15250900.0,11509053.0,479692.4375
2019-12-05,0.7540000081062317,0.7670000195503235,0.7540000081062317,0.7670000195503235,23032600.0,17537524.0,479692.4375
2019-12-06,0.7639999985694885,0.7739999890327454,0.7599999904632568,0.7730000019073486,51642700.0,39698464.0,479692.4375
2019-12-09,0.7730000019073486,0.7799999713897705,0.765999972820282,0.7760000228881836,43175800.0,33519380.0,479692.4375
2019-12-10,0.7749999761581421,0.7839999794960022,0.7680000066757202,0.7839999794960022,31361900.0,24440968.0,479692.4375
2019-12-11,0.7839999794960022,0.7910000085830688,0.7770000100135803,0.7799999713897705,26714400.0,20956592.0,479692.4375
2019-12-12,0.7770000100135803,0.7829999923706055,0.7710000276565552,0.7749999761581421,22219500.0,17244288.0,479692.4375
2019-12-13,0.7820000052452087,0.7879999876022339,0.7770000100135803,0.7879999876022339,30364600.0,23728818.0,479692.4375
2019-12-16,0.7879999876022339,0.8159999847412109,0.7879999876022339,0.8159999847412109,41392244.0,33247020.0,479692.4375
2019-12-17,0.8119999766349792,0.8199999928474426,0.8069999814033508,0.8149999976158142,44676244.0,36356060.0,479692.4375
2019-12-18,0.8119999766349792,0.8450000286102295,0.8119999766349792,0.8379999995231628,101737344.0,84794944.0,479692.4375
2019-12-19,0.8389999866485596,0.8510000109672546,0.8330000042915344,0.8429999947547913,94540096.0,79631248.0,479692.4375
2019-12-20,0.8429999947547913,0.8460000157356262,0.8259999752044678,0.8289999961853027,72762600.0,60811512.0,479692.4375
2019-12-23,0.8220000267028809,0.8270000219345093,0.8069999814033508,0.8080000281333923,45417600.0,37057652.0,479692.4375
2019-12-24,0.8100000023841858,0.8320000171661377,0.8090000152587891,0.8320000171661377,31115100.0,25525076.0,479692.4375
2019-12-25,0.8299999833106995,0.8429999947547913,0.8230000138282776,0.8379999995231628,43718300.0,36349288.0,479692.4375
2019-12-26,0.8330000042915344,0.8410000205039978,0.8270000219345093,0.8389999866485596,22252092.0,18551700.0,479692.4375
2019-12-27,0.8399999737739563,0.8489999771118164,0.8240000009536743,0.8259999752044678,35808592.0,30065316.0,479692.4375
2019-12-30,0.8270000219345093,0.8379999995231628,0.8130000233650208,0.8379999995231628,26906300.0,22271610.0,479692.4375
2019-12-31,0.8360000252723694,0.8389999866485596,0.828000009059906,0.8349999785423279,21923200.0,18264610.0,479692.4375
2020-01-02,0.8399999737739563,0.8840000033378601,0.8360000252723694,0.8830000162124634,81727200.0,70950936.0,479692.4375
2020-01-03,0.8820000290870667,0.8960000276565552,0.8769999742507935,0.8859999775886536,191512768.0,169842032.0,479692.4375
2020-01-06,0.878000020980835,0.9150000214576721,0.8690000176429749,0.9049999713897705,121220736.0,109384448.0,479692.4375
2020-01-07,0.9079999923706055,0.9350000023841858,0.8999999761581421,0.9330000281333923,144423504.0,133290528.0,479692.4375
2020-01-08,0.925000011920929,0.9290000200271606,0.9039999842643738,0.906000018119812,180868304.0,165504160.0,479692.4375
2020-01-09,0.9200000166893005,0.9300000071525574,0.9079999923706055,0.9200000166893005,166522000.0,153043664.0,479692.4375
2020-01-10,0.925000011920929,0.9290000200271606,0.9079999923706055,0.9160000085830688,52913300.0,48407068.0,479692.4375
2020-01-13,0.9110000133514404,0.9300000071525574,0.8999999761581421,0.9290000200271606,58502300.0,53601872.0,479692.4375
2020-01-14,0.9300000071525574,0.9399999976158142,0.925000011920929,0.9259999990463257,81980496.0,76403104.0,479692.4375
2020-01-15,0.9240000247955322,0.9300000071525574,0.9110000133514404,0.921999990940094,45202200.0,41494772.0,479692.4375
2020-01-16,0.9210000038146973,0.9259999990463257,0.9089999794960022,0.9120000004768372,58924800.0,53966416.0,479692.4375
2020-01-17,0.9129999876022339,0.9240000247955322,0.9070000052452087,0.9120000004768372,52442900.0,48018052.0,479692.4375
2020-01-20,0.9120000004768372,0.9179999828338623,0.8989999890327454,0.9160000085830688,64192184.0,58292840.0,479692.4375
2020-01-21,0.9089999794960022,0.9089999794960022,0.890999972820282,0.8970000147819519,115959104.0,104196376.0,479692.4375
2020-01-22,0.8849999904632568,0.9070000052452087,0.8740000128746033,0.9020000100135803,106210896.0,94324104.0,479692.4375
2020-01-23,0.8899999856948853,0.9169999957084656,0.8650000095367432,0.878000020980835,97898304.0,87617256.0,479692.4375
2020-02-03,0.7900000214576721,0.8299999833106995,0.7900000214576721,0.7900000214576721,83671104.0,66942760.0,479692.4375
2020-02-04,0.7940000295639038,0.8399999737739563,0.7870000004768372,0.8320000171661377,93435560.0,76804568.0,479692.4375
2020-02-05,0.8399999737739563,0.8690000176429749,0.8330000042915344,0.8489999771118164,93384000.0,79291784.0,479692.4375
2020-02-06,0.8489999771118164,0.9100000262260437,0.8429999947547913,0.9089999794960022,88020304.0,78252720.0,479692.4375
2020-02-07,0.9049999713897705,0.9359999895095825,0.8999999761581421,0.9309999942779541,115944800.0,106747680.0,479692.4375
2020-02-10,0.921999990940094,0.9359999895095825,0.902999997138977,0.9210000038146973,52247164.0,48142188.0,479692.4375
2020-02-11,0.925000011920929,0.925000011920929,0.9020000100135803,0.9120000004768372,38102896.0,34754996.0,479692.4375
2020-02-12,0.9129999876022339,0.9350000023841858,0.9089999794960022,0.9340000152587891,56567068.0,52377776.0,479692.4375
2020-02-13,0.9330000281333923,0.9330000281333923,0.9079999923706055,0.9160000085830688,111446736.0,102527240.0,479692.4375
2020-02-14,0.9089999794960022,0.9259999990463257,0.9039999842643738,0.9179999828338623,101981504.0,93282472.0,479692.4375
2020-02-17,0.9259999990463257,0.9470000267028809,0.9179999828338623,0.9470000267028809,75822800.0,70966600.0,479692.4375
2020-02-18,0.9559999704360962,0.9599999785423279,0.9340000152587891,0.9589999914169312,55406400.0,52615784.0,479692.4375
2020-02-19,0.9509999752044678,0.953000009059906,0.9259999990463257,0.9290000200271606,95048768.0,89230736.0,479692.4375
2020-02-20,0.9350000023841858,0.9470000267028809,0.925000011920929,0.9470000267028809,96013992.0,90169456.0,479692.4375
2020-02-21,0.9459999799728394,0.9810000061988831,0.9430000185966492,0.9710000157356262,109505480.0,105874984.0,479692.4375
2020-02-24,0.9670000076293945,0.984000027179718,0.9559999704360962,0.9819999933242798,77235504.0,75065720.0,479692.4375
2020-02-25,0.9549999833106995,0.9779999852180481,0.9200000166893005,0.9750000238418579,109018496.0,104022872.0,479692.4375
2020-02-26,0.953000009059906,0.9649999737739563,0.9279999732971191,0.9359999895095825,81070304.0,76765760.0,479692.4375
2020-02-27,0.9399999976158142,0.9580000042915344,0.9210000038146973,0.9459999799728394,84917528.0,80314112.0,479692.4375
2020-02-28,0.9160000085830688,0.9319999814033508,0.8889999985694885,0.8930000066757202,104951032.0,95984688.0,479692.4375
2020-03-02,0.8999999761581421,0.9240000247955322,0.8870000243186951,0.9169999957084656,55232700.0,50015672.0,479692.4375
2020-03-03,0.9309999942779541,0.9490000009536743,0.9089999794960022,0.9190000295639038,62820152.0,58673336.0,479692.4375
2020-03-04,0.9129999876022339,0.9240000247955322,0.8989999890327454,0.9179999828338623,35276600.0,32141684.0,479692.4375
2020-03-05,0.9350000023841858,0.9390000104904175,0.9179999828338623,0.9290000200271606,49310300.0,45839024.0,479692.4375
2020-03-06,0.9190000295639038,0.9290000200271606,0.9100000262260437,0.9169999957084656,36779900.0,33838876.0,479692.4375
2020-03-09,0.8989999890327454,0.9049999713897705,0.8690000176429749,0.8709999918937683,71561000.0,63272356.0,479692.4375
2020-03-10,0.8659999966621399,0.9020000100135803,0.859000027179718,0.9010000228881836,65452800.0,57666752.0,479692.4375
2020-03-11,0.8989999890327454,0.906000018119812,0.8799999952316284,0.8840000033378601,67419904.0,60405188.0,479692.4375
2020-03-12,0.8740000128746033,0.8740000128746033,0.8550000190734863,0.8650000095367432,52550500.0,45465436.0,479692.4375
2020-03-13,0.8209999799728394,0.8690000176429749,0.8169999718666077,0.8600000143051147,67454896.0,57206576.0,479692.4375
2020-03-16,0.8619999885559082,0.8650000095367432,0.8190000057220459,0.8220000267028809,47242968.0,40192592.0,479692.4375
2020-03-17,0.8230000138282776,0.8450000286102295,0.7990000247955322,0.8259999752044678,53592600.0,44020932.0,479692.4375
2020-03-18,0.8339999914169312,0.8519999980926514,0.8100000023841858,0.8130000233650208,33874300.0,28219976.0,479692.4375
2020-03-19,0.8140000104904175,0.824999988079071,0.7979999780654907,0.8240000009536743,56430232.0,45993348.0,479692.4375
2020-03-20,0.8299999833106995,0.8429999947547913,0.8230000138282776,0.8389999866485596,43134800.0,36059748.0,479692.4375
2020-03-23,0.8109999895095825,0.8299999833106995,0.8009999990463257,0.8080000281333923,28219500.0,23054738.0,479692.4375
2020-03-24,0.8220000267028809,0.8309999704360962,0.7910000085830688,0.8140000104904175,26139700.0,21172834.0,479692.4375
2020-03-25,0.8320000171661377,0.8399999737739563,0.8230000138282776,0.8360000252723694,30673400.0,25567016.0,479692.4375
2020-03-26,0.8299999833106995,0.843999981880188,0.8240000009536743,0.8349999785423279,37367400.0,31221374.0,479692.4375
2020-03-27,0.8410000205039978,0.8429999947547913,0.8180000185966492,0.8180000185966492,29887500.0,24768952.0,479692.4375
2020-03-30,0.8040000200271606,0.8180000185966492,0.7749999761581421,0.7889999747276306,33323100.0,26248152.0,479692.4375
2020-03-31,0.7950000166893005,0.7990000247955322,0.7879999876022339,0.7900000214576721,22226700.0,17618640.0,479692.4375
2020-04-01,0.7870000004768372,0.8009999990463257,0.7820000052452087,0.7850000262260437,24407900.0,19317318.0,479692.4375
2020-04-02,0.7820000052452087,0.8050000071525574,0.781000018119812,0.8050000071525574,17295000.0,13684716.0,479692.4375
2020-04-03,0.8029999732971191,0.8040000200271606,0.7900000214576721,0.796999990940094,25510200.0,20326180.0,479692.4375
2020-04-07,0.8080000281333923,0.8240000009536743,0.8069999814033508,0.8209999799728394,20798200.0,16964332.0,479692.4375
2020-04-08,0.8199999928474426,0.8259999752044678,0.8100000023841858,0.8230000138282776,34789500.0,28548130.0,479692.4375
2020-04-09,0.828000009059906,0.8370000123977661,0.8230000138282776,0.8320000171661377,36984000.0,30762348.0,479692.4375
2020-04-10,0.8330000042915344,0.8360000252723694,0.8040000200271606,0.8080000281333923,20396900.0,16635318.0,479692.4375
2020-04-13,0.8019999861717224,0.8019999861717224,0.7839999794960022,0.7879999876022339,24404200.0,19300380.0,479692.4375
2020-04-14,0.7889999747276306,0.8199999928474426,0.7889999747276306,0.8190000057220459,55841400.0,45157888.0,479692.4375
2020-04-15,0.8169999718666077,0.8240000009536743,0.8119999766349792,0.8130000233650208,25162000.0,20626040.0,479692.4375
2020-04-16,0.8109999895095825,0.8299999833106995,0.8090000152587891,0.824999988079071,48690600.0,40194716.0,479692.4375
2020-04-17,0.8330000042915344,0.8379999995231628,0.8230000138282776,0.8270000219345093,56795000.0,47279928.0,479692.4375
2020-04-20,0.824999988079071,0.8330000042915344,0.8220000267028809,0.8320000171661377,9875300.0,8178153.0,479692.4375
2020-04-21,0.8299999833106995,0.8330000042915344,0.8180000185966492,0.8320000171661377,29995500.0,24823162.0,479692.4375
2020-04-22,0.8240000009536743,0.8389999866485596,0.8230000138282776,0.8379999995231628,9462300.0,7860536.0,479692.4375
2020-04-23,0.8379999995231628,0.8410000205039978,0.8209999799728394,0.8240000009536743,19445800.0,16123521.0,479692.4375
2020-04-24,0.8220000267028809,0.8259999752044678,0.8100000023841858,0.8130000233650208,35390896.0,28976120.0,479692.4375
2020-04-27,0.8130000233650208,0.8209999799728394,0.8109999895095825,0.8130000233650208,10707700.0,8752097.0,479692.4375
2020-04-28,0.8130000233650208,0.8159999847412109,0.7839999794960022,0.8100000023841858,19101404.0,15278302.0,479692.4375
2020-04-29,0.8059999942779541,0.8240000009536743,0.8040000200271606,0.8169999718666077,9748200.0,7976382.0,479692.4375
2020-04-30,0.824999988079071,0.8410000205039978,0.8230000138282776,0.8389999866485596,33586100.0,28009686.0,479692.4375
2020-05-06,0.8289999961853027,0.8569999933242798,0.828000009059906,0.8550000190734863,23312100.0,19680256.0,479692.4375
2020-05-07,0.8550000190734863,0.8600000143051147,0.8489999771118164,0.8510000109672546,18637600.0,15904775.0,479692.4375
2020-05-08,0.8539999723434448,0.8640000224113464,0.8529999852180481,0.8610000014305115,16136700.0,13865514.0,479692.4375
2020-05-11,0.8659999966621399,0.8709999918937683,0.8539999723434448,0.8600000143051147,38261300.0,33034776.0,479692.4375
2020-05-12,0.8600000143051147,0.8619999885559082,0.8500000238418579,0.8600000143051147,21230200.0,18189758.0,479692.4375
2020-05-13,0.8539999723434448,0.8640000224113464,0.8510000109672546,0.8619999885559082,14556400.0,12488273.0,479692.4375
2020-05-14,0.8569999933242798,0.871999979019165,0.8569999933242798,0.8619999885559082,30776600.0,26563624.0,479692.4375
2020-05-15,0.8629999756813049,0.8650000095367432,0.8550000190734863,0.8579999804496765,9402600.0,8086544.0,479692.4375
2020-05-18,0.8579999804496765,0.8579999804496765,0.8379999995231628,0.847000002861023,40574500.0,34450240.0,479692.4375
2020-05-19,0.8519999980926514,0.8550000190734863,0.8489999771118164,0.8539999723434448,41221200.0,35136224.0,479692.4375
2020-05-20,0.8539999723434448,0.8600000143051147,0.8460000157356262,0.8510000109672546,62281400.0,53279280.0,479692.4375
2020-05-21,0.8529999852180481,0.8529999852180481,0.8349999785423279,0.8370000123977661,24538000.0,20689926.0,479692.4375
2020-05-22,0.8360000252723694,0.8399999737739563,0.8159999847412109,0.8209999799728394,16151700.0,13323192.0,479692.4375
2020-05-25,0.8190000057220459,0.8209999799728394,0.8119999766349792,0.8159999847412109,8354900.0,6810143.0,479692.4375
2020-05-26,0.8180000185966492,0.8339999914169312,0.8180000185966492,0.8330000042915344,9116100.0,7549328.0,479692.4375
2020-05-27,0.8349999785423279,0.8349999785423279,0.8190000057220459,0.8220000267028809,7718600.0,6373898.0,479692.4375
2020-05-28,0.8220000267028809,0.8270000219345093,0.8080000281333923,0.8220000267028809,10145600.0,8277745.0,479692.4375
2020-05-29,0.8209999799728394,0.843999981880188,0.8190000057220459,0.8429999947547913,37302456.0,31241528.0,479692.4375
2020-06-01,0.8450000286102295,0.871999979019165,0.843999981880188,0.8700000047683716,34271120.0,29578996.0,479692.4375
2020-06-02,0.8700000047683716,0.8769999742507935,0.8629999756813049,0.8669999837875366,41686644.0,36194336.0,479692.4375
2020-06-03,0.8690000176429749,0.8730000257492065,0.8650000095367432,0.8659999966621399,30077000.0,26118496.0,479692.4375
2020-06-04,0.8679999709129333,0.8690000176429749,0.8600000143051147,0.8629999756813049,8682800.0,7498259.0,479692.4375
2020-06-05,0.8629999756813049,0.878000020980835,0.8619999885559082,0.8769999742507935,27765600.0,24255248.0,479692.4375
2020-06-08,0.8820000290870667,0.8830000162124634,0.8700000047683716,0.871999979019165,23768100.0,20805968.0,479692.4375
2020-06-09,0.875,0.8889999985694885,0.8679999709129333,0.8880000114440918,38575100.0,33973508.0,479692.4375
2020-06-10,0.8880000114440918,0.8880000114440918,0.8769999742507935,0.8840000033378601,21650700.0,19071704.0,479692.4375
2020-06-11,0.8830000162124634,0.9010000228881836,0.8809999823570251,0.8889999985694885,50513200.0,45016868.0,479692.4375
2020-06-12,0.8700000047683716,0.9039999842643738,0.8669999837875366,0.9020000100135803,42547000.0,37870056.0,479692.4375
2020-06-15,0.9049999713897705,0.921999990940094,0.9010000228881836,0.9070000052452087,69743000.0,63715848.0,479692.4375
2020-06-16,0.9150000214576721,0.9179999828338623,0.902999997138977,0.9150000214576721,44002700.0,40091480.0,479692.4375
2020-06-17,0.9190000295639038,0.9190000295639038,0.9039999842643738,0.9179999828338623,32890700.0,29989200.0,479692.4375
2020-06-18,0.9160000085830688,0.9279999732971191,0.9020000100135803,0.9150000214576721,22189300.0,20298260.0,479692.4375
2020-06-19,0.9110000133514404,0.9229999780654907,0.906000018119812,0.9160000085830688,38563800.0,35346716.0,479692.4375
2020-06-22,0.9150000214576721,0.9169999957084656,0.9089999794960022,0.9139999747276306,34825336.0,31811080.0,479692.4375
2020-06-23,0.9129999876022339,0.9470000267028809,0.9129999876022339,0.9399999976158142,57642400.0,53687080.0,479692.4375
2020-06-24,0.9409999847412109,0.9509999752044678,0.9399999976158142,0.9440000057220459,45580100.0,43110912.0,479692.4375
2020-06-29,0.9390000104904175,0.9419999718666077,0.9229999780654907,0.9290000200271606,25726400.0,23931476.0,479692.4375
2020-06-30,0.9319999814033508,0.9520000219345093,0.9300000071525574,0.9480000138282776,97925504.0,92701752.0,479692.4375
2020-07-01,0.9490000009536743,0.9549999833106995,0.9330000281333923,0.9470000267028809,41683500.0,39350008.0,479692.4375
2020-07-02,0.9449999928474426,0.9580000042915344,0.9380000233650208,0.949999988079071,44849800.0,42600124.0,479692.4375
2020-07-03,0.9459999799728394,0.9570000171661377,0.9359999895095825,0.9559999704360962,67949392.0,64268848.0,479692.4375
2020-07-06,0.9599999785423279,0.9919999837875366,0.9449999928474426,0.9869999885559082,96851432.0,93725880.0,479692.4375
2020-07-07,1.0,1.0210000276565552,0.9729999899864197,1.0149999856948853,92568032.0,92810728.0,479692.4375
2020-07-08,1.003000020980835,1.0219999551773071,0.9850000143051147,1.0160000324249268,115263568.0,116335688.0,479692.4375
2020-07-09,1.0180000066757202,1.062999963760376,1.0160000324249268,1.0570000410079956,105839696.0,110514584.0,479692.4375
2020-07-10,1.0460000038146973,1.0679999589920044,1.0379999876022339,1.055999994277954,68583520.0,72469048.0,479692.4375
2020-07-13,1.0499999523162842,1.0789999961853027,1.0429999828338623,1.0779999494552612,54942500.0,58481072.0,479692.4375
2020-07-14,1.069000005722046,1.093000054359436,1.0470000505447388,1.0700000524520874,67479400.0,72131808.0,479692.4375
2020-07-15,1.0700000524520874,1.0709999799728394,1.0169999599456787,1.0269999504089355,80923952.0,83932896.0,479692.4375
2020-07-16,1.027999997138977,1.059000015258789,0.9860000014305115,0.9940000176429749,122003504.0,125669320.0,479692.4375
2020-07-17,0.9950000047683716,1.0240000486373901,0.9800000190734863,1.0010000467300415,97754304.0,97925552.0,479692.4375
2020-07-20,1.0190000534057617,1.0230000019073486,0.9909999966621399,1.0219999551773071,65703400.0,66375512.0,479692.4375
2020-07-21,1.0230000019073486,1.034000039100647,1.0110000371932983,1.0260000228881836,55945756.0,57215548.0,479692.4375
2020-07-22,1.0260000228881836,1.0449999570846558,1.0130000114440918,1.034000039100647,58064400.0,60013468.0,479692.4375
2020-07-23,1.0240000486373901,1.027999997138977,0.9890000224113464,1.0160000324249268,76042200.0,76407016.0,479692.4375
2020-07-24,1.0110000371932983,1.0130000114440918,0.9520000219345093,0.9629999995231628,67410800.0,65927524.0,479692.4375
2020-07-27,0.9580000042915344,0.9750000238418579,0.9509999752044678,0.9599999785423279,23617900.0,22697560.0,479692.4375
2020-07-28,0.968999981880188,0.9779999852180481,0.9610000252723694,0.9769999980926514,32156200.0,31170800.0,479692.4375
2020-07-29,0.9750000238418579,1.0080000162124634,0.9710000157356262,1.0069999694824219,32381200.0,32218558.0,479692.4375
2020-07-30,1.0099999904632568,1.0119999647140503,0.9890000224113464,0.9890000224113464,24118300.0,24067492.0,479692.4375
2020-07-31,0.9890000224113464,1.0099999904632568,0.9810000061988831,1.0,41088400.0,40889292.0,479692.4375
2020-08-03,1.0119999647140503,1.0180000066757202,0.9990000128746033,1.0180000066757202,47115400.0,47524268.0,479692.4375
2020-08-04,1.0190000534057617,1.0190000534057617,0.9929999709129333,1.0,52101600.0,52312976.0,479692.4375
2020-08-05,0.996999979019165,1.0140000581741333,0.9929999709129333,1.0069999694824219,40340100.0,40553704.0,479692.4375
2020-08-06,1.00600004196167,1.0080000162124634,0.9789999723434448,0.9879999756813049,69138800.0,68299344.0,479692.4375
2020-08-07,0.9819999933242798,0.9869999885559082,0.9549999833106995,0.972000002861023,65095500.0,63087300.0,479692.4375
2020-08-10,0.968999981880188,0.9900000095367432,0.968999981880188,0.9860000014305115,69030000.0,67678288.0,479692.4375
2020-08-11,0.9890000224113464,0.9909999966621399,0.9629999995231628,0.9660000205039978,39972400.0,39058416.0,479692.4375
2020-08-12,0.9620000123977661,0.9660000205039978,0.9409999847412109,0.9639999866485596,57196600.0,54466360.0,479692.4375
2020-08-13,0.9670000076293945,0.9700000286102295,0.9580000042915344,0.9639999866485596,32757100.0,31601080.0,479692.4375
2020-08-14,0.9639999866485596,0.9779999852180481,0.9610000252723694,0.9779999852180481,27050500.0,26265754.0,479692.4375
2020-08-17,0.9869999885559082,0.996999979019165,0.9779999852180481,0.9959999918937683,29423000.0,29138584.0,479692.4375
2020-08-18,0.996999979019165,1.0,0.9860000014305115,0.9980000257492065,38459900.0,38183096.0,479692.4375
2020-08-19,0.9980000257492065,0.9990000128746033,0.9700000286102295,0.9710000157356262,49814500.0,48812528.0,479692.4375
2020-08-20,0.9670000076293945,0.9810000061988831,0.9610000252723694,0.9750000238418579,41787400.0,40689112.0,479692.4375
2020-08-21,0.9800000190734863,1.0099999904632568,0.9800000190734863,1.0049999952316284,77730304.0,77948408.0,479692.4375
2020-08-24,1.0119999647140503,1.0299999713897705,1.0010000467300415,1.0260000228881836,72068800.0,73407352.0,479692.4375
2020-08-25,1.0240000486373901,1.034999966621399,1.0210000276565552,1.0269999504089355,64838100.0,66595360.0,479692.4375
2020-08-26,1.0299999713897705,1.034999966621399,1.0149999856948853,1.0210000276565552,51164300.0,52421528.0,479692.4375
2020-08-27,1.0240000486373901,1.0329999923706055,1.0180000066757202,1.024999976158142,46072700.0,47271220.0,479692.4375
2020-08-28,1.024999976158142,1.0420000553131104,1.0180000066757202,1.0420000553131104,47471100.0,48927792.0,479692.4375
2020-08-31,1.0429999828338623,1.0549999475479126,1.0269999504089355,1.027999997138977,59081200.0,61585948.0,479692.4375
2020-09-01,1.024999976158142,1.031999945640564,1.0149999856948853,1.031999945640564,37285000.0,38200512.0,479692.4375
2020-09-02,1.0299999713897705,1.0460000038146973,1.024999976158142,1.0429999828338623,33895200.0,35141808.0,479692.4375
2020-09-03,1.0429999828338623,1.0429999828338623,1.0260000228881836,1.031000018119812,81189104.0,83972240.0,479692.4375
2020-09-04,1.0080000162124634,1.0299999713897705,1.0080000162124634,1.027999997138977,32062000.0,32708824.0,479692.4375
2020-09-07,1.027999997138977,1.0369999408721924,1.0,1.00600004196167,30749100.0,31235608.0,479692.4375
2020-09-08,1.003000020980835,1.0180000066757202,1.003000020980835,1.0169999599456787,24205600.0,24460864.0,479692.4375
2020-09-09,1.0049999952316284,1.0080000162124634,0.9760000109672546,0.9779999852180481,38994100.0,38595668.0,479692.4375
2020-09-10,0.9810000061988831,0.9879999756813049,0.9480000138282776,0.9520000219345093,27142300.0,26245808.0,479692.4375
2020-09-11,0.9509999752044678,0.972000002861023,0.9470000267028809,0.9710000157356262,27767100.0,26676132.0,479692.4375
2020-09-14,0.9760000109672546,0.9869999885559082,0.9710000157356262,0.9829999804496765,43837100.0,42918552.0,479692.4375
2020-09-15,0.9829999804496765,0.9919999837875366,0.9810000061988831,0.9869999885559082,17933800.0,17688548.0,479692.4375
2020-09-16,0.9850000143051147,0.9860000014305115,0.9739999771118164,0.9810000061988831,20073100.0,19702158.0,479692.4375
2020-09-17,0.9800000190734863,0.984000027179718,0.9679999947547913,0.9779999852180481,16917000.0,16498088.0,479692.4375
2020-09-18,0.9739999771118164,0.9980000257492065,0.9739999771118164,0.9959999918937683,20800300.0,20540680.0,479692.4375
2020-09-21,0.9990000128746033,1.0010000467300415,0.9800000190734863,0.9800000190734863,17577700.0,17366484.0,479692.4375
2020-09-22,0.9700000286102295,0.9829999804496765,0.9620000123977661,0.9679999947547913,17168600.0,16668511.0,479692.4375
2020-09-23,0.972000002861023,0.984000027179718,0.9700000286102295,0.9789999723434448,14500600.0,14148595.0,479692.4375
2020-09-24,0.9739999771118164,0.9860000014305115,0.9589999914169312,0.9589999914169312,30229400.0,29483896.0,479692.4375
2020-09-25,0.9649999737739563,0.9679999947547913,0.9570000171661377,0.9610000252723694,11271799.0,10838185.0,479692.4375
2020-09-28,0.9629999995231628,0.972000002861023,0.9520000219345093,0.9559999704360962,8754400.0,8410101.0,479692.4375
2020-09-29,0.9549999833106995,0.9679999947547913,0.9549999833106995,0.9649999737739563,11534666.0,11110821.0,479692.4375
2020-09-30,0.9660000205039978,0.9729999899864197,0.9539999961853027,0.9620000123977661,18454600.0,17830212.0,479692.4375
2020-10-09,0.9800000190734863,0.9879999756813049,0.9670000076293945,0.9789999723434448,17704800.0,17292604.0,479692.4375
2020-10-12,0.9810000061988831,0.9929999709129333,0.9739999771118164,0.9919999837875366,39734800.0,39055400.0,479692.4375
2020-10-13,0.9860000014305115,0.9940000176429749,0.9729999899864197,0.9909999966621399,48345600.0,47523536.0,479692.4375
2020-10-14,1.0019999742507935,1.0099999904632568,0.9850000143051147,0.9890000224113464,38453000.0,38256568.0,479692.4375
2020-10-15,0.9879999756813049,0.9919999837875366,0.972000002861023,0.9750000238418579,29429000.0,28872276.0,479692.4375
2020-10-16,0.9710000157356262,0.9779999852180481,0.968999981880188,0.9760000109672546,24598400.0,23928608.0,479692.4375
2020-10-19,0.9769999980926514,0.9789999723434448,0.9610000252723694,0.9649999737739563,19351800.0,18759032.0,479692.4375
2020-10-20,0.9649999737739563,0.9760000109672546,0.9629999995231628,0.9760000109672546,16587500.0,16095950.0,479692.4375
2020-10-21,0.9750000238418579,0.9810000061988831,0.9639999866485596,0.968999981880188,18364100.0,17833132.0,479692.4375
2020-10-22,0.9679999947547913,0.9679999947547913,0.9520000219345093,0.9559999704360962,17067300.0,16314787.0,479692.4375
2020-10-23,0.9549999833106995,0.9610000252723694,0.9279999732971191,0.9350000023841858,27287400.0,25711236.0,479692.4375
2020-10-26,0.9309999942779541,0.9380000233650208,0.9150000214576721,0.9369999766349792,64403400.0,59414800.0,479692.4375
2020-10-27,0.9330000281333923,0.9350000023841858,0.9269999861717224,0.9319999814033508,14555500.0,13549828.0,479692.4375
2020-10-28,0.9300000071525574,0.9470000267028809,0.921999990940094,0.9440000057220459,22324300.0,20890882.0,479692.4375
2020-10-29,0.9350000023841858,0.9430000185966492,0.925000011920929,0.9409999847412109,18540900.0,17359952.0,479692.4375
2020-10-30,0.9409999847412109,0.9440000057220459,0.9129999876022339,0.9169999957084656,30461300.0,28253324.0,479692.4375
2020-11-02,0.9160000085830688,0.925000011920929,0.9070000052452087,0.9129999876022339,13028400.0,11918184.0,479692.4375
2020-11-03,0.9200000166893005,0.9300000071525574,0.9100000262260437,0.9279999732971191,22448400.0,20756844.0,479692.4375
2020-11-04,0.9300000071525574,0.9300000071525574,0.9120000004768372,0.921999990940094,18232704.0,16749631.0,479692.4375
2020-11-05,0.9309999942779541,0.9380000233650208,0.9240000247955322,0.9369999766349792,45100272.0,42065476.0,479692.4375
2020-11-06,0.9369999766349792,0.9390000104904175,0.9229999780654907,0.9319999814033508,22332300.0,20785084.0,479692.4375
2020-11-09,0.9359999895095825,0.949999988079071,0.9330000281333923,0.9449999928474426,56173400.0,52980596.0,479692.4375
2020-11-10,0.9549999833106995,0.9580000042915344,0.9309999942779541,0.9350000023841858,43149100.0,40550688.0,479692.4375
2020-11-11,0.9300000071525574,0.9330000281333923,0.9129999876022339,0.9139999747276306,28651700.0,26395652.0,479692.4375
2020-11-12,0.9160000085830688,0.9240000247955322,0.9079999923706055,0.9150000214576721,24689100.0,22582740.0,479692.4375
2020-11-13,0.9129999876022339,0.9129999876022339,0.9010000228881836,0.9100000262260437,30550000.0,27696412.0,479692.4375
2020-11-16,0.9089999794960022,0.9160000085830688,0.9079999923706055,0.9160000085830688,24550400.0,22409010.0,479692.4375
2020-11-17,0.9179999828338623,0.9179999828338623,0.8999999761581421,0.9070000052452087,44487300.0,40294472.0,479692.4375
2020-11-18,0.9079999923706055,0.9100000262260437,0.9010000228881836,0.9049999713897705,32029200.0,28987252.0,479692.4375
2020-11-19,0.902999997138977,0.9100000262260437,0.8920000195503235,0.9089999794960022,32987600.0,29833124.0,479692.4375
2020-11-20,0.9100000262260437,0.9150000214576721,0.906000018119812,0.9129999876022339,25143200.0,22914352.0,479692.4375
2020-11-23,0.9129999876022339,0.9139999747276306,0.9010000228881836,0.9039999842643738,74610896.0,67486824.0,479692.4375
2020-11-24,0.902999997138977,0.9070000052452087,0.8949999809265137,0.9010000228881836,41750100.0,37593644.0,479692.4375
2020-11-25,0.902999997138977,0.902999997138977,0.8809999823570251,0.8849999904632568,88310000.0,78719232.0,479692.4375
2020-11-26,0.8840000033378601,0.8899999856948853,0.8809999823570251,0.8870000243186951,26204400.0,23204176.0,479692.4375
2020-11-27,0.8880000114440918,0.890999972820282,0.8809999823570251,0.890999972820282,28153900.0,24936792.0,479692.4375
2020-11-30,0.8889999985694885,0.9120000004768372,0.8809999823570251,0.906000018119812,79463296.0,71715976.0,479692.4375
2020-12-01,0.906000018119812,0.9340000152587891,0.902999997138977,0.9309999942779541,138640608.0,128224720.0,479692.4375
2020-12-02,0.9319999814033508,0.9390000104904175,0.925000011920929,0.9309999942779541,89750896.0,83564552.0,479692.4375
2020-12-03,0.9269999861717224,0.9359999895095825,0.925000011920929,0.9319999814033508,79266704.0,73683016.0,479692.4375
2020-12-04,0.9300000071525574,0.9319999814033508,0.9200000166893005,0.9300000071525574,48869600.0,45243892.0,479692.4375
2020-12-07,0.9279999732971191,0.9279999732971191,0.9150000214576721,0.9160000085830688,49654992.0,45610272.0,479692.4375
2020-12-08,0.9160000085830688,0.9279999732971191,0.9160000085830688,0.9179999828338623,40786296.0,37598568.0,479692.4375
2020-12-09,0.9150000214576721,0.9200000166893005,0.8970000147819519,0.8980000019073486,49813700.0,45196756.0,479692.4375
2020-12-10,0.8960000276565552,0.9039999842643738,0.890999972820282,0.8999999761581421,25789294.0,23146880.0,479692.4375
2020-12-11,0.8989999890327454,0.902999997138977,0.8650000095367432,0.871999979019165,131545696.0,115065184.0,479692.4375
2020-12-14,0.871999979019165,0.8759999871253967,0.8629999756813049,0.8759999871253967,76542800.0,66625680.0,479692.4375
2020-12-15,0.875,0.8849999904632568,0.871999979019165,0.8790000081062317,51548000.0,45273824.0,479692.4375
2020-12-16,0.8790000081062317,0.8809999823570251,0.8600000143051147,0.8640000224113464,164045408.0,141447392.0,479692.4375
2020-12-17,0.8610000014305115,0.8640000224113464,0.847000002861023,0.8619999885559082,65900800.0,56425408.0,479692.4375
2020-12-18,0.8669999837875366,0.8709999918937683,0.859000027179718,0.8640000224113464,53376300.0,46224872.0,479692.4375
2020-12-21,0.8640000224113464,0.8790000081062317,0.8600000143051147,0.8769999742507935,77178200.0,67440608.0,479692.4375
2020-12-22,0.8769999742507935,0.8769999742507935,0.8600000143051147,0.8619999885559082,69879000.0,60625108.0,479692.4375
2020-12-23,0.8619999885559082,0.8619999885559082,0.8510000109672546,0.8579999804496765,53280300.0,45631436.0,479692.4375
2020-12-24,0.8560000061988831,0.8560000061988831,0.8370000123977661,0.8379999995231628,89951696.0,75926848.0,479692.4375
2020-12-25,0.8360000252723694,0.8370000123977661,0.8240000009536743,0.8289999961853027,70537704.0,58484184.0,479692.4375
2020-12-28,0.8299999833106995,0.8320000171661377,0.8130000233650208,0.8169999718666077,74969200.0,61332008.0,479692.4375
2020-12-29,0.8159999847412109,0.8450000286102295,0.8140000104904175,0.8420000076293945,114230096.0,95562408.0,479692.4375
2020-12-30,0.8389999866485596,0.8529999852180481,0.8330000042915344,0.8500000238418579,135236400.0,114181096.0,479692.4375
2020-12-31,0.8519999980926514,0.8640000224113464,0.8479999899864197,0.8619999885559082,72125104.0,61833504.0,479692.4375
2021-01-04,0.8669999837875366,0.8759999871253967,0.8610000014305115,0.8740000128746033,116512200.0,101361192.0,479692.4375
2021-01-05,0.8700000047683716,0.8769999742507935,0.8600000143051147,0.8679999709129333,89663512.0,77764136.0,479692.4375
2021-01-06,0.8619999885559082,0.8659999966621399,0.8510000109672546,0.8619999885559082,107313000.0,92070480.0,479692.4375
2021-01-07,0.8619999885559082,0.8629999756813049,0.8320000171661377,0.8410000205039978,125660896.0,105938464.0,479692.4375
2021-01-08,0.8339999914169312,0.878000020980835,0.8339999914169312,0.8740000128746033,143609408.0,124287568.0,479692.4375
2021-01-11,0.8759999871253967,0.8889999985694885,0.8669999837875366,0.8799999952316284,116609720.0,102548008.0,479692.4375
2021-01-12,0.878000020980835,0.8790000081062317,0.8619999885559082,0.875,157692320.0,136954544.0,479692.4375
2021-01-13,0.8709999918937683,0.875,0.8659999966621399,0.8709999918937683,106363200.0,92604160.0,479692.4375
2021-01-14,0.8730000257492065,0.8809999823570251,0.8629999756813049,0.8700000047683716,123943600.0,108206336.0,479692.4375
2021-01-15,0.8690000176429749,0.871999979019165,0.8600000143051147,0.8669999837875366,105887200.0,91618072.0,479692.4375
2021-01-18,0.8690000176429749,0.8830000162124634,0.8640000224113464,0.878000020980835,123239112.0,108069216.0,479692.4375
2021-01-19,0.8799999952316284,0.8820000290870667,0.8709999918937683,0.875,114566240.0,100412224.0,479692.4375
2021-01-20,0.878000020980835,0.8799999952316284,0.8690000176429749,0.875,95464408.0,83492280.0,479692.4375
2021-01-21,0.878000020980835,0.8980000019073486,0.878000020980835,0.8949999809265137,160442592.0,142942656.0,479692.4375
2021-01-22,0.8939999938011169,0.8939999938011169,0.8730000257492065,0.8840000033378601,120169088.0,105952120.0,479692.4375
2021-01-25,0.8830000162124634,0.8830000162124634,0.8659999966621399,0.8730000257492065,101195504.0,88468320.0,479692.4375
2021-01-26,0.8679999709129333,0.8790000081062317,0.8600000143051147,0.8619999885559082,89578800.0,77678856.0,479692.4375
2021-01-27,0.8629999756813049,0.9049999713897705,0.8629999756813049,0.8970000147819519,234215728.0,208710480.0,479692.4375
2021-01-28,0.8939999938011169,0.9100000262260437,0.8830000162124634,0.8870000243186951,235645024.0,211186016.0,479692.4375
2021-01-29,0.8880000114440918,0.890999972820282,0.8619999885559082,0.8740000128746033,122953824.0,107778264.0,479692.4375
2021-02-01,0.8769999742507935,0.8830000162124634,0.8690000176429749,0.8820000290870667,69200000.0,60709384.0,479692.4375
2021-02-02,0.8820000290870667,0.8870000243186951,0.8679999709129333,0.8769999742507935,81625008.0,71561200.0,479692.4375
2021-02-03,0.875,0.8830000162124634,0.8669999837875366,0.8709999918937683,135121872.0,118227184.0,479692.4375
2021-02-04,0.8629999756813049,0.8690000176429749,0.8320000171661377,0.8420000076293945,138324176.0,116802608.0,479692.4375
2021-02-05,0.8420000076293945,0.8529999852180481,0.828000009059906,0.8299999833106995,72576496.0,61011984.0,479692.4375
2021-02-08,0.828000009059906,0.8389999866485596,0.8180000185966492,0.8370000123977661,108782568.0,90205120.0,479692.4375
2021-02-09,0.8370000123977661,0.8500000238418579,0.8309999704360962,0.8500000238418579,75055368.0,63106940.0,479692.4375
2021-02-10,0.8479999899864197,0.8529999852180481,0.8429999947547913,0.8519999980926514,103656096.0,87976192.0,479692.4375
2021-02-18,0.8880000114440918,0.890999972820282,0.859000027179718,0.8610000014305115,176271008.0,153433904.0,479692.4375
2021-02-19,0.8560000061988831,0.8859999775886536,0.8550000190734863,0.8849999904632568,152293312.0,132947128.0,479692.4375
2021-02-22,0.8859999775886536,0.8889999985694885,0.8640000224113464,0.8650000095367432,179893296.0,157867024.0,479692.4375
2021-02-23,0.859000027179718,0.8629999756813049,0.8479999899864197,0.8500000238418579,106835400.0,91254264.0,479692.4375
2021-02-24,0.8479999899864197,0.8650000095367432,0.8450000286102295,0.8510000109672546,79596896.0,68193984.0,479692.4375
2021-02-25,0.8539999723434448,0.8579999804496765,0.843999981880188,0.8479999899864197,65932700.0,55942360.0,479692.4375
2021-02-26,0.8389999866485596,0.8429999947547913,0.8309999704360962,0.8360000252723694,79986832.0,66962184.0,479692.4375
2021-03-01,0.8389999866485596,0.8600000143051147,0.8389999866485596,0.8600000143051147,63359528.0,53990712.0,479692.4375
2021-03-02,0.8610000014305115,0.8619999885559082,0.8399999737739563,0.8450000286102295,55782800.0,47348464.0,479692.4375
2021-03-03,0.8450000286102295,0.8579999804496765,0.8399999737739563,0.8569999933242798,44252200.0,37772024.0,479692.4375
2021-03-04,0.8519999980926514,0.8539999723434448,0.8429999947547913,0.8460000157356262,69328304.0,58713040.0,479692.4375
2021-03-05,0.8389999866485596,0.859000027179718,0.8330000042915344,0.8569999933242798,58868400.0,50117808.0,479692.4375
2021-03-08,0.8600000143051147,0.8730000257492065,0.8420000076293945,0.8450000286102295,82948704.0,71296456.0,479692.4375
2021-03-09,0.8410000205039978,0.8489999771118164,0.8169999718666077,0.8349999785423279,79419856.0,66265792.0,479692.4375
2021-03-10,0.8370000123977661,0.8410000205039978,0.8180000185966492,0.8180000185966492,80246600.0,66286104.0,479692.4375
2021-03-11,0.8199999928474426,0.8309999704360962,0.8149999976158142,0.8270000219345093,76315400.0,62856704.0,479692.4375
2021-03-12,0.8259999752044678,0.828000009059906,0.8130000233650208,0.8169999718666077,58361600.0,47709520.0,479692.4375
2021-03-15,0.8119999766349792,0.8149999976158142,0.7979999780654907,0.8019999861717224,209998896.0,168314496.0,479692.4375
2021-03-16,0.800000011920929,0.8050000071525574,0.7960000038146973,0.8050000071525574,42420300.0,33956872.0,479692.4375
2021-03-17,0.8029999732971191,0.8119999766349792,0.7990000247955322,0.8109999895095825,59058100.0,47683800.0,479692.4375
2021-03-18,0.8100000023841858,0.8130000233650208,0.8050000071525574,0.8069999814033508,90247400.0,72997448.0,479692.4375
2021-03-19,0.8019999861717224,0.8040000200271606,0.7900000214576721,0.7940000295639038,62819448.0,50057264.0,479692.4375
2021-03-22,0.7919999957084656,0.8009999990463257,0.7900000214576721,0.8009999990463257,47052700.0,37428060.0,479692.4375
2021-03-23,0.8009999990463257,0.8019999861717224,0.7950000166893005,0.7990000247955322,46976300.0,37493568.0,479692.4375
2021-03-24,0.7979999780654907,0.8059999942779541,0.7950000166893005,0.8029999732971191,28116188.0,22496138.0,479692.4375
2021-03-25,0.8009999990463257,0.8080000281333923,0.7960000038146973,0.800000011920929,26342000.0,21103864.0,479692.4375
2021-03-26,0.800000011920929,0.8080000281333923,0.800000011920929,0.8059999942779541,35592100.0,28636434.0,479692.4375
2021-03-29,0.8059999942779541,0.8069999814033508,0.7910000085830688,0.7940000295639038,67284000.0,53478796.0,479692.4375
2021-03-30,0.7940000295639038,0.7940000295639038,0.7860000133514404,0.7879999876022339,46702112.0,36873096.0,479692.4375
2021-03-31,0.7900000214576721,0.7929999828338623,0.7870000004768372,0.7910000085830688,42489500.0,33556940.0,479692.4375
2021-04-01,0.7919999957084656,0.7950000166893005,0.7870000004768372,0.7940000295639038,35497000.0,28066752.0,479692.4375
2021-04-02,0.7960000038146973,0.8019999861717224,0.7910000085830688,0.7990000247955322,68102496.0,54306108.0,479692.4375
2021-04-06,0.800000011920929,0.8090000152587891,0.7990000247955322,0.8080000281333923,48208900.0,38827724.0,479692.4375
2021-04-07,0.8069999814033508,0.8069999814033508,0.7990000247955322,0.8059999942779541,46396900.0,37246292.0,479692.4375
2021-04-08,0.8040000200271606,0.8069999814033508,0.800000011920929,0.8019999861717224,26563700.0,21345014.0,479692.4375
2021-04-09,0.8009999990463257,0.8040000200271606,0.7990000247955322,0.8019999861717224,26821432.0,21500570.0,479692.4375
2021-04-12,0.8019999861717224,0.8019999861717224,0.7860000133514404,0.7870000004768372,42612600.0,33750636.0,479692.4375
2021-04-13,0.7860000133514404,0.7929999828338623,0.781000018119812,0.7839999794960022,51000352.0,40140104.0,479692.4375
2021-04-14,0.7839999794960022,0.7979999780654907,0.7820000052452087,0.796999990940094,58609200.0,46475624.0,479692.4375
2021-04-15,0.7950000166893005,0.7960000038146973,0.7860000133514404,0.7910000085830688,40442900.0,31924088.0,479692.4375
2021-04-16,0.7900000214576721,0.8019999861717224,0.7889999747276306,0.7990000247955322,35486028.0,28305100.0,479692.4375
2021-04-19,0.7990000247955322,0.8109999895095825,0.7940000295639038,0.8100000023841858,51262400.0,41296004.0,479692.4375
2021-04-20,0.8100000023841858,0.8240000009536743,0.8050000071525574,0.8140000104904175,59050800.0,48264196.0,479692.4375
2021-04-21,0.8100000023841858,0.8130000233650208,0.8080000281333923,0.8109999895095825,24281728.0,19675220.0,479692.4375
2021-04-22,0.8109999895095825,0.8190000057220459,0.8090000152587891,0.8159999847412109,22701328.0,18499278.0,479692.4375
2021-04-23,0.8199999928474426,0.8230000138282776,0.8090000152587891,0.8130000233650208,22610600.0,18388768.0,479692.4375
2021-04-26,0.8130000233650208,0.8240000009536743,0.8090000152587891,0.8100000023841858,43040200.0,35029172.0,479692.4375
2021-04-27,0.8080000281333923,0.8169999718666077,0.8040000200271606,0.8069999814033508,42172500.0,34171648.0,479692.4375
2021-04-28,0.8040000200271606,0.8159999847412109,0.8040000200271606,0.8149999976158142,44338700.0,36051896.0,479692.4375
2021-04-29,0.8119999766349792,0.8180000185966492,0.8069999814033508,0.8130000233650208,93097600.0,75728144.0,479692.4375
2021-04-30,0.8119999766349792,0.8169999718666077,0.8019999861717224,0.8050000071525574,64763500.0,52230056.0,479692.4375
2021-05-06,0.8019999861717224,0.8050000071525574,0.7900000214576721,0.7960000038146973,56338900.0,44894876.0,479692.4375
2021-05-07,0.7960000038146973,0.8019999861717224,0.7910000085830688,0.7910000085830688,63029800.0,50168904.0,479692.4375
2021-05-10,0.7910000085830688,0.7940000295639038,0.7839999794960022,0.7929999828338623,51702600.0,40779472.0,479692.4375
2021-05-11,0.7900000214576721,0.7910000085830688,0.7770000100135803,0.7870000004768372,57702100.0,45244008.0,479692.4375
2021-05-12,0.7839999794960022,0.800000011920929,0.7789999842643738,0.800000011920929,58165700.0,46037484.0,479692.4375
2021-05-13,0.7960000038146973,0.8029999732971191,0.7929999828338623,0.796999990940094,25688000.0,20500056.0,479692.4375
2021-05-14,0.7979999780654907,0.8059999942779541,0.796999990940094,0.8059999942779541,52109100.0,41848232.0,479692.4375
2021-05-17,0.8069999814033508,0.8180000185966492,0.8019999861717224,0.8100000023841858,69438896.0,56384960.0,479692.4375
2021-05-18,0.8100000023841858,0.8180000185966492,0.8080000281333923,0.8149999976158142,49521212.0,40323844.0,479692.4375
2021-05-19,0.8149999976158142,0.8169999718666077,0.8080000281333923,0.8140000104904175,30581000.0,24883060.0,479692.4375
2021-05-20,0.8130000233650208,0.8270000219345093,0.8069999814033508,0.8220000267028809,48485900.0,39637548.0,479692.4375
2021-05-21,0.8220000267028809,0.8289999961853027,0.8140000104904175,0.8159999847412109,34144800.0,28053700.0,479692.4375
2021-05-24,0.8140000104904175,0.824999988079071,0.8119999766349792,0.824999988079071,34592480.0,28383136.0,479692.4375
2021-05-25,0.824999988079071,0.8389999866485596,0.8220000267028809,0.8370000123977661,63438496.0,52824428.0,479692.4375
2021-05-26,0.8370000123977661,0.8399999737739563,0.8289999961853027,0.8309999704360962,39023252.0,32557992.0,479692.4375
2021-05-27,0.8299999833106995,0.8410000205039978,0.8299999833106995,0.8379999995231628,43646500.0,36555456.0,479692.4375
2021-05-28,0.8360000252723694,0.8429999947547913,0.824999988079071,0.8299999833106995,52080228.0,43327552.0,479692.4375
2021-05-31,0.8299999833106995,0.8299999833106995,0.8220000267028809,0.828000009059906,26883652.0,22232856.0,479692.4375
2021-06-01,0.828000009059906,0.8309999704360962,0.8220000267028809,0.828000009059906,33350088.0,27574228.0,479692.4375
2021-06-02,0.8299999833106995,0.8309999704360962,0.8140000104904175,0.8140000104904175,48113700.0,39448088.0,479692.4375
2021-06-03,0.8149999976158142,0.8270000219345093,0.8149999976158142,0.8149999976158142,30870300.0,25331134.0,479692.4375
2021-06-04,0.8159999847412109,0.8240000009536743,0.8140000104904175,0.8209999799728394,29153500.0,23888064.0,479692.4375
2021-06-07,0.8209999799728394,0.8330000042915344,0.8180000185966492,0.8320000171661377,45086200.0,37243824.0,479692.4375
2021-06-08,0.8330000042915344,0.8360000252723694,0.8240000009536743,0.8360000252723694,56568000.0,47057776.0,479692.4375
2021-06-09,0.8349999785423279,0.8349999785423279,0.8270000219345093,0.8299999833106995,28538500.0,23722532.0,479692.4375
2021-06-10,0.8309999704360962,0.8420000076293945,0.8309999704360962,0.8370000123977661,51273788.0,42996284.0,479692.4375
2021-06-11,0.8379999995231628,0.8410000205039978,0.8220000267028809,0.824999988079071,36535812.0,30314352.0,479692.4375
2021-06-15,0.824999988079071,0.8270000219345093,0.8180000185966492,0.8220000267028809,28209900.0,23203532.0,479692.4375
2021-06-16,0.8209999799728394,0.8220000267028809,0.8059999942779541,0.8069999814033508,45629400.0,37069848.0,479692.4375
2021-06-17,0.8069999814033508,0.8100000023841858,0.8009999990463257,0.8040000200271606,45164300.0,36315784.0,479692.4375
2021-06-18,0.8040000200271606,0.8119999766349792,0.800000011920929,0.8109999895095825,56687700.0,45651252.0,479692.4375
2021-06-21,0.8100000023841858,0.8180000185966492,0.8029999732971191,0.8180000185966492,50636300.0,41124428.0,479692.4375
2021-06-22,0.8159999847412109,0.8199999928474426,0.8090000152587891,0.8140000104904175,28566200.0,23224332.0,479692.4375
2021-06-23,0.8149999976158142,0.8180000185966492,0.8090000152587891,0.8159999847412109,41965400.0,34163124.0,479692.4375
2021-06-24,0.8159999847412109,0.8180000185966492,0.8019999861717224,0.8050000071525574,50701528.0,40958284.0,479692.4375
2021-06-25,0.8040000200271606,0.8059999942779541,0.7979999780654907,0.8059999942779541,110833000.0,88933088.0,479692.4375
2021-06-28,0.8059999942779541,0.8130000233650208,0.8029999732971191,0.8109999895095825,56509428.0,45747256.0,479692.4375
2021-06-29,0.8090000152587891,0.8100000023841858,0.8019999861717224,0.8029999732971191,34960300.0,28190860.0,479692.4375
2021-06-30,0.8029999732971191,0.8029999732971191,0.796999990940094,0.8019999861717224,65769900.0,52635836.0,479692.4375
2021-07-01,0.8040000200271606,0.8080000281333923,0.7950000166893005,0.7960000038146973,53040200.0,42413216.0,479692.4375
2021-07-02,0.7950000166893005,0.7990000247955322,0.7839999794960022,0.7870000004768372,87914088.0,69416104.0,479692.4375
2021-07-05,0.7850000262260437,0.7900000214576721,0.7670000195503235,0.7720000147819519,133400304.0,103377280.0,479692.4375
2021-07-06,0.7720000147819519,0.7739999890327454,0.7630000114440918,0.7739999890327454,75436600.0,57989904.0,479692.4375
2021-07-07,0.765999972820282,0.7739999890327454,0.765999972820282,0.7730000019073486,62129100.0,47837788.0,479692.4375
2021-07-08,0.7720000147819519,0.7730000019073486,0.7580000162124634,0.7599999904632568,85719104.0,65348856.0,479692.4375
2021-07-09,0.7590000033378601,0.7609999775886536,0.7549999952316284,0.7599999904632568,53128400.0,40268736.0,479692.4375
2021-07-12,0.7649999856948853,0.7680000066757202,0.7540000081062317,0.7649999856948853,62516096.0,47793252.0,479692.4375
2021-07-13,0.7649999856948853,0.7799999713897705,0.7609999775886536,0.7799999713897705,80686800.0,62507556.0,479692.4375
2021-07-14,0.7789999842643738,0.7799999713897705,0.765999972820282,0.7689999938011169,80414400.0,61931464.0,479692.4375
2021-07-15,0.7689999938011169,0.7689999938011169,0.7549999952316284,0.7649999856948853,100365504.0,76377712.0,479692.4375
2021-07-16,0.765999972820282,0.7699999809265137,0.7620000243186951,0.7689999938011169,45749300.0,35038684.0,479692.4375
2021-07-19,0.765999972820282,0.7670000195503235,0.7540000081062317,0.7590000033378601,84816704.0,64302224.0,479692.4375
2021-07-20,0.7540000081062317,0.7580000162124634,0.7519999742507935,0.7559999823570251,44531800.0,33592812.0,479692.4375
2021-07-21,0.7570000290870667,0.7620000243186951,0.7559999823570251,0.7580000162124634,38438300.0,29149342.0,479692.4375
2021-07-22,0.7590000033378601,0.7620000243186951,0.7549999952316284,0.7590000033378601,49696200.0,37757472.0,479692.4375
2021-07-23,0.7590000033378601,0.7590000033378601,0.7409999966621399,0.7419999837875366,164503600.0,122826616.0,479692.4375
2021-07-26,0.7400000095367432,0.7419999837875366,0.7070000171661377,0.7120000123977661,315534400.0,229124432.0,479692.4375
2021-07-27,0.7120000123977661,0.7149999737739563,0.6880000233650208,0.6919999718666077,107225904.0,75130320.0,479692.4375
2021-07-28,0.6919999718666077,0.6949999928474426,0.6790000200271606,0.6830000281333923,143439392.0,97899808.0,479692.4375
2021-07-29,0.6899999976158142,0.6970000267028809,0.6899999976158142,0.6930000185966492,74791976.0,51865688.0,479692.4375
2021-07-30,0.6919999718666077,0.6919999718666077,0.6830000281333923,0.6890000104904175,77375776.0,53053412.0,479692.4375
2021-08-02,0.6859999895095825,0.7009999752044678,0.6819999814033508,0.699999988079071,54910900.0,38080468.0,479692.4375
2021-08-03,0.6949999928474426,0.6970000267028809,0.6869999766349792,0.6909999847412109,62439400.0,43227848.0,479692.4375
2021-08-04,0.6909999847412109,0.6909999847412109,0.6809999942779541,0.6830000281333923,89285104.0,61036956.0,479692.4375
2021-08-05,0.6809999942779541,0.6819999814033508,0.6650000214576721,0.6669999957084656,171613600.0,115591952.0,479692.4375
2021-08-06,0.6679999828338623,0.6679999828338623,0.6579999923706055,0.6629999876022339,70497104.0,46641860.0,479692.4375
2021-08-09,0.6600000262260437,0.6790000200271606,0.6589999794960022,0.6790000200271606,75284704.0,50667560.0,479692.4375
2021-08-10,0.6790000200271606,0.6919999718666077,0.6729999780654907,0.6899999976158142,76407928.0,52155512.0,479692.4375
2021-08-11,0.6890000104904175,0.6980000138282776,0.6840000152587891,0.6890000104904175,70901424.0,49113016.0,479692.4375
2021-08-12,0.6890000104904175,0.6970000267028809,0.6859999895095825,0.6880000233650208,57038624.0,39419400.0,479692.4375
2021-08-13,0.6899999976158142,0.6899999976158142,0.6809999942779541,0.6850000023841858,79837400.0,54619924.0,479692.4375
2021-08-16,0.6869999766349792,0.6909999847412109,0.6830000281333923,0.6899999976158142,37833144.0,26013494.0,479692.4375
2021-08-17,0.6890000104904175,0.6890000104904175,0.6740000247955322,0.6740000247955322,51303228.0,34929612.0,479692.4375
2021-08-18,0.6740000247955322,0.6779999732971191,0.6679999828338623,0.6769999861717224,84849168.0,56987984.0,479692.4375
2021-08-19,0.6769999861717224,0.6859999895095825,0.675000011920929,0.6830000281333923,78118496.0,53333636.0,479692.4375
2021-08-20,0.6790000200271606,0.6790000200271606,0.6650000214576721,0.6710000038146973,88982400.0,59723812.0,479692.4375
2021-08-23,0.6710000038146973,0.6880000233650208,0.6679999828338623,0.6869999766349792,58280128.0,39673216.0,479692.4375
2021-08-24,0.6850000023841858,0.6859999895095825,0.6800000071525574,0.6840000152587891,71054600.0,48580696.0,479692.4375
2021-08-25,0.6830000281333923,0.6959999799728394,0.6819999814033508,0.6959999799728394,96992688.0,67174896.0,479692.4375
2021-08-26,0.6959999799728394,0.6970000267028809,0.6869999766349792,0.6890000104904175,45307200.0,31252348.0,479692.4375
2021-08-27,0.6869999766349792,0.6890000104904175,0.671999990940094,0.6790000200271606,60954900.0,41501708.0,479692.4375
2021-08-30,0.675000011920929,0.6790000200271606,0.6700000166893005,0.675000011920929,128365000.0,86491608.0,479692.4375
2021-08-31,0.6729999780654907,0.6790000200271606,0.6679999828338623,0.6779999732971191,62022800.0,41808560.0,479692.4375
2021-09-01,0.6769999861717224,0.7059999704360962,0.6769999861717224,0.703000009059906,208761152.0,145504080.0,479692.4375
2021-09-02,0.7039999961853027,0.7099999785423279,0.6990000009536743,0.7020000219345093,93669296.0,65960180.0,479692.4375
2021-09-03,0.699999988079071,0.7080000042915344,0.6980000138282776,0.703000009059906,128784304.0,90616616.0,479692.4375
2021-09-06,0.7039999961853027,0.7139999866485596,0.7009999752044678,0.7110000252723694,119210944.0,84628336.0,479692.4375
2021-09-07,0.7120000123977661,0.7289999723434448,0.7080000042915344,0.7269999980926514,152678544.0,110233304.0,479692.4375
2021-09-08,0.7269999980926514,0.7630000114440918,0.7269999980926514,0.7620000243186951,444845824.0,331600160.0,479692.4375
2021-09-09,0.75,0.75,0.7360000014305115,0.7400000095367432,238019840.0,176429088.0,479692.4375
2021-09-10,0.7390000224113464,0.7409999966621399,0.7300000190734863,0.7350000143051147,174330768.0,128452144.0,479692.4375
2021-09-13,0.7329999804496765,0.7540000081062317,0.7260000109672546,0.7440000176429749,181676960.0,135086064.0,479692.4375
2021-09-14,0.7419999837875366,0.746999979019165,0.7269999980926514,0.7289999723434448,135323392.0,99744288.0,479692.4375
2021-09-15,0.7239999771118164,0.7369999885559082,0.7229999899864197,0.734000027179718,85266896.0,62443344.0,479692.4375
2021-09-16,0.734000027179718,0.7419999837875366,0.7210000157356262,0.7229999899864197,101739440.0,74394656.0,479692.4375
2021-09-17,0.7229999899864197,0.7250000238418579,0.7070000171661377,0.7170000076293945,139922752.0,100078928.0,479692.4375
2021-09-22,0.7139999866485596,0.7149999737739563,0.7059999704360962,0.7089999914169312,85160096.0,60480832.0,479692.4375
2021-09-23,0.7129999995231628,0.7269999980926514,0.7129999995231628,0.7200000286102295,117224600.0,84529000.0,479692.4375
2021-09-24,0.7210000157356262,0.7300000190734863,0.718999981880188,0.7210000157356262,91430376.0,66247264.0,479692.4375
2021-09-27,0.718999981880188,0.722000002861023,0.7039999961853027,0.7089999914169312,80978392.0,57611856.0,479692.4375
2021-09-28,0.7099999785423279,0.7120000123977661,0.7009999752044678,0.703000009059906,77549600.0,54529268.0,479692.4375
2021-09-29,0.699999988079071,0.7009999752044678,0.6869999766349792,0.6890000104904175,138551200.0,95822944.0,479692.4375
2021-09-30,0.6890000104904175,0.7009999752044678,0.6890000104904175,0.6970000267028809,69927040.0,48737320.0,479692.4375
2021-10-08,0.7039999961853027,0.7160000205039978,0.7020000219345093,0.7149999737739563,78964344.0,56020680.0,479692.4375
2021-10-11,0.7170000076293945,0.7250000238418579,0.7110000252723694,0.7200000286102295,88163800.0,63376604.0,479692.4375
2021-10-12,0.718999981880188,0.718999981880188,0.6940000057220459,0.7009999752044678,130952400.0,91955384.0,479692.4375
2021-10-13,0.6990000009536743,0.7049999833106995,0.6949999928474426,0.7039999961853027,104540000.0,73209816.0,479692.4375
2021-10-14,0.7020000219345093,0.7080000042915344,0.699999988079071,0.7070000171661377,80994992.0,57159840.0,479692.4375
2021-10-15,0.7059999704360962,0.7080000042915344,0.7009999752044678,0.7009999752044678,55042600.0,38709792.0,479692.4375
2021-10-18,0.7020000219345093,0.7020000219345093,0.6880000233650208,0.6919999718666077,85594704.0,59136904.0,479692.4375
2021-10-19,0.6909999847412109,0.6970000267028809,0.6880000233650208,0.6949999928474426,75219096.0,52165800.0,479692.4375
2021-10-20,0.6970000267028809,0.6980000138282776,0.6909999847412109,0.6949999928474426,45025536.0,31243614.0,479692.4375
2021-10-21,0.6919999718666077,0.6949999928474426,0.6850000023841858,0.6890000104904175,134994496.0,93205008.0,479692.4375
2021-10-22,0.6899999976158142,0.6990000009536743,0.6890000104904175,0.6959999799728394,118835776.0,82681744.0,479692.4375
2021-10-25,0.6940000057220459,0.6959999799728394,0.6869999766349792,0.6899999976158142,108286416.0,74638672.0,479692.4375
2021-10-26,0.6890000104904175,0.6919999718666077,0.6850000023841858,0.6869999766349792,109099400.0,75076464.0,479692.4375
2021-10-27,0.6880000233650208,0.6880000233650208,0.6759999990463257,0.6790000200271606,265397104.0,180275520.0,479692.4375
2021-10-28,0.6800000071525574,0.6800000071525574,0.6690000295639038,0.6769999861717224,104494200.0,70391840.0,479692.4375
2021-10-29,0.6779999732971191,0.699999988079071,0.675000011920929,0.6970000267028809,189207696.0,131110600.0,479692.4375
2021-11-01,0.6970000267028809,0.7160000205039978,0.6959999799728394,0.7080000042915344,168147104.0,119106080.0,479692.4375
2021-11-02,0.7080000042915344,0.7139999866485596,0.6940000057220459,0.7009999752044678,87751400.0,61684812.0,479692.4375
2021-11-03,0.699999988079071,0.722000002861023,0.6970000267028809,0.7129999995231628,144508352.0,103117048.0,479692.4375
2021-11-04,0.7129999995231628,0.7239999771118164,0.7099999785423279,0.7239999771118164,103537904.0,74392320.0,479692.4375
2021-11-05,0.7239999771118164,0.75,0.722000002861023,0.7400000095367432,442611776.0,328043136.0,479692.4375
2021-11-08,0.7409999966621399,0.7509999871253967,0.7319999933242798,0.7450000047683716,127607912.0,94860336.0,479692.4375
2021-11-09,0.7440000176429749,0.746999979019165,0.7360000014305115,0.7400000095367432,100062496.0,74158904.0,479692.4375
2021-11-10,0.7429999709129333,0.7549999952316284,0.7390000224113464,0.7459999918937683,179113712.0,133566704.0,479692.4375
2021-11-11,0.7379999756813049,0.7649999856948853,0.7350000143051147,0.7580000162124634,128563288.0,96675144.0,479692.4375
2021-11-12,0.7540000081062317,0.7649999856948853,0.753000020980835,0.7580000162124634,104418104.0,79265160.0,479692.4375
2021-11-15,0.7570000290870667,0.7900000214576721,0.7570000290870667,0.7850000262260437,293359904.0,229450224.0,479692.4375
2021-11-16,0.7829999923706055,0.8029999732971191,0.7799999713897705,0.7910000085830688,246197984.0,195891712.0,479692.4375
2021-11-17,0.7879999876022339,0.8019999861717224,0.7879999876022339,0.7940000295639038,107577384.0,85747824.0,479692.4375
2021-11-18,0.7919999957084656,0.7990000247955322,0.7689999938011169,0.7739999890327454,169156912.0,131709024.0,479692.4375
2021-11-19,0.7720000147819519,0.7860000133514404,0.7699999809265137,0.7760000228881836,76144088.0,59235040.0,479692.4375
2021-11-22,0.7739999890327454,0.7820000052452087,0.7689999938011169,0.7739999890327454,85701800.0,66463604.0,479692.4375
2021-11-23,0.7710000276565552,0.7760000228881836,0.7590000033378601,0.7760000228881836,118164976.0,90789456.0,479692.4375
2021-11-24,0.7730000019073486,0.7900000214576721,0.7680000066757202,0.7850000262260437,84479696.0,65840892.0,479692.4375
2021-11-25,0.777999997138977,0.7829999923706055,0.7609999775886536,0.7649999856948853,97829104.0,75340720.0,479692.4375
2021-11-26,0.7590000033378601,0.7649999856948853,0.7540000081062317,0.7549999952316284,106769496.0,80892888.0,479692.4375
2021-11-29,0.746999979019165,0.7509999871253967,0.7379999756813049,0.7429999709129333,283595200.0,210402128.0,479692.4375
2021-11-30,0.7429999709129333,0.75,0.7360000014305115,0.7409999966621399,124174128.0,92094920.0,479692.4375
2021-12-01,0.7400000095367432,0.7549999952316284,0.7400000095367432,0.753000020980835,72385400.0,54113288.0,479692.4375
2021-12-02,0.746999979019165,0.75,0.7369999885559082,0.7369999885559082,73648800.0,54668912.0,479692.4375
2021-12-03,0.7369999885559082,0.7459999918937683,0.7369999885559082,0.7440000176429749,88882896.0,66014620.0,479692.4375
2021-12-06,0.7429999709129333,0.7440000176429749,0.7319999933242798,0.7360000014305115,89106704.0,65760080.0,479692.4375
2021-12-07,0.7390000224113464,0.7459999918937683,0.7350000143051147,0.7409999966621399,95731000.0,70778608.0,479692.4375
2021-12-08,0.7409999966621399,0.7580000162124634,0.7350000143051147,0.7549999952316284,134070520.0,100311224.0,479692.4375
2021-12-09,0.7549999952316284,0.7699999809265137,0.7540000081062317,0.7649999856948853,100164704.0,76413008.0,479692.4375
2021-12-10,0.7630000114440918,0.7820000052452087,0.7599999904632568,0.7760000228881836,132832352.0,102877952.0,479692.4375
2021-12-13,0.7799999713897705,0.8090000152587891,0.7799999713897705,0.8080000281333923,372232384.0,296986624.0,479692.4375
2021-12-14,0.8050000071525574,0.8199999928474426,0.7990000247955322,0.8109999895095825,202149904.0,164004592.0,479692.4375
2021-12-15,0.8090000152587891,0.8220000267028809,0.8040000200271606,0.8119999766349792,180766000.0,146696640.0,479692.4375
2021-12-16,0.8100000023841858,0.8339999914169312,0.8050000071525574,0.8259999752044678,159121280.0,130983720.0,479692.4375
2021-12-17,0.824999988079071,0.8330000042915344,0.8140000104904175,0.8220000267028809,142622208.0,117409736.0,479692.4375
2021-12-20,0.8180000185966492,0.8270000219345093,0.7929999828338623,0.7960000038146973,134074200.0,107994088.0,479692.4375
2021-12-21,0.7950000166893005,0.8149999976158142,0.7940000295639038,0.8109999895095825,100206976.0,80886304.0,479692.4375
2021-12-22,0.8119999766349792,0.8450000286102295,0.8100000023841858,0.8379999995231628,156761072.0,130575576.0,479692.4375
2021-12-23,0.8379999995231628,0.843999981880188,0.8270000219345093,0.828000009059906,102411280.0,85241368.0,479692.4375
2021-12-24,0.828000009059906,0.8420000076293945,0.8209999799728394,0.8320000171661377,97413824.0,81118200.0,479692.4375
2021-12-27,0.8299999833106995,0.8309999704360962,0.8080000281333923,0.8159999847412109,112048304.0,91602992.0,479692.4375
2021-12-28,0.8130000233650208,0.8259999752044678,0.8119999766349792,0.8159999847412109,115350008.0,94457672.0,479692.4375
2021-12-29,0.8140000104904175,0.8140000104904175,0.8019999861717224,0.8029999732971191,80149624.0,64707336.0,479692.4375
2021-12-30,0.8029999732971191,0.8489999771118164,0.8019999861717224,0.843999981880188,205457072.0,171534864.0,479692.4375
2021-12-31,0.8489999771118164,0.8600000143051147,0.8389999866485596,0.8579999804496765,255138048.0,218151648.0,479692.4375
2022-01-04,0.8600000143051147,0.8960000276565552,0.8579999804496765,0.890999972820282,195673344.0,172337120.0,479692.4375
2022-01-05,0.8870000243186951,0.902999997138977,0.878000020980835,0.8920000195503235,222933328.0,198124720.0,479692.4375
2022-01-06,0.8870000243186951,0.8870000243186951,0.8650000095367432,0.8790000081062317,162530944.0,142461216.0,479692.4375
2022-01-07,0.8740000128746033,0.902999997138977,0.8610000014305115,0.8640000224113464,202376992.0,179321328.0,479692.4375
2022-01-10,0.8579999804496765,0.8669999837875366,0.8410000205039978,0.8640000224113464,156418000.0,134138816.0,479692.4375
2022-01-11,0.859000027179718,0.8659999966621399,0.8309999704360962,0.8349999785423279,302315008.0,255457840.0,479692.4375
2022-01-12,0.8360000252723694,0.8489999771118164,0.8299999833106995,0.8429999947547913,156711152.0,131756632.0,479692.4375
2022-01-13,0.8420000076293945,0.8460000157356262,0.8220000267028809,0.8240000009536743,102047800.0,84990384.0,479692.4375
2022-01-14,0.8169999718666077,0.8410000205039978,0.8159999847412109,0.8309999704360962,143222032.0,118988640.0,479692.4375
2022-01-17,0.8320000171661377,0.8600000143051147,0.8320000171661377,0.8600000143051147,214214176.0,182591424.0,479692.4375
2022-01-18,0.859000027179718,0.8650000095367432,0.8379999995231628,0.8420000076293945,182381808.0,155026864.0,479692.4375
2022-01-19,0.8429999947547913,0.8619999885559082,0.8410000205039978,0.8489999771118164,106186680.0,90393336.0,479692.4375
2022-01-20,0.8479999899864197,0.8479999899864197,0.8220000267028809,0.8270000219345093,156014896.0,129784744.0,479692.4375
2022-01-21,0.8199999928474426,0.8299999833106995,0.8009999990463257,0.8029999732971191,145926336.0,118360128.0,479692.4375
2022-01-24,0.796999990940094,0.8090000152587891,0.7950000166893005,0.8040000200271606,202495008.0,162135728.0,479692.4375
2022-01-25,0.8019999861717224,0.8029999732971191,0.7509999871253967,0.7540000081062317,301352320.0,231525824.0,479692.4375
2022-01-26,0.7540000081062317,0.7639999985694885,0.7429999709129333,0.7540000081062317,159025792.0,119643424.0,479692.4375
2022-01-27,0.7490000128746033,0.7509999871253967,0.7210000157356262,0.7229999899864197,330569696.0,242971136.0,479692.4375
2022-01-28,0.7260000109672546,0.7379999756813049,0.7210000157356262,0.7269999980926514,152938096.0,111589168.0,479692.4375
2022-02-07,0.7289999723434448,0.7300000190734863,0.7129999995231628,0.7200000286102295,103097696.0,74280816.0,479692.4375
2022-02-08,0.7200000286102295,0.7319999933242798,0.7110000252723694,0.7310000061988831,179195008.0,129619968.0,479692.4375
2022-02-09,0.7279999852180481,0.7540000081062317,0.7260000109672546,0.753000020980835,189058000.0,140065776.0,479692.4375
2022-02-10,0.75,0.7630000114440918,0.7409999966621399,0.7620000243186951,185339776.0,140028416.0,479692.4375
2022-02-11,0.7549999952316284,0.7639999985694885,0.7400000095367432,0.7429999709129333,187986176.0,141225840.0,479692.4375
2022-02-14,0.7390000224113464,0.7549999952316284,0.7369999885559082,0.7450000047683716,124415200.0,92850064.0,479692.4375
2022-02-15,0.7450000047683716,0.7580000162124634,0.7450000047683716,0.7509999871253967,112026096.0,84076280.0,479692.4375
2022-02-16,0.7549999952316284,0.7580000162124634,0.7490000128746033,0.7540000081062317,85975600.0,64768524.0,479692.4375
2022-02-17,0.7480000257492065,0.75,0.7379999756813049,0.7400000095367432,96271696.0,71621136.0,479692.4375
2022-02-18,0.734000027179718,0.7459999918937683,0.7310000061988831,0.7450000047683716,76326816.0,56511136.0,479692.4375
2022-02-21,0.7450000047683716,0.753000020980835,0.7419999837875366,0.7519999742507935,84881272.0,63549176.0,479692.4375
2022-02-22,0.7429999709129333,0.7429999709129333,0.7120000123977661,0.7179999947547913,196815568.0,141636512.0,479692.4375
2022-02-23,0.7179999947547913,0.7350000143051147,0.7179999947547913,0.7329999804496765,109178224.0,79636272.0,479692.4375
2022-02-24,0.7260000109672546,0.7300000190734863,0.6899999976158142,0.7009999752044678,192427600.0,135974592.0,479692.4375
2022-02-25,0.7070000171661377,0.7149999737739563,0.7039999961853027,0.7070000171661377,129756840.0,92053232.0,479692.4375
2022-02-28,0.7039999961853027,0.7059999704360962,0.6909999847412109,0.7039999961853027,180765696.0,125959648.0,479692.4375
2022-03-01,0.7020000219345093,0.7120000123977661,0.7020000219345093,0.7120000123977661,131710240.0,93221832.0,479692.4375
2022-03-02,0.7049999833106995,0.7120000123977661,0.7020000219345093,0.7070000171661377,134331200.0,95135184.0,479692.4375
2022-03-03,0.7099999785423279,0.7110000252723694,0.6980000138282776,0.703000009059906,156861664.0,110159040.0,479692.4375
2022-03-04,0.6959999799728394,0.7080000042915344,0.6940000057220459,0.7009999752044678,145529792.0,101848280.0,479692.4375
2022-03-07,0.6959999799728394,0.6970000267028809,0.6800000071525574,0.6850000023841858,161114800.0,110742384.0,479692.4375
2022-03-08,0.6809999942779541,0.6869999766349792,0.6600000262260437,0.6620000004768372,203979040.0,137363040.0,479692.4375
2022-03-09,0.6650000214576721,0.6669999957084656,0.6259999871253967,0.6549999713897705,162550000.0,105981336.0,479692.4375
2022-03-10,0.6669999957084656,0.671999990940094,0.6570000052452087,0.6579999923706055,119445016.0,79322520.0,479692.4375
2022-03-11,0.6489999890327454,0.6710000038146973,0.6449999809265137,0.6669999957084656,103226096.0,67871928.0,479692.4375
2022-03-14,0.6579999923706055,0.6710000038146973,0.6460000276565552,0.6470000147819519,65213456.0,42715872.0,479692.4375
2022-03-15,0.6399999856948853,0.6420000195503235,0.5889999866485596,0.6079999804496765,126888400.0,79358944.0,479692.4375
2022-03-16,0.6159999966621399,0.6359999775886536,0.5989999771118164,0.6349999904632568,137584704.0,84797440.0,479692.4375
2022-03-17,0.6430000066757202,0.6700000166893005,0.6430000066757202,0.6570000052452087,198102208.0,130345808.0,479692.4375
2022-03-18,0.656000018119812,0.6660000085830688,0.6499999761581421,0.6620000004768372,71870296.0,47364880.0,479692.4375
2022-03-21,0.6660000085830688,0.6700000166893005,0.652999997138977,0.6629999876022339,61362100.0,40577824.0,479692.4375
2022-03-22,0.6579999923706055,0.671999990940094,0.652999997138977,0.6669999957084656,55979400.0,37162372.0,479692.4375
2022-03-23,0.6700000166893005,0.675000011920929,0.6639999747276306,0.6700000166893005,73330400.0,49164156.0,479692.4375
2022-03-24,0.6669999957084656,0.6669999957084656,0.652999997138977,0.6539999842643738,56392000.0,37113168.0,479692.4375
2022-03-25,0.6539999842643738,0.6650000214576721,0.6539999842643738,0.6549999713897705,49026600.0,32293770.0,479692.4375
2022-03-28,0.6539999842643738,0.6690000295639038,0.6510000228881836,0.6650000214576721,102874304.0,68197776.0,479692.4375
2022-03-29,0.6650000214576721,0.6669999957084656,0.652999997138977,0.656000018119812,69267032.0,45636356.0,479692.4375
2022-03-30,0.656000018119812,0.671999990940094,0.6549999713897705,0.6710000038146973,96451920.0,64118144.0,479692.4375
2022-03-31,0.6660000085830688,0.675000011920929,0.6620000004768372,0.6700000166893005,75468144.0,50468032.0,479692.4375
2022-04-01,0.6620000004768372,0.6909999847412109,0.6570000052452087,0.6909999847412109,167117088.0,113829640.0,479692.4375
2022-04-06,0.6890000104904175,0.699999988079071,0.6859999895095825,0.6930000185966492,118077280.0,81837680.0,479692.4375
2022-04-07,0.6899999976158142,0.6940000057220459,0.6729999780654907,0.675000011920929,146029904.0,100094808.0,479692.4375
2022-04-08,0.6729999780654907,0.675000011920929,0.6539999842643738,0.6579999923706055,109083504.0,72101280.0,479692.4375
2022-04-11,0.656000018119812,0.656000018119812,0.6320000290870667,0.6349999904632568,117617704.0,75803120.0,479692.4375
2022-04-12,0.652999997138977,0.6570000052452087,0.6349999904632568,0.652999997138977,115224896.0,74589496.0,479692.4375
2022-04-13,0.6449999809265137,0.6449999809265137,0.628000020980835,0.6299999952316284,181179584.0,115555456.0,479692.4375
2022-04-14,0.6359999775886536,0.640999972820282,0.6290000081062317,0.6349999904632568,124023504.0,78798736.0,479692.4375
2022-04-15,0.6309999823570251,0.6309999823570251,0.6179999709129333,0.6209999918937683,89485504.0,55762080.0,479692.4375
2022-04-18,0.6159999966621399,0.6179999709129333,0.6029999852180481,0.6159999966621399,110964096.0,67744160.0,479692.4375
2022-04-19,0.6150000095367432,0.6209999918937683,0.6110000014305115,0.6200000047683716,156966000.0,96744080.0,479692.4375
2022-04-20,0.6200000047683716,0.628000020980835,0.6140000224113464,0.6169999837875366,97268456.0,60481592.0,479692.4375
2022-04-21,0.6110000014305115,0.6179999709129333,0.593999981880188,0.597000002861023,143949104.0,87190352.0,479692.4375
2022-04-22,0.5929999947547913,0.5960000157356262,0.5820000171661377,0.5889999866485596,153905520.0,90579960.0,479692.4375
2022-04-25,0.578000009059906,0.5809999704360962,0.5460000038146973,0.550000011920929,298874080.0,169513776.0,479692.4375
2022-04-26,0.5529999732971191,0.5649999976158142,0.5429999828338623,0.5479999780654907,151932016.0,84227784.0,479692.4375
2022-04-27,0.5410000085830688,0.5619999766349792,0.531000018119812,0.5609999895095825,149400096.0,81244704.0,479692.4375
2022-04-28,0.5540000200271606,0.5569999814033508,0.5410000085830688,0.550000011920929,130270896.0,71481136.0,479692.4375
2022-04-29,0.5519999861717224,0.5960000157356262,0.5509999990463257,0.5899999737739563,208151392.0,120209928.0,479692.4375
2022-05-05,0.5820000171661377,0.5889999866485596,0.578000009059906,0.5870000123977661,124838400.0,72970576.0,479692.4375
2022-05-06,0.5699999928474426,0.578000009059906,0.5659999847412109,0.5730000138282776,98811696.0,56391588.0,479692.4375
2022-05-09,0.5690000057220459,0.5839999914169312,0.5690000057220459,0.5799999833106995,53955900.0,31190626.0,479692.4375
2022-05-10,0.5720000267028809,0.5839999914169312,0.5669999718666077,0.5830000042915344,61179600.0,35310960.0,479692.4375
2022-05-11,0.5820000171661377,0.6010000109672546,0.5820000171661377,0.5860000252723694,132401800.0,78500072.0,479692.4375
2022-05-12,0.5799999833106995,0.5879999995231628,0.5770000219345093,0.5860000252723694,82265400.0,47925480.0,479692.4375
2022-05-13,0.5879999995231628,0.5899999737739563,0.5809999704360962,0.5879999995231628,61109700.0,35818324.0,479692.4375
2022-05-16,0.5899999737739563,0.5929999947547913,0.5860000252723694,0.5899999737739563,81830896.0,48250648.0,479692.4375
2022-05-17,0.5889999866485596,0.5920000076293945,0.5799999833106995,0.5899999737739563,73468600.0,43152348.0,479692.4375
2022-05-18,0.5920000076293945,0.5989999771118164,0.5860000252723694,0.5870000123977661,67476600.0,39950616.0,479692.4375
2022-05-19,0.574999988079071,0.5860000252723694,0.574999988079071,0.5849999785423279,70517904.0,40980000.0,479692.4375
2022-05-20,0.5879999995231628,0.5950000286102295,0.5860000252723694,0.5950000286102295,71964096.0,42520852.0,479692.4375
2022-05-23,0.6019999980926514,0.6110000014305115,0.5960000157356262,0.5989999771118164,106059200.0,63827656.0,479692.4375
2022-05-24,0.5979999899864197,0.6019999980926514,0.5759999752044678,0.5770000219345093,104475400.0,61701808.0,479692.4375
2022-05-25,0.5759999752044678,0.6010000109672546,0.5720000267028809,0.6000000238418579,141208256.0,83200664.0,479692.4375
2022-05-26,0.6000000238418579,0.6100000143051147,0.5920000076293945,0.6060000061988831,138466656.0,83386536.0,479692.4375
2022-05-27,0.6079999804496765,0.6110000014305115,0.593999981880188,0.6010000109672546,94971600.0,57289992.0,479692.4375
2022-05-30,0.6019999980926514,0.6039999723434448,0.5960000157356262,0.6029999852180481,109262896.0,65645956.0,479692.4375
2022-05-31,0.6010000109672546,0.6169999837875366,0.5979999899864197,0.6140000224113464,148103072.0,90144384.0,479692.4375
2022-06-01,0.6140000224113464,0.621999979019165,0.6100000143051147,0.6150000095367432,95403208.0,58770680.0,479692.4375
2022-06-02,0.6129999756813049,0.6159999966621399,0.6060000061988831,0.6150000095367432,82139400.0,50086632.0,479692.4375
2022-06-06,0.6140000224113464,0.6269999742507935,0.6119999885559082,0.6259999871253967,104009136.0,64677568.0,479692.4375
2022-06-07,0.6259999871253967,0.6309999823570251,0.6200000047683716,0.6240000128746033,100488200.0,62893648.0,479692.4375
2022-06-08,0.6309999823570251,0.6349999904632568,0.6140000224113464,0.6290000081062317,184694240.0,115523464.0,479692.4375
2022-06-09,0.625,0.6309999823570251,0.6179999709129333,0.6209999918937683,97485104.0,60888696.0,479692.4375
2022-06-10,0.6169999837875366,0.6299999952316284,0.6129999756813049,0.6290000081062317,73746200.0,45947960.0,479692.4375
2022-06-13,0.6230000257492065,0.6259999871253967,0.6129999756813049,0.6209999918937683,76245504.0,47170432.0,479692.4375
2022-06-14,0.6129999756813049,0.6209999918937683,0.6000000238418579,0.6200000047683716,75903800.0,46246584.0,479692.4375
2022-06-15,0.6179999709129333,0.6349999904632568,0.6179999709129333,0.6259999871253967,105749000.0,66196708.0,479692.4375
2022-06-16,0.625,0.6489999890327454,0.6240000128746033,0.6449999809265137,146015552.0,93520040.0,479692.4375
2022-06-17,0.6449999809265137,0.6449999809265137,0.6240000128746033,0.6349999904632568,149756176.0,95049832.0,479692.4375
2022-06-20,0.6349999904632568,0.6420000195503235,0.6309999823570251,0.640999972820282,81159176.0,51725848.0,479692.4375
2022-06-21,0.6389999985694885,0.6489999890327454,0.6359999775886536,0.6460000276565552,150164992.0,96610952.0,479692.4375
2022-06-22,0.6460000276565552,0.6480000019073486,0.6230000257492065,0.625,98381904.0,62135624.0,479692.4375
2022-06-23,0.6240000128746033,0.6309999823570251,0.6159999966621399,0.628000020980835,88892600.0,55431004.0,479692.4375
2022-06-24,0.6290000081062317,0.6349999904632568,0.6259999871253967,0.6299999952316284,101687440.0,64211800.0,479692.4375
2022-06-27,0.6309999823570251,0.6460000276565552,0.6309999823570251,0.6389999985694885,129679456.0,83166240.0,479692.4375
2022-06-28,0.6389999985694885,0.6449999809265137,0.6299999952316284,0.6439999938011169,77135296.0,49215184.0,479692.4375
2022-06-29,0.640999972820282,0.6489999890327454,0.6330000162124634,0.6349999904632568,144744192.0,92866752.0,479692.4375
2022-06-30,0.6370000243186951,0.6489999890327454,0.6370000243186951,0.6430000066757202,145974096.0,94153688.0,479692.4375
2022-07-01,0.6430000066757202,0.6439999938011169,0.6309999823570251,0.6320000290870667,90067896.0,57253132.0,479692.4375
2022-07-04,0.6309999823570251,0.6330000162124634,0.6259999871253967,0.6320000290870667,120945904.0,76234576.0,479692.4375
2022-07-05,0.6320000290870667,0.6340000033378601,0.6159999966621399,0.6230000257492065,195304704.0,121612800.0,479692.4375
2022-07-06,0.6209999918937683,0.6209999918937683,0.6060000061988831,0.6119999885559082,110515296.0,67708240.0,479692.4375
2022-07-07,0.6100000143051147,0.6129999756813049,0.6069999933242798,0.609000027179718,132825696.0,81016792.0,479692.4375
2022-07-08,0.6100000143051147,0.6230000257492065,0.6100000143051147,0.6159999966621399,144852192.0,89415200.0,479692.4375
2022-07-11,0.6150000095367432,0.6150000095367432,0.6019999980926514,0.6060000061988831,98248848.0,59572264.0,479692.4375
2022-07-12,0.6039999723434448,0.6069999933242798,0.6000000238418579,0.6010000109672546,62779000.0,37832760.0,479692.4375
2022-07-13,0.6039999723434448,0.6100000143051147,0.6010000109672546,0.6039999723434448,69948800.0,42303160.0,479692.4375
2022-07-14,0.6000000238418579,0.6060000061988831,0.5989999771118164,0.6019999980926514,54918644.0,33104748.0,479692.4375
2022-07-15,0.6010000109672546,0.6019999980926514,0.5870000123977661,0.5879999995231628,75989000.0,45131584.0,479692.4375
2022-07-18,0.5879999995231628,0.6039999723434448,0.5879999995231628,0.6039999723434448,74015200.0,44241240.0,479692.4375
2022-07-19,0.6010000109672546,0.6140000224113464,0.6010000109672546,0.6129999756813049,88406496.0,53725840.0,479692.4375
2022-07-20,0.6179999709129333,0.6200000047683716,0.6119999885559082,0.6150000095367432,74078200.0,45573796.0,479692.4375
2022-07-21,0.6140000224113464,0.6259999871253967,0.6129999756813049,0.6209999918937683,115404168.0,71603072.0,479692.4375
2022-07-22,0.6209999918937683,0.621999979019165,0.6069999933242798,0.6110000014305115,95856000.0,58982184.0,479692.4375
2022-07-25,0.6100000143051147,0.6150000095367432,0.6029999852180481,0.6050000190734863,50179500.0,30465300.0,479692.4375
2022-07-26,0.6060000061988831,0.6179999709129333,0.6060000061988831,0.6169999837875366,109299144.0,66991504.0,479692.4375
2022-07-27,0.6140000224113464,0.6169999837875366,0.6100000143051147,0.6110000014305115,43775100.0,26846588.0,479692.4375
2022-07-28,0.6129999756813049,0.6190000176429749,0.6119999885559082,0.6150000095367432,56683700.0,34871728.0,479692.4375
2022-07-29,0.6140000224113464,0.6169999837875366,0.6039999723434448,0.6050000190734863,59645900.0,36365432.0,479692.4375
2022-08-01,0.6039999723434448,0.6060000061988831,0.5960000157356262,0.6050000190734863,53501296.0,32271736.0,479692.4375
2022-08-02,0.5989999771118164,0.6000000238418579,0.574999988079071,0.5830000042915344,133537696.0,77964080.0,479692.4375
2022-08-03,0.5830000042915344,0.5899999737739563,0.574999988079071,0.5770000219345093,111460344.0,65152920.0,479692.4375
2022-08-04,0.578000009059906,0.5830000042915344,0.574999988079071,0.5820000171661377,60760104.0,35215096.0,479692.4375
2022-08-05,0.5820000171661377,0.5989999771118164,0.5820000171661377,0.5989999771118164,109734040.0,64934824.0,479692.4375
2022-08-08,0.5989999771118164,0.6000000238418579,0.593999981880188,0.5979999899864197,48131000.0,28712844.0,479692.4375
2022-08-09,0.5979999899864197,0.5979999899864197,0.5899999737739563,0.593999981880188,43074400.0,25534490.0,479692.4375
2022-08-10,0.593999981880188,0.593999981880188,0.5870000123977661,0.5889999866485596,47665300.0,28127864.0,479692.4375
2022-08-11,0.593999981880188,0.609000027179718,0.5929999947547913,0.609000027179718,78335000.0,47173032.0,479692.4375
2022-08-12,0.609000027179718,0.6169999837875366,0.6050000190734863,0.6150000095367432,85540400.0,52375972.0,479692.4375
2022-08-15,0.6129999756813049,0.6129999756813049,0.6060000061988831,0.6079999804496765,68379904.0,41627256.0,479692.4375
2022-08-16,0.6079999804496765,0.6110000014305115,0.6019999980926514,0.6039999723434448,60408900.0,36574916.0,479692.4375
2022-08-17,0.6060000061988831,0.6150000095367432,0.6019999980926514,0.6129999756813049,62706600.0,38239104.0,479692.4375
2022-08-18,0.6119999885559082,0.6129999756813049,0.6010000109672546,0.6029999852180481,49554200.0,29954654.0,479692.4375
2022-08-19,0.6019999980926514,0.6190000176429749,0.6019999980926514,0.609000027179718,120827696.0,74176664.0,479692.4375
2022-08-22,0.6069999933242798,0.6179999709129333,0.5979999899864197,0.6179999709129333,76698704.0,47011496.0,479692.4375
2022-08-23,0.6159999966621399,0.6179999709129333,0.6069999933242798,0.609000027179718,70641696.0,43147836.0,479692.4375
2022-08-24,0.609000027179718,0.6159999966621399,0.6000000238418579,0.6019999980926514,75901808.0,46041784.0,479692.4375
2022-08-25,0.6050000190734863,0.6050000190734863,0.5920000076293945,0.6039999723434448,92047504.0,55177216.0,479692.4375
2022-08-26,0.6039999723434448,0.6110000014305115,0.6010000109672546,0.6029999852180481,60719300.0,36813356.0,479692.4375
2022-08-29,0.597000002861023,0.6010000109672546,0.5920000076293945,0.6000000238418579,57611800.0,34354936.0,479692.4375
2022-08-30,0.6000000238418579,0.6110000014305115,0.5979999899864197,0.6060000061988831,68476400.0,41501488.0,479692.4375
2022-08-31,0.6029999852180481,0.6159999966621399,0.6029999852180481,0.6060000061988831,139123600.0,84755592.0,479692.4375
2022-09-01,0.6029999852180481,0.6069999933242798,0.5920000076293945,0.5920000076293945,231177792.0,138288800.0,479692.4375
2022-09-02,0.5920000076293945,0.609000027179718,0.5920000076293945,0.6029999852180481,181235600.0,109570088.0,479692.4375
2022-09-05,0.6019999980926514,0.6029999852180481,0.5899999737739563,0.5950000286102295,226451600.0,134406848.0,479692.4375
2022-09-06,0.593999981880188,0.597000002861023,0.5899999737739563,0.5960000157356262,171079104.0,101546464.0,479692.4375
2022-09-07,0.5929999947547913,0.593999981880188,0.5820000171661377,0.5849999785423279,248732496.0,145483408.0,479692.4375
2022-09-08,0.5839999914169312,0.5879999995231628,0.5809999704360962,0.5820000171661377,69486496.0,40573304.0,479692.4375
2022-09-09,0.5820000171661377,0.5860000252723694,0.578000009059906,0.5849999785423279,137278800.0,80046816.0,479692.4375
2022-09-13,0.5849999785423279,0.5899999737739563,0.5839999914169312,0.5860000252723694,66625400.0,39067556.0,479692.4375
2022-09-14,0.5809999704360962,0.5820000171661377,0.5770000219345093,0.5789999961853027,91247904.0,52868224.0,479692.4375
2022-09-15,0.5809999704360962,0.5860000252723694,0.5699999928474426,0.5759999752044678,107474800.0,62185276.0,479692.4375
2022-09-16,0.5740000009536743,0.578000009059906,0.5630000233650208,0.5649999976158142,133682904.0,76375520.0,479692.4375
2022-09-19,0.5640000104904175,0.5640000104904175,0.5479999780654907,0.5529999732971191,168511504.0,93122448.0,479692.4375
2022-09-20,0.5540000200271606,0.5580000281333923,0.5529999732971191,0.5559999942779541,84413800.0,46914368.0,479692.4375
2022-09-21,0.5540000200271606,0.5600000023841858,0.5450000166893005,0.5580000281333923,93097584.0,51319268.0,479692.4375
2022-09-22,0.5550000071525574,0.5580000281333923,0.550000011920929,0.550000011920929,63838900.0,35381224.0,479692.4375
2022-09-23,0.550000011920929,0.5519999861717224,0.5370000004768372,0.5400000214576721,121385504.0,65965644.0,479692.4375
2022-09-26,0.5370000004768372,0.5410000085830688,0.531000018119812,0.531000018119812,81675904.0,43747788.0,479692.4375
2022-09-27,0.5329999923706055,0.5490000247955322,0.5329999923706055,0.5479999780654907,214114400.0,115676560.0,479692.4375
2022-09-28,0.5460000038146973,0.546999990940094,0.5379999876022339,0.5389999747276306,77662800.0,42118680.0,479692.4375
2022-09-29,0.5419999957084656,0.5450000166893005,0.5260000228881836,0.527999997138977,108976496.0,58305340.0,479692.4375
2022-09-30,0.5289999842643738,0.5329999923706055,0.5260000228881836,0.527999997138977,91773904.0,48598340.0,479692.4375
2022-10-10,0.527999997138977,0.5289999842643738,0.5130000114440918,0.5139999985694885,140030592.0,72579736.0,479692.4375
2022-10-11,0.5139999985694885,0.515999972820282,0.5059999823570251,0.5130000114440918,131873696.0,67397560.0,479692.4375
2022-10-12,0.5130000114440918,0.5249999761581421,0.5059999823570251,0.5239999890327454,109129504.0,55934864.0,479692.4375
2022-10-13,0.5210000276565552,0.531000018119812,0.5189999938011169,0.5249999761581421,91908896.0,48252768.0,479692.4375
2022-10-14,0.527999997138977,0.5400000214576721,0.527999997138977,0.5370000004768372,103830704.0,55565680.0,479692.4375
2022-10-17,0.5360000133514404,0.5429999828338623,0.5339999794960022,0.5410000085830688,85174704.0,46000332.0,479692.4375
2022-10-18,0.5429999828338623,0.5440000295639038,0.5370000004768372,0.5389999747276306,52217200.0,28179214.0,479692.4375
2022-10-19,0.5389999747276306,0.5389999747276306,0.531000018119812,0.531000018119812,62494900.0,33330724.0,479692.4375
2022-10-20,0.5299999713897705,0.5400000214576721,0.527999997138977,0.5350000262260437,71627000.0,38264168.0,479692.4375
2022-10-21,0.5360000133514404,0.5360000133514404,0.5249999761581421,0.5260000228881836,70054496.0,37037824.0,479692.4375
2022-10-24,0.5260000228881836,0.5329999923706055,0.5080000162124634,0.5099999904632568,100482304.0,52276356.0,479692.4375
2022-10-25,0.5090000033378601,0.5109999775886536,0.5,0.5059999823570251,68100600.0,34391028.0,479692.4375
2022-10-26,0.5059999823570251,0.5220000147819519,0.5049999952316284,0.5149999856948853,90795600.0,46821892.0,479692.4375
2022-10-27,0.5180000066757202,0.5270000100135803,0.5149999856948853,0.5230000019073486,81991056.0,42793104.0,479692.4375
2022-10-28,0.5210000276565552,0.5220000147819519,0.5040000081062317,0.5059999823570251,71450200.0,36563560.0,479692.4375
2022-10-31,0.5040000081062317,0.5149999856948853,0.5009999871253967,0.5109999775886536,69617800.0,35376536.0,479692.4375
2022-11-01,0.5099999904632568,0.5289999842643738,0.5090000033378601,0.527999997138977,84832600.0,43904244.0,479692.4375
2022-11-02,0.5389999747276306,0.5450000166893005,0.5360000133514404,0.5400000214576721,174815504.0,94644240.0,479692.4375
2022-11-03,0.5329999923706055,0.5370000004768372,0.531000018119812,0.5350000262260437,90600304.0,48383732.0,479692.4375
2022-11-04,0.5339999794960022,0.5479999780654907,0.5329999923706055,0.5460000038146973,156975808.0,85377000.0,479692.4375
2022-11-07,0.5419999957084656,0.5600000023841858,0.5400000214576721,0.5550000071525574,126654704.0,69619072.0,479692.4375
2022-11-08,0.5540000200271606,0.5580000281333923,0.550000011920929,0.5550000071525574,104108704.0,57613248.0,479692.4375
2022-11-09,0.5550000071525574,0.5580000281333923,0.550000011920929,0.5519999861717224,75784200.0,41869504.0,479692.4375
2022-11-10,0.546999990940094,0.5680000185966492,0.5460000038146973,0.5669999718666077,135338800.0,75808104.0,479692.4375
2022-11-11,0.5759999752044678,0.5799999833106995,0.5669999718666077,0.5690000057220459,144756992.0,82905912.0,479692.4375
2022-11-14,0.5680000185966492,0.5759999752044678,0.5619999766349792,0.5709999799728394,135742704.0,77599544.0,479692.4375
2022-11-15,0.5680000185966492,0.5799999833106995,0.5680000185966492,0.5789999961853027,121670400.0,70130240.0,479692.4375
2022-11-16,0.5809999704360962,0.5920000076293945,0.5799999833106995,0.5870000123977661,151068096.0,88857008.0,479692.4375
2022-11-17,0.6000000238418579,0.6039999723434448,0.5899999737739563,0.6029999852180481,229897904.0,137351600.0,479692.4375
2022-11-18,0.6029999852180481,0.6230000257492065,0.6000000238418579,0.6010000109672546,235889104.0,144305840.0,479692.4375
2022-11-21,0.5979999899864197,0.6010000109672546,0.5809999704360962,0.5870000123977661,146355696.0,85820912.0,479692.4375
2022-11-22,0.5830000042915344,0.5870000123977661,0.5770000219345093,0.5809999704360962,71879904.0,41834636.0,479692.4375
2022-11-23,0.5789999961853027,0.5809999704360962,0.5690000057220459,0.5759999752044678,76726600.0,44098432.0,479692.4375
2022-11-24,0.5759999752044678,0.5789999961853027,0.5680000185966492,0.5709999799728394,64579500.0,37049492.0,479692.4375
2022-11-25,0.5699999928474426,0.5759999752044678,0.5680000185966492,0.5720000267028809,65870500.0,37698448.0,479692.4375
2022-11-28,0.5649999976158142,0.5740000009536743,0.5590000152587891,0.5720000267028809,95894096.0,54444392.0,479692.4375
2022-11-29,0.5709999799728394,0.5889999866485596,0.5690000057220459,0.5879999995231628,101151000.0,58881320.0,479692.4375
2022-11-30,0.5879999995231628,0.5920000076293945,0.5830000042915344,0.5870000123977661,94937896.0,55870148.0,479692.4375
2022-12-01,0.597000002861023,0.6019999980926514,0.593999981880188,0.5950000286102295,111321896.0,66643472.0,479692.4375
2022-12-02,0.5950000286102295,0.6079999804496765,0.5950000286102295,0.6000000238418579,96018800.0,57909180.0,479692.4375
2022-12-05,0.6050000190734863,0.6159999966621399,0.6029999852180481,0.6140000224113464,135794176.0,82933216.0,479692.4375
2022-12-06,0.6159999966621399,0.6169999837875366,0.6039999723434448,0.6060000061988831,107622400.0,65775496.0,479692.4375
2022-12-07,0.6050000190734863,0.6179999709129333,0.6010000109672546,0.6100000143051147,100088168.0,60889836.0,479692.4375
2022-12-08,0.6069999933242798,0.6110000014305115,0.5989999771118164,0.609000027179718,69432096.0,42024136.0,479692.4375
2022-12-09,0.6079999804496765,0.609000027179718,0.5950000286102295,0.6050000190734863,87934032.0,52950784.0,479692.4375
2022-12-12,0.6029999852180481,0.6060000061988831,0.5950000286102295,0.597000002861023,56507444.0,33858560.0,479692.4375
2022-12-13,0.5950000286102295,0.6060000061988831,0.5929999947547913,0.6000000238418579,64879700.0,39018732.0,479692.4375
2022-12-14,0.5960000157356262,0.6079999804496765,0.593999981880188,0.6029999852180481,59901200.0,36006776.0,479692.4375
2022-12-15,0.6010000109672546,0.6069999933242798,0.597000002861023,0.5989999771118164,81662896.0,49112260.0,479692.4375
2022-12-16,0.5950000286102295,0.5960000157356262,0.5889999866485596,0.5950000286102295,53686600.0,31836576.0,479692.4375
2022-12-19,0.5920000076293945,0.5950000286102295,0.5799999833106995,0.5830000042915344,78461200.0,46013728.0,479692.4375
2022-12-20,0.5830000042915344,0.5860000252723694,0.5699999928474426,0.5720000267028809,113808096.0,65633508.0,479692.4375
2022-12-21,0.5720000267028809,0.5809999704360962,0.5709999799728394,0.5759999752044678,49558800.0,28554536.0,479692.4375
2022-12-22,0.5770000219345093,0.5910000205039978,0.5759999752044678,0.5799999833106995,74678872.0,43662944.0,479692.4375
2022-12-23,0.5759999752044678,0.5950000286102295,0.5759999752044678,0.5899999737739563,137380400.0,80950800.0,479692.4375
2022-12-26,0.5899999737739563,0.5960000157356262,0.5870000123977661,0.5899999737739563,139203968.0,82446688.0,479692.4375
2022-12-27,0.5929999947547913,0.5929999947547913,0.5860000252723694,0.5910000205039978,126721360.0,74841376.0,479692.4375
2022-12-28,0.5899999737739563,0.5950000286102295,0.5830000042915344,0.5929999947547913,75208144.0,44443652.0,479692.4375
2022-12-29,0.593999981880188,0.5989999771118164,0.5879999995231628,0.5879999995231628,54989200.0,32664014.0,479692.4375
2022-12-30,0.5889999866485596,0.6010000109672546,0.5879999995231628,0.5989999771118164,92052816.0,54956888.0,479692.4375
2023-01-03,0.5989999771118164,0.6190000176429749,0.5979999899864197,0.6150000095367432,258083008.0,158245808.0,479692.4375
2023-01-04,0.6150000095367432,0.6269999742507935,0.6129999756813049,0.621999979019165,144435296.0,89733984.0,479692.4375
2023-01-05,0.621999979019165,0.6380000114440918,0.621999979019165,0.6320000290870667,204684192.0,129434528.0,479692.4375
2023-01-06,0.6330000162124634,0.6330000162124634,0.6150000095367432,0.6169999837875366,118940064.0,73835304.0,479692.4375
2023-01-09,0.6190000176429749,0.6299999952316284,0.6179999709129333,0.628000020980835,84323864.0,52854248.0,479692.4375
2023-01-10,0.628000020980835,0.6389999985694885,0.6230000257492065,0.6359999775886536,121219696.0,76627560.0,479692.4375
2023-01-11,0.6359999775886536,0.6370000243186951,0.6209999918937683,0.621999979019165,126701880.0,79572792.0,479692.4375
2023-01-12,0.6240000128746033,0.6290000081062317,0.6190000176429749,0.6240000128746033,83356304.0,51990768.0,479692.4375
2023-01-13,0.6240000128746033,0.6340000033378601,0.621999979019165,0.6330000162124634,62304256.0,39163392.0,479692.4375
2023-01-16,0.6359999775886536,0.6370000243186951,0.6290000081062317,0.6320000290870667,205581296.0,130365296.0,479692.4375
2023-01-17,0.6309999823570251,0.6330000162124634,0.6200000047683716,0.6240000128746033,157939200.0,98746152.0,479692.4375
2023-01-18,0.625,0.6370000243186951,0.625,0.6330000162124634,106647000.0,67487824.0,479692.4375
2023-01-19,0.6299999952316284,0.640999972820282,0.6259999871253967,0.6399999856948853,157570208.0,100344544.0,479692.4375
2023-01-20,0.6399999856948853,0.6449999809265137,0.6380000114440918,0.6439999938011169,109769600.0,70395320.0,479692.4375
2023-01-30,0.6510000228881836,0.6589999794960022,0.640999972820282,0.6420000195503235,278192800.0,179550608.0,479692.4375
2023-01-31,0.6389999985694885,0.6449999809265137,0.6370000243186951,0.6449999809265137,123300200.0,78974240.0,479692.4375
2023-02-01,0.6430000066757202,0.6539999842643738,0.6389999985694885,0.652999997138977,140084896.0,90401192.0,479692.4375
2023-02-02,0.652999997138977,0.6690000295639038,0.652999997138977,0.6600000262260437,315496192.0,208966832.0,479692.4375
2023-02-03,0.656000018119812,0.6700000166893005,0.656000018119812,0.6679999828338623,157166800.0,104274136.0,479692.4375
2023-02-06,0.6660000085830688,0.6769999861717224,0.6579999923706055,0.671999990940094,177750368.0,119098552.0,479692.4375
2023-02-07,0.6710000038146973,0.6890000104904175,0.6669999957084656,0.6859999895095825,368344512.0,250458288.0,479692.4375
2023-02-08,0.6859999895095825,0.6880000233650208,0.6690000295639038,0.6710000038146973,175838304.0,118656824.0,479692.4375
2023-02-09,0.6650000214576721,0.6880000233650208,0.6629999876022339,0.6869999766349792,125257600.0,84608496.0,479692.4375
2023-02-10,0.6850000023841858,0.6970000267028809,0.6819999814033508,0.6880000233650208,154406032.0,106542864.0,479692.4375
2023-02-13,0.6859999895095825,0.6959999799728394,0.6809999942779541,0.6940000057220459,163131344.0,112143208.0,479692.4375
2023-02-14,0.6940000057220459,0.6980000138282776,0.6859999895095825,0.6880000233650208,119644040.0,82490752.0,479692.4375
2023-02-15,0.6869999766349792,0.7020000219345093,0.6850000023841858,0.7009999752044678,119560000.0,83187000.0,479692.4375
2023-02-16,0.6990000009536743,0.7200000286102295,0.6899999976158142,0.6980000138282776,208325904.0,147467952.0,479692.4375
2023-02-17,0.6970000267028809,0.699999988079071,0.6769999861717224,0.6779999732971191,182504000.0,124925584.0,479692.4375
2023-02-20,0.6790000200271606,0.7049999833106995,0.6790000200271606,0.7039999961853027,214064400.0,148457824.0,479692.4375
2023-02-21,0.7009999752044678,0.7059999704360962,0.6880000233650208,0.6940000057220459,134082096.0,93330696.0,479692.4375
2023-02-22,0.6880000233650208,0.6919999718666077,0.6790000200271606,0.6859999895095825,107303296.0,73501920.0,479692.4375
2023-02-23,0.6859999895095825,0.6880000233650208,0.6700000166893005,0.675000011920929,87914000.0,59597760.0,479692.4375
2023-02-24,0.6729999780654907,0.6779999732971191,0.6679999828338623,0.6740000247955322,73762096.0,49663624.0,479692.4375
2023-02-27,0.6700000166893005,0.675000011920929,0.6610000133514404,0.6629999876022339,88890496.0,59327576.0,479692.4375
2023-02-28,0.6650000214576721,0.671999990940094,0.6620000004768372,0.6710000038146973,97736704.0,65312800.0,479692.4375
2023-03-01,0.6700000166893005,0.699999988079071,0.6700000166893005,0.6980000138282776,124247800.0,85558160.0,479692.4375
2023-03-02,0.6970000267028809,0.7139999866485596,0.6959999799728394,0.7089999914169312,424900480.0,301475072.0,479692.4375
2023-03-03,0.7080000042915344,0.7129999995231628,0.6970000267028809,0.7059999704360962,121606600.0,85744904.0,479692.4375
2023-03-06,0.703000009059906,0.7080000042915344,0.6980000138282776,0.7009999752044678,88705488.0,62341972.0,479692.4375
2023-03-07,0.699999988079071,0.7049999833106995,0.6840000152587891,0.6840000152587891,96868600.0,67367560.0,479692.4375
2023-03-08,0.6830000281333923,0.6940000057220459,0.6819999814033508,0.6940000057220459,93563504.0,64474784.0,479692.4375
2023-03-09,0.6940000057220459,0.6949999928474426,0.6840000152587891,0.6919999718666077,82766800.0,57031408.0,479692.4375
2023-03-10,0.6859999895095825,0.6919999718666077,0.6800000071525574,0.6800000071525574,84402896.0,57895908.0,479692.4375
2023-03-13,0.6800000071525574,0.6990000009536743,0.675000011920929,0.6990000009536743,206497904.0,141091872.0,479692.4375
2023-03-14,0.6970000267028809,0.7089999914169312,0.6899999976158142,0.6949999928474426,116425808.0,81376672.0,479692.4375
2023-03-15,0.6970000267028809,0.703000009059906,0.6899999976158142,0.6919999718666077,80408304.0,55924352.0,479692.4375
2023-03-16,0.6890000104904175,0.7039999961853027,0.6790000200271606,0.6970000267028809,117037800.0,80965536.0,479692.4375
2023-03-17,0.6990000009536743,0.7329999804496765,0.6990000009536743,0.7300000190734863,251574416.0,181926240.0,479692.4375
2023-03-20,0.7450000047683716,0.7649999856948853,0.7300000190734863,0.75,464086496.0,349360000.0,479692.4375
2023-03-21,0.746999979019165,0.7720000147819519,0.7450000047683716,0.765999972820282,462448448.0,351021280.0,479692.4375
2023-03-22,0.7680000066757202,0.7889999747276306,0.7609999775886536,0.7889999747276306,281073504.0,217939584.0,479692.4375
2023-03-23,0.7829999923706055,0.7900000214576721,0.7749999761581421,0.7870000004768372,208580928.0,163625136.0,479692.4375
2023-03-24,0.7839999794960022,0.8199999928474426,0.7839999794960022,0.8199999928474426,447645888.0,360721632.0,479692.4375
2023-03-27,0.8159999847412109,0.8389999866485596,0.8040000200271606,0.828000009059906,343966784.0,284020416.0,479692.4375
2023-03-28,0.8180000185966492,0.8330000042915344,0.8080000281333923,0.8140000104904175,269111008.0,220482192.0,479692.4375
2023-03-29,0.8080000281333923,0.8230000138282776,0.7950000166893005,0.8059999942779541,259678704.0,210579344.0,479692.4375
2023-03-30,0.8009999990463257,0.8100000023841858,0.7870000004768372,0.7990000247955322,143672416.0,114907312.0,479692.4375
2023-03-31,0.7929999828338623,0.847000002861023,0.7910000085830688,0.8460000157356262,323635104.0,265607808.0,479692.4375
2023-04-03,0.8379999995231628,0.8930000066757202,0.8349999785423279,0.8870000243186951,525111904.0,454797312.0,479692.4375
2023-04-04,0.8799999952316284,0.9049999713897705,0.875,0.8820000290870667,512658176.0,457008896.0,479692.4375
2023-04-06,0.8600000143051147,0.8709999918937683,0.8420000076293945,0.8579999804496765,469147808.0,402510208.0,479692.4375
2023-04-07,0.8539999723434448,0.8970000147819519,0.8450000286102295,0.8899999856948853,391322912.0,340955744.0,479692.4375
2023-04-10,0.8880000114440918,0.8960000276565552,0.8379999995231628,0.8429999947547913,306229408.0,263575616.0,479692.4375
2023-04-11,0.8410000205039978,0.9070000052452087,0.8410000205039978,0.8899999856948853,363273792.0,319414080.0,479692.4375
2023-04-12,0.8870000243186951,0.9409999847412109,0.8799999952316284,0.9390000104904175,444858368.0,406932896.0,479692.4375
2023-04-13,0.9330000281333923,0.9539999961853027,0.9160000085830688,0.9200000166893005,390081696.0,366988064.0,479692.4375
2023-04-14,0.9110000133514404,0.9300000071525574,0.875,0.8980000019073486,461774112.0,416956576.0,479692.4375
2023-04-17,0.8880000114440918,0.8899999856948853,0.8600000143051147,0.8629999756813049,409398208.0,356689920.0,479692.4375
2023-04-18,0.8600000143051147,0.8730000257492065,0.8379999995231628,0.8700000047683716,315311904.0,269617920.0,479692.4375
2023-04-19,0.8600000143051147,0.8939999938011169,0.859000027179718,0.8709999918937683,349835904.0,308307040.0,479692.4375
2023-04-20,0.8679999709129333,0.9240000247955322,0.8669999837875366,0.921999990940094,357331744.0,321866272.0,479692.4375
2023-04-21,0.921999990940094,0.9340000152587891,0.8740000128746033,0.8759999871253967,373688256.0,335732800.0,479692.4375
2023-04-24,0.8679999709129333,0.925000011920929,0.8679999709129333,0.9089999794960022,523627616.0,472359968.0,479692.4375
2023-04-25,0.9049999713897705,0.9399999976158142,0.8930000066757202,0.9330000281333923,449933856.0,412744192.0,479692.4375
2023-04-26,0.921999990940094,0.9520000219345093,0.8870000243186951,0.921999990940094,400700704.0,369940320.0,479692.4375
2023-04-27,0.9079999923706055,0.9229999780654907,0.8640000224113464,0.8799999952316284,322803808.0,288439552.0,479692.4375
2023-04-28,0.8709999918937683,0.9679999947547913,0.8709999918937683,0.9610000252723694,459866656.0,434232448.0,479692.4375
2023-05-04,0.9750000238418579,1.027999997138977,0.9679999947547913,1.0190000534057617,495869152.0,493124960.0,479692.4375
2023-05-05,1.003999948501587,1.0160000324249268,0.9800000190734863,0.9919999837875366,318141216.0,316168160.0,479692.4375
2023-05-08,0.9739999771118164,1.0010000467300415,0.9549999833106995,0.984000027179718,346270496.0,339214976.0,479692.4375
2023-05-09,0.9700000286102295,1.0,0.953000009059906,0.9559999704360962,280796256.0,272935808.0,479692.4375
2023-05-10,0.9459999799728394,0.9750000238418579,0.9229999780654907,0.9459999799728394,325207872.0,309546112.0,479692.4375
2023-05-11,0.9470000267028809,0.9890000224113464,0.9449999928474426,0.9660000205039978,304844160.0,295179456.0,479692.4375
2023-05-12,0.9539999961853027,0.9660000205039978,0.9160000085830688,0.9169999957084656,255322864.0,239569840.0,479692.4375
2023-05-15,0.9200000166893005,0.9300000071525574,0.8759999871253967,0.9020000100135803,327792896.0,295028512.0,479692.4375
2023-05-16,0.9010000228881836,0.9110000133514404,0.8629999756813049,0.8659999966621399,302347872.0,268896448.0,479692.4375
2023-05-17,0.8529999852180481,0.8889999985694885,0.8529999852180481,0.871999979019165,230900160.0,200767728.0,479692.4375
2023-05-18,0.8679999709129333,0.9020000100135803,0.8600000143051147,0.8980000019073486,221416656.0,196648080.0,479692.4375
2023-05-19,0.8930000066757202,0.9070000052452087,0.8730000257492065,0.8769999742507935,181991392.0,161545472.0,479692.4375
2023-05-22,0.8679999709129333,0.878000020980835,0.843999981880188,0.859000027179718,285089792.0,245397152.0,479692.4375
2023-05-23,0.8600000143051147,0.8659999966621399,0.8420000076293945,0.8429999947547913,245256848.0,208752576.0,479692.4375
2023-05-24,0.8379999995231628,0.8560000061988831,0.8270000219345093,0.8500000238418579,269157984.0,226003520.0,479692.4375
2023-05-25,0.8450000286102295,0.8569999933242798,0.8069999814033508,0.828000009059906,202175696.0,167796880.0,479692.4375
2023-05-26,0.8230000138282776,0.8510000109672546,0.8190000057220459,0.8479999899864197,290741696.0,244411808.0,479692.4375
2023-05-29,0.8489999771118164,0.878000020980835,0.8410000205039978,0.8600000143051147,280256192.0,240238528.0,479692.4375
2023-05-30,0.8510000109672546,0.9039999842643738,0.8349999785423279,0.8999999761581421,338332288.0,296784032.0,479692.4375
2023-05-31,0.8949999809265137,0.921999990940094,0.8949999809265137,0.9129999876022339,415972096.0,378928512.0,479692.4375
2023-06-01,0.9039999842643738,0.9549999833106995,0.9020000100135803,0.9340000152587891,560050880.0,521781440.0,479692.4375
2023-06-02,0.9380000233650208,0.9490000009536743,0.9279999732971191,0.9340000152587891,315211264.0,295303584.0,479692.4375
2023-06-05,0.9290000200271606,0.9589999914169312,0.925000011920929,0.9539999961853027,232043104.0,219157456.0,479692.4375
2023-06-06,0.949999988079071,0.9679999947547913,0.9200000166893005,0.9269999861717224,274652320.0,259271632.0,479692.4375
2023-06-07,0.9210000038146973,0.9459999799728394,0.9120000004768372,0.9359999895095825,184651280.0,171861120.0,479692.4375
2023-06-08,0.9290000200271606,0.9340000152587891,0.8999999761581421,0.9169999957084656,210585376.0,192423632.0,479692.4375
2023-06-09,0.9100000262260437,0.9570000171661377,0.9079999923706055,0.9549999833106995,326456064.0,304593344.0,479692.4375
2023-06-12,0.949999988079071,0.9629999995231628,0.9430000185966492,0.9480000138282776,244166000.0,232904064.0,479692.4375
2023-06-13,0.9449999928474426,0.9850000143051147,0.9449999928474426,0.9789999723434448,311294336.0,302709440.0,479692.4375
2023-06-14,0.9739999771118164,1.0110000371932983,0.9729999899864197,0.9919999837875366,352004800.0,349039200.0,479692.4375
2023-06-15,0.9940000176429749,1.0149999856948853,0.9810000061988831,0.9860000014305115,284250432.0,282665376.0,479692.4375
2023-06-16,0.9739999771118164,1.0140000581741333,0.9670000076293945,1.0049999952316284,241876992.0,239893440.0,479692.4375
2023-06-19,1.003999948501587,1.0160000324249268,0.9950000047683716,1.0119999647140503,251956000.0,253067424.0,479692.4375
2023-06-20,1.0110000371932983,1.034999966621399,1.0,1.0190000534057617,241179376.0,246138288.0,479692.4375
2023-06-21,1.0049999952316284,1.0089999437332153,0.9399999976158142,0.9409999847412109,437649824.0,424125888.0,479692.4375
2023-06-26,0.9229999780654907,0.9419999718666077,0.8840000033378601,0.8899999856948853,332284032.0,301115328.0,479692.4375
2023-06-27,0.8899999856948853,0.9139999747276306,0.8830000162124634,0.8999999761581421,192526544.0,172382592.0,479692.4375
2023-06-28,0.8889999985694885,0.8989999890327454,0.8560000061988831,0.8880000114440918,254157296.0,223058304.0,479692.4375
2023-06-29,0.8809999823570251,0.9079999923706055,0.8809999823570251,0.8999999761581421,266040400.0,238413760.0,479692.4375
2023-06-30,0.9010000228881836,0.906000018119812,0.8830000162124634,0.8939999938011169,295697216.0,263768448.0,479692.4375
2023-07-03,0.8949999809265137,0.8989999890327454,0.8450000286102295,0.8600000143051147,280860704.0,241482112.0,479692.4375
2023-07-04,0.8550000190734863,0.8690000176429749,0.8550000190734863,0.8669999837875366,167629904.0,144252912.0,479692.4375
2023-07-05,0.8629999756813049,0.8700000047683716,0.8529999852180481,0.8539999723434448,237779056.0,204354304.0,479692.4375
2023-07-06,0.8539999723434448,0.8799999952316284,0.8510000109672546,0.859000027179718,214026752.0,185059520.0,479692.4375
2023-07-07,0.8539999723434448,0.8600000143051147,0.828000009059906,0.8519999980926514,176182704.0,148896624.0,479692.4375
2023-07-10,0.8519999980926514,0.8629999756813049,0.8450000286102295,0.8629999756813049,125356528.0,107301552.0,479692.4375
2023-07-11,0.8610000014305115,0.8669999837875366,0.8460000157356262,0.8550000190734863,161214400.0,138039536.0,479692.4375
2023-07-12,0.8529999852180481,0.8619999885559082,0.8330000042915344,0.8360000252723694,147958640.0,125070192.0,479692.4375
2023-07-13,0.8360000252723694,0.8679999709129333,0.8339999914169312,0.8659999966621399,216614928.0,184857088.0,479692.4375
2023-07-14,0.8690000176429749,0.8899999856948853,0.8679999709129333,0.8790000081062317,171341472.0,150516048.0,479692.4375
2023-07-17,0.8740000128746033,0.8759999871253967,0.8550000190734863,0.8579999804496765,169660992.0,145953600.0,479692.4375
2023-07-18,0.859000027179718,0.8619999885559082,0.843999981880188,0.8460000157356262,204479008.0,173780368.0,479692.4375
2023-07-19,0.847000002861023,0.8619999885559082,0.843999981880188,0.8569999933242798,142123184.0,121413664.0,479692.4375
2023-07-20,0.8529999852180481,0.8550000190734863,0.8339999914169312,0.8370000123977661,121309800.0,102506912.0,479692.4375
2023-07-21,0.8320000171661377,0.843999981880188,0.824999988079071,0.8330000042915344,128517592.0,107238160.0,479692.4375
2023-07-24,0.828000009059906,0.8460000157356262,0.8240000009536743,0.8309999704360962,111697600.0,93147416.0,479692.4375
2023-07-25,0.8349999785423279,0.8519999980926514,0.8320000171661377,0.8420000076293945,168081200.0,141388016.0,479692.4375
2023-07-26,0.8429999947547913,0.8429999947547913,0.8130000233650208,0.8190000057220459,210006896.0,172375856.0,479692.4375
2023-07-27,0.8169999718666077,0.824999988079071,0.8069999814033508,0.8080000281333923,227623584.0,185092000.0,479692.4375
2023-07-28,0.8050000071525574,0.8109999895095825,0.7979999780654907,0.8059999942779541,167070704.0,134455328.0,479692.4375
2023-07-31,0.8090000152587891,0.8389999866485596,0.800000011920929,0.8309999704360962,298145856.0,245428240.0,479692.4375
2023-08-01,0.8240000009536743,0.8330000042915344,0.8169999718666077,0.8289999961853027,172121360.0,141836912.0,479692.4375
2023-08-02,0.8259999752044678,0.828000009059906,0.8159999847412109,0.8270000219345093,132749312.0,108957272.0,479692.4375
2023-08-03,0.8199999928474426,0.8289999961853027,0.8159999847412109,0.8190000057220459,127319600.0,104565696.0,479692.4375
2023-08-04,0.8209999799728394,0.8450000286102295,0.8190000057220459,0.8410000205039978,277815424.0,232187520.0,479692.4375
2023-08-07,0.8429999947547913,0.8619999885559082,0.8399999737739563,0.8510000109672546,464042592.0,395505056.0,479692.4375
2023-08-08,0.8500000238418579,0.8650000095367432,0.8460000157356262,0.8519999980926514,377644704.0,323679040.0,479692.4375
2023-08-09,0.8460000157356262,0.8510000109672546,0.8209999799728394,0.8220000267028809,368628000.0,307791456.0,479692.4375
2023-08-10,0.8220000267028809,0.8360000252723694,0.8199999928474426,0.824999988079071,243663152.0,201212656.0,479692.4375
2023-08-11,0.824999988079071,0.8370000123977661,0.8119999766349792,0.8130000233650208,203160000.0,167571088.0,479692.4375
2023-08-14,0.8080000281333923,0.8410000205039978,0.8019999861717224,0.8389999866485596,229492720.0,189077840.0,479692.4375
2023-08-15,0.8410000205039978,0.8420000076293945,0.8100000023841858,0.8169999718666077,184140224.0,151578384.0,479692.4375
2023-08-16,0.8130000233650208,0.8180000185966492,0.7960000038146973,0.8009999990463257,164916576.0,132710200.0,479692.4375
2023-08-17,0.796999990940094,0.8130000233650208,0.7929999828338623,0.8100000023841858,143853104.0,115772952.0,479692.4375
2023-08-18,0.8080000281333923,0.8140000104904175,0.7829999923706055,0.7839999794960022,172033904.0,136778432.0,479692.4375
2023-08-21,0.7829999923706055,0.7990000247955322,0.7789999842643738,0.7799999713897705,167083504.0,131459088.0,479692.4375
2023-08-22,0.7839999794960022,0.8080000281333923,0.777999997138977,0.8059999942779541,258823168.0,205663664.0,479692.4375
2023-08-23,0.8009999990463257,0.8069999814033508,0.7929999828338623,0.7940000295639038,158237104.0,126704992.0,479692.4375
2023-08-24,0.7979999780654907,0.8259999752044678,0.796999990940094,0.8069999814033508,353458144.0,286916704.0,479692.4375
2023-08-25,0.800000011920929,0.8059999942779541,0.777999997138977,0.7839999794960022,186643040.0,147940448.0,479692.4375
2023-08-28,0.8360000252723694,0.8399999737739563,0.7950000166893005,0.7990000247955322,242604992.0,196013888.0,479692.4375
2023-08-29,0.7950000166893005,0.8309999704360962,0.7929999828338623,0.8289999961853027,292180800.0,239326192.0,479692.4375
2023-08-30,0.8289999961853027,0.8489999771118164,0.8259999752044678,0.8450000286102295,413043904.0,346656160.0,479692.4375
2023-08-31,0.8399999737739563,0.843999981880188,0.8270000219345093,0.8320000171661377,191318304.0,159665472.0,479692.4375
2023-09-01,0.8320000171661377,0.8330000042915344,0.8169999718666077,0.8220000267028809,197449088.0,162512080.0,479692.4375
2023-09-04,0.8220000267028809,0.8259999752044678,0.8119999766349792,0.824999988079071,190371648.0,156038992.0,479692.4375
2023-09-05,0.8240000009536743,0.8240000009536743,0.8040000200271606,0.8069999814033508,185640304.0,150596208.0,479692.4375
2023-09-06,0.8029999732971191,0.8029999732971191,0.7879999876022339,0.7950000166893005,150091840.0,119170896.0,479692.4375
2023-09-07,0.7919999957084656,0.8009999990463257,0.7820000052452087,0.7850000262260437,292655488.0,230768352.0,479692.4375
2023-09-08,0.7789999842643738,0.7820000052452087,0.7590000033378601,0.7649999856948853,362787840.0,278313856.0,479692.4375
2023-09-11,0.7649999856948853,0.7889999747276306,0.7649999856948853,0.781000018119812,238969200.0,185490880.0,479692.4375
2023-09-12,0.7770000100135803,0.7789999842643738,0.7689999938011169,0.7710000276565552,127212896.0,98367760.0,479692.4375
2023-09-13,0.7710000276565552,0.7710000276565552,0.7540000081062317,0.7599999904632568,221179504.0,168328864.0,479692.4375
2023-09-14,0.7599999904632568,0.7599999904632568,0.7490000128746033,0.7549999952316284,178578208.0,134768304.0,479692.4375
2023-09-15,0.7570000290870667,0.7620000243186951,0.746999979019165,0.7519999742507935,120195296.0,90793568.0,479692.4375
2023-09-18,0.7480000257492065,0.7580000162124634,0.7440000176429749,0.7549999952316284,150381296.0,113218000.0,479692.4375
2023-09-19,0.7540000081062317,0.7540000081062317,0.7400000095367432,0.7429999709129333,120859400.0,90193008.0,479692.4375
2023-09-20,0.7419999837875366,0.7480000257492065,0.7360000014305115,0.7369999885559082,116597104.0,86637200.0,479692.4375
2023-09-21,0.7379999756813049,0.7400000095367432,0.7289999723434448,0.7310000061988831,127963696.0,93925680.0,479692.4375
2023-09-22,0.7300000190734863,0.7649999856948853,0.7289999723434448,0.7649999856948853,208437136.0,156011104.0,479692.4375
2023-09-25,0.7609999775886536,0.7680000066757202,0.7559999823570251,0.7599999904632568,132591696.0,101019208.0,479692.4375
2023-09-26,0.7599999904632568,0.7770000100135803,0.7570000290870667,0.7699999809265137,135399408.0,104309528.0,479692.4375
2023-09-27,0.7670000195503235,0.7789999842643738,0.765999972820282,0.7749999761581421,139682000.0,107888032.0,479692.4375
2023-09-28,0.7760000228881836,0.777999997138977,0.7689999938011169,0.7710000276565552,120817920.0,93281864.0,479692.4375
2023-10-09,0.7689999938011169,0.7689999938011169,0.7519999742507935,0.7599999904632568,108609800.0,82343800.0,479692.4375
2023-10-10,0.7599999904632568,0.7680000066757202,0.7580000162124634,0.7609999775886536,82395904.0,62745924.0,479692.4375
2023-10-11,0.7609999775886536,0.7789999842643738,0.7570000290870667,0.7689999938011169,142295200.0,109461904.0,479692.4375
2023-10-12,0.7689999938011169,0.7720000147819519,0.7549999952316284,0.7599999904632568,95034504.0,72264952.0,479692.4375
2023-10-13,0.7549999952316284,0.7559999823570251,0.7419999837875366,0.7440000176429749,120600096.0,90081872.0,479692.4375
2023-10-16,0.7440000176429749,0.746999979019165,0.7319999933242798,0.7360000014305115,121074704.0,89274536.0,479692.4375
2023-10-17,0.7360000014305115,0.7379999756813049,0.7279999852180481,0.7360000014305115,103215400.0,75611552.0,479692.4375
2023-10-18,0.734000027179718,0.7350000143051147,0.7170000076293945,0.718999981880188,120759000.0,87088816.0,479692.4375
2023-10-19,0.7170000076293945,0.7250000238418579,0.7149999737739563,0.7160000205039978,172572496.0,124406112.0,479692.4375
2023-10-20,0.7139999866485596,0.7160000205039978,0.6980000138282776,0.699999988079071,134469504.0,94597128.0,479692.4375
2023-10-23,0.6940000057220459,0.6990000009536743,0.6759999990463257,0.6800000071525574,136461792.0,93820440.0,479692.4375
2023-10-24,0.6830000281333923,0.7009999752044678,0.6830000281333923,0.6959999799728394,145792400.0,101196832.0,479692.4375
2023-10-25,0.699999988079071,0.7049999833106995,0.6909999847412109,0.6980000138282776,129912400.0,90505632.0,479692.4375
2023-10-26,0.6899999976158142,0.6959999799728394,0.6840000152587891,0.6940000057220459,108122800.0,74527976.0,479692.4375
2023-10-27,0.6959999799728394,0.7070000171661377,0.6899999976158142,0.7070000171661377,128801904.0,90040280.0,479692.4375
2023-10-30,0.7059999704360962,0.7170000076293945,0.7009999752044678,0.7149999737739563,150688800.0,107054304.0,479692.4375
2023-10-31,0.7200000286102295,0.7279999852180481,0.7110000252723694,0.7170000076293945,143128592.0,103130776.0,479692.4375
2023-11-01,0.7120000123977661,0.7379999756813049,0.7110000252723694,0.7200000286102295,153152464.0,111164312.0,479692.4375
2023-11-02,0.7210000157356262,0.7450000047683716,0.7200000286102295,0.734000027179718,198982592.0,146704752.0,479692.4375
2023-11-03,0.7319999933242798,0.7409999966621399,0.722000002861023,0.7350000143051147,146996304.0,107583704.0,479692.4375
2023-11-06,0.7400000095367432,0.7730000019073486,0.7400000095367432,0.7710000276565552,294964096.0,224104080.0,479692.4375
2023-11-07,0.7720000147819519,0.777999997138977,0.7639999985694885,0.7739999890327454,245912208.0,189928368.0,479692.4375
2023-11-08,0.7689999938011169,0.8059999942779541,0.7670000195503235,0.7979999780654907,310689312.0,246420880.0,479692.4375
2023-11-09,0.7960000038146973,0.7979999780654907,0.7799999713897705,0.7839999794960022,210606304.0,165912976.0,479692.4375
2023-11-10,0.7799999713897705,0.7839999794960022,0.7670000195503235,0.7689999938011169,206983200.0,160007136.0,479692.4375
2023-11-13,0.7730000019073486,0.7879999876022339,0.7730000019073486,0.7789999842643738,183868304.0,143564784.0,479692.4375
2023-11-14,0.7770000100135803,0.7829999923706055,0.7739999890327454,0.7820000052452087,128630200.0,100206656.0,479692.4375
2023-11-15,0.7889999747276306,0.7929999828338623,0.7710000276565552,0.7749999761581421,145370416.0,113114936.0,479692.4375
2023-11-16,0.7730000019073486,0.7860000133514404,0.765999972820282,0.7789999842643738,162316160.0,126571880.0,479692.4375
2023-11-17,0.7760000228881836,0.7879999876022339,0.7749999761581421,0.7850000262260437,162877104.0,127377856.0,479692.4375
2023-11-20,0.7820000052452087,0.796999990940094,0.7799999713897705,0.7940000295639038,167268192.0,131999376.0,479692.4375
2023-11-21,0.7960000038146973,0.8149999976158142,0.7960000038146973,0.8029999732971191,229617664.0,184676496.0,479692.4375
2023-11-22,0.800000011920929,0.8130000233650208,0.7960000038146973,0.8040000200271606,237022208.0,191015504.0,479692.4375
2023-11-23,0.800000011920929,0.800000011920929,0.781000018119812,0.7889999747276306,175323392.0,137924560.0,479692.4375
2023-11-24,0.7870000004768372,0.7960000038146973,0.7730000019073486,0.7770000100135803,232902896.0,182016992.0,479692.4375
2023-11-27,0.7730000019073486,0.7730000019073486,0.7580000162124634,0.7609999775886536,146392992.0,111860968.0,479692.4375
2023-11-28,0.7590000033378601,0.765999972820282,0.7519999742507935,0.7649999856948853,114367800.0,86845056.0,479692.4375
2023-11-29,0.7639999985694885,0.7649999856948853,0.7540000081062317,0.7570000290870667,85071200.0,64547616.0,479692.4375
2023-11-30,0.7540000081062317,0.7599999904632568,0.746999979019165,0.7540000081062317,97695296.0,73641744.0,479692.4375
2023-12-01,0.7509999871253967,0.7929999828338623,0.7509999871253967,0.7900000214576721,202334592.0,156138192.0,479692.4375
2023-12-04,0.7900000214576721,0.8040000200271606,0.7860000133514404,0.7919999957084656,216403504.0,172097952.0,479692.4375
2023-12-05,0.7879999876022339,0.7910000085830688,0.7680000066757202,0.7699999809265137,170866704.0,132815392.0,479692.4375
2023-12-06,0.7639999985694885,0.7990000247955322,0.7559999823570251,0.7879999876022339,209030208.0,162236416.0,479692.4375
2023-12-07,0.7900000214576721,0.8080000281333923,0.7900000214576721,0.8029999732971191,436022336.0,348539360.0,479692.4375
2023-12-08,0.800000011920929,0.8090000152587891,0.7879999876022339,0.7979999780654907,249800304.0,199388576.0,479692.4375
2023-12-11,0.7950000166893005,0.8240000009536743,0.7910000085830688,0.8220000267028809,257384928.0,207901888.0,479692.4375
2023-12-12,0.8230000138282776,0.8370000123977661,0.8159999847412109,0.8190000057220459,231319232.0,190672560.0,479692.4375
2023-12-13,0.8180000185966492,0.8289999961853027,0.8109999895095825,0.8119999766349792,338947712.0,278504800.0,479692.4375
2023-12-14,0.8140000104904175,0.8259999752044678,0.8050000071525574,0.8080000281333923,243142800.0,198151616.0,479692.4375
2023-12-15,0.8059999942779541,0.8209999799728394,0.7929999828338623,0.8100000023841858,230397792.0,186175136.0,479692.4375
2023-12-18,0.8090000152587891,0.8100000023841858,0.7870000004768372,0.7900000214576721,220151120.0,175569184.0,479692.4375
2023-12-19,0.7850000262260437,0.8040000200271606,0.7850000262260437,0.8019999861717224,212044944.0,168843984.0,479692.4375
2023-12-20,0.8019999861717224,0.8029999732971191,0.7720000147819519,0.7730000019073486,230194544.0,180607232.0,479692.4375
2023-12-21,0.7649999856948853,0.7879999876022339,0.7649999856948853,0.7829999923706055,237904496.0,184600720.0,479692.4375
2023-12-22,0.7799999713897705,0.781000018119812,0.7049999833106995,0.7099999785423279,629220096.0,457011296.0,479692.4375
2023-12-25,0.7059999704360962,0.7129999995231628,0.6899999976158142,0.7070000171661377,642670784.0,450768960.0,479692.4375
2023-12-26,0.7080000042915344,0.7139999866485596,0.6930000185966492,0.6990000009536743,202293696.0,141951584.0,479692.4375
2023-12-27,0.703000009059906,0.7080000042915344,0.6880000233650208,0.6909999847412109,151435600.0,105039448.0,479692.4375
2023-12-28,0.6850000023841858,0.7039999961853027,0.6800000071525574,0.7009999752044678,171134800.0,118785776.0,479692.4375
2023-12-29,0.699999988079071,0.7269999980926514,0.6990000009536743,0.722000002861023,254814416.0,182668384.0,479692.4375
2024-01-02,0.7260000109672546,0.7379999756813049,0.7170000076293945,0.7170000076293945,181090096.0,131744552.0,479692.4375
2024-01-03,0.7149999737739563,0.7329999804496765,0.7049999833106995,0.7250000238418579,173338496.0,125265744.0,479692.4375
2024-01-04,0.7210000157356262,0.722000002861023,0.7059999704360962,0.7179999947547913,153263904.0,109424736.0,479692.4375
2024-01-05,0.7139999866485596,0.7160000205039978,0.6970000267028809,0.699999988079071,121279488.0,85824400.0,479692.4375
2024-01-08,0.7009999752044678,0.7039999961853027,0.6919999718666077,0.6919999718666077,123942096.0,86501760.0,479692.4375
2024-01-09,0.6949999928474426,0.7020000219345093,0.6850000023841858,0.6919999718666077,128862520.0,89218592.0,479692.4375
2024-01-10,0.6850000023841858,0.6899999976158142,0.6729999780654907,0.6729999780654907,118999696.0,80665208.0,479692.4375
2024-01-11,0.6729999780654907,0.6980000138282776,0.671999990940094,0.6959999799728394,123000304.0,84462768.0,479692.4375
2024-01-12,0.6909999847412109,0.6959999799728394,0.6800000071525574,0.6809999942779541,105352400.0,72325464.0,479692.4375
2024-01-15,0.6790000200271606,0.6899999976158142,0.675000011920929,0.6819999814033508,114159352.0,77994688.0,479692.4375
2024-01-16,0.6779999732971191,0.6809999942779541,0.6660000085830688,0.6759999990463257,110017096.0,73930640.0,479692.4375
2024-01-17,0.6740000247955322,0.6759999990463257,0.6579999923706055,0.6579999923706055,113054152.0,75823496.0,479692.4375
2024-01-18,0.656000018119812,0.6729999780654907,0.6449999809265137,0.6710000038146973,150650176.0,98808104.0,479692.4375
2024-01-19,0.6679999828338623,0.6880000233650208,0.6669999957084656,0.6759999990463257,153031120.0,104056656.0,479692.4375
2024-01-22,0.6740000247955322,0.6769999861717224,0.6269999742507935,0.6380000114440918,193184432.0,125646448.0,479692.4375
2024-01-23,0.6299999952316284,0.6650000214576721,0.6259999871253967,0.6579999923706055,168068960.0,108926008.0,479692.4375
2024-01-24,0.6600000262260437,0.6690000295639038,0.6449999809265137,0.6679999828338623,152196016.0,99969792.0,479692.4375
2024-01-25,0.6669999957084656,0.6909999847412109,0.6570000052452087,0.6899999976158142,204697136.0,138418512.0,479692.4375
2024-01-26,0.6899999976158142,0.7039999961853027,0.6779999732971191,0.6819999814033508,219329168.0,151296560.0,479692.4375
2024-01-29,0.6809999942779541,0.6859999895095825,0.6629999876022339,0.6669999957084656,191350000.0,128363552.0,479692.4375
2024-01-30,0.6629999876022339,0.6660000085830688,0.6420000195503235,0.6439999938011169,141357600.0,92791232.0,479692.4375
2024-01-31,0.6399999856948853,0.6539999842643738,0.6230000257492065,0.6240000128746033,231638896.0,148450944.0,479692.4375
2024-02-01,0.6150000095367432,0.6399999856948853,0.6060000061988831,0.6240000128746033,252460096.0,157294800.0,479692.4375
2024-02-02,0.6240000128746033,0.6460000276565552,0.5950000286102295,0.6159999966621399,213695024.0,133474344.0,479692.4375
2024-02-05,0.6069999933242798,0.6069999933242798,0.5640000104904175,0.5799999833106995,297567104.0,174690816.0,479692.4375
2024-02-06,0.5690000057220459,0.6259999871253967,0.5640000104904175,0.6209999918937683,198704544.0,118114320.0,479692.4375
2024-02-07,0.6169999837875366,0.6449999809265137,0.6159999966621399,0.6370000243186951,149840048.0,95146248.0,479692.4375
2024-02-08,0.6389999985694885,0.6639999747276306,0.6380000114440918,0.656000018119812,114801248.0,75169152.0,479692.4375
2024-02-19,0.6959999799728394,0.6970000267028809,0.6710000038146973,0.6940000057220459,303172128.0,207233664.0,479692.4375
2024-02-20,0.6899999976158142,0.7009999752044678,0.6779999732971191,0.6919999718666077,191622000.0,132740568.0,479692.4375
2024-02-21,0.6819999814033508,0.7099999785423279,0.6779999732971191,0.6909999847412109,191398896.0,133040864.0,479692.4375
2024-02-22,0.6940000057220459,0.7070000171661377,0.6899999976158142,0.703000009059906,146083696.0,102032880.0,479692.4375
2024-02-23,0.7020000219345093,0.7210000157356262,0.6940000057220459,0.7200000286102295,186527264.0,132357120.0,479692.4375
2024-02-26,0.7129999995231628,0.7210000157356262,0.703000009059906,0.7099999785423279,140033696.0,99462048.0,479692.4375
2024-02-27,0.7059999704360962,0.7400000095367432,0.7049999833106995,0.7390000224113464,201482880.0,146273664.0,479692.4375
2024-02-28,0.7390000224113464,0.7559999823570251,0.7039999961853027,0.7059999704360962,368528864.0,271962464.0,479692.4375
2024-02-29,0.699999988079071,0.7350000143051147,0.6949999928474426,0.7329999804496765,204273296.0,147357456.0,479692.4375
2024-03-01,0.7329999804496765,0.7490000128746033,0.7269999980926514,0.7450000047683716,170587904.0,125764976.0,479692.4375
2024-03-04,0.7450000047683716,0.7580000162124634,0.7310000061988831,0.7549999952316284,185490496.0,137946032.0,479692.4375
2024-03-05,0.7480000257492065,0.7590000033378601,0.7379999756813049,0.7450000047683716,117228896.0,87667984.0,479692.4375
2024-03-06,0.7360000014305115,0.7490000128746033,0.7310000061988831,0.7350000143051147,114244496.0,84404344.0,479692.4375
2024-03-07,0.7360000014305115,0.7450000047683716,0.7129999995231628,0.7139999866485596,167980608.0,121603040.0,479692.4375
2024-03-08,0.7139999866485596,0.7300000190734863,0.7120000123977661,0.7279999852180481,119364896.0,85930000.0,479692.4375
2024-03-11,0.7250000238418579,0.7409999966621399,0.7200000286102295,0.7400000095367432,215137712.0,156958976.0,479692.4375
2024-03-12,0.7379999756813049,0.7509999871253967,0.7379999756813049,0.7440000176429749,121458640.0,90470336.0,479692.4375
2024-03-13,0.746999979019165,0.7730000019073486,0.7429999709129333,0.7680000066757202,280407712.0,212890304.0,479692.4375
2024-03-14,0.7590000033378601,0.7590000033378601,0.7350000143051147,0.746999979019165,174111200.0,129804360.0,479692.4375
2024-03-15,0.7429999709129333,0.7490000128746033,0.734000027179718,0.7480000257492065,136880608.0,101404976.0,479692.4375
2024-03-18,0.75,0.7710000276565552,0.7459999918937683,0.7710000276565552,118358304.0,89711072.0,479692.4375
2024-03-19,0.7649999856948853,0.7799999713897705,0.7609999775886536,0.7620000243186951,164342592.0,126959008.0,479692.4375
2024-03-20,0.7609999775886536,0.7910000085830688,0.7570000290870667,0.7889999747276306,208088704.0,162515344.0,479692.4375
2024-03-21,0.8019999861717224,0.8119999766349792,0.7950000166893005,0.7960000038146973,313053792.0,251665184.0,479692.4375
2024-03-22,0.7910000085830688,0.8199999928474426,0.7799999713897705,0.8100000023841858,363362368.0,291523776.0,479692.4375
2024-03-25,0.8109999895095825,0.8149999976158142,0.7710000276565552,0.7739999890327454,300025152.0,238627424.0,479692.4375
2024-03-26,0.7680000066757202,0.7760000228881836,0.746999979019165,0.7540000081062317,266240096.0,202409728.0,479692.4375
2024-03-27,0.7509999871253967,0.7570000290870667,0.7239999771118164,0.7250000238418579,290614560.0,214541088.0,479692.4375
2024-03-28,0.7210000157356262,0.753000020980835,0.7200000286102295,0.7440000176429749,229990368.0,170243072.0,479692.4375
2024-03-29,0.7390000224113464,0.7400000095367432,0.7239999771118164,0.7360000014305115,194942000.0,142674656.0,479692.4375
2024-04-01,0.7390000224113464,0.7639999985694885,0.7390000224113464,0.7630000114440918,165842864.0,125069328.0,479692.4375
2024-04-02,0.7609999775886536,0.7609999775886536,0.7409999966621399,0.7480000257492065,160576896.0,120120416.0,479692.4375
2024-04-03,0.7419999837875366,0.7450000047683716,0.7250000238418579,0.7329999804496765,202057296.0,147981344.0,479692.4375
2024-04-08,0.7300000190734863,0.7329999804496765,0.7200000286102295,0.7229999899864197,164894304.0,119840208.0,479692.4375
2024-04-09,0.7229999899864197,0.7300000190734863,0.7149999737739563,0.7279999852180481,180814592.0,130842360.0,479692.4375
2024-04-10,0.7260000109672546,0.7260000109672546,0.7020000219345093,0.7059999704360962,132567200.0,94226504.0,479692.4375
2024-04-11,0.7020000219345093,0.7300000190734863,0.7009999752044678,0.7200000286102295,138031152.0,99448576.0,479692.4375
2024-04-12,0.7179999947547913,0.7210000157356262,0.7059999704360962,0.7070000171661377,205132992.0,145989824.0,479692.4375
2024-04-15,0.7020000219345093,0.7160000205039978,0.6970000267028809,0.703000009059906,192170448.0,135396800.0,479692.4375
2024-04-16,0.7009999752044678,0.7070000171661377,0.6779999732971191,0.6800000071525574,143940928.0,99286432.0,479692.4375
2024-04-17,0.6869999766349792,0.7089999914169312,0.6869999766349792,0.7080000042915344,147668768.0,103610936.0,479692.4375
2024-04-18,0.7039999961853027,0.7089999914169312,0.6909999847412109,0.6990000009536743,168021408.0,118049032.0,479692.4375
2024-04-19,0.6949999928474426,0.699999988079071,0.6850000023841858,0.6880000233650208,87154096.0,60171108.0,479692.4375
2024-04-22,0.6809999942779541,0.6880000233650208,0.6710000038146973,0.6809999942779541,181906304.0,123522520.0,479692.4375
2024-04-23,0.6830000281333923,0.6899999976158142,0.6809999942779541,0.6830000281333923,98210112.0,67209384.0,479692.4375
2024-04-24,0.6819999814033508,0.6959999799728394,0.675000011920929,0.6949999928474426,145313472.0,99906528.0,479692.4375
2024-04-25,0.6880000233650208,0.6980000138282776,0.6840000152587891,0.6890000104904175,114959400.0,79222584.0,479692.4375
2024-04-26,0.6859999895095825,0.7080000042915344,0.6850000023841858,0.7070000171661377,231028304.0,161969440.0,479692.4375
2024-04-29,0.7099999785423279,0.7279999852180481,0.7099999785423279,0.7250000238418579,262479104.0,188888896.0,479692.4375
2024-04-30,0.722000002861023,0.7239999771118164,0.7049999833106995,0.7120000123977661,295132896.0,210557648.0,479692.4375
2024-05-06,0.7229999899864197,0.7279999852180481,0.7160000205039978,0.7170000076293945,243543904.0,175626224.0,479692.4375
2024-05-07,0.718999981880188,0.7310000061988831,0.7149999737739563,0.7170000076293945,220421296.0,159228160.0,479692.4375
2024-05-08,0.7129999995231628,0.7139999866485596,0.6949999928474426,0.6970000267028809,168663104.0,118318240.0,479692.4375
2024-05-09,0.6940000057220459,0.7070000171661377,0.6940000057220459,0.7039999961853027,234311696.0,164149520.0,479692.4375
2024-05-10,0.7049999833106995,0.7120000123977661,0.6940000057220459,0.6980000138282776,123935104.0,86750440.0,479692.4375
2024-05-13,0.6919999718666077,0.6959999799728394,0.6850000023841858,0.6899999976158142,118595400.0,81824392.0,479692.4375
2024-05-14,0.6949999928474426,0.7039999961853027,0.6919999718666077,0.7020000219345093,156566592.0,109524024.0,479692.4375
2024-05-15,0.703000009059906,0.703000009059906,0.6919999718666077,0.6949999928474426,94364896.0,65792264.0,479692.4375
2024-05-16,0.6930000185966492,0.703000009059906,0.6899999976158142,0.6930000185966492,144939504.0,100949288.0,479692.4375
2024-05-17,0.6909999847412109,0.6959999799728394,0.6840000152587891,0.6949999928474426,90082704.0,62171660.0,479692.4375
2024-05-20,0.6919999718666077,0.699999988079071,0.6830000281333923,0.6959999799728394,137651696.0,95609472.0,479692.4375
2024-05-21,0.6949999928474426,0.7039999961853027,0.6919999718666077,0.6940000057220459,145082000.0,101176288.0,479692.4375
2024-05-22,0.6909999847412109,0.6959999799728394,0.6859999895095825,0.6949999928474426,124134704.0,86014280.0,479692.4375
2024-05-23,0.6940000057220459,0.6940000057220459,0.6759999990463257,0.6769999861717224,180577792.0,123095920.0,479692.4375
2024-05-24,0.6759999990463257,0.6819999814033508,0.6679999828338623,0.6690000295639038,169016000.0,113989600.0,479692.4375
2024-05-27,0.6710000038146973,0.6729999780654907,0.6579999923706055,0.671999990940094,169056192.0,112584352.0,479692.4375
2024-05-28,0.6690000295639038,0.6690000295639038,0.656000018119812,0.656000018119812,131199904.0,86777904.0,479692.4375
2024-05-29,0.6549999713897705,0.6639999747276306,0.6539999842643738,0.6589999794960022,146443216.0,96442016.0,479692.4375
2024-05-30,0.656000018119812,0.6610000133514404,0.6499999761581421,0.656000018119812,172088304.0,112928928.0,479692.4375
2024-05-31,0.656000018119812,0.6650000214576721,0.6549999713897705,0.6620000004768372,141644800.0,93569056.0,479692.4375
2024-06-03,0.6589999794960022,0.6629999876022339,0.6520000100135803,0.6579999923706055,122247104.0,80320080.0,479692.4375
2024-06-04,0.656000018119812,0.6639999747276306,0.6510000228881836,0.6629999876022339,108930200.0,71621568.0,479692.4375
2024-06-05,0.6600000262260437,0.6620000004768372,0.6489999890327454,0.6510000228881836,195848400.0,128013776.0,479692.4375
2024-06-06,0.6510000228881836,0.656000018119812,0.6330000162124634,0.6380000114440918,262535008.0,168512496.0,479692.4375
2024-06-07,0.6399999856948853,0.6449999809265137,0.6290000081062317,0.6389999985694885,179695504.0,114670224.0,479692.4375
2024-06-11,0.6359999775886536,0.6420000195503235,0.6269999742507935,0.640999972820282,112603504.0,71639448.0,479692.4375
2024-06-12,0.6380000114440918,0.6549999713897705,0.6380000114440918,0.6520000100135803,172897456.0,112094400.0,479692.4375
2024-06-13,0.6510000228881836,0.6520000100135803,0.6439999938011169,0.6489999890327454,101651696.0,65882320.0,479692.4375
2024-06-14,0.6480000019073486,0.6539999842643738,0.6449999809265137,0.6520000100135803,106200304.0,68980800.0,479692.4375
2024-06-17,0.6510000228881836,0.6510000228881836,0.640999972820282,0.6439999938011169,89378400.0,57624604.0,479692.4375
2024-06-18,0.6420000195503235,0.6480000019073486,0.6389999985694885,0.6430000066757202,138069504.0,88819488.0,479692.4375
2024-06-19,0.6439999938011169,0.6449999809265137,0.6320000290870667,0.6320000290870667,104881296.0,66634884.0,479692.4375
2024-06-20,0.6309999823570251,0.6330000162124634,0.6159999966621399,0.6169999837875366,131110800.0,81614688.0,479692.4375
2024-06-21,0.6150000095367432,0.6230000257492065,0.6119999885559082,0.6190000176429749,89178400.0,55044848.0,479692.4375
2024-06-24,0.6159999966621399,0.6169999837875366,0.5979999899864197,0.6000000238418579,129479200.0,78377704.0,479692.4375
2024-06-25,0.6000000238418579,0.6050000190734863,0.5889999866485596,0.5929999947547913,105004704.0,62653488.0,479692.4375
2024-06-26,0.5929999947547913,0.6259999871253967,0.5929999947547913,0.625,244807696.0,149611376.0,479692.4375
2024-06-27,0.6200000047683716,0.6259999871253967,0.6119999885559082,0.6129999756813049,166620304.0,103058520.0,479692.4375
2024-06-28,0.6110000014305115,0.6209999918937683,0.609000027179718,0.6119999885559082,147088096.0,90597904.0,479692.4375
2024-07-01,0.6100000143051147,0.6190000176429749,0.6000000238418579,0.6179999709129333,185748256.0,112672032.0,479692.4375
2024-07-02,0.6159999966621399,0.621999979019165,0.6129999756813049,0.6169999837875366,162831056.0,100588648.0,479692.4375
2024-07-03,0.6129999756813049,0.6190000176429749,0.6100000143051147,0.6140000224113464,188772304.0,115921808.0,479692.4375
2024-07-04,0.6129999756813049,0.6159999966621399,0.6000000238418579,0.6010000109672546,253320624.0,153778688.0,479692.4375
2024-07-05,0.5989999771118164,0.609000027179718,0.5950000286102295,0.6050000190734863,133004704.0,80261432.0,479692.4375
2024-07-08,0.6029999852180481,0.6029999852180481,0.5860000252723694,0.5889999866485596,148040096.0,87776128.0,479692.4375
2024-07-09,0.5879999995231628,0.597000002861023,0.5789999961853027,0.5960000157356262,207643200.0,122273032.0,479692.4375
2024-07-10,0.5920000076293945,0.5979999899864197,0.5849999785423279,0.5870000123977661,123860704.0,73154784.0,479692.4375
2024-07-11,0.5929999947547913,0.5979999899864197,0.5879999995231628,0.5929999947547913,213096192.0,126172568.0,479692.4375
2024-07-12,0.5929999947547913,0.597000002861023,0.5870000123977661,0.5899999737739563,141146496.0,83478272.0,479692.4375
2024-07-15,0.5870000123977661,0.5910000205039978,0.5830000042915344,0.5860000252723694,103755696.0,60839228.0,479692.4375
2024-07-16,0.5839999914169312,0.5899999737739563,0.5799999833106995,0.5889999866485596,116982200.0,68414256.0,479692.4375
2024-07-17,0.5860000252723694,0.5979999899864197,0.5860000252723694,0.5910000205039978,118525296.0,70194608.0,479692.4375
2024-07-18,0.5860000252723694,0.5889999866485596,0.5759999752044678,0.5879999995231628,122702496.0,71429840.0,479692.4375
2024-07-19,0.5849999785423279,0.593999981880188,0.5839999914169312,0.5929999947547913,127520496.0,75352200.0,479692.4375
2024-07-22,0.5910000205039978,0.5929999947547913,0.5830000042915344,0.5910000205039978,125281600.0,73707328.0,479692.4375
2024-07-23,0.5910000205039978,0.5910000205039978,0.5730000138282776,0.5730000138282776,172266896.0,100241856.0,479692.4375
2024-07-24,0.5730000138282776,0.5759999752044678,0.5619999766349792,0.5649999976158142,186538896.0,105966424.0,479692.4375
2024-07-25,0.5619999766349792,0.574999988079071,0.5580000281333923,0.5699999928474426,93225208.0,52915472.0,479692.4375
2024-07-26,0.5730000138282776,0.5799999833106995,0.5699999928474426,0.578000009059906,192531808.0,111084480.0,479692.4375
2024-07-29,0.578000009059906,0.5799999833106995,0.5699999928474426,0.5759999752044678,77827400.0,44743008.0,479692.4375
2024-07-30,0.5740000009536743,0.578000009059906,0.5699999928474426,0.5759999752044678,105853824.0,60765720.0,479692.4375
2024-07-31,0.5759999752044678,0.6000000238418579,0.574999988079071,0.5989999771118164,230615200.0,136615248.0,479692.4375
2024-08-01,0.5979999899864197,0.6039999723434448,0.5920000076293945,0.593999981880188,115240496.0,68841664.0,479692.4375
2024-08-02,0.5889999866485596,0.5989999771118164,0.5860000252723694,0.5860000252723694,119646600.0,70969368.0,479692.4375
2024-08-05,0.5860000252723694,0.6050000190734863,0.5830000042915344,0.5860000252723694,188427504.0,112285840.0,479692.4375
2024-08-06,0.5929999947547913,0.6010000109672546,0.5889999866485596,0.5989999771118164,153614704.0,91394560.0,479692.4375
2024-08-07,0.597000002861023,0.6019999980926514,0.5910000205039978,0.5960000157356262,205984400.0,123101920.0,479692.4375
2024-08-08,0.5950000286102295,0.5989999771118164,0.5839999914169312,0.5950000286102295,155703504.0,91898456.0,479692.4375
2024-08-09,0.5960000157356262,0.5989999771118164,0.5820000171661377,0.5839999914169312,127176704.0,74909224.0,479692.4375
2024-08-12,0.5809999704360962,0.5889999866485596,0.5759999752044678,0.5830000042915344,104956304.0,61119592.0,479692.4375
2024-08-13,0.5809999704360962,0.5849999785423279,0.5759999752044678,0.5839999914169312,84900000.0,49286112.0,479692.4375
2024-08-14,0.5830000042915344,0.593999981880188,0.5820000171661377,0.5879999995231628,134418096.0,79269352.0,479692.4375
2024-08-15,0.5879999995231628,0.6069999933242798,0.5839999914169312,0.5989999771118164,163301792.0,97613120.0,479692.4375
2024-08-16,0.5979999899864197,0.5989999771118164,0.5899999737739563,0.5929999947547913,110874400.0,65708364.0,479692.4375
2024-08-19,0.5920000076293945,0.5989999771118164,0.5889999866485596,0.593999981880188,102837504.0,61140312.0,479692.4375
2024-08-20,0.593999981880188,0.5979999899864197,0.5830000042915344,0.5860000252723694,82013200.0,48252840.0,479692.4375
2024-08-21,0.5870000123977661,0.597000002861023,0.5799999833106995,0.5809999704360962,90414000.0,53166860.0,479692.4375
2024-08-22,0.5799999833106995,0.5839999914169312,0.5640000104904175,0.5659999847412109,108181104.0,61833296.0,479692.4375
2024-08-23,0.5640000104904175,0.5680000185966492,0.5590000152587891,0.5649999976158142,66999000.0,37788104.0,479692.4375
2024-08-26,0.5649999976158142,0.5690000057220459,0.5569999814033508,0.5659999847412109,63263600.0,35657312.0,479692.4375
2024-08-27,0.5640000104904175,0.5709999799728394,0.5600000023841858,0.5619999766349792,71825904.0,40660352.0,479692.4375
2024-08-28,0.5600000023841858,0.5680000185966492,0.5519999861717224,0.5669999718666077,85236496.0,47898304.0,479692.4375
2024-08-29,0.5649999976158142,0.5730000138282776,0.5619999766349792,0.5720000267028809,85800200.0,48835720.0,479692.4375
2024-08-30,0.5699999928474426,0.593999981880188,0.5699999928474426,0.5879999995231628,119296704.0,69844000.0,479692.4375
2024-09-02,0.5870000123977661,0.5879999995231628,0.5709999799728394,0.5709999799728394,104236200.0,60320568.0,479692.4375
2024-09-03,0.5720000267028809,0.5809999704360962,0.5699999928474426,0.578000009059906,71479904.0,41196012.0,479692.4375
2024-09-04,0.574999988079071,0.5820000171661377,0.5709999799728394,0.5759999752044678,64042400.0,36908412.0,479692.4375
2024-09-05,0.5740000009536743,0.5950000286102295,0.5740000009536743,0.5910000205039978,112354800.0,66027936.0,479692.4375
2024-09-06,0.5899999737739563,0.5950000286102295,0.5839999914169312,0.5849999785423279,87620096.0,51507604.0,479692.4375
2024-09-09,0.5849999785423279,0.5889999866485596,0.5789999961853027,0.5799999833106995,65471800.0,38154992.0,479692.4375
2024-09-10,0.5820000171661377,0.5910000205039978,0.5730000138282776,0.5899999737739563,101416496.0,58929684.0,479692.4375
2024-09-11,0.5860000252723694,0.5920000076293945,0.5830000042915344,0.5879999995231628,60141816.0,35319776.0,479692.4375
2024-09-12,0.5889999866485596,0.593999981880188,0.5799999833106995,0.5809999704360962,80054496.0,46869076.0,479692.4375
2024-09-13,0.5799999833106995,0.5849999785423279,0.5740000009536743,0.574999988079071,83503400.0,48414944.0,479692.4375
2024-09-18,0.574999988079071,0.5770000219345093,0.5630000233650208,0.5699999928474426,87286304.0,49595160.0,479692.4375
2024-09-19,0.5720000267028809,0.5849999785423279,0.5659999847412109,0.5830000042915344,98569400.0,56990012.0,479692.4375
2024-09-20,0.5789999961853027,0.5809999704360962,0.574999988079071,0.5809999704360962,71160704.0,41146544.0,479692.4375
2024-09-23,0.5799999833106995,0.5849999785423279,0.5770000219345093,0.5789999961853027,61621200.0,35839576.0,479692.4375
2024-09-24,0.5799999833106995,0.6019999980926514,0.5759999752044678,0.6019999980926514,144435696.0,85481032.0,479692.4375
2024-09-25,0.6050000190734863,0.6299999952316284,0.6050000190734863,0.6110000014305115,232033296.0,143400288.0,479692.4375
2024-09-26,0.6100000143051147,0.6380000114440918,0.6069999933242798,0.6380000114440918,175835008.0,108994864.0,479692.4375
2024-09-27,0.6499999761581421,0.6740000247955322,0.6439999938011169,0.6710000038146973,139219008.0,91308112.0,479692.4375
2024-09-30,0.6980000138282776,0.7379999756813049,0.6899999976158142,0.7379999756813049,478680320.0,342728864.0,479692.4375
2024-10-08,0.8119999766349792,0.8119999766349792,0.7459999918937683,0.8050000071525574,882002112.0,701505088.0,479692.4375
2024-10-09,0.7749999761581421,0.7749999761581421,0.7250000238418579,0.7250000238418579,504015712.0,374714688.0,479692.4375
2024-10-10,0.722000002861023,0.7400000095367432,0.7009999752044678,0.7149999737739563,450634112.0,325335808.0,479692.4375
2024-10-11,0.7099999785423279,0.7129999995231628,0.6710000038146973,0.6819999814033508,379087296.0,261705472.0,479692.4375
2024-10-14,0.6840000152587891,0.6980000138282776,0.6669999957084656,0.6980000138282776,206590384.0,141302272.0,479692.4375
2024-10-15,0.6899999976158142,0.7139999866485596,0.6840000152587891,0.6899999976158142,197002704.0,138484784.0,479692.4375
2024-10-16,0.6779999732971191,0.7120000123977661,0.6779999732971191,0.699999988079071,139264096.0,97382400.0,479692.4375
2024-10-17,0.7020000219345093,0.718999981880188,0.6990000009536743,0.7049999833106995,141357504.0,100268048.0,479692.4375
2024-10-18,0.7020000219345093,0.7400000095367432,0.6930000185966492,0.7239999771118164,218317504.0,157281120.0,479692.4375
2024-10-21,0.7200000286102295,0.7559999823570251,0.7149999737739563,0.7419999837875366,552737920.0,410683520.0,479692.4375
2024-10-22,0.7419999837875366,0.7839999794960022,0.7400000095367432,0.7599999904632568,485831616.0,371330176.0,479692.4375
2024-10-23,0.7549999952316284,0.7580000162124634,0.7409999966621399,0.7450000047683716,505946528.0,378406592.0,479692.4375
2024-10-24,0.7379999756813049,0.7419999837875366,0.7279999852180481,0.7379999756813049,229794000.0,169043216.0,479692.4375
2024-10-25,0.7350000143051147,0.7580000162124634,0.7350000143051147,0.7570000290870667,187322000.0,140461648.0,479692.4375
2024-10-28,0.7580000162124634,0.7789999842643738,0.7540000081062317,0.7720000147819519,454617312.0,349257312.0,479692.4375
2024-10-29,0.7879999876022339,0.7940000295639038,0.7540000081062317,0.7570000290870667,580118400.0,444673856.0,479692.4375
2024-10-30,0.7480000257492065,0.765999972820282,0.7450000047683716,0.753000020980835,146125520.0,110354976.0,479692.4375
2024-10-31,0.75,0.7620000243186951,0.7390000224113464,0.7540000081062317,125976200.0,94628624.0,479692.4375
2024-11-01,0.75,0.7590000033378601,0.734000027179718,0.7369999885559082,228472704.0,169507296.0,479692.4375
2024-11-04,0.734000027179718,0.7509999871253967,0.7329999804496765,0.7490000128746033,145620496.0,108207976.0,479692.4375
2024-11-05,0.7480000257492065,0.7710000276565552,0.7450000047683716,0.7699999809265137,376582112.0,286688000.0,479692.4375
2024-11-06,0.7680000066757202,0.8029999732971191,0.7670000195503235,0.7910000085830688,272539904.0,215393488.0,479692.4375
2024-11-07,0.7870000004768372,0.8059999942779541,0.7820000052452087,0.8029999732971191,247692608.0,196178656.0,479692.4375
2024-11-08,0.8059999942779541,0.8109999895095825,0.7879999876022339,0.7929999828338623,312257696.0,248847648.0,479692.4375
2024-11-11,0.7829999923706055,0.828000009059906,0.781000018119812,0.828000009059906,261555232.0,211562976.0,479692.4375
2024-11-12,0.8259999752044678,0.8270000219345093,0.7910000085830688,0.7990000247955322,206214320.0,166747696.0,479692.4375
2024-11-13,0.7940000295639038,0.828000009059906,0.7919999957084656,0.8209999799728394,185535648.0,151306720.0,479692.4375
2024-11-14,0.8209999799728394,0.8320000171661377,0.7910000085830688,0.7940000295639038,239972032.0,194186560.0,479692.4375
2024-11-15,0.7889999747276306,0.8289999961853027,0.7889999747276306,0.796999990940094,172636480.0,139943456.0,479692.4375
2024-11-18,0.8019999861717224,0.8029999732971191,0.7519999742507935,0.7590000033378601,294618432.0,224937744.0,479692.4375
2024-11-19,0.753000020980835,0.765999972820282,0.7429999709129333,0.765999972820282,166283328.0,125511712.0,479692.4375
2024-11-20,0.7620000243186951,0.8040000200271606,0.7599999904632568,0.7940000295639038,241366000.0,189621728.0,479692.4375
2024-11-21,0.7870000004768372,0.8050000071525574,0.7850000262260437,0.7919999957084656,116435400.0,92419976.0,479692.4375
2024-11-22,0.7870000004768372,0.8140000104904175,0.7730000019073486,0.7770000100135803,212299504.0,169980544.0,479692.4375
2024-11-25,0.777999997138977,0.7889999747276306,0.7599999904632568,0.7870000004768372,164052496.0,126864480.0,479692.4375
2024-11-26,0.7820000052452087,0.8109999895095825,0.777999997138977,0.7829999923706055,158560496.0,125978232.0,479692.4375
2024-11-27,0.7749999761581421,0.8149999976158142,0.7630000114440918,0.8149999976158142,243722000.0,193030464.0,479692.4375
2024-11-28,0.8149999976158142,0.8320000171661377,0.7990000247955322,0.8029999732971191,171946000.0,140248528.0,479692.4375
2024-11-29,0.7990000247955322,0.8270000219345093,0.796999990940094,0.8199999928474426,193483504.0,156601552.0,479692.4375
2024-12-02,0.8220000267028809,0.8420000076293945,0.8199999928474426,0.8370000123977661,226316800.0,189245264.0,479692.4375
2024-12-03,0.8370000123977661,0.8399999737739563,0.824999988079071,0.8330000042915344,326722816.0,272778400.0,479692.4375
2024-12-04,0.8360000252723694,0.8360000252723694,0.8069999814033508,0.8190000057220459,285055392.0,234055488.0,479692.4375
2024-12-05,0.8169999718666077,0.8629999756813049,0.8159999847412109,0.859000027179718,768209792.0,652310912.0,479692.4375
2024-12-06,0.8669999837875366,0.890999972820282,0.8579999804496765,0.8840000033378601,482143616.0,421382144.0,479692.4375
2024-12-09,0.8830000162124634,0.8830000162124634,0.8619999885559082,0.8759999871253967,296294112.0,258818656.0,479692.4375
2024-12-10,0.8989999890327454,0.8999999761581421,0.8659999966621399,0.8690000176429749,375829888.0,332685248.0,479692.4375
2024-12-11,0.8619999885559082,0.8790000081062317,0.859000027179718,0.8700000047683716,274158304.0,237475040.0,479692.4375
2024-12-12,0.8740000128746033,0.8809999823570251,0.859000027179718,0.875,274167488.0,238352672.0,479692.4375
2024-12-13,0.8650000095367432,0.8960000276565552,0.8629999756813049,0.8799999952316284,277975616.0,245948960.0,479692.4375
2024-12-16,0.8799999952316284,0.8820000290870667,0.8519999980926514,0.8579999804496765,226212992.0,195045888.0,479692.4375
2024-12-17,0.8550000190734863,0.8579999804496765,0.828000009059906,0.8299999833106995,196735776.0,164913728.0,479692.4375
2024-12-18,0.8330000042915344,0.8539999723434448,0.8259999752044678,0.843999981880188,223951600.0,189011600.0,479692.4375
2024-12-19,0.8339999914169312,0.8519999980926514,0.8240000009536743,0.8489999771118164,183056496.0,152991744.0,479692.4375
2024-12-20,0.8429999947547913,0.8560000061988831,0.8410000205039978,0.8539999723434448,197079696.0,167701776.0,479692.4375
2024-12-23,0.8550000190734863,0.8550000190734863,0.8090000152587891,0.8109999895095825,317216800.0,260900944.0,479692.4375
2024-12-24,0.8119999766349792,0.8159999847412109,0.8029999732971191,0.8119999766349792,168533296.0,136392112.0,479692.4375
2024-12-25,0.8130000233650208,0.8149999976158142,0.7910000085830688,0.800000011920929,221672704.0,177557872.0,479692.4375
2024-12-26,0.800000011920929,0.8090000152587891,0.796999990940094,0.8019999861717224,174104512.0,140151632.0,479692.4375
2024-12-27,0.800000011920929,0.8119999766349792,0.7950000166893005,0.7990000247955322,286056320.0,229183616.0,479692.4375
2024-12-30,0.796999990940094,0.8050000071525574,0.7850000262260437,0.7990000247955322,185733696.0,147866656.0,479692.4375
2024-12-31,0.7990000247955322,0.8019999861717224,0.7739999890327454,0.7739999890327454,223801696.0,175333120.0,479692.4375
2025-01-02,0.7739999890327454,0.7820000052452087,0.7480000257492065,0.7559999823570251,197331600.0,152018128.0,479692.4375
2025-01-03,0.7549999952316284,0.7649999856948853,0.7269999980926514,0.7279999852180481,333882912.0,246882736.0,479692.4375
2025-01-06,0.7250000238418579,0.7329999804496765,0.7149999737739563,0.7210000157356262,126059800.0,91329504.0,479692.4375
2025-01-07,0.7210000157356262,0.7350000143051147,0.7200000286102295,0.734000027179718,224788800.0,163132336.0,479692.4375
2025-01-08,0.7279999852180481,0.7419999837875366,0.7139999866485596,0.7360000014305115,211919120.0,154572960.0,479692.4375
2025-01-09,0.7310000061988831,0.7450000047683716,0.7300000190734863,0.7379999756813049,205103392.0,151759344.0,479692.4375
2025-01-10,0.734000027179718,0.7450000047683716,0.7170000076293945,0.7170000076293945,220206592.0,160858368.0,479692.4375
2025-01-13,0.7099999785423279,0.7210000157356262,0.703000009059906,0.7149999737739563,133995296.0,95612544.0,479692.4375
2025-01-14,0.722000002861023,0.7549999952316284,0.7139999866485596,0.7540000081062317,276220096.0,204626112.0,479692.4375
2025-01-15,0.7590000033378601,0.7670000195503235,0.7549999952316284,0.7590000033378601,348068544.0,265062528.0,479692.4375
2025-01-16,0.7609999775886536,0.7789999842643738,0.75,0.7620000243186951,415413920.0,316685088.0,479692.4375
2025-01-17,0.7540000081062317,0.7609999775886536,0.746999979019165,0.7549999952316284,266755504.0,201345280.0,479692.4375
2025-01-20,0.7599999904632568,0.7670000195503235,0.753000020980835,0.7570000290870667,229248016.0,174293408.0,479692.4375
2025-01-21,0.7599999904632568,0.7630000114440918,0.7459999918937683,0.7599999904632568,306310688.0,231472880.0,479692.4375
2025-01-22,0.7549999952316284,0.7549999952316284,0.7429999709129333,0.75,203026592.0,151790656.0,479692.4375
2025-01-23,0.7580000162124634,0.7720000147819519,0.753000020980835,0.7549999952316284,300467104.0,229524448.0,479692.4375
2025-01-24,0.75,0.7710000276565552,0.746999979019165,0.7699999809265137,198369200.0,151226832.0,479692.4375
2025-01-27,0.7870000004768372,0.7929999828338623,0.7710000276565552,0.7720000147819519,514907392.0,400032512.0,479692.4375
2025-02-05,0.7929999828338623,0.8050000071525574,0.7839999794960022,0.8050000071525574,460339200.0,365891904.0,479692.4375
2025-02-06,0.8019999861717224,0.8270000219345093,0.796999990940094,0.8220000267028809,332445888.0,270866304.0,479692.4375
2025-02-07,0.8199999928474426,0.8420000076293945,0.8169999718666077,0.8309999704360962,506981088.0,420454336.0,479692.4375
2025-02-10,0.8339999914169312,0.8610000014305115,0.8289999961853027,0.859000027179718,438667488.0,371655680.0,479692.4375
2025-02-11,0.8610000014305115,0.8730000257492065,0.8500000238418579,0.8659999966621399,510319488.0,439553184.0,479692.4375
2025-02-12,0.8610000014305115,0.8899999856948853,0.8610000014305115,0.8880000114440918,334810400.0,295076768.0,479692.4375
2025-02-13,0.8930000066757202,0.9139999747276306,0.878000020980835,0.8970000147819519,280153504.0,250895936.0,479692.4375
2025-02-14,0.8999999761581421,0.9169999957084656,0.8799999952316284,0.9139999747276306,313745696.0,282225664.0,479692.4375
2025-02-17,0.9259999990463257,0.9359999895095825,0.8930000066757202,0.9010000228881836,329706464.0,300658464.0,479692.4375
2025-02-18,0.8949999809265137,0.902999997138977,0.8579999804496765,0.8619999885559082,357936896.0,314941440.0,479692.4375
2025-02-19,0.859000027179718,0.8759999871253967,0.8569999933242798,0.8740000128746033,234653600.0,203659584.0,479692.4375
2025-02-20,0.871999979019165,0.8790000081062317,0.8610000014305115,0.8650000095367432,149497680.0,129693120.0,479692.4375
2025-02-21,0.8650000095367432,0.8949999809265137,0.8569999933242798,0.890999972820282,388898304.0,341874944.0,479692.4375
2025-02-24,0.8849999904632568,0.8920000195503235,0.875,0.8830000162124634,197766592.0,174884464.0,479692.4375
2025-02-25,0.8679999709129333,0.8700000047683716,0.8510000109672546,0.8550000190734863,190166400.0,163756192.0,479692.4375
2025-02-26,0.859000027179718,0.8659999966621399,0.8510000109672546,0.859000027179718,226477408.0,194005536.0,479692.4375
2025-02-27,0.8550000190734863,0.8640000224113464,0.8379999995231628,0.8539999723434448,201183104.0,171263120.0,479692.4375
2025-02-28,0.8460000157356262,0.8460000157356262,0.8130000233650208,0.8149999976158142,184161392.0,153021984.0,479692.4375
2025-03-03,0.8180000185966492,0.8379999995231628,0.8100000023841858,0.8259999752044678,148321600.0,122717168.0,479692.4375
2025-03-04,0.8199999928474426,0.8320000171661377,0.8169999718666077,0.8320000171661377,141087008.0,116805288.0,479692.4375
2025-03-05,0.8309999704360962,0.8429999947547913,0.8209999799728394,0.8399999737739563,188288000.0,155959104.0,479692.4375
2025-03-06,0.8450000286102295,0.8960000276565552,0.843999981880188,0.8820000290870667,314409600.0,272871808.0,479692.4375
2025-03-07,0.8859999775886536,0.890999972820282,0.8629999756813049,0.871999979019165,247588608.0,216914464.0,479692.4375
2025-03-10,0.8679999709129333,0.8679999709129333,0.8529999852180481,0.8569999933242798,160973792.0,137944912.0,479692.4375
2025-03-11,0.8410000205039978,0.8669999837875366,0.8220000267028809,0.8659999966621399,165376000.0,141428128.0,479692.4375
2025-03-12,0.8679999709129333,0.8880000114440918,0.8679999709129333,0.8759999871253967,203213296.0,178546960.0,479692.4375
2025-03-13,0.8709999918937683,0.8730000257492065,0.8500000238418579,0.8569999933242798,167199104.0,143394368.0,479692.4375
2025-03-14,0.8550000190734863,0.8809999823570251,0.8529999852180481,0.875,299804992.0,259736352.0,479692.4375
2025-03-17,0.8830000162124634,0.8859999775886536,0.7879999876022339,0.8740000128746033,195779296.0,169763664.0,479692.4375
2025-03-18,0.8730000257492065,0.8830000162124634,0.8690000176429749,0.8769999742507935,88595400.0,77676760.0,479692.4375
2025-03-19,0.8759999871253967,0.8759999871253967,0.8600000143051147,0.8640000224113464,100275400.0,86723992.0,479692.4375
2025-03-20,0.8650000095367432,0.8650000095367432,0.8519999980926514,0.8529999852180481,147653104.0,126786120.0,479692.4375
2025-03-21,0.8500000238418579,0.8539999723434448,0.8360000252723694,0.8379999995231628,122018600.0,103055952.0,479692.4375
2025-03-24,0.8379999995231628,0.8420000076293945,0.8209999799728394,0.8379999995231628,151992896.0,126433904.0,479692.4375
2025-03-25,0.8349999785423279,0.8360000252723694,0.8199999928474426,0.8220000267028809,157749408.0,130089384.0,479692.4375
2025-03-26,0.8209999799728394,0.828000009059906,0.8199999928474426,0.8230000138282776,102593400.0,84540136.0,479692.4375
2025-03-27,0.8230000138282776,0.8289999961853027,0.8119999766349792,0.8230000138282776,115101104.0,94622624.0,479692.4375
2025-03-28,0.8220000267028809,0.8320000171661377,0.8209999799728394,0.8270000219345093,165261600.0,136779392.0,479692.4375
2025-03-31,0.8199999928474426,0.8199999928474426,0.8019999861717224,0.8140000104904175,145983104.0,118335384.0,479692.4375
2025-04-01,0.8140000104904175,0.824999988079071,0.8119999766349792,0.8119999766349792,213243200.0,174425088.0,479692.4375
2025-04-02,0.8119999766349792,0.824999988079071,0.8109999895095825,0.8180000185966492,106839200.0,87489848.0,479692.4375
2025-04-03,0.8119999766349792,0.8220000267028809,0.8080000281333923,0.8169999718666077,134506800.0,109983440.0,479692.4375
2025-04-07,0.7879999876022339,0.7929999828338623,0.7350000143051147,0.7350000143051147,199791200.0,151874832.0,479692.4375
2025-04-08,0.7279999852180481,0.7440000176429749,0.7160000205039978,0.7310000061988831,136827600.0,99774048.0,479692.4375
2025-04-09,0.718999981880188,0.7559999823570251,0.6940000057220459,0.75,188328496.0,135355904.0,479692.4375
2025-04-10,0.7599999904632568,0.7820000052452087,0.7599999904632568,0.7730000019073486,172675104.0,133783064.0,479692.4375
2025-04-11,0.7710000276565552,0.777999997138977,0.7639999985694885,0.7699999809265137,151678496.0,117145704.0,479692.4375
2025-04-14,0.7739999890327454,0.7839999794960022,0.7739999890327454,0.777999997138977,187375296.0,146168224.0,479692.4375
2025-04-15,0.7799999713897705,0.7870000004768372,0.7730000019073486,0.7820000052452087,103588496.0,80595664.0,479692.4375
2025-04-16,0.7799999713897705,0.7879999876022339,0.7699999809265137,0.7789999842643738,161864320.0,126349816.0,479692.4375
2025-04-17,0.7699999809265137,0.7820000052452087,0.7689999938011169,0.7749999761581421,71536808.0,55598296.0,479692.4375
2025-04-18,0.7749999761581421,0.7829999923706055,0.7699999809265137,0.7829999923706055,86079400.0,66887288.0,479692.4375
2025-04-21,0.777999997138977,0.800000011920929,0.7739999890327454,0.7990000247955322,132622200.0,105265576.0,479692.4375
2025-04-22,0.7990000247955322,0.8009999990463257,0.7870000004768372,0.7900000214576721,142338096.0,112829696.0,479692.4375
2025-04-23,0.7950000166893005,0.7979999780654907,0.7850000262260437,0.7870000004768372,98340496.0,77700136.0,479692.4375
2025-04-24,0.7879999876022339,0.7889999747276306,0.7710000276565552,0.7739999890327454,101336000.0,78707256.0,479692.4375
2025-04-25,0.7749999761581421,0.7850000262260437,0.7739999890327454,0.7770000100135803,96262704.0,74935808.0,479692.4375
2025-04-28,0.7770000100135803,0.7850000262260437,0.7710000276565552,0.7770000100135803,93410096.0,72671232.0,479692.4375
2025-04-29,0.7739999890327454,0.7900000214576721,0.7730000019073486,0.7870000004768372,95322424.0,75001320.0,479692.4375
2025-04-30,0.7860000133514404,0.8009999990463257,0.7860000133514404,0.7960000038146973,94128496.0,74986800.0,479692.4375
2025-05-06,0.7990000247955322,0.8199999928474426,0.7940000295639038,0.8190000057220459,216063600.0,174609312.0,479692.4375
2025-05-07,0.828000009059906,0.8349999785423279,0.8069999814033508,0.8130000233650208,168398208.0,138026176.0,479692.4375
2025-05-08,0.8100000023841858,0.8209999799728394,0.8090000152587891,0.8169999718666077,85882560.0,70077240.0,479692.4375
2025-05-09,0.8169999718666077,0.8169999718666077,0.7990000247955322,0.8009999990463257,171493200.0,137715184.0,479692.4375
2025-05-12,0.8090000152587891,0.8100000023841858,0.8029999732971191,0.8090000152587891,56606320.0,45682112.0,479692.4375
2025-05-13,0.8149999976158142,0.8169999718666077,0.8050000071525574,0.8059999942779541,111152896.0,89890416.0,479692.4375
2025-05-14,0.8050000071525574,0.8159999847412109,0.8019999861717224,0.8109999895095825,108451656.0,87531896.0,479692.4375
2025-05-15,0.8090000152587891,0.8090000152587891,0.7910000085830688,0.7919999957084656,87408720.0,69540488.0,479692.4375
2025-05-16,0.7900000214576721,0.7960000038146973,0.7900000214576721,0.7919999957084656,77739872.0,61588808.0,479692.4375
2025-05-19,0.7919999957084656,0.7940000295639038,0.7799999713897705,0.7940000295639038,77144976.0,60760860.0,479692.4375
2025-05-20,0.7910000085830688,0.8090000152587891,0.7860000133514404,0.8050000071525574,86351568.0,69092304.0,479692.4375
2025-05-21,0.8040000200271606,0.8040000200271606,0.7979999780654907,0.7990000247955322,80403928.0,64322000.0,479692.4375
2025-05-22,0.7960000038146973,0.8080000281333923,0.7929999828338623,0.8029999732971191,109522248.0,87860792.0,479692.4375
2025-05-23,0.8009999990463257,0.8029999732971191,0.7879999876022339,0.7879999876022339,130709272.0,104084584.0,479692.4375
2025-05-26,0.7879999876022339,0.8050000071525574,0.7879999876022339,0.8029999732971191,109483800.0,87535232.0,479692.4375
2025-05-27,0.7979999780654907,0.8009999990463257,0.7919999957084656,0.7960000038146973,81033800.0,64473916.0,479692.4375
2025-05-28,0.7940000295639038,0.796999990940094,0.7879999876022339,0.7960000038146973,63007800.0,49911104.0,479692.4375
2025-05-29,0.7940000295639038,0.8080000281333923,0.7910000085830688,0.8080000281333923,116172600.0,93235832.0,479692.4375
2025-05-30,0.8050000071525574,0.8100000023841858,0.796999990940094,0.7990000247955322,70180192.0,56357552.0,479692.4375
2025-06-03,0.7950000166893005,0.8220000267028809,0.7929999828338623,0.8109999895095825,139663104.0,113375480.0,479692.4375
2025-06-04,0.8059999942779541,0.8169999718666077,0.8059999942779541,0.8140000104904175,98904896.0,80426784.0,479692.4375
2025-06-05,0.8140000104904175,0.8270000219345093,0.8130000233650208,0.824999988079071,116931256.0,95970632.0,479692.4375
2025-06-06,0.8240000009536743,0.8270000219345093,0.8159999847412109,0.8190000057220459,141410064.0,115949824.0,479692.4375
2025-06-09,0.8199999928474426,0.8299999833106995,0.8180000185966492,0.8259999752044678,68288888.0,56372940.0,479692.4375
2025-06-10,0.8259999752044678,0.828000009059906,0.8080000281333923,0.8230000138282776,112517072.0,92106040.0,479692.4375
2025-06-11,0.8209999799728394,0.8349999785423279,0.8199999928474426,0.8320000171661377,122137744.0,101171064.0,479692.4375
2025-06-12,0.8289999961853027,0.8479999899864197,0.8270000219345093,0.8420000076293945,119311488.0,100425552.0,479692.4375
2025-06-13,0.8370000123977661,0.8379999995231628,0.8199999928474426,0.8230000138282776,179533616.0,148151936.0,479692.4375
2025-06-16,0.8199999928474426,0.8500000238418579,0.8199999928474426,0.843999981880188,122540800.0,102872512.0,479692.4375
2025-06-17,0.8450000286102295,0.847000002861023,0.8309999704360962,0.8349999785423279,91765904.0,76863128.0,479692.4375
2025-06-18,0.8330000042915344,0.8370000123977661,0.8230000138282776,0.8270000219345093,94182944.0,77999784.0,479692.4375
2025-06-19,0.8259999752044678,0.8349999785423279,0.8180000185966492,0.8220000267028809,80396896.0,66439552.0,479692.4375
2025-06-20,0.8240000009536743,0.8270000219345093,0.8080000281333923,0.8080000281333923,224473600.0,182666288.0,479692.4375
2025-06-23,0.8029999732971191,0.8149999976158142,0.8009999990463257,0.8130000233650208,70988224.0,57491864.0,479692.4375
2025-06-24,0.8149999976158142,0.8320000171661377,0.8149999976158142,0.828000009059906,138546256.0,114583288.0,479692.4375
2025-06-25,0.8299999833106995,0.8399999737739563,0.8230000138282776,0.8379999995231628,106021280.0,87949728.0,479692.4375
2025-06-26,0.8379999995231628,0.8429999947547913,0.8289999961853027,0.8370000123977661,96858320.0,81104984.0,479692.4375
2025-06-27,0.8370000123977661,0.8410000205039978,0.828000009059906,0.8349999785423279,104534768.0,87281176.0,479692.4375
2025-06-30,0.8349999785423279,0.859000027179718,0.8349999785423279,0.859000027179718,197790640.0,168386896.0,479692.4375
2025-07-01,0.8569999933242798,0.8600000143051147,0.8489999771118164,0.8529999852180481,110286304.0,94089648.0,479692.4375
2025-07-02,0.8529999852180481,0.8529999852180481,0.8410000205039978,0.8450000286102295,76589504.0,64832148.0,479692.4375
2025-07-03,0.8450000286102295,0.8519999980926514,0.8379999995231628,0.8460000157356262,91893736.0,77574288.0,479692.4375
2025-07-04,0.843999981880188,0.8600000143051147,0.8420000076293945,0.8539999723434448,114978904.0,97887512.0,479692.4375
2025-07-07,0.8529999852180481,0.8619999885559082,0.8500000238418579,0.8550000190734863,72740200.0,62301968.0,479692.4375
2025-07-08,0.8560000061988831,0.8709999918937683,0.8539999723434448,0.8690000176429749,123716800.0,107010184.0,479692.4375
2025-07-09,0.8690000176429749,0.8840000033378601,0.8669999837875366,0.8790000081062317,129428304.0,113395632.0,479692.4375
2025-07-10,0.8769999742507935,0.8809999823570251,0.8679999709129333,0.878000020980835,87746096.0,76847832.0,479692.4375
2025-07-11,0.878000020980835,0.8809999823570251,0.8690000176429749,0.878000020980835,112232496.0,98211728.0,479692.4375
2025-07-14,0.8769999742507935,0.8769999742507935,0.8579999804496765,0.8629999756813049,99834936.0,86187512.0,479692.4375
2025-07-15,0.8629999756813049,0.8700000047683716,0.8579999804496765,0.8659999966621399,99630336.0,86044984.0,479692.4375
2025-07-16,0.8640000224113464,0.878000020980835,0.8619999885559082,0.8659999966621399,87754800.0,76528192.0,479692.4375
2025-07-17,0.8629999756813049,0.875,0.8610000014305115,0.8740000128746033,96891504.0,84092000.0,479692.4375
2025-07-18,0.8740000128746033,0.8769999742507935,0.8629999756813049,0.8659999966621399,100688800.0,87518944.0,479692.4375
2025-07-21,0.8669999837875366,0.8730000257492065,0.8640000224113464,0.871999979019165,154113504.0,133789608.0,479692.4375
2025-07-22,0.8700000047683716,0.8730000257492065,0.8600000143051147,0.8659999966621399,115721592.0,100029544.0,479692.4375
2025-07-23,0.8640000224113464,0.8690000176429749,0.8619999885559082,0.8650000095367432,96132000.0,83206840.0,479692.4375
2025-07-24,0.8650000095367432,0.8769999742507935,0.8619999885559082,0.875,88346200.0,76776688.0,479692.4375
2025-07-25,0.875,0.8799999952316284,0.8700000047683716,0.878000020980835,175046880.0,153323792.0,479692.4375
2025-07-28,0.8799999952316284,0.8830000162124634,0.8730000257492065,0.8769999742507935,150816000.0,132515792.0,479692.4375
2025-07-29,0.8769999742507935,0.8809999823570251,0.8650000095367432,0.8799999952316284,266757408.0,232180528.0,479692.4375
2025-07-30,0.878000020980835,0.8920000195503235,0.8730000257492065,0.8840000033378601,196412160.0,173418816.0,479692.4375
2025-07-31,0.8849999904632568,0.8880000114440918,0.8730000257492065,0.878000020980835,104431104.0,91940976.0,479692.4375
2025-08-01,0.878000020980835,0.8880000114440918,0.8650000095367432,0.8870000243186951,125479000.0,110188304.0,479692.4375
2025-08-04,0.8840000033378601,0.8999999761581421,0.8799999952316284,0.8999999761581421,113647296.0,101297968.0,479692.4375
2025-08-05,0.8989999890327454,0.9079999923706055,0.8949999809265137,0.9039999842643738,151458096.0,136515824.0,479692.4375
2025-08-06,0.902999997138977,0.9089999794960022,0.8980000019073486,0.9070000052452087,198089104.0,178783232.0,479692.4375
2025-08-07,0.9079999923706055,0.9089999794960022,0.9010000228881836,0.9089999794960022,134513600.0,121782720.0,479692.4375
2025-08-08,0.9070000052452087,0.9120000004768372,0.8989999890327454,0.8989999890327454,168802656.0,152780256.0,479692.4375
2025-08-11,0.8970000147819519,0.9120000004768372,0.8960000276565552,0.9079999923706055,85471800.0,77498384.0,479692.4375
2025-08-12,0.9079999923706055,0.9150000214576721,0.906000018119812,0.9089999794960022,68405480.0,62237780.0,479692.4375
2025-08-13,0.9089999794960022,0.9229999780654907,0.906000018119812,0.9169999957084656,80187104.0,73347944.0,479692.4375
2025-08-14,0.9160000085830688,0.925000011920929,0.906000018119812,0.9089999794960022,100361856.0,92029712.0,479692.4375
2025-08-15,0.9079999923706055,0.9150000214576721,0.9010000228881836,0.9150000214576721,120991504.0,109842392.0,479692.4375
2025-08-18,0.9160000085830688,0.9449999928474426,0.9150000214576721,0.9350000023841858,152228448.0,142236288.0,479692.4375
2025-08-19,0.9369999766349792,0.9480000138282776,0.9319999814033508,0.9399999976158142,154670704.0,145614512.0,479692.4375
2025-08-20,0.9390000104904175,0.953000009059906,0.9340000152587891,0.9520000219345093,138915408.0,131110600.0,479692.4375
2025-08-21,0.949999988079071,0.9570000171661377,0.9399999976158142,0.949999988079071,99230888.0,94074256.0,479692.4375
2025-08-22,0.9490000009536743,0.9760000109672546,0.9480000138282776,0.9760000109672546,100347992.0,96848232.0,479692.4375
2025-08-25,0.9850000143051147,0.9919999837875366,0.9679999947547913,0.9900000095367432,363724128.0,356747104.0,479692.4375
2025-08-26,0.9819999933242798,1.0119999647140503,0.9810000061988831,1.0049999952316284,129484704.0,129797080.0,479692.4375
2025-08-27,1.0080000162124634,1.0169999599456787,0.9819999933242798,0.9829999804496765,162732000.0,163369504.0,479692.4375
2025-08-28,0.9819999933242798,0.9990000128746033,0.968999981880188,0.996999979019165,177571328.0,174614480.0,479692.4375
2025-08-29,0.9980000257492065,1.0069999694824219,0.9940000176429749,1.0,116807696.0,116803728.0,479692.4375
2025-09-01,1.0019999742507935,1.0169999599456787,0.9909999966621399,1.0130000114440918,126916800.0,127682080.0,479692.4375
2025-09-02,1.0099999904632568,1.0119999647140503,0.9810000061988831,0.9879999756813049,134907520.0,134110016.0,479692.4375
2025-09-03,0.9869999885559082,1.0160000324249268,0.984000027179718,0.9919999837875366,114511232.0,114854120.0,479692.4375
2025-09-04,0.984000027179718,0.9929999709129333,0.9509999752044678,0.9620000123977661,133357832.0,129799232.0,479692.4375
2025-09-05,0.9620000123977661,0.996999979019165,0.9509999752044678,0.9959999918937683,164204704.0,160589984.0,479692.4375
2025-09-08,0.9900000095367432,1.0160000324249268,0.9850000143051147,1.0149999856948853,168524704.0,168711424.0,479692.4375
2025-09-09,1.0110000371932983,1.0199999809265137,0.9929999709129333,1.003000020980835,101926808.0,102345936.0,479692.4375
2025-09-10,0.996999979019165,1.027999997138977,0.9919999837875366,1.0230000019073486,119429904.0,121163536.0,479692.4375
2025-09-11,1.0210000276565552,1.034999966621399,0.9950000047683716,1.034000039100647,132733200.0,134850560.0,479692.4375
2025-09-12,1.034000039100647,1.0399999618530273,1.0219999551773071,1.0260000228881836,69285104.0,71419240.0,479692.4375
2025-09-15,1.0230000019073486,1.0499999523162842,1.0210000276565552,1.0479999780654907,82450072.0,85724528.0,479692.4375
2025-09-16,1.0479999780654907,1.062999963760376,1.0449999570846558,1.055999994277954,119764888.0,126435480.0,479692.4375
2025-09-17,1.0499999523162842,1.0670000314712524,1.0460000038146973,1.0640000104904175,110722848.0,116812392.0,479692.4375
2025-09-18,1.062000036239624,1.0750000476837158,1.031999945640564,1.0460000038146973,136750832.0,144389408.0,479692.4375
2025-09-19,1.0420000553131104,1.0609999895095825,1.0379999876022339,1.0540000200271606,92714080.0,97328016.0,479692.4375
2025-09-22,1.0509999990463257,1.0509999990463257,1.034999966621399,1.0449999570846558,136238000.0,141972880.0,479692.4375
2025-09-23,1.0449999570846558,1.0460000038146973,1.0130000114440918,1.0329999923706055,122274240.0,125628792.0,479692.4375
2025-09-24,1.024999976158142,1.0609999895095825,1.0219999551773071,1.0570000410079956,105305240.0,110380688.0,479692.4375
2025-09-25,1.0570000410079956,1.093000054359436,1.0570000410079956,1.0839999914169312,107662848.0,116465344.0,479692.4375
2025-09-26,1.0809999704360962,1.0820000171661377,1.0449999570846558,1.0460000038146973,88088496.0,93078888.0,479692.4375
2025-09-29,1.0379999876022339,1.0549999475479126,1.0360000133514404,1.0529999732971191,58715464.0,61460456.0,479692.4375
2025-09-30,1.055999994277954,1.0609999895095825,1.0499999523162842,1.0570000410079956,62094348.0,65521832.0,479692.4375
2025-10-09,1.059000015258789,1.062999963760376,1.034000039100647,1.0460000038146973,187167488.0,195120768.0,479692.4375
2025-10-10,1.034000039100647,1.0369999408721924,1.0069999694824219,1.0119999647140503,96067936.0,97993008.0,479692.4375
2025-10-13,0.9729999899864197,1.0,0.972000002861023,0.9940000176429749,183097248.0,181246256.0,479692.4375
2025-10-14,0.9950000047683716,1.0080000162124634,0.972000002861023,0.9769999980926514,220656672.0,218509152.0,479692.4375
2025-10-15,0.9769999980926514,0.9850000143051147,0.9620000123977661,0.984000027179718,240290688.0,235258576.0,479692.4375
2025-10-16,0.9800000190734863,0.9800000190734863,0.9620000123977661,0.9649999737739563,138554016.0,134167976.0,479692.4375
2025-10-17,0.9620000123977661,0.972000002861023,0.9390000104904175,0.9409999847412109,92662008.0,88083984.0,479692.4375
2025-10-20,0.949999988079071,0.9660000205039978,0.9490000009536743,0.9570000171661377,58059268.0,55491468.0,479692.4375
2025-10-21,0.9549999833106995,0.9679999947547913,0.9539999961853027,0.9679999947547913,61570600.0,59237692.0,479692.4375
2025-10-22,0.9660000205039978,0.9750000238418579,0.9610000252723694,0.9639999866485596,67190600.0,65043240.0,479692.4375
2025-10-23,0.9660000205039978,0.9710000157356262,0.9520000219345093,0.9700000286102295,55787268.0,53475876.0,479692.4375
2025-10-24,0.9679999947547913,0.9760000109672546,0.9639999866485596,0.9750000238418579,62250900.0,60413880.0,479692.4375
2025-10-27,0.9800000190734863,0.9850000143051147,0.9670000076293945,0.9750000238418579,107859400.0,104982832.0,479692.4375
2025-10-28,0.9750000238418579,0.9779999852180481,0.9649999737739563,0.9710000157356262,69041296.0,67084532.0,479692.4375
2025-10-29,0.9710000157356262,0.9879999756813049,0.9700000286102295,0.9879999756813049,73195992.0,71775816.0,479692.4375
2025-10-30,0.9869999885559082,0.9909999966621399,0.968999981880188,0.972000002861023,125856000.0,122694720.0,479692.4375
2025-10-31,0.9700000286102295,1.0049999952316284,0.9700000286102295,0.9929999709129333,229162000.0,227338752.0,479692.4375
2025-11-03,1.0,1.0210000276565552,1.0,1.0210000276565552,224724896.0,227605488.0,479692.4375
2025-11-04,1.0199999809265137,1.0199999809265137,0.9980000257492065,1.0089999437332153,250004000.0,252488496.0,479692.4375
2025-11-05,0.9909999966621399,1.0099999904632568,0.9890000224113464,1.0069999694824219,154208784.0,154140000.0,479692.4375
2025-11-06,1.0049999952316284,1.0049999952316284,0.9869999885559082,0.9950000047683716,152635872.0,151678096.0,479692.4375
2025-11-07,0.9879999756813049,0.9919999837875366,0.9819999933242798,0.984000027179718,92287600.0,91047520.0,479692.4375
2025-11-10,0.9850000143051147,0.9929999709129333,0.9829999804496765,0.9909999966621399,91083296.0,90062896.0,479692.4375
2025-11-11,0.9909999966621399,0.9919999837875366,0.9789999723434448,0.9800000190734863,94065696.0,92540320.0,479692.4375
2025-11-12,0.9769999980926514,0.9869999885559082,0.9670000076293945,0.9739999771118164,76203056.0,74423360.0,479692.4375
2025-11-13,0.9679999947547913,0.9800000190734863,0.9679999947547913,0.9789999723434448,102259936.0,99665560.0,479692.4375
2025-11-14,0.9750000238418579,0.9750000238418579,0.9580000042915344,0.9599999785423279,96600600.0,93404912.0,479692.4375
2025-11-17,0.9580000042915344,0.9729999899864197,0.953000009059906,0.9679999947547913,63125100.0,60889228.0,479692.4375
2025-11-18,0.9679999947547913,0.996999979019165,0.9649999737739563,0.9909999966621399,161237072.0,159034912.0,479692.4375
2025-11-19,0.9919999837875366,0.9919999837875366,0.9649999737739563,0.9700000286102295,182363952.0,177598976.0,479692.4375
2025-11-20,0.9729999899864197,0.9760000109672546,0.9559999704360962,0.9570000171661377,71812936.0,69295688.0,479692.4375
2025-11-21,0.9480000138282776,0.9729999899864197,0.9449999928474426,0.9580000042915344,125234656.0,120083200.0,479692.4375
2025-11-24,0.9639999866485596,1.0,0.9490000009536743,0.9900000095367432,260087840.0,255654352.0,479692.4375
2025-11-25,0.9940000176429749,1.0210000276565552,0.9909999966621399,1.0110000371932983,392012288.0,397403264.0,479692.4375
2025-11-26,1.0089999437332153,1.0190000534057617,0.9980000257492065,1.0010000467300415,217095104.0,218592800.0,479692.4375
2025-11-27,0.996999979019165,1.0110000371932983,0.9850000143051147,0.9890000224113464,247828112.0,246468944.0,479692.4375
2025-11-28,0.9819999933242798,0.9990000128746033,0.9819999933242798,0.9909999966621399,144894160.0,143185088.0,479692.4375
2025-12-01,0.9940000176429749,1.0010000467300415,0.9879999756813049,1.0,119735656.0,119245808.0,479692.4375
2025-12-02,0.9990000128746033,0.9990000128746033,0.9760000109672546,0.9769999980926514,109881712.0,107848920.0,479692.4375
2025-12-03,0.9750000238418579,0.9789999723434448,0.9520000219345093,0.9549999833106995,164182096.0,157682048.0,479692.4375
2025-12-04,0.9509999752044678,0.9589999914169312,0.9470000267028809,0.953000009059906,99116216.0,94400960.0,479692.4375
2025-12-05,0.9509999752044678,0.9610000252723694,0.9449999928474426,0.9610000252723694,97137792.0,92726888.0,479692.4375
2025-12-08,0.9629999995231628,0.9729999899864197,0.9610000252723694,0.9679999947547913,99614600.0,96353744.0,479692.4375
2025-12-09,0.9660000205039978,0.9729999899864197,0.9570000171661377,0.9599999785423279,96175696.0,92638360.0,479692.4375
2025-12-10,0.9580000042915344,0.968999981880188,0.949999988079071,0.968999981880188,65322700.0,62839532.0,479692.4375
2025-12-11,0.968999981880188,0.968999981880188,0.9509999752044678,0.9509999752044678,70283696.0,67353408.0,479692.4375
2025-12-12,0.9509999752044678,0.9639999866485596,0.9480000138282776,0.9610000252723694,60697500.0,58018180.0,479692.4375
2025-12-15,0.9559999704360962,0.9660000205039978,0.9459999799728394,0.9480000138282776,62278224.0,59336412.0,479692.4375
2025-12-16,0.9430000185966492,0.9449999928474426,0.9210000038146973,0.9240000247955322,116058048.0,107997080.0,479692.4375
2025-12-17,0.9229999780654907,0.9480000138282776,0.921999990940094,0.9459999799728394,159705216.0,149556720.0,479692.4375
2025-12-18,0.9440000057220459,0.9660000205039978,0.9399999976158142,0.9509999752044678,74824704.0,71430480.0,479692.4375
2025-12-19,0.9509999752044678,0.9660000205039978,0.9470000267028809,0.9620000123977661,88909000.0,84887088.0,479692.4375
2025-12-22,0.9629999995231628,0.9649999737739563,0.9549999833106995,0.9589999914169312,60901900.0,58405492.0,479692.4375
2025-12-23,0.9610000252723694,0.9649999737739563,0.9520000219345093,0.9599999785423279,76521904.0,73275408.0,479692.4375
2025-12-24,0.9559999704360962,0.9629999995231628,0.9480000138282776,0.9620000123977661,65790732.0,62843188.0,479692.4375
2025-12-25,0.9599999785423279,0.9679999947547913,0.9570000171661377,0.9660000205039978,53749112.0,51746172.0,479692.4375
2025-12-26,0.9629999995231628,0.972000002861023,0.9580000042915344,0.9670000076293945,95326304.0,92083904.0,479692.4375
2025-12-29,0.9629999995231628,0.9700000286102295,0.9599999785423279,0.9620000123977661,93601696.0,90381872.0,479692.4375
2025-12-30,0.9649999737739563,0.9800000190734863,0.9639999866485596,0.972000002861023,85534376.0,83205344.0,479692.4375
2025-12-31,0.972000002861023,1.0049999952316284,0.9700000286102295,0.9980000257492065,247102352.0,245374560.0,479692.4375
2026-01-05,1.00600004196167,1.0479999780654907,1.00600004196167,1.0429999828338623,224119344.0,230771264.0,479692.4375
2026-01-06,1.0429999828338623,1.069000005722046,1.0399999618530273,1.065000057220459,270671776.0,285987968.0,479692.4375
2026-01-07,1.062999963760376,1.0889999866485596,1.0609999895095825,1.0720000267028809,195735808.0,210522496.0,479692.4375
2026-01-08,1.065000057220459,1.1069999933242798,1.059999942779541,1.093000054359436,230740144.0,250280208.0,479692.4375
2026-01-09,1.090999960899353,1.1670000553131104,1.090999960899353,1.1660000085830688,688229952.0,788281664.0,479692.4375
2026-01-12,1.218000054359436,1.2829999923706055,1.2020000219345093,1.2829999923706055,2237636864.0,2806067200.0,479692.4375
2026-01-13,1.350000023841858,1.3899999856948853,1.2690000534057617,1.2890000343322754,4498181120.0,5942588928.0,479692.4375
2026-01-14,1.2640000581741333,1.3700000047683716,1.2640000581741333,1.3220000267028809,3297318912.0,4374626816.0,479692.4375
2026-01-15,1.284000039100647,1.2979999780654907,1.2400000095367432,1.2589999437332153,2445230080.0,3096116992.0,479692.4375
2026-01-16,1.2300000190734863,1.2450000047683716,1.1779999732971191,1.1890000104904175,1926430720.0,2316668160.0,479692.4375
2026-01-19,1.1690000295639038,1.2000000476837158,1.1679999828338623,1.184999942779541,985293376.0,1170414592.0,479692.4375
2026-01-20,1.1979999542236328,1.2089999914169312,1.1699999570846558,1.1799999475479126,1087631360.0,1289145600.0,479692.4375
2026-01-21,1.1640000343322754,1.1929999589920044,1.156000018119812,1.1790000200271606,524321728.0,615595648.0,479692.4375
2026-01-22,1.1699999570846558,1.190999984741211,1.1660000085830688,1.180999994277954,482640288.0,568569344.0,479692.4375
2026-01-23,1.1920000314712524,1.225000023841858,1.1759999990463257,1.2209999561309814,1231766656.0,1487449600.0,479692.4375
2026-01-26,1.222000002861023,1.2239999771118164,1.1629999876022339,1.1859999895095825,1035068864.0,1230859520.0,479692.4375
2026-01-27,1.184000015258789,1.2020000219345093,1.1699999570846558,1.2000000476837158,726379328.0,862249600.0,479692.4375
2026-01-28,1.2000000476837158,1.2059999704360962,1.1770000457763672,1.1790000200271606,590345984.0,703863232.0,479692.4375
2026-01-29,1.1660000085830688,1.2649999856948853,1.1579999923706055,1.2319999933242798,1409459968.0,1733276416.0,479692.4375
2026-01-30,1.215999960899353,1.2369999885559082,1.2009999752044678,1.218999981880188,899991040.0,1096752128.0,479692.4375
2026-02-02,1.2079999446868896,1.2300000190734863,1.1820000410079956,1.184000015258789,880303040.0,1065112384.0,479692.4375
2026-02-03,1.2039999961853027,1.225000023841858,1.187000036239624,1.225000023841858,986258368.0,1196973568.0,479692.4375
2026-02-04,1.2109999656677246,1.2300000190734863,1.1699999570846558,1.184999942779541,852712192.0,1014622656.0,479692.4375
2026-02-05,1.159000039100647,1.194000005722046,1.159000039100647,1.1759999990463257,653573696.0,770830080.0,479692.4375
2026-02-06,1.159999966621399,1.1829999685287476,1.1330000162124634,1.159000039100647,556884416.0,644226880.0,479692.4375
2026-02-09,1.1890000104904175,1.215000033378601,1.1829999685287476,1.2089999914169312,798311872.0,957820544.0,479692.4375
2026-02-10,1.225000023841858,1.284999966621399,1.2139999866485596,1.2640000581741333,1295661824.0,1620665600.0,479692.4375
2026-02-11,1.25,1.2569999694824219,1.2259999513626099,1.2280000448226929,976786432.0,1210005888.0,479692.4375
2026-02-12,1.2120000123977661,1.2450000047683716,1.2029999494552612,1.2350000143051147,769976448.0,941452608.0,479692.4375
2026-02-13,1.2259999513626099,1.2419999837875366,1.2100000381469727,1.2109999656677246,528342784.0,646822016.0,479692.4375
2026-02-24,1.2039999961853027,1.2089999914169312,1.1640000343322754,1.1740000247955322,780382080.0,917524416.0,479692.4375
2026-02-25,1.1729999780654907,1.180999994277954,1.1619999408721924,1.1690000295639038,602742848.0,704423040.0,479692.4375
2026-02-26,1.1720000505447388,1.1740000247955322,1.1519999504089355,1.1549999713897705,458427360.0,531112000.0,479692.4375
2026-02-27,1.1510000228881836,1.1720000505447388,1.1480000019073486,1.1660000085830688,387360608.0,450457888.0,479692.4375
2026-03-02,1.1299999952316284,1.1490000486373901,1.1150000095367432,1.1230000257492065,787283008.0,886914624.0,479692.4375
2026-03-03,1.1230000257492065,1.128999948501587,1.0609999895095825,1.062000036239624,692780864.0,756631232.0,479692.4375
2026-03-04,1.0460000038146973,1.0740000009536743,1.0449999570846558,1.0570000410079956,420726848.0,446866848.0,479692.4375
2026-03-05,1.0809999704360962,1.0839999914169312,1.0640000104904175,1.0750000476837158,617849088.0,662938880.0,479692.4375
2026-03-06,1.0679999589920044,1.0839999914169312,1.0670000314712524,1.0809999704360962,205968096.0,221988544.0,479692.4375
2026-03-09,1.0640000104904175,1.0829999446868896,1.0509999990463257,1.0809999704360962,350819552.0,373653696.0,479692.4375
2026-03-10,1.090000033378601,1.1059999465942383,1.0789999961853027,1.0889999866485596,244241760.0,266045488.0,479692.4375
2026-03-11,1.0850000381469727,1.0920000076293945,1.0750000476837158,1.0809999704360962,315125952.0,341478304.0,479692.4375
2026-03-12,1.0759999752044678,1.0779999494552612,1.0579999685287476,1.062000036239624,258546352.0,275948128.0,479692.4375
2026-03-13,1.059000015258789,1.065000057220459,1.0410000085830688,1.0440000295639038,349568544.0,367066752.0,479692.4375
2026-03-16,1.0360000133514404,1.0520000457763672,1.034000039100647,1.0520000457763672,213475696.0,222943040.0,479692.4375
2026-03-17,1.0520000457763672,1.0640000104904175,1.0379999876022339,1.0399999618530273,257822752.0,270632224.0,479692.4375
2026-03-18,1.0399999618530273,1.0509999990463257,1.0299999713897705,1.0509999990463257,240175296.0,249558144.0,479692.4375
2026-03-19,1.0329999923706055,1.0410000085830688,1.0230000019073486,1.0329999923706055,201870000.0,208193536.0,479692.4375
2026-03-20,1.0299999713897705,1.0390000343322754,1.0,1.0019999742507935,290444096.0,295672992.0,479692.4375
2026-03-23,0.9789999723434448,0.9900000095367432,0.9430000185966492,0.9480000138282776,468063296.0,453749664.0,479692.4375
2026-03-24,0.9620000123977661,0.972000002861023,0.9490000009536743,0.972000002861023,389967104.0,373560736.0,479692.4375
2026-03-25,0.9779999852180481,0.9990000128746033,0.9739999771118164,0.9909999966621399,370954336.0,367445024.0,479692.4375
2026-03-26,0.9890000224113464,0.9959999918937683,0.968999981880188,0.972000002861023,273884352.0,269409120.0,479692.4375
2026-03-27,0.9589999914169312,0.9900000095367432,0.9589999914169312,0.9850000143051147,186517440.0,182963200.0,479692.4375
2026-03-30,0.9670000076293945,0.9860000014305115,0.9620000123977661,0.9850000143051147,268368384.0,261764352.0,479692.4375
2026-03-31,0.9860000014305115,1.0049999952316284,0.9810000061988831,0.9860000014305115,232627904.0,231011408.0,479692.4375
2026-04-01,0.9990000128746033,1.0110000371932983,0.9900000095367432,1.0089999437332153,265586784.0,266053696.0,479692.4375
2026-04-02,1.0,1.003000020980835,0.9729999899864197,0.9789999723434448,195211792.0,192128944.0,479692.4375
2026-04-03,0.9800000190734863,0.9829999804496765,0.9520000219345093,0.9520000219345093,125428896.0,120701688.0,479692.4375
2026-04-07,0.9520000219345093,0.9670000076293945,0.9520000219345093,0.9620000123977661,159879200.0,153564576.0,479692.4375
2026-04-08,0.9879999756813049,1.0399999618530273,0.9869999885559082,1.0390000343322754,467348640.0,476780896.0,479692.4375
2026-04-09,1.0180000066757202,1.0240000486373901,1.0069999694824219,1.0119999647140503,407982336.0,413563680.0,479692.4375
2026-04-10,1.0160000324249268,1.034999966621399,1.0160000324249268,1.0240000486373901,267250992.0,274280064.0,479692.4375
2026-04-13,1.0119999647140503,1.0140000581741333,1.0,1.0049999952316284,239319600.0,240740688.0,479692.4375
2026-04-14,1.0210000276565552,1.0219999551773071,1.0049999952316284,1.0169999599456787,252979168.0,256571408.0,479692.4375
2026-04-15,1.0219999551773071,1.024999976158142,1.0019999742507935,1.00600004196167,172346624.0,174982528.0,479692.4375
2026-04-16,1.0099999904632568,1.031999945640564,1.0089999437332153,1.031999945640564,258960816.0,264972464.0,479692.4375
2026-04-17,1.0219999551773071,1.031999945640564,1.0130000114440918,1.0299999713897705,176504704.0,180640992.0,479692.4375
2026-04-20,1.0299999713897705,1.0579999685287476,1.0260000228881836,1.0490000247955322,363172512.0,380024992.0,479692.4375
2026-04-21,1.0460000038146973,1.0499999523162842,1.0299999713897705,1.0369999408721924,236952768.0,245419312.0,479692.4375
2026-04-22,1.0290000438690186,1.034000039100647,1.0180000066757202,1.034000039100647,206229568.0,211676576.0,479692.4375
2026-04-23,1.034000039100647,1.0410000085830688,1.0210000276565552,1.0260000228881836,218437888.0,225239824.0,479692.4375
2026-04-24,1.0080000162124634,1.0110000371932983,0.9860000014305115,0.9980000257492065,284466400.0,283622528.0,479692.4375
2026-04-27,0.9959999918937683,0.9959999918937683,0.9800000190734863,0.9919999837875366,146159392.0,144671024.0,479692.4375
2026-04-28,0.9850000143051147,0.9909999966621399,0.9729999899864197,0.9760000109672546,159916400.0,156735504.0,479692.4375
2026-04-29,0.9760000109672546,1.0010000467300415,0.9750000238418579,0.9980000257492065,196647296.0,195545808.0,479692.4375
2026-04-30,0.9890000224113464,0.9959999918937683,0.9800000190734863,0.9850000143051147,184177056.0,181467088.0,479692.4375
2026-05-06,0.9900000095367432,1.0180000066757202,0.9879999756813049,1.0110000371932983,301108896.0,303272832.0,479692.4375
2026-05-07,1.0160000324249268,1.0399999618530273,1.0069999694824219,1.0379999876022339,385953248.0,396339392.0,479692.4375
2026-05-08,1.0479999780654907,1.0549999475479126,1.031999945640564,1.0329999923706055,383826432.0,401134016.0,479692.4375
2026-05-11,1.027999997138977,1.0420000553131104,1.0210000276565552,1.0269999504089355,358357728.0,368353632.0,479692.4375
2026-05-12,1.0230000019073486,1.024999976158142,1.003000020980835,1.0069999694824219,293282912.0,296794048.0,479692.4375
2026-05-13,1.0019999742507935,1.024999976158142,0.9990000128746033,1.0240000486373901,208751840.0,211589616.0,479692.4375
2026-05-14,1.031000018119812,1.0379999876022339,0.9769999980926514,0.9789999723434448,406326848.0,405381216.0,479692.4375
2026-05-15,0.9739999771118164,1.0,0.9729999899864197,0.9819999933242798,302083968.0,298501920.0,479692.4375
2026-05-18,0.972000002861023,0.9860000014305115,0.9679999947547913,0.9760000109672546,270013504.0,263112512.0,479692.4375
2026-05-19,0.9789999723434448,1.0069999694824219,0.9739999771118164,0.9980000257492065,326975616.0,325519744.0,479692.4375
2026-05-20,0.9909999966621399,0.9919999837875366,0.9649999737739563,0.968999981880188,270610400.0,263041536.0,479692.4375
2026-05-21,0.9739999771118164,0.9850000143051147,0.9419999718666077,0.9430000185966492,264699744.0,256744384.0,479692.4375
2026-05-22,0.9470000267028809,0.9480000138282776,0.9269999861717224,0.9409999847412109,236984496.0,221823472.0,479692.4375
2026-05-25,0.9449999928474426,0.9539999961853027,0.9229999780654907,0.9319999814033508,235899056.0,220109808.0,479692.4375
2026-05-26,0.925000011920929,0.9259999990463257,0.9070000052452087,0.9210000038146973,240870912.0,220788112.0,479692.4375
2026-05-27,0.9240000247955322,0.9390000104904175,0.9049999713897705,0.9089999794960022,328935712.0,304096352.0,479692.4375
2026-05-28,0.9020000100135803,0.9070000052452087,0.8840000033378601,0.9020000100135803,315965824.0,283486304.0,479692.4375
2026-05-29,0.902999997138977,0.9200000166893005,0.8999999761581421,0.902999997138977,288324768.0,262393168.0,479692.4375
2026-06-01,0.9079999923706055,0.9409999847412109,0.902999997138977,0.9330000281333923,426094240.0,395188544.0,479692.4375
2026-06-02,0.9340000152587891,0.9340000152587891,0.8949999809265137,0.906000018119812,325458080.0,295015584.0,479692.4375
2026-06-03,0.8960000276565552,0.9020000100135803,0.8809999823570251,0.890999972820282,241842304.0,215780512.0,479692.4375
2026-06-04,0.8840000033378601,0.8849999904632568,0.8669999837875366,0.875,191424608.0,167811104.0,479692.4375
2026-06-05,0.8769999742507935,0.8889999985694885,0.8730000257492065,0.8740000128746033,178416800.0,156911856.0,479692.4375
2026-06-08,0.8529999852180481,0.8769999742507935,0.8450000286102295,0.8539999723434448,217010240.0,186940016.0,479692.4375
2026-06-09,0.8610000014305115,0.871999979019165,0.8489999771118164,0.8679999709129333,267995824.0,231535424.0,479692.4375
2026-06-10,0.8600000143051147,0.8709999918937683,0.8479999899864197,0.8529999852180481,179240816.0,153447808.0,479692.4375
2026-06-11,0.8479999899864197,0.8479999899864197,0.8190000057220459,0.8230000138282776,265945248.0,219816320.0,479692.4375
2026-06-12,0.8270000219345093,0.8420000076293945,0.8220000267028809,0.8299999833106995,336314208.0,280048864.0,479692.4375
2026-06-15,0.8339999914169312,0.8489999771118164,0.8289999961853027,0.8420000076293945,245860608.0,205990672.0,479692.4375
2026-06-16,0.8360000252723694,0.8399999737739563,0.8270000219345093,0.8349999785423279,141067744.0,117649400.0,479692.4375
2026-06-17,0.8330000042915344,0.8330000042915344,0.8149999976158142,0.8220000267028809,258159680.0,211653632.0,479692.4375
2026-06-18,0.8190000057220459,0.8379999995231628,0.8119999766349792,0.8270000219345093,244939264.0,202778000.0,479692.4375
2026-06-22,0.8169999718666077,0.8539999723434448,0.8169999718666077,0.8529999852180481,243202704.0,202504320.0,479692.4375
2026-06-23,0.8429999947547913,0.8529999852180481,0.8220000267028809,0.824999988079071,181258496.0,152293968.0,479692.4375
2026-06-24,0.824999988079071,0.8330000042915344,0.8109999895095825,0.8209999799728394,140959200.0,115880168.0,479692.4375
2026-06-25,0.8199999928474426,0.8299999833106995,0.8140000104904175,0.8270000219345093,169678368.0,139812256.0,479692.4375
2026-06-26,0.8190000057220459,0.8220000267028809,0.7919999957084656,0.7990000247955322,253119712.0,203647232.0,479692.4375
2026-06-29,0.8009999990463257,0.8180000185966492,0.7950000166893005,0.8069999814033508,200945408.0,162073024.0,479692.4375
2026-06-30,0.8100000023841858,0.8180000185966492,0.7940000295639038,0.8180000185966492,203070496.0,163794848.0,479692.4375
2026-07-01,0.8119999766349792,0.8339999914169312,0.8050000071525574,0.8240000009536743,275877632.0,226136944.0,479692.4375
2026-07-02,0.8320000171661377,0.843999981880188,0.8220000267028809,0.8299999833106995,272874016.0,227591376.0,479692.4375
2026-07-03,0.8199999928474426,0.8299999833106995,0.8059999942779541,0.8149999976158142,195159648.0,159131712.0,479692.4375
2026-07-06,0.8119999766349792,0.824999988079071,0.8059999942779541,0.8090000152587891,214045904.0,174800320.0,479692.4375
2026-07-07,0.8080000281333923,0.8309999704360962,0.8040000200271606,0.8080000281333923,235893312.0,193099808.0,479692.4375
2026-07-08,0.8080000281333923,0.8140000104904175,0.7900000214576721,0.8080000281333923,175394896.0,140906800.0,479692.4375
2026-07-09,0.800000011920929,0.8220000267028809,0.7919999957084656,0.8149999976158142,234162000.0,189874736.0,479692.4375
2026-07-10,0.8080000281333923,0.8539999723434448,0.800000011920929,0.8379999995231628,461955392.0,386547648.0,479692.4375
2026-07-13,0.8309999704360962,0.8349999785423279,0.7950000166893005,0.7990000247955322,343454880.0,277262496.0,479692.4375
2026-07-14,0.7960000038146973,0.7990000247955322,0.7649999856948853,0.7839999794960022,422648800.0,328964704.0,479692.4375
2026-07-15,0.7820000052452087,0.8199999928474426,0.7799999713897705,0.8159999847412109,323064544.0,260191360.0,479692.4375
2026-07-16,0.8109999895095825,0.8349999785423279,0.8009999990463257,0.828000009059906,296304832.0,243769888.0,479692.4375
2026-07-17,0.8230000138282776,0.8349999785423279,0.7799999713897705,0.7820000052452087,358985504.0,289658976.0,479692.4375
2026-07-20,0.7879999876022339,0.7979999780654907,0.7720000147819519,0.7900000214576721,272229792.0,213977152.0,479692.4375
2026-07-21,0.7889999747276306,0.8050000071525574,0.777999997138977,0.8009999990463257,255424720.0,202251056.0,479692.4375
2026-07-22,0.7929999828338623,0.796999990940094,0.7770000100135803,0.7799999713897705,255238320.0,200246480.0,479692.4375
2026-07-23,0.7770000100135803,0.7770000100135803,0.7549999952316284,0.7689999938011169,306130784.0,233884192.0,479692.4375
2026-07-24,0.7599999904632568,0.7639999985694885,0.7419999837875366,0.7429999709129333,217491168.0,163507808.0,479692.4375
2026-07-27,0.7369999885559082,0.7670000195503235,0.7369999885559082,0.7649999856948853,219547904.0,166263712.0,479692.4375
2026-07-28,0.7590000033378601,0.7829999923706055,0.7580000162124634,0.7710000276565552,221232064.0,171601696.0,479692.4375
2026-07-29,0.7730000019073486,0.800000011920929,0.7680000066757202,0.7950000166893005,257799936.0,202098000.0,479692.4375
2026-07-30,0.7889999747276306,0.8180000185966492,0.7889999747276306,0.7950000166893005,292896096.0,236265856.0,479692.4375
2026-07-31,0.7910000085830688,0.8550000190734863,0.7870000004768372,0.8500000238418579,1061322240.0,892390336.0,479692.4375
2026-08-03,0.8429999947547913,0.8700000047683716,0.8309999704360962,0.8529999852180481,881555200.0,751584640.0,479692.4375
2026-08-04,0.8529999852180481,0.8809999823570251,0.8510000109672546,0.8799999952316284,729784320.0,633730112.0,479692.4375
2026-08-05,0.8730000257492065,0.8899999856948853,0.8679999709129333,0.8809999823570251,823962816.0,727319168.0,479692.4375
2026-08-06,0.8700000047683716,0.8859999775886536,0.8529999852180481,0.8650000095367432,473817120.0,411662400.0,479692.4375
2026-08-07,0.8579999804496765,0.871999979019165,0.8399999737739563,0.8669999837875366,565704384.0,484124416.0,479692.4375
2026-08-10,0.8659999966621399,0.8790000081062317,0.8529999852180481,0.8790000081062317,428900960.0,372418304.0,479692.4375
2026-08-11,0.878000020980835,0.8870000243186951,0.8640000224113464,0.8700000047683716,360768384.0,315286304.0,479692.4375
2026-08-12,0.8700000047683716,0.8859999775886536,0.8600000143051147,0.8759999871253967,369138304.0,323641824.0,479692.4375
2026-08-13,0.8759999871253967,0.8980000019073486,0.859000027179718,0.859000027179718,710660928.0,623161856.0,479692.4375
2026-08-14,0.8529999852180481,0.8679999709129333,0.8360000252723694,0.8600000143051147,501743808.0,426429184.0,479692.4375
2026-08-17,0.8579999804496765,0.859000027179718,0.8370000123977661,0.8519999980926514,353949408.0,299300224.0,479692.4375
2026-08-18,0.8460000157356262,0.847000002861023,0.8299999833106995,0.8379999995231628,394191008.0,329474016.0,479692.4375
2026-08-19,0.8299999833106995,0.8299999833106995,0.8029999732971191,0.8029999732971191,422008512.0,343617440.0,479692.4375
2026-08-20,0.8119999766349792,0.8220000267028809,0.8090000152587891,0.8130000233650208,209148192.0,170601456.0,479692.4375
2026-08-21,0.8090000152587891,0.8100000023841858,0.7979999780654907,0.8090000152587891,162488096.0,130770992.0,479692.4375
2026-08-24,0.8090000152587891,0.8100000023841858,0.7879999876022339,0.7929999828338623,183802304.0,146260448.0,479692.4375
