datetime,open,high,low,close,vol,amount,float_shares
2020-03-26,1.0010000467300415,1.0089999437332153,0.9980000257492065,1.0080000162124634,473714592.0,475138432.0,1019498.8125
2020-03-27,1.0290000438690186,1.0360000133514404,1.0099999904632568,1.0119999647140503,385454688.0,391732768.0,1019498.8125
2020-03-30,0.996999979019165,1.0089999437332153,0.9929999709129333,1.0019999742507935,175584896.0,175849440.0,1019498.8125
2020-03-31,1.0149999856948853,1.0210000276565552,1.0049999952316284,1.0099999904632568,230451200.0,233622096.0,1019498.8125
2020-04-01,1.0110000371932983,1.0210000276565552,1.0,1.0019999742507935,215698592.0,218703856.0,1019498.8125
2020-04-02,1.0019999742507935,1.0130000114440918,1.0019999742507935,1.0119999647140503,244535904.0,246766064.0,1019498.8125
2020-04-03,1.0099999904632568,1.0149999856948853,1.0049999952316284,1.0069999694824219,226813504.0,228746384.0,1019498.8125
2020-04-07,1.0299999713897705,1.0360000133514404,1.0190000534057617,1.031000018119812,278191904.0,285375424.0,1019498.8125
2020-04-08,1.024999976158142,1.0260000228881836,1.0199999809265137,1.0219999551773071,196774896.0,201340560.0,1019498.8125
2020-04-09,1.0299999713897705,1.0369999408721924,1.0290000438690186,1.031999945640564,181116896.0,187073088.0,1019498.8125
2020-04-10,1.031999945640564,1.0329999923706055,1.0219999551773071,1.0219999551773071,84699104.0,86966584.0,1019498.8125
2020-04-13,1.0219999551773071,1.0219999551773071,1.0160000324249268,1.0169999599456787,44255400.0,45091000.0,1019498.8125
2020-04-14,1.0230000019073486,1.0509999990463257,1.0199999809265137,1.0499999523162842,222567808.0,230573024.0,1019498.8125
2020-04-15,1.0470000505447388,1.0579999685287476,1.031999945640564,1.0369999408721924,134606800.0,140784320.0,1019498.8125
2020-04-16,1.034000039100647,1.0520000457763672,1.031000018119812,1.0399999618530273,125090096.0,130392480.0,1019498.8125
2020-04-17,1.0490000247955322,1.0549999475479126,1.0429999828338623,1.0449999570846558,98905504.0,103913992.0,1019498.8125
2020-04-20,1.0499999523162842,1.0499999523162842,1.0399999618530273,1.0420000553131104,51628800.0,53885268.0,1019498.8125
2020-04-21,1.0399999618530273,1.0410000085830688,1.0160000324249268,1.0219999551773071,84030496.0,86096432.0,1019498.8125
2020-04-22,1.0169999599456787,1.024999976158142,1.0099999904632568,1.0210000276565552,80253296.0,81637736.0,1019498.8125
2020-04-23,1.0230000019073486,1.024999976158142,1.0149999856948853,1.0180000066757202,39492600.0,40283136.0,1019498.8125
2020-04-24,1.0160000324249268,1.0160000324249268,1.0089999437332153,1.0110000371932983,63202100.0,63924108.0,1019498.8125
2020-04-27,1.0089999437332153,1.0199999809265137,1.0089999437332153,1.0110000371932983,100668400.0,102132864.0,1019498.8125
2020-04-28,1.0169999599456787,1.0369999408721924,1.0160000324249268,1.031999945640564,145412192.0,149250944.0,1019498.8125
2020-04-29,1.0360000133514404,1.0460000038146973,1.0360000133514404,1.0399999618530273,97554304.0,101624288.0,1019498.8125
2020-04-30,1.0449999570846558,1.0570000410079956,1.0440000295639038,1.0570000410079956,92552200.0,97207232.0,1019498.8125
2020-05-06,1.027999997138977,1.034000039100647,1.0230000019073486,1.0329999923706055,115144096.0,118393600.0,1019498.8125
2020-05-07,1.031000018119812,1.031000018119812,1.0180000066757202,1.0190000534057617,87099000.0,89311152.0,1019498.8125
2020-05-08,1.024999976158142,1.0369999408721924,1.0210000276565552,1.0260000228881836,145637104.0,149713952.0,1019498.8125
2020-05-11,1.031000018119812,1.0440000295639038,1.0299999713897705,1.031000018119812,114699504.0,118900864.0,1019498.8125
2020-05-12,1.034000039100647,1.0369999408721924,1.0260000228881836,1.0299999713897705,63457300.0,65370092.0,1019498.8125
2020-05-13,1.0269999504089355,1.031000018119812,1.0230000019073486,1.027999997138977,52100600.0,53538672.0,1019498.8125
2020-05-14,1.0260000228881836,1.0260000228881836,1.0149999856948853,1.0160000324249268,64231500.0,65413560.0,1019498.8125
2020-05-15,1.0199999809265137,1.0219999551773071,1.0130000114440918,1.0140000581741333,53279100.0,54170712.0,1019498.8125
2020-05-18,1.0169999599456787,1.0169999599456787,1.0110000371932983,1.0110000371932983,70504896.0,71498024.0,1019498.8125
2020-05-19,1.0199999809265137,1.0299999713897705,1.0199999809265137,1.0299999713897705,99470400.0,102134144.0,1019498.8125
2020-05-20,1.0290000438690186,1.031000018119812,1.0230000019073486,1.0240000486373901,58456000.0,60082820.0,1019498.8125
2020-05-21,1.027999997138977,1.031000018119812,1.0169999599456787,1.0190000534057617,51385200.0,52592156.0,1019498.8125
2020-05-22,1.0110000371932983,1.0149999856948853,0.9829999804496765,0.9860000014305115,112239000.0,112039824.0,1019498.8125
2020-05-25,0.9860000014305115,0.9869999885559082,0.9760000109672546,0.9860000014305115,49573000.0,48712644.0,1019498.8125
2020-05-26,0.9929999709129333,1.0110000371932983,0.9929999709129333,1.0089999437332153,69619904.0,70079976.0,1019498.8125
2020-05-27,1.0110000371932983,1.0119999647140503,1.0019999742507935,1.0049999952316284,49628100.0,49930900.0,1019498.8125
2020-05-28,1.00600004196167,1.0180000066757202,0.9909999966621399,0.9980000257492065,88750096.0,89335120.0,1019498.8125
2020-05-29,0.9940000176429749,1.003000020980835,0.9929999709129333,0.9980000257492065,47260800.0,47257680.0,1019498.8125
2020-06-01,1.0149999856948853,1.0470000505447388,1.0149999856948853,1.0449999570846558,156155104.0,161708944.0,1019498.8125
2020-06-02,1.0460000038146973,1.0549999475479126,1.0440000295639038,1.0540000200271606,87791296.0,92134520.0,1019498.8125
2020-06-03,1.059999942779541,1.0679999589920044,1.0579999685287476,1.0640000104904175,107211800.0,113953088.0,1019498.8125
2020-06-04,1.0700000524520874,1.0700000524520874,1.055999994277954,1.0579999685287476,57157200.0,60779944.0,1019498.8125
2020-06-05,1.055999994277954,1.0740000009536743,1.0549999475479126,1.0729999542236328,73106000.0,77865000.0,1019498.8125
2020-06-08,1.0829999446868896,1.0870000123977661,1.0740000009536743,1.0759999752044678,36093400.0,39052784.0,1019498.8125
2020-06-09,1.0789999961853027,1.093999981880188,1.0750000476837158,1.090999960899353,70502304.0,76651360.0,1019498.8125
2020-06-10,1.090999960899353,1.0920000076293945,1.0800000429153442,1.0850000381469727,52631600.0,57147240.0,1019498.8125
2020-06-11,1.0839999914169312,1.0880000591278076,1.0640000104904175,1.069000005722046,82893200.0,89400064.0,1019498.8125
2020-06-12,1.055999994277954,1.062999963760376,1.0460000038146973,1.059999942779541,48468600.0,51270696.0,1019498.8125
2020-06-15,1.059999942779541,1.0729999542236328,1.0490000247955322,1.0520000457763672,63174200.0,67005312.0,1019498.8125
2020-06-16,1.065000057220459,1.0779999494552612,1.065000057220459,1.0700000524520874,46219200.0,49606068.0,1019498.8125
2020-06-17,1.0729999542236328,1.0750000476837158,1.065000057220459,1.0700000524520874,24845400.0,26583644.0,1019498.8125
2020-06-18,1.065000057220459,1.0820000171661377,1.0609999895095825,1.0800000429153442,44548300.0,47884068.0,1019498.8125
2020-06-19,1.0800000429153442,1.1139999628067017,1.0800000429153442,1.1080000400543213,113405696.0,124525728.0,1019498.8125
2020-06-22,1.1080000400543213,1.1619999408721924,1.1080000400543213,1.1319999694824219,108247200.0,123740248.0,1019498.8125
2020-06-23,1.1380000114440918,1.1490000486373901,1.1139999628067017,1.1399999856948853,92599696.0,105421392.0,1019498.8125
2020-06-24,1.1460000276565552,1.156000018119812,1.1399999856948853,1.1410000324249268,75894304.0,87027016.0,1019498.8125
2020-06-29,1.1349999904632568,1.1360000371932983,1.1030000448226929,1.1039999723434448,101842096.0,113529168.0,1019498.8125
2020-06-30,1.1130000352859497,1.1319999694824219,1.1080000400543213,1.1180000305175781,113120000.0,126658288.0,1019498.8125
2020-07-01,1.1230000257492065,1.125,1.1180000305175781,1.1230000257492065,76061200.0,85289152.0,1019498.8125
2020-07-02,1.128999948501587,1.2079999446868896,1.128000020980835,1.2070000171661377,196377696.0,230760720.0,1019498.8125
2020-07-03,1.2450000047683716,1.2879999876022339,1.2350000143051147,1.2829999923706055,239657120.0,303242464.0,1019498.8125
2020-07-06,1.3300000429153442,1.4110000133514404,1.3300000429153442,1.4110000133514404,111345600.0,154856864.0,1019498.8125
2020-07-07,1.4220000505447388,1.5390000343322754,1.3910000324249268,1.3940000534057617,222584896.0,329966272.0,1019498.8125
2020-07-08,1.409999966621399,1.5269999504089355,1.4019999504089355,1.4700000286102295,409115296.0,591783040.0,1019498.8125
2020-07-09,1.4789999723434448,1.4859999418258667,1.434999942779541,1.4420000314712524,373527904.0,545439296.0,1019498.8125
2020-07-10,1.430999994277954,1.434999942779541,1.378999948501587,1.38100004196167,233355696.0,329605440.0,1019498.8125
2020-07-13,1.3860000371932983,1.434999942779541,1.3769999742507935,1.402999997138977,314372512.0,442597984.0,1019498.8125
2020-07-14,1.3940000534057617,1.4140000343322754,1.3830000162124634,1.3899999856948853,216953792.0,303312384.0,1019498.8125
2020-07-15,1.4019999504089355,1.4110000133514404,1.3509999513626099,1.3519999980926514,263799696.0,363633408.0,1019498.8125
2020-07-16,1.3589999675750732,1.36899995803833,1.281999945640564,1.2829999923706055,263967600.0,349241472.0,1019498.8125
2020-07-17,1.2890000343322754,1.305999994277954,1.2619999647140503,1.2640000581741333,233160496.0,299534848.0,1019498.8125
2020-07-20,1.2899999618530273,1.3380000591278076,1.2790000438690186,1.3229999542236328,311517792.0,408735328.0,1019498.8125
2020-07-21,1.3489999771118164,1.3569999933242798,1.3350000381469727,1.3459999561309814,213562704.0,287028832.0,1019498.8125
2020-07-22,1.3459999561309814,1.3930000066757202,1.3450000286102295,1.3519999980926514,309506304.0,423484928.0,1019498.8125
2020-07-23,1.340000033378601,1.3559999465942383,1.3020000457763672,1.3350000381469727,293589696.0,390703072.0,1019498.8125
2020-07-24,1.3329999446868896,1.3380000591278076,1.2619999647140503,1.2630000114440918,223710000.0,289351104.0,1019498.8125
2020-07-27,1.2740000486373901,1.2829999923706055,1.2450000047683716,1.2519999742507935,216647600.0,273636352.0,1019498.8125
2020-07-28,1.2699999809265137,1.2769999504089355,1.2549999952316284,1.2580000162124634,171272608.0,216361328.0,1019498.8125
2020-07-29,1.25600004196167,1.3040000200271606,1.253000020980835,1.2940000295639038,302631296.0,390148288.0,1019498.8125
2020-07-30,1.3040000200271606,1.3070000410079956,1.284000039100647,1.284999966621399,170518304.0,221252016.0,1019498.8125
2020-07-31,1.2879999876022339,1.315999984741211,1.2790000438690186,1.284999966621399,244353200.0,316860576.0,1019498.8125
2020-08-03,1.3040000200271606,1.309000015258789,1.2869999408721924,1.3009999990463257,215145792.0,279318080.0,1019498.8125
2020-08-04,1.309999942779541,1.3200000524520874,1.2999999523162842,1.315999984741211,211118592.0,276851136.0,1019498.8125
2020-08-05,1.315999984741211,1.3200000524520874,1.3040000200271606,1.312000036239624,115435104.0,151406608.0,1019498.8125
2020-08-06,1.3179999589920044,1.340000033378601,1.2960000038146973,1.3350000381469727,177997792.0,234017008.0,1019498.8125
2020-08-07,1.3320000171661377,1.3350000381469727,1.2960000038146973,1.3029999732971191,269366400.0,354143648.0,1019498.8125
2020-08-10,1.3020000457763672,1.3279999494552612,1.2970000505447388,1.312000036239624,267674704.0,351867136.0,1019498.8125
2020-08-11,1.3170000314712524,1.3270000219345093,1.2960000038146973,1.2970000505447388,133997104.0,176343104.0,1019498.8125
2020-08-12,1.2949999570846558,1.2999999523162842,1.2760000228881836,1.284999966621399,137672096.0,176872880.0,1019498.8125
2020-08-13,1.2920000553131104,1.2960000038146973,1.2829999923706055,1.2879999876022339,114405600.0,147657376.0,1019498.8125
2020-08-14,1.2869999408721924,1.2949999570846558,1.281999945640564,1.2940000295639038,89474304.0,115341352.0,1019498.8125
2020-08-17,1.305999994277954,1.3600000143051147,1.305999994277954,1.340999960899353,293980192.0,392386240.0,1019498.8125
2020-08-18,1.343999981880188,1.3459999561309814,1.3270000219345093,1.3300000429153442,125801904.0,168236592.0,1019498.8125
2020-08-19,1.3329999446868896,1.3350000381469727,1.312000036239624,1.312999963760376,93706096.0,124192240.0,1019498.8125
2020-08-20,1.309000015258789,1.309000015258789,1.2929999828338623,1.2940000295639038,90580496.0,117734448.0,1019498.8125
2020-08-21,1.2990000247955322,1.3109999895095825,1.2979999780654907,1.3020000457763672,98823296.0,128942016.0,1019498.8125
2020-08-24,1.3079999685287476,1.3140000104904175,1.3020000457763672,1.3029999732971191,74657504.0,97514016.0,1019498.8125
2020-08-25,1.305999994277954,1.315999984741211,1.2999999523162842,1.3009999990463257,73074400.0,95709544.0,1019498.8125
2020-08-26,1.2999999523162842,1.3040000200271606,1.2760000228881836,1.277999997138977,89118704.0,114902464.0,1019498.8125
2020-08-27,1.2799999713897705,1.2860000133514404,1.2730000019073486,1.2790000438690186,65415100.0,83691792.0,1019498.8125
2020-08-28,1.2790000438690186,1.2899999618530273,1.2699999809265137,1.284999966621399,138128704.0,176708832.0,1019498.8125
2020-08-31,1.2890000343322754,1.312999963760376,1.284000039100647,1.284999966621399,141661408.0,184345584.0,1019498.8125
2020-09-01,1.2829999923706055,1.2829999923706055,1.2699999809265137,1.2760000228881836,94663104.0,120716208.0,1019498.8125
2020-09-02,1.281000018119812,1.2829999923706055,1.2669999599456787,1.2719999551773071,89195696.0,113781392.0,1019498.8125
2020-09-03,1.2730000019073486,1.2890000343322754,1.2680000066757202,1.2699999809265137,94078600.0,120253496.0,1019498.8125
2020-09-04,1.25600004196167,1.2569999694824219,1.2430000305175781,1.24399995803833,70796800.0,88502120.0,1019498.8125
2020-09-07,1.24399995803833,1.2510000467300415,1.2130000591278076,1.215000033378601,81175400.0,100132128.0,1019498.8125
2020-09-08,1.2200000286102295,1.2289999723434448,1.2100000381469727,1.2230000495910645,119965296.0,146537152.0,1019498.8125
2020-09-09,1.2120000123977661,1.2139999866485596,1.194000005722046,1.1970000267028809,102922704.0,123945432.0,1019498.8125
2020-09-10,1.2089999914169312,1.2120000123977661,1.190999984741211,1.1920000314712524,90752704.0,109060640.0,1019498.8125
2020-09-11,1.190999984741211,1.1950000524520874,1.184000015258789,1.1890000104904175,65940600.0,78397584.0,1019498.8125
2020-09-14,1.1970000267028809,1.2020000219345093,1.1920000314712524,1.1950000524520874,67797504.0,81167872.0,1019498.8125
2020-09-15,1.1959999799728394,1.1979999542236328,1.190999984741211,1.194000005722046,50310800.0,60123032.0,1019498.8125
2020-09-16,1.1959999799728394,1.2070000171661377,1.1920000314712524,1.1950000524520874,53823800.0,64494112.0,1019498.8125
2020-09-17,1.194000005722046,1.194000005722046,1.1820000410079956,1.1820000410079956,55589400.0,66023512.0,1019498.8125
2020-09-18,1.1820000410079956,1.2170000076293945,1.180999994277954,1.2120000123977661,146141408.0,175452704.0,1019498.8125
2020-09-21,1.24399995803833,1.2489999532699585,1.1950000524520874,1.1959999799728394,164642496.0,200597584.0,1019498.8125
2020-09-22,1.1859999895095825,1.2209999561309814,1.184000015258789,1.187999963760376,171178000.0,205321840.0,1019498.8125
2020-09-23,1.190000057220459,1.1959999799728394,1.1799999475479126,1.180999994277954,85662096.0,101834776.0,1019498.8125
2020-09-24,1.1749999523162842,1.1829999685287476,1.159000039100647,1.159999966621399,85494096.0,100049440.0,1019498.8125
2020-09-25,1.1690000295639038,1.1740000247955322,1.1510000228881836,1.1549999713897705,117016096.0,135995408.0,1019498.8125
2020-09-28,1.156999945640564,1.187000036239624,1.156000018119812,1.1859999895095825,120873800.0,141694208.0,1019498.8125
2020-09-29,1.190000057220459,1.1959999799728394,1.180999994277954,1.1820000410079956,88188800.0,104855760.0,1019498.8125
2020-09-30,1.1859999895095825,1.194000005722046,1.1759999990463257,1.1799999475479126,73790000.0,87549976.0,1019498.8125
2020-10-09,1.2020000219345093,1.2100000381469727,1.1929999589920044,1.2000000476837158,79195904.0,95128352.0,1019498.8125
2020-10-12,1.2100000381469727,1.2410000562667847,1.2059999704360962,1.2350000143051147,148052400.0,181731840.0,1019498.8125
2020-10-13,1.2300000190734863,1.2319999933242798,1.2239999771118164,1.2269999980926514,38092400.0,46751336.0,1019498.8125
2020-10-14,1.225000023841858,1.2339999675750732,1.2139999866485596,1.215000033378601,44932600.0,54934072.0,1019498.8125
2020-10-15,1.2139999866485596,1.2259999513626099,1.2100000381469727,1.2120000123977661,44167000.0,53791232.0,1019498.8125
2020-10-16,1.2109999656677246,1.2339999675750732,1.2109999656677246,1.2230000495910645,72471800.0,88621936.0,1019498.8125
2020-10-19,1.2280000448226929,1.2380000352859497,1.2100000381469727,1.2109999656677246,69800304.0,85501264.0,1019498.8125
2020-10-20,1.2100000381469727,1.2100000381469727,1.1920000314712524,1.2009999752044678,69481696.0,83335520.0,1019498.8125
2020-10-21,1.2029999494552612,1.2079999446868896,1.1970000267028809,1.2050000429153442,44939800.0,54080740.0,1019498.8125
2020-10-22,1.2020000219345093,1.2120000123977661,1.1959999799728394,1.2039999961853027,63297004.0,76144808.0,1019498.8125
2020-10-23,1.2079999446868896,1.2239999771118164,1.2039999961853027,1.2050000429153442,67549600.0,82003760.0,1019498.8125
2020-10-26,1.2039999961853027,1.2039999961853027,1.1929999589920044,1.1929999589920044,26810000.0,32130910.0,1019498.8125
2020-10-27,1.1950000524520874,1.1950000524520874,1.1790000200271606,1.1799999475479126,48388200.0,57330044.0,1019498.8125
2020-10-28,1.1779999732971191,1.1829999685287476,1.1660000085830688,1.1820000410079956,79427200.0,93410832.0,1019498.8125
2020-10-29,1.1749999523162842,1.190000057220459,1.1679999828338623,1.187999963760376,81170704.0,95947744.0,1019498.8125
2020-10-30,1.187999963760376,1.1929999589920044,1.1640000343322754,1.1670000553131104,73137800.0,86187312.0,1019498.8125
2020-11-02,1.1699999570846558,1.187000036239624,1.1679999828338623,1.1729999780654907,64197500.0,75492392.0,1019498.8125
2020-11-03,1.1820000410079956,1.2120000123977661,1.1820000410079956,1.2059999704360962,119572800.0,143602624.0,1019498.8125
2020-11-04,1.2009999752044678,1.2009999752044678,1.1829999685287476,1.1890000104904175,106806136.0,127186040.0,1019498.8125
2020-11-05,1.2059999704360962,1.2139999866485596,1.1970000267028809,1.2039999961853027,81950592.0,98742680.0,1019498.8125
2020-11-06,1.2100000381469727,1.215000033378601,1.2029999494552612,1.2059999704360962,80440712.0,97213088.0,1019498.8125
2020-11-09,1.218000054359436,1.25600004196167,1.215999960899353,1.2419999837875366,205593792.0,254455728.0,1019498.8125
2020-11-10,1.253999948501587,1.2599999904632568,1.2239999771118164,1.2300000190734863,116619200.0,145229472.0,1019498.8125
2020-11-11,1.2300000190734863,1.2419999837875366,1.2200000286102295,1.2209999561309814,83952704.0,103499416.0,1019498.8125
2020-11-12,1.2280000448226929,1.2339999675750732,1.2209999561309814,1.2230000495910645,70476600.0,86458200.0,1019498.8125
2020-11-13,1.222000002861023,1.222000002861023,1.1979999542236328,1.2000000476837158,66945000.0,80636144.0,1019498.8125
2020-11-16,1.2089999914169312,1.2089999914169312,1.1979999542236328,1.2020000219345093,61118800.0,73470032.0,1019498.8125
2020-11-17,1.2009999752044678,1.2050000429153442,1.1920000314712524,1.1970000267028809,73519600.0,88117152.0,1019498.8125
2020-11-18,1.194000005722046,1.2059999704360962,1.1920000314712524,1.194000005722046,95547416.0,114550608.0,1019498.8125
2020-11-19,1.190000057220459,1.1929999589920044,1.180999994277954,1.1890000104904175,76437696.0,90714008.0,1019498.8125
2020-11-20,1.184000015258789,1.187000036239624,1.1779999732971191,1.1820000410079956,93942496.0,111095376.0,1019498.8125
2020-11-23,1.1820000410079956,1.2130000591278076,1.180999994277954,1.2029999494552612,210506352.0,252318992.0,1019498.8125
2020-11-24,1.2050000429153442,1.2130000591278076,1.2050000429153442,1.2050000429153442,67680800.0,81767472.0,1019498.8125
2020-11-25,1.2130000591278076,1.225000023841858,1.1929999589920044,1.194000005722046,94173104.0,113973600.0,1019498.8125
2020-11-26,1.1929999589920044,1.2039999961853027,1.1929999589920044,1.1979999542236328,60766200.0,72819784.0,1019498.8125
2020-11-27,1.2000000476837158,1.215000033378601,1.1979999542236328,1.2130000591278076,107531000.0,129898976.0,1019498.8125
2020-11-30,1.2230000495910645,1.2589999437332153,1.2100000381469727,1.2120000123977661,255816496.0,317283200.0,1019498.8125
2020-12-01,1.215999960899353,1.2580000162124634,1.2130000591278076,1.2400000095367432,258395296.0,319953856.0,1019498.8125
2020-12-02,1.246000051498413,1.2630000114440918,1.2359999418258667,1.2389999628067017,186445296.0,232727088.0,1019498.8125
2020-12-03,1.2369999885559082,1.246999979019165,1.2330000400543213,1.2359999418258667,125648832.0,155860880.0,1019498.8125
2020-12-04,1.2359999418258667,1.2369999885559082,1.2259999513626099,1.2269999980926514,75781624.0,93253552.0,1019498.8125
2020-12-07,1.2239999771118164,1.2269999980926514,1.2059999704360962,1.2079999446868896,75151800.0,91493784.0,1019498.8125
2020-12-08,1.2050000429153442,1.2120000123977661,1.1970000267028809,1.2000000476837158,96309800.0,116142176.0,1019498.8125
2020-12-09,1.2029999494552612,1.2039999961853027,1.180999994277954,1.180999994277954,144546400.0,172721600.0,1019498.8125
2020-12-10,1.1779999732971191,1.184000015258789,1.1710000038146973,1.1749999523162842,93400000.0,109986408.0,1019498.8125
2020-12-11,1.1790000200271606,1.1799999475479126,1.1679999828338623,1.1729999780654907,83231504.0,97697168.0,1019498.8125
2020-12-14,1.1759999990463257,1.1779999732971191,1.1690000295639038,1.1720000505447388,51124300.0,60006260.0,1019498.8125
2020-12-15,1.1720000505447388,1.1740000247955322,1.1629999876022339,1.1649999618530273,66092400.0,77100136.0,1019498.8125
2020-12-16,1.1670000553131104,1.1759999990463257,1.1629999876022339,1.1670000553131104,101481400.0,118592656.0,1019498.8125
2020-12-17,1.1670000553131104,1.1820000410079956,1.1619999408721924,1.1790000200271606,164616224.0,193303072.0,1019498.8125
2020-12-18,1.180999994277954,1.184999942779541,1.1740000247955322,1.1770000457763672,88246600.0,104157728.0,1019498.8125
2020-12-21,1.1759999990463257,1.187000036239624,1.1729999780654907,1.187000036239624,88301400.0,104443128.0,1019498.8125
2020-12-22,1.184999942779541,1.1859999895095825,1.159999966621399,1.1610000133514404,90979400.0,106679688.0,1019498.8125
2020-12-23,1.1629999876022339,1.1670000553131104,1.159999966621399,1.1640000343322754,102600800.0,119358512.0,1019498.8125
2020-12-24,1.1629999876022339,1.1690000295639038,1.1610000133514404,1.1619999408721924,63550100.0,74033216.0,1019498.8125
2020-12-25,1.1619999408721924,1.1710000038146973,1.159999966621399,1.1679999828338623,62874300.0,73318544.0,1019498.8125
2020-12-28,1.1649999618530273,1.180999994277954,1.1640000343322754,1.1649999618530273,94465000.0,110689976.0,1019498.8125
2020-12-29,1.1679999828338623,1.1829999685287476,1.1640000343322754,1.1740000247955322,129483200.0,152066816.0,1019498.8125
2020-12-30,1.1729999780654907,1.1890000104904175,1.1729999780654907,1.187999963760376,124047904.0,146691584.0,1019498.8125
2020-12-31,1.1979999542236328,1.2369999885559082,1.1970000267028809,1.2330000400543213,235273296.0,288463168.0,1019498.8125
2021-01-04,1.2380000352859497,1.2450000047683716,1.2259999513626099,1.2400000095367432,231413200.0,285207808.0,1019498.8125
2021-01-05,1.2359999418258667,1.246000051498413,1.2239999771118164,1.2450000047683716,167893200.0,207574960.0,1019498.8125
2021-01-06,1.2489999532699585,1.2619999647140503,1.2400000095367432,1.2610000371932983,189701696.0,237698176.0,1019498.8125
2021-01-07,1.2660000324249268,1.274999976158142,1.2400000095367432,1.253000020980835,189060592.0,237826656.0,1019498.8125
2021-01-08,1.2599999904632568,1.277999997138977,1.2549999952316284,1.2680000066757202,176762592.0,224195136.0,1019498.8125
2021-01-11,1.2799999713897705,1.2949999570846558,1.2619999647140503,1.2649999856948853,145257696.0,186177104.0,1019498.8125
2021-01-12,1.2580000162124634,1.3389999866485596,1.2580000162124634,1.3309999704360962,383732608.0,500818560.0,1019498.8125
2021-01-13,1.340000033378601,1.3559999465942383,1.3070000410079956,1.315999984741211,290552992.0,385649792.0,1019498.8125
2021-01-14,1.3170000314712524,1.3200000524520874,1.2979999780654907,1.3020000457763672,194064304.0,253577136.0,1019498.8125
2021-01-15,1.2999999523162842,1.3359999656677246,1.2979999780654907,1.3029999732971191,262465904.0,344698432.0,1019498.8125
2021-01-18,1.3029999732971191,1.3630000352859497,1.2999999523162842,1.3489999771118164,313994944.0,419485632.0,1019498.8125
2021-01-19,1.371000051498413,1.4839999675750732,1.371000051498413,1.437000036239624,447309536.0,648613056.0,1019498.8125
2021-01-20,1.465999960899353,1.4880000352859497,1.4190000295639038,1.4320000410079956,470093408.0,683650752.0,1019498.8125
2021-01-21,1.4429999589920044,1.465000033378601,1.409999966621399,1.4240000247955322,474228480.0,680629568.0,1019498.8125
2021-01-22,1.4240000247955322,1.4240000247955322,1.3739999532699585,1.378000020980835,343391776.0,478220512.0,1019498.8125
2021-01-25,1.3890000581741333,1.409000039100647,1.3760000467300415,1.3990000486373901,393406272.0,549082880.0,1019498.8125
2021-01-26,1.3899999856948853,1.3930000066757202,1.3339999914169312,1.3370000123977661,283557920.0,384484608.0,1019498.8125
2021-01-27,1.343000054359436,1.347000002861023,1.3170000314712524,1.3240000009536743,285448000.0,379580192.0,1019498.8125
2021-01-28,1.3040000200271606,1.3079999685287476,1.2860000133514404,1.2920000553131104,412097504.0,533999808.0,1019498.8125
2021-01-29,1.3020000457763672,1.3049999475479126,1.2599999904632568,1.2710000276565552,355259104.0,454407264.0,1019498.8125
2021-02-01,1.2829999923706055,1.284000039100647,1.2599999904632568,1.281000018119812,313142784.0,398892384.0,1019498.8125
2021-02-02,1.2899999618530273,1.305999994277954,1.2860000133514404,1.2999999523162842,260735392.0,338199328.0,1019498.8125
2021-02-03,1.3049999475479126,1.3079999685287476,1.2890000343322754,1.2970000505447388,261779904.0,340487552.0,1019498.8125
2021-02-04,1.2899999618530273,1.2979999780654907,1.2419999837875366,1.2580000162124634,283562848.0,358318080.0,1019498.8125
2021-02-05,1.2660000324249268,1.2769999504089355,1.2599999904632568,1.2619999647140503,286948640.0,363594752.0,1019498.8125
2021-02-08,1.2680000066757202,1.2799999713897705,1.2589999437332153,1.2640000581741333,251376096.0,318898080.0,1019498.8125
2021-02-09,1.2619999647140503,1.284000039100647,1.25600004196167,1.2699999809265137,373570016.0,474924608.0,1019498.8125
2021-02-10,1.2790000438690186,1.284000039100647,1.2719999551773071,1.2769999504089355,224061792.0,286060000.0,1019498.8125
2021-02-18,1.3300000429153442,1.3320000171661377,1.3109999895095825,1.3179999589920044,276516512.0,365257024.0,1019498.8125
2021-02-19,1.3049999475479126,1.3320000171661377,1.3029999732971191,1.3300000429153442,247199600.0,325735328.0,1019498.8125
2021-02-22,1.3569999933242798,1.36899995803833,1.315000057220459,1.3200000524520874,328266496.0,441951328.0,1019498.8125
2021-02-23,1.312999963760376,1.3279999494552612,1.3020000457763672,1.312999963760376,216193504.0,284475168.0,1019498.8125
2021-02-24,1.312999963760376,1.3279999494552612,1.246999979019165,1.2480000257492065,469606400.0,601595136.0,1019498.8125
2021-02-25,1.2610000371932983,1.281000018119812,1.2450000047683716,1.2619999647140503,382640928.0,484110048.0,1019498.8125
2021-02-26,1.2369999885559082,1.2430000305175781,1.2209999561309814,1.222000002861023,240155696.0,295978496.0,1019498.8125
2021-03-01,1.2300000190734863,1.2339999675750732,1.2089999914169312,1.2259999513626099,165276800.0,201921344.0,1019498.8125
2021-03-02,1.2339999675750732,1.2489999532699585,1.218999981880188,1.2239999771118164,232603904.0,286885792.0,1019498.8125
2021-03-03,1.225000023841858,1.2519999742507935,1.2239999771118164,1.2489999532699585,240135696.0,298099840.0,1019498.8125
2021-03-04,1.2359999418258667,1.246999979019165,1.2079999446868896,1.215000033378601,186250800.0,227956912.0,1019498.8125
2021-03-05,1.2009999752044678,1.2280000448226929,1.1950000524520874,1.218999981880188,320570304.0,389597152.0,1019498.8125
2021-03-08,1.2289999723434448,1.2350000143051147,1.187000036239624,1.1890000104904175,225647440.0,272929888.0,1019498.8125
2021-03-09,1.1929999589920044,1.1950000524520874,1.1610000133514404,1.1619999408721924,293083584.0,345322944.0,1019498.8125
2021-03-10,1.1790000200271606,1.1829999685287476,1.1640000343322754,1.1660000085830688,199585600.0,233907840.0,1019498.8125
2021-03-11,1.1679999828338623,1.1990000009536743,1.1679999828338623,1.194000005722046,246738400.0,292816544.0,1019498.8125
2021-03-12,1.1990000009536743,1.215000033378601,1.1890000104904175,1.2020000219345093,271381600.0,326059136.0,1019498.8125
2021-03-15,1.1950000524520874,1.1990000009536743,1.1749999523162842,1.1799999475479126,163981504.0,194699072.0,1019498.8125
2021-03-16,1.184999942779541,1.194000005722046,1.1829999685287476,1.1890000104904175,137032496.0,162894752.0,1019498.8125
2021-03-17,1.187999963760376,1.1979999542236328,1.1820000410079956,1.1920000314712524,160712000.0,191512832.0,1019498.8125
2021-03-18,1.1970000267028809,1.2170000076293945,1.1959999799728394,1.2100000381469727,143320704.0,172890208.0,1019498.8125
2021-03-19,1.1990000009536743,1.2000000476837158,1.1829999685287476,1.1859999895095825,153504096.0,182819264.0,1019498.8125
2021-03-22,1.1829999685287476,1.218000054359436,1.1829999685287476,1.2109999656677246,177070400.0,213356672.0,1019498.8125
2021-03-23,1.2079999446868896,1.2139999866485596,1.1950000524520874,1.2029999494552612,183026208.0,220529200.0,1019498.8125
2021-03-24,1.1990000009536743,1.2209999561309814,1.190999984741211,1.1920000314712524,241220048.0,290149856.0,1019498.8125
2021-03-25,1.187999963760376,1.1959999799728394,1.180999994277954,1.190000057220459,178294352.0,212089568.0,1019498.8125
2021-03-26,1.1950000524520874,1.2100000381469727,1.194000005722046,1.2070000171661377,159519696.0,191987648.0,1019498.8125
2021-03-29,1.2079999446868896,1.2619999647140503,1.2079999446868896,1.253999948501587,277461088.0,345587136.0,1019498.8125
2021-03-30,1.2649999856948853,1.274999976158142,1.2599999904632568,1.2699999809265137,159482000.0,202361664.0,1019498.8125
2021-03-31,1.274999976158142,1.277999997138977,1.2589999437332153,1.2660000324249268,105645696.0,133956840.0,1019498.8125
2021-04-01,1.2640000581741333,1.2949999570846558,1.2610000371932983,1.2920000553131104,162907008.0,208162720.0,1019498.8125
2021-04-02,1.2910000085830688,1.2940000295639038,1.2890000343322754,1.2910000085830688,48000800.0,61950296.0,1019498.8125
2021-04-06,1.2910000085830688,1.2960000038146973,1.2910000085830688,1.2940000295639038,96174704.0,124360752.0,1019498.8125
2021-04-07,1.2910000085830688,1.2920000553131104,1.2610000371932983,1.2660000324249268,142118208.0,180529312.0,1019498.8125
2021-04-08,1.2619999647140503,1.281000018119812,1.2610000371932983,1.2680000066757202,166396400.0,211714944.0,1019498.8125
2021-04-09,1.2690000534057617,1.274999976158142,1.2569999694824219,1.2580000162124634,83333800.0,105283584.0,1019498.8125
2021-04-12,1.2580000162124634,1.2630000114440918,1.2289999723434448,1.2410000562667847,106659600.0,133341240.0,1019498.8125
2021-04-13,1.2369999885559082,1.2510000467300415,1.2359999418258667,1.24399995803833,90640096.0,112728640.0,1019498.8125
2021-04-14,1.246000051498413,1.2589999437332153,1.24399995803833,1.2549999952316284,142724896.0,179046480.0,1019498.8125
2021-04-15,1.253000020980835,1.253999948501587,1.2410000562667847,1.2450000047683716,97613904.0,121544872.0,1019498.8125
2021-04-16,1.2489999532699585,1.2610000371932983,1.2410000562667847,1.2610000371932983,130770304.0,163677680.0,1019498.8125
2021-04-19,1.2589999437332153,1.284999966621399,1.2549999952316284,1.2829999923706055,175080896.0,223382720.0,1019498.8125
2021-04-20,1.277999997138977,1.2899999618530273,1.2719999551773071,1.274999976158142,111323296.0,142497600.0,1019498.8125
2021-04-21,1.2680000066757202,1.2690000534057617,1.2589999437332153,1.2640000581741333,94842704.0,119833320.0,1019498.8125
2021-04-22,1.2680000066757202,1.2719999551773071,1.2489999532699585,1.2519999742507935,160359776.0,201750832.0,1019498.8125
2021-04-23,1.2489999532699585,1.2580000162124634,1.2419999837875366,1.2450000047683716,149157696.0,186550064.0,1019498.8125
2021-04-26,1.246999979019165,1.2580000162124634,1.2400000095367432,1.24399995803833,156331392.0,195787392.0,1019498.8125
2021-04-27,1.2430000305175781,1.2450000047683716,1.2319999933242798,1.2359999418258667,80802800.0,99937152.0,1019498.8125
2021-04-28,1.2350000143051147,1.2380000352859497,1.2309999465942383,1.2350000143051147,83605400.0,103218288.0,1019498.8125
2021-04-29,1.2380000352859497,1.2669999599456787,1.2380000352859497,1.2510000467300415,232458784.0,291795232.0,1019498.8125
2021-04-30,1.2510000467300415,1.253000020980835,1.2339999675750732,1.2339999675750732,115970800.0,144189504.0,1019498.8125
2021-05-06,1.2419999837875366,1.246999979019165,1.2309999465942383,1.2330000400543213,107420600.0,133072152.0,1019498.8125
2021-05-07,1.2369999885559082,1.2389999628067017,1.222000002861023,1.2239999771118164,71872704.0,88625088.0,1019498.8125
2021-05-10,1.225000023841858,1.2269999980926514,1.2120000123977661,1.218999981880188,99724704.0,121512792.0,1019498.8125
2021-05-11,1.2109999656677246,1.2120000123977661,1.1929999589920044,1.2029999494552612,168084192.0,201767424.0,1019498.8125
2021-05-12,1.2029999494552612,1.215000033378601,1.2020000219345093,1.215000033378601,138051696.0,166856720.0,1019498.8125
2021-05-13,1.2020000219345093,1.2170000076293945,1.2000000476837158,1.2070000171661377,83367400.0,100870184.0,1019498.8125
2021-05-14,1.2130000591278076,1.25600004196167,1.2109999656677246,1.2489999532699585,417901696.0,516962816.0,1019498.8125
2021-05-17,1.25,1.2599999904632568,1.2419999837875366,1.2450000047683716,182196608.0,227708208.0,1019498.8125
2021-05-18,1.2480000257492065,1.2630000114440918,1.2480000257492065,1.2510000467300415,135106912.0,169545824.0,1019498.8125
2021-05-19,1.2510000467300415,1.2510000467300415,1.2430000305175781,1.2450000047683716,84792800.0,105707912.0,1019498.8125
2021-05-20,1.246999979019165,1.2619999647140503,1.2419999837875366,1.253999948501587,226670496.0,283259200.0,1019498.8125
2021-05-21,1.2589999437332153,1.2610000371932983,1.2380000352859497,1.2410000562667847,117466496.0,146177968.0,1019498.8125
2021-05-24,1.2450000047683716,1.274999976158142,1.2419999837875366,1.2640000581741333,208503104.0,263236128.0,1019498.8125
2021-05-25,1.2630000114440918,1.315999984741211,1.2619999647140503,1.309000015258789,491126656.0,637108096.0,1019498.8125
2021-05-26,1.3240000009536743,1.3370000123977661,1.3079999685287476,1.312000036239624,361253888.0,477838944.0,1019498.8125
2021-05-27,1.309000015258789,1.3259999752044678,1.3020000457763672,1.3070000410079956,244634096.0,321001760.0,1019498.8125
2021-05-28,1.309999942779541,1.3320000171661377,1.3040000200271606,1.312000036239624,399030784.0,524824736.0,1019498.8125
2021-05-31,1.3179999589920044,1.3200000524520874,1.3029999732971191,1.315000057220459,230091504.0,301477888.0,1019498.8125
2021-06-01,1.315000057220459,1.3170000314712524,1.2899999618530273,1.2979999780654907,228367504.0,296665440.0,1019498.8125
2021-06-02,1.3009999990463257,1.305999994277954,1.2769999504089355,1.277999997138977,250832992.0,323809184.0,1019498.8125
2021-06-03,1.2769999504089355,1.2879999876022339,1.2680000066757202,1.2690000534057617,352344960.0,450584384.0,1019498.8125
2021-06-04,1.2649999856948853,1.3289999961853027,1.2580000162124634,1.2690000534057617,510256000.0,650614720.0,1019498.8125
2021-06-07,1.2790000438690186,1.2869999408721924,1.2669999599456787,1.274999976158142,239936400.0,305987456.0,1019498.8125
2021-06-08,1.277999997138977,1.2890000343322754,1.2710000276565552,1.2760000228881836,283033312.0,361790496.0,1019498.8125
2021-06-09,1.281999945640564,1.2829999923706055,1.2640000581741333,1.2690000534057617,223824896.0,284932704.0,1019498.8125
2021-06-10,1.2669999599456787,1.2740000486373901,1.2580000162124634,1.2589999437332153,296712000.0,376198368.0,1019498.8125
2021-06-11,1.2630000114440918,1.2649999856948853,1.2510000467300415,1.2519999742507935,198892704.0,250419584.0,1019498.8125
2021-06-15,1.2580000162124634,1.2580000162124634,1.2389999628067017,1.2430000305175781,153808512.0,191643856.0,1019498.8125
2021-06-16,1.2419999837875366,1.246000051498413,1.2369999885559082,1.2389999628067017,144096400.0,178795680.0,1019498.8125
2021-06-17,1.2359999418258667,1.2480000257492065,1.2339999675750732,1.246999979019165,165186496.0,205084080.0,1019498.8125
2021-06-18,1.2489999532699585,1.2640000581741333,1.2480000257492065,1.2549999952316284,182790800.0,229845040.0,1019498.8125
2021-06-21,1.253000020980835,1.2580000162124634,1.2450000047683716,1.2480000257492065,135432992.0,169243392.0,1019498.8125
2021-06-22,1.2519999742507935,1.2580000162124634,1.25,1.2549999952316284,134623600.0,168823632.0,1019498.8125
2021-06-23,1.2580000162124634,1.2619999647140503,1.25,1.2580000162124634,117162496.0,147164816.0,1019498.8125
2021-06-24,1.2589999437332153,1.2740000486373901,1.253999948501587,1.2619999647140503,174208800.0,220092000.0,1019498.8125
2021-06-25,1.2649999856948853,1.2940000295639038,1.2619999647140503,1.284000039100647,397879104.0,509753472.0,1019498.8125
2021-06-28,1.2879999876022339,1.2879999876022339,1.274999976158142,1.2760000228881836,73787696.0,94452136.0,1019498.8125
2021-06-29,1.2790000438690186,1.284000039100647,1.2589999437332153,1.2599999904632568,140771824.0,179136304.0,1019498.8125
2021-06-30,1.2619999647140503,1.2680000066757202,1.253000020980835,1.2569999694824219,181972800.0,229236832.0,1019498.8125
2021-07-01,1.2690000534057617,1.2730000019073486,1.2369999885559082,1.2380000352859497,172940496.0,216380320.0,1019498.8125
2021-07-02,1.2450000047683716,1.246000051498413,1.215000033378601,1.2280000448226929,188349792.0,232941664.0,1019498.8125
2021-07-05,1.2300000190734863,1.2319999933242798,1.2209999561309814,1.2239999771118164,105037000.0,128725648.0,1019498.8125
2021-07-06,1.225000023841858,1.2289999723434448,1.215000033378601,1.2209999561309814,153998896.0,187918544.0,1019498.8125
2021-07-07,1.222000002861023,1.2330000400543213,1.218000054359436,1.2300000190734863,141543600.0,173735216.0,1019498.8125
2021-07-08,1.2389999628067017,1.2430000305175781,1.2209999561309814,1.2230000495910645,194279648.0,239172016.0,1019498.8125
2021-07-09,1.222000002861023,1.2339999675750732,1.215000033378601,1.2300000190734863,133585600.0,163613744.0,1019498.8125
2021-07-12,1.2430000305175781,1.2599999904632568,1.2430000305175781,1.253000020980835,270060704.0,338494688.0,1019498.8125
2021-07-13,1.2519999742507935,1.2619999647140503,1.25,1.253999948501587,101700304.0,127691144.0,1019498.8125
2021-07-14,1.253000020980835,1.2580000162124634,1.246000051498413,1.2480000257492065,101479000.0,127082992.0,1019498.8125
2021-07-15,1.246999979019165,1.2660000324249268,1.2430000305175781,1.2549999952316284,208113328.0,261327200.0,1019498.8125
2021-07-16,1.2569999694824219,1.2920000553131104,1.25600004196167,1.277999997138977,307104384.0,390997216.0,1019498.8125
2021-07-19,1.2719999551773071,1.277999997138977,1.2640000581741333,1.2680000066757202,105159696.0,133484872.0,1019498.8125
2021-07-20,1.2599999904632568,1.2660000324249268,1.2510000467300415,1.25600004196167,134746592.0,169691024.0,1019498.8125
2021-07-21,1.2619999647140503,1.274999976158142,1.2549999952316284,1.2569999694824219,241679696.0,305228896.0,1019498.8125
2021-07-22,1.2599999904632568,1.284999966621399,1.25600004196167,1.2790000438690186,271373696.0,345100800.0,1019498.8125
2021-07-23,1.281000018119812,1.305999994277954,1.2699999809265137,1.2799999713897705,297446176.0,382923328.0,1019498.8125
2021-07-26,1.2740000486373901,1.2760000228881836,1.225000023841858,1.2309999465942383,290658112.0,362688064.0,1019498.8125
2021-07-27,1.2319999933242798,1.2350000143051147,1.184000015258789,1.184999942779541,242077792.0,293878080.0,1019498.8125
2021-07-28,1.190999984741211,1.2000000476837158,1.1710000038146973,1.184000015258789,252712000.0,298876384.0,1019498.8125
2021-07-29,1.2070000171661377,1.218000054359436,1.2039999961853027,1.2100000381469727,241847552.0,292987776.0,1019498.8125
2021-07-30,1.2039999961853027,1.2079999446868896,1.194000005722046,1.1979999542236328,151088496.0,181577120.0,1019498.8125
2021-08-02,1.2009999752044678,1.253999948501587,1.1979999542236328,1.2480000257492065,345256800.0,425949216.0,1019498.8125
2021-08-03,1.2419999837875366,1.2699999809265137,1.2389999628067017,1.253999948501587,357901248.0,448476992.0,1019498.8125
2021-08-04,1.2510000467300415,1.2649999856948853,1.246999979019165,1.2589999437332153,174888384.0,220201312.0,1019498.8125
2021-08-05,1.253000020980835,1.2669999599456787,1.2430000305175781,1.2450000047683716,160624032.0,201684752.0,1019498.8125
2021-08-06,1.2489999532699585,1.2589999437332153,1.2480000257492065,1.253000020980835,156472080.0,196083888.0,1019498.8125
2021-08-09,1.2510000467300415,1.277999997138977,1.2489999532699585,1.2690000534057617,270852896.0,344373728.0,1019498.8125
2021-08-10,1.2669999599456787,1.2799999713897705,1.2599999904632568,1.274999976158142,271246272.0,344485184.0,1019498.8125
2021-08-11,1.274999976158142,1.2920000553131104,1.2730000019073486,1.2760000228881836,216243120.0,277360448.0,1019498.8125
2021-08-12,1.2760000228881836,1.277999997138977,1.2649999856948853,1.2660000324249268,132137088.0,167735360.0,1019498.8125
2021-08-13,1.2640000581741333,1.2760000228881836,1.2569999694824219,1.2619999647140503,120256560.0,152202432.0,1019498.8125
2021-08-16,1.2649999856948853,1.281000018119812,1.2580000162124634,1.2599999904632568,196431104.0,249693424.0,1019498.8125
2021-08-17,1.2580000162124634,1.2829999923706055,1.1979999542236328,1.2400000095367432,234141040.0,295853664.0,1019498.8125
2021-08-18,1.246999979019165,1.309000015258789,1.2410000562667847,1.2949999570846558,665570432.0,854285184.0,1019498.8125
2021-08-19,1.2970000505447388,1.309999942779541,1.2710000276565552,1.2719999551773071,260216608.0,335264064.0,1019498.8125
2021-08-20,1.2719999551773071,1.2799999713897705,1.2480000257492065,1.253000020980835,283961472.0,358253472.0,1019498.8125
2021-08-23,1.2649999856948853,1.2890000343322754,1.2649999856948853,1.2799999713897705,189961760.0,243042688.0,1019498.8125
2021-08-24,1.2879999876022339,1.3140000104904175,1.2760000228881836,1.2960000038146973,339350496.0,439586432.0,1019498.8125
2021-08-25,1.3009999990463257,1.309000015258789,1.2879999876022339,1.2910000085830688,179764304.0,232991552.0,1019498.8125
2021-08-26,1.2899999618530273,1.2970000505447388,1.2799999713897705,1.281999945640564,239494080.0,308768192.0,1019498.8125
2021-08-27,1.2829999923706055,1.3029999732971191,1.2799999713897705,1.281000018119812,202948816.0,261930608.0,1019498.8125
2021-08-30,1.2890000343322754,1.2920000553131104,1.2680000066757202,1.277999997138977,209055216.0,267135968.0,1019498.8125
2021-08-31,1.2769999504089355,1.2929999828338623,1.2589999437332153,1.2860000133514404,369770656.0,472639072.0,1019498.8125
2021-09-01,1.284999966621399,1.3459999561309814,1.284000039100647,1.3259999752044678,438803360.0,578562304.0,1019498.8125
2021-09-02,1.3289999961853027,1.3580000400543213,1.3279999494552612,1.347000002861023,381376032.0,513069824.0,1019498.8125
2021-09-03,1.4119999408721924,1.4119999408721924,1.343999981880188,1.3459999561309814,412180800.0,564577920.0,1019498.8125
2021-09-06,1.3519999980926514,1.3880000114440918,1.3489999771118164,1.3769999742507935,357545600.0,492058208.0,1019498.8125
2021-09-07,1.375,1.4110000133514404,1.371000051498413,1.402999997138977,357521920.0,496436352.0,1019498.8125
2021-09-08,1.3980000019073486,1.4129999876022339,1.378000020980835,1.38100004196167,318978688.0,445112512.0,1019498.8125
2021-09-09,1.3739999532699585,1.3739999532699585,1.3509999513626099,1.3660000562667847,267296640.0,363970496.0,1019498.8125
2021-09-10,1.3700000047683716,1.4220000505447388,1.3680000305175781,1.3919999599456787,409633248.0,573957504.0,1019498.8125
2021-09-13,1.3899999856948853,1.4149999618530273,1.3860000371932983,1.3949999809265137,217067296.0,304038080.0,1019498.8125
2021-09-14,1.399999976158142,1.406000018119812,1.3619999885559082,1.3619999885559082,209945696.0,291407392.0,1019498.8125
2021-09-15,1.3630000352859497,1.3739999532699585,1.347000002861023,1.3509999513626099,220580608.0,300896576.0,1019498.8125
2021-09-16,1.3559999465942383,1.3589999675750732,1.3209999799728394,1.3229999542236328,256791504.0,343941184.0,1019498.8125
2021-09-17,1.3309999704360962,1.3450000286102295,1.3229999542236328,1.3339999914169312,272878336.0,364279680.0,1019498.8125
2021-09-22,1.3170000314712524,1.3229999542236328,1.312999963760376,1.3220000267028809,82289104.0,108489712.0,1019498.8125
2021-09-23,1.3350000381469727,1.3530000448226929,1.3240000009536743,1.3320000171661377,213846896.0,285685088.0,1019498.8125
2021-09-24,1.3329999446868896,1.343999981880188,1.3179999589920044,1.319000005722046,164889104.0,219921888.0,1019498.8125
2021-09-27,1.3220000267028809,1.3300000429153442,1.2910000085830688,1.2929999828338623,196024608.0,257600064.0,1019498.8125
2021-09-28,1.3020000457763672,1.3209999799728394,1.2979999780654907,1.3170000314712524,209196304.0,274631072.0,1019498.8125
2021-09-29,1.309999942779541,1.312999963760376,1.3009999990463257,1.3079999685287476,180160528.0,235663360.0,1019498.8125
2021-09-30,1.312000036239624,1.3140000104904175,1.2979999780654907,1.3049999475479126,301717696.0,393996864.0,1019498.8125
2021-10-08,1.315999984741211,1.3240000009536743,1.3079999685287476,1.309999942779541,191736800.0,252164160.0,1019498.8125
2021-10-11,1.315000057220459,1.3209999799728394,1.3020000457763672,1.3029999732971191,240985104.0,316648384.0,1019498.8125
2021-10-12,1.3009999990463257,1.3020000457763672,1.253000020980835,1.2549999952316284,274416064.0,351915456.0,1019498.8125
2021-10-13,1.2569999694824219,1.2690000534057617,1.2549999952316284,1.2660000324249268,115801104.0,146318432.0,1019498.8125
2021-10-14,1.2680000066757202,1.2710000276565552,1.2640000581741333,1.2660000324249268,60100300.0,76161528.0,1019498.8125
2021-10-15,1.2660000324249268,1.2669999599456787,1.253000020980835,1.2619999647140503,141493904.0,178327952.0,1019498.8125
2021-10-18,1.2630000114440918,1.2680000066757202,1.2589999437332153,1.2610000371932983,89617000.0,113135936.0,1019498.8125
2021-10-19,1.2630000114440918,1.2860000133514404,1.2619999647140503,1.281999945640564,149080896.0,190653488.0,1019498.8125
2021-10-20,1.284999966621399,1.2929999828338623,1.2829999923706055,1.2879999876022339,132456600.0,170775952.0,1019498.8125
2021-10-21,1.2890000343322754,1.2990000247955322,1.281000018119812,1.2879999876022339,186614400.0,240925696.0,1019498.8125
2021-10-22,1.2910000085830688,1.2960000038146973,1.284999966621399,1.284999966621399,150890304.0,194795552.0,1019498.8125
2021-10-25,1.284000039100647,1.3020000457763672,1.2799999713897705,1.2979999780654907,196426464.0,253462704.0,1019498.8125
2021-10-26,1.2999999523162842,1.3029999732971191,1.2879999876022339,1.2899999618530273,152027984.0,196931024.0,1019498.8125
2021-10-27,1.2869999408721924,1.2899999618530273,1.2680000066757202,1.2690000534057617,100457296.0,128339304.0,1019498.8125
2021-10-28,1.2710000276565552,1.2760000228881836,1.2519999742507935,1.25600004196167,142921904.0,181108688.0,1019498.8125
2021-10-29,1.2589999437332153,1.2699999809265137,1.24399995803833,1.2589999437332153,254087008.0,319681216.0,1019498.8125
2021-11-01,1.2630000114440918,1.274999976158142,1.2589999437332153,1.2690000534057617,179466704.0,227938560.0,1019498.8125
2021-11-02,1.2730000019073486,1.2790000438690186,1.2359999418258667,1.2359999418258667,219948800.0,276416576.0,1019498.8125
2021-11-03,1.2389999628067017,1.24399995803833,1.2269999980926514,1.2289999723434448,148372992.0,182981888.0,1019498.8125
2021-11-04,1.2359999418258667,1.2430000305175781,1.2239999771118164,1.225000023841858,127417904.0,157155248.0,1019498.8125
2021-11-05,1.2269999980926514,1.2300000190734863,1.218999981880188,1.222000002861023,144014304.0,176553376.0,1019498.8125
2021-11-08,1.2200000286102295,1.2359999418258667,1.218999981880188,1.2289999723434448,163883120.0,201146384.0,1019498.8125
2021-11-09,1.2309999465942383,1.2339999675750732,1.222000002861023,1.2319999933242798,166553904.0,204705136.0,1019498.8125
2021-11-10,1.2289999723434448,1.2309999465942383,1.215000033378601,1.225000023841858,167677696.0,205056592.0,1019498.8125
2021-11-11,1.225000023841858,1.2660000324249268,1.2230000495910645,1.2649999856948853,480032192.0,601005248.0,1019498.8125
2021-11-12,1.2699999809265137,1.2710000276565552,1.2569999694824219,1.2619999647140503,128459968.0,162064768.0,1019498.8125
2021-11-15,1.2660000324249268,1.2699999809265137,1.24399995803833,1.2480000257492065,172627200.0,216188768.0,1019498.8125
2021-11-16,1.246999979019165,1.253999948501587,1.246000051498413,1.2480000257492065,120722096.0,150789536.0,1019498.8125
2021-11-17,1.2489999532699585,1.2519999742507935,1.2419999837875366,1.2480000257492065,112801000.0,140592896.0,1019498.8125
2021-11-18,1.246000051498413,1.246000051498413,1.2389999628067017,1.2419999837875366,123807400.0,153826944.0,1019498.8125
2021-11-19,1.2389999628067017,1.2569999694824219,1.2350000143051147,1.2489999532699585,279642592.0,348603936.0,1019498.8125
2021-11-22,1.2489999532699585,1.2549999952316284,1.246000051498413,1.246000051498413,254711376.0,318438656.0,1019498.8125
2021-11-23,1.2430000305175781,1.2580000162124634,1.2389999628067017,1.2480000257492065,277546112.0,347508352.0,1019498.8125
2021-11-24,1.2480000257492065,1.2489999532699585,1.2369999885559082,1.2430000305175781,243702720.0,302812704.0,1019498.8125
2021-11-25,1.2430000305175781,1.246000051498413,1.2389999628067017,1.2410000562667847,129513296.0,160819760.0,1019498.8125
2021-11-26,1.2400000095367432,1.2400000095367432,1.2239999771118164,1.2239999771118164,109675000.0,134998560.0,1019498.8125
2021-11-29,1.218000054359436,1.222000002861023,1.2100000381469727,1.2120000123977661,111478400.0,135468160.0,1019498.8125
2021-11-30,1.215000033378601,1.225000023841858,1.1979999542236328,1.2020000219345093,200004192.0,242091984.0,1019498.8125
2021-12-01,1.2039999961853027,1.2309999465942383,1.2029999494552612,1.2289999723434448,304740576.0,372592352.0,1019498.8125
2021-12-02,1.222000002861023,1.2489999532699585,1.222000002861023,1.246999979019165,262330480.0,325415424.0,1019498.8125
2021-12-03,1.2489999532699585,1.2660000324249268,1.2430000305175781,1.2610000371932983,244105696.0,306526976.0,1019498.8125
2021-12-06,1.2630000114440918,1.305999994277954,1.2619999647140503,1.2710000276565552,470971328.0,608283456.0,1019498.8125
2021-12-07,1.2899999618530273,1.2960000038146973,1.2740000486373901,1.2949999570846558,261126496.0,336043936.0,1019498.8125
2021-12-08,1.2970000505447388,1.3040000200271606,1.2879999876022339,1.3029999732971191,389127008.0,504715296.0,1019498.8125
2021-12-09,1.2999999523162842,1.3270000219345093,1.2990000247955322,1.315000057220459,545253056.0,717602048.0,1019498.8125
2021-12-10,1.3140000104904175,1.3179999589920044,1.3009999990463257,1.3040000200271606,181573488.0,237790736.0,1019498.8125
2021-12-13,1.3200000524520874,1.3619999885559082,1.312000036239624,1.315000057220459,466609984.0,622784512.0,1019498.8125
2021-12-14,1.3079999685287476,1.3179999589920044,1.2949999570846558,1.2960000038146973,215358592.0,281357920.0,1019498.8125
2021-12-15,1.2979999780654907,1.3140000104904175,1.2940000295639038,1.2970000505447388,245173696.0,319470336.0,1019498.8125
2021-12-16,1.2960000038146973,1.309999942779541,1.2940000295639038,1.2999999523162842,223481296.0,290543424.0,1019498.8125
2021-12-17,1.2999999523162842,1.3070000410079956,1.2879999876022339,1.2890000343322754,188503904.0,244836544.0,1019498.8125
2021-12-20,1.2879999876022339,1.2940000295639038,1.2519999742507935,1.2549999952316284,199519008.0,253912544.0,1019498.8125
2021-12-21,1.2610000371932983,1.274999976158142,1.2580000162124634,1.2699999809265137,208946400.0,264920496.0,1019498.8125
2021-12-22,1.2710000276565552,1.2760000228881836,1.25600004196167,1.2580000162124634,161685168.0,204200496.0,1019498.8125
2021-12-23,1.2619999647140503,1.281000018119812,1.2619999647140503,1.274999976158142,153536288.0,195356080.0,1019498.8125
2021-12-24,1.277999997138977,1.281999945640564,1.2719999551773071,1.274999976158142,104787104.0,133777888.0,1019498.8125
2021-12-27,1.2730000019073486,1.284000039100647,1.2730000019073486,1.2769999504089355,51320500.0,65623592.0,1019498.8125
2021-12-28,1.284999966621399,1.2899999618530273,1.2799999713897705,1.284999966621399,202773904.0,260166496.0,1019498.8125
2021-12-29,1.2860000133514404,1.2910000085830688,1.2769999504089355,1.2769999504089355,110847200.0,142129312.0,1019498.8125
2021-12-30,1.2829999923706055,1.3009999990463257,1.277999997138977,1.2910000085830688,243883248.0,314911648.0,1019498.8125
2021-12-31,1.2940000295639038,1.3049999475479126,1.2929999828338623,1.2960000038146973,143708800.0,186445104.0,1019498.8125
2022-01-04,1.2999999523162842,1.3040000200271606,1.2890000343322754,1.2999999523162842,159344272.0,206823520.0,1019498.8125
2022-01-05,1.3040000200271606,1.3049999475479126,1.2799999713897705,1.2829999923706055,157748896.0,203246976.0,1019498.8125
2022-01-06,1.2740000486373901,1.274999976158142,1.2519999742507935,1.2549999952316284,135936016.0,171130240.0,1019498.8125
2022-01-07,1.2610000371932983,1.281999945640564,1.2610000371932983,1.2719999551773071,175871344.0,223405696.0,1019498.8125
2022-01-10,1.2799999713897705,1.2890000343322754,1.2740000486373901,1.284000039100647,125287696.0,160480832.0,1019498.8125
2022-01-11,1.2829999923706055,1.2999999523162842,1.281000018119812,1.2829999923706055,158723696.0,204860464.0,1019498.8125
2022-01-12,1.2890000343322754,1.2970000505447388,1.2799999713897705,1.2940000295639038,212850400.0,274158560.0,1019498.8125
2022-01-13,1.3020000457763672,1.3140000104904175,1.3009999990463257,1.3029999732971191,179718496.0,234965424.0,1019498.8125
2022-01-14,1.2949999570846558,1.2949999570846558,1.2660000324249268,1.2669999599456787,155507504.0,198673264.0,1019498.8125
2022-01-17,1.2660000324249268,1.2740000486373901,1.2610000371932983,1.2660000324249268,136452304.0,172832496.0,1019498.8125
2022-01-18,1.2630000114440918,1.284999966621399,1.2630000114440918,1.277999997138977,137887008.0,175811168.0,1019498.8125
2022-01-19,1.2790000438690186,1.3079999685287476,1.2790000438690186,1.2999999523162842,173271536.0,225266304.0,1019498.8125
2022-01-20,1.2990000247955322,1.3420000076293945,1.2979999780654907,1.3350000381469727,263177408.0,349406336.0,1019498.8125
2022-01-21,1.3309999704360962,1.3420000076293945,1.3279999494552612,1.3339999914169312,159408704.0,213071632.0,1019498.8125
2022-01-24,1.3250000476837158,1.3350000381469727,1.3179999589920044,1.3229999542236328,123592800.0,164064832.0,1019498.8125
2022-01-25,1.315999984741211,1.3209999799728394,1.2979999780654907,1.2990000247955322,156177504.0,204533600.0,1019498.8125
2022-01-26,1.2999999523162842,1.3229999542236328,1.2999999523162842,1.3179999589920044,203083296.0,266885648.0,1019498.8125
2022-01-27,1.3079999685287476,1.309999942779541,1.281000018119812,1.281999945640564,163705040.0,211565024.0,1019498.8125
2022-01-28,1.2949999570846558,1.2979999780654907,1.2640000581741333,1.2680000066757202,168868864.0,216103792.0,1019498.8125
2022-02-07,1.2899999618530273,1.3029999732971191,1.2860000133514404,1.3009999990463257,141377504.0,183304496.0,1019498.8125
2022-02-08,1.2960000038146973,1.315000057220459,1.2899999618530273,1.3079999685287476,159696896.0,208052320.0,1019498.8125
2022-02-09,1.309999942779541,1.3209999799728394,1.309000015258789,1.312999963760376,129984800.0,170857296.0,1019498.8125
2022-02-10,1.3179999589920044,1.319000005722046,1.309999942779541,1.312999963760376,106572704.0,140139376.0,1019498.8125
2022-02-11,1.309000015258789,1.3320000171661377,1.3049999475479126,1.309999942779541,205830208.0,271311072.0,1019498.8125
2022-02-14,1.3009999990463257,1.305999994277954,1.2699999809265137,1.274999976158142,137065680.0,175937616.0,1019498.8125
2022-02-15,1.2760000228881836,1.2769999504089355,1.2640000581741333,1.2660000324249268,105733928.0,134347824.0,1019498.8125
2022-02-16,1.274999976158142,1.2769999504089355,1.2630000114440918,1.2640000581741333,125866600.0,160016976.0,1019498.8125
2022-02-17,1.2640000581741333,1.2699999809265137,1.2580000162124634,1.2589999437332153,128309312.0,162172416.0,1019498.8125
2022-02-18,1.2569999694824219,1.2699999809265137,1.2549999952316284,1.2630000114440918,106334400.0,134350240.0,1019498.8125
2022-02-21,1.2630000114440918,1.2640000581741333,1.2510000467300415,1.2549999952316284,117465200.0,147576832.0,1019498.8125
2022-02-22,1.25,1.2519999742507935,1.2259999513626099,1.2300000190734863,113336304.0,139993840.0,1019498.8125
2022-02-23,1.2330000400543213,1.2410000562667847,1.2300000190734863,1.2369999885559082,136702000.0,168989760.0,1019498.8125
2022-02-24,1.2289999723434448,1.2289999723434448,1.1859999895095825,1.1929999589920044,211038496.0,254289152.0,1019498.8125
2022-02-25,1.2050000429153442,1.2089999914169312,1.1829999685287476,1.184999942779541,185673504.0,221498128.0,1019498.8125
2022-02-28,1.184000015258789,1.1859999895095825,1.1629999876022339,1.1660000085830688,153439104.0,179292848.0,1019498.8125
2022-03-01,1.1720000505447388,1.184000015258789,1.1690000295639038,1.1829999685287476,193390496.0,227243760.0,1019498.8125
2022-03-02,1.1699999570846558,1.1770000457763672,1.1629999876022339,1.1640000343322754,179683200.0,209927984.0,1019498.8125
2022-03-03,1.1710000038146973,1.1799999475479126,1.1679999828338623,1.1770000457763672,197722096.0,232336896.0,1019498.8125
2022-03-04,1.1629999876022339,1.1649999618530273,1.1460000276565552,1.1469999551773071,162221904.0,187239200.0,1019498.8125
2022-03-07,1.1369999647140503,1.1390000581741333,1.1059999465942383,1.1089999675750732,151711248.0,169688400.0,1019498.8125
2022-03-08,1.1059999465942383,1.1150000095367432,1.0829999446868896,1.0850000381469727,218193904.0,240191728.0,1019498.8125
2022-03-09,1.0920000076293945,1.093000054359436,1.0390000343322754,1.062000036239624,329365888.0,350313760.0,1019498.8125
2022-03-10,1.090999960899353,1.0959999561309814,1.0789999961853027,1.0809999704360962,218653696.0,238348448.0,1019498.8125
2022-03-11,1.0640000104904175,1.0989999771118164,1.0529999732971191,1.0980000495910645,473368128.0,509641760.0,1019498.8125
2022-03-14,1.0800000429153442,1.0870000123977661,1.0470000505447388,1.0490000247955322,314463104.0,336070240.0,1019498.8125
2022-03-15,1.0329999923706055,1.0520000457763672,0.9890000224113464,0.9900000095367432,435163744.0,445993248.0,1019498.8125
2022-03-16,1.0149999856948853,1.0750000476837158,0.9890000224113464,1.0570000410079956,880505856.0,908165824.0,1019498.8125
2022-03-17,1.1080000400543213,1.125,1.0809999704360962,1.1030000448226929,674991680.0,743151488.0,1019498.8125
2022-03-18,1.097000002861023,1.1349999904632568,1.093000054359436,1.1330000162124634,551036608.0,615087680.0,1019498.8125
2022-03-21,1.1380000114440918,1.1390000581741333,1.1089999675750732,1.1119999885559082,188288304.0,211526144.0,1019498.8125
2022-03-22,1.1139999628067017,1.1239999532699585,1.1030000448226929,1.1139999628067017,262121056.0,292029952.0,1019498.8125
2022-03-23,1.121999979019165,1.1369999647140503,1.1200000047683716,1.13100004196167,272386208.0,308137504.0,1019498.8125
2022-03-24,1.125,1.1369999647140503,1.11899995803833,1.1239999532699585,223714704.0,252472832.0,1019498.8125
2022-03-25,1.1200000047683716,1.1330000162124634,1.090000033378601,1.090000033378601,284018112.0,316061568.0,1019498.8125
2022-03-28,1.090999960899353,1.1080000400543213,1.0800000429153442,1.0920000076293945,239434400.0,262471328.0,1019498.8125
2022-03-29,1.0989999771118164,1.1019999980926514,1.0839999914169312,1.0870000123977661,171877600.0,187948224.0,1019498.8125
2022-03-30,1.0959999561309814,1.1269999742507935,1.0950000286102295,1.1230000257492065,505478560.0,565061568.0,1019498.8125
2022-03-31,1.11899995803833,1.121999979019165,1.1039999723434448,1.1050000190734863,188098800.0,208897840.0,1019498.8125
2022-04-01,1.0950000286102295,1.1069999933242798,1.0850000381469727,1.1050000190734863,285115808.0,313208352.0,1019498.8125
2022-04-06,1.1050000190734863,1.1260000467300415,1.1039999723434448,1.1230000257492065,193367248.0,216244032.0,1019498.8125
2022-04-07,1.1160000562667847,1.1299999952316284,1.0989999771118164,1.100000023841858,213782400.0,238122160.0,1019498.8125
2022-04-08,1.1030000448226929,1.1230000257492065,1.100000023841858,1.1169999837875366,242457696.0,269611392.0,1019498.8125
2022-04-11,1.1180000305175781,1.1180000305175781,1.0829999446868896,1.0829999446868896,186748400.0,204464320.0,1019498.8125
2022-04-12,1.0850000381469727,1.1150000095367432,1.0759999752044678,1.1019999980926514,436938432.0,479890592.0,1019498.8125
2022-04-13,1.0959999561309814,1.1089999675750732,1.0859999656677246,1.093000054359436,265355600.0,291336736.0,1019498.8125
2022-04-14,1.1059999465942383,1.1169999837875366,1.100000023841858,1.1069999933242798,283728032.0,314978944.0,1019498.8125
2022-04-15,1.1009999513626099,1.1109999418258667,1.100000023841858,1.1019999980926514,173068416.0,191462960.0,1019498.8125
2022-04-18,1.090000033378601,1.0980000495910645,1.0870000123977661,1.0880000591278076,107757296.0,117514304.0,1019498.8125
2022-04-19,1.0839999914169312,1.0880000591278076,1.0700000524520874,1.0729999542236328,136881584.0,147619568.0,1019498.8125
2022-04-20,1.0740000009536743,1.0789999961853027,1.059999942779541,1.059999942779541,163137296.0,174738528.0,1019498.8125
2022-04-21,1.059000015258789,1.069000005722046,1.0499999523162842,1.0520000457763672,294660608.0,312478112.0,1019498.8125
2022-04-22,1.0449999570846558,1.069000005722046,1.0420000553131104,1.062000036239624,340238912.0,360265184.0,1019498.8125
2022-04-25,1.0529999732971191,1.0549999475479126,1.0169999599456787,1.0169999599456787,464769088.0,483060640.0,1019498.8125
2022-04-26,1.0269999504089355,1.031999945640564,0.9980000257492065,0.9990000128746033,366604608.0,373890752.0,1019498.8125
2022-04-27,0.9929999709129333,1.0130000114440918,0.9890000224113464,1.0080000162124634,421541728.0,422415424.0,1019498.8125
2022-04-28,1.0099999904632568,1.0230000019073486,1.0069999694824219,1.0219999551773071,229884192.0,233814432.0,1019498.8125
2022-04-29,1.034000039100647,1.0789999961853027,1.031999945640564,1.062000036239624,513943968.0,544393280.0,1019498.8125
2022-05-05,1.0479999780654907,1.0520000457763672,1.0379999876022339,1.0379999876022339,160888992.0,167968512.0,1019498.8125
2022-05-06,1.0210000276565552,1.0269999504089355,1.0080000162124634,1.0089999437332153,195577200.0,199081472.0,1019498.8125
2022-05-09,1.003000020980835,1.0119999647140503,1.0,1.0069999694824219,100214000.0,100969712.0,1019498.8125
2022-05-10,1.0019999742507935,1.0269999504089355,0.9950000047683716,1.0219999551773071,290722816.0,295274176.0,1019498.8125
2022-05-11,1.0230000019073486,1.0479999780654907,1.0199999809265137,1.0260000228881836,325446304.0,336821184.0,1019498.8125
2022-05-12,1.0190000534057617,1.034999966621399,1.0140000581741333,1.0190000534057617,210388992.0,215055328.0,1019498.8125
2022-05-13,1.027999997138977,1.0369999408721924,1.0269999504089355,1.034999966621399,220117504.0,227093840.0,1019498.8125
2022-05-16,1.0449999570846558,1.0479999780654907,1.024999976158142,1.0260000228881836,150535632.0,155349888.0,1019498.8125
2022-05-17,1.0290000438690186,1.0429999828338623,1.0269999504089355,1.0429999828338623,217035552.0,224762272.0,1019498.8125
2022-05-18,1.0460000038146973,1.0520000457763672,1.0390000343322754,1.0440000295639038,258910800.0,270962592.0,1019498.8125
2022-05-19,1.034000039100647,1.0399999618530273,1.027999997138977,1.0399999618530273,138326704.0,143052960.0,1019498.8125
2022-05-20,1.0470000505447388,1.0609999895095825,1.0429999828338623,1.0460000038146973,352607904.0,370350496.0,1019498.8125
2022-05-23,1.0449999570846558,1.0470000505447388,1.0390000343322754,1.0399999618530273,183623648.0,191441040.0,1019498.8125
2022-05-24,1.0429999828338623,1.0479999780654907,1.0169999599456787,1.0169999599456787,186337296.0,192563728.0,1019498.8125
2022-05-25,1.0199999809265137,1.0230000019073486,1.0160000324249268,1.0219999551773071,145043600.0,147859088.0,1019498.8125
2022-05-26,1.0240000486373901,1.0490000247955322,1.0169999599456787,1.0360000133514404,284000704.0,293596864.0,1019498.8125
2022-05-27,1.0520000457763672,1.0579999685287476,1.0410000085830688,1.0449999570846558,220062304.0,231171664.0,1019498.8125
2022-05-30,1.0520000457763672,1.0579999685287476,1.0410000085830688,1.0420000553131104,183517792.0,192353280.0,1019498.8125
2022-05-31,1.0420000553131104,1.059999942779541,1.0390000343322754,1.0570000410079956,298359616.0,313473312.0,1019498.8125
2022-06-01,1.062000036239624,1.0759999752044678,1.059000015258789,1.0720000267028809,196764400.0,210433984.0,1019498.8125
2022-06-02,1.0700000524520874,1.0770000219345093,1.062000036239624,1.0670000314712524,211076992.0,225508320.0,1019498.8125
2022-06-06,1.0670000314712524,1.0800000429153442,1.0549999475479126,1.0740000009536743,428465536.0,458038272.0,1019498.8125
2022-06-07,1.0789999961853027,1.0989999771118164,1.0709999799728394,1.0829999446868896,366978496.0,399060800.0,1019498.8125
2022-06-08,1.0880000591278076,1.1059999465942383,1.0820000171661377,1.1039999723434448,438455616.0,480268128.0,1019498.8125
2022-06-09,1.1109999418258667,1.1319999694824219,1.093000054359436,1.093999981880188,547004352.0,608874304.0,1019498.8125
2022-06-10,1.0880000591278076,1.1150000095367432,1.0850000381469727,1.1100000143051147,590003648.0,649500096.0,1019498.8125
2022-06-13,1.0980000495910645,1.1039999723434448,1.0789999961853027,1.0829999446868896,308056192.0,336798304.0,1019498.8125
2022-06-14,1.0729999542236328,1.1180000305175781,1.0609999895095825,1.1100000143051147,671497216.0,731434368.0,1019498.8125
2022-06-15,1.1139999628067017,1.1710000038146973,1.1130000352859497,1.1369999647140503,1396157568.0,1599755776.0,1019498.8125
2022-06-16,1.1460000276565552,1.1480000019073486,1.1089999675750732,1.1089999675750732,565297408.0,637102016.0,1019498.8125
2022-06-17,1.1039999723434448,1.1239999532699585,1.0959999561309814,1.1089999675750732,600434112.0,666979136.0,1019498.8125
2022-06-20,1.1069999933242798,1.1239999532699585,1.1039999723434448,1.1089999675750732,376921216.0,419518048.0,1019498.8125
2022-06-21,1.1139999628067017,1.125,1.1080000400543213,1.1150000095367432,495793696.0,553173120.0,1019498.8125
2022-06-22,1.1160000562667847,1.1299999952316284,1.1089999675750732,1.1100000143051147,505911712.0,566785728.0,1019498.8125
2022-06-23,1.1119999885559082,1.1440000534057617,1.1109999418258667,1.1299999952316284,760120576.0,857451008.0,1019498.8125
2022-06-24,1.1349999904632568,1.1410000324249268,1.128999948501587,1.1369999647140503,409784768.0,464911328.0,1019498.8125
2022-06-27,1.1490000486373901,1.1660000085830688,1.1490000486373901,1.159000039100647,545244416.0,632206144.0,1019498.8125
2022-06-28,1.156000018119812,1.1729999780654907,1.1469999551773071,1.1670000553131104,424878624.0,491568544.0,1019498.8125
2022-06-29,1.1670000553131104,1.1790000200271606,1.1440000534057617,1.1460000276565552,511607104.0,595534400.0,1019498.8125
2022-06-30,1.1510000228881836,1.1710000038146973,1.1469999551773071,1.1510000228881836,385344512.0,447869440.0,1019498.8125
2022-07-01,1.1519999504089355,1.1540000438690186,1.1449999809265137,1.1460000276565552,100753264.0,115827136.0,1019498.8125
2022-07-04,1.1449999809265137,1.1469999551773071,1.1269999742507935,1.1330000162124634,435378592.0,493087200.0,1019498.8125
2022-07-05,1.1399999856948853,1.1469999551773071,1.125,1.128000020980835,294743104.0,334550240.0,1019498.8125
2022-07-06,1.1260000467300415,1.128999948501587,1.1009999513626099,1.1039999723434448,395929952.0,441187328.0,1019498.8125
2022-07-07,1.1050000190734863,1.1139999628067017,1.100000023841858,1.1080000400543213,271692896.0,300940800.0,1019498.8125
2022-07-08,1.1139999628067017,1.1200000047683716,1.1059999465942383,1.1069999933242798,284880992.0,316969536.0,1019498.8125
2022-07-11,1.1050000190734863,1.1059999465942383,1.0880000591278076,1.090999960899353,252497792.0,276362688.0,1019498.8125
2022-07-12,1.093000054359436,1.1030000448226929,1.0889999866485596,1.090000033378601,286782112.0,314257184.0,1019498.8125
2022-07-13,1.090000033378601,1.097000002861023,1.0839999914169312,1.0870000123977661,254399008.0,277872416.0,1019498.8125
2022-07-14,1.0850000381469727,1.0859999656677246,1.0740000009536743,1.0770000219345093,245316704.0,264988432.0,1019498.8125
2022-07-15,1.0770000219345093,1.0809999704360962,1.065000057220459,1.065000057220459,195564304.0,209995248.0,1019498.8125
2022-07-18,1.0679999589920044,1.0839999914169312,1.0670000314712524,1.0800000429153442,309740608.0,333266688.0,1019498.8125
2022-07-19,1.0770000219345093,1.0859999656677246,1.0720000267028809,1.0809999704360962,252977200.0,273031712.0,1019498.8125
2022-07-20,1.0859999656677246,1.090999960899353,1.0820000171661377,1.0829999446868896,191174848.0,207713360.0,1019498.8125
2022-07-21,1.0800000429153442,1.0829999446868896,1.0740000009536743,1.0740000009536743,245949696.0,265536464.0,1019498.8125
2022-07-22,1.0770000219345093,1.0870000123977661,1.0740000009536743,1.0779999494552612,266880496.0,288277280.0,1019498.8125
2022-07-25,1.0770000219345093,1.0789999961853027,1.069000005722046,1.0700000524520874,189421504.0,203537760.0,1019498.8125
2022-07-26,1.0729999542236328,1.0889999866485596,1.0729999542236328,1.0870000123977661,259493408.0,280790400.0,1019498.8125
2022-07-27,1.0859999656677246,1.0880000591278076,1.0789999961853027,1.0789999961853027,134796192.0,146133088.0,1019498.8125
2022-07-28,1.0850000381469727,1.0959999561309814,1.0839999914169312,1.0850000381469727,226809504.0,247115232.0,1019498.8125
2022-07-29,1.0870000123977661,1.090000033378601,1.065000057220459,1.065999984741211,210066800.0,226425472.0,1019498.8125
2022-08-01,1.0670000314712524,1.0670000314712524,1.0549999475479126,1.062000036239624,171367008.0,181771744.0,1019498.8125
2022-08-02,1.0540000200271606,1.0570000410079956,1.0290000438690186,1.034999966621399,291731616.0,302751040.0,1019498.8125
2022-08-03,1.0379999876022339,1.0449999570846558,1.0269999504089355,1.0290000438690186,241943744.0,250602880.0,1019498.8125
2022-08-04,1.0360000133514404,1.0429999828338623,1.034999966621399,1.0410000085830688,250630096.0,260490544.0,1019498.8125
2022-08-05,1.0440000295639038,1.0640000104904175,1.0420000553131104,1.059999942779541,313611392.0,330016384.0,1019498.8125
2022-08-08,1.0570000410079956,1.0670000314712524,1.055999994277954,1.062000036239624,179434592.0,190727040.0,1019498.8125
2022-08-09,1.059000015258789,1.069000005722046,1.0570000410079956,1.0609999895095825,200160192.0,212398784.0,1019498.8125
2022-08-10,1.059999942779541,1.065000057220459,1.0420000553131104,1.0429999828338623,215471712.0,226877264.0,1019498.8125
2022-08-11,1.0509999990463257,1.0820000171661377,1.0479999780654907,1.0779999494552612,519575104.0,554986880.0,1019498.8125
2022-08-12,1.0750000476837158,1.0880000591278076,1.0750000476837158,1.0829999446868896,260170096.0,281748480.0,1019498.8125
2022-08-15,1.0809999704360962,1.090000033378601,1.0759999752044678,1.0800000429153442,164153296.0,177632832.0,1019498.8125
2022-08-16,1.0800000429153442,1.0859999656677246,1.0720000267028809,1.0750000476837158,197047840.0,212864624.0,1019498.8125
2022-08-17,1.0770000219345093,1.093000054359436,1.0720000267028809,1.0839999914169312,350234592.0,380029824.0,1019498.8125
2022-08-18,1.0800000429153442,1.0820000171661377,1.0709999799728394,1.0720000267028809,189803696.0,204383072.0,1019498.8125
2022-08-19,1.069000005722046,1.0820000171661377,1.069000005722046,1.0740000009536743,183345904.0,197657264.0,1019498.8125
2022-08-22,1.0709999799728394,1.0770000219345093,1.0700000524520874,1.0740000009536743,151604832.0,162786880.0,1019498.8125
2022-08-23,1.0709999799728394,1.0839999914169312,1.0679999589920044,1.0720000267028809,226041504.0,242755776.0,1019498.8125
2022-08-24,1.0729999542236328,1.0859999656677246,1.059000015258789,1.0609999895095825,255464896.0,273904128.0,1019498.8125
2022-08-25,1.059999942779541,1.0800000429153442,1.059999942779541,1.0770000219345093,192039520.0,205229104.0,1019498.8125
2022-08-26,1.0820000171661377,1.0859999656677246,1.0750000476837158,1.0789999961853027,223297600.0,241488304.0,1019498.8125
2022-08-29,1.0740000009536743,1.0789999961853027,1.0720000267028809,1.0779999494552612,190891920.0,205391392.0,1019498.8125
2022-08-30,1.0800000429153442,1.0800000429153442,1.069000005722046,1.0729999542236328,204051904.0,219113552.0,1019498.8125
2022-08-31,1.069000005722046,1.0880000591278076,1.065000057220459,1.0729999542236328,326652512.0,351200512.0,1019498.8125
2022-09-01,1.0720000267028809,1.0770000219345093,1.065999984741211,1.065999984741211,161262000.0,172880976.0,1019498.8125
2022-09-02,1.0679999589920044,1.0740000009536743,1.059000015258789,1.062000036239624,166632096.0,177512240.0,1019498.8125
2022-09-05,1.059000015258789,1.062000036239624,1.0509999990463257,1.059999942779541,157362304.0,166140624.0,1019498.8125
2022-09-06,1.062000036239624,1.0700000524520874,1.0609999895095825,1.0700000524520874,199667600.0,212771248.0,1019498.8125
2022-09-07,1.065999984741211,1.0670000314712524,1.0609999895095825,1.065000057220459,159770000.0,169914864.0,1019498.8125
2022-09-08,1.0700000524520874,1.0709999799728394,1.0579999685287476,1.059999942779541,142726208.0,152105216.0,1019498.8125
2022-09-09,1.059999942779541,1.0789999961853027,1.059000015258789,1.0750000476837158,267697696.0,286819392.0,1019498.8125
2022-09-13,1.0779999494552612,1.0859999656677246,1.0740000009536743,1.0750000476837158,173004704.0,186772896.0,1019498.8125
2022-09-14,1.065000057220459,1.065000057220459,1.0490000247955322,1.0540000200271606,179089792.0,189062416.0,1019498.8125
2022-09-15,1.055999994277954,1.062999963760376,1.0520000457763672,1.0570000410079956,199329504.0,211112928.0,1019498.8125
2022-09-16,1.055999994277954,1.055999994277954,1.024999976158142,1.0260000228881836,235884896.0,245042816.0,1019498.8125
2022-09-19,1.0240000486373901,1.0269999504089355,1.0149999856948853,1.0160000324249268,199229408.0,203460672.0,1019498.8125
2022-09-20,1.0199999809265137,1.0240000486373901,1.0180000066757202,1.0180000066757202,138629104.0,141616720.0,1019498.8125
2022-09-21,1.0160000324249268,1.0219999551773071,1.0119999647140503,1.0140000581741333,203768096.0,207080384.0,1019498.8125
2022-09-22,1.0089999437332153,1.0119999647140503,1.0010000467300415,1.0019999742507935,212351696.0,213910960.0,1019498.8125
2022-09-23,1.003999948501587,1.0140000581741333,1.0010000467300415,1.003000020980835,250806800.0,252722576.0,1019498.8125
2022-09-26,1.0,1.0049999952316284,0.9810000061988831,0.9819999933242798,275338304.0,274312896.0,1019498.8125
2022-09-27,0.9829999804496765,0.9909999966621399,0.9779999852180481,0.9879999756813049,240471392.0,236767072.0,1019498.8125
2022-09-28,0.9850000143051147,0.9909999966621399,0.9760000109672546,0.9769999980926514,204468000.0,201387184.0,1019498.8125
2022-09-29,0.984000027179718,0.9860000014305115,0.9390000104904175,0.9430000185966492,302084896.0,290283392.0,1019498.8125
2022-09-30,0.9350000023841858,0.9440000057220459,0.9300000071525574,0.9309999942779541,233759360.0,218799680.0,1019498.8125
2022-10-10,0.9269999861717224,0.9369999766349792,0.9210000038146973,0.9210000038146973,173875808.0,161534704.0,1019498.8125
2022-10-11,0.921999990940094,0.9330000281333923,0.9179999828338623,0.9240000247955322,261662096.0,242004720.0,1019498.8125
2022-10-12,0.9200000166893005,0.9359999895095825,0.9100000262260437,0.9340000152587891,341977216.0,315053440.0,1019498.8125
2022-10-13,0.9259999990463257,0.9269999861717224,0.9129999876022339,0.9139999747276306,238693808.0,219071776.0,1019498.8125
2022-10-14,0.925000011920929,0.9440000057220459,0.9229999780654907,0.9290000200271606,392258496.0,366390848.0,1019498.8125
2022-10-17,0.9269999861717224,0.9350000023841858,0.9240000247955322,0.9330000281333923,228624400.0,212267648.0,1019498.8125
2022-10-18,0.9440000057220459,0.9470000267028809,0.9340000152587891,0.9440000057220459,268609760.0,252977536.0,1019498.8125
2022-10-19,0.9399999976158142,0.9539999961853027,0.9359999895095825,0.9359999895095825,241443008.0,228520464.0,1019498.8125
2022-10-20,0.9319999814033508,0.9520000219345093,0.9229999780654907,0.9359999895095825,301117792.0,281975136.0,1019498.8125
2022-10-21,0.9570000171661377,0.9620000123977661,0.9449999928474426,0.9470000267028809,286679392.0,273388672.0,1019498.8125
2022-10-24,0.9490000009536743,0.9539999961853027,0.8880000114440918,0.8930000066757202,538178368.0,493571072.0,1019498.8125
2022-10-25,0.8930000066757202,0.9070000052452087,0.8759999871253967,0.8889999985694885,513763296.0,457761024.0,1019498.8125
2022-10-26,0.8930000066757202,0.9179999828338623,0.8889999985694885,0.8920000195503235,353537216.0,319457952.0,1019498.8125
2022-10-27,0.8999999761581421,0.9100000262260437,0.8920000195503235,0.8930000066757202,349216896.0,315000096.0,1019498.8125
2022-10-28,0.8920000195503235,0.8949999809265137,0.8610000014305115,0.8619999885559082,366739264.0,322396064.0,1019498.8125
2022-10-31,0.8669999837875366,0.871999979019165,0.8550000190734863,0.8560000061988831,473837184.0,409427904.0,1019498.8125
2022-11-01,0.8629999756813049,0.8949999809265137,0.8619999885559082,0.8930000066757202,488341600.0,429278560.0,1019498.8125
2022-11-02,0.8889999985694885,0.9129999876022339,0.8859999775886536,0.9070000052452087,408748416.0,368389152.0,1019498.8125
2022-11-03,0.9010000228881836,0.9070000052452087,0.8960000276565552,0.8970000147819519,202466016.0,182595808.0,1019498.8125
2022-11-04,0.8989999890327454,0.9409999847412109,0.8989999890327454,0.9269999861717224,639256192.0,591687360.0,1019498.8125
2022-11-07,0.9240000247955322,0.9589999914169312,0.9229999780654907,0.9509999752044678,439939712.0,415951648.0,1019498.8125
2022-11-08,0.9549999833106995,0.9570000171661377,0.9440000057220459,0.949999988079071,234034800.0,222492880.0,1019498.8125
2022-11-09,0.9520000219345093,0.9639999866485596,0.9480000138282776,0.9490000009536743,254213504.0,242908176.0,1019498.8125
2022-11-10,0.9440000057220459,0.953000009059906,0.9399999976158142,0.9430000185966492,327330592.0,309701024.0,1019498.8125
2022-11-11,0.9890000224113464,0.996999979019165,0.968999981880188,0.9789999723434448,462989728.0,453290400.0,1019498.8125
2022-11-14,1.027999997138977,1.027999997138977,1.0,1.0080000162124634,650834048.0,658996160.0,1019498.8125
2022-11-15,1.0089999437332153,1.0549999475479126,1.0019999742507935,1.0449999570846558,860085312.0,893004352.0,1019498.8125
2022-11-16,1.0470000505447388,1.0520000457763672,1.024999976158142,1.0260000228881836,441093600.0,458055648.0,1019498.8125
2022-11-17,1.0210000276565552,1.034000039100647,1.0140000581741333,1.034000039100647,443254784.0,452999552.0,1019498.8125
2022-11-18,1.0399999618530273,1.0470000505447388,1.0180000066757202,1.0199999809265137,429547296.0,443612800.0,1019498.8125
2022-11-21,1.0160000324249268,1.0169999599456787,0.9980000257492065,1.0080000162124634,314191808.0,315853280.0,1019498.8125
2022-11-22,1.0099999904632568,1.024999976158142,1.003999948501587,1.00600004196167,427110048.0,433182240.0,1019498.8125
2022-11-23,1.0089999437332153,1.0240000486373901,1.0089999437332153,1.0160000324249268,446316640.0,453976000.0,1019498.8125
2022-11-24,1.024999976158142,1.031999945640564,1.0199999809265137,1.0230000019073486,286864992.0,293920224.0,1019498.8125
2022-11-25,1.0230000019073486,1.0369999408721924,1.0199999809265137,1.0299999713897705,432987200.0,445714048.0,1019498.8125
2022-11-28,1.0089999437332153,1.0160000324249268,0.9980000257492065,1.0149999856948853,409286976.0,412419712.0,1019498.8125
2022-11-29,1.0199999809265137,1.0720000267028809,1.0180000066757202,1.0570000410079956,663206592.0,698501376.0,1019498.8125
2022-11-30,1.059000015258789,1.0740000009536743,1.055999994277954,1.0609999895095825,377248800.0,401192992.0,1019498.8125
2022-12-01,1.090999960899353,1.1080000400543213,1.0809999704360962,1.0820000171661377,498261440.0,544918016.0,1019498.8125
2022-12-02,1.0800000429153442,1.0820000171661377,1.0579999685287476,1.065000057220459,360347584.0,384941536.0,1019498.8125
2022-12-05,1.0839999914169312,1.1139999628067017,1.0770000219345093,1.1109999418258667,661261824.0,724197888.0,1019498.8125
2022-12-06,1.1069999933242798,1.1239999532699585,1.1030000448226929,1.1069999933242798,408632992.0,454724864.0,1019498.8125
2022-12-07,1.1089999675750732,1.11899995803833,1.090999960899353,1.0920000076293945,468457792.0,519299552.0,1019498.8125
2022-12-08,1.0870000123977661,1.0980000495910645,1.0839999914169312,1.090999960899353,281640384.0,306722560.0,1019498.8125
2022-12-09,1.093999981880188,1.1119999885559082,1.0880000591278076,1.1030000448226929,380202496.0,418221984.0,1019498.8125
2022-12-12,1.100000023841858,1.1039999723434448,1.090999960899353,1.093999981880188,285150592.0,312786720.0,1019498.8125
2022-12-13,1.0989999771118164,1.1019999980926514,1.090000033378601,1.0950000286102295,218812096.0,240053072.0,1019498.8125
2022-12-14,1.0959999561309814,1.1069999933242798,1.0889999866485596,1.097000002861023,330094016.0,362770176.0,1019498.8125
2022-12-15,1.093999981880188,1.0959999561309814,1.0750000476837158,1.0779999494552612,220687296.0,238479696.0,1019498.8125
2022-12-16,1.0729999542236328,1.0880000591278076,1.065999984741211,1.0770000219345093,281342592.0,303482880.0,1019498.8125
2022-12-19,1.0779999494552612,1.0889999866485596,1.055999994277954,1.059999942779541,262058896.0,280279680.0,1019498.8125
2022-12-20,1.059000015258789,1.062000036239624,1.0379999876022339,1.0440000295639038,288973408.0,303572448.0,1019498.8125
2022-12-21,1.0470000505447388,1.0540000200271606,1.0440000295639038,1.0460000038146973,170777504.0,179054208.0,1019498.8125
2022-12-22,1.059999942779541,1.0779999494552612,1.059999942779541,1.065000057220459,189920016.0,202999456.0,1019498.8125
2022-12-23,1.0609999895095825,1.0759999752044678,1.059000015258789,1.0720000267028809,191796992.0,205267392.0,1019498.8125
2022-12-26,1.0709999799728394,1.0729999542236328,1.0640000104904175,1.0670000314712524,45294800.0,48341716.0,1019498.8125
2022-12-27,1.0750000476837158,1.0859999656677246,1.0720000267028809,1.0859999656677246,74536704.0,80485872.0,1019498.8125
2022-12-28,1.0829999446868896,1.093999981880188,1.0800000429153442,1.0829999446868896,184813200.0,200696384.0,1019498.8125
2022-12-29,1.0820000171661377,1.0820000171661377,1.0700000524520874,1.0720000267028809,172777536.0,185401312.0,1019498.8125
2022-12-30,1.0789999961853027,1.0829999446868896,1.0720000267028809,1.0750000476837158,157180400.0,169341888.0,1019498.8125
2023-01-03,1.065000057220459,1.069000005722046,1.0410000085830688,1.0670000314712524,235873792.0,249064160.0,1019498.8125
2023-01-04,1.069000005722046,1.0880000591278076,1.069000005722046,1.0870000123977661,227116096.0,245839648.0,1019498.8125
2023-01-05,1.1080000400543213,1.1330000162124634,1.1039999723434448,1.11899995803833,379500288.0,425750112.0,1019498.8125
2023-01-06,1.121000051498413,1.1269999742507935,1.1069999933242798,1.1100000143051147,283722624.0,316834720.0,1019498.8125
2023-01-09,1.1160000562667847,1.1460000276565552,1.1160000562667847,1.1349999904632568,343196608.0,389654016.0,1019498.8125
2023-01-10,1.1369999647140503,1.1460000276565552,1.1260000467300415,1.128000020980835,275959712.0,313507904.0,1019498.8125
2023-01-11,1.1319999694824219,1.1380000114440918,1.1169999837875366,1.1169999837875366,268469184.0,303106752.0,1019498.8125
2023-01-12,1.1230000257492065,1.1299999952316284,1.1039999723434448,1.1119999885559082,268034496.0,299174464.0,1019498.8125
2023-01-13,1.11899995803833,1.128000020980835,1.1119999885559082,1.1269999742507935,309797792.0,347207712.0,1019498.8125
2023-01-16,1.128999948501587,1.187000036239624,1.128000020980835,1.159000039100647,857141760.0,997797312.0,1019498.8125
2023-01-17,1.1640000343322754,1.1749999523162842,1.156999945640564,1.1649999618530273,411486976.0,478744832.0,1019498.8125
2023-01-18,1.1649999618530273,1.1759999990463257,1.1629999876022339,1.1660000085830688,246862096.0,288564448.0,1019498.8125
2023-01-19,1.1640000343322754,1.1799999475479126,1.1549999713897705,1.1770000457763672,493447712.0,577180160.0,1019498.8125
2023-01-20,1.1829999685287476,1.1890000104904175,1.1699999570846558,1.1859999895095825,270595488.0,319553216.0,1019498.8125
2023-01-30,1.2130000591278076,1.215999960899353,1.1720000505447388,1.1729999780654907,378220000.0,450606592.0,1019498.8125
2023-01-31,1.1720000505447388,1.1859999895095825,1.1480000019073486,1.1519999504089355,373903616.0,436417536.0,1019498.8125
2023-02-01,1.1579999923706055,1.1829999685287476,1.152999997138977,1.1820000410079956,363690112.0,424098784.0,1019498.8125
2023-02-02,1.2079999446868896,1.2130000591278076,1.1790000200271606,1.180999994277954,527612576.0,628963520.0,1019498.8125
2023-02-03,1.1749999523162842,1.1749999523162842,1.1449999809265137,1.152999997138977,374404096.0,432267264.0,1019498.8125
2023-02-06,1.1430000066757202,1.1440000534057617,1.1130000352859497,1.1139999628067017,377523296.0,424173664.0,1019498.8125
2023-02-07,1.11899995803833,1.1360000371932983,1.11899995803833,1.128000020980835,293611008.0,331599456.0,1019498.8125
2023-02-08,1.128000020980835,1.1339999437332153,1.121000051498413,1.121000051498413,190654496.0,214914496.0,1019498.8125
2023-02-09,1.1200000047683716,1.1399999856948853,1.1200000047683716,1.1390000581741333,282062144.0,319429440.0,1019498.8125
2023-02-10,1.1380000114440918,1.1390000581741333,1.1239999532699585,1.128000020980835,183807600.0,207774288.0,1019498.8125
2023-02-13,1.1230000257492065,1.1339999437332153,1.1160000562667847,1.1269999742507935,241605200.0,272077504.0,1019498.8125
2023-02-14,1.128999948501587,1.13100004196167,1.121000051498413,1.1230000257492065,156802800.0,176498320.0,1019498.8125
2023-02-15,1.1230000257492065,1.1269999742507935,1.1069999933242798,1.1080000400543213,170695504.0,190065056.0,1019498.8125
2023-02-16,1.1139999628067017,1.1330000162124634,1.1109999418258667,1.1160000562667847,400535200.0,450058048.0,1019498.8125
2023-02-17,1.1150000095367432,1.1200000047683716,1.100000023841858,1.1019999980926514,202836000.0,225207184.0,1019498.8125
2023-02-20,1.1080000400543213,1.1410000324249268,1.1059999465942383,1.1339999437332153,575305152.0,646850560.0,1019498.8125
2023-02-21,1.1339999437332153,1.1430000066757202,1.1239999532699585,1.13100004196167,364187296.0,412882144.0,1019498.8125
2023-02-22,1.1260000467300415,1.1319999694824219,1.1180000305175781,1.121000051498413,258744704.0,291037056.0,1019498.8125
2023-02-23,1.121999979019165,1.1390000581741333,1.121000051498413,1.1260000467300415,481021184.0,544009344.0,1019498.8125
2023-02-24,1.1269999742507935,1.1299999952316284,1.1059999465942383,1.1100000143051147,312073888.0,347876096.0,1019498.8125
2023-02-27,1.1059999465942383,1.1139999628067017,1.1009999513626099,1.1039999723434448,300118016.0,332431712.0,1019498.8125
2023-02-28,1.1080000400543213,1.1130000352859497,1.090999960899353,1.100000023841858,370204288.0,407498112.0,1019498.8125
2023-03-01,1.100000023841858,1.1239999532699585,1.0959999561309814,1.11899995803833,507450496.0,564955584.0,1019498.8125
2023-03-02,1.1139999628067017,1.1239999532699585,1.1119999885559082,1.11899995803833,254585104.0,284952096.0,1019498.8125
2023-03-03,1.1269999742507935,1.1330000162124634,1.1200000047683716,1.1299999952316284,361971008.0,408088512.0,1019498.8125
2023-03-06,1.1269999742507935,1.1390000581741333,1.1239999532699585,1.128000020980835,266917072.0,301583776.0,1019498.8125
2023-03-07,1.1269999742507935,1.1549999713897705,1.1160000562667847,1.11899995803833,500614112.0,568913472.0,1019498.8125
2023-03-08,1.1160000562667847,1.121000051498413,1.1080000400543213,1.1119999885559082,245328384.0,272903616.0,1019498.8125
2023-03-09,1.1130000352859497,1.1150000095367432,1.0959999561309814,1.0980000495910645,282988672.0,313165056.0,1019498.8125
2023-03-10,1.0859999656677246,1.0859999656677246,1.065000057220459,1.065999984741211,376735104.0,404250624.0,1019498.8125
2023-03-13,1.0670000314712524,1.0720000267028809,1.059999942779541,1.069000005722046,427121696.0,455331616.0,1019498.8125
2023-03-14,1.0640000104904175,1.065999984741211,1.0429999828338623,1.0460000038146973,341200896.0,359601248.0,1019498.8125
2023-03-15,1.059000015258789,1.0770000219345093,1.0579999685287476,1.069000005722046,312047904.0,334055232.0,1019498.8125
2023-03-16,1.062000036239624,1.0720000267028809,1.059999942779541,1.062000036239624,270075392.0,287749600.0,1019498.8125
2023-03-17,1.0729999542236328,1.100000023841858,1.0729999542236328,1.0839999914169312,450212608.0,489042560.0,1019498.8125
2023-03-20,1.0859999656677246,1.0889999866485596,1.062999963760376,1.0640000104904175,266964896.0,287409664.0,1019498.8125
2023-03-21,1.0729999542236328,1.0759999752044678,1.062999963760376,1.0720000267028809,258495392.0,276487232.0,1019498.8125
2023-03-22,1.0770000219345093,1.093000054359436,1.0759999752044678,1.0839999914169312,259445504.0,281696832.0,1019498.8125
2023-03-23,1.0829999446868896,1.093999981880188,1.0759999752044678,1.0920000076293945,287428288.0,311967712.0,1019498.8125
2023-03-24,1.090999960899353,1.1009999513626099,1.0859999656677246,1.0870000123977661,239504608.0,261778048.0,1019498.8125
2023-03-27,1.0880000591278076,1.090000033378601,1.0750000476837158,1.0829999446868896,239441696.0,259424528.0,1019498.8125
2023-03-28,1.0850000381469727,1.090999960899353,1.0809999704360962,1.0870000123977661,182782400.0,198519744.0,1019498.8125
2023-03-29,1.0980000495910645,1.1030000448226929,1.0839999914169312,1.0850000381469727,233448960.0,254467856.0,1019498.8125
2023-03-30,1.0859999656677246,1.090000033378601,1.0709999799728394,1.0789999961853027,285827200.0,308691616.0,1019498.8125
2023-03-31,1.0839999914169312,1.093000054359436,1.0820000171661377,1.090999960899353,202966592.0,220826768.0,1019498.8125
2023-04-03,1.090000033378601,1.1119999885559082,1.0880000591278076,1.1109999418258667,429997824.0,474775392.0,1019498.8125
2023-04-04,1.1130000352859497,1.1139999628067017,1.1019999980926514,1.1080000400543213,233415392.0,258369680.0,1019498.8125
2023-04-06,1.1039999723434448,1.1069999933242798,1.0950000286102295,1.0959999561309814,146228896.0,160984000.0,1019498.8125
2023-04-07,1.097000002861023,1.1069999933242798,1.097000002861023,1.1030000448226929,150364992.0,165807936.0,1019498.8125
2023-04-10,1.1100000143051147,1.1139999628067017,1.1050000190734863,1.1100000143051147,160367472.0,177830848.0,1019498.8125
2023-04-11,1.1150000095367432,1.1380000114440918,1.1130000352859497,1.121999979019165,379735488.0,427488992.0,1019498.8125
2023-04-12,1.1230000257492065,1.1330000162124634,1.11899995803833,1.1299999952316284,225156752.0,253731840.0,1019498.8125
2023-04-13,1.121000051498413,1.1260000467300415,1.1089999675750732,1.1119999885559082,227541408.0,253611712.0,1019498.8125
2023-04-14,1.11899995803833,1.121000051498413,1.1069999933242798,1.1119999885559082,196436000.0,218758528.0,1019498.8125
2023-04-17,1.1119999885559082,1.1549999713897705,1.1119999885559082,1.152999997138977,559779008.0,637856704.0,1019498.8125
2023-04-18,1.1480000019073486,1.1610000133514404,1.1440000534057617,1.1480000019073486,341845504.0,393616768.0,1019498.8125
2023-04-19,1.1480000019073486,1.1519999504089355,1.1339999437332153,1.1360000371932983,203792000.0,232463424.0,1019498.8125
2023-04-20,1.1339999437332153,1.1449999809265137,1.1339999437332153,1.1419999599456787,258691504.0,295036384.0,1019498.8125
2023-04-21,1.1390000581741333,1.1410000324249268,1.1100000143051147,1.1109999418258667,254369104.0,286222208.0,1019498.8125
2023-04-24,1.1089999675750732,1.1180000305175781,1.0950000286102295,1.0980000495910645,243135008.0,269585088.0,1019498.8125
2023-04-25,1.1009999513626099,1.1080000400543213,1.0920000076293945,1.1009999513626099,319418816.0,351317152.0,1019498.8125
2023-04-26,1.097000002861023,1.1080000400543213,1.093000054359436,1.1039999723434448,238440496.0,262405984.0,1019498.8125
2023-04-27,1.1030000448226929,1.1119999885559082,1.097000002861023,1.1039999723434448,295962240.0,326928704.0,1019498.8125
2023-04-28,1.1119999885559082,1.1349999904632568,1.1089999675750732,1.1239999532699585,446952704.0,502558144.0,1019498.8125
2023-05-04,1.1130000352859497,1.1360000371932983,1.1059999465942383,1.1319999694824219,349490912.0,393390720.0,1019498.8125
2023-05-05,1.1399999856948853,1.1779999732971191,1.1380000114440918,1.156999945640564,508753600.0,591792064.0,1019498.8125
2023-05-08,1.1610000133514404,1.194000005722046,1.156000018119812,1.1890000104904175,617295424.0,727679040.0,1019498.8125
2023-05-09,1.187999963760376,1.2480000257492065,1.187999963760376,1.2000000476837158,1204648320.0,1473477248.0,1019498.8125
2023-05-10,1.2050000429153442,1.2070000171661377,1.1690000295639038,1.1710000038146973,451106880.0,535574496.0,1019498.8125
2023-05-11,1.1770000457763672,1.1890000104904175,1.1649999618530273,1.1660000085830688,410827904.0,484130080.0,1019498.8125
2023-05-12,1.1710000038146973,1.1779999732971191,1.152999997138977,1.1540000438690186,347659744.0,405263648.0,1019498.8125
2023-05-15,1.152999997138977,1.1759999990463257,1.1369999647140503,1.1660000085830688,600955008.0,694554240.0,1019498.8125
2023-05-16,1.1699999570846558,1.184000015258789,1.1519999504089355,1.1519999504089355,415088704.0,484492096.0,1019498.8125
2023-05-17,1.156000018119812,1.1670000553131104,1.1510000228881836,1.1549999713897705,358896608.0,415799232.0,1019498.8125
2023-05-18,1.156000018119812,1.1720000505447388,1.1540000438690186,1.1619999408721924,467749088.0,544107520.0,1019498.8125
2023-05-19,1.159999966621399,1.1640000343322754,1.1490000486373901,1.1490000486373901,282641312.0,327021088.0,1019498.8125
2023-05-22,1.1480000019073486,1.159999966621399,1.1449999809265137,1.1510000228881836,334506400.0,384997568.0,1019498.8125
2023-05-23,1.1510000228881836,1.156000018119812,1.1330000162124634,1.1339999437332153,293252640.0,336114624.0,1019498.8125
2023-05-24,1.1299999952316284,1.13100004196167,1.1139999628067017,1.1150000095367432,304684704.0,341960224.0,1019498.8125
2023-05-25,1.1109999418258667,1.1150000095367432,1.0880000591278076,1.0959999561309814,487058816.0,535503616.0,1019498.8125
2023-05-26,1.097000002861023,1.097000002861023,1.0850000381469727,1.0920000076293945,94051368.0,102643200.0,1019498.8125
2023-05-29,1.0980000495910645,1.1039999723434448,1.0850000381469727,1.0889999866485596,257657904.0,282316000.0,1019498.8125
2023-05-30,1.0839999914169312,1.0950000286102295,1.0750000476837158,1.0859999656677246,361442816.0,391875744.0,1019498.8125
2023-05-31,1.0789999961853027,1.0839999914169312,1.0609999895095825,1.069000005722046,294503776.0,314943872.0,1019498.8125
2023-06-01,1.0729999542236328,1.0920000076293945,1.0709999799728394,1.0820000171661377,386216928.0,418426528.0,1019498.8125
2023-06-02,1.0920000076293945,1.0959999561309814,1.090000033378601,1.093999981880188,356801312.0,389767584.0,1019498.8125
2023-06-05,1.090999960899353,1.093000054359436,1.0779999494552612,1.0820000171661377,287771712.0,312073088.0,1019498.8125
2023-06-06,1.0839999914169312,1.0989999771118164,1.0779999494552612,1.0789999961853027,427018080.0,465752608.0,1019498.8125
2023-06-07,1.090000033378601,1.0950000286102295,1.0829999446868896,1.0889999866485596,308547584.0,336114784.0,1019498.8125
2023-06-08,1.0889999866485596,1.1069999933242798,1.0839999914169312,1.1019999980926514,432312704.0,473408928.0,1019498.8125
2023-06-09,1.1030000448226929,1.1069999933242798,1.0989999771118164,1.1039999723434448,218960496.0,241437760.0,1019498.8125
2023-06-12,1.1019999980926514,1.1039999723434448,1.093000054359436,1.0959999561309814,184653696.0,202560656.0,1019498.8125
2023-06-13,1.0950000286102295,1.1030000448226929,1.0920000076293945,1.1019999980926514,195513152.0,214672176.0,1019498.8125
2023-06-14,1.1009999513626099,1.1169999837875366,1.100000023841858,1.1009999513626099,230374640.0,255293856.0,1019498.8125
2023-06-15,1.1080000400543213,1.1180000305175781,1.100000023841858,1.1150000095367432,395025312.0,438808064.0,1019498.8125
2023-06-16,1.1180000305175781,1.1260000467300415,1.1130000352859497,1.121999979019165,243842304.0,273086240.0,1019498.8125
2023-06-19,1.1200000047683716,1.121000051498413,1.1019999980926514,1.1080000400543213,212895600.0,236149024.0,1019498.8125
2023-06-20,1.1109999418258667,1.1139999628067017,1.097000002861023,1.0989999771118164,229870800.0,254306464.0,1019498.8125
2023-06-21,1.093000054359436,1.100000023841858,1.0839999914169312,1.0850000381469727,159543904.0,173929296.0,1019498.8125
2023-06-26,1.065999984741211,1.0700000524520874,1.0609999895095825,1.0640000104904175,151550096.0,161345392.0,1019498.8125
2023-06-27,1.0679999589920044,1.0770000219345093,1.0670000314712524,1.0750000476837158,171790896.0,184170048.0,1019498.8125
2023-06-28,1.0740000009536743,1.0750000476837158,1.0670000314712524,1.0729999542236328,159598400.0,170973312.0,1019498.8125
2023-06-29,1.0750000476837158,1.0750000476837158,1.0670000314712524,1.0679999589920044,134075904.0,143430464.0,1019498.8125
2023-06-30,1.065999984741211,1.0889999866485596,1.065999984741211,1.0820000171661377,283085632.0,305553472.0,1019498.8125
2023-07-03,1.0850000381469727,1.1009999513626099,1.0839999914169312,1.0989999771118164,247298000.0,270679136.0,1019498.8125
2023-07-04,1.0959999561309814,1.1030000448226929,1.093999981880188,1.0959999561309814,157396192.0,172838304.0,1019498.8125
2023-07-05,1.093000054359436,1.0950000286102295,1.0839999914169312,1.0850000381469727,128651000.0,139938160.0,1019498.8125
2023-07-06,1.0839999914169312,1.0920000076293945,1.0709999799728394,1.0740000009536743,193061104.0,208979760.0,1019498.8125
2023-07-07,1.0700000524520874,1.0829999446868896,1.065000057220459,1.0709999799728394,282591392.0,303314208.0,1019498.8125
2023-07-10,1.0789999961853027,1.0820000171661377,1.0679999589920044,1.0720000267028809,183954096.0,197606112.0,1019498.8125
2023-07-11,1.0759999752044678,1.0809999704360962,1.0729999542236328,1.0750000476837158,156777808.0,168887360.0,1019498.8125
2023-07-12,1.0789999961853027,1.0820000171661377,1.0700000524520874,1.0709999799728394,158201504.0,170453552.0,1019498.8125
2023-07-13,1.0789999961853027,1.0989999771118164,1.0779999494552612,1.0989999771118164,339720192.0,370482240.0,1019498.8125
2023-07-14,1.1009999513626099,1.1050000190734863,1.0920000076293945,1.093999981880188,227678720.0,250508240.0,1019498.8125
2023-07-17,1.090999960899353,1.093000054359436,1.0880000591278076,1.090000033378601,68233400.0,74374752.0,1019498.8125
2023-07-18,1.0920000076293945,1.100000023841858,1.0870000123977661,1.0880000591278076,253250800.0,276815488.0,1019498.8125
2023-07-19,1.0870000123977661,1.1039999723434448,1.0870000123977661,1.1019999980926514,292425600.0,320087552.0,1019498.8125
2023-07-20,1.1069999933242798,1.1109999418258667,1.090999960899353,1.093999981880188,196406304.0,216749296.0,1019498.8125
2023-07-21,1.090000033378601,1.1019999980926514,1.0880000591278076,1.093999981880188,200160400.0,219434176.0,1019498.8125
2023-07-24,1.0880000591278076,1.093999981880188,1.0759999752044678,1.0779999494552612,188388192.0,204405504.0,1019498.8125
2023-07-25,1.1139999628067017,1.1510000228881836,1.1089999675750732,1.1480000019073486,855792192.0,966140608.0,1019498.8125
2023-07-26,1.1449999809265137,1.149999976158142,1.1330000162124634,1.1469999551773071,309707584.0,353614400.0,1019498.8125
2023-07-27,1.1519999504089355,1.1549999713897705,1.1380000114440918,1.1419999599456787,331990112.0,380702304.0,1019498.8125
2023-07-28,1.1369999647140503,1.2330000400543213,1.1369999647140503,1.2209999561309814,1974878848.0,2362066944.0,1019498.8125
2023-07-31,1.2410000562667847,1.2660000324249268,1.2269999980926514,1.2280000448226929,1522159488.0,1890012288.0,1019498.8125
2023-08-01,1.2269999980926514,1.2400000095367432,1.2059999704360962,1.2070000171661377,909063616.0,1112987520.0,1019498.8125
2023-08-02,1.2100000381469727,1.2480000257492065,1.1990000009536743,1.2009999752044678,1486467072.0,1812993920.0,1019498.8125
2023-08-03,1.2120000123977661,1.2450000047683716,1.1979999542236328,1.2359999418258667,1698417408.0,2080524288.0,1019498.8125
2023-08-04,1.274999976158142,1.284000039100647,1.2350000143051147,1.2369999885559082,2605498880.0,3285170432.0,1019498.8125
2023-08-07,1.2280000448226929,1.2350000143051147,1.2209999561309814,1.2230000495910645,948538624.0,1163765888.0,1019498.8125
2023-08-08,1.218999981880188,1.253999948501587,1.2029999494552612,1.2269999980926514,1673182208.0,2066348032.0,1019498.8125
2023-08-09,1.218999981880188,1.2380000352859497,1.218000054359436,1.218999981880188,832034560.0,1019976576.0,1019498.8125
2023-08-10,1.222000002861023,1.2359999418258667,1.218999981880188,1.2319999933242798,1750298752.0,2147536640.0,1019498.8125
2023-08-11,1.2330000400543213,1.2350000143051147,1.1859999895095825,1.187000036239624,1280633856.0,1543149824.0,1019498.8125
2023-08-14,1.1740000247955322,1.187999963760376,1.1699999570846558,1.1710000038146973,1065169600.0,1255856512.0,1019498.8125
2023-08-15,1.1749999523162842,1.1929999589920044,1.1710000038146973,1.1920000314712524,1279681536.0,1513729152.0,1019498.8125
2023-08-16,1.1790000200271606,1.2139999866485596,1.1759999990463257,1.1799999475479126,1356662656.0,1616283008.0,1019498.8125
2023-08-17,1.1710000038146973,1.184999942779541,1.1640000343322754,1.1799999475479126,1120594304.0,1316171008.0,1019498.8125
2023-08-18,1.1799999475479126,1.1959999799728394,1.1660000085830688,1.1679999828338623,798217856.0,943311936.0,1019498.8125
2023-08-21,1.156999945640564,1.1629999876022339,1.1160000562667847,1.1169999837875366,851931136.0,967178752.0,1019498.8125
2023-08-22,1.121999979019165,1.1460000276565552,1.1200000047683716,1.1369999647140503,1101958784.0,1246518656.0,1019498.8125
2023-08-23,1.1349999904632568,1.1430000066757202,1.1239999532699585,1.1260000467300415,576625984.0,653446656.0,1019498.8125
2023-08-24,1.1319999694824219,1.1640000343322754,1.1319999694824219,1.1510000228881836,1064273280.0,1222956672.0,1019498.8125
2023-08-25,1.1449999809265137,1.1660000085830688,1.1449999809265137,1.1540000438690186,920762880.0,1065517760.0,1019498.8125
2023-08-28,1.2690000534057617,1.2690000534057617,1.1699999570846558,1.1720000505447388,2612736768.0,3170643200.0,1019498.8125
2023-08-29,1.1749999523162842,1.1970000267028809,1.1610000133514404,1.1859999895095825,1482018944.0,1749966592.0,1019498.8125
2023-08-30,1.1979999542236328,1.2109999656677246,1.1699999570846558,1.1710000038146973,873694912.0,1038892416.0,1019498.8125
2023-08-31,1.1740000247955322,1.1779999732971191,1.1399999856948853,1.1410000324249268,757529600.0,875387392.0,1019498.8125
2023-09-01,1.1469999551773071,1.156999945640564,1.1430000066757202,1.1460000276565552,418478432.0,480838208.0,1019498.8125
2023-09-04,1.1519999504089355,1.1690000295639038,1.1469999551773071,1.1629999876022339,682902848.0,792387136.0,1019498.8125
2023-09-05,1.1610000133514404,1.1619999408721924,1.1519999504089355,1.1549999713897705,472688320.0,546972096.0,1019498.8125
2023-09-06,1.1549999713897705,1.1579999923706055,1.1460000276565552,1.1549999713897705,512104576.0,589612608.0,1019498.8125
2023-09-07,1.152999997138977,1.159999966621399,1.1399999856948853,1.1419999599456787,553676160.0,637922560.0,1019498.8125
2023-09-08,1.1369999647140503,1.1540000438690186,1.1349999904632568,1.1469999551773071,355424864.0,407825152.0,1019498.8125
2023-09-11,1.1430000066757202,1.1699999570846558,1.1380000114440918,1.159000039100647,703460224.0,814389888.0,1019498.8125
2023-09-12,1.159000039100647,1.1619999408721924,1.1519999504089355,1.1579999923706055,328148256.0,379584000.0,1019498.8125
2023-09-13,1.156000018119812,1.1610000133514404,1.1410000324249268,1.1449999809265137,403224832.0,463510048.0,1019498.8125
2023-09-14,1.1469999551773071,1.1540000438690186,1.1410000324249268,1.1510000228881836,517047008.0,593508800.0,1019498.8125
2023-09-15,1.1540000438690186,1.156000018119812,1.1380000114440918,1.1419999599456787,566937600.0,650932800.0,1019498.8125
2023-09-18,1.1349999904632568,1.1380000114440918,1.128000020980835,1.1299999952316284,359466720.0,407254336.0,1019498.8125
2023-09-19,1.128999948501587,1.1369999647140503,1.128999948501587,1.13100004196167,395214400.0,447764480.0,1019498.8125
2023-09-20,1.128999948501587,1.13100004196167,1.1230000257492065,1.1239999532699585,328876544.0,370502656.0,1019498.8125
2023-09-21,1.121000051498413,1.128999948501587,1.1100000143051147,1.1109999418258667,546881536.0,611199424.0,1019498.8125
2023-09-22,1.1089999675750732,1.1460000276565552,1.1089999675750732,1.1460000276565552,833216192.0,942770624.0,1019498.8125
2023-09-25,1.1410000324249268,1.1419999599456787,1.121999979019165,1.1239999532699585,286539072.0,324109760.0,1019498.8125
2023-09-26,1.121000051498413,1.128000020980835,1.1139999628067017,1.1150000095367432,456364896.0,511794720.0,1019498.8125
2023-09-27,1.1150000095367432,1.1230000257492065,1.1139999628067017,1.1150000095367432,368146496.0,411230752.0,1019498.8125
2023-09-28,1.11899995803833,1.121000051498413,1.1009999513626099,1.1019999980926514,305578848.0,339397888.0,1019498.8125
2023-10-09,1.0950000286102295,1.0980000495910645,1.0829999446868896,1.0950000286102295,357224384.0,389090752.0,1019498.8125
2023-10-10,1.1009999513626099,1.1100000143051147,1.0920000076293945,1.093999981880188,304018144.0,335147968.0,1019498.8125
2023-10-11,1.1019999980926514,1.1080000400543213,1.100000023841858,1.1030000448226929,350325504.0,386626624.0,1019498.8125
2023-10-12,1.1180000305175781,1.1299999952316284,1.1169999837875366,1.1260000467300415,386981568.0,435204512.0,1019498.8125
2023-10-13,1.1119999885559082,1.1150000095367432,1.1009999513626099,1.1030000448226929,272819904.0,301844256.0,1019498.8125
2023-10-16,1.1019999980926514,1.1030000448226929,1.0880000591278076,1.090000033378601,275428704.0,301831168.0,1019498.8125
2023-10-17,1.097000002861023,1.1160000562667847,1.093999981880188,1.1069999933242798,533187712.0,589829952.0,1019498.8125
2023-10-18,1.1030000448226929,1.1119999885559082,1.100000023841858,1.100000023841858,286354432.0,316617376.0,1019498.8125
2023-10-19,1.0950000286102295,1.0989999771118164,1.0809999704360962,1.0829999446868896,505100096.0,550684288.0,1019498.8125
2023-10-20,1.0789999961853027,1.0920000076293945,1.0770000219345093,1.0850000381469727,456496192.0,495848000.0,1019498.8125
2023-10-23,1.0800000429153442,1.0800000429153442,1.062999963760376,1.065999984741211,193859712.0,207810288.0,1019498.8125
2023-10-24,1.0720000267028809,1.097000002861023,1.065999984741211,1.093999981880188,680558976.0,736327360.0,1019498.8125
2023-10-25,1.1100000143051147,1.1139999628067017,1.0839999914169312,1.0859999656677246,651615552.0,716416896.0,1019498.8125
2023-10-26,1.0829999446868896,1.0889999866485596,1.069000005722046,1.0729999542236328,474714752.0,510701088.0,1019498.8125
2023-10-27,1.0729999542236328,1.0920000076293945,1.0679999589920044,1.0870000123977661,521223808.0,563502912.0,1019498.8125
2023-10-30,1.0829999446868896,1.0829999446868896,1.0759999752044678,1.0800000429153442,409022400.0,441678464.0,1019498.8125
2023-10-31,1.0779999494552612,1.0889999866485596,1.0720000267028809,1.0770000219345093,466115680.0,503668736.0,1019498.8125
2023-11-01,1.0850000381469727,1.0880000591278076,1.0770000219345093,1.0779999494552612,342272096.0,370260608.0,1019498.8125
2023-11-02,1.0850000381469727,1.0880000591278076,1.0770000219345093,1.0770000219345093,256135280.0,277422336.0,1019498.8125
2023-11-03,1.0829999446868896,1.0989999771118164,1.0800000429153442,1.0959999561309814,522894112.0,570581248.0,1019498.8125
2023-11-06,1.1230000257492065,1.149999976158142,1.1200000047683716,1.1369999647140503,1156135296.0,1311201280.0,1019498.8125
2023-11-07,1.1330000162124634,1.1390000581741333,1.128000020980835,1.13100004196167,492142784.0,557756288.0,1019498.8125
2023-11-08,1.128999948501587,1.128999948501587,1.1139999628067017,1.1169999837875366,435219968.0,488152704.0,1019498.8125
2023-11-09,1.1130000352859497,1.121999979019165,1.1119999885559082,1.1180000305175781,389131712.0,434875328.0,1019498.8125
2023-11-10,1.1130000352859497,1.1180000305175781,1.1089999675750732,1.1160000562667847,400673984.0,446305856.0,1019498.8125
2023-11-13,1.121000051498413,1.121000051498413,1.1119999885559082,1.1160000562667847,258052992.0,287625408.0,1019498.8125
2023-11-14,1.1200000047683716,1.152999997138977,1.11899995803833,1.1339999437332153,912467328.0,1037645248.0,1019498.8125
2023-11-15,1.1480000019073486,1.1540000438690186,1.1380000114440918,1.1410000324249268,472236224.0,540908672.0,1019498.8125
2023-11-16,1.1430000066757202,1.1469999551773071,1.1369999647140503,1.1390000581741333,366597696.0,418423488.0,1019498.8125
2023-11-17,1.1319999694824219,1.1399999856948853,1.1299999952316284,1.1339999437332153,276644096.0,313889792.0,1019498.8125
2023-11-20,1.1339999437332153,1.1360000371932983,1.121000051498413,1.128999948501587,362934912.0,409463200.0,1019498.8125
2023-11-21,1.1339999437332153,1.1449999809265137,1.11899995803833,1.11899995803833,538033984.0,609820352.0,1019498.8125
2023-11-22,1.1169999837875366,1.1230000257492065,1.1130000352859497,1.1130000352859497,266041120.0,297503936.0,1019498.8125
2023-11-23,1.1150000095367432,1.1200000047683716,1.1089999675750732,1.11899995803833,287571232.0,320494624.0,1019498.8125
2023-11-24,1.1169999837875366,1.1169999837875366,1.1089999675750732,1.1109999418258667,211247392.0,235014896.0,1019498.8125
2023-11-27,1.1119999885559082,1.1139999628067017,1.0950000286102295,1.0980000495910645,329902272.0,362814816.0,1019498.8125
2023-11-28,1.0959999561309814,1.0989999771118164,1.090000033378601,1.093999981880188,202932240.0,222159072.0,1019498.8125
2023-11-29,1.093999981880188,1.0959999561309814,1.059000015258789,1.062000036239624,393688512.0,422693120.0,1019498.8125
2023-11-30,1.062000036239624,1.0720000267028809,1.0570000410079956,1.069000005722046,356609184.0,380455072.0,1019498.8125
2023-12-01,1.065000057220459,1.0779999494552612,1.0640000104904175,1.0709999799728394,341276864.0,365230016.0,1019498.8125
2023-12-04,1.0729999542236328,1.0750000476837158,1.0509999990463257,1.0520000457763672,312282432.0,332626176.0,1019498.8125
2023-12-05,1.0509999990463257,1.0529999732971191,1.0230000019073486,1.024999976158142,440296224.0,456259616.0,1019498.8125
2023-12-06,1.0290000438690186,1.0390000343322754,1.027999997138977,1.031999945640564,389593920.0,402815808.0,1019498.8125
2023-12-07,1.0299999713897705,1.0299999713897705,1.0180000066757202,1.0230000019073486,483461024.0,495147168.0,1019498.8125
2023-12-08,1.024999976158142,1.0329999923706055,1.0190000534057617,1.0199999809265137,395448288.0,406170400.0,1019498.8125
2023-12-11,1.0160000324249268,1.0230000019073486,1.0019999742507935,1.0180000066757202,519894048.0,526766144.0,1019498.8125
2023-12-12,1.0169999599456787,1.024999976158142,1.0169999599456787,1.0240000486373901,299802368.0,306268832.0,1019498.8125
2023-12-13,1.0210000276565552,1.0219999551773071,1.0019999742507935,1.003999948501587,300422592.0,303934336.0,1019498.8125
2023-12-14,1.0119999647140503,1.0169999599456787,1.0019999742507935,1.003999948501587,331484672.0,334127040.0,1019498.8125
2023-12-15,1.0110000371932983,1.0290000438690186,1.0099999904632568,1.0160000324249268,580493248.0,591429120.0,1019498.8125
2023-12-18,1.0149999856948853,1.0230000019073486,1.0080000162124634,1.0089999437332153,392425280.0,398625472.0,1019498.8125
2023-12-19,1.0069999694824219,1.0119999647140503,1.0010000467300415,1.00600004196167,368360608.0,370928640.0,1019498.8125
2023-12-20,1.0099999904632568,1.0119999647140503,0.9980000257492065,1.0010000467300415,276344800.0,277960800.0,1019498.8125
2023-12-21,0.9940000176429749,1.00600004196167,0.9919999837875366,1.0019999742507935,382868800.0,382665376.0,1019498.8125
2023-12-22,1.003999948501587,1.0119999647140503,0.9879999756813049,0.9900000095367432,559403200.0,559285056.0,1019498.8125
2023-12-25,0.9900000095367432,0.9909999966621399,0.9850000143051147,0.9869999885559082,100787104.0,99536264.0,1019498.8125
2023-12-26,0.9869999885559082,0.9890000224113464,0.9819999933242798,0.984000027179718,87024096.0,85744728.0,1019498.8125
2023-12-27,0.9879999756813049,1.0080000162124634,0.9819999933242798,1.0010000467300415,573724032.0,572332160.0,1019498.8125
2023-12-28,0.9990000128746033,1.0329999923706055,0.9980000257492065,1.0260000228881836,563968832.0,574719552.0,1019498.8125
2023-12-29,1.0230000019073486,1.0290000438690186,1.0230000019073486,1.0260000228881836,311803104.0,319977280.0,1019498.8125
2024-01-02,1.0269999504089355,1.0290000438690186,1.0169999599456787,1.0169999599456787,167265904.0,171231776.0,1019498.8125
2024-01-03,1.0140000581741333,1.0230000019073486,1.0130000114440918,1.0199999809265137,262002208.0,267175664.0,1019498.8125
2024-01-04,1.0230000019073486,1.024999976158142,1.0149999856948853,1.0190000534057617,225815808.0,230062144.0,1019498.8125
2024-01-05,1.0160000324249268,1.0299999713897705,1.0140000581741333,1.0180000066757202,378079488.0,386900192.0,1019498.8125
2024-01-08,1.0169999599456787,1.0180000066757202,0.9919999837875366,0.9950000047683716,365011296.0,365756480.0,1019498.8125
2024-01-09,0.9959999918937683,1.00600004196167,0.9929999709129333,0.9980000257492065,322525600.0,322503264.0,1019498.8125
2024-01-10,0.9929999709129333,1.003000020980835,0.9869999885559082,0.9890000224113464,364247680.0,362254784.0,1019498.8125
2024-01-11,0.9909999966621399,1.0099999904632568,0.9909999966621399,1.00600004196167,415615488.0,416514816.0,1019498.8125
2024-01-12,0.9959999918937683,1.0110000371932983,0.9959999918937683,1.0019999742507935,335712576.0,337245472.0,1019498.8125
2024-01-15,1.0,1.0140000581741333,0.9959999918937683,1.003999948501587,264259504.0,265535248.0,1019498.8125
2024-01-16,0.9990000128746033,1.0130000114440918,0.9890000224113464,0.9980000257492065,498172192.0,498150752.0,1019498.8125
2024-01-17,0.9950000047683716,0.9950000047683716,0.9559999704360962,0.9570000171661377,440444416.0,428357632.0,1019498.8125
2024-01-18,0.9549999833106995,0.9589999914169312,0.9399999976158142,0.9549999833106995,665109952.0,631801984.0,1019498.8125
2024-01-19,0.949999988079071,0.9589999914169312,0.9440000057220459,0.9449999928474426,409248096.0,389938144.0,1019498.8125
2024-01-22,0.9440000057220459,0.9480000138282776,0.9020000100135803,0.9100000262260437,542923584.0,502062976.0,1019498.8125
2024-01-23,0.9150000214576721,0.9520000219345093,0.9089999794960022,0.9390000104904175,759237184.0,707876736.0,1019498.8125
2024-01-24,0.9520000219345093,0.9769999980926514,0.9340000152587891,0.968999981880188,1116401664.0,1068387392.0,1019498.8125
2024-01-25,0.9750000238418579,1.0,0.972000002861023,0.9940000176429749,1049465728.0,1034149760.0,1019498.8125
2024-01-26,0.9940000176429749,1.0089999437332153,0.984000027179718,0.9900000095367432,725115584.0,723199488.0,1019498.8125
2024-01-29,0.9909999966621399,1.003999948501587,0.9909999966621399,0.9929999709129333,509397088.0,507772480.0,1019498.8125
2024-01-30,0.9819999933242798,0.9850000143051147,0.9580000042915344,0.9599999785423279,496703008.0,483423072.0,1019498.8125
2024-01-31,0.9549999833106995,0.9629999995231628,0.9409999847412109,0.9440000057220459,661184192.0,628659200.0,1019498.8125
2024-02-01,0.9430000185966492,0.9589999914169312,0.9359999895095825,0.9369999766349792,847909120.0,803402880.0,1019498.8125
2024-02-02,0.9430000185966492,0.9539999961853027,0.9129999876022339,0.9269999861717224,956400832.0,895076672.0,1019498.8125
2024-02-05,0.9169999957084656,0.9340000152587891,0.9070000052452087,0.9150000214576721,1229227520.0,1129868672.0,1019498.8125
2024-02-06,0.9139999747276306,0.9670000076293945,0.9139999747276306,0.9649999737739563,1370606976.0,1292965504.0,1019498.8125
2024-02-07,0.9700000286102295,0.9779999852180481,0.9559999704360962,0.9580000042915344,883339200.0,854993984.0,1019498.8125
2024-02-08,0.9649999737739563,0.9850000143051147,0.9629999995231628,0.9660000205039978,697210624.0,679550336.0,1019498.8125
2024-02-19,0.9670000076293945,0.968999981880188,0.949999988079071,0.9570000171661377,340989504.0,326664928.0,1019498.8125
2024-02-20,0.9610000252723694,0.9819999933242798,0.9559999704360962,0.9710000157356262,836989376.0,811240640.0,1019498.8125
2024-02-21,0.9660000205039978,1.0140000581741333,0.9649999737739563,0.9940000176429749,1447148032.0,1440705408.0,1019498.8125
2024-02-22,0.9929999709129333,1.00600004196167,0.9850000143051147,1.0,1089078784.0,1085939200.0,1019498.8125
2024-02-23,1.0019999742507935,1.0140000581741333,1.0019999742507935,1.0080000162124634,884340864.0,892102656.0,1019498.8125
2024-02-26,1.003999948501587,1.0110000371932983,0.9919999837875366,0.9919999837875366,634120000.0,633275584.0,1019498.8125
2024-02-27,0.9909999966621399,0.9950000047683716,0.9810000061988831,0.9919999837875366,905963456.0,895334464.0,1019498.8125
2024-02-28,1.0019999742507935,1.0119999647140503,0.9769999980926514,0.9769999980926514,1183570176.0,1183463424.0,1019498.8125
2024-02-29,0.9750000238418579,0.9919999837875366,0.9750000238418579,0.9869999885559082,1008053504.0,991080576.0,1019498.8125
2024-03-01,0.9810000061988831,0.9919999837875366,0.9779999852180481,0.9860000014305115,1012337024.0,996229632.0,1019498.8125
2024-03-04,0.9890000224113464,0.9900000095367432,0.9779999852180481,0.9800000190734863,551564992.0,541841024.0,1019498.8125
2024-03-05,0.9739999771118164,0.9760000109672546,0.9620000123977661,0.9629999995231628,547977216.0,531162592.0,1019498.8125
2024-03-06,0.9620000123977661,0.9850000143051147,0.9620000123977661,0.9729999899864197,754944192.0,734187776.0,1019498.8125
2024-03-07,0.9750000238418579,0.9810000061988831,0.9629999995231628,0.9629999995231628,745972096.0,725960896.0,1019498.8125
2024-03-08,0.9679999947547913,0.9769999980926514,0.9670000076293945,0.9729999899864197,516937888.0,502948512.0,1019498.8125
2024-03-11,0.9750000238418579,0.9869999885559082,0.9739999771118164,0.984000027179718,569836672.0,559636224.0,1019498.8125
2024-03-12,0.9900000095367432,1.0049999952316284,0.9869999885559082,1.0019999742507935,922523776.0,917655936.0,1019498.8125
2024-03-13,1.0049999952316284,1.0099999904632568,0.9950000047683716,0.9959999918937683,553617472.0,555258432.0,1019498.8125
2024-03-14,0.9959999918937683,1.0019999742507935,0.9819999933242798,0.9869999885559082,523514368.0,519228096.0,1019498.8125
2024-03-15,0.9800000190734863,0.9829999804496765,0.9679999947547913,0.9729999899864197,616449024.0,599984448.0,1019498.8125
2024-03-18,0.9769999980926514,1.0010000467300415,0.9750000238418579,0.9959999918937683,947976128.0,940179008.0,1019498.8125
2024-03-19,0.9909999966621399,0.9929999709129333,0.9710000157356262,0.9710000157356262,534442688.0,524764512.0,1019498.8125
2024-03-20,0.9729999899864197,0.9789999723434448,0.9700000286102295,0.9739999771118164,538969280.0,525114432.0,1019498.8125
2024-03-21,0.984000027179718,0.9919999837875366,0.9789999723434448,0.9850000143051147,797977600.0,785900992.0,1019498.8125
2024-03-22,0.9789999723434448,0.9800000190734863,0.9580000042915344,0.9620000123977661,631988928.0,610443904.0,1019498.8125
2024-03-25,0.9580000042915344,0.9620000123977661,0.9369999766349792,0.9380000233650208,745601024.0,704663232.0,1019498.8125
2024-03-26,0.9399999976158142,0.9430000185966492,0.9319999814033508,0.9380000233650208,689926400.0,646355840.0,1019498.8125
2024-03-27,0.9340000152587891,0.9340000152587891,0.921999990940094,0.9229999780654907,475040288.0,441067904.0,1019498.8125
2024-03-28,0.921999990940094,0.9359999895095825,0.9210000038146973,0.9269999861717224,742267200.0,689041920.0,1019498.8125
2024-03-29,0.925000011920929,0.9279999732971191,0.9229999780654907,0.9259999990463257,273286208.0,253028224.0,1019498.8125
2024-04-01,0.9359999895095825,0.9399999976158142,0.9319999814033508,0.9380000233650208,366037120.0,342510368.0,1019498.8125
2024-04-02,0.9390000104904175,0.9449999928474426,0.9319999814033508,0.9330000281333923,399110112.0,374343008.0,1019498.8125
2024-04-03,0.9319999814033508,0.9350000023841858,0.9240000247955322,0.925000011920929,288809888.0,268382080.0,1019498.8125
2024-04-08,0.9089999794960022,0.9160000085830688,0.902999997138977,0.9079999923706055,541619072.0,492007232.0,1019498.8125
2024-04-09,0.9110000133514404,0.9190000295639038,0.9100000262260437,0.9160000085830688,349532576.0,320233312.0,1019498.8125
2024-04-10,0.9179999828338623,0.9200000166893005,0.9079999923706055,0.9120000004768372,385908800.0,353047616.0,1019498.8125
2024-04-11,0.9049999713897705,0.9120000004768372,0.9039999842643738,0.9070000052452087,391429312.0,355242720.0,1019498.8125
2024-04-12,0.906000018119812,0.906000018119812,0.8830000162124634,0.8840000033378601,498569792.0,445432992.0,1019498.8125
2024-04-15,0.8759999871253967,0.8949999809265137,0.8700000047683716,0.8799999952316284,725851072.0,640859968.0,1019498.8125
2024-04-16,0.8759999871253967,0.8759999871253967,0.8539999723434448,0.8550000190734863,539148736.0,467301536.0,1019498.8125
2024-04-17,0.8579999804496765,0.8669999837875366,0.8569999933242798,0.8659999966621399,564945216.0,486928960.0,1019498.8125
2024-04-18,0.8650000095367432,0.8870000243186951,0.8629999756813049,0.8740000128746033,912943808.0,801015360.0,1019498.8125
2024-04-19,0.8669999837875366,0.8730000257492065,0.8610000014305115,0.8659999966621399,491633568.0,426160352.0,1019498.8125
2024-04-22,0.8730000257492065,0.8880000114440918,0.871999979019165,0.8790000081062317,561015424.0,494276992.0,1019498.8125
2024-04-23,0.8840000033378601,0.8870000243186951,0.8799999952316284,0.8830000162124634,373433984.0,329780256.0,1019498.8125
2024-04-24,0.8880000114440918,0.9010000228881836,0.8820000290870667,0.8999999761581421,628190976.0,560507904.0,1019498.8125
2024-04-25,0.8970000147819519,0.9200000166893005,0.8949999809265137,0.906000018119812,588496384.0,535575968.0,1019498.8125
2024-04-26,0.925000011920929,0.9660000205039978,0.9229999780654907,0.9620000123977661,1822326016.0,1724177408.0,1019498.8125
2024-04-29,0.9679999947547913,0.9959999918937683,0.9629999995231628,0.9729999899864197,1474002048.0,1444064640.0,1019498.8125
2024-04-30,0.9700000286102295,0.9700000286102295,0.9520000219345093,0.9539999961853027,606321600.0,582230528.0,1019498.8125
2024-05-06,0.9739999771118164,0.9879999756813049,0.972000002861023,0.9789999723434448,804501504.0,788620672.0,1019498.8125
2024-05-07,0.9779999852180481,0.9850000143051147,0.9739999771118164,0.9769999980926514,542847808.0,530706304.0,1019498.8125
2024-05-08,0.9800000190734863,0.9819999933242798,0.949999988079071,0.9509999752044678,627321280.0,605505664.0,1019498.8125
2024-05-09,0.953000009059906,0.9729999899864197,0.9520000219345093,0.9700000286102295,752068096.0,725776128.0,1019498.8125
2024-05-10,0.9810000061988831,1.0269999504089355,0.9810000061988831,1.0260000228881836,2122872704.0,2143553920.0,1019498.8125
2024-05-13,1.0219999551773071,1.0499999523162842,1.0110000371932983,1.0420000553131104,1086150784.0,1122961024.0,1019498.8125
2024-05-14,1.0509999990463257,1.055999994277954,1.0329999923706055,1.0429999828338623,872640320.0,908867904.0,1019498.8125
2024-05-15,1.0460000038146973,1.0470000505447388,1.031000018119812,1.0329999923706055,297992736.0,308900704.0,1019498.8125
2024-05-16,1.034000039100647,1.0540000200271606,1.0199999809265137,1.0420000553131104,1157758208.0,1204552960.0,1019498.8125
2024-05-17,1.0509999990463257,1.0779999494552612,1.0499999523162842,1.0700000524520874,1006592448.0,1068947200.0,1019498.8125
2024-05-20,1.0779999494552612,1.0980000495910645,1.0750000476837158,1.0759999752044678,897117120.0,974255424.0,1019498.8125
2024-05-21,1.069000005722046,1.0750000476837158,1.0379999876022339,1.0410000085830688,590339328.0,622731776.0,1019498.8125
2024-05-22,1.0399999618530273,1.0570000410079956,1.0379999876022339,1.0429999828338623,822442112.0,862244544.0,1019498.8125
2024-05-23,1.0390000343322754,1.0410000085830688,1.0140000581741333,1.0169999599456787,490461312.0,501582752.0,1019498.8125
2024-05-24,1.0099999904632568,1.0190000534057617,0.9919999837875366,0.9929999709129333,515011680.0,517495520.0,1019498.8125
2024-05-27,1.0,1.0130000114440918,0.9879999756813049,1.0130000114440918,507989600.0,508959616.0,1019498.8125
2024-05-28,1.0130000114440918,1.0269999504089355,1.003000020980835,1.0049999952316284,517793088.0,524815424.0,1019498.8125
2024-05-29,1.0,1.0140000581741333,0.9940000176429749,0.9959999918937683,448572192.0,450968224.0,1019498.8125
2024-05-30,0.9900000095367432,0.9990000128746033,0.9729999899864197,0.9760000109672546,583897728.0,574887872.0,1019498.8125
2024-05-31,0.9860000014305115,0.9950000047683716,0.9750000238418579,0.9760000109672546,605872896.0,596784000.0,1019498.8125
2024-06-03,0.9750000238418579,0.9789999723434448,0.9649999737739563,0.9679999947547913,563926528.0,548234048.0,1019498.8125
2024-06-04,0.9639999866485596,0.984000027179718,0.9639999866485596,0.9829999804496765,743196032.0,725697216.0,1019498.8125
2024-06-05,0.9829999804496765,0.9929999709129333,0.9760000109672546,0.9769999980926514,629546176.0,620468672.0,1019498.8125
2024-06-06,0.9850000143051147,0.9879999756813049,0.968999981880188,0.9729999899864197,673049920.0,657677056.0,1019498.8125
2024-06-07,0.9750000238418579,0.9829999804496765,0.9629999995231628,0.9679999947547913,861076928.0,836243840.0,1019498.8125
2024-06-11,0.9639999866485596,0.9649999737739563,0.9440000057220459,0.9480000138282776,870895872.0,827803392.0,1019498.8125
2024-06-12,0.9480000138282776,0.949999988079071,0.9390000104904175,0.9459999799728394,456519712.0,431615584.0,1019498.8125
2024-06-13,0.953000009059906,0.9539999961853027,0.9430000185966492,0.9449999928474426,488470816.0,463354848.0,1019498.8125
2024-06-14,0.9449999928474426,0.9800000190734863,0.9430000185966492,0.968999981880188,1427257856.0,1375593856.0,1019498.8125
2024-06-17,0.9589999914169312,0.9649999737739563,0.9549999833106995,0.9610000252723694,499475296.0,479428416.0,1019498.8125
2024-06-18,0.9649999737739563,0.9779999852180481,0.9629999995231628,0.9700000286102295,846424896.0,822225664.0,1019498.8125
2024-06-19,0.9769999980926514,0.9779999852180481,0.9700000286102295,0.9739999771118164,618023680.0,601629504.0,1019498.8125
2024-06-20,0.9750000238418579,0.9800000190734863,0.9670000076293945,0.9670000076293945,538073472.0,524254656.0,1019498.8125
2024-06-21,0.9649999737739563,0.968999981880188,0.949999988079071,0.9559999704360962,558682496.0,535981216.0,1019498.8125
2024-06-24,0.949999988079071,0.9520000219345093,0.9390000104904175,0.9399999976158142,392898304.0,371424896.0,1019498.8125
2024-06-25,0.9459999799728394,0.9520000219345093,0.9279999732971191,0.9319999814033508,543112000.0,511102528.0,1019498.8125
2024-06-26,0.9309999942779541,0.9440000057220459,0.9300000071525574,0.9419999718666077,607776320.0,569935936.0,1019498.8125
2024-06-27,0.9359999895095825,0.9399999976158142,0.9210000038146973,0.921999990940094,396354304.0,368982016.0,1019498.8125
2024-06-28,0.9190000295639038,0.9340000152587891,0.9150000214576721,0.9160000085830688,680150528.0,629103424.0,1019498.8125
2024-07-01,0.9150000214576721,0.9269999861717224,0.9139999747276306,0.9229999780654907,215117408.0,197722992.0,1019498.8125
2024-07-02,0.9200000166893005,0.9380000233650208,0.9139999747276306,0.9169999957084656,454588192.0,421053056.0,1019498.8125
2024-07-03,0.9200000166893005,0.9340000152587891,0.9200000166893005,0.9309999942779541,520351488.0,482041472.0,1019498.8125
2024-07-04,0.9359999895095825,0.9390000104904175,0.921999990940094,0.9259999990463257,325939200.0,302800192.0,1019498.8125
2024-07-05,0.925000011920929,0.9259999990463257,0.9079999923706055,0.9120000004768372,651845888.0,596021952.0,1019498.8125
2024-07-08,0.9089999794960022,0.9100000262260437,0.8840000033378601,0.8849999904632568,400431616.0,358796832.0,1019498.8125
2024-07-09,0.8870000243186951,0.9020000100135803,0.8830000162124634,0.8970000147819519,730069632.0,652266560.0,1019498.8125
2024-07-10,0.8980000019073486,0.9139999747276306,0.8970000147819519,0.8980000019073486,511904384.0,463448960.0,1019498.8125
2024-07-11,0.9079999923706055,0.9150000214576721,0.9049999713897705,0.9150000214576721,546937920.0,498085536.0,1019498.8125
2024-07-12,0.9210000038146973,0.9279999732971191,0.9179999828338623,0.9229999780654907,439653504.0,405324032.0,1019498.8125
2024-07-15,0.9190000295639038,0.9210000038146973,0.9120000004768372,0.9139999747276306,196731008.0,180028576.0,1019498.8125
2024-07-16,0.9100000262260437,0.9169999957084656,0.9079999923706055,0.9129999876022339,395288800.0,361001088.0,1019498.8125
2024-07-17,0.9129999876022339,0.9210000038146973,0.9120000004768372,0.9179999828338623,395570912.0,362768096.0,1019498.8125
2024-07-18,0.9139999747276306,0.921999990940094,0.9110000133514404,0.9210000038146973,421682304.0,386474112.0,1019498.8125
2024-07-19,0.9150000214576721,0.9190000295639038,0.9110000133514404,0.9179999828338623,587377728.0,537749184.0,1019498.8125
2024-07-22,0.9300000071525574,0.9330000281333923,0.9200000166893005,0.9259999990463257,696549632.0,645004160.0,1019498.8125
2024-07-23,0.9269999861717224,0.9290000200271606,0.9100000262260437,0.9120000004768372,408422688.0,376455648.0,1019498.8125
2024-07-24,0.9100000262260437,0.9139999747276306,0.8999999761581421,0.9010000228881836,368424192.0,334156480.0,1019498.8125
2024-07-25,0.8989999890327454,0.9039999842643738,0.8899999856948853,0.890999972820282,604436992.0,542438528.0,1019498.8125
2024-07-26,0.8920000195503235,0.9100000262260437,0.8920000195503235,0.9039999842643738,589336128.0,531524928.0,1019498.8125
2024-07-29,0.9079999923706055,0.9089999794960022,0.902999997138977,0.9039999842643738,327994688.0,297340032.0,1019498.8125
2024-07-30,0.9010000228881836,0.902999997138977,0.890999972820282,0.8939999938011169,347574304.0,311119136.0,1019498.8125
2024-07-31,0.8949999809265137,0.9490000009536743,0.8899999856948853,0.9350000023841858,2197448704.0,2034624000.0,1019498.8125
2024-08-01,0.9309999942779541,0.9380000233650208,0.9259999990463257,0.9319999814033508,753597568.0,702785024.0,1019498.8125
2024-08-02,0.9200000166893005,0.9279999732971191,0.9089999794960022,0.9110000133514404,617033920.0,566773312.0,1019498.8125
2024-08-05,0.902999997138977,0.9259999990463257,0.8970000147819519,0.8999999761581421,1193875328.0,1089367808.0,1019498.8125
2024-08-06,0.9120000004768372,0.9160000085830688,0.8930000066757202,0.8980000019073486,886663616.0,798624256.0,1019498.8125
2024-08-07,0.9020000100135803,0.9150000214576721,0.8999999761581421,0.9049999713897705,743910080.0,674454656.0,1019498.8125
2024-08-08,0.902999997138977,0.921999990940094,0.9010000228881836,0.9089999794960022,914446208.0,833432576.0,1019498.8125
2024-08-09,0.9190000295639038,0.9240000247955322,0.9089999794960022,0.9100000262260437,601542720.0,551729152.0,1019498.8125
2024-08-12,0.9070000052452087,0.9100000262260437,0.902999997138977,0.9049999713897705,481643584.0,436888064.0,1019498.8125
2024-08-13,0.9070000052452087,0.9079999923706055,0.8949999809265137,0.9020000100135803,821993408.0,741151936.0,1019498.8125
2024-08-14,0.9039999842643738,0.9049999713897705,0.890999972820282,0.890999972820282,468281088.0,420439104.0,1019498.8125
2024-08-15,0.890999972820282,0.9089999794960022,0.8880000114440918,0.8970000147819519,1020883072.0,919130176.0,1019498.8125
2024-08-16,0.902999997138977,0.9049999713897705,0.8980000019073486,0.8989999890327454,623552192.0,562217152.0,1019498.8125
2024-08-19,0.9010000228881836,0.9100000262260437,0.8999999761581421,0.8999999761581421,556492224.0,503111264.0,1019498.8125
2024-08-20,0.9039999842643738,0.9039999842643738,0.890999972820282,0.8920000195503235,551298112.0,493889728.0,1019498.8125
2024-08-21,0.8880000114440918,0.8930000066757202,0.8859999775886536,0.8870000243186951,320969600.0,285295296.0,1019498.8125
2024-08-22,0.8939999938011169,0.8949999809265137,0.8809999823570251,0.8849999904632568,461625504.0,409213280.0,1019498.8125
2024-08-23,0.8849999904632568,0.8960000276565552,0.8840000033378601,0.8899999856948853,599269504.0,533225248.0,1019498.8125
2024-08-26,0.8920000195503235,0.8970000147819519,0.8870000243186951,0.8889999985694885,461964512.0,412110048.0,1019498.8125
2024-08-27,0.8870000243186951,0.8899999856948853,0.8820000290870667,0.8849999904632568,253207904.0,223898848.0,1019498.8125
2024-08-28,0.8859999775886536,0.8880000114440918,0.8820000290870667,0.8840000033378601,370034496.0,327471424.0,1019498.8125
2024-08-29,0.8820000290870667,0.8960000276565552,0.8809999823570251,0.890999972820282,715022016.0,636165440.0,1019498.8125
2024-08-30,0.8899999856948853,0.9290000200271606,0.8899999856948853,0.9169999957084656,1909678976.0,1749779968.0,1019498.8125
2024-09-02,0.9120000004768372,0.9129999876022339,0.8949999809265137,0.8960000276565552,481151712.0,434415872.0,1019498.8125
2024-09-03,0.8989999890327454,0.9110000133514404,0.8989999890327454,0.9039999842643738,600063808.0,542961920.0,1019498.8125
2024-09-04,0.8980000019073486,0.9049999713897705,0.8949999809265137,0.8970000147819519,540161984.0,485951648.0,1019498.8125
2024-09-05,0.9020000100135803,0.906000018119812,0.8980000019073486,0.902999997138977,578802176.0,521812512.0,1019498.8125
2024-09-06,0.9300000071525574,0.9319999814033508,0.9049999713897705,0.9070000052452087,1376339584.0,1262483200.0,1019498.8125
2024-09-09,0.906000018119812,0.9129999876022339,0.902999997138977,0.906000018119812,693607872.0,629691328.0,1019498.8125
2024-09-10,0.9089999794960022,0.9100000262260437,0.8960000276565552,0.9020000100135803,576613184.0,519324544.0,1019498.8125
2024-09-11,0.8989999890327454,0.9039999842643738,0.8939999938011169,0.8970000147819519,529800032.0,476063008.0,1019498.8125
2024-09-12,0.8999999761581421,0.9070000052452087,0.8970000147819519,0.9010000228881836,713538624.0,643530368.0,1019498.8125
2024-09-13,0.9020000100135803,0.9139999747276306,0.9010000228881836,0.9039999842643738,822683328.0,746968640.0,1019498.8125
2024-09-18,0.902999997138977,0.9039999842643738,0.8949999809265137,0.9010000228881836,475146816.0,427929984.0,1019498.8125
2024-09-19,0.9049999713897705,0.9229999780654907,0.902999997138977,0.9179999828338623,1374861440.0,1257314688.0,1019498.8125
2024-09-20,0.9200000166893005,0.921999990940094,0.9120000004768372,0.9160000085830688,648945280.0,595830016.0,1019498.8125
2024-09-23,0.9200000166893005,0.9309999942779541,0.9169999957084656,0.9210000038146973,751847296.0,694918464.0,1019498.8125
2024-09-24,0.9369999766349792,0.984000027179718,0.9340000152587891,0.9800000190734863,3397998848.0,3278327296.0,1019498.8125
2024-09-25,1.0149999856948853,1.0290000438690186,0.996999979019165,1.0,2569314304.0,2607354112.0,1019498.8125
2024-09-26,1.0049999952316284,1.0640000104904175,0.9980000257492065,1.0570000410079956,3828903168.0,3951392000.0,1019498.8125
2024-09-27,1.100000023841858,1.1629999876022339,1.090000033378601,1.1629999876022339,1983653376.0,2220921344.0,1019498.8125
2024-09-30,1.2790000438690186,1.2790000438690186,1.2389999628067017,1.2790000438690186,897349952.0,1143009408.0,1019498.8125
2024-10-08,1.406999945640564,1.406999945640564,1.406999945640564,1.406999945640564,68144496.0,95879312.0,1019498.8125
2024-10-09,1.4869999885559082,1.5399999618530273,1.3569999933242798,1.3910000324249268,12692797440.0,18520918016.0,1019498.8125
2024-10-10,1.5199999809265137,1.5299999713897705,1.4170000553131104,1.434999942779541,10189024256.0,14953278464.0,1019498.8125
2024-10-11,1.4179999828338623,1.4780000448226929,1.3930000066757202,1.399999976158142,5577407488.0,7991541248.0,1019498.8125
2024-10-14,1.4229999780654907,1.4290000200271606,1.315000057220459,1.3839999437332153,7314360320.0,10061383680.0,1019498.8125
2024-10-15,1.3819999694824219,1.4140000343322754,1.3229999542236328,1.3259999752044678,5365096448.0,7404347392.0,1019498.8125
2024-10-16,1.3179999589920044,1.3930000066757202,1.315999984741211,1.3489999771118164,7483448832.0,10170343424.0,1019498.8125
2024-10-17,1.3769999742507935,1.409999966621399,1.343000054359436,1.3450000286102295,6481097216.0,8955455488.0,1019498.8125
2024-10-18,1.3530000448226929,1.4800000190734863,1.343999981880188,1.4609999656677246,13045395456.0,18418491392.0,1019498.8125
2024-10-21,1.465000033378601,1.475000023841858,1.4320000410079956,1.4429999589920044,6872622080.0,9991391232.0,1019498.8125
2024-10-22,1.4479999542236328,1.475000023841858,1.4359999895095825,1.4520000219345093,6612677632.0,9625067520.0,1019498.8125
2024-10-23,1.4639999866485596,1.5119999647140503,1.4520000219345093,1.465000033378601,8183280128.0,12164117504.0,1019498.8125
2024-10-24,1.4550000429153442,1.472000002861023,1.437999963760376,1.444000005722046,4339283968.0,6315310592.0,1019498.8125
2024-10-25,1.4479999542236328,1.4850000143051147,1.440000057220459,1.4490000009536743,5440987648.0,7934662144.0,1019498.8125
2024-10-28,1.4600000381469727,1.4730000495910645,1.4509999752044678,1.465000033378601,3735025920.0,5468886016.0,1019498.8125
2024-10-29,1.4830000400543213,1.50600004196167,1.4609999656677246,1.4620000123977661,3810544128.0,5644936192.0,1019498.8125
2024-10-30,1.4609999656677246,1.4789999723434448,1.4359999895095825,1.4420000314712524,3716728320.0,5411305472.0,1019498.8125
2024-10-31,1.440999984741211,1.5080000162124634,1.4290000200271606,1.4609999656677246,9152220160.0,13520282624.0,1019498.8125
2024-11-01,1.475000023841858,1.4930000305175781,1.4570000171661377,1.468000054359436,5263527424.0,7763153408.0,1019498.8125
2024-11-04,1.4800000190734863,1.531000018119812,1.4780000448226929,1.5299999713897705,5737670656.0,8646235136.0,1019498.8125
2024-11-05,1.5269999504089355,1.6779999732971191,1.524999976158142,1.6109999418258667,11908259840.0,19093989376.0,1019498.8125
2024-11-06,1.6380000114440918,1.7120000123977661,1.6050000190734863,1.6100000143051147,11972031488.0,19827732480.0,1019498.8125
2024-11-07,1.6050000190734863,1.7450000047683716,1.600000023841858,1.7369999885559082,13998115840.0,23479863296.0,1019498.8125
2024-11-08,1.784999966621399,1.7990000247955322,1.680999994277954,1.684999942779541,9576156160.0,16581797888.0,1019498.8125
2024-11-11,1.6549999713897705,1.680999994277954,1.6349999904632568,1.6640000343322754,6359681024.0,10540225536.0,1019498.8125
2024-11-12,1.6649999618530273,1.7039999961853027,1.590999960899353,1.6039999723434448,7315028992.0,12081790976.0,1019498.8125
2024-11-13,1.5959999561309814,1.6269999742507935,1.565999984741211,1.6050000190734863,7153620992.0,11417182208.0,1019498.8125
2024-11-14,1.6039999723434448,1.6390000581741333,1.569000005722046,1.5740000009536743,6665728000.0,10733683712.0,1019498.8125
2024-11-15,1.5850000381469727,1.593999981880188,1.5160000324249268,1.5180000066757202,6168135168.0,9661818880.0,1019498.8125
2024-11-18,1.531000018119812,1.5479999780654907,1.5089999437332153,1.5219999551773071,5963032064.0,9120793600.0,1019498.8125
2024-11-19,1.5369999408721924,1.5460000038146973,1.5190000534057617,1.5410000085830688,5866986496.0,8991855616.0,1019498.8125
2024-11-20,1.5429999828338623,1.565999984741211,1.534000039100647,1.5529999732971191,5389706240.0,8353260544.0,1019498.8125
2024-11-21,1.555999994277954,1.5740000009536743,1.5460000038146973,1.555999994277954,4660395520.0,7259140096.0,1019498.8125
2024-11-22,1.5549999475479126,1.555999994277954,1.4609999656677246,1.4630000591278076,5116448256.0,7719883776.0,1019498.8125
2024-11-25,1.4789999723434448,1.4839999675750732,1.4450000524520874,1.4579999446868896,4379460096.0,6389756928.0,1019498.8125
2024-11-26,1.4479999542236328,1.4780000448226929,1.4470000267028809,1.4520000219345093,4221649664.0,6170381824.0,1019498.8125
2024-11-27,1.4500000476837158,1.4830000400543213,1.437000036239624,1.4809999465942383,5353768448.0,7816181248.0,1019498.8125
2024-11-28,1.4889999628067017,1.49399995803833,1.472000002861023,1.4739999771118164,3269096704.0,4842787328.0,1019498.8125
2024-11-29,1.4769999980926514,1.5800000429153442,1.4709999561309814,1.5140000581741333,9507149824.0,14438116352.0,1019498.8125
2024-12-02,1.5130000114440918,1.5529999732971191,1.5130000114440918,1.5390000343322754,6149181952.0,9468737536.0,1019498.8125
2024-12-03,1.5479999780654907,1.5709999799728394,1.5390000343322754,1.5499999523162842,5359573504.0,8315797504.0,1019498.8125
2024-12-04,1.5509999990463257,1.562000036239624,1.534999966621399,1.5410000085830688,3644880128.0,5649370624.0,1019498.8125
2024-12-05,1.5379999876022339,1.5670000314712524,1.5360000133514404,1.5479999780654907,4782347264.0,7426280448.0,1019498.8125
2024-12-06,1.559000015258789,1.5989999771118164,1.5460000038146973,1.5809999704360962,7677920768.0,12103058432.0,1019498.8125
2024-12-09,1.5800000429153442,1.5889999866485596,1.5570000410079956,1.5670000314712524,3281888768.0,5168282624.0,1019498.8125
2024-12-10,1.715999960899353,1.722000002861023,1.6069999933242798,1.6089999675750732,8051951104.0,13296495616.0,1019498.8125
2024-12-11,1.6109999418258667,1.61899995803833,1.5859999656677246,1.5920000076293945,3905966336.0,6263500288.0,1019498.8125
2024-12-12,1.593000054359436,1.6449999809265137,1.5820000171661377,1.6150000095367432,8098533888.0,13045641216.0,1019498.8125
2024-12-13,1.5920000076293945,1.5959999561309814,1.5479999780654907,1.5509999990463257,5066044416.0,7955755520.0,1019498.8125
2024-12-16,1.5549999475479126,1.555999994277954,1.5140000581741333,1.5180000066757202,3295586816.0,5053323776.0,1019498.8125
2024-12-17,1.5169999599456787,1.5420000553131104,1.5110000371932983,1.5180000066757202,4858801152.0,7399504896.0,1019498.8125
2024-12-18,1.5290000438690186,1.5329999923706055,1.5180000066757202,1.5219999551773071,2803138560.0,4276521728.0,1019498.8125
2024-12-19,1.503000020980835,1.5219999551773071,1.5010000467300415,1.5180000066757202,3099202816.0,4689979904.0,1019498.8125
2024-12-20,1.5119999647140503,1.5299999713897705,1.5119999647140503,1.5140000581741333,3315680768.0,5041588736.0,1019498.8125
2024-12-23,1.5149999856948853,1.5219999551773071,1.503000020980835,1.503999948501587,2634954752.0,3987001856.0,1019498.8125
2024-12-24,1.5089999437332153,1.5269999504089355,1.5080000162124634,1.5240000486373901,3068190464.0,4662398976.0,1019498.8125
2024-12-25,1.5219999551773071,1.5269999504089355,1.5199999809265137,1.5230000019073486,1258544896.0,1917345024.0,1019498.8125
2024-12-26,1.5230000019073486,1.5299999713897705,1.5219999551773071,1.527999997138977,1064609984.0,1624591872.0,1019498.8125
2024-12-27,1.5230000019073486,1.5470000505447388,1.50600004196167,1.5230000019073486,5742431232.0,8766870528.0,1019498.8125
2024-12-30,1.524999976158142,1.527999997138977,1.5149999856948853,1.5190000534057617,3108989696.0,4730124288.0,1019498.8125
2024-12-31,1.5210000276565552,1.5240000486373901,1.4800000190734863,1.4819999933242798,3324243200.0,5001275904.0,1019498.8125
2025-01-02,1.4850000143051147,1.4889999628067017,1.4170000553131104,1.4249999523162842,4057738496.0,5863450112.0,1019498.8125
2025-01-03,1.4299999475479126,1.437000036239624,1.4010000228881836,1.4049999713897705,4303485952.0,6104514560.0,1019498.8125
2025-01-06,1.4079999923706055,1.4249999523162842,1.406000018119812,1.4079999923706055,3393354240.0,4800780800.0,1019498.8125
2025-01-07,1.4119999408721924,1.4199999570846558,1.3910000324249268,1.4110000133514404,3399332864.0,4778461696.0,1019498.8125
2025-01-08,1.4049999713897705,1.4079999923706055,1.371000051498413,1.3860000371932983,3515036672.0,4876756480.0,1019498.8125
2025-01-09,1.3830000162124634,1.4010000228881836,1.3819999694824219,1.3880000114440918,2234148608.0,3108143616.0,1019498.8125
2025-01-10,1.3919999599456787,1.3969999551773071,1.3619999885559082,1.3630000352859497,2402449408.0,3315266560.0,1019498.8125
2025-01-13,1.3519999980926514,1.3680000305175781,1.3389999866485596,1.3580000400543213,2461254400.0,3334209792.0,1019498.8125
2025-01-14,1.3660000562667847,1.430999994277954,1.3650000095367432,1.4240000247955322,7517149184.0,10556778496.0,1019498.8125
2025-01-15,1.4199999570846558,1.4229999780654907,1.4110000133514404,1.4119999408721924,1856806144.0,2630941184.0,1019498.8125
2025-01-16,1.4270000457763672,1.4520000219345093,1.4149999618530273,1.4240000247955322,3458980608.0,4953085952.0,1019498.8125
2025-01-17,1.4199999570846558,1.434000015258789,1.4149999618530273,1.4279999732971191,2692057856.0,3840873472.0,1019498.8125
2025-01-20,1.4500000476837158,1.4639999866485596,1.440999984741211,1.4450000524520874,2748093696.0,3995787008.0,1019498.8125
2025-01-21,1.4589999914169312,1.4630000591278076,1.4450000524520874,1.4539999961853027,2309735680.0,3356510464.0,1019498.8125
2025-01-22,1.4470000267028809,1.4550000429153442,1.4279999732971191,1.430999994277954,1853642368.0,2667448064.0,1019498.8125
2025-01-23,1.4600000381469727,1.5069999694824219,1.4459999799728394,1.4479999542236328,5694006272.0,8387220480.0,1019498.8125
2025-01-24,1.4579999446868896,1.4859999418258667,1.4539999961853027,1.4789999723434448,3739155712.0,5516670976.0,1019498.8125
2025-01-27,1.4830000400543213,1.4880000352859497,1.472000002861023,1.4730000495910645,1622615552.0,2401441792.0,1019498.8125
2025-02-05,1.496000051498413,1.496999979019165,1.4670000076293945,1.468999981880188,1797246848.0,2655300864.0,1019498.8125
2025-02-06,1.465999960899353,1.4869999885559082,1.4620000123977661,1.4839999675750732,2390776320.0,3528786688.0,1019498.8125
2025-02-07,1.4859999418258667,1.5440000295639038,1.4819999933242798,1.5240000486373901,5044579328.0,7659473920.0,1019498.8125
2025-02-10,1.5290000438690186,1.5420000553131104,1.5219999551773071,1.5299999713897705,2305022720.0,3530765312.0,1019498.8125
2025-02-11,1.531999945640564,1.5329999923706055,1.503000020980835,1.5110000371932983,2159844608.0,3271516416.0,1019498.8125
2025-02-12,1.5089999437332153,1.5460000038146973,1.5080000162124634,1.5420000553131104,3525894912.0,5370024960.0,1019498.8125
2025-02-13,1.555999994277954,1.5729999542236328,1.5360000133514404,1.5390000343322754,5038584832.0,7815599104.0,1019498.8125
2025-02-14,1.5269999504089355,1.5390000343322754,1.5180000066757202,1.5360000133514404,3618384640.0,5536315392.0,1019498.8125
2025-02-17,1.5540000200271606,1.5800000429153442,1.5410000085830688,1.562999963760376,3797579776.0,5931119616.0,1019498.8125
2025-02-18,1.5579999685287476,1.5709999799728394,1.5329999923706055,1.5379999876022339,2922686464.0,4548019200.0,1019498.8125
2025-02-19,1.534000039100647,1.569000005722046,1.5329999923706055,1.562999963760376,3517684736.0,5468816384.0,1019498.8125
2025-02-20,1.5549999475479126,1.555999994277954,1.5379999876022339,1.5460000038146973,2426100480.0,3754345728.0,1019498.8125
2025-02-21,1.5549999475479126,1.590000033378601,1.5329999923706055,1.5809999704360962,5300496384.0,8295158272.0,1019498.8125
2025-02-24,1.5789999961853027,1.6150000095367432,1.5770000219345093,1.5959999561309814,3800248832.0,6070174720.0,1019498.8125
2025-02-25,1.5609999895095825,1.5740000009536743,1.5429999828338623,1.5479999780654907,2586011392.0,4039677184.0,1019498.8125
2025-02-26,1.5549999475479126,1.6690000295639038,1.5549999475479126,1.659000039100647,5977171968.0,9584234496.0,1019498.8125
2025-02-27,1.6260000467300415,1.7059999704360962,1.6059999465942383,1.6519999504089355,8108326912.0,13288156160.0,1019498.8125
2025-02-28,1.6410000324249268,1.6629999876022339,1.562000036239624,1.565000057220459,4008744960.0,6440011264.0,1019498.8125
2025-03-03,1.5700000524520874,1.5989999771118164,1.559999942779541,1.565999984741211,3319745536.0,5247999488.0,1019498.8125
2025-03-04,1.562999963760376,1.5889999866485596,1.559999942779541,1.5829999446868896,3124940032.0,4941026816.0,1019498.8125
2025-03-05,1.590999960899353,1.61899995803833,1.5770000219345093,1.6100000143051147,5316673536.0,8522725376.0,1019498.8125
2025-03-06,1.6399999856948853,1.6729999780654907,1.6299999952316284,1.659000039100647,6068771328.0,10050326528.0,1019498.8125
2025-03-07,1.6460000276565552,1.656999945640564,1.621999979019165,1.6230000257492065,3414541568.0,5606338048.0,1019498.8125
2025-03-10,1.621999979019165,1.6330000162124634,1.5950000286102295,1.6130000352859497,2342273536.0,3778667264.0,1019498.8125
2025-03-11,1.5880000591278076,1.600000023841858,1.5820000171661377,1.5950000286102295,2655432448.0,4225581056.0,1019498.8125
2025-03-12,1.6080000400543213,1.6629999876022339,1.600000023841858,1.6150000095367432,5832416256.0,9501507584.0,1019498.8125
2025-03-13,1.6200000047683716,1.6380000114440918,1.593999981880188,1.6009999513626099,3152746240.0,5095393280.0,1019498.8125
2025-03-14,1.6180000305175781,1.7029999494552612,1.6150000095367432,1.6679999828338623,8830739456.0,14702761984.0,1019498.8125
2025-03-17,1.6790000200271606,1.680999994277954,1.6579999923706055,1.6649999618530273,2294331648.0,3828149760.0,1019498.8125
2025-03-18,1.6820000410079956,1.687000036239624,1.6710000038146973,1.6779999732971191,2266428416.0,3804461568.0,1019498.8125
2025-03-19,1.6779999732971191,1.7000000476837158,1.6710000038146973,1.6820000410079956,2784167680.0,4687455744.0,1019498.8125
2025-03-20,1.6820000410079956,1.684999942779541,1.652999997138977,1.6540000438690186,1992126080.0,3330875648.0,1019498.8125
2025-03-21,1.6460000276565552,1.6640000343322754,1.6059999465942383,1.6160000562667847,2822291200.0,4613570048.0,1019498.8125
2025-03-24,1.6130000352859497,1.621000051498413,1.593000054359436,1.6050000190734863,1858864256.0,2982763776.0,1019498.8125
2025-03-25,1.6009999513626099,1.6130000352859497,1.5859999656677246,1.590999960899353,1693732352.0,2706267648.0,1019498.8125
2025-03-26,1.590999960899353,1.6019999980926514,1.5859999656677246,1.5920000076293945,1541251968.0,2456293376.0,1019498.8125
2025-03-27,1.597000002861023,1.6150000095367432,1.5820000171661377,1.6009999513626099,2260788736.0,3619371264.0,1019498.8125
2025-03-28,1.6059999465942383,1.6080000400543213,1.5700000524520874,1.5770000219345093,2435311616.0,3859445760.0,1019498.8125
2025-03-31,1.565999984741211,1.569000005722046,1.5230000019073486,1.531999945640564,1983108224.0,3057109248.0,1019498.8125
2025-04-01,1.5379999876022339,1.5529999732971191,1.534000039100647,1.5429999828338623,1793980672.0,2769487360.0,1019498.8125
2025-04-02,1.5360000133514404,1.5640000104904175,1.5360000133514404,1.5570000410079956,1895127040.0,2946440192.0,1019498.8125
2025-04-03,1.5360000133514404,1.562000036239624,1.5329999923706055,1.5410000085830688,2104232320.0,3254382848.0,1019498.8125
2025-04-07,1.4299999475479126,1.4420000314712524,1.3869999647140503,1.3869999647140503,864653952.0,1210063872.0,1019498.8125
2025-04-08,1.3480000495910645,1.3700000047683716,1.2949999570846558,1.315000057220459,3906022144.0,5179902464.0,1019498.8125
2025-04-09,1.2799999713897705,1.3530000448226929,1.2730000019073486,1.3389999866485596,6970390528.0,9226858496.0,1019498.8125
2025-04-10,1.406000018119812,1.4259999990463257,1.378999948501587,1.3799999952316284,4778812416.0,6704773120.0,1019498.8125
2025-04-11,1.36899995803833,1.4290000200271606,1.3650000095367432,1.4140000343322754,4298141696.0,6022496256.0,1019498.8125
2025-04-14,1.4329999685287476,1.4490000009536743,1.4299999475479126,1.4390000104904175,2255885056.0,3244748032.0,1019498.8125
2025-04-15,1.4420000314712524,1.4450000524520874,1.4299999475479126,1.437000036239624,1516971648.0,2177847552.0,1019498.8125
2025-04-16,1.434000015258789,1.4390000104904175,1.4010000228881836,1.4129999876022339,1517376256.0,2147390976.0,1019498.8125
2025-04-17,1.4110000133514404,1.4279999732971191,1.406000018119812,1.4170000553131104,1825135360.0,2593270016.0,1019498.8125
2025-04-18,1.4140000343322754,1.4259999990463257,1.409999966621399,1.4179999828338623,1157518848.0,1642326656.0,1019498.8125
2025-04-21,1.4149999618530273,1.4259999990463257,1.4140000343322754,1.4240000247955322,674908864.0,960180416.0,1019498.8125
2025-04-22,1.4259999990463257,1.4450000524520874,1.4229999780654907,1.437000036239624,1874345216.0,2688736000.0,1019498.8125
2025-04-23,1.4600000381469727,1.472000002861023,1.4470000267028809,1.4529999494552612,1776252544.0,2588185856.0,1019498.8125
2025-04-24,1.4520000219345093,1.4589999914169312,1.4320000410079956,1.434999942779541,1502957056.0,2171224064.0,1019498.8125
2025-04-25,1.4490000009536743,1.4809999465942383,1.4490000009536743,1.4589999914169312,3118728960.0,4571283968.0,1019498.8125
2025-04-28,1.4609999656677246,1.4620000123977661,1.434999942779541,1.4500000476837158,1133524736.0,1639086464.0,1019498.8125
2025-04-29,1.4500000476837158,1.4579999446868896,1.440999984741211,1.4429999589920044,1004856000.0,1456117632.0,1019498.8125
2025-04-30,1.4490000009536743,1.4589999914169312,1.4429999589920044,1.444000005722046,1506982144.0,2187190272.0,1019498.8125
2025-05-06,1.468999981880188,1.4839999675750732,1.4620000123977661,1.4830000400543213,1965245184.0,2901730560.0,1019498.8125
2025-05-07,1.5499999523162842,1.562999963760376,1.4950000047683716,1.503999948501587,3227856640.0,4909688832.0,1019498.8125
2025-05-08,1.496999979019165,1.5219999551773071,1.496999979019165,1.5069999694824219,1846838656.0,2793291520.0,1019498.8125
2025-05-09,1.5069999694824219,1.5080000162124634,1.4900000095367432,1.4910000562667847,931029376.0,1392996608.0,1019498.8125
2025-05-12,1.5099999904632568,1.5379999876022339,1.4989999532699585,1.5369999408721924,2698556928.0,4104809216.0,1019498.8125
2025-05-13,1.5490000247955322,1.5499999523162842,1.5160000324249268,1.5190000534057617,1439733632.0,2200415488.0,1019498.8125
2025-05-14,1.5219999551773071,1.593000054359436,1.5180000066757202,1.562999963760376,6691091456.0,10422269952.0,1019498.8125
2025-05-15,1.555999994277954,1.559999942779541,1.5390000343322754,1.5399999618530273,1666980352.0,2583165440.0,1019498.8125
2025-05-16,1.531000018119812,1.534999966621399,1.5190000534057617,1.5240000486373901,1242857344.0,1895563520.0,1019498.8125
2025-05-19,1.5210000276565552,1.5390000343322754,1.5180000066757202,1.531999945640564,1434309120.0,2194347776.0,1019498.8125
2025-05-20,1.5369999408721924,1.5449999570846558,1.524999976158142,1.5390000343322754,1924103936.0,2954959360.0,1019498.8125
2025-05-21,1.5390000343322754,1.5499999523162842,1.5360000133514404,1.5449999570846558,1427952128.0,2204396288.0,1019498.8125
2025-05-22,1.5410000085830688,1.5440000295639038,1.5290000438690186,1.5290000438690186,1019923200.0,1567619968.0,1019498.8125
2025-05-23,1.5269999504089355,1.5479999780654907,1.5240000486373901,1.524999976158142,1742152704.0,2679122688.0,1019498.8125
2025-05-26,1.527999997138977,1.5420000553131104,1.5160000324249268,1.5199999809265137,1082446336.0,1654258688.0,1019498.8125
2025-05-27,1.5190000534057617,1.5290000438690186,1.5149999856948853,1.527999997138977,1207824768.0,1840286592.0,1019498.8125
2025-05-28,1.531000018119812,1.534999966621399,1.5190000534057617,1.5219999551773071,754339328.0,1151883392.0,1019498.8125
2025-05-29,1.5329999923706055,1.562000036239624,1.5299999713897705,1.559999942779541,2172662272.0,3373896960.0,1019498.8125
2025-05-30,1.5490000247955322,1.5540000200271606,1.5379999876022339,1.5509999990463257,932101504.0,1440375936.0,1019498.8125
2025-06-03,1.5440000295639038,1.5709999799728394,1.5410000085830688,1.562000036239624,2031025152.0,3161039104.0,1019498.8125
2025-06-04,1.562999963760376,1.6030000448226929,1.5609999895095825,1.5959999561309814,2553882880.0,4053091840.0,1019498.8125
2025-06-05,1.6069999933242798,1.6319999694824219,1.6039999723434448,1.61899995803833,2913439232.0,4708933120.0,1019498.8125
2025-06-06,1.625,1.628999948501587,1.6080000400543213,1.6130000352859497,1135709824.0,1836811264.0,1019498.8125
2025-06-09,1.628000020980835,1.6670000553131104,1.628000020980835,1.652999997138977,3045817344.0,5036772352.0,1019498.8125
2025-06-10,1.6540000438690186,1.6720000505447388,1.6239999532699585,1.6419999599456787,2406103552.0,3967222528.0,1019498.8125
2025-06-11,1.6510000228881836,1.7139999866485596,1.6510000228881836,1.6929999589920044,4610978816.0,7808843776.0,1019498.8125
2025-06-12,1.6859999895095825,1.7200000286102295,1.6729999780654907,1.6959999799728394,3750545664.0,6371163648.0,1019498.8125
2025-06-13,1.6799999475479126,1.6950000524520874,1.656000018119812,1.6629999876022339,2286017792.0,3822320896.0,1019498.8125
2025-06-16,1.6629999876022339,1.7109999656677246,1.6610000133514404,1.7100000381469727,3157696768.0,5343446016.0,1019498.8125
2025-06-17,1.715000033378601,1.7269999980926514,1.7020000219345093,1.718999981880188,2746167040.0,4713026560.0,1019498.8125
2025-06-18,1.7100000381469727,1.715000033378601,1.6629999876022339,1.6699999570846558,2313301248.0,3884493056.0,1019498.8125
2025-06-19,1.6729999780654907,1.6729999780654907,1.5989999771118164,1.6009999513626099,2181286144.0,3545474816.0,1019498.8125
2025-06-20,1.6100000143051147,1.628000020980835,1.6039999723434448,1.6059999465942383,2241510912.0,3621848320.0,1019498.8125
2025-06-23,1.597000002861023,1.659000039100647,1.5959999561309814,1.6540000438690186,2869902592.0,4685842432.0,1019498.8125
2025-06-24,1.6649999618530273,1.7359999418258667,1.656000018119812,1.7280000448226929,5826331648.0,9971947520.0,1019498.8125
2025-06-25,1.746999979019165,1.8899999856948853,1.7419999837875366,1.875,14801598464.0,27091171328.0,1019498.8125
2025-06-26,1.909999966621399,1.9429999589920044,1.8289999961853027,1.8350000381469727,12080740352.0,22680625152.0,1019498.8125
2025-06-27,1.8669999837875366,1.9140000343322754,1.8279999494552612,1.8350000381469727,11053458432.0,20655759360.0,1019498.8125
2025-06-30,1.8539999723434448,1.8630000352859497,1.8250000476837158,1.843000054359436,4219110144.0,7770660864.0,1019498.8125
2025-07-01,1.8420000076293945,1.843999981880188,1.8279999494552612,1.8339999914169312,1304398848.0,2393924352.0,1019498.8125
2025-07-02,1.8459999561309814,1.850000023841858,1.8109999895095825,1.8200000524520874,2614064640.0,4773315072.0,1019498.8125
2025-07-03,1.8309999704360962,1.8559999465942383,1.815999984741211,1.8539999723434448,4905594880.0,9013334016.0,1019498.8125
2025-07-04,1.8509999513626099,1.9270000457763672,1.8350000381469727,1.8669999837875366,10572425216.0,19940476928.0,1019498.8125
2025-07-07,1.8609999418258667,1.8930000066757202,1.8609999418258667,1.8819999694824219,4621878784.0,8695977984.0,1019498.8125
2025-07-08,1.8890000581741333,1.9529999494552612,1.8860000371932983,1.9520000219345093,8164063744.0,15756304384.0,1019498.8125
2025-07-09,1.9639999866485596,1.9709999561309814,1.934000015258789,1.9390000104904175,5611238912.0,10979671040.0,1019498.8125
2025-07-10,1.9359999895095825,2.0380001068115234,1.934999942779541,2.0139999389648438,10387728384.0,20700008448.0,1019498.8125
2025-07-11,2.0239999294281006,2.177000045776367,2.0220000743865967,2.1070001125335693,17974196224.0,38204469248.0,1019498.8125
2025-07-14,2.121999979019165,2.135999917984009,2.078000068664551,2.0959999561309814,6585304576.0,13864171520.0,1019498.8125
2025-07-15,2.124000072479248,2.134999990463257,2.062000036239624,2.068000078201294,6476906496.0,13521016832.0,1019498.8125
2025-07-16,2.075000047683716,2.0929999351501465,2.052000045776367,2.069999933242798,5902254592.0,12209916928.0,1019498.8125
2025-07-17,2.0789999961853027,2.1019999980926514,2.069000005722046,2.0920000076293945,5210720256.0,10863595520.0,1019498.8125
2025-07-18,2.1010000705718994,2.127000093460083,2.0950000286102295,2.124000072479248,6605597184.0,13970962432.0,1019498.8125
2025-07-21,2.1480000019073486,2.194999933242798,2.132999897003174,2.194000005722046,8592103424.0,18699528192.0,1019498.8125
2025-07-22,2.193000078201294,2.200000047683716,2.1559998989105225,2.177999973297119,6743017472.0,14695663616.0,1019498.8125
2025-07-23,2.1989998817443848,2.2809998989105225,2.190000057220459,2.240999937057495,11688920064.0,26147246080.0,1019498.8125
2025-07-24,2.239000082015991,2.315000057220459,2.2330000400543213,2.312999963760376,11028783104.0,25259370496.0,1019498.8125
2025-07-25,2.312999963760376,2.3329999446868896,2.2899999618530273,2.302000045776367,7357363200.0,17002885120.0,1019498.8125
2025-07-28,2.318000078201294,2.36899995803833,2.309000015258789,2.3320000171661377,8655722496.0,20255336448.0,1019498.8125
2025-07-29,2.315999984741211,2.3510000705718994,2.2790000438690186,2.3480000495910645,8292945408.0,19180832768.0,1019498.8125
2025-07-30,2.325000047683716,2.3540000915527344,2.2709999084472656,2.2850000858306885,8925353984.0,20709959680.0,1019498.8125
2025-07-31,2.2709999084472656,2.313999891281128,2.2130000591278076,2.2209999561309814,8342621184.0,18865551360.0,1019498.8125
2025-08-01,2.2320001125335693,2.244999885559082,2.1610000133514404,2.174999952316284,7320260608.0,16107475968.0,1019498.8125
2025-08-04,2.1570000648498535,2.197000026702881,2.1510000228881836,2.196000099182129,5128012800.0,11141071872.0,1019498.8125
2025-08-05,2.2079999446868896,2.239000082015991,2.200000047683716,2.2360000610351562,7373013504.0,16368989184.0,1019498.8125
2025-08-06,2.2320001125335693,2.24399995803833,2.2249999046325684,2.234999895095825,4299422720.0,9610707968.0,1019498.8125
2025-08-07,2.244999885559082,2.2799999713897705,2.234999895095825,2.25,6936112640.0,15643319296.0,1019498.8125
2025-08-08,2.253000020980835,2.253999948501587,2.2249999046325684,2.2260000705718994,4328668160.0,9689536512.0,1019498.8125
2025-08-11,2.239000082015991,2.26200008392334,2.2200000286102295,2.246999979019165,7027702784.0,15777875968.0,1019498.8125
2025-08-12,2.25,2.2790000438690186,2.247999906539917,2.2769999504089355,6185401856.0,13991952384.0,1019498.8125
2025-08-13,2.2990000247955322,2.3450000286102295,2.2809998989105225,2.322000026702881,10636632064.0,24635543552.0,1019498.8125
2025-08-14,2.3369998931884766,2.385999917984009,2.3340001106262207,2.3380000591278076,9706099712.0,22861455360.0,1019498.8125
2025-08-15,2.322999954223633,2.486999988555908,2.322999954223633,2.4639999866485596,17134639104.0,41555501056.0,1019498.8125
2025-08-18,2.4830000400543213,2.5420000553131104,2.4579999446868896,2.502000093460083,13185408000.0,33065119744.0,1019498.8125
2025-08-19,2.497999906539917,2.5250000953674316,2.440000057220459,2.444999933242798,7993564672.0,19857528832.0,1019498.8125
2025-08-20,2.4240000247955322,2.436000108718872,2.374000072479248,2.431999921798706,8331386368.0,20084291584.0,1019498.8125
2025-08-21,2.4749999046325684,2.486999988555908,2.4030001163482666,2.4130001068115234,7905356288.0,19348840448.0,1019498.8125
2025-08-22,2.434000015258789,2.4649999141693115,2.4149999618530273,2.444999933242798,11584406528.0,28270395392.0,1019498.8125
2025-08-25,2.486999988555908,2.494999885559082,2.446000099182129,2.4630000591278076,9408885760.0,23212810240.0,1019498.8125
2025-08-26,2.450000047683716,2.4579999446868896,2.4100000858306885,2.4149999618530273,5231542272.0,12781394944.0,1019498.8125
2025-08-27,2.4149999618530273,2.427000045776367,2.306999921798706,2.312999963760376,7666102784.0,18226964480.0,1019498.8125
2025-08-28,2.315999984741211,2.3380000591278076,2.2720000743865967,2.3320000171661377,8270618112.0,19124688896.0,1019498.8125
2025-08-29,2.3499999046325684,2.384999990463257,2.3269999027252197,2.3350000381469727,9231149056.0,21724561408.0,1019498.8125
2025-09-01,2.3489999771118164,2.3550000190734863,2.2980000972747803,2.302999973297119,4709199872.0,10908423168.0,1019498.8125
2025-09-02,2.309999942779541,2.312999963760376,2.25,2.257999897003174,5535881216.0,12588888064.0,1019498.8125
2025-09-03,2.2739999294281006,2.2839999198913574,2.188999891281128,2.194999933242798,5368455168.0,11964750848.0,1019498.8125
2025-09-04,2.2060000896453857,2.2109999656677246,2.1589999198913574,2.187000036239624,8303704064.0,18158325760.0,1019498.8125
2025-09-05,2.1989998817443848,2.2309999465942383,2.177999973297119,2.2300000190734863,6314812928.0,13918668800.0,1019498.8125
2025-09-08,2.2279999256134033,2.23799991607666,2.2139999866485596,2.2279999256134033,3921930240.0,8726982656.0,1019498.8125
2025-09-09,2.2320001125335693,2.306999921798706,2.2230000495910645,2.2939999103546143,9262810112.0,21071927296.0,1019498.8125
2025-09-10,2.2980000972747803,2.3399999141693115,2.2929999828338623,2.316999912261963,7676123648.0,17811427328.0,1019498.8125
2025-09-11,2.2950000762939453,2.3540000915527344,2.2799999713897705,2.3380000591278076,8489672704.0,19730083840.0,1019498.8125
2025-09-12,2.3499999046325684,2.367000102996826,2.3310000896453857,2.3320000171661377,5349745664.0,12543244288.0,1019498.8125
2025-09-15,2.3320000171661377,2.3459999561309814,2.2960000038146973,2.299999952316284,4534751744.0,10549332992.0,1019498.8125
2025-09-16,2.315000057220459,2.321000099182129,2.26200008392334,2.2890000343322754,6303008256.0,14429934592.0,1019498.8125
2025-09-17,2.2890000343322754,2.3289999961853027,2.2890000343322754,2.325000047683716,6756232192.0,15612119040.0,1019498.8125
2025-09-18,2.325000047683716,2.3269999027252197,2.2269999980926514,2.246000051498413,6555686912.0,14981736448.0,1019498.8125
2025-09-19,2.246000051498413,2.259999990463257,2.2279999256134033,2.2300000190734863,5010552832.0,11221102592.0,1019498.8125
2025-09-22,2.236999988555908,2.239000082015991,2.2060000896453857,2.2309999465942383,4419775488.0,9811136512.0,1019498.8125
2025-09-23,2.2260000705718994,2.2269999980926514,2.1449999809265137,2.1649999618530273,5010471424.0,10908761088.0,1019498.8125
2025-09-24,2.1540000438690186,2.2060000896453857,2.1459999084472656,2.1760001182556152,6142160896.0,13342367744.0,1019498.8125
2025-09-25,2.171999931335449,2.181999921798706,2.1570000648498535,2.1579999923706055,3632062976.0,7877535744.0,1019498.8125
2025-09-26,2.1489999294281006,2.177000045776367,2.1459999084472656,2.1579999923706055,3936465152.0,8510138368.0,1019498.8125
2025-09-29,2.1510000228881836,2.374000072479248,2.1480000019073486,2.3010001182556152,20797134848.0,47517990912.0,1019498.8125
2025-09-30,2.312999963760376,2.3589999675750732,2.2860000133514404,2.3320000171661377,12430006272.0,28869095424.0,1019498.8125
2025-10-09,2.302000045776367,2.3459999561309814,2.260999917984009,2.3239998817443848,9642462208.0,22322427904.0,1019498.8125
2025-10-10,2.309999942779541,2.384999990463257,2.2990000247955322,2.302000045776367,12453379072.0,29172539392.0,1019498.8125
2025-10-13,2.2300000190734863,2.2869999408721924,2.2209999561309814,2.247999906539917,7570405888.0,17029367808.0,1019498.8125
2025-10-14,2.2750000953674316,2.3310000896453857,2.2239999771118164,2.2300000190734863,11396851712.0,26006446080.0,1019498.8125
2025-10-15,2.25600004196167,2.302999973297119,2.236999988555908,2.299999952316284,10456226816.0,23719337984.0,1019498.8125
2025-10-16,2.2950000762939453,2.3340001106262207,2.2839999198913574,2.2980000972747803,8866195456.0,20466784256.0,1019498.8125
2025-10-17,2.315000057220459,2.322000026702881,2.2239999771118164,2.2260000705718994,7521689088.0,17121265664.0,1019498.8125
2025-10-20,2.265000104904175,2.2669999599456787,2.2300000190734863,2.23799991607666,6086274560.0,13668996096.0,1019498.8125
2025-10-21,2.252000093460083,2.325000047683716,2.246999979019165,2.2880001068115234,9852608512.0,22552389632.0,1019498.8125
2025-10-22,2.2720000743865967,2.2739999294281006,2.239000082015991,2.246000051498413,4416581120.0,9949617152.0,1019498.8125
2025-10-23,2.240999937057495,2.2720000743865967,2.2100000381469727,2.260999917984009,6900008448.0,15425823744.0,1019498.8125
2025-10-24,2.2750000953674316,2.296999931335449,2.2660000324249268,2.2899999618530273,7234568192.0,16509884416.0,1019498.8125
2025-10-27,2.3350000381469727,2.368000030517578,2.308000087738037,2.3459999561309814,12150511616.0,28476895232.0,1019498.8125
2025-10-28,2.3350000381469727,2.3440001010894775,2.2939999103546143,2.2960000038146973,7875763712.0,18263406592.0,1019498.8125
2025-10-29,2.2980000972747803,2.3389999866485596,2.2980000972747803,2.3350000381469727,6406676992.0,14871857152.0,1019498.8125
2025-10-30,2.328000068664551,2.3399999141693115,2.2639999389648438,2.2679998874664307,7632463872.0,17567107072.0,1019498.8125
2025-10-31,2.2820000648498535,2.2860000133514404,2.2130000591278076,2.2149999141693115,6699044352.0,15018903552.0,1019498.8125
2025-11-03,2.2109999656677246,2.2190001010894775,2.187999963760376,2.2130000591278076,4879804928.0,10745345024.0,1019498.8125
2025-11-04,2.2079999446868896,2.2100000381469727,2.181999921798706,2.186000108718872,4397036032.0,9643822080.0,1019498.8125
2025-11-05,2.1600000858306885,2.190000057220459,2.1510000228881836,2.1710000038146973,4797375488.0,10418051072.0,1019498.8125
2025-11-06,2.184999942779541,2.2249999046325684,2.183000087738037,2.2130000591278076,6101663232.0,13467428864.0,1019498.8125
2025-11-07,2.2009999752044678,2.2100000381469727,2.184999942779541,2.187000036239624,3166557952.0,6952993792.0,1019498.8125
2025-11-10,2.193000078201294,2.243000030517578,2.177000045776367,2.2300000190734863,6065905152.0,13421256704.0,1019498.8125
2025-11-11,2.240000009536743,2.244999885559082,2.203000068664551,2.2060000896453857,3480029184.0,7719699456.0,1019498.8125
2025-11-12,2.2130000591278076,2.2320001125335693,2.200000047683716,2.2109999656677246,4261075456.0,9431440384.0,1019498.8125
2025-11-13,2.2009999752044678,2.2320001125335693,2.2009999752044678,2.2279999256134033,4694404608.0,10414466048.0,1019498.8125
2025-11-14,2.2039999961853027,2.2109999656677246,2.1689999103546143,2.1700000762939453,3306433792.0,7254353920.0,1019498.8125
2025-11-17,2.1619999408721924,2.1649999618530273,2.124000072479248,2.130000114440918,3072873216.0,6584993280.0,1019498.8125
2025-11-18,2.134000062942505,2.1540000438690186,2.109999895095825,2.111999988555908,4129078784.0,8807725056.0,1019498.8125
2025-11-19,2.115000009536743,2.134000062942505,2.0929999351501465,2.1080000400543213,3586494464.0,7580688896.0,1019498.8125
2025-11-20,2.1619999408721924,2.1689999103546143,2.1080000400543213,2.111999988555908,4860567040.0,10386601984.0,1019498.8125
2025-11-21,2.0810000896453857,2.0989999771118164,2.0309998989105225,2.0329999923706055,4129742080.0,8495410688.0,1019498.8125
2025-11-24,2.0460000038146973,2.056999921798706,2.0260000228881836,2.0420000553131104,3635739392.0,7428212224.0,1019498.8125
2025-11-25,2.059999942779541,2.071000099182129,2.0420000553131104,2.0450000762939453,3942896640.0,8118480384.0,1019498.8125
2025-11-26,2.052000045776367,2.059000015258789,2.0439999103546143,2.0490000247955322,2648984064.0,5432537088.0,1019498.8125
2025-11-27,2.0450000762939453,2.063999891281128,2.0339999198913574,2.0390000343322754,3417123840.0,7009162752.0,1019498.8125
2025-11-28,2.0409998893737793,2.046999931335449,2.0269999504089355,2.0390000343322754,2530374656.0,5155051520.0,1019498.8125
2025-12-01,2.0339999198913574,2.052999973297119,2.0329999923706055,2.0429999828338623,2489318656.0,5084205568.0,1019498.8125
2025-12-02,2.0480000972747803,2.049999952316284,2.0339999198913574,2.0369999408721924,1719807488.0,3507475200.0,1019498.8125
2025-12-03,2.0399999618530273,2.055999994277954,2.003000020980835,2.01200008392334,2648583936.0,5372531712.0,1019498.8125
2025-12-04,2.015000104904175,2.0209999084472656,1.99399995803833,2.010999917984009,2626198016.0,5275837440.0,1019498.8125
2025-12-05,2.005000114440918,2.0820000171661377,2.005000114440918,2.062000036239624,7149069312.0,14659263488.0,1019498.8125
2025-12-08,2.0950000286102295,2.1449999809265137,2.0929999351501465,2.0980000495910645,6718678528.0,14259013632.0,1019498.8125
2025-12-09,2.0920000076293945,2.0950000286102295,2.0450000762939453,2.052999973297119,2826811392.0,5845490688.0,1019498.8125
2025-12-10,2.052999973297119,2.052999973297119,2.0160000324249268,2.0409998893737793,3547370752.0,7211755008.0,1019498.8125
2025-12-11,2.0450000762939453,2.049999952316284,2.0169999599456787,2.0169999599456787,1972823296.0,4001999104.0,1019498.8125
2025-12-12,2.0250000953674316,2.072000026702881,2.0160000324249268,2.062999963760376,4864343552.0,9949000704.0,1019498.8125
2025-12-15,2.0460000038146973,2.0989999771118164,2.0420000553131104,2.068000078201294,5007449088.0,10389395456.0,1019498.8125
2025-12-16,2.059000015258789,2.0799999237060547,2.0339999198913574,2.0380001068115234,4270770688.0,8764509184.0,1019498.8125
2025-12-17,2.0380001068115234,2.0999999046325684,2.0290000438690186,2.0769999027252197,6615152640.0,13638035456.0,1019498.8125
2025-12-18,2.072000026702881,2.0889999866485596,2.049999952316284,2.053999900817871,4268051712.0,8798364672.0,1019498.8125
2025-12-19,2.063999891281128,2.0989999771118164,2.055000066757202,2.0859999656677246,5008442880.0,10435335168.0,1019498.8125
2025-12-22,2.0880000591278076,2.1070001125335693,2.0769999027252197,2.0840001106262207,3473009920.0,7264781312.0,1019498.8125
2025-12-23,2.0899999141693115,2.111999988555908,2.0789999961853027,2.0859999656677246,3592916992.0,7536691200.0,1019498.8125
2025-12-24,2.0799999237060547,2.0959999561309814,2.072999954223633,2.0810000896453857,3408625920.0,7108619264.0,1019498.8125
2025-12-25,2.0799999237060547,2.0940001010894775,2.0799999237060547,2.0869998931884766,1789334912.0,3736169472.0,1019498.8125
2025-12-26,2.0869998931884766,2.117000102996826,2.0859999656677246,2.0950000286102295,3516533760.0,7385062400.0,1019498.8125
2025-12-29,2.0929999351501465,2.114000082015991,2.059999942779541,2.069000005722046,4039726080.0,8445269504.0,1019498.8125
2025-12-30,2.058000087738037,2.066999912261963,2.0390000343322754,2.049999952316284,3312365312.0,6810245632.0,1019498.8125
2025-12-31,2.049999952316284,2.065999984741211,2.0290000438690186,2.0299999713897705,3051211008.0,6253371904.0,1019498.8125
2026-01-05,2.0460000038146973,2.1089999675750732,2.0460000038146973,2.1070001125335693,5250592768.0,10953327616.0,1019498.8125
2026-01-06,2.1070001125335693,2.242000102996826,2.1070001125335693,2.2320001125335693,9838544896.0,21600825344.0,1019498.8125
2026-01-07,2.2269999980926514,2.2320001125335693,2.194999933242798,2.2090001106262207,4422164992.0,9787718656.0,1019498.8125
2026-01-08,2.191999912261963,2.197000026702881,2.131999969482422,2.1429998874664307,4271266560.0,9196996608.0,1019498.8125
2026-01-09,2.1500000953674316,2.177000045776367,2.13700008392334,2.1489999294281006,5472832000.0,11788621824.0,1019498.8125
2026-01-12,2.1579999923706055,2.1679999828338623,2.121999979019165,2.1570000648498535,6767158784.0,14528859136.0,1019498.8125
2026-01-13,2.178999900817871,2.2039999961853027,2.1549999713897705,2.1579999923706055,5494022656.0,11968781312.0,1019498.8125
2026-01-14,2.1649999618530273,2.2130000591278076,2.138000011444092,2.1500000953674316,8449722880.0,18374787072.0,1019498.8125
2026-01-15,2.1500000953674316,2.1549999713897705,2.111999988555908,2.122999906539917,3203132160.0,6832051712.0,1019498.8125
2026-01-16,2.140000104904175,2.1459999084472656,2.0959999561309814,2.0999999046325684,3536098816.0,7474183168.0,1019498.8125
2026-01-19,2.0859999656677246,2.0969998836517334,2.0739998817443848,2.0840001106262207,2523760896.0,5257782784.0,1019498.8125
2026-01-20,2.075000047683716,2.0959999561309814,2.065999984741211,2.0829999446868896,3340677120.0,6948804096.0,1019498.8125
2026-01-21,2.069000005722046,2.0859999656677246,2.065000057220459,2.072000026702881,2451727872.0,5089987584.0,1019498.8125
2026-01-22,2.0799999237060547,2.0999999046325684,2.065000057220459,2.072999954223633,2862102784.0,5956635136.0,1019498.8125
2026-01-23,2.0859999656677246,2.0869998931884766,2.059999942779541,2.061000108718872,2591335680.0,5372980224.0,1019498.8125
2026-01-26,2.063999891281128,2.1070001125335693,2.055999994277954,2.078000068664551,4107929088.0,8551284736.0,1019498.8125
2026-01-27,2.0769999027252197,2.0859999656677246,2.058000087738037,2.0820000171661377,2875213312.0,5963271168.0,1019498.8125
2026-01-28,2.0869998931884766,2.1029999256134033,2.078000068664551,2.0950000286102295,3312111360.0,6930255872.0,1019498.8125
2026-01-29,2.0850000381469727,2.1470000743865967,2.0769999027252197,2.1389999389648438,5246160384.0,11104668672.0,1019498.8125
2026-01-30,2.124000072479248,2.1449999809265137,2.0880000591278076,2.0920000076293945,2951881728.0,6215778816.0,1019498.8125
2026-02-02,2.0789999961853027,2.115999937057495,2.0360000133514404,2.0420000553131104,3712164096.0,7710268416.0,1019498.8125
2026-02-03,2.059000015258789,2.069000005722046,2.009999990463257,2.0439999103546143,3576257280.0,7288852992.0,1019498.8125
2026-02-04,2.0390000343322754,2.0950000286102295,2.0339999198913574,2.0869998931884766,3966145792.0,8193026560.0,1019498.8125
2026-02-05,2.065000057220459,2.0789999961853027,2.0399999618530273,2.062000036239624,4449188352.0,9153225728.0,1019498.8125
2026-02-06,2.0450000762939453,2.056999921798706,2.0350000858306885,2.0420000553131104,2475838464.0,5065170432.0,1019498.8125
2026-02-09,2.062999963760376,2.0880000591278076,2.059999942779541,2.0759999752044678,2983580416.0,6194220032.0,1019498.8125
2026-02-10,2.0769999027252197,2.0940001010894775,2.071000099182129,2.072999954223633,1838600320.0,3828147712.0,1019498.8125
2026-02-11,2.0789999961853027,2.0850000381469727,2.065000057220459,2.0739998817443848,1827923712.0,3793238272.0,1019498.8125
2026-02-12,2.069999933242798,2.072999954223633,2.055999994277954,2.058000087738037,1381393920.0,2848236032.0,1019498.8125
2026-02-13,2.049999952316284,2.0799999237060547,2.0409998893737793,2.0439999103546143,2378179584.0,4892157440.0,1019498.8125
2026-02-24,2.058000087738037,2.059999942779541,2.0280001163482666,2.0309998989105225,1544048512.0,3149371392.0,1019498.8125
2026-02-25,2.0380001068115234,2.055999994277954,2.0250000953674316,2.0299999713897705,2712888320.0,5540549120.0,1019498.8125
2026-02-26,2.0350000858306885,2.0369999408721924,1.9809999465942383,1.9850000143051147,2341199872.0,4695944192.0,1019498.8125
2026-02-27,1.9700000286102295,1.9900000095367432,1.9620000123977661,1.975000023841858,2375656192.0,4692999168.0,1019498.8125
2026-03-02,1.9500000476837158,1.9550000429153442,1.8960000276565552,1.909999966621399,2672813568.0,5124864512.0,1019498.8125
2026-03-03,1.9190000295639038,1.937000036239624,1.8819999694824219,1.8860000371932983,4017533440.0,7663505408.0,1019498.8125
2026-03-04,1.8680000305175781,1.8969999551773071,1.8279999494552612,1.8300000429153442,3369461248.0,6238349824.0,1019498.8125
2026-03-05,1.8600000143051147,1.8700000047683716,1.8309999704360962,1.8420000076293945,2999219456.0,5563485696.0,1019498.8125
2026-03-06,1.840000033378601,1.8869999647140503,1.8320000171661377,1.8730000257492065,3802162944.0,7081941504.0,1019498.8125
2026-03-09,1.8279999494552612,1.8370000123977661,1.7960000038146973,1.8220000267028809,3050464256.0,5545679872.0,1019498.8125
2026-03-10,1.8459999561309814,1.8660000562667847,1.8350000381469727,1.8519999980926514,2614672384.0,4836998144.0,1019498.8125
2026-03-11,1.8559999465942383,1.8630000352859497,1.8420000076293945,1.8539999723434448,2172850432.0,4024717568.0,1019498.8125
2026-03-12,1.8420000076293945,1.850000023841858,1.8140000104904175,1.8259999752044678,2083639552.0,3814369280.0,1019498.8125
2026-03-13,1.815000057220459,1.8370000123977661,1.812000036239624,1.815000057220459,2170473472.0,3961335040.0,1019498.8125
2026-03-16,1.815000057220459,1.8240000009536743,1.7940000295639038,1.8229999542236328,2552530432.0,4616211968.0,1019498.8125
2026-03-17,1.8259999752044678,1.9040000438690186,1.8250000476837158,1.850000023841858,5961025024.0,11174574080.0,1019498.8125
2026-03-18,1.8550000190734863,1.8619999885559082,1.8350000381469727,1.8530000448226929,2805009664.0,5181762560.0,1019498.8125
2026-03-19,1.8270000219345093,1.8420000076293945,1.819000005722046,1.8209999799728394,2877845248.0,5264797696.0,1019498.8125
2026-03-20,1.8300000429153442,1.8380000591278076,1.812999963760376,1.8140000104904175,2838707200.0,5186144256.0,1019498.8125
2026-03-23,1.784999966621399,1.7890000343322754,1.7059999704360962,1.7120000123977661,4529204736.0,7888545280.0,1019498.8125
2026-03-24,1.7419999837875366,1.7619999647140503,1.7170000076293945,1.7580000162124634,4740659712.0,8265294336.0,1019498.8125
2026-03-25,1.7760000228881836,1.8020000457763672,1.7699999809265137,1.7829999923706055,3473925888.0,6207036928.0,1019498.8125
2026-03-26,1.7869999408721924,1.7899999618530273,1.7330000400543213,1.7389999628067017,2488916224.0,4368068608.0,1019498.8125
2026-03-27,1.7269999980926514,1.7669999599456787,1.7200000286102295,1.75600004196167,3261555456.0,5709295616.0,1019498.8125
2026-03-30,1.7269999980926514,1.7380000352859497,1.7109999656677246,1.7300000190734863,2924991488.0,5038423552.0,1019498.8125
2026-03-31,1.7319999933242798,1.746999979019165,1.6979999542236328,1.7020000219345093,3552733440.0,6109417984.0,1019498.8125
2026-04-01,1.7350000143051147,1.746000051498413,1.7200000286102295,1.7410000562667847,3346395392.0,5801618944.0,1019498.8125
2026-04-02,1.7280000448226929,1.7339999675750732,1.7029999494552612,1.7089999914169312,2021392256.0,3463630336.0,1019498.8125
2026-04-03,1.715000033378601,1.718000054359436,1.6929999589920044,1.694000005722046,1005107712.0,1715628928.0,1019498.8125
2026-04-07,1.6990000009536743,1.7070000171661377,1.687000036239624,1.6950000524520874,914434496.0,1551488640.0,1019498.8125
2026-04-08,1.7419999837875366,1.7920000553131104,1.7380000352859497,1.781999945640564,4935257600.0,8713397248.0,1019498.8125
2026-04-09,1.7610000371932983,1.7690000534057617,1.746000051498413,1.7489999532699585,2076197504.0,3643237376.0,1019498.8125
2026-04-10,1.7760000228881836,1.8680000305175781,1.774999976158142,1.8279999494552612,9786902528.0,17987706880.0,1019498.8125
2026-04-13,1.809999942779541,1.8170000314712524,1.7960000038146973,1.809000015258789,3173186048.0,5737179136.0,1019498.8125
2026-04-14,1.8370000123977661,1.843999981880188,1.805999994277954,1.8250000476837158,2903233280.0,5293176832.0,1019498.8125
2026-04-15,1.8450000286102295,1.847000002861023,1.8220000267028809,1.8250000476837158,2263712000.0,4145189632.0,1019498.8125
2026-04-16,1.840000033378601,1.871000051498413,1.8339999914169312,1.8530000448226929,4096043520.0,7583911936.0,1019498.8125
2026-04-17,1.850000023841858,1.8519999980926514,1.8300000429153442,1.8389999866485596,2396006144.0,4406086656.0,1019498.8125
2026-04-20,1.850000023841858,1.8550000190734863,1.8389999866485596,1.847000002861023,2452245248.0,4524371968.0,1019498.8125
2026-04-21,1.8489999771118164,1.850000023841858,1.8279999494552612,1.8380000591278076,1719403136.0,3158048256.0,1019498.8125
2026-04-22,1.8270000219345093,1.871999979019165,1.8270000219345093,1.8550000190734863,3775027456.0,6989827584.0,1019498.8125
2026-04-23,1.8550000190734863,1.8550000190734863,1.8240000009536743,1.8289999961853027,2000722944.0,3671992320.0,1019498.8125
2026-04-24,1.8179999589920044,1.8220000267028809,1.7979999780654907,1.8179999589920044,1858196224.0,3360658688.0,1019498.8125
2026-04-27,1.8179999589920044,1.840000033378601,1.812000036239624,1.8179999589920044,2042893568.0,3723948032.0,1019498.8125
2026-04-28,1.819000005722046,1.8619999885559082,1.8179999589920044,1.8309999704360962,3924832000.0,7222648320.0,1019498.8125
2026-04-29,1.8359999656677246,1.8630000352859497,1.8320000171661377,1.8619999885559082,3135889408.0,5791965696.0,1019498.8125
2026-04-30,1.8619999885559082,1.9010000228881836,1.8459999561309814,1.847000002861023,3286702080.0,6141931008.0,1019498.8125
2026-05-06,1.8619999885559082,1.8930000066757202,1.850000023841858,1.8739999532699585,3642077440.0,6827293696.0,1019498.8125
2026-05-07,1.8910000324249268,1.8960000276565552,1.8700000047683716,1.8799999952316284,2551073280.0,4786433536.0,1019498.8125
2026-05-08,1.8700000047683716,1.8760000467300415,1.8550000190734863,1.8589999675750732,1897679232.0,3535629312.0,1019498.8125
2026-05-11,1.8589999675750732,1.8930000066757202,1.8320000171661377,1.878000020980835,4716808704.0,8798499840.0,1019498.8125
2026-05-12,1.8849999904632568,1.9040000438690186,1.8680000305175781,1.8739999532699585,3559055872.0,6708237312.0,1019498.8125
2026-05-13,1.875,1.8830000162124634,1.8539999723434448,1.8630000352859497,2490041856.0,4637301248.0,1019498.8125
2026-05-14,1.8819999694824219,1.8830000162124634,1.8289999961853027,1.8309999704360962,2634784000.0,4890925056.0,1019498.8125
2026-05-15,1.8309999704360962,1.8339999914169312,1.784999966621399,1.7979999780654907,2582323968.0,4669740032.0,1019498.8125
2026-05-18,1.7960000038146973,1.8070000410079956,1.7699999809265137,1.777999997138977,2046718336.0,3661855744.0,1019498.8125
2026-05-19,1.784000039100647,1.8079999685287476,1.7680000066757202,1.8009999990463257,2866752768.0,5130700288.0,1019498.8125
2026-05-20,1.7869999408721924,1.7999999523162842,1.7760000228881836,1.7869999408721924,2129261568.0,3803913728.0,1019498.8125
2026-05-21,1.7999999523162842,1.8600000143051147,1.7899999618530273,1.7920000553131104,4961038848.0,9095500800.0,1019498.8125
2026-05-22,1.8079999685287476,1.809000015258789,1.7760000228881836,1.7799999713897705,2295289088.0,4097809664.0,1019498.8125
2026-05-25,1.7799999713897705,1.7979999780654907,1.7669999599456787,1.7799999713897705,1307157632.0,2324944128.0,1019498.8125
2026-05-26,1.7710000276565552,1.8140000104904175,1.7619999647140503,1.7940000295639038,3622526208.0,6498260480.0,1019498.8125
2026-05-27,1.7879999876022339,1.8040000200271606,1.7660000324249268,1.7730000019073486,2913048832.0,5182728704.0,1019498.8125
2026-05-28,1.7669999599456787,1.7699999809265137,1.7120000123977661,1.7239999771118164,2572612352.0,4458726400.0,1019498.8125
2026-05-29,1.7319999933242798,1.7890000343322754,1.7300000190734863,1.7549999952316284,4959923200.0,8718764032.0,1019498.8125
2026-06-01,1.7450000047683716,1.7790000438690186,1.7380000352859497,1.7730000019073486,3127274496.0,5527825408.0,1019498.8125
2026-06-02,1.7699999809265137,1.8040000200271606,1.7569999694824219,1.7899999618530273,3631996928.0,6468889088.0,1019498.8125
2026-06-03,1.7929999828338623,1.805999994277954,1.7740000486373901,1.7879999876022339,3329861376.0,5958459392.0,1019498.8125
2026-06-04,1.7760000228881836,1.7940000295639038,1.753000020980835,1.7599999904632568,1971147136.0,3486565120.0,1019498.8125
2026-06-05,1.7580000162124634,1.7769999504089355,1.7389999628067017,1.7430000305175781,2267251712.0,3989362432.0,1019498.8125
2026-06-08,1.7230000495910645,1.7389999628067017,1.7020000219345093,1.7139999866485596,2508398080.0,4307847168.0,1019498.8125
2026-06-09,1.718000054359436,1.7369999885559082,1.7070000171661377,1.7339999675750732,2864545536.0,4939918848.0,1019498.8125
2026-06-10,1.7200000286102295,1.7519999742507935,1.7120000123977661,1.7489999532699585,3745194752.0,6481761280.0,1019498.8125
2026-06-11,1.7400000095367432,1.7630000114440918,1.7070000171661377,1.722000002861023,2739826432.0,4737729536.0,1019498.8125
2026-06-12,1.7400000095367432,1.8029999732971191,1.7289999723434448,1.7799999713897705,5796322304.0,10309484544.0,1019498.8125
2026-06-15,1.8009999990463257,1.8730000257492065,1.7999999523162842,1.8300000429153442,4662931968.0,8583967232.0,1019498.8125
2026-06-16,1.8270000219345093,1.8559999465942383,1.8209999799728394,1.847000002861023,3973714688.0,7306226688.0,1019498.8125
2026-06-17,1.847000002861023,1.8630000352859497,1.8229999542236328,1.8370000123977661,3075328512.0,5660877824.0,1019498.8125
2026-06-18,1.8270000219345093,1.8300000429153442,1.7690000534057617,1.7760000228881836,3366864640.0,6053882368.0,1019498.8125
2026-06-22,1.7799999713897705,1.8910000324249268,1.7740000486373901,1.8869999647140503,10023048192.0,18462328832.0,1019498.8125
2026-06-23,1.8819999694824219,1.9210000038146973,1.8289999961853027,1.8389999866485596,6500867584.0,12190870528.0,1019498.8125
2026-06-24,1.840999960899353,1.871000051498413,1.7929999828338623,1.809999942779541,4605119488.0,8392125440.0,1019498.8125
2026-06-25,1.8070000410079956,1.8530000448226929,1.777999997138977,1.812000036239624,7328602624.0,13338790912.0,1019498.8125
2026-06-26,1.7999999523162842,1.8220000267028809,1.7410000562667847,1.7430000305175781,3825321472.0,6790349312.0,1019498.8125
2026-06-29,1.7549999952316284,1.7869999408721924,1.746999979019165,1.781000018119812,3866041088.0,6853583872.0,1019498.8125
2026-06-30,1.7719999551773071,1.8079999685287476,1.7649999856948853,1.7790000438690186,3869662464.0,6893363200.0,1019498.8125
2026-07-01,1.7799999713897705,1.8509999513626099,1.777999997138977,1.8339999914169312,5302031872.0,9659637760.0,1019498.8125
2026-07-02,1.8350000381469727,1.843000054359436,1.7949999570846558,1.7970000505447388,3383384064.0,6141996544.0,1019498.8125
2026-07-03,1.8140000104904175,1.8450000286102295,1.812000036239624,1.8359999656677246,4098221312.0,7482472960.0,1019498.8125
2026-07-06,1.878000020980835,1.8869999647140503,1.840000033378601,1.8580000400543213,3699614976.0,6876312576.0,1019498.8125
2026-07-07,1.8530000448226929,1.8550000190734863,1.8109999895095825,1.815000057220459,2584733696.0,4725458432.0,1019498.8125
2026-07-08,1.815999984741211,1.8359999656677246,1.8109999895095825,1.815999984741211,3085214720.0,5619509760.0,1019498.8125
2026-07-09,1.8240000009536743,1.8420000076293945,1.812000036239624,1.840000033378601,3968868864.0,7252529152.0,1019498.8125
2026-07-10,1.8380000591278076,1.8559999465942383,1.8200000524520874,1.8220000267028809,3512550144.0,6446266880.0,1019498.8125
2026-07-13,1.8209999799728394,1.8250000476837158,1.7829999923706055,1.7879999876022339,3138977280.0,5661136896.0,1019498.8125
2026-07-14,1.7879999876022339,1.7970000505447388,1.7589999437332153,1.7960000038146973,3171132672.0,5639148032.0,1019498.8125
2026-07-15,1.7990000247955322,1.86899995803833,1.7970000505447388,1.8559999465942383,5271591936.0,9668136960.0,1019498.8125
2026-07-16,1.8569999933242798,1.871000051498413,1.8380000591278076,1.8539999723434448,2868879616.0,5314657792.0,1019498.8125
2026-07-17,1.8519999980926514,1.8680000305175781,1.7929999828338623,1.8029999732971191,4525875200.0,8263683584.0,1019498.8125
2026-07-20,1.8300000429153442,1.8489999771118164,1.812999963760376,1.8270000219345093,3984950528.0,7289290752.0,1019498.8125
2026-07-21,1.8450000286102295,1.8660000562667847,1.8289999961853027,1.8580000400543213,4241550592.0,7831329280.0,1019498.8125
2026-07-22,1.850000023841858,1.8760000467300415,1.840999960899353,1.8580000400543213,3279684096.0,6100151296.0,1019498.8125
2026-07-23,1.8650000095367432,1.906000018119812,1.8580000400543213,1.8969999551773071,3402973440.0,6423576064.0,1019498.8125
2026-07-24,1.875,1.88100004196167,1.8509999513626099,1.8530000448226929,2266053120.0,4215700736.0,1019498.8125
2026-07-27,1.8589999675750732,1.8650000095367432,1.8389999866485596,1.8639999628067017,2008298368.0,3725131776.0,1019498.8125
2026-07-28,1.8509999513626099,1.8550000190734863,1.8220000267028809,1.8270000219345093,1993885184.0,3666172672.0,1019498.8125
2026-07-29,1.8350000381469727,1.8539999723434448,1.8279999494552612,1.847000002861023,2548637184.0,4695050240.0,1019498.8125
2026-07-30,1.8450000286102295,1.8600000143051147,1.8200000524520874,1.8359999656677246,2270676736.0,4173039360.0,1019498.8125
2026-07-31,1.840000033378601,1.8550000190734863,1.8359999656677246,1.840000033378601,2326237440.0,4292846336.0,1019498.8125
2026-08-03,1.8329999446868896,1.8359999656677246,1.8209999799728394,1.8309999704360962,1334110848.0,2439119616.0,1019498.8125
2026-08-04,1.8320000171661377,1.843000054359436,1.8250000476837158,1.8289999961853027,1559569664.0,2854584576.0,1019498.8125
2026-08-05,1.8289999961853027,1.8550000190734863,1.8289999961853027,1.8489999771118164,2705188608.0,4990132224.0,1019498.8125
2026-08-06,1.8389999866485596,1.840999960899353,1.8209999799728394,1.8250000476837158,1383017216.0,2527349760.0,1019498.8125
2026-08-07,1.8220000267028809,1.8309999704360962,1.8200000524520874,1.8279999494552612,1642395136.0,2998527744.0,1019498.8125
2026-08-10,1.843999981880188,1.8769999742507935,1.8380000591278076,1.8519999980926514,2500104192.0,4633770496.0,1019498.8125
2026-08-11,1.8519999980926514,1.8619999885559082,1.850000023841858,1.8539999723434448,588741312.0,1093143936.0,1019498.8125
