datetime,open,high,low,close,vol,amount,float_shares
2014-09-05,0.9900000095367432,1.0089999437332153,0.9810000061988831,1.0080000162124634,122633296.0,122179000.0,101577.8984375
2014-09-09,0.9990000128746033,0.9990000128746033,0.9900000095367432,0.9909999966621399,9316700.0,9251932.0,101577.8984375
2014-09-10,0.9909999966621399,0.9909999966621399,0.972000002861023,0.9750000238418579,4432300.0,4340068.5,101577.8984375
2014-09-11,0.9729999899864197,0.9860000014305115,0.9729999899864197,0.9779999852180481,4907300.0,4805231.0,101577.8984375
2014-09-12,0.9769999980926514,0.984000027179718,0.9769999980926514,0.984000027179718,2937000.0,2876776.0,101577.8984375
2014-09-15,0.9829999804496765,0.984000027179718,0.9649999737739563,0.9700000286102295,3383000.0,3287430.75,101577.8984375
2014-09-16,0.9660000205039978,0.9739999771118164,0.9620000123977661,0.9639999866485596,3942100.0,3824169.75,101577.8984375
2014-09-17,0.9649999737739563,0.9779999852180481,0.9649999737739563,0.972000002861023,3367800.0,3277533.25,101577.8984375
2014-09-18,0.972000002861023,0.9829999804496765,0.972000002861023,0.9789999723434448,4317200.0,4231023.0,101577.8984375
2014-09-19,0.9900000095367432,0.9900000095367432,0.9810000061988831,0.9860000014305115,3428400.0,3378926.75,101577.8984375
2014-09-22,0.9850000143051147,0.9900000095367432,0.9710000157356262,0.9800000190734863,4398500.0,4331629.0,101577.8984375
2014-09-23,0.9800000190734863,0.9800000190734863,0.9710000157356262,0.9769999980926514,2476200.0,2417995.0,101577.8984375
2014-09-24,0.9700000286102295,0.9700000286102295,0.9599999785423279,0.9660000205039978,3708100.0,3572875.0,101577.8984375
2014-09-25,0.9670000076293945,0.9710000157356262,0.9620000123977661,0.9649999737739563,1422300.0,1373759.75,101577.8984375
2014-09-26,0.9549999833106995,0.9549999833106995,0.9459999799728394,0.9490000009536743,3239200.0,3078029.25,101577.8984375
2014-09-29,0.949999988079071,0.9559999704360962,0.949999988079071,0.953000009059906,4000900.0,3815048.5,101577.8984375
2014-09-30,0.9539999961853027,0.9539999961853027,0.9419999718666077,0.9459999799728394,658200.0,622756.1875,101577.8984375
2014-10-08,0.9380000233650208,0.9380000233650208,0.8510000109672546,0.9039999842643738,5671900.0,5140813.0,101577.8984375
2014-10-09,0.8999999761581421,0.9150000214576721,0.8980000019073486,0.906000018119812,7903800.0,7155767.5,101577.8984375
2014-10-10,0.9049999713897705,0.906000018119812,0.8989999890327454,0.8999999761581421,4469700.0,4024127.0,101577.8984375
2014-10-13,0.8799999952316284,0.8820000290870667,0.8709999918937683,0.875,4076099.0,3567909.75,101577.8984375
2014-10-14,0.8740000128746033,0.8949999809265137,0.8740000128746033,0.8899999856948853,4033210.0,3574768.75,101577.8984375
2014-10-15,0.8889999985694885,0.8939999938011169,0.8889999985694885,0.8920000195503235,2369688.0,2114256.5,101577.8984375
2014-10-16,0.8840000033378601,0.8840000033378601,0.8659999966621399,0.8740000128746033,2905000.0,2530909.0,101577.8984375
2014-10-17,0.8740000128746033,0.8840000033378601,0.8730000257492065,0.8840000033378601,2733400.0,2401638.0,101577.8984375
2014-10-20,0.8939999938011169,0.9110000133514404,0.8939999938011169,0.9089999794960022,2742700.0,2490970.0,101577.8984375
2014-10-21,0.8999999761581421,0.9039999842643738,0.8920000195503235,0.8989999890327454,1130000.0,1014859.8125,101577.8984375
2014-10-22,0.9139999747276306,0.9150000214576721,0.9089999794960022,0.9100000262260437,1664700.0,1517294.625,101577.8984375
2014-10-23,0.9049999713897705,0.9100000262260437,0.9049999713897705,0.9089999794960022,844000.0,766679.125,101577.8984375
2014-10-24,0.9150000214576721,0.9150000214576721,0.9089999794960022,0.9100000262260437,1765000.0,1609707.75,101577.8984375
2014-10-27,0.9049999713897705,0.9110000133514404,0.9010000228881836,0.9089999794960022,1441500.0,1309701.75,101577.8984375
2014-10-28,0.902999997138977,0.9079999923706055,0.9020000100135803,0.9070000052452087,1476200.0,1335561.625,101577.8984375
2014-10-29,0.9129999876022339,0.9279999732971191,0.9129999876022339,0.9279999732971191,3836800.0,3544334.0,101577.8984375
2014-10-30,0.9279999732971191,0.9279999732971191,0.9200000166893005,0.9259999990463257,1976500.0,1823960.25,101577.8984375
2014-10-31,0.925000011920929,0.9269999861717224,0.9200000166893005,0.9259999990463257,859900.0,794248.5,101577.8984375
2014-11-03,0.9399999976158142,0.9419999718666077,0.9319999814033508,0.9399999976158142,1571400.0,1475854.0,101577.8984375
2014-11-04,0.9269999861717224,0.9369999766349792,0.9269999861717224,0.9279999732971191,691900.0,643355.3125,101577.8984375
2014-11-05,0.9160000085830688,0.9229999780654907,0.9129999876022339,0.9150000214576721,1345400.0,1233899.25,101577.8984375
2014-11-06,0.925000011920929,0.9290000200271606,0.9240000247955322,0.925000011920929,2051400.0,1902331.625,101577.8984375
2014-11-07,0.9309999942779541,0.9330000281333923,0.9279999732971191,0.9309999942779541,2113100.0,1964597.375,101577.8984375
2014-11-10,0.9169999957084656,0.9290000200271606,0.9169999957084656,0.9269999861717224,1213000.0,1118522.75,101577.8984375
2014-11-11,0.9259999990463257,0.9279999732971191,0.9200000166893005,0.925000011920929,1712300.0,1582155.0,101577.8984375
2014-11-12,0.9210000038146973,0.925000011920929,0.9200000166893005,0.9240000247955322,957300.0,882860.5,101577.8984375
2014-11-13,0.9129999876022339,0.9129999876022339,0.906000018119812,0.9089999794960022,1197400.0,1089267.875,101577.8984375
2014-11-14,0.9110000133514404,0.9120000004768372,0.9079999923706055,0.9079999923706055,857600.0,781147.6875,101577.8984375
2014-11-17,0.9179999828338623,0.9179999828338623,0.9039999842643738,0.9079999923706055,637000.0,577427.1875,101577.8984375
2014-11-18,0.9110000133514404,0.9190000295639038,0.9110000133514404,0.9129999876022339,1170500.0,1073269.75,101577.8984375
2014-11-19,0.9229999780654907,0.9399999976158142,0.9229999780654907,0.9380000233650208,4979300.0,4630615.0,101577.8984375
2014-11-20,0.9309999942779541,0.9409999847412109,0.9309999942779541,0.9399999976158142,2347700.0,2202424.5,101577.8984375
2014-11-21,0.9399999976158142,0.9399999976158142,0.9359999895095825,0.9369999766349792,613200.0,574501.3125,101577.8984375
2014-11-24,0.949999988079071,0.9639999866485596,0.949999988079071,0.9599999785423279,3573200.0,3428350.5,101577.8984375
2014-11-25,0.9599999785423279,0.9660000205039978,0.9599999785423279,0.9599999785423279,1059500.0,1020886.1875,101577.8984375
2014-11-26,0.9599999785423279,0.9800000190734863,0.9599999785423279,0.9779999852180481,2761850.0,2679155.0,101577.8984375
2014-11-27,0.9810000061988831,0.9909999966621399,0.9800000190734863,0.9869999885559082,2639300.0,2602284.0,101577.8984375
2014-11-28,0.9860000014305115,0.9950000047683716,0.9800000190734863,0.9869999885559082,3342500.0,3303048.0,101577.8984375
2014-12-01,0.9919999837875366,0.9919999837875366,0.972000002861023,0.9760000109672546,962800.0,943069.9375,101577.8984375
2014-12-02,0.9760000109672546,0.9800000190734863,0.9100000262260437,0.9660000205039978,957100.0,929925.1875,101577.8984375
2014-12-03,0.9700000286102295,0.9700000286102295,0.949999988079071,0.9580000042915344,1496300.0,1429437.875,101577.8984375
2014-12-04,0.9580000042915344,0.9670000076293945,0.9509999752044678,0.9589999914169312,2043200.0,1955511.375,101577.8984375
2014-12-05,0.9490000009536743,0.9490000009536743,0.9350000023841858,0.9409999847412109,869300.0,817334.875,101577.8984375
2014-12-08,0.9639999866485596,0.9700000286102295,0.9449999928474426,0.9660000205039978,2266000.0,2177356.5,101577.8984375
2014-12-09,0.9589999914169312,0.9589999914169312,0.9419999718666077,0.9430000185966492,2375200.0,2247174.0,101577.8984375
2014-12-10,0.9330000281333923,0.9399999976158142,0.9179999828338623,0.9309999942779541,3456000.0,3194721.5,101577.8984375
2014-12-11,0.9380000233650208,0.9549999833106995,0.9210000038146973,0.9440000057220459,1849700.0,1730677.25,101577.8984375
2014-12-12,0.9399999976158142,0.9509999752044678,0.9369999766349792,0.9480000138282776,226200.0,213737.703125,101577.8984375
2014-12-15,0.9449999928474426,0.9449999928474426,0.9100000262260437,0.9279999732971191,944600.0,872110.125,101577.8984375
2014-12-16,0.9179999828338623,0.9240000247955322,0.9079999923706055,0.9240000247955322,962300.0,882069.1875,101577.8984375
2014-12-17,0.9409999847412109,0.9409999847412109,0.925000011920929,0.9319999814033508,1669700.0,1551189.25,101577.8984375
2014-12-18,0.9319999814033508,0.9549999833106995,0.9319999814033508,0.9440000057220459,2093100.0,1970374.875,101577.8984375
2014-12-19,0.9629999995231628,0.9670000076293945,0.9509999752044678,0.9570000171661377,2021800.0,1934124.375,101577.8984375
2014-12-22,0.9570000171661377,0.9570000171661377,0.9399999976158142,0.9440000057220459,592300.0,559168.125,101577.8984375
2014-12-23,0.9419999718666077,0.968999981880188,0.9419999718666077,0.9610000252723694,1689300.0,1622014.0,101577.8984375
2014-12-24,0.9679999947547913,0.9679999947547913,0.9589999914169312,0.9649999737739563,514100.0,495546.90625,101577.8984375
2014-12-25,0.9649999737739563,0.9649999737739563,0.9490000009536743,0.9539999961853027,275800.0,264109.1875,101577.8984375
2014-12-26,0.953000009059906,0.9599999785423279,0.949999988079071,0.9549999833106995,1559200.0,1488278.125,101577.8984375
2014-12-29,0.949999988079071,0.9679999947547913,0.949999988079071,0.9639999866485596,980900.0,941419.0,101577.8984375
2014-12-30,0.9589999914169312,0.9629999995231628,0.949999988079071,0.9570000171661377,291700.0,278775.3125,101577.8984375
2014-12-31,0.9480000138282776,0.9599999785423279,0.9350000023841858,0.949999988079071,889200.0,840015.625,101577.8984375
2015-01-05,0.9399999976158142,0.949999988079071,0.9380000233650208,0.9470000267028809,479600.0,454490.09375,101577.8984375
2015-01-06,0.9300000071525574,0.9300000071525574,0.9190000295639038,0.9269999861717224,1216700.0,1122025.75,101577.8984375
2015-01-07,0.921999990940094,0.9300000071525574,0.9210000038146973,0.9279999732971191,265300.0,245434.296875,101577.8984375
2015-01-08,0.9300000071525574,0.9340000152587891,0.921999990940094,0.9330000281333923,291400.0,270312.1875,101577.8984375
2015-01-09,0.949999988079071,0.949999988079071,0.9399999976158142,0.9430000185966492,795000.0,750648.125,101577.8984375
2015-01-12,0.9440000057220459,0.9459999799728394,0.925000011920929,0.9340000152587891,1379300.0,1290208.875,101577.8984375
2015-01-13,0.9340000152587891,0.9359999895095825,0.9179999828338623,0.9319999814033508,1578000.0,1461147.125,101577.8984375
2015-01-14,0.9399999976158142,0.9430000185966492,0.9319999814033508,0.9369999766349792,737900.0,691610.1875,101577.8984375
2015-01-15,0.9269999861717224,0.9359999895095825,0.9269999861717224,0.9319999814033508,912388.0,849704.5625,101577.8984375
2015-01-16,0.9309999942779541,0.9729999899864197,0.9309999942779541,0.9700000286102295,3364588.0,3185389.0,101577.8984375
2015-01-19,0.9980000257492065,0.9990000128746033,0.9599999785423279,0.9679999947547913,19557400.0,19184906.0,101577.8984375
2015-01-20,0.9800000190734863,0.9850000143051147,0.9729999899864197,0.9779999852180481,9133092.0,8948530.0,101577.8984375
2015-01-21,0.9729999899864197,0.9810000061988831,0.9729999899864197,0.9779999852180481,13569999.0,13265861.0,101577.8984375
2015-01-22,0.9789999723434448,1.0140000581741333,0.9760000109672546,0.9900000095367432,38705772.0,38447652.0,101577.8984375
2015-01-23,1.027999997138977,1.0440000295639038,1.0110000371932983,1.0219999551773071,39007792.0,40016072.0,101577.8984375
2015-01-26,1.024999976158142,1.0399999618530273,1.0010000467300415,1.003000020980835,20862100.0,21307980.0,101577.8984375
2015-01-27,1.0099999904632568,1.0140000581741333,0.9750000238418579,0.9789999723434448,36230800.0,35949944.0,101577.8984375
2015-01-28,0.968999981880188,0.968999981880188,0.9440000057220459,0.9539999961853027,20417400.0,19498324.0,101577.8984375
2015-01-29,0.9589999914169312,0.9660000205039978,0.9549999833106995,0.9580000042915344,23004700.0,22084882.0,101577.8984375
2015-01-30,0.9639999866485596,0.9639999866485596,0.9549999833106995,0.9559999704360962,5473600.0,5250769.0,101577.8984375
2015-02-02,0.953000009059906,0.9539999961853027,0.9399999976158142,0.9539999961853027,7841270.0,7423965.5,101577.8984375
2015-02-03,0.9629999995231628,0.9769999980926514,0.9629999995231628,0.9739999771118164,9197788.0,8920764.0,101577.8984375
2015-02-04,0.9810000061988831,0.9919999837875366,0.9779999852180481,0.9900000095367432,11797700.0,11645352.0,101577.8984375
2015-02-05,0.9860000014305115,0.9909999966621399,0.9800000190734863,0.9850000143051147,13192099.0,13018912.0,101577.8984375
2015-02-06,0.9850000143051147,0.9900000095367432,0.9639999866485596,0.9739999771118164,5019800.0,4929859.0,101577.8984375
2015-02-09,0.9700000286102295,0.9710000157356262,0.9559999704360962,0.9629999995231628,4992900.0,4818367.0,101577.8984375
2015-02-10,0.9520000219345093,0.9580000042915344,0.9430000185966492,0.9539999961853027,6585788.0,6272128.5,101577.8984375
2015-02-11,0.9599999785423279,0.972000002861023,0.9599999785423279,0.9679999947547913,4194965.0,4051552.75,101577.8984375
2015-02-12,0.968999981880188,0.9710000157356262,0.9629999995231628,0.9670000076293945,18872660.0,18265538.0,101577.8984375
2015-02-13,0.9829999804496765,0.9940000176429749,0.9810000061988831,0.9909999966621399,49433788.0,48799672.0,101577.8984375
2015-02-16,0.9950000047683716,0.996999979019165,0.9879999756813049,0.9940000176429749,60393700.0,59898240.0,101577.8984375
2015-02-17,0.9890000224113464,0.9909999966621399,0.9879999756813049,0.9900000095367432,9902600.0,9794149.0,101577.8984375
2015-02-25,1.00600004196167,1.0119999647140503,1.0019999742507935,1.0089999437332153,13230688.0,13318346.0,101577.8984375
2015-02-26,1.0069999694824219,1.0069999694824219,1.003999948501587,1.0049999952316284,26345100.0,26494226.0,101577.8984375
2015-02-27,1.0069999694824219,1.0149999856948853,1.00600004196167,1.0119999647140503,17275000.0,17422256.0,101577.8984375
2015-03-02,1.0169999599456787,1.0190000534057617,1.0130000114440918,1.0180000066757202,17221900.0,17507248.0,101577.8984375
2015-03-03,1.0180000066757202,1.0180000066757202,1.0110000371932983,1.0130000114440918,8665000.0,8795526.0,101577.8984375
2015-03-04,1.0010000467300415,1.0119999647140503,1.0,1.0110000371932983,6770600.0,6809845.5,101577.8984375
2015-03-05,1.0140000581741333,1.0210000276565552,1.0110000371932983,1.0119999647140503,61517900.0,62295924.0,101577.8984375
2015-03-06,1.0180000066757202,1.0190000534057617,1.0130000114440918,1.0140000581741333,107369104.0,109126392.0,101577.8984375
2015-03-09,1.0130000114440918,1.0149999856948853,1.0010000467300415,1.0099999904632568,5430800.0,5472293.0,101577.8984375
2015-03-10,1.0099999904632568,1.0099999904632568,1.0,1.0019999742507935,5200800.0,5225569.5,101577.8984375
2015-03-11,0.9909999966621399,0.9919999837875366,0.9789999723434448,0.9819999933242798,44523200.0,43902204.0,101577.8984375
2015-03-12,0.9950000047683716,1.0019999742507935,0.9950000047683716,0.9990000128746033,165043904.0,164915808.0,101577.8984375
2015-03-13,0.9959999918937683,1.003999948501587,0.9959999918937683,1.0010000467300415,17255292.0,17251684.0,101577.8984375
2015-03-16,1.0010000467300415,1.0049999952316284,0.9990000128746033,1.0049999952316284,19856804.0,19900764.0,101577.8984375
2015-03-17,1.0180000066757202,1.024999976158142,1.0180000066757202,1.0199999809265137,95658112.0,97864072.0,101577.8984375
2015-03-18,1.0119999647140503,1.0149999856948853,1.0069999694824219,1.0130000114440918,9320000.0,9420808.0,101577.8984375
2015-03-19,1.0169999599456787,1.0190000534057617,1.0110000371932983,1.0130000114440918,73224600.0,74385152.0,101577.8984375
2015-03-20,1.0119999647140503,1.0130000114440918,1.0069999694824219,1.0110000371932983,97243184.0,98214568.0,101577.8984375
2015-03-23,1.0160000324249268,1.024999976158142,1.0160000324249268,1.0230000019073486,87288672.0,89171336.0,101577.8984375
2015-03-24,1.0130000114440918,1.0219999551773071,1.0130000114440918,1.0190000534057617,194374128.0,198100224.0,101577.8984375
2015-03-25,1.0230000019073486,1.0360000133514404,1.0230000019073486,1.0329999923706055,117105056.0,120462048.0,101577.8984375
2015-03-26,1.0299999713897705,1.0299999713897705,1.0199999809265137,1.024999976158142,71624560.0,73517944.0,101577.8984375
2015-03-27,1.0219999551773071,1.034000039100647,1.0210000276565552,1.0260000228881836,150519456.0,154736000.0,101577.8984375
2015-03-30,1.0260000228881836,1.0260000228881836,1.0160000324249268,1.0190000534057617,90075104.0,92070864.0,101577.8984375
2015-03-31,1.0240000486373901,1.0290000438690186,1.0219999551773071,1.0219999551773071,223998704.0,229588496.0,101577.8984375
2015-04-01,1.0199999809265137,1.0210000276565552,1.0110000371932983,1.0160000324249268,92947000.0,94370312.0,101577.8984375
2015-04-02,1.0180000066757202,1.0240000486373901,1.0140000581741333,1.0210000276565552,100707104.0,102426368.0,101577.8984375
2015-04-03,1.0210000276565552,1.024999976158142,1.0180000066757202,1.0199999809265137,77073400.0,78770960.0,101577.8984375
2015-04-07,1.0219999551773071,1.027999997138977,1.0190000534057617,1.0269999504089355,6078800.0,6214099.5,101577.8984375
2015-04-08,1.0299999713897705,1.034000039100647,1.0230000019073486,1.0260000228881836,23146000.0,23780986.0,101577.8984375
2015-04-09,1.0230000019073486,1.0269999504089355,1.0180000066757202,1.0190000534057617,58838100.0,60082836.0,101577.8984375
2015-04-10,1.0260000228881836,1.0360000133514404,1.0240000486373901,1.031999945640564,62799056.0,64467520.0,101577.8984375
2015-04-13,1.0410000085830688,1.0440000295639038,1.027999997138977,1.031000018119812,80044448.0,82996840.0,101577.8984375
2015-04-14,1.0290000438690186,1.0299999713897705,1.0199999809265137,1.0219999551773071,36690000.0,37597460.0,101577.8984375
2015-04-15,1.0180000066757202,1.0180000066757202,1.00600004196167,1.0130000114440918,4079388.0,4131605.75,101577.8984375
2015-04-16,1.0130000114440918,1.0169999599456787,1.0099999904632568,1.0149999856948853,17353558.0,17620062.0,101577.8984375
2015-04-17,1.00600004196167,1.0180000066757202,1.0010000467300415,1.0140000581741333,6101044.0,6180185.0,101577.8984375
2015-04-20,1.0019999742507935,1.0119999647140503,1.0019999742507935,1.0119999647140503,2068500.0,2083189.75,101577.8984375
2015-04-21,1.0160000324249268,1.0210000276565552,1.0160000324249268,1.0160000324249268,11448700.0,11645720.0,101577.8984375
2015-04-22,1.0169999599456787,1.0180000066757202,1.0099999904632568,1.0149999856948853,2315900.0,2347060.0,101577.8984375
2015-04-23,1.0110000371932983,1.0140000581741333,1.0099999904632568,1.0130000114440918,8195300.0,8298091.0,101577.8984375
2015-04-24,1.0089999437332153,1.0099999904632568,1.0049999952316284,1.0089999437332153,38832000.0,39140636.0,101577.8984375
2015-04-27,1.0119999647140503,1.0140000581741333,1.0089999437332153,1.0130000114440918,45626800.0,46123308.0,101577.8984375
2015-04-28,1.0199999809265137,1.0240000486373901,1.0160000324249268,1.0190000534057617,5482600.0,5600866.0,101577.8984375
2015-04-29,1.0110000371932983,1.0140000581741333,1.0080000162124634,1.0140000581741333,1874701.0,1896350.5,101577.8984375
2015-04-30,1.0049999952316284,1.00600004196167,0.9990000128746033,1.0049999952316284,4658400.0,4677695.0,101577.8984375
2015-05-04,1.00600004196167,1.0110000371932983,1.0049999952316284,1.0089999437332153,1600900.0,1612726.25,101577.8984375
2015-05-05,1.0149999856948853,1.0169999599456787,1.0069999694824219,1.0099999904632568,4207700.0,4256065.0,101577.8984375
2015-05-06,1.00600004196167,1.00600004196167,1.0,1.0010000467300415,1275100.0,1278970.0,101577.8984375
2015-05-07,1.0019999742507935,1.0149999856948853,0.9980000257492065,1.0099999904632568,2605600.0,2622443.75,101577.8984375
2015-05-08,1.0099999904632568,1.0160000324249268,1.003000020980835,1.0130000114440918,3915600.0,3954975.5,101577.8984375
2015-05-11,1.0180000066757202,1.024999976158142,1.0160000324249268,1.024999976158142,102046080.0,104389728.0,101577.8984375
2015-05-12,1.024999976158142,1.024999976158142,1.0190000534057617,1.0190000534057617,91565000.0,93396504.0,101577.8984375
2015-05-13,1.0049999952316284,1.0119999647140503,1.003999948501587,1.0080000162124634,23576716.0,23727912.0,101577.8984375
2015-05-14,1.0049999952316284,1.0069999694824219,1.003000020980835,1.00600004196167,2018000.0,2029505.75,101577.8984375
2015-05-15,1.0149999856948853,1.034000039100647,1.0130000114440918,1.027999997138977,6587300.0,6726966.0,101577.8984375
2015-05-18,1.0219999551773071,1.0260000228881836,1.0190000534057617,1.0230000019073486,27290600.0,27963296.0,101577.8984375
2015-05-19,1.0260000228881836,1.0299999713897705,1.0230000019073486,1.024999976158142,107226304.0,110004400.0,101577.8984375
2015-05-20,1.0299999713897705,1.0360000133514404,1.0299999713897705,1.031999945640564,79527040.0,82301984.0,101577.8984375
2015-05-21,1.031000018119812,1.0399999618530273,1.031000018119812,1.0390000343322754,83483744.0,86671072.0,101577.8984375
2015-05-22,1.059999942779541,1.0779999494552612,1.0269999504089355,1.027999997138977,9539200.0,9897245.0,101577.8984375
2015-05-25,1.027999997138977,1.027999997138977,1.0169999599456787,1.0230000019073486,4627244.0,4729226.5,101577.8984375
2015-05-26,1.0230000019073486,1.0230000019073486,1.0199999809265137,1.0219999551773071,2307700.0,2357727.0,101577.8984375
2015-05-27,1.0149999856948853,1.0160000324249268,1.0110000371932983,1.0130000114440918,4960000.0,5022843.5,101577.8984375
2015-05-28,1.0169999599456787,1.0190000534057617,1.0140000581741333,1.0140000581741333,163626208.0,166243712.0,101577.8984375
2015-05-29,1.00600004196167,1.0119999647140503,1.003000020980835,1.00600004196167,18362436.0,18439542.0,101577.8984375
2015-06-01,1.0,1.0,0.9900000095367432,0.9990000128746033,209969952.0,209537552.0,101577.8984375
2015-06-02,0.9980000257492065,0.9980000257492065,0.9919999837875366,0.9940000176429749,2489143.0,2475007.25,101577.8984375
2015-06-03,0.9929999709129333,0.9929999709129333,0.9800000190734863,0.984000027179718,113832200.0,112103368.0,101577.8984375
2015-06-04,0.9860000014305115,0.9980000257492065,0.9860000014305115,0.996999979019165,104626896.0,104299336.0,101577.8984375
2015-06-05,0.9929999709129333,1.0,0.9929999709129333,0.9980000257492065,222277936.0,221828784.0,101577.8984375
2015-06-08,0.9929999709129333,0.996999979019165,0.9919999837875366,0.9959999918937683,1757000.0,1746596.25,101577.8984375
2015-06-09,0.9929999709129333,0.9929999709129333,0.984000027179718,0.9879999756813049,2178637.0,2150183.0,101577.8984375
2015-06-10,0.9869999885559082,0.9919999837875366,0.9850000143051147,0.9909999966621399,166305504.0,164806816.0,101577.8984375
2015-06-11,1.0,1.0010000467300415,0.9940000176429749,0.9959999918937683,1736800.0,1731246.25,101577.8984375
2015-06-12,0.9959999918937683,0.996999979019165,0.9940000176429749,0.9950000047683716,293637440.0,292419264.0,101577.8984375
2015-06-15,0.9929999709129333,0.9929999709129333,0.984000027179718,0.9879999756813049,84699600.0,83681512.0,101577.8984375
2015-06-16,0.9800000190734863,0.9819999933242798,0.9750000238418579,0.9760000109672546,210073840.0,205452752.0,101577.8984375
2015-06-17,0.9760000109672546,0.9769999980926514,0.9670000076293945,0.9729999899864197,2147100.0,2084146.875,101577.8984375
2015-06-18,0.9710000157356262,0.9750000238418579,0.949999988079071,0.9580000042915344,96209800.0,92025136.0,101577.8984375
2015-06-19,0.9620000123977661,0.968999981880188,0.9520000219345093,0.9570000171661377,2356800.0,2259320.75,101577.8984375
2015-06-23,0.9869999885559082,0.9909999966621399,0.9729999899864197,0.9819999933242798,104775000.0,103606192.0,101577.8984375
2015-06-24,0.9890000224113464,1.0080000162124634,0.9879999756813049,1.0049999952316284,6426094.0,6428090.5,101577.8984375
2015-06-25,0.9950000047683716,1.0080000162124634,0.9919999837875366,0.9980000257492065,2312094.0,2313924.5,101577.8984375
2015-06-26,0.9950000047683716,1.00600004196167,0.9929999709129333,0.9990000128746033,2090300.0,2089928.75,101577.8984375
2015-06-29,0.9950000047683716,0.9959999918937683,0.9509999752044678,0.9679999947547913,2069700.0,2021863.0,101577.8984375
2015-06-30,0.9599999785423279,0.9729999899864197,0.9430000185966492,0.9700000286102295,38985500.0,37590856.0,101577.8984375
2015-07-01,0.9679999947547913,0.9679999947547913,0.9580000042915344,0.9620000123977661,909300.0,875098.1875,101577.8984375
2015-07-02,0.9639999866485596,0.9700000286102295,0.9639999866485596,0.968999981880188,1235100.0,1195107.75,101577.8984375
2015-07-03,0.968999981880188,0.968999981880188,0.949999988079071,0.9570000171661377,1162700.0,1109998.125,101577.8984375
2015-07-06,0.9559999704360962,0.9559999704360962,0.9200000166893005,0.9259999990463257,2678200.0,2501866.0,101577.8984375
2015-07-07,0.9269999861717224,0.9300000071525574,0.9210000038146973,0.9269999861717224,1886500.0,1746721.25,101577.8984375
2015-07-08,0.9190000295639038,0.9190000295639038,0.8930000066757202,0.8939999938011169,2473900.0,2225980.5,101577.8984375
2015-07-09,0.8960000276565552,0.9319999814033508,0.8550000190734863,0.9200000166893005,5239700.0,4761621.0,101577.8984375
2015-07-10,0.9399999976158142,0.9549999833106995,0.9200000166893005,0.9470000267028809,8232400.0,7766884.0,101577.8984375
2015-07-13,0.953000009059906,0.9639999866485596,0.9470000267028809,0.9520000219345093,3015300.0,2868793.25,101577.8984375
2015-07-14,0.953000009059906,0.9610000252723694,0.9509999752044678,0.9520000219345093,2784600.0,2661422.5,101577.8984375
2015-07-15,0.9520000219345093,0.9539999961853027,0.9369999766349792,0.9399999976158142,1759300.0,1667248.5,101577.8984375
2015-07-16,0.9399999976158142,0.9520000219345093,0.9369999766349792,0.9390000104904175,905900.0,853397.0,101577.8984375
2015-07-17,0.9449999928474426,0.9449999928474426,0.9380000233650208,0.9419999718666077,2833700.0,2666948.25,101577.8984375
2015-07-20,0.9350000023841858,0.9399999976158142,0.9240000247955322,0.9290000200271606,1514500.0,1412940.5,101577.8984375
2015-07-21,0.9330000281333923,0.9470000267028809,0.9330000281333923,0.9459999799728394,1478700.0,1391781.625,101577.8984375
2015-07-22,0.9399999976158142,0.9399999976158142,0.9229999780654907,0.9279999732971191,2532600.0,2364471.0,101577.8984375
2015-07-23,0.925000011920929,0.9309999942779541,0.9160000085830688,0.9279999732971191,5000000.0,4612417.0,101577.8984375
2015-07-24,0.9240000247955322,0.9259999990463257,0.9200000166893005,0.9240000247955322,989800.0,914323.5,101577.8984375
2015-07-27,0.9169999957084656,0.9169999957084656,0.9020000100135803,0.902999997138977,1782200.0,1622575.25,101577.8984375
2015-07-28,0.8939999938011169,0.8960000276565552,0.8880000114440918,0.8960000276565552,1336500.0,1191134.75,101577.8984375
2015-07-29,0.9010000228881836,0.9150000214576721,0.9010000228881836,0.9120000004768372,1424300.0,1291012.875,101577.8984375
2015-07-30,0.9120000004768372,0.9129999876022339,0.9070000052452087,0.9110000133514404,808500.0,736214.375,101577.8984375
2015-07-31,0.9120000004768372,0.9139999747276306,0.9089999794960022,0.9089999794960022,432300.0,393605.6875,101577.8984375
2015-08-03,0.9100000262260437,0.9160000085830688,0.9039999842643738,0.9089999794960022,589700.0,536073.0,101577.8984375
2015-08-04,0.9169999957084656,0.921999990940094,0.9139999747276306,0.9210000038146973,2192900.0,2014039.625,101577.8984375
2015-08-05,0.921999990940094,0.9229999780654907,0.9169999957084656,0.9200000166893005,518500.0,477454.8125,101577.8984375
2015-08-06,0.9309999942779541,0.9350000023841858,0.9269999861717224,0.9350000023841858,1220100.0,1136165.625,101577.8984375
2015-08-07,0.9340000152587891,0.9340000152587891,0.9259999990463257,0.9300000071525574,1372400.0,1277280.25,101577.8984375
2015-08-10,0.9259999990463257,0.9319999814033508,0.9200000166893005,0.9309999942779541,1371200.0,1268506.625,101577.8984375
2015-08-11,0.9330000281333923,0.9639999866485596,0.9330000281333923,0.9610000252723694,2298000.0,2179673.75,101577.8984375
2015-08-12,0.9399999976158142,0.9520000219345093,0.9380000233650208,0.9449999928474426,1775600.0,1679802.75,101577.8984375
2015-08-13,0.9290000200271606,0.9440000057220459,0.9290000200271606,0.9409999847412109,1004200.0,937449.6875,101577.8984375
2015-08-14,0.9419999718666077,0.9480000138282776,0.9409999847412109,0.9480000138282776,815000.0,770242.375,101577.8984375
2015-08-17,0.9480000138282776,0.9520000219345093,0.9409999847412109,0.949999988079071,360300.0,341829.8125,101577.8984375
2015-08-18,0.9430000185966492,0.9490000009536743,0.9319999814033508,0.9390000104904175,670400.0,631152.875,101577.8984375
2015-08-19,0.9359999895095825,0.9399999976158142,0.9259999990463257,0.9359999895095825,985900.0,918112.0,101577.8984375
2015-08-20,0.9300000071525574,0.9359999895095825,0.925000011920929,0.9290000200271606,192800.0,178945.40625,101577.8984375
2015-08-21,0.9229999780654907,0.9229999780654907,0.8999999761581421,0.8999999761581421,1436700.0,1300510.25,101577.8984375
2015-08-24,0.8999999761581421,0.8999999761581421,0.847000002861023,0.847000002861023,1752600.0,1509967.75,101577.8984375
2015-08-25,0.8109999895095825,0.8399999737739563,0.8109999895095825,0.8389999866485596,1383300.0,1153129.0,101577.8984375
2015-08-26,0.8700000047683716,0.8700000047683716,0.8600000143051147,0.8600000143051147,1814000.0,1565480.5,101577.8984375
2015-08-27,0.871999979019165,0.8809999823570251,0.8600000143051147,0.8809999823570251,3515194.0,3053150.75,101577.8984375
2015-08-28,0.8920000195503235,0.8970000147819519,0.8849999904632568,0.8930000066757202,1531900.0,1364189.0,101577.8984375
2015-08-31,0.8610000014305115,0.8870000243186951,0.8610000014305115,0.875,780100.0,680892.875,101577.8984375
2015-09-01,0.875,0.875,0.8619999885559082,0.8650000095367432,220900.0,191147.0,101577.8984375
2015-09-02,0.8600000143051147,0.8899999856948853,0.8479999899864197,0.8820000290870667,10681200.0,9429490.0,101577.8984375
2015-09-07,0.878000020980835,0.8880000114440918,0.8600000143051147,0.8759999871253967,9530700.0,8348175.0,101577.8984375
2015-09-08,0.8830000162124634,0.8830000162124634,0.8640000224113464,0.8790000081062317,5774800.0,5046086.5,101577.8984375
2015-09-09,0.8830000162124634,0.9259999990463257,0.8820000290870667,0.8889999985694885,6928400.0,6191594.5,101577.8984375
2015-09-10,0.8830000162124634,0.8889999985694885,0.8730000257492065,0.8790000081062317,1934500.0,1699161.25,101577.8984375
2015-09-11,0.878000020980835,0.8840000033378601,0.8730000257492065,0.878000020980835,1239800.0,1088693.5,101577.8984375
2015-09-14,0.875,0.8830000162124634,0.8709999918937683,0.875,188200.0,165010.40625,101577.8984375
2015-09-15,0.875,0.8799999952316284,0.8619999885559082,0.8629999756813049,490300.0,427879.5,101577.8984375
2015-09-16,0.8659999966621399,0.8820000290870667,0.8659999966621399,0.8820000290870667,520291.0,454869.96875,101577.8984375
2015-09-17,0.8859999775886536,0.8859999775886536,0.8740000128746033,0.8799999952316284,299200.0,263433.0,101577.8984375
2015-09-18,0.8830000162124634,0.8840000033378601,0.8669999837875366,0.8790000081062317,4453800.0,3888195.75,101577.8984375
2015-09-21,0.8610000014305115,0.8650000095367432,0.8529999852180481,0.8560000061988831,5895500.0,5047332.0,101577.8984375
2015-09-22,0.8560000061988831,0.859000027179718,0.8500000238418579,0.8519999980926514,5624200.0,4796336.5,101577.8984375
2015-09-23,0.8299999833106995,0.8309999704360962,0.824999988079071,0.824999988079071,4198900.0,3476389.25,101577.8984375
2015-09-24,0.8270000219345093,0.8299999833106995,0.824999988079071,0.8289999961853027,2085900.0,1726228.75,101577.8984375
2015-09-25,0.8180000185966492,0.8220000267028809,0.8180000185966492,0.8209999799728394,1537200.0,1260915.875,101577.8984375
2015-09-28,0.8259999752044678,0.8309999704360962,0.8230000138282776,0.8299999833106995,1247800.0,1030928.125,101577.8984375
2015-09-29,0.824999988079071,0.824999988079071,0.8140000104904175,0.8159999847412109,1379800.0,1125588.625,101577.8984375
2015-09-30,0.8209999799728394,0.8209999799728394,0.8159999847412109,0.8199999928474426,707700.0,579132.8125,101577.8984375
2015-10-08,0.8479999899864197,0.8479999899864197,0.8370000123977661,0.8420000076293945,4502200.0,3787085.75,101577.8984375
2015-10-09,0.8429999947547913,0.8519999980926514,0.8429999947547913,0.847000002861023,2444300.0,2069009.25,101577.8984375
2015-10-12,0.8529999852180481,0.8640000224113464,0.8529999852180481,0.8619999885559082,2555397.0,2194818.5,101577.8984375
2015-10-13,0.8640000224113464,0.8650000095367432,0.8600000143051147,0.8619999885559082,1584900.0,1368185.25,101577.8984375
2015-10-14,0.8600000143051147,0.8600000143051147,0.8550000190734863,0.8600000143051147,891400.0,764738.0,101577.8984375
2015-10-15,0.8550000190734863,0.8659999966621399,0.8550000190734863,0.8659999966621399,2591300.0,2235181.25,101577.8984375
2015-10-16,0.871999979019165,0.875,0.8679999709129333,0.871999979019165,1072100.0,934460.3125,101577.8984375
2015-10-19,0.8709999918937683,0.8730000257492065,0.8640000224113464,0.8659999966621399,1033200.0,896115.5,101577.8984375
2015-10-20,0.8690000176429749,0.8730000257492065,0.8669999837875366,0.871999979019165,1324997.0,1152044.25,101577.8984375
2015-10-21,0.8740000128746033,0.8740000128746033,0.8619999885559082,0.8709999918937683,1312900.0,1144760.0,101577.8984375
2015-10-22,0.8799999952316284,0.8799999952316284,0.8709999918937683,0.8740000128746033,308500.0,270080.8125,101577.8984375
2015-10-23,0.8889999985694885,0.8949999809265137,0.8880000114440918,0.8949999809265137,2737797.0,2443549.5,101577.8984375
2015-10-26,0.9139999747276306,0.9139999747276306,0.906000018119812,0.9120000004768372,1643897.0,1497797.5,101577.8984375
2015-10-27,0.9039999842643738,0.9070000052452087,0.8970000147819519,0.902999997138977,594300.0,535728.6875,101577.8984375
2015-10-28,0.890999972820282,0.8960000276565552,0.8880000114440918,0.8930000066757202,1149700.0,1023784.3125,101577.8984375
2015-10-29,0.9010000228881836,0.9089999794960022,0.9010000228881836,0.9070000052452087,671097.0,609140.875,101577.8984375
2015-10-30,0.9070000052452087,0.9070000052452087,0.8960000276565552,0.906000018119812,152194.0,137393.1875,101577.8984375
2015-11-02,0.8920000195503235,0.902999997138977,0.8920000195503235,0.8989999890327454,466700.0,418158.3125,101577.8984375
2015-11-03,0.906000018119812,0.9139999747276306,0.906000018119812,0.9100000262260437,628600.0,572039.8125,101577.8984375
2015-11-04,0.9129999876022339,0.9179999828338623,0.902999997138977,0.9150000214576721,682100.0,623403.8125,101577.8984375
2015-11-05,0.9039999842643738,0.9100000262260437,0.8999999761581421,0.9010000228881836,736000.0,665315.375,101577.8984375
2015-11-06,0.9020000100135803,0.906000018119812,0.8899999856948853,0.902999997138977,507200.0,455932.1875,101577.8984375
2015-11-09,0.9020000100135803,0.9049999713897705,0.8999999761581421,0.8999999761581421,407900.0,367905.0,101577.8984375
2015-11-10,0.8899999856948853,0.8949999809265137,0.8880000114440918,0.8939999938011169,402700.0,358338.40625,101577.8984375
2015-11-11,0.8970000147819519,0.8970000147819519,0.890999972820282,0.8960000276565552,286100.0,256089.203125,101577.8984375
2015-11-12,0.8999999761581421,0.8999999761581421,0.890999972820282,0.8930000066757202,467500.0,417846.5,101577.8984375
2015-11-13,0.8930000066757202,0.8989999890327454,0.8889999985694885,0.8920000195503235,224200.0,200165.203125,101577.8984375
2015-11-16,0.8859999775886536,0.8880000114440918,0.875,0.8799999952316284,457200.0,402402.59375,101577.8984375
2015-11-17,0.8830000162124634,0.8999999761581421,0.8830000162124634,0.8870000243186951,263200.0,233957.796875,101577.8984375
2015-11-18,0.8960000276565552,0.8970000147819519,0.8899999856948853,0.8920000195503235,670800.0,598978.0,101577.8984375
2015-11-19,0.8960000276565552,0.902999997138977,0.8930000066757202,0.9010000228881836,1049700.0,941044.875,101577.8984375
2015-11-20,0.9020000100135803,0.9129999876022339,0.9010000228881836,0.9010000228881836,331700.0,299333.1875,101577.8984375
2015-11-23,0.902999997138977,0.902999997138977,0.9010000228881836,0.9010000228881836,516300.0,465602.40625,101577.8984375
2015-11-24,0.8939999938011169,0.8980000019073486,0.8920000195503235,0.8980000019073486,311100.0,278551.0,101577.8984375
2015-11-25,0.8920000195503235,0.902999997138977,0.8849999904632568,0.8920000195503235,2439100.0,2175226.25,101577.8984375
2015-11-26,0.8999999761581421,0.9049999713897705,0.8999999761581421,0.9039999842643738,711800.0,642761.1875,101577.8984375
2015-11-27,0.9110000133514404,0.9129999876022339,0.8889999985694885,0.906000018119812,1514700.0,1379060.875,101577.8984375
2015-11-30,0.906000018119812,0.9139999747276306,0.906000018119812,0.9110000133514404,2284797.0,2079511.25,101577.8984375
2015-12-01,0.9150000214576721,0.9380000233650208,0.9139999747276306,0.9229999780654907,2190297.0,2026894.0,101577.8984375
2015-12-02,0.9120000004768372,0.9300000071525574,0.9120000004768372,0.9179999828338623,476500.0,438400.0,101577.8984375
2015-12-03,0.9110000133514404,0.9229999780654907,0.9110000133514404,0.9179999828338623,247200.0,226574.796875,101577.8984375
2015-12-04,0.8980000019073486,0.9150000214576721,0.8960000276565552,0.9110000133514404,1305500.0,1181574.75,101577.8984375
2015-12-07,0.9120000004768372,0.9169999957084656,0.9110000133514404,0.9139999747276306,378700.0,345878.5,101577.8984375
2015-12-08,0.9139999747276306,0.9169999957084656,0.9110000133514404,0.9169999957084656,354200.0,324231.3125,101577.8984375
2015-12-09,0.9169999957084656,0.9169999957084656,0.8980000019073486,0.8999999761581421,925200.0,833598.6875,101577.8984375
2015-12-10,0.8970000147819519,0.8970000147819519,0.890999972820282,0.8939999938011169,793800.0,708806.125,101577.8984375
2015-12-11,0.8980000019073486,0.8980000019073486,0.890999972820282,0.8939999938011169,623800.0,556737.125,101577.8984375
2015-12-14,0.8859999775886536,0.8859999775886536,0.8769999742507935,0.8809999823570251,912100.0,802729.625,101577.8984375
2015-12-15,0.8799999952316284,0.8820000290870667,0.8759999871253967,0.8799999952316284,691900.0,608358.375,101577.8984375
2015-12-16,0.8880000114440918,0.8930000066757202,0.8880000114440918,0.8880000114440918,489700.0,435503.90625,101577.8984375
2015-12-17,0.890999972820282,0.8999999761581421,0.890999972820282,0.8989999890327454,518600.0,464289.09375,101577.8984375
2015-12-18,0.9020000100135803,0.9049999713897705,0.8899999856948853,0.8980000019073486,1191000.0,1071074.5,101577.8984375
2015-12-21,0.8960000276565552,0.8960000276565552,0.8920000195503235,0.8949999809265137,740900.0,662197.125,101577.8984375
2015-12-22,0.8899999856948853,0.8949999809265137,0.8899999856948853,0.8939999938011169,414100.0,369218.8125,101577.8984375
2015-12-23,0.8939999938011169,0.8949999809265137,0.8880000114440918,0.8949999809265137,715300.0,637370.125,101577.8984375
2015-12-24,0.9049999713897705,0.9089999794960022,0.9010000228881836,0.9079999923706055,669700.0,605875.875,101577.8984375
2015-12-25,0.9100000262260437,0.9110000133514404,0.9079999923706055,0.9089999794960022,172800.0,157204.90625,101577.8984375
2015-12-28,0.9089999794960022,0.9089999794960022,0.9039999842643738,0.9049999713897705,415800.0,376504.90625,101577.8984375
2015-12-29,0.9039999842643738,0.9120000004768372,0.902999997138977,0.9110000133514404,333300.0,302626.09375,101577.8984375
2015-12-30,0.9169999957084656,0.925000011920929,0.9110000133514404,0.9179999828338623,721900.0,661530.8125,101577.8984375
2015-12-31,0.9129999876022339,0.9150000214576721,0.9089999794960022,0.9150000214576721,185300.0,168893.203125,101577.8984375
2016-01-04,0.9129999876022339,0.9190000295639038,0.9049999713897705,0.9110000133514404,409000.0,372376.90625,101577.8984375
2016-01-05,0.8830000162124634,0.9089999794960022,0.8799999952316284,0.8970000147819519,905300.0,809641.1875,101577.8984375
2016-01-06,0.8960000276565552,0.9049999713897705,0.8849999904632568,0.8980000019073486,1029900.0,916144.125,101577.8984375
2016-01-07,0.8949999809265137,0.8949999809265137,0.8820000290870667,0.8830000162124634,78500.0,69438.1015625,101577.8984375
2016-01-08,0.8820000290870667,0.8920000195503235,0.871999979019165,0.8849999904632568,1385000.0,1215920.25,101577.8984375
2016-01-11,0.8799999952316284,0.8840000033378601,0.8650000095367432,0.8669999837875366,516800.0,450164.1875,101577.8984375
2016-01-12,0.8669999837875366,0.8790000081062317,0.8539999723434448,0.8569999933242798,1084600.0,930762.125,101577.8984375
2016-01-13,0.8600000143051147,0.8679999709129333,0.8600000143051147,0.8629999756813049,690300.0,596130.875,101577.8984375
2016-01-14,0.8519999980926514,0.8579999804496765,0.8410000205039978,0.8579999804496765,3216900.0,2736038.25,101577.8984375
2016-01-15,0.8500000238418579,0.8690000176429749,0.8450000286102295,0.8460000157356262,620800.0,529395.875,101577.8984375
2016-01-18,0.8299999833106995,0.8500000238418579,0.8259999752044678,0.843999981880188,1045100.0,871245.875,101577.8984375
2016-01-19,0.8399999737739563,0.8550000190734863,0.8389999866485596,0.8539999723434448,441200.0,375047.5,101577.8984375
2016-01-20,0.859000027179718,0.859000027179718,0.828000009059906,0.8299999833106995,2564600.0,2130471.75,101577.8984375
2016-01-21,0.8199999928474426,0.828000009059906,0.8100000023841858,0.8100000023841858,2026500.0,1658534.875,101577.8984375
2016-01-22,0.8199999928474426,0.8349999785423279,0.8180000185966492,0.8320000171661377,1116900.0,920349.5,101577.8984375
2016-01-25,0.8349999785423279,0.8399999737739563,0.8330000042915344,0.8349999785423279,374600.0,313636.5,101577.8984375
2016-01-26,0.8330000042915344,0.8330000042915344,0.8100000023841858,0.8109999895095825,360900.0,296533.8125,101577.8984375
2016-01-27,0.8240000009536743,0.8370000123977661,0.8240000009536743,0.8360000252723694,720200.0,598787.3125,101577.8984375
2016-01-28,0.8360000252723694,0.8360000252723694,0.824999988079071,0.8309999704360962,341300.0,283707.90625,101577.8984375
2016-01-29,0.828000009059906,0.8429999947547913,0.8259999752044678,0.8379999995231628,563399.0,469396.375,101577.8984375
2016-02-01,0.8389999866485596,0.8429999947547913,0.8360000252723694,0.8429999947547913,544299.0,456752.25,101577.8984375
2016-02-02,0.8420000076293945,0.843999981880188,0.8379999995231628,0.843999981880188,181800.0,153015.40625,101577.8984375
2016-02-03,0.8429999947547913,0.8429999947547913,0.8209999799728394,0.828000009059906,844800.0,698758.8125,101577.8984375
2016-02-04,0.828000009059906,0.8339999914169312,0.8240000009536743,0.8339999914169312,818899.0,679857.5625,101577.8984375
2016-02-05,0.8339999914169312,0.8339999914169312,0.828000009059906,0.8320000171661377,456200.0,378648.3125,101577.8984375
2016-02-15,0.8100000023841858,0.8180000185966492,0.8059999942779541,0.8100000023841858,1230500.0,996378.0,101577.8984375
2016-02-16,0.8190000057220459,0.8199999928474426,0.8109999895095825,0.8190000057220459,2645900.0,2157445.5,101577.8984375
2016-02-17,0.8169999718666077,0.8190000057220459,0.8119999766349792,0.8169999718666077,706899.0,576155.3125,101577.8984375
2016-02-18,0.8230000138282776,0.8289999961853027,0.8209999799728394,0.8259999752044678,466100.0,384856.40625,101577.8984375
2016-02-19,0.8259999752044678,0.8289999961853027,0.8240000009536743,0.824999988079071,183300.0,151309.09375,101577.8984375
2016-02-22,0.824999988079071,0.8349999785423279,0.8209999799728394,0.8270000219345093,259000.0,214116.59375,101577.8984375
2016-02-23,0.8309999704360962,0.8330000042915344,0.828000009059906,0.8289999961853027,591300.0,491376.1875,101577.8984375
2016-02-24,0.8199999928474426,0.8230000138282776,0.8149999976158142,0.8199999928474426,399500.0,326959.3125,101577.8984375
2016-02-25,0.8190000057220459,0.8569999933242798,0.8130000233650208,0.8169999718666077,857400.0,708103.5,101577.8984375
2016-02-26,0.8180000185966492,0.8289999961853027,0.8180000185966492,0.8190000057220459,273800.0,225260.90625,101577.8984375
2016-02-29,0.8220000267028809,0.8299999833106995,0.8090000152587891,0.8199999928474426,533800.0,436524.0,101577.8984375
2016-03-01,0.8199999928474426,0.8230000138282776,0.8169999718666077,0.8220000267028809,241000.0,197778.0,101577.8984375
2016-03-02,0.8289999961853027,0.8379999995231628,0.8259999752044678,0.8360000252723694,1298200.0,1079785.5,101577.8984375
2016-03-03,0.8349999785423279,0.8349999785423279,0.8270000219345093,0.8289999961853027,756300.0,628144.125,101577.8984375
2016-03-04,0.8320000171661377,0.8320000171661377,0.8259999752044678,0.8289999961853027,815000.0,675571.3125,101577.8984375
2016-03-07,0.8349999785423279,0.8399999737739563,0.8309999704360962,0.8379999995231628,1048500.0,875890.625,101577.8984375
2016-03-08,0.8309999704360962,0.8360000252723694,0.8159999847412109,0.8330000042915344,663300.0,547868.0,101577.8984375
2016-03-09,0.8299999833106995,0.8320000171661377,0.824999988079071,0.8320000171661377,234100.0,194134.796875,101577.8984375
2016-03-10,0.8360000252723694,0.8360000252723694,0.8309999704360962,0.8320000171661377,88800.0,73953.6015625,101577.8984375
2016-03-11,0.8320000171661377,0.8370000123977661,0.824999988079071,0.8339999914169312,476000.0,395000.40625,101577.8984375
2016-03-14,0.847000002861023,0.8560000061988831,0.8420000076293945,0.8539999723434448,1250000.0,1061156.75,101577.8984375
2016-03-15,0.859000027179718,0.8650000095367432,0.8569999933242798,0.8600000143051147,1043100.0,897852.6875,101577.8984375
2016-03-16,0.8600000143051147,0.8629999756813049,0.8510000109672546,0.8610000014305115,195400.0,167787.703125,101577.8984375
2016-03-17,0.8600000143051147,0.8669999837875366,0.8600000143051147,0.8640000224113464,1105300.0,954026.5,101577.8984375
2016-03-18,0.8610000014305115,0.8610000014305115,0.8529999852180481,0.859000027179718,660300.0,566807.625,101577.8984375
2016-03-21,0.8640000224113464,0.8640000224113464,0.8579999804496765,0.859000027179718,551400.0,474655.3125,101577.8984375
2016-03-22,0.8610000014305115,0.9440000057220459,0.8479999899864197,0.8569999933242798,2132900.0,1858605.5,101577.8984375
2016-03-23,0.859000027179718,0.8629999756813049,0.8579999804496765,0.8629999756813049,640300.0,551066.6875,101577.8984375
2016-03-24,0.8629999756813049,0.8640000224113464,0.8569999933242798,0.8569999933242798,459000.0,394646.1875,101577.8984375
2016-03-25,0.8569999933242798,0.8569999933242798,0.8500000238418579,0.8560000061988831,246900.0,210664.703125,101577.8984375
2016-03-28,0.8539999723434448,0.8600000143051147,0.8519999980926514,0.8550000190734863,147500.0,126223.3984375,101577.8984375
2016-03-29,0.8529999852180481,0.8569999933242798,0.8500000238418579,0.8569999933242798,463900.0,396045.6875,101577.8984375
2016-03-30,0.8600000143051147,0.8650000095367432,0.8600000143051147,0.8650000095367432,645300.0,556719.1875,101577.8984375
2016-03-31,0.8669999837875366,0.8709999918937683,0.8659999966621399,0.8669999837875366,666400.0,578595.875,101577.8984375
2016-04-01,0.8669999837875366,0.8669999837875366,0.8629999756813049,0.8629999756813049,147300.0,127234.796875,101577.8984375
2016-04-05,0.859000027179718,0.8600000143051147,0.8550000190734863,0.8579999804496765,808000.0,692006.6875,101577.8984375
2016-04-06,0.8460000157356262,0.8550000190734863,0.8450000286102295,0.8500000238418579,1036200.0,878953.8125,101577.8984375
2016-04-07,0.8560000061988831,0.8560000061988831,0.8479999899864197,0.8500000238418579,617500.0,525486.0,101577.8984375
2016-04-08,0.8420000076293945,0.8450000286102295,0.8410000205039978,0.843999981880188,599300.0,505005.59375,101577.8984375
2016-04-11,0.8519999980926514,0.8519999980926514,0.843999981880188,0.8479999899864197,217700.0,184490.0,101577.8984375
2016-04-12,0.8500000238418579,0.8500000238418579,0.847000002861023,0.8500000238418579,144100.0,122342.6015625,101577.8984375
2016-04-13,0.8510000109672546,0.8600000143051147,0.8510000109672546,0.859000027179718,930100.0,796630.625,101577.8984375
2016-04-14,0.8730000257492065,0.8730000257492065,0.8669999837875366,0.8700000047683716,832000.0,723752.125,101577.8984375
2016-04-15,0.8700000047683716,0.871999979019165,0.8669999837875366,0.8669999837875366,466700.0,406128.1875,101577.8984375
2016-04-18,0.8629999756813049,0.8640000224113464,0.8610000014305115,0.8640000224113464,489400.0,422192.8125,101577.8984375
2016-04-19,0.8679999709129333,0.8840000033378601,0.8679999709129333,0.8809999823570251,1550700.0,1358208.0,101577.8984375
2016-04-20,0.8880000114440918,0.8949999809265137,0.8870000243186951,0.8899999856948853,2175200.0,1936537.25,101577.8984375
2016-04-21,0.8970000147819519,0.902999997138977,0.8920000195503235,0.8999999761581421,1681499.0,1511600.25,101577.8984375
2016-04-22,0.9020000100135803,0.9020000100135803,0.8899999856948853,0.8939999938011169,349000.0,313844.59375,101577.8984375
2016-04-25,0.8930000066757202,0.8999999761581421,0.8920000195503235,0.8939999938011169,613500.0,548932.8125,101577.8984375
2016-04-26,0.890999972820282,0.8939999938011169,0.8849999904632568,0.8889999985694885,485400.0,431954.3125,101577.8984375
2016-04-27,0.8899999856948853,0.8920000195503235,0.8859999775886536,0.890999972820282,298100.0,265268.1875,101577.8984375
2016-04-28,0.8949999809265137,0.906000018119812,0.8920000195503235,0.9010000228881836,841700.0,759272.8125,101577.8984375
2016-04-29,0.8980000019073486,0.8980000019073486,0.8930000066757202,0.8930000066757202,70099.0,62714.40625,101577.8984375
2016-05-03,0.9049999713897705,0.906000018119812,0.8849999904632568,0.8999999761581421,350299.0,316045.40625,101577.8984375
2016-05-04,0.8889999985694885,0.8889999985694885,0.8820000290870667,0.8840000033378601,659498.0,583608.9375,101577.8984375
2016-05-05,0.8799999952316284,0.8840000033378601,0.8799999952316284,0.8840000033378601,269000.0,237167.796875,101577.8984375
2016-05-06,0.8830000162124634,0.8870000243186951,0.8740000128746033,0.875,461100.0,404669.40625,101577.8984375
2016-05-09,0.8790000081062317,0.8790000081062317,0.8769999742507935,0.8790000081062317,121700.0,106900.8984375,101577.8984375
2016-05-10,0.8840000033378601,0.8880000114440918,0.8820000290870667,0.8830000162124634,584900.0,517521.6875,101577.8984375
2016-05-11,0.8870000243186951,0.8889999985694885,0.8849999904632568,0.8889999985694885,189800.0,168322.09375,101577.8984375
2016-05-12,0.8759999871253967,0.8849999904632568,0.8700000047683716,0.875,881300.0,770529.375,101577.8984375
2016-05-13,0.875,0.8759999871253967,0.859000027179718,0.8619999885559082,937300.0,816714.875,101577.8984375
2016-05-16,0.8640000224113464,0.8700000047683716,0.8640000224113464,0.8700000047683716,430200.0,373580.0,101577.8984375
2016-05-17,0.8690000176429749,0.871999979019165,0.8640000224113464,0.871999979019165,2217500.0,1925064.625,101577.8984375
2016-05-18,0.8650000095367432,0.8679999709129333,0.8619999885559082,0.8619999885559082,189800.0,163995.296875,101577.8984375
2016-05-19,0.8650000095367432,0.8669999837875366,0.8600000143051147,0.8669999837875366,484800.0,418239.8125,101577.8984375
2016-05-20,0.8600000143051147,0.8669999837875366,0.8569999933242798,0.8640000224113464,248400.0,214194.0,101577.8984375
2016-05-23,0.8619999885559082,0.8669999837875366,0.8619999885559082,0.8640000224113464,136400.0,117956.0,101577.8984375
2016-05-24,0.8600000143051147,0.8629999756813049,0.8579999804496765,0.8600000143051147,111700.0,96026.6015625,101577.8984375
2016-05-25,0.8679999709129333,0.8769999742507935,0.8679999709129333,0.8709999918937683,608200.0,529321.6875,101577.8984375
2016-05-26,0.8740000128746033,0.8830000162124634,0.8740000128746033,0.8820000290870667,736200.0,648310.3125,101577.8984375
2016-05-27,0.8889999985694885,0.8989999890327454,0.8799999952316284,0.8989999890327454,8475500.0,7511114.0,101577.8984375
2016-05-30,0.8999999761581421,0.8999999761581421,0.8849999904632568,0.8960000276565552,345699.0,309792.21875,101577.8984375
2016-05-31,0.8970000147819519,0.906000018119812,0.8899999856948853,0.8999999761581421,1785800.0,1598981.375,101577.8984375
2016-06-01,0.8960000276565552,0.8960000276565552,0.8880000114440918,0.890999972820282,477500.0,425646.5,101577.8984375
2016-06-02,0.8889999985694885,0.8889999985694885,0.8840000033378601,0.8870000243186951,527999.0,468381.0,101577.8984375
2016-06-03,0.8889999985694885,0.890999972820282,0.8889999985694885,0.8899999856948853,420999.0,374556.125,101577.8984375
2016-06-06,0.8859999775886536,0.890999972820282,0.8859999775886536,0.8859999775886536,512800.0,454806.5,101577.8984375
2016-06-07,0.8870000243186951,0.8920000195503235,0.8859999775886536,0.8899999856948853,1582400.0,1405090.0,101577.8984375
2016-06-08,0.8930000066757202,0.906000018119812,0.8930000066757202,0.9049999713897705,2431000.0,2186427.25,101577.8984375
2016-06-13,0.8799999952316284,0.9150000214576721,0.871999979019165,0.8769999742507935,2475897.0,2190022.5,101577.8984375
2016-06-14,0.8709999918937683,0.8790000081062317,0.8659999966621399,0.8740000128746033,1000601.0,870823.25,101577.8984375
2016-06-15,0.8679999709129333,0.875,0.8619999885559082,0.871999979019165,1409200.0,1224327.0,101577.8984375
2016-06-16,0.8730000257492065,0.8730000257492065,0.8600000143051147,0.8610000014305115,1099600.0,955054.625,101577.8984375
2016-06-17,0.8619999885559082,0.8709999918937683,0.8619999885559082,0.8709999918937683,637600.0,553213.625,101577.8984375
2016-06-20,0.878000020980835,0.8880000114440918,0.878000020980835,0.8859999775886536,1014699.0,894746.0,101577.8984375
2016-06-21,0.8989999890327454,0.8999999761581421,0.8799999952316284,0.8830000162124634,1355900.0,1206562.375,101577.8984375
2016-06-22,0.8859999775886536,0.8949999809265137,0.8830000162124634,0.8880000114440918,736424.0,654060.9375,101577.8984375
2016-06-23,0.8870000243186951,0.8889999985694885,0.8830000162124634,0.8889999985694885,563900.0,500358.0,101577.8984375
2016-06-24,0.8830000162124634,0.8970000147819519,0.8500000238418579,0.8610000014305115,6859449.0,5962302.5,101577.8984375
2016-06-27,0.8510000109672546,0.8640000224113464,0.8500000238418579,0.8640000224113464,2213200.0,1894545.5,101577.8984375
2016-06-28,0.8600000143051147,0.8619999885559082,0.8489999771118164,0.8619999885559082,1180198.0,1010434.875,101577.8984375
2016-06-29,0.8700000047683716,0.8700000047683716,0.8560000061988831,0.8610000014305115,1963199.0,1687930.0,101577.8984375
2016-06-30,0.8659999966621399,0.8659999966621399,0.8550000190734863,0.8569999933242798,2300200.0,1974804.75,101577.8984375
2016-07-01,0.8600000143051147,0.8600000143051147,0.8539999723434448,0.8560000061988831,2610300.0,2235778.25,101577.8984375
2016-07-04,0.859000027179718,0.8619999885559082,0.8560000061988831,0.8619999885559082,2419799.0,2076756.75,101577.8984375
2016-07-05,0.859000027179718,0.859000027179718,0.8560000061988831,0.859000027179718,908200.0,778589.375,101577.8984375
2016-07-06,0.8519999980926514,0.8529999852180481,0.8460000157356262,0.8500000238418579,4293900.0,3644067.0,101577.8984375
2016-07-07,0.8489999771118164,0.8579999804496765,0.847000002861023,0.8560000061988831,1789150.0,1527961.375,101577.8984375
2016-07-08,0.8529999852180481,0.8539999723434448,0.8450000286102295,0.8450000286102295,7803000.0,6609654.5,101577.8984375
2016-07-11,0.8529999852180481,0.8560000061988831,0.8500000238418579,0.8560000061988831,4947090.0,4219565.0,101577.8984375
2016-07-12,0.8610000014305115,0.8659999966621399,0.8560000061988831,0.859000027179718,4291300.0,3689447.25,101577.8984375
2016-07-13,0.8669999837875366,0.8669999837875366,0.8600000143051147,0.8640000224113464,4028200.0,3474778.5,101577.8984375
2016-07-14,0.8610000014305115,0.8700000047683716,0.8579999804496765,0.8679999709129333,3365375.0,2909365.25,101577.8984375
2016-07-15,0.871999979019165,0.875,0.8700000047683716,0.871999979019165,2698600.0,2353366.75,101577.8984375
2016-07-18,0.871999979019165,0.8759999871253967,0.871999979019165,0.8759999871253967,4473808.0,3911592.25,101577.8984375
2016-07-19,0.8759999871253967,0.8759999871253967,0.8700000047683716,0.871999979019165,1145800.0,998958.875,101577.8984375
2016-07-20,0.8730000257492065,0.8730000257492065,0.8679999709129333,0.871999979019165,1123800.0,978109.8125,101577.8984375
2016-07-21,0.878000020980835,0.8809999823570251,0.8759999871253967,0.8809999823570251,3116500.0,2736175.25,101577.8984375
2016-07-22,0.8790000081062317,0.8809999823570251,0.875,0.878000020980835,914100.0,802388.6875,101577.8984375
2016-07-25,0.8790000081062317,0.8820000290870667,0.8740000128746033,0.8790000081062317,1600300.0,1406259.5,101577.8984375
2016-07-26,0.8799999952316284,0.8830000162124634,0.8790000081062317,0.8820000290870667,423300.0,372911.6875,101577.8984375
2016-07-27,0.8849999904632568,0.8870000243186951,0.8830000162124634,0.8859999775886536,3494000.0,3090558.5,101577.8984375
2016-07-28,0.8859999775886536,0.8920000195503235,0.8859999775886536,0.8920000195503235,1661400.0,1476608.25,101577.8984375
2016-07-29,0.8889999985694885,0.8939999938011169,0.8889999985694885,0.8930000066757202,923800.0,824419.1875,101577.8984375
2016-08-01,0.8999999761581421,0.906000018119812,0.8999999761581421,0.9049999713897705,6362492.0,5744415.0,101577.8984375
2016-08-02,0.9049999713897705,0.9049999713897705,0.8960000276565552,0.8980000019073486,3146700.0,2822593.25,101577.8984375
2016-08-03,0.8899999856948853,0.890999972820282,0.8840000033378601,0.8849999904632568,3380200.0,2992516.0,101577.8984375
2016-08-04,0.8859999775886536,0.890999972820282,0.8859999775886536,0.8899999856948853,849601.0,754161.1875,101577.8984375
2016-08-05,0.8899999856948853,0.8930000066757202,0.8880000114440918,0.890999972820282,560000.0,498547.59375,101577.8984375
2016-08-08,0.8980000019073486,0.9020000100135803,0.8980000019073486,0.9010000228881836,983500.0,885656.6875,101577.8984375
2016-08-09,0.9010000228881836,0.902999997138977,0.8989999890327454,0.902999997138977,832267.0,750282.25,101577.8984375
2016-08-10,0.9200000166893005,0.9269999861717224,0.9200000166893005,0.9269999861717224,1726400.0,1594849.75,101577.8984375
2016-08-11,0.921999990940094,0.9330000281333923,0.9200000166893005,0.9330000281333923,3929500.0,3626986.75,101577.8984375
2016-08-12,0.9350000023841858,0.9409999847412109,0.9330000281333923,0.9350000023841858,3382524.0,3170729.75,101577.8984375
2016-08-15,0.9340000152587891,0.9340000152587891,0.9259999990463257,0.9269999861717224,3592999.0,3332297.0,101577.8984375
2016-08-16,0.9269999861717224,0.9319999814033508,0.9269999861717224,0.9309999942779541,1769326.0,1642681.375,101577.8984375
2016-08-17,0.9259999990463257,0.9350000023841858,0.9259999990463257,0.9330000281333923,1815489.0,1692366.375,101577.8984375
2016-08-18,0.9300000071525574,0.9319999814033508,0.9259999990463257,0.9309999942779541,7434821.0,6905277.0,101577.8984375
2016-08-19,0.9309999942779541,0.9390000104904175,0.9300000071525574,0.9359999895095825,3513397.0,3277455.0,101577.8984375
2016-08-22,0.9300000071525574,0.9350000023841858,0.9300000071525574,0.9330000281333923,865100.0,807728.6875,101577.8984375
2016-08-23,0.9330000281333923,0.9330000281333923,0.9279999732971191,0.9300000071525574,1419900.0,1319379.0,101577.8984375
2016-08-24,0.9330000281333923,0.9359999895095825,0.9290000200271606,0.9309999942779541,2243200.0,2089404.125,101577.8984375
2016-08-25,0.9300000071525574,0.9309999942779541,0.9259999990463257,0.9300000071525574,5008700.0,4651172.5,101577.8984375
2016-08-26,0.925000011920929,0.9290000200271606,0.9229999780654907,0.925000011920929,2255600.0,2086192.75,101577.8984375
2016-08-29,0.925000011920929,0.9290000200271606,0.9240000247955322,0.9240000247955322,252100.0,233303.40625,101577.8984375
2016-08-30,0.9240000247955322,0.9290000200271606,0.9240000247955322,0.9279999732971191,586867.0,543602.75,101577.8984375
2016-08-31,0.9350000023841858,0.9350000023841858,0.9269999861717224,0.9290000200271606,2815700.0,2614220.0,101577.8984375
2016-09-01,0.9259999990463257,0.9279999732971191,0.921999990940094,0.9259999990463257,1299100.0,1201461.875,101577.8984375
2016-09-02,0.925000011920929,0.9269999861717224,0.921999990940094,0.9269999861717224,616900.0,569916.6875,101577.8984375
2016-09-05,0.9359999895095825,0.9369999766349792,0.9330000281333923,0.9359999895095825,1383600.0,1294304.75,101577.8984375
2016-09-06,0.9350000023841858,0.9359999895095825,0.9319999814033508,0.9359999895095825,653600.0,610568.8125,101577.8984375
2016-09-07,0.9359999895095825,0.9359999895095825,0.9279999732971191,0.9300000071525574,3524001.0,3277256.25,101577.8984375
2016-09-08,0.9340000152587891,0.9430000185966492,0.9340000152587891,0.9430000185966492,6147937.0,5765304.5,101577.8984375
2016-09-09,0.9380000233650208,0.9380000233650208,0.9330000281333923,0.9380000233650208,3476800.0,3252191.25,101577.8984375
2016-09-12,0.9190000295639038,0.9240000247955322,0.9150000214576721,0.921999990940094,1769837.0,1629079.75,101577.8984375
2016-09-13,0.921999990940094,0.9279999732971191,0.9200000166893005,0.9259999990463257,1754100.0,1619688.125,101577.8984375
2016-09-14,0.9269999861717224,0.9330000281333923,0.9259999990463257,0.9279999732971191,3755500.0,3483663.5,101577.8984375
2016-09-19,0.9279999732971191,0.9279999732971191,0.9169999957084656,0.9200000166893005,4480700.0,4121912.0,101577.8984375
2016-09-20,0.9200000166893005,0.9200000166893005,0.9169999957084656,0.9190000295639038,1552100.0,1425974.0,101577.8984375
2016-09-21,0.9190000295639038,0.9200000166893005,0.9169999957084656,0.9200000166893005,1585400.0,1456920.0,101577.8984375
2016-09-22,0.9229999780654907,0.9240000247955322,0.9190000295639038,0.9229999780654907,4176000.0,3844805.0,101577.8984375
2016-09-23,0.9319999814033508,0.9380000233650208,0.9309999942779541,0.9330000281333923,1961500.0,1829837.0,101577.8984375
2016-09-26,0.9300000071525574,0.9300000071525574,0.9229999780654907,0.9259999990463257,598300.0,555033.0,101577.8984375
2016-09-27,0.9150000214576721,0.9240000247955322,0.9120000004768372,0.9240000247955322,996100.0,914602.0,101577.8984375
2016-09-28,0.9200000166893005,0.9229999780654907,0.9139999747276306,0.9160000085830688,2819600.0,2582880.0,101577.8984375
2016-09-29,0.921999990940094,0.9240000247955322,0.9210000038146973,0.9240000247955322,13649600.0,12585431.0,101577.8984375
2016-09-30,0.9169999957084656,0.9179999828338623,0.8999999761581421,0.9070000052452087,5490200.0,5011436.0,101577.8984375
2016-10-10,0.9120000004768372,0.9190000295639038,0.9120000004768372,0.9179999828338623,2861600.0,2624792.0,101577.8984375
2016-10-11,0.9259999990463257,0.9269999861717224,0.9229999780654907,0.9269999861717224,2531500.0,2342825.0,101577.8984375
2016-10-12,0.921999990940094,0.9229999780654907,0.9190000295639038,0.9200000166893005,1093900.0,1007570.0,101577.8984375
2016-10-13,0.9200000166893005,0.9200000166893005,0.9089999794960022,0.9110000133514404,2172600.0,1983212.0,101577.8984375
2016-10-14,0.9089999794960022,0.9089999794960022,0.9049999713897705,0.9089999794960022,1456400.0,1322350.0,101577.8984375
2016-10-17,0.9160000085830688,0.9160000085830688,0.9079999923706055,0.9120000004768372,1223700.0,1114925.0,101577.8984375
2016-10-18,0.9070000052452087,0.9200000166893005,0.9070000052452087,0.9160000085830688,2147800.0,1965921.0,101577.8984375
2016-10-19,0.9210000038146973,0.9340000152587891,0.9169999957084656,0.9210000038146973,1623400.0,1495014.0,101577.8984375
2016-10-20,0.9200000166893005,0.9290000200271606,0.9129999876022339,0.9259999990463257,2314700.0,2139814.0,101577.8984375
2016-10-21,0.9279999732971191,0.9290000200271606,0.921999990940094,0.925000011920929,647100.0,598156.0,101577.8984375
2016-10-24,0.9240000247955322,0.9300000071525574,0.921999990940094,0.9279999732971191,1051100.0,973936.0,101577.8984375
2016-10-25,0.9279999732971191,0.9330000281333923,0.9269999861717224,0.9300000071525574,711200.0,661898.0,101577.8984375
2016-10-26,0.9279999732971191,0.9290000200271606,0.9269999861717224,0.9269999861717224,787100.0,730171.0,101577.8984375
2016-10-27,0.9240000247955322,0.9279999732971191,0.9240000247955322,0.925000011920929,591500.0,547762.0,101577.8984375
2016-10-28,0.9259999990463257,0.9290000200271606,0.9190000295639038,0.921999990940094,8681196.0,7996111.0,101577.8984375
2016-10-31,0.9229999780654907,0.9279999732971191,0.9200000166893005,0.9259999990463257,2299700.0,2125501.0,101577.8984375
2016-11-01,0.921999990940094,0.9309999942779541,0.921999990940094,0.9269999861717224,1029588.0,955162.0,101577.8984375
2016-11-02,0.9190000295639038,0.9240000247955322,0.9160000085830688,0.9179999828338623,5493000.0,5040321.0,101577.8984375
2016-11-03,0.9110000133514404,0.9160000085830688,0.9100000262260437,0.9100000262260437,2822300.0,2573746.0,101577.8984375
2016-11-04,0.9089999794960022,0.9089999794960022,0.9049999713897705,0.9070000052452087,2208996.0,2003450.0,101577.8984375
2016-11-07,0.9100000262260437,0.9169999957084656,0.9070000052452087,0.9150000214576721,1691600.0,1542896.0,101577.8984375
2016-11-08,0.9200000166893005,0.9200000166893005,0.9150000214576721,0.9179999828338623,1398500.0,1282255.0,101577.8984375
2016-11-09,0.9179999828338623,0.9210000038146973,0.9010000228881836,0.9089999794960022,1829900.0,1665130.0,101577.8984375
2016-11-10,0.921999990940094,0.9290000200271606,0.9210000038146973,0.9259999990463257,2719496.0,2513306.0,101577.8984375
2016-11-11,0.9259999990463257,0.9269999861717224,0.9210000038146973,0.925000011920929,2351400.0,2177034.0,101577.8984375
2016-11-14,0.921999990940094,0.9269999861717224,0.921999990940094,0.9259999990463257,1533100.0,1418648.0,101577.8984375
2016-11-15,0.921999990940094,0.925000011920929,0.921999990940094,0.9229999780654907,1092900.0,1009398.0,101577.8984375
2016-11-16,0.925000011920929,0.9279999732971191,0.925000011920929,0.9269999861717224,1376000.0,1275054.0,101577.8984375
2016-11-17,0.9240000247955322,0.9240000247955322,0.9190000295639038,0.9190000295639038,680100.0,626085.0,101577.8984375
2016-11-18,0.9210000038146973,0.9210000038146973,0.9160000085830688,0.9179999828338623,8673600.0,7953548.0,101577.8984375
2016-11-21,0.9160000085830688,0.9179999828338623,0.9139999747276306,0.9160000085830688,5913500.0,5415423.0,101577.8984375
2016-11-22,0.9179999828338623,0.9200000166893005,0.9150000214576721,0.9200000166893005,3914700.0,3588337.0,101577.8984375
2016-11-23,0.9160000085830688,0.9210000038146973,0.9160000085830688,0.9179999828338623,1885800.0,1730671.0,101577.8984375
2016-11-24,0.9160000085830688,0.9179999828338623,0.9150000214576721,0.9150000214576721,1272500.0,1165483.0,101577.8984375
2016-11-25,0.9129999876022339,0.9190000295639038,0.9129999876022339,0.9169999957084656,737600.0,676262.0,101577.8984375
2016-11-28,0.9179999828338623,0.9190000295639038,0.9160000085830688,0.9179999828338623,1091800.0,1001397.0,101577.8984375
2016-11-29,0.9089999794960022,0.9129999876022339,0.9079999923706055,0.9110000133514404,2467400.0,2245241.0,101577.8984375
2016-11-30,0.9129999876022339,0.9139999747276306,0.9110000133514404,0.9120000004768372,512400.0,467293.0,101577.8984375
2016-12-01,0.9120000004768372,0.9150000214576721,0.9089999794960022,0.9100000262260437,4313300.0,3931354.0,101577.8984375
2016-12-02,0.9070000052452087,0.9110000133514404,0.906000018119812,0.9100000262260437,1833110.0,1663250.0,101577.8984375
2016-12-05,0.906000018119812,0.9079999923706055,0.8989999890327454,0.906000018119812,1270000.0,1148061.0,101577.8984375
2016-12-06,0.9169999957084656,0.9229999780654907,0.9139999747276306,0.9229999780654907,9720100.0,8945453.0,101577.8984375
2016-12-07,0.9300000071525574,0.9350000023841858,0.9259999990463257,0.9319999814033508,24918096.0,23202308.0,101577.8984375
2016-12-08,0.9470000267028809,0.9539999961853027,0.9440000057220459,0.9520000219345093,22457400.0,21312806.0,101577.8984375
2016-12-09,0.9620000123977661,0.9649999737739563,0.9509999752044678,0.9589999914169312,11714097.0,11209991.0,101577.8984375
2016-12-12,0.9610000252723694,0.9660000205039978,0.9509999752044678,0.9509999752044678,50539100.0,48528160.0,101577.8984375
2016-12-13,0.9520000219345093,0.9549999833106995,0.949999988079071,0.9549999833106995,55822800.0,53232268.0,101577.8984375
2016-12-14,0.9610000252723694,0.9679999947547913,0.9610000252723694,0.9670000076293945,2018100.0,1947801.0,101577.8984375
2016-12-15,0.9599999785423279,0.9620000123977661,0.949999988079071,0.9539999961853027,1936600.0,1850679.0,101577.8984375
2016-12-16,0.9610000252723694,0.9670000076293945,0.9589999914169312,0.9670000076293945,2252100.0,2172455.0,101577.8984375
2016-12-19,0.9670000076293945,0.968999981880188,0.9599999785423279,0.9649999737739563,5352600.0,5167252.0,101577.8984375
2016-12-20,0.9639999866485596,0.9700000286102295,0.9549999833106995,0.9620000123977661,17333500.0,16698244.0,101577.8984375
2016-12-21,0.9660000205039978,0.9729999899864197,0.9629999995231628,0.9729999899864197,49901200.0,48281452.0,101577.8984375
2016-12-22,0.9729999899864197,0.9739999771118164,0.949999988079071,0.9670000076293945,166802592.0,161426880.0,101577.8984375
2016-12-23,0.9679999947547913,0.968999981880188,0.9639999866485596,0.9670000076293945,35752600.0,34573256.0,101577.8984375
2016-12-26,0.9649999737739563,0.9679999947547913,0.9649999737739563,0.9660000205039978,14954500.0,14450106.0,101577.8984375
2016-12-27,0.9660000205039978,0.9700000286102295,0.9599999785423279,0.9660000205039978,20652200.0,19978300.0,101577.8984375
2016-12-28,0.9660000205039978,0.9739999771118164,0.9660000205039978,0.9700000286102295,17946700.0,17422486.0,101577.8984375
2016-12-29,0.972000002861023,0.9739999771118164,0.9620000123977661,0.9679999947547913,22809100.0,22103812.0,101577.8984375
2016-12-30,0.9679999947547913,0.9810000061988831,0.9679999947547913,0.9769999980926514,16204897.0,15768431.0,101577.8984375
2017-01-03,0.9829999804496765,0.9909999966621399,0.9829999804496765,0.9900000095367432,1229600.0,1215828.0,101577.8984375
2017-01-04,0.9879999756813049,0.9879999756813049,0.9810000061988831,0.984000027179718,3080900.0,3027926.0,101577.8984375
2017-01-05,0.9800000190734863,0.984000027179718,0.9769999980926514,0.9810000061988831,436300.0,428558.0,101577.8984375
2017-01-06,0.9829999804496765,0.9829999804496765,0.9769999980926514,0.9800000190734863,683000.0,669129.0,101577.8984375
2017-01-09,0.9810000061988831,0.9850000143051147,0.9800000190734863,0.9810000061988831,2049200.0,2011479.0,101577.8984375
2017-01-10,0.9810000061988831,0.9850000143051147,0.9779999852180481,0.9800000190734863,2437900.0,2391359.0,101577.8984375
2017-01-11,0.9800000190734863,0.984000027179718,0.9779999852180481,0.9819999933242798,607400.0,595907.0,101577.8984375
2017-01-12,0.9850000143051147,0.9869999885559082,0.9800000190734863,0.9860000014305115,5539100.0,5450025.0,101577.8984375
2017-01-13,0.9829999804496765,0.9829999804496765,0.9779999852180481,0.9789999723434448,1000600.0,980140.0,101577.8984375
2017-01-16,0.9850000143051147,0.9869999885559082,0.9819999933242798,0.9860000014305115,2447800.0,2409759.0,101577.8984375
2017-01-17,0.9829999804496765,0.984000027179718,0.9729999899864197,0.9739999771118164,2813300.0,2753651.0,101577.8984375
2017-01-18,0.9760000109672546,0.9829999804496765,0.9760000109672546,0.9810000061988831,1565400.0,1532966.0,101577.8984375
2017-01-19,0.9810000061988831,0.9819999933242798,0.9739999771118164,0.9769999980926514,2148200.0,2101300.0,101577.8984375
2017-01-20,0.9819999933242798,0.9879999756813049,0.9789999723434448,0.984000027179718,2251500.0,2214516.0,101577.8984375
2017-01-23,0.9869999885559082,0.9879999756813049,0.9779999852180481,0.9850000143051147,1438597.0,1416545.0,101577.8984375
2017-01-24,0.9829999804496765,0.9829999804496765,0.9819999933242798,0.9829999804496765,4793897.0,4708076.0,101577.8984375
2017-01-25,0.9869999885559082,0.9940000176429749,0.9850000143051147,0.9929999709129333,2150200.0,2131389.0,101577.8984375
2017-01-26,1.00600004196167,1.0240000486373901,1.00600004196167,1.0240000486373901,2184697.0,2221609.0,101577.8984375
2017-02-03,1.0169999599456787,1.0169999599456787,1.0019999742507935,1.0099999904632568,2643697.0,2659623.0,101577.8984375
2017-02-06,1.0099999904632568,1.0119999647140503,1.0,1.0069999694824219,1438900.0,1447141.0,101577.8984375
2017-02-07,1.0,1.0010000467300415,0.9900000095367432,0.9909999966621399,3132400.0,3112411.0,101577.8984375
2017-02-08,0.9940000176429749,0.9940000176429749,0.9900000095367432,0.9940000176429749,2022100.0,2006553.0,101577.8984375
2017-02-09,0.9909999966621399,0.9950000047683716,0.9900000095367432,0.9940000176429749,1798800.0,1786372.0,101577.8984375
2017-02-10,0.996999979019165,1.0,0.9959999918937683,0.9980000257492065,2003800.0,1999960.0,101577.8984375
2017-02-13,0.9990000128746033,0.9990000128746033,0.9940000176429749,0.996999979019165,3086600.0,3075192.0,101577.8984375
2017-02-14,1.003000020980835,1.003000020980835,0.9990000128746033,1.0019999742507935,2255100.0,2256285.0,101577.8984375
2017-02-15,1.0019999742507935,1.0019999742507935,0.9950000047683716,0.9990000128746033,4258300.0,4251650.0,101577.8984375
2017-02-16,0.9990000128746033,0.9990000128746033,0.9940000176429749,0.9940000176429749,2842600.0,2832403.0,101577.8984375
2017-02-17,0.9959999918937683,0.9959999918937683,0.9909999966621399,0.9950000047683716,2543300.0,2526732.0,101577.8984375
2017-02-20,0.9940000176429749,1.0,0.9929999709129333,0.9980000257492065,1980500.0,1975417.0,101577.8984375
2017-02-21,0.9990000128746033,1.0019999742507935,0.996999979019165,0.996999979019165,997700.0,995674.0,101577.8984375
2017-02-22,1.0099999904632568,1.0130000114440918,1.00600004196167,1.0119999647140503,2712500.0,2740609.0,101577.8984375
2017-02-23,1.0110000371932983,1.0130000114440918,1.0080000162124634,1.0119999647140503,1088200.0,1099978.0,101577.8984375
2017-02-24,1.0110000371932983,1.0110000371932983,1.0019999742507935,1.003000020980835,1746300.0,1755144.0,101577.8984375
2017-02-27,1.0010000467300415,1.0010000467300415,0.9959999918937683,0.9980000257492065,1219500.0,1216947.0,101577.8984375
2017-02-28,0.9980000257492065,1.0010000467300415,0.9959999918937683,0.996999979019165,1170000.0,1167072.0,101577.8984375
2017-03-01,0.9990000128746033,0.9990000128746033,0.9959999918937683,0.9959999918937683,368800.0,367841.0,101577.8984375
2017-03-02,1.0069999694824219,1.0149999856948853,1.0069999694824219,1.0130000114440918,2664200.0,2696158.0,101577.8984375
2017-03-03,1.0110000371932983,1.0140000581741333,1.0049999952316284,1.0069999694824219,885400.0,893709.0,101577.8984375
2017-03-06,1.00600004196167,1.0149999856948853,1.00600004196167,1.0140000581741333,1091300.0,1104539.0,101577.8984375
2017-03-07,1.0119999647140503,1.0130000114440918,1.0069999694824219,1.0099999904632568,1391400.0,1405863.0,101577.8984375
2017-03-08,1.0119999647140503,1.0140000581741333,1.0049999952316284,1.0069999694824219,877800.0,884441.0,101577.8984375
2017-03-09,1.0080000162124634,1.0080000162124634,1.0049999952316284,1.0069999694824219,964500.0,970432.0,101577.8984375
2017-03-10,1.0099999904632568,1.0240000486373901,1.0099999904632568,1.0169999599456787,3681600.0,3735160.0,101577.8984375
2017-03-13,1.0199999809265137,1.0199999809265137,1.0160000324249268,1.0199999809265137,486700.0,495533.0,101577.8984375
2017-03-14,1.0210000276565552,1.024999976158142,1.0199999809265137,1.0219999551773071,753100.0,769758.0,101577.8984375
2017-03-15,1.0219999551773071,1.0219999551773071,1.0160000324249268,1.0199999809265137,455400.0,463729.0,101577.8984375
2017-03-16,1.0290000438690186,1.034999966621399,1.0290000438690186,1.031000018119812,1522300.0,1570983.0,101577.8984375
2017-03-17,1.031999945640564,1.0379999876022339,1.031999945640564,1.034999966621399,793399.0,821051.0,101577.8984375
2017-03-20,1.0379999876022339,1.0440000295639038,1.034000039100647,1.0429999828338623,1305499.0,1359006.0,101577.8984375
2017-03-21,1.0429999828338623,1.0429999828338623,1.0360000133514404,1.0410000085830688,379850.0,395078.0,101577.8984375
2017-03-22,1.0260000228881836,1.0390000343322754,1.0219999551773071,1.0230000019073486,1885100.0,1932346.0,101577.8984375
2017-03-23,1.024999976158142,1.027999997138977,1.024999976158142,1.027999997138977,894200.0,918705.0,101577.8984375
2017-03-24,1.0410000085830688,1.0410000085830688,1.0299999713897705,1.034000039100647,1052400.0,1090461.0,101577.8984375
2017-03-27,1.031999945640564,1.0390000343322754,1.031999945640564,1.0329999923706055,1304100.0,1349088.0,101577.8984375
2017-03-28,1.0329999923706055,1.0410000085830688,1.031999945640564,1.0390000343322754,2608800.0,2704389.0,101577.8984375
2017-03-29,1.0470000505447388,1.0499999523162842,1.0460000038146973,1.0499999523162842,423900.0,444541.0,101577.8984375
2017-03-30,1.0540000200271606,1.0549999475479126,1.0479999780654907,1.0509999990463257,811750.0,852640.0,101577.8984375
2017-03-31,1.0570000410079956,1.0570000410079956,1.0399999618530273,1.0529999732971191,2342900.0,2459124.0,101577.8984375
2017-04-05,1.0540000200271606,1.0549999475479126,1.0460000038146973,1.0540000200271606,860500.0,905961.0,101577.8984375
2017-04-06,1.0529999732971191,1.0529999732971191,1.0449999570846558,1.0509999990463257,396300.0,415760.0,101577.8984375
2017-04-07,1.0499999523162842,1.0520000457763672,1.0460000038146973,1.0499999523162842,529500.0,555480.0,101577.8984375
2017-04-10,1.0470000505447388,1.0549999475479126,1.0410000085830688,1.0490000247955322,808200.0,846831.0,101577.8984375
2017-04-11,1.0490000247955322,1.0490000247955322,1.0429999828338623,1.0440000295639038,416000.0,434542.0,101577.8984375
2017-04-12,1.0429999828338623,1.0429999828338623,1.024999976158142,1.031000018119812,1032800.0,1066350.0,101577.8984375
2017-04-13,1.0329999923706055,1.0360000133514404,1.031000018119812,1.034999966621399,156000.0,161379.0,101577.8984375
2017-04-14,1.034000039100647,1.034000039100647,1.0099999904632568,1.0199999809265137,1251900.0,1280744.0,101577.8984375
2017-04-17,1.0210000276565552,1.024999976158142,1.0199999809265137,1.0199999809265137,921800.0,941982.0,101577.8984375
2017-04-18,1.0260000228881836,1.0260000228881836,1.0210000276565552,1.0230000019073486,1429800.0,1464106.0,101577.8984375
2017-04-19,1.0210000276565552,1.0230000019073486,1.0099999904632568,1.0230000019073486,1832300.0,1861191.0,101577.8984375
2017-04-20,1.0230000019073486,1.0240000486373901,1.0140000581741333,1.0210000276565552,651300.0,663812.0,101577.8984375
2017-04-21,1.0240000486373901,1.024999976158142,1.0219999551773071,1.0230000019073486,1958200.0,2003573.0,101577.8984375
2017-04-24,1.0329999923706055,1.065999984741211,1.031999945640564,1.0549999475479126,2523500.0,2640097.0,101577.8984375
2017-04-25,1.0700000524520874,1.0839999914169312,1.065999984741211,1.0829999446868896,3494700.0,3759367.0,101577.8984375
2017-04-26,1.0829999446868896,1.0889999866485596,1.0709999799728394,1.0850000381469727,1473800.0,1600883.0,101577.8984375
2017-04-27,1.0789999961853027,1.0839999914169312,1.0779999494552612,1.0829999446868896,782900.0,846273.0,101577.8984375
2017-04-28,1.0839999914169312,1.0880000591278076,1.0759999752044678,1.0839999914169312,509700.0,550436.0,101577.8984375
2017-05-02,1.0839999914169312,1.0920000076293945,1.0779999494552612,1.090000033378601,816700.0,889228.0,101577.8984375
2017-05-03,1.090000033378601,1.097000002861023,1.090000033378601,1.0950000286102295,727200.0,794467.0,101577.8984375
2017-05-04,1.0950000286102295,1.0980000495910645,1.0880000591278076,1.0920000076293945,1167400.0,1275080.0,101577.8984375
2017-05-05,1.100000023841858,1.1089999675750732,1.0980000495910645,1.1089999675750732,3368400.0,3719978.0,101577.8984375
2017-05-08,1.1069999933242798,1.1549999713897705,1.1069999933242798,1.1349999904632568,5469600.0,6190122.0,101577.8984375
2017-05-09,1.1349999904632568,1.1349999904632568,1.1169999837875366,1.128000020980835,1599400.0,1800399.0,101577.8984375
2017-05-10,1.128999948501587,1.1549999713897705,1.128999948501587,1.1419999599456787,2119550.0,2425400.0,101577.8984375
2017-05-11,1.1460000276565552,1.1690000295639038,1.1460000276565552,1.1619999408721924,2986200.0,3458858.0,101577.8984375
2017-05-12,1.159000039100647,1.159000039100647,1.1319999694824219,1.1330000162124634,2997600.0,3410223.0,101577.8984375
2017-05-15,1.149999976158142,1.149999976158142,1.1399999856948853,1.1430000066757202,1958000.0,2241331.0,101577.8984375
2017-05-16,1.1460000276565552,1.1540000438690186,1.1349999904632568,1.1369999647140503,3321000.0,3798626.0,101577.8984375
2017-05-17,1.1349999904632568,1.1349999904632568,1.1169999837875366,1.1200000047683716,2896724.0,3263147.0,101577.8984375
2017-05-18,1.0989999771118164,1.1139999628067017,1.0950000286102295,1.1109999418258667,2744800.0,3034442.0,101577.8984375
2017-05-19,1.1119999885559082,1.1160000562667847,1.1100000143051147,1.1150000095367432,4162500.0,4632063.0,101577.8984375
2017-05-22,1.1160000562667847,1.1430000066757202,1.1160000562667847,1.1380000114440918,2666148.0,3011177.0,101577.8984375
2017-05-23,1.1330000162124634,1.1449999809265137,1.1260000467300415,1.1399999856948853,2263524.0,2568101.0,101577.8984375
2017-05-24,1.1410000324249268,1.1519999504089355,1.121999979019165,1.1269999742507935,5672300.0,6428023.0,101577.8984375
2017-05-25,1.128000020980835,1.128999948501587,1.1180000305175781,1.1200000047683716,6055800.0,6794955.0,101577.8984375
2017-05-26,1.11899995803833,1.11899995803833,1.1139999628067017,1.1180000305175781,3224050.0,3598915.0,101577.8984375
2017-05-31,1.1180000305175781,1.1180000305175781,1.1109999418258667,1.1130000352859497,1572700.0,1750903.0,101577.8984375
2017-06-01,1.1150000095367432,1.1180000305175781,1.100000023841858,1.1150000095367432,3247650.0,3614042.0,101577.8984375
2017-06-02,1.1200000047683716,1.13100004196167,1.1150000095367432,1.1299999952316284,3758700.0,4219793.0,101577.8984375
2017-06-05,1.1380000114440918,1.159000039100647,1.1380000114440918,1.159000039100647,3601374.0,4138072.0,101577.8984375
2017-06-06,1.1390000581741333,1.1419999599456787,1.1260000467300415,1.128999948501587,9029024.0,10220952.0,101577.8984375
2017-06-07,1.11899995803833,1.1230000257492065,1.1130000352859497,1.1160000562667847,7775500.0,8675843.0,101577.8984375
2017-06-08,1.1150000095367432,1.1150000095367432,1.1119999885559082,1.1150000095367432,3860000.0,4298167.0,101577.8984375
2017-06-09,1.1169999837875366,1.1180000305175781,1.1139999628067017,1.1180000305175781,2951800.0,3295608.0,101577.8984375
2017-06-12,1.121999979019165,1.121999979019165,1.1139999628067017,1.1169999837875366,5229797.0,5840099.0,101577.8984375
2017-06-13,1.1100000143051147,1.1109999418258667,1.1069999933242798,1.1109999418258667,2884697.0,3198927.0,101577.8984375
2017-06-14,1.1150000095367432,1.1150000095367432,1.1109999418258667,1.1139999628067017,2304900.0,2565651.0,101577.8984375
2017-06-15,1.1150000095367432,1.1169999837875366,1.1109999418258667,1.1130000352859497,1404300.0,1563523.0,101577.8984375
2017-06-16,1.1069999933242798,1.1069999933242798,1.100000023841858,1.1059999465942383,4495800.0,4953854.0,101577.8984375
2017-06-19,1.1080000400543213,1.1169999837875366,1.1080000400543213,1.1160000562667847,11484097.0,12764614.0,101577.8984375
2017-06-20,1.1269999742507935,1.128000020980835,1.1200000047683716,1.1260000467300415,2962700.0,3332059.0,101577.8984375
2017-06-21,1.1150000095367432,1.1169999837875366,1.1100000143051147,1.1150000095367432,1986800.0,2210272.0,101577.8984375
2017-06-22,1.1080000400543213,1.1150000095367432,1.1080000400543213,1.1150000095367432,1948600.0,2166286.0,101577.8984375
2017-06-23,1.1150000095367432,1.1150000095367432,1.1119999885559082,1.1130000352859497,574100.0,639261.0,101577.8984375
2017-06-26,1.1150000095367432,1.1169999837875366,1.1100000143051147,1.1160000562667847,1860900.0,2072055.0,101577.8984375
2017-06-27,1.1160000562667847,1.1160000562667847,1.1139999628067017,1.1160000562667847,1773200.0,1977311.0,101577.8984375
2017-06-28,1.1059999465942383,1.1119999885559082,1.1059999465942383,1.1089999675750732,4929800.0,5466159.0,101577.8984375
2017-06-29,1.1139999628067017,1.1180000305175781,1.1130000352859497,1.1180000305175781,3302900.0,3685583.0,101577.8984375
2017-06-30,1.100000023841858,1.1039999723434448,1.100000023841858,1.1019999980926514,2657797.0,2930117.0,101577.8984375
2017-07-03,1.1030000448226929,1.1030000448226929,1.090000033378601,1.100000023841858,5121700.0,5593451.0,101577.8984375
2017-07-04,1.1059999465942383,1.1069999933242798,1.090999960899353,1.0959999561309814,1786100.0,1964919.0,101577.8984375
2017-07-05,1.100000023841858,1.1019999980926514,1.093999981880188,1.1019999980926514,1068000.0,1172700.0,101577.8984375
2017-07-06,1.0980000495910645,1.1030000448226929,1.0950000286102295,1.1009999513626099,1170600.0,1286132.0,101577.8984375
2017-07-07,1.0980000495910645,1.0980000495910645,1.090999960899353,1.090999960899353,1036500.0,1132789.0,101577.8984375
2017-07-10,1.0959999561309814,1.100000023841858,1.0950000286102295,1.0989999771118164,1408100.0,1544941.0,101577.8984375
2017-07-11,1.0989999771118164,1.1039999723434448,1.0980000495910645,1.1030000448226929,1095200.0,1206764.0,101577.8984375
2017-07-12,1.1039999723434448,1.1100000143051147,1.1039999723434448,1.1069999933242798,2057000.0,2274770.0,101577.8984375
2017-07-13,1.1180000305175781,1.1299999952316284,1.1180000305175781,1.128999948501587,2301300.0,2586925.0,101577.8984375
2017-07-14,1.1319999694824219,1.1349999904632568,1.128999948501587,1.1319999694824219,2686100.0,3039263.0,101577.8984375
2017-07-17,1.128000020980835,1.128999948501587,1.1150000095367432,1.125,1459400.0,1639925.0,101577.8984375
2017-07-18,1.125,1.125,1.1150000095367432,1.1160000562667847,1388300.0,1553323.0,101577.8984375
2017-07-19,1.1139999628067017,1.1139999628067017,1.1030000448226929,1.1139999628067017,3146600.0,3486959.0,101577.8984375
2017-07-20,1.1150000095367432,1.1160000562667847,1.1119999885559082,1.1150000095367432,945500.0,1052730.0,101577.8984375
2017-07-21,1.1109999418258667,1.1230000257492065,1.1109999418258667,1.121999979019165,1204200.0,1346373.0,101577.8984375
2017-07-24,1.097000002861023,1.1150000095367432,1.097000002861023,1.1039999723434448,2693500.0,2979388.0,101577.8984375
2017-07-25,1.1019999980926514,1.1039999723434448,1.1009999513626099,1.1019999980926514,1492000.0,1644223.0,101577.8984375
2017-07-26,1.1059999465942383,1.1059999465942383,1.1019999980926514,1.1050000190734863,991800.0,1094872.0,101577.8984375
2017-07-27,1.1059999465942383,1.1080000400543213,1.1050000190734863,1.1050000190734863,3415000.0,3777827.0,101577.8984375
2017-07-28,1.0959999561309814,1.100000023841858,1.0959999561309814,1.0980000495910645,1337500.0,1468619.0,101577.8984375
2017-07-31,1.0980000495910645,1.1050000190734863,1.0959999561309814,1.1039999723434448,1719300.0,1892957.0,101577.8984375
2017-08-01,1.1039999723434448,1.1039999723434448,1.0980000495910645,1.1039999723434448,1512900.0,1668025.0,101577.8984375
2017-08-02,1.1119999885559082,1.1150000095367432,1.1050000190734863,1.1130000352859497,5402100.0,6003765.0,101577.8984375
2017-08-03,1.1100000143051147,1.1100000143051147,1.1059999465942383,1.1089999675750732,674400.0,747212.0,101577.8984375
2017-08-04,1.1080000400543213,1.1080000400543213,1.1039999723434448,1.1080000400543213,360900.0,399372.0,101577.8984375
2017-08-07,1.1150000095367432,1.11899995803833,1.1150000095367432,1.1180000305175781,1167000.0,1303642.0,101577.8984375
2017-08-08,1.1150000095367432,1.1160000562667847,1.1089999675750732,1.1100000143051147,2466700.0,2742096.0,101577.8984375
2017-08-09,1.1130000352859497,1.1139999628067017,1.1069999933242798,1.1089999675750732,893800.0,992225.0,101577.8984375
2017-08-10,1.100000023841858,1.100000023841858,1.0959999561309814,1.097000002861023,1458700.0,1602031.0,101577.8984375
2017-08-11,1.0880000591278076,1.0880000591278076,1.0679999589920044,1.0770000219345093,1176800.0,1268139.0,101577.8984375
2017-08-14,1.0789999961853027,1.0870000123977661,1.0770000219345093,1.0870000123977661,600500.0,649824.0,101577.8984375
2017-08-15,1.0959999561309814,1.097000002861023,1.093000054359436,1.093999981880188,456800.0,500463.0,101577.8984375
2017-08-16,1.093999981880188,1.097000002861023,1.0889999866485596,1.097000002861023,600600.0,656377.0,101577.8984375
2017-08-17,1.0989999771118164,1.100000023841858,1.0959999561309814,1.100000023841858,545200.0,598721.0,101577.8984375
2017-08-18,1.093999981880188,1.093999981880188,1.0850000381469727,1.090999960899353,767300.0,834506.0,101577.8984375
2017-08-21,1.093000054359436,1.097000002861023,1.0870000123977661,1.0870000123977661,1047400.0,1140408.0,101577.8984375
2017-08-22,1.0889999866485596,1.090000033378601,1.0839999914169312,1.0880000591278076,1032200.0,1122503.0,101577.8984375
2017-08-23,1.090999960899353,1.0959999561309814,1.090999960899353,1.093000054359436,1510300.0,1650966.0,101577.8984375
2017-08-24,1.093000054359436,1.093000054359436,1.0889999866485596,1.090000033378601,351200.0,383182.0,101577.8984375
2017-08-25,1.090999960899353,1.093999981880188,1.0870000123977661,1.093999981880188,1939500.0,2118105.0,101577.8984375
2017-08-28,1.093999981880188,1.100000023841858,1.0920000076293945,1.0989999771118164,1505200.0,1650399.0,101577.8984375
2017-08-29,1.0989999771118164,1.100000023841858,1.0920000076293945,1.093999981880188,443100.0,485097.0,101577.8984375
2017-08-30,1.093999981880188,1.0959999561309814,1.0880000591278076,1.090000033378601,1244800.0,1357018.0,101577.8984375
2017-08-31,1.093000054359436,1.093000054359436,1.0870000123977661,1.0920000076293945,461000.0,502873.0,101577.8984375
2017-09-01,1.0920000076293945,1.093000054359436,1.0859999656677246,1.090000033378601,409800.0,447089.0,101577.8984375
2017-09-04,1.0889999866485596,1.093999981880188,1.0800000429153442,1.0800000429153442,1252400.0,1356824.0,101577.8984375
2017-09-05,1.0809999704360962,1.0829999446868896,1.0789999961853027,1.0800000429153442,960500.0,1037678.0,101577.8984375
2017-09-06,1.0789999961853027,1.0789999961853027,1.0740000009536743,1.0770000219345093,1361697.0,1464793.0,101577.8984375
2017-09-07,1.0850000381469727,1.090000033378601,1.0809999704360962,1.0889999866485596,3671300.0,3987357.0,101577.8984375
2017-09-08,1.0859999656677246,1.093999981880188,1.0859999656677246,1.0920000076293945,971000.0,1059526.0,101577.8984375
2017-09-11,1.0959999561309814,1.1019999980926514,1.0959999561309814,1.1019999980926514,1404000.0,1542795.0,101577.8984375
2017-09-12,1.1080000400543213,1.1150000095367432,1.1080000400543213,1.1139999628067017,2326100.0,2583953.0,101577.8984375
2017-09-13,1.1150000095367432,1.1160000562667847,1.1080000400543213,1.1100000143051147,847700.0,941612.0,101577.8984375
2017-09-14,1.1130000352859497,1.1180000305175781,1.1119999885559082,1.1169999837875366,996900.0,1111917.0,101577.8984375
2017-09-15,1.1160000562667847,1.1169999837875366,1.1119999885559082,1.1160000562667847,343600.0,383278.0,101577.8984375
2017-09-18,1.1139999628067017,1.121000051498413,1.1139999628067017,1.1160000562667847,733800.0,818834.0,101577.8984375
2017-09-19,1.1169999837875366,1.1230000257492065,1.1160000562667847,1.121999979019165,2115000.0,2367933.0,101577.8984375
2017-09-20,1.1239999532699585,1.1239999532699585,1.1180000305175781,1.1200000047683716,923200.0,1033188.0,101577.8984375
2017-09-21,1.121999979019165,1.1230000257492065,1.1180000305175781,1.11899995803833,961900.0,1077371.0,101577.8984375
2017-09-22,1.1150000095367432,1.128000020980835,1.1150000095367432,1.1269999742507935,2662000.0,2983791.0,101577.8984375
2017-09-25,1.125,1.1339999437332153,1.125,1.13100004196167,1330000.0,1506254.0,101577.8984375
2017-09-26,1.13100004196167,1.1339999437332153,1.1109999418258667,1.1139999628067017,1241400.0,1389660.0,101577.8984375
2017-09-27,1.1200000047683716,1.1239999532699585,1.1139999628067017,1.121000051498413,1396200.0,1563059.0,101577.8984375
2017-09-28,1.1260000467300415,1.1260000467300415,1.1180000305175781,1.1239999532699585,517900.0,581541.0,101577.8984375
2017-09-29,1.128999948501587,1.1339999437332153,1.1239999532699585,1.1330000162124634,2447600.0,2762282.0,101577.8984375
2017-10-09,1.1440000534057617,1.149999976158142,1.1330000162124634,1.1410000324249268,2600500.0,2969779.0,101577.8984375
2017-10-10,1.1469999551773071,1.1480000019073486,1.1430000066757202,1.1449999809265137,1076400.0,1232056.0,101577.8984375
2017-10-11,1.1449999809265137,1.1490000486373901,1.1419999599456787,1.1460000276565552,896200.0,1026857.0,101577.8984375
2017-10-12,1.1469999551773071,1.1510000228881836,1.1469999551773071,1.1510000228881836,964300.0,1107603.0,101577.8984375
2017-10-13,1.1490000486373901,1.1510000228881836,1.1480000019073486,1.149999976158142,1006100.0,1155772.0,101577.8984375
2017-10-16,1.149999976158142,1.152999997138977,1.149999976158142,1.1510000228881836,380200.0,437975.0,101577.8984375
2017-10-17,1.1579999923706055,1.159999966621399,1.1540000438690186,1.156000018119812,1260300.0,1459327.0,101577.8984375
2017-10-18,1.156000018119812,1.156000018119812,1.149999976158142,1.149999976158142,712700.0,820565.0,101577.8984375
2017-10-19,1.156000018119812,1.1619999408721924,1.1519999504089355,1.1579999923706055,1558900.0,1803093.0,101577.8984375
2017-10-20,1.1540000438690186,1.1579999923706055,1.149999976158142,1.156999945640564,751500.0,866856.0,101577.8984375
2017-10-23,1.156999945640564,1.156999945640564,1.1540000438690186,1.156000018119812,401400.0,463892.0,101577.8984375
2017-10-24,1.1549999713897705,1.1549999713897705,1.1490000486373901,1.1510000228881836,1800700.0,2072194.0,101577.8984375
2017-10-25,1.1519999504089355,1.1519999504089355,1.1480000019073486,1.149999976158142,707300.0,813799.0,101577.8984375
2017-10-26,1.149999976158142,1.1549999713897705,1.1449999809265137,1.1540000438690186,1992694.0,2293877.0,101577.8984375
2017-10-27,1.1660000085830688,1.1720000505447388,1.1629999876022339,1.1670000553131104,983900.0,1147809.0,101577.8984375
2017-10-30,1.1720000505447388,1.1729999780654907,1.1649999618530273,1.1690000295639038,707600.0,827863.0,101577.8984375
2017-10-31,1.1690000295639038,1.1690000295639038,1.1619999408721924,1.1690000295639038,352097.0,410998.0,101577.8984375
2017-11-01,1.1660000085830688,1.1710000038146973,1.1640000343322754,1.1679999828338623,499000.0,582379.0,101577.8984375
2017-11-02,1.1890000104904175,1.1890000104904175,1.1779999732971191,1.1799999475479126,979300.0,1156818.0,101577.8984375
2017-11-03,1.1759999990463257,1.184000015258789,1.1759999990463257,1.184000015258789,532700.0,628979.0,101577.8984375
2017-11-06,1.190999984741211,1.1920000314712524,1.180999994277954,1.1890000104904175,588200.0,698762.0,101577.8984375
2017-11-07,1.1890000104904175,1.1890000104904175,1.180999994277954,1.184999942779541,910000.0,1076651.0,101577.8984375
2017-11-08,1.1790000200271606,1.1790000200271606,1.1740000247955322,1.1770000457763672,756900.0,890277.0,101577.8984375
2017-11-09,1.1799999475479126,1.180999994277954,1.1759999990463257,1.180999994277954,543000.0,640378.0,101577.8984375
2017-11-10,1.1749999523162842,1.1749999523162842,1.1670000553131104,1.1740000247955322,1119900.0,1312502.0,101577.8984375
2017-11-13,1.1699999570846558,1.1890000104904175,1.1629999876022339,1.1820000410079956,840800.0,982991.0,101577.8984375
2017-11-14,1.1740000247955322,1.1740000247955322,1.1640000343322754,1.1660000085830688,1197810.0,1398260.0,101577.8984375
2017-11-15,1.1679999828338623,1.1679999828338623,1.1510000228881836,1.1510000228881836,1310300.0,1515396.0,101577.8984375
2017-11-16,1.1549999713897705,1.156000018119812,1.1510000228881836,1.1540000438690186,913100.0,1052863.0,101577.8984375
2017-11-17,1.159999966621399,1.1690000295639038,1.159999966621399,1.1670000553131104,1107610.0,1290829.0,101577.8984375
2017-11-20,1.1670000553131104,1.1679999828338623,1.149999976158142,1.156999945640564,1343410.0,1557801.0,101577.8984375
2017-11-21,1.156999945640564,1.1629999876022339,1.1549999713897705,1.1629999876022339,1048300.0,1214185.0,101577.8984375
2017-11-22,1.1670000553131104,1.1759999990463257,1.1670000553131104,1.1740000247955322,782200.0,916448.0,101577.8984375
2017-11-23,1.1619999408721924,1.1629999876022339,1.156999945640564,1.1579999923706055,781300.0,905030.0,101577.8984375
2017-11-24,1.159999966621399,1.25,1.156000018119812,1.1690000295639038,1068700.0,1250499.0,101577.8984375
2017-11-27,1.1690000295639038,1.1749999523162842,1.1690000295639038,1.1740000247955322,709500.0,831035.0,101577.8984375
2017-11-28,1.1710000038146973,1.1740000247955322,1.1660000085830688,1.1729999780654907,559900.0,655547.0,101577.8984375
2017-11-29,1.1779999732971191,1.1859999895095825,1.1749999523162842,1.1770000457763672,652800.0,769723.0,101577.8984375
2017-11-30,1.1770000457763672,1.1770000457763672,1.1649999618530273,1.1690000295639038,324000.0,378924.0,101577.8984375
2017-12-01,1.1649999618530273,1.1740000247955322,1.1640000343322754,1.1740000247955322,574000.0,670342.0,101577.8984375
2017-12-04,1.159000039100647,1.1729999780654907,1.152999997138977,1.1660000085830688,955100.0,1109435.0,101577.8984375
2017-12-05,1.1749999523162842,1.1859999895095825,1.1640000343322754,1.1660000085830688,1533100.0,1797039.0,101577.8984375
2017-12-06,1.1660000085830688,1.1660000085830688,1.1549999713897705,1.156000018119812,2115900.0,2455841.0,101577.8984375
2017-12-07,1.1610000133514404,1.1610000133514404,1.149999976158142,1.1510000228881836,459600.0,531205.0,101577.8984375
2017-12-08,1.1579999923706055,1.159999966621399,1.1540000438690186,1.159999966621399,779400.0,902515.0,101577.8984375
2017-12-11,1.1660000085830688,1.1729999780654907,1.1660000085830688,1.1729999780654907,730200.0,854104.0,101577.8984375
2017-12-12,1.1690000295639038,1.1820000410079956,1.1690000295639038,1.1740000247955322,559200.0,657560.0,101577.8984375
2017-12-13,1.2740000486373901,1.2740000486373901,1.1740000247955322,1.184999942779541,1013500.0,1208403.0,101577.8984375
2017-12-14,1.1790000200271606,1.184999942779541,1.1790000200271606,1.184000015258789,228500.0,270093.0,101577.8984375
2017-12-15,1.184999942779541,1.184999942779541,1.1699999570846558,1.1720000505447388,597700.0,700700.0,101577.8984375
2017-12-18,1.1799999475479126,1.1829999685287476,1.1610000133514404,1.1720000505447388,715197.0,840494.0,101577.8984375
2017-12-19,1.180999994277954,1.190000057220459,1.1799999475479126,1.184999942779541,1252500.0,1483094.0,101577.8984375
2017-12-20,1.1829999685287476,1.1829999685287476,1.1749999523162842,1.1779999732971191,302000.0,355440.0,101577.8984375
2017-12-21,1.1670000553131104,1.1749999523162842,1.1649999618530273,1.1729999780654907,562297.0,657556.0,101577.8984375
2017-12-22,1.1749999523162842,1.1790000200271606,1.1749999523162842,1.1790000200271606,427697.0,503249.0,101577.8984375
2017-12-25,1.1790000200271606,1.1790000200271606,1.156999945640564,1.1679999828338623,1400800.0,1633144.0,101577.8984375
2017-12-26,1.1660000085830688,1.1759999990463257,1.1610000133514404,1.1699999570846558,881500.0,1028109.0,101577.8984375
2017-12-27,1.1649999618530273,1.1679999828338623,1.156999945640564,1.1670000553131104,604400.0,703826.0,101577.8984375
2017-12-28,1.1649999618530273,1.1729999780654907,1.1640000343322754,1.1679999828338623,289300.0,337752.0,101577.8984375
2017-12-29,1.1629999876022339,1.1629999876022339,1.1549999713897705,1.159999966621399,1297800.0,1503631.0,101577.8984375
2018-01-02,1.1510000228881836,1.1579999923706055,1.1510000228881836,1.1579999923706055,750400.0,866970.0,101577.8984375
2018-01-03,1.159999966621399,1.1660000085830688,1.156999945640564,1.1649999618530273,1110000.0,1288922.0,101577.8984375
2018-01-04,1.1679999828338623,1.1740000247955322,1.1670000553131104,1.1740000247955322,922400.0,1079468.0,101577.8984375
2018-01-05,1.1790000200271606,1.184999942779541,1.1770000457763672,1.1790000200271606,813800.0,960352.0,101577.8984375
2018-01-08,1.187999963760376,1.1890000104904175,1.1820000410079956,1.184000015258789,2372700.0,2812911.0,101577.8984375
2018-01-09,1.184999942779541,1.187000036239624,1.180999994277954,1.184000015258789,1113000.0,1318302.0,101577.8984375
2018-01-10,1.184000015258789,1.1859999895095825,1.180999994277954,1.184999942779541,836700.0,990565.0,101577.8984375
2018-01-11,1.1790000200271606,1.1790000200271606,1.1740000247955322,1.1770000457763672,655000.0,770499.0,101577.8984375
2018-01-12,1.1749999523162842,1.180999994277954,1.1749999523162842,1.1790000200271606,662300.0,779765.0,101577.8984375
2018-01-15,1.1790000200271606,1.1829999685287476,1.1770000457763672,1.1799999475479126,1279300.0,1509769.0,101577.8984375
2018-01-16,1.180999994277954,1.184000015258789,1.1799999475479126,1.1829999685287476,1217700.0,1438429.0,101577.8984375
2018-01-17,1.1729999780654907,1.187999963760376,1.1729999780654907,1.187999963760376,1268100.0,1496645.0,101577.8984375
2018-01-18,1.1820000410079956,1.187000036239624,1.1820000410079956,1.187000036239624,880800.0,1043671.0,101577.8984375
2018-01-19,1.190999984741211,1.1950000524520874,1.1890000104904175,1.190999984741211,778100.0,926285.0,101577.8984375
2018-01-22,1.1970000267028809,1.2029999494552612,1.1970000267028809,1.2020000219345093,1602120.0,1922874.0,101577.8984375
2018-01-23,1.2039999961853027,1.2300000190734863,1.2039999961853027,1.2130000591278076,1082800.0,1315397.0,101577.8984375
2018-01-24,1.2070000171661377,1.2259999513626099,1.2070000171661377,1.2139999866485596,1851900.0,2243849.0,101577.8984375
2018-01-25,1.2050000429153442,1.2050000429153442,1.2000000476837158,1.2020000219345093,832200.0,1000333.0,101577.8984375
2018-01-26,1.1970000267028809,1.2020000219345093,1.1950000524520874,1.1990000009536743,2023700.0,2422679.0,101577.8984375
2018-01-29,1.2020000219345093,1.2020000219345093,1.1929999589920044,1.1990000009536743,1486500.0,1781479.0,101577.8984375
2018-01-30,1.1950000524520874,1.1959999799728394,1.187999963760376,1.187999963760376,1381400.0,1644995.0,101577.8984375
2018-01-31,1.1799999475479126,1.1799999475479126,1.1399999856948853,1.1720000505447388,1376900.0,1616409.0,101577.8984375
2018-02-01,1.1759999990463257,1.1759999990463257,1.1670000553131104,1.1690000295639038,1261100.0,1475668.0,101577.8984375
2018-02-02,1.1629999876022339,1.1629999876022339,1.152999997138977,1.156000018119812,1742000.0,2013386.0,101577.8984375
2018-02-05,1.1369999647140503,1.1369999647140503,1.125,1.1330000162124634,2896700.0,3269652.0,101577.8984375
2018-02-06,1.1130000352859497,1.1130000352859497,1.0750000476837158,1.0809999704360962,2824000.0,3086640.0,101577.8984375
2018-02-07,1.1050000190734863,1.1109999418258667,1.0950000286102295,1.0950000286102295,3223010.0,3549071.0,101577.8984375
2018-02-08,1.1030000448226929,1.1050000190734863,1.090000033378601,1.0959999561309814,1157700.0,1268877.0,101577.8984375
2018-02-09,1.059999942779541,1.0800000429153442,1.0509999990463257,1.069000005722046,2956010.0,3140480.0,101577.8984375
2018-02-12,1.0789999961853027,1.0800000429153442,1.0700000524520874,1.0770000219345093,468900.0,503794.0,101577.8984375
2018-02-13,1.0800000429153442,1.093999981880188,1.0800000429153442,1.0880000591278076,529100.0,575943.0,101577.8984375
2018-02-14,1.0800000429153442,1.090999960899353,1.0800000429153442,1.090000033378601,700200.0,763143.0,101577.8984375
2018-02-22,1.0959999561309814,1.0989999771118164,1.0920000076293945,1.0959999561309814,646500.0,708250.0,101577.8984375
2018-02-23,1.097000002861023,1.1039999723434448,1.097000002861023,1.1009999513626099,394900.0,434668.0,101577.8984375
2018-02-26,1.1069999933242798,1.1130000352859497,1.1039999723434448,1.1119999885559082,626400.0,695418.0,101577.8984375
2018-02-27,1.1109999418258667,1.1139999628067017,1.1050000190734863,1.1109999418258667,866300.0,960988.0,101577.8984375
2018-02-28,1.1030000448226929,1.1039999723434448,1.0950000286102295,1.1030000448226929,584900.0,641795.0,101577.8984375
2018-03-01,1.0989999771118164,1.0989999771118164,1.090000033378601,1.097000002861023,443000.0,485907.0,101577.8984375
2018-03-02,1.0839999914169312,1.090000033378601,1.0829999446868896,1.090000033378601,629700.0,683776.0,101577.8984375
2018-03-05,1.0850000381469727,1.0850000381469727,1.0700000524520874,1.0740000009536743,1858200.0,1999970.0,101577.8984375
2018-03-06,1.0789999961853027,1.093999981880188,1.0750000476837158,1.0829999446868896,2087200.0,2261069.0,101577.8984375
2018-03-07,1.0829999446868896,1.0829999446868896,1.0750000476837158,1.0770000219345093,513100.0,553538.0,101577.8984375
2018-03-08,1.0829999446868896,1.0889999866485596,1.0829999446868896,1.0889999866485596,1244900.0,1353614.0,101577.8984375
2018-03-09,1.0920000076293945,1.1030000448226929,1.090000033378601,1.093999981880188,1128300.0,1236696.0,101577.8984375
2018-03-12,1.0980000495910645,1.1069999933242798,1.0950000286102295,1.1050000190734863,1215800.0,1337630.0,101577.8984375
2018-03-13,1.1050000190734863,1.1050000190734863,1.100000023841858,1.1019999980926514,497900.0,548845.0,101577.8984375
2018-03-14,1.093000054359436,1.093000054359436,1.0829999446868896,1.0850000381469727,949100.0,1030887.0,101577.8984375
2018-03-15,1.0859999656677246,1.090000033378601,1.0859999656677246,1.0880000591278076,267400.0,291075.0,101577.8984375
2018-03-16,1.0920000076293945,1.0950000286102295,1.090999960899353,1.093000054359436,369900.0,404624.0,101577.8984375
2018-03-19,1.0959999561309814,1.100000023841858,1.093999981880188,1.100000023841858,1786010.0,1959259.0,101577.8984375
2018-03-20,1.0839999914169312,1.090000033378601,1.0839999914169312,1.090000033378601,480300.0,522127.0,101577.8984375
2018-03-21,1.0920000076293945,1.093999981880188,1.0889999866485596,1.0889999866485596,377310.0,411615.0,101577.8984375
2018-03-22,1.0920000076293945,1.0920000076293945,1.0880000591278076,1.090000033378601,337900.0,368257.0,101577.8984375
2018-03-23,1.0789999961853027,1.0789999961853027,1.065000057220459,1.0750000476837158,1034800.0,1111388.0,101577.8984375
2018-03-26,1.0700000524520874,1.0700000524520874,1.059999942779541,1.0609999895095825,1710500.0,1816245.0,101577.8984375
2018-03-27,1.062000036239624,1.0759999752044678,1.0609999895095825,1.0759999752044678,1617010.0,1725952.0,101577.8984375
2018-03-28,1.062999963760376,1.0700000524520874,1.0549999475479126,1.0570000410079956,1040310.0,1103769.0,101577.8984375
2018-03-29,1.059000015258789,1.065000057220459,1.0509999990463257,1.065000057220459,616110.0,654313.0,101577.8984375
2018-03-30,1.0709999799728394,1.0740000009536743,1.059999942779541,1.0640000104904175,1648700.0,1751193.0,101577.8984375
2018-04-02,1.0640000104904175,1.0679999589920044,1.0609999895095825,1.0640000104904175,446800.0,475568.0,101577.8984375
2018-04-03,1.0609999895095825,1.062999963760376,1.055999994277954,1.0579999685287476,289100.0,305855.0,101577.8984375
2018-04-04,1.0609999895095825,1.065000057220459,1.059999942779541,1.065000057220459,370900.0,394136.0,101577.8984375
2018-04-09,1.065000057220459,1.0789999961853027,1.065000057220459,1.0779999494552612,587700.0,629508.0,101577.8984375
2018-04-10,1.0779999494552612,1.0839999914169312,1.0759999752044678,1.0829999446868896,1243200.0,1342410.0,101577.8984375
2018-04-11,1.0839999914169312,1.0859999656677246,1.0789999961853027,1.0800000429153442,1048500.0,1135789.0,101577.8984375
2018-04-12,1.0809999704360962,1.0809999704360962,1.0729999542236328,1.0729999542236328,513900.0,552422.0,101577.8984375
2018-04-13,1.0809999704360962,1.090999960899353,1.0789999961853027,1.0829999446868896,1009500.0,1093805.0,101577.8984375
2018-04-16,1.0829999446868896,1.093000054359436,1.0829999446868896,1.0850000381469727,1073400.0,1163780.0,101577.8984375
2018-04-17,1.0859999656677246,1.0880000591278076,1.0789999961853027,1.0859999656677246,865700.0,938390.0,101577.8984375
2018-04-18,1.0959999561309814,1.1050000190734863,1.0959999561309814,1.1039999723434448,2752900.0,3025975.0,101577.8984375
2018-04-19,1.1050000190734863,1.1059999465942383,1.1009999513626099,1.1030000448226929,1090900.0,1203803.0,101577.8984375
2018-04-20,1.100000023841858,1.100000023841858,1.090000033378601,1.0920000076293945,1098700.0,1200580.0,101577.8984375
2018-04-23,1.0959999561309814,1.0959999561309814,1.0859999656677246,1.0880000591278076,978100.0,1063766.0,101577.8984375
2018-04-24,1.090000033378601,1.090000033378601,1.0880000591278076,1.0889999866485596,536500.0,584119.0,101577.8984375
2018-04-25,1.0829999446868896,1.0829999446868896,1.0779999494552612,1.0789999961853027,1651400.0,1782103.0,101577.8984375
2018-04-26,1.0770000219345093,1.0800000429153442,1.065000057220459,1.0740000009536743,464700.0,499385.0,101577.8984375
2018-04-27,1.0759999752044678,1.0809999704360962,1.0750000476837158,1.0800000429153442,767800.0,827947.0,101577.8984375
2018-05-02,1.0820000171661377,1.0839999914169312,1.0789999961853027,1.0839999914169312,475500.0,514183.0,101577.8984375
2018-05-03,1.093000054359436,1.0950000286102295,1.0859999656677246,1.090999960899353,629400.0,685625.0,101577.8984375
2018-05-04,1.090999960899353,1.090999960899353,1.0809999704360962,1.0870000123977661,509400.0,553868.0,101577.8984375
2018-05-07,1.0950000286102295,1.097000002861023,1.090000033378601,1.0959999561309814,874200.0,955869.0,101577.8984375
2018-05-08,1.100000023841858,1.1030000448226929,1.097000002861023,1.1009999513626099,1410800.0,1552419.0,101577.8984375
2018-05-09,1.0980000495910645,1.0989999771118164,1.0959999561309814,1.0980000495910645,512900.0,562889.0,101577.8984375
2018-05-10,1.1009999513626099,1.1059999465942383,1.100000023841858,1.1039999723434448,473800.0,523094.0,101577.8984375
2018-05-11,1.1069999933242798,1.1100000143051147,1.1030000448226929,1.1030000448226929,537900.0,595442.0,101577.8984375
2018-05-14,1.1069999933242798,1.1069999933242798,1.1030000448226929,1.1030000448226929,436500.0,482469.0,101577.8984375
2018-05-15,1.1039999723434448,1.1039999723434448,1.097000002861023,1.0980000495910645,267200.0,293666.0,101577.8984375
2018-05-16,1.0959999561309814,1.0959999561309814,1.0920000076293945,1.093000054359436,380210.0,415761.0,101577.8984375
2018-05-17,1.093999981880188,1.0959999561309814,1.093000054359436,1.0950000286102295,222300.0,243356.0,101577.8984375
2018-05-18,1.0989999771118164,1.1050000190734863,1.097000002861023,1.1039999723434448,417900.0,460168.0,101577.8984375
2018-05-21,1.1069999933242798,1.1119999885559082,1.1050000190734863,1.1119999885559082,677900.0,751374.0,101577.8984375
2018-05-22,1.1119999885559082,1.1139999628067017,1.1100000143051147,1.1139999628067017,515710.0,573690.0,101577.8984375
2018-05-23,1.1130000352859497,1.1160000562667847,1.1130000352859497,1.1160000562667847,303500.0,338427.0,101577.8984375
2018-05-24,1.1130000352859497,1.1130000352859497,1.1009999513626099,1.1030000448226929,505500.0,559213.0,101577.8984375
2018-05-25,1.100000023841858,1.100000023841858,1.0829999446868896,1.0839999914169312,1073500.0,1170603.0,101577.8984375
2018-05-28,1.0829999446868896,1.0920000076293945,1.0829999446868896,1.0880000591278076,637410.0,692470.0,101577.8984375
2018-05-29,1.0870000123977661,1.0870000123977661,1.0829999446868896,1.0839999914169312,368700.0,400160.0,101577.8984375
2018-05-30,1.0800000429153442,1.0800000429153442,1.065000057220459,1.0670000314712524,1537000.0,1642468.0,101577.8984375
2018-05-31,1.0740000009536743,1.0750000476837158,1.0720000267028809,1.0750000476837158,336000.0,360972.0,101577.8984375
2018-06-01,1.062999963760376,1.0709999799728394,1.062000036239624,1.069000005722046,699400.0,745927.0,101577.8984375
2018-06-04,1.0740000009536743,1.0759999752044678,1.0729999542236328,1.0750000476837158,913000.0,980898.0,101577.8984375
2018-06-05,1.0770000219345093,1.0820000171661377,1.0740000009536743,1.0820000171661377,585500.0,631530.0,101577.8984375
2018-06-06,1.0820000171661377,1.0820000171661377,1.0770000219345093,1.0800000429153442,711700.0,768029.0,101577.8984375
2018-06-07,1.0820000171661377,1.0839999914169312,1.0800000429153442,1.0820000171661377,804800.0,869828.0,101577.8984375
2018-06-08,1.0789999961853027,1.0789999961853027,1.0740000009536743,1.0750000476837158,281900.0,303112.0,101577.8984375
2018-06-11,1.0720000267028809,1.0779999494552612,1.0720000267028809,1.0759999752044678,374300.0,402183.0,101577.8984375
2018-06-12,1.0779999494552612,1.0829999446868896,1.0779999494552612,1.0829999446868896,306900.0,331712.0,101577.8984375
2018-06-13,1.0829999446868896,1.0829999446868896,1.0770000219345093,1.0789999961853027,242700.0,262044.0,101577.8984375
2018-06-14,1.0839999914169312,1.0839999914169312,1.0779999494552612,1.0789999961853027,165600.0,178926.0,101577.8984375
2018-06-15,1.0959999561309814,1.0989999771118164,1.0870000123977661,1.093999981880188,1528900.0,1672282.0,101577.8984375
2018-06-19,1.0839999914169312,1.0839999914169312,1.059999942779541,1.0609999895095825,1300900.0,1400254.0,101577.8984375
2018-06-20,1.062999963760376,1.0740000009536743,1.062999963760376,1.0729999542236328,510300.0,544537.0,101577.8984375
2018-06-21,1.0729999542236328,1.0729999542236328,1.059000015258789,1.062000036239624,1275900.0,1356673.0,101577.8984375
2018-06-22,1.059999942779541,1.059999942779541,1.0520000457763672,1.0579999685287476,510200.0,538346.0,101577.8984375
2018-06-25,1.062999963760376,1.062999963760376,1.0570000410079956,1.0570000410079956,517300.0,547534.0,101577.8984375
2018-06-26,1.0499999523162842,1.0520000457763672,1.0329999923706055,1.0410000085830688,1621000.0,1683949.0,101577.8984375
2018-06-27,1.0410000085830688,1.0440000295639038,1.0390000343322754,1.0390000343322754,372000.0,387286.0,101577.8984375
2018-06-28,1.0449999570846558,1.0449999570846558,1.0410000085830688,1.0420000553131104,646200.0,673758.0,101577.8984375
2018-06-29,1.034999966621399,1.0529999732971191,1.034999966621399,1.0520000457763672,556900.0,581787.0,101577.8984375
2018-07-02,1.0549999475479126,1.059000015258789,1.0449999570846558,1.0470000505447388,420600.0,443061.0,101577.8984375
2018-07-03,1.0499999523162842,1.0579999685287476,1.0499999523162842,1.0549999475479126,980897.0,1033207.0,101577.8984375
2018-07-04,1.059000015258789,1.0729999542236328,1.0549999475479126,1.055999994277954,1831600.0,1941380.0,101577.8984375
2018-07-05,1.0570000410079956,1.065000057220459,1.0529999732971191,1.062000036239624,2276200.0,2408846.0,101577.8984375
2018-07-06,1.0700000524520874,1.0829999446868896,1.069000005722046,1.0820000171661377,842100.0,907035.0,101577.8984375
2018-07-09,1.0829999446868896,1.0920000076293945,1.0820000171661377,1.090000033378601,1237400.0,1343861.0,101577.8984375
2018-07-10,1.0920000076293945,1.093000054359436,1.0859999656677246,1.0889999866485596,449400.0,489253.0,101577.8984375
2018-07-11,1.090000033378601,1.090000033378601,1.0839999914169312,1.0889999866485596,1265094.0,1375226.0,101577.8984375
2018-07-12,1.0779999494552612,1.093999981880188,1.0770000219345093,1.0920000076293945,1287297.0,1397354.0,101577.8984375
2018-07-13,1.093000054359436,1.093000054359436,1.0859999656677246,1.0880000591278076,945100.0,1027862.0,101577.8984375
2018-07-16,1.0870000123977661,1.1059999465942383,1.0850000381469727,1.1059999465942383,2430300.0,2670022.0,101577.8984375
2018-07-17,1.1059999465942383,1.1100000143051147,1.1039999723434448,1.1089999675750732,843400.0,934466.0,101577.8984375
2018-07-18,1.1119999885559082,1.128999948501587,1.1089999675750732,1.1230000257492065,1468700.0,1640644.0,101577.8984375
2018-07-19,1.1230000257492065,1.1319999694824219,1.1230000257492065,1.128999948501587,1301800.0,1469900.0,101577.8984375
2018-07-20,1.1269999742507935,1.1269999742507935,1.1160000562667847,1.11899995803833,1248500.0,1398888.0,101577.8984375
2018-07-23,1.1100000143051147,1.1139999628067017,1.1080000400543213,1.1139999628067017,581800.0,646727.0,101577.8984375
2018-07-24,1.1180000305175781,1.125,1.1139999628067017,1.1200000047683716,859900.0,962121.0,101577.8984375
2018-07-25,1.125,1.1330000162124634,1.125,1.1319999694824219,2142700.0,2424116.0,101577.8984375
2018-07-26,1.128000020980835,1.1430000066757202,1.128000020980835,1.1430000066757202,1450600.0,1649510.0,101577.8984375
2018-07-27,1.149999976158142,1.1690000295639038,1.149999976158142,1.1670000553131104,1604100.0,1866618.0,101577.8984375
2018-07-30,1.1699999570846558,1.1699999570846558,1.1460000276565552,1.1490000486373901,3073300.0,3541643.0,101577.8984375
2018-07-31,1.1469999551773071,1.1469999551773071,1.1349999904632568,1.1419999599456787,1698100.0,1939318.0,101577.8984375
2018-08-01,1.1460000276565552,1.1540000438690186,1.1460000276565552,1.149999976158142,1460900.0,1678634.0,101577.8984375
2018-08-02,1.1510000228881836,1.1510000228881836,1.128999948501587,1.1299999952316284,1812200.0,2064163.0,101577.8984375
2018-08-03,1.1230000257492065,1.1440000534057617,1.1200000047683716,1.1430000066757202,1438600.0,1634372.0,101577.8984375
2018-08-06,1.1430000066757202,1.1469999551773071,1.125,1.13100004196167,2121200.0,2410955.0,101577.8984375
2018-08-07,1.128000020980835,1.1360000371932983,1.1200000047683716,1.1230000257492065,3272100.0,3674939.0,101577.8984375
2018-08-08,1.1269999742507935,1.1269999742507935,1.11899995803833,1.1200000047683716,2029800.0,2280773.0,101577.8984375
2018-08-09,1.11899995803833,1.125,1.1150000095367432,1.125,1552500.0,1736606.0,101577.8984375
2018-08-10,1.128000020980835,1.128000020980835,1.1150000095367432,1.1230000257492065,1075100.0,1205541.0,101577.8984375
2018-08-13,1.0959999561309814,1.1039999723434448,1.0889999866485596,1.0989999771118164,5507700.0,6025955.0,101577.8984375
2018-08-14,1.097000002861023,1.1069999933242798,1.090999960899353,1.1039999723434448,2371200.0,2611437.0,101577.8984375
2018-08-15,1.1030000448226929,1.1039999723434448,1.090999960899353,1.093999981880188,1913200.0,2095760.0,101577.8984375
2018-08-16,1.0829999446868896,1.0889999866485596,1.0779999494552612,1.0829999446868896,2451850.0,2654075.0,101577.8984375
2018-08-17,1.0859999656677246,1.0870000123977661,1.0729999542236328,1.0800000429153442,2137100.0,2306698.0,101577.8984375
2018-08-20,1.0820000171661377,1.0820000171661377,1.0709999799728394,1.0750000476837158,2113002.0,2271169.0,101577.8984375
2018-08-21,1.0809999704360962,1.0829999446868896,1.0779999494552612,1.0809999704360962,3171702.0,3428475.0,101577.8984375
2018-08-22,1.0829999446868896,1.097000002861023,1.0829999446868896,1.093999981880188,2560501.0,2785731.0,101577.8984375
2018-08-23,1.100000023841858,1.100000023841858,1.0920000076293945,1.093999981880188,637900.0,697765.0,101577.8984375
2018-08-24,1.0870000123977661,1.1069999933242798,1.0850000381469727,1.0989999771118164,2257700.0,2482224.0,101577.8984375
2018-08-27,1.1019999980926514,1.1050000190734863,1.097000002861023,1.1009999513626099,2720600.0,2991821.0,101577.8984375
2018-08-28,1.1119999885559082,1.1160000562667847,1.1089999675750732,1.1109999418258667,3279800.0,3648031.0,101577.8984375
2018-08-29,1.1109999418258667,1.1109999418258667,1.1039999723434448,1.1069999933242798,1255100.0,1391414.0,101577.8984375
2018-08-30,1.1130000352859497,1.11899995803833,1.1119999885559082,1.11899995803833,1753700.0,1958680.0,101577.8984375
2018-08-31,1.1080000400543213,1.1180000305175781,1.1080000400543213,1.1139999628067017,1692800.0,1885369.0,101577.8984375
2018-09-03,1.1089999675750732,1.1089999675750732,1.0959999561309814,1.097000002861023,1969401.0,2163895.0,101577.8984375
2018-09-04,1.097000002861023,1.1019999980926514,1.0959999561309814,1.1009999513626099,731201.0,803350.0,101577.8984375
2018-09-05,1.093999981880188,1.093999981880188,1.0820000171661377,1.0829999446868896,2333200.0,2532539.0,101577.8984375
2018-09-06,1.0729999542236328,1.0750000476837158,1.065999984741211,1.0720000267028809,2386300.0,2555398.0,101577.8984375
2018-09-07,1.065000057220459,1.0759999752044678,1.065000057220459,1.0720000267028809,1971900.0,2108744.0,101577.8984375
2018-09-10,1.0720000267028809,1.0720000267028809,1.0609999895095825,1.062000036239624,1292700.0,1374984.0,101577.8984375
2018-09-11,1.0640000104904175,1.0750000476837158,1.062000036239624,1.0729999542236328,3311101.0,3543817.0,101577.8984375
2018-09-12,1.0720000267028809,1.0740000009536743,1.0670000314712524,1.0740000009536743,1125500.0,1203305.0,101577.8984375
2018-09-13,1.0779999494552612,1.0889999866485596,1.0750000476837158,1.0850000381469727,2577800.0,2796291.0,101577.8984375
2018-09-14,1.0850000381469727,1.0859999656677246,1.0800000429153442,1.0850000381469727,1845200.0,1998471.0,101577.8984375
2018-09-17,1.0880000591278076,1.0880000591278076,1.0779999494552612,1.0789999961853027,1388000.0,1499681.0,101577.8984375
2018-09-18,1.0789999961853027,1.0809999704360962,1.0720000267028809,1.0759999752044678,2262300.0,2431161.0,101577.8984375
2018-09-19,1.0829999446868896,1.0850000381469727,1.0770000219345093,1.0809999704360962,3938600.0,4256546.0,101577.8984375
2018-09-20,1.0839999914169312,1.0880000591278076,1.0829999446868896,1.0850000381469727,1758400.0,1910162.0,101577.8984375
2018-09-21,1.097000002861023,1.1059999465942383,1.0920000076293945,1.1019999980926514,4494300.0,4946575.0,101577.8984375
2018-09-25,1.1009999513626099,1.1069999933242798,1.0959999561309814,1.1069999933242798,2155700.0,2373301.0,101577.8984375
2018-09-26,1.1089999675750732,1.1130000352859497,1.1050000190734863,1.1119999885559082,3984900.0,4425518.0,101577.8984375
2018-09-27,1.1130000352859497,1.1130000352859497,1.1039999723434448,1.1050000190734863,1060300.0,1174307.0,101577.8984375
2018-09-28,1.1100000143051147,1.1139999628067017,1.1089999675750732,1.1089999675750732,1729801.0,1923417.0,101577.8984375
2018-10-08,1.090000033378601,1.090000033378601,1.0679999589920044,1.0700000524520874,5026200.0,5398488.0,101577.8984375
2018-10-09,1.0609999895095825,1.065999984741211,1.0609999895095825,1.065999984741211,1512701.0,1609715.0,101577.8984375
2018-10-10,1.065000057220459,1.0720000267028809,1.065000057220459,1.0700000524520874,2162300.0,2312829.0,101577.8984375
2018-10-11,1.0520000457763672,1.0520000457763672,1.00600004196167,1.0230000019073486,4107600.0,4224511.0,101577.8984375
2018-10-12,1.0230000019073486,1.034000039100647,1.0180000066757202,1.0329999923706055,3215100.0,3295344.0,101577.8984375
2018-10-15,1.027999997138977,1.031000018119812,1.0210000276565552,1.0219999551773071,1626300.0,1666639.0,101577.8984375
2018-10-16,1.031999945640564,1.034000039100647,1.0269999504089355,1.0299999713897705,1805400.0,1860052.0,101577.8984375
2018-10-17,1.0449999570846558,1.0529999732971191,1.0440000295639038,1.0529999732971191,2620200.0,2744533.0,101577.8984375
2018-10-18,1.0470000505447388,1.0470000505447388,1.031999945640564,1.034000039100647,1898200.0,1969247.0,101577.8984375
2018-10-19,1.0299999713897705,1.0329999923706055,1.0230000019073486,1.0329999923706055,2339000.0,2404505.0,101577.8984375
2018-10-22,1.0260000228881836,1.0420000553131104,1.0230000019073486,1.0399999618530273,1619500.0,1675521.0,101577.8984375
2018-10-23,1.031000018119812,1.031000018119812,1.0210000276565552,1.0230000019073486,1499400.0,1539317.0,101577.8984375
2018-10-24,1.0110000371932983,1.0210000276565552,1.0099999904632568,1.0149999856948853,1321600.0,1342177.0,101577.8984375
2018-10-25,0.996999979019165,1.0049999952316284,0.9929999709129333,1.0,1315500.0,1314817.0,101577.8984375
2018-10-26,1.0080000162124634,1.0080000162124634,1.0010000467300415,1.003000020980835,802300.0,805693.0,101577.8984375
2018-10-29,1.0019999742507935,1.0049999952316284,0.9980000257492065,1.0,436200.0,436669.0,101577.8984375
2018-10-30,1.0019999742507935,1.0099999904632568,1.0019999742507935,1.0069999694824219,362700.0,365133.0,101577.8984375
2018-10-31,1.0099999904632568,1.0099999904632568,1.003999948501587,1.0089999437332153,1617000.0,1627572.0,101577.8984375
2018-11-01,1.0110000371932983,1.0199999809265137,1.0110000371932983,1.0140000581741333,1574700.0,1597989.0,101577.8984375
2018-11-02,1.0160000324249268,1.0290000438690186,1.0149999856948853,1.027999997138977,1823000.0,1863279.0,101577.8984375
2018-11-05,1.0199999809265137,1.0240000486373901,1.0149999856948853,1.0169999599456787,1212100.0,1233462.0,101577.8984375
2018-11-06,1.0169999599456787,1.0190000534057617,1.0160000324249268,1.0169999599456787,511600.0,520205.0,101577.8984375
2018-11-07,1.0169999599456787,1.0290000438690186,1.0149999856948853,1.0169999599456787,1625500.0,1657718.0,101577.8984375
2018-11-08,1.0230000019073486,1.0260000228881836,1.0199999809265137,1.0230000019073486,2088800.0,2135112.0,101577.8984375
2018-11-09,1.0169999599456787,1.0190000534057617,1.0089999437332153,1.0119999647140503,1183100.0,1197715.0,101577.8984375
2018-11-12,1.0149999856948853,1.0199999809265137,1.0089999437332153,1.0160000324249268,677094.0,687643.0,101577.8984375
2018-11-13,1.0049999952316284,1.0110000371932983,0.996999979019165,1.0110000371932983,2089200.0,2101812.0,101577.8984375
2018-11-14,1.0140000581741333,1.0140000581741333,1.00600004196167,1.0119999647140503,649800.0,656718.0,101577.8984375
2018-11-15,1.0119999647140503,1.0160000324249268,1.0049999952316284,1.0149999856948853,577700.0,584946.0,101577.8984375
2018-11-16,1.0140000581741333,1.0140000581741333,1.0069999694824219,1.0110000371932983,895200.0,904034.0,101577.8984375
2018-11-19,1.0130000114440918,1.0130000114440918,1.003000020980835,1.00600004196167,1079300.0,1085838.0,101577.8984375
2018-11-20,1.0,1.0,0.9919999837875366,0.9959999918937683,2087800.0,2077305.0,101577.8984375
2018-11-21,0.9850000143051147,0.9950000047683716,0.984000027179718,0.9929999709129333,1396400.0,1381988.0,101577.8984375
2018-11-22,1.0010000467300415,1.0010000467300415,0.9950000047683716,0.9959999918937683,422100.0,420819.0,101577.8984375
2018-11-23,0.9950000047683716,0.9950000047683716,0.984000027179718,0.9850000143051147,964600.0,952019.0,101577.8984375
2018-11-26,0.9879999756813049,0.9929999709129333,0.9869999885559082,0.9909999966621399,803200.0,796121.0,101577.8984375
2018-11-27,0.9919999837875366,1.0,0.9919999837875366,0.996999979019165,665000.0,662581.0,101577.8984375
2018-11-28,0.9980000257492065,1.0010000467300415,0.9929999709129333,1.0,673700.0,673133.0,101577.8984375
2018-11-29,1.0019999742507935,1.003999948501587,0.9980000257492065,1.0019999742507935,1407700.0,1410257.0,101577.8984375
2018-11-30,0.9950000047683716,1.0190000534057617,0.9950000047683716,1.0180000066757202,4078200.0,4119750.0,101577.8984375
2018-12-03,1.0160000324249268,1.0240000486373901,1.0110000371932983,1.0230000019073486,3105600.0,3162007.0,101577.8984375
2018-12-04,1.0219999551773071,1.0230000019073486,1.0089999437332153,1.0099999904632568,2044000.0,2069256.0,101577.8984375
2018-12-05,1.00600004196167,1.0110000371932983,0.9980000257492065,1.003999948501587,1645400.0,1652708.0,101577.8984375
2018-12-06,1.003999948501587,1.003999948501587,0.9869999885559082,0.9879999756813049,2986900.0,2964810.0,101577.8984375
2018-12-07,0.9810000061988831,0.9850000143051147,0.9760000109672546,0.9779999852180481,3749800.0,3672161.0,101577.8984375
2018-12-10,0.9739999771118164,0.9739999771118164,0.9599999785423279,0.9629999995231628,1650500.0,1591823.0,101577.8984375
2018-12-11,0.9539999961853027,0.9570000171661377,0.9449999928474426,0.9559999704360962,5324000.0,5057245.0,101577.8984375
2018-12-12,0.9559999704360962,0.9620000123977661,0.9459999799728394,0.9589999914169312,2725900.0,2604478.0,101577.8984375
2018-12-13,0.9629999995231628,0.9639999866485596,0.9539999961853027,0.9559999704360962,3317600.0,3176439.0,101577.8984375
2018-12-14,0.949999988079071,0.9539999961853027,0.9470000267028809,0.9490000009536743,1667300.0,1585108.0,101577.8984375
2018-12-17,0.9449999928474426,0.949999988079071,0.9440000057220459,0.9470000267028809,1077600.0,1018925.0,101577.8984375
2018-12-18,0.9409999847412109,0.9419999718666077,0.9259999990463257,0.9279999732971191,3119400.0,2910236.0,101577.8984375
2018-12-19,0.9309999942779541,0.9350000023841858,0.9290000200271606,0.9350000023841858,540200.0,503621.0,101577.8984375
2018-12-20,0.9300000071525574,0.9390000104904175,0.9269999861717224,0.9380000233650208,1189300.0,1107936.0,101577.8984375
2018-12-21,0.9340000152587891,0.9350000023841858,0.9300000071525574,0.9340000152587891,514700.0,480261.0,101577.8984375
2018-12-24,0.9369999766349792,0.9369999766349792,0.9300000071525574,0.9330000281333923,314700.0,293302.0,101577.8984375
2018-12-25,0.9279999732971191,0.9279999732971191,0.9200000166893005,0.9210000038146973,602400.0,555722.0,101577.8984375
2018-12-26,0.9259999990463257,0.9259999990463257,0.921999990940094,0.9229999780654907,179600.0,165977.0,101577.8984375
2018-12-27,0.9359999895095825,0.9449999928474426,0.9319999814033508,0.9359999895095825,1962100.0,1838685.0,101577.8984375
2018-12-28,0.9190000295639038,0.9259999990463257,0.9150000214576721,0.9210000038146973,1233500.0,1135021.0,101577.8984375
2019-01-02,0.9309999942779541,0.9319999814033508,0.9200000166893005,0.9229999780654907,820600.0,756702.0,101577.8984375
2019-01-03,0.9269999861717224,0.9279999732971191,0.9210000038146973,0.9269999861717224,952800.0,881204.0,101577.8984375
2019-01-04,0.9210000038146973,0.9269999861717224,0.9150000214576721,0.9240000247955322,2103000.0,1938858.0,101577.8984375
2019-01-07,0.9380000233650208,0.9390000104904175,0.9319999814033508,0.9359999895095825,998400.0,933035.0,101577.8984375
2019-01-08,0.9359999895095825,0.9390000104904175,0.9330000281333923,0.9390000104904175,869200.0,814017.0,101577.8984375
2019-01-09,0.9399999976158142,0.949999988079071,0.9399999976158142,0.9490000009536743,1726200.0,1632412.0,101577.8984375
2019-01-10,0.9509999752044678,0.9509999752044678,0.9409999847412109,0.9430000185966492,845500.0,798675.0,101577.8984375
2019-01-11,0.9459999799728394,0.9470000267028809,0.9430000185966492,0.9449999928474426,694000.0,655611.0,101577.8984375
2019-01-14,0.9440000057220459,0.9440000057220459,0.9309999942779541,0.9359999895095825,630700.0,590735.0,101577.8984375
2019-01-15,0.9330000281333923,0.9419999718666077,0.9330000281333923,0.9409999847412109,528097.0,495806.0,101577.8984375
2019-01-16,0.9409999847412109,0.9440000057220459,0.9350000023841858,0.9369999766349792,701400.0,656707.0,101577.8984375
2019-01-17,0.9380000233650208,0.9380000233650208,0.9359999895095825,0.9380000233650208,436600.0,409018.0,101577.8984375
2019-01-18,0.9380000233650208,0.9440000057220459,0.9369999766349792,0.9430000185966492,741600.0,698005.0,101577.8984375
2019-01-21,0.9559999704360962,0.9570000171661377,0.949999988079071,0.9549999833106995,1230001.0,1173465.0,101577.8984375
2019-01-22,0.9520000219345093,0.9520000219345093,0.9449999928474426,0.9470000267028809,619500.0,586843.0,101577.8984375
2019-01-23,0.9459999799728394,0.9559999704360962,0.9430000185966492,0.9480000138282776,315400.0,298884.0,101577.8984375
2019-01-24,0.9490000009536743,0.9509999752044678,0.9399999976158142,0.9470000267028809,555700.0,524950.0,101577.8984375
2019-01-25,0.9509999752044678,0.953000009059906,0.9480000138282776,0.9509999752044678,679200.0,645691.0,101577.8984375
2019-01-28,0.9559999704360962,0.9559999704360962,0.9459999799728394,0.953000009059906,801040.0,763617.0,101577.8984375
2019-01-29,0.9520000219345093,0.953000009059906,0.9490000009536743,0.953000009059906,289740.0,275454.0,101577.8984375
2019-01-30,0.953000009059906,0.953000009059906,0.9480000138282776,0.9520000219345093,172400.0,163974.0,101577.8984375
2019-01-31,0.953000009059906,0.9589999914169312,0.953000009059906,0.9589999914169312,710400.0,678850.0,101577.8984375
2019-02-01,0.9589999914169312,0.9629999995231628,0.9539999961853027,0.9629999995231628,1037300.0,993235.0,101577.8984375
2019-02-11,0.9539999961853027,0.9539999961853027,0.9419999718666077,0.9480000138282776,2380440.0,2248829.0,101577.8984375
2019-02-12,0.9490000009536743,0.9490000009536743,0.9440000057220459,0.9470000267028809,1191900.0,1129489.0,101577.8984375
2019-02-13,0.949999988079071,0.9599999785423279,0.949999988079071,0.9559999704360962,1656300.0,1581566.0,101577.8984375
2019-02-14,0.9559999704360962,0.9559999704360962,0.9520000219345093,0.9539999961853027,1300600.0,1241165.0,101577.8984375
2019-02-15,0.9490000009536743,0.9520000219345093,0.9470000267028809,0.9480000138282776,807400.0,765880.0,101577.8984375
2019-02-18,0.9549999833106995,0.9670000076293945,0.9539999961853027,0.9670000076293945,2192100.0,2111097.0,101577.8984375
2019-02-19,0.9670000076293945,0.9679999947547913,0.9599999785423279,0.9660000205039978,1456800.0,1405114.0,101577.8984375
2019-02-20,0.9660000205039978,0.9670000076293945,0.9610000252723694,0.9660000205039978,576040.0,555093.0,101577.8984375
2019-02-21,0.9679999947547913,0.972000002861023,0.9679999947547913,0.9710000157356262,1014800.0,984509.0,101577.8984375
2019-02-22,0.968999981880188,0.972000002861023,0.9639999866485596,0.9710000157356262,602440.0,583245.0,101577.8984375
2019-02-25,0.9710000157356262,0.9810000061988831,0.9700000286102295,0.9810000061988831,1704100.0,1659118.0,101577.8984375
2019-02-26,0.9789999723434448,0.9789999723434448,0.9739999771118164,0.9769999980926514,1077300.0,1051095.0,101577.8984375
2019-02-27,0.9769999980926514,0.9819999933242798,0.9769999980926514,0.9810000061988831,1119500.0,1097366.0,101577.8984375
2019-02-28,0.9829999804496765,0.984000027179718,0.9739999771118164,0.9829999804496765,1367700.0,1339452.0,101577.8984375
2019-03-01,0.9829999804496765,0.9890000224113464,0.9819999933242798,0.9869999885559082,1452000.0,1431910.0,101577.8984375
2019-03-04,0.9959999918937683,0.9959999918937683,0.9879999756813049,0.9879999756813049,1546400.0,1532388.0,101577.8984375
2019-03-05,0.9879999756813049,0.9879999756813049,0.9750000238418579,0.9789999723434448,2706600.0,2651125.0,101577.8984375
2019-03-06,0.9810000061988831,0.9810000061988831,0.9769999980926514,0.9779999852180481,2112900.0,2067025.0,101577.8984375
2019-03-07,0.9769999980926514,0.9789999723434448,0.9739999771118164,0.9760000109672546,1761500.0,1720321.0,101577.8984375
2019-03-08,0.972000002861023,0.9760000109672546,0.9599999785423279,0.9679999947547913,2474300.0,2395212.0,101577.8984375
2019-03-11,0.9649999737739563,0.9710000157356262,0.9649999737739563,0.968999981880188,1561801.0,1510904.0,101577.8984375
2019-03-12,0.9710000157356262,0.9769999980926514,0.9710000157356262,0.9760000109672546,1951000.0,1900210.0,101577.8984375
2019-03-13,0.9760000109672546,0.9760000109672546,0.968999981880188,0.9700000286102295,1168200.0,1133954.0,101577.8984375
2019-03-14,0.9739999771118164,0.9760000109672546,0.9710000157356262,0.9739999771118164,1113900.0,1084209.0,101577.8984375
2019-03-15,0.9739999771118164,0.9800000190734863,0.9739999771118164,0.9789999723434448,1126400.0,1102072.0,101577.8984375
2019-03-18,0.9829999804496765,0.9850000143051147,0.9789999723434448,0.984000027179718,1566800.0,1539302.0,101577.8984375
2019-03-19,0.9819999933242798,0.984000027179718,0.9800000190734863,0.9819999933242798,1536500.0,1508182.0,101577.8984375
2019-03-20,0.9879999756813049,0.9890000224113464,0.9850000143051147,0.9860000014305115,1371900.0,1353479.0,101577.8984375
2019-03-21,0.9760000109672546,0.9819999933242798,0.9760000109672546,0.9810000061988831,1267200.0,1241771.0,101577.8984375
2019-03-22,0.9810000061988831,0.9860000014305115,0.9810000061988831,0.984000027179718,1432000.0,1408614.0,101577.8984375
2019-03-25,0.9660000205039978,0.9729999899864197,0.9660000205039978,0.9670000076293945,1909302.0,1849992.0,101577.8984375
2019-03-26,0.968999981880188,0.9700000286102295,0.9629999995231628,0.9670000076293945,1637400.0,1584118.0,101577.8984375
2019-03-27,0.9670000076293945,0.968999981880188,0.9660000205039978,0.9679999947547913,1723700.0,1667107.0,101577.8984375
2019-03-28,0.9660000205039978,0.9789999723434448,0.9649999737739563,0.9760000109672546,5273402.0,5137993.0,101577.8984375
2019-03-29,0.9769999980926514,0.9850000143051147,0.9700000286102295,0.9800000190734863,3753000.0,3676405.0,101577.8984375
2019-04-01,0.9819999933242798,0.9879999756813049,0.9810000061988831,0.9819999933242798,3400600.0,3343869.0,101577.8984375
2019-04-02,0.9860000014305115,0.9869999885559082,0.9819999933242798,0.9819999933242798,2482000.0,2440985.0,101577.8984375
2019-04-03,0.984000027179718,0.9879999756813049,0.9819999933242798,0.9869999885559082,2077200.0,2046290.0,101577.8984375
2019-04-04,0.9959999918937683,1.0,0.9909999966621399,0.9959999918937683,3454300.0,3442195.0,101577.8984375
2019-04-08,0.9980000257492065,1.0010000467300415,0.9950000047683716,0.996999979019165,1972700.0,1967305.0,101577.8984375
2019-04-09,0.9950000047683716,0.9959999918937683,0.9929999709129333,0.9950000047683716,1738200.0,1728222.0,101577.8984375
2019-04-10,0.9869999885559082,0.9879999756813049,0.9739999771118164,0.9879999756813049,2305800.0,2266966.0,101577.8984375
2019-04-11,0.9900000095367432,0.9919999837875366,0.9869999885559082,0.9900000095367432,1400000.0,1385685.0,101577.8984375
2019-04-12,0.9919999837875366,0.9929999709129333,0.9900000095367432,0.9919999837875366,1103700.0,1094963.0,101577.8984375
2019-04-15,0.9929999709129333,1.0049999952316284,0.9929999709129333,1.003000020980835,2689300.0,2693141.0,101577.8984375
2019-04-16,1.0010000467300415,1.003999948501587,1.0,1.003999948501587,1509300.0,1511937.0,101577.8984375
2019-04-17,1.00600004196167,1.0140000581741333,1.003999948501587,1.0089999437332153,1838900.0,1854881.0,101577.8984375
2019-04-18,1.0130000114440918,1.0240000486373901,1.0099999904632568,1.0210000276565552,1985700.0,2019456.0,101577.8984375
2019-04-19,1.024999976158142,1.027999997138977,1.0230000019073486,1.024999976158142,2343300.0,2404880.0,101577.8984375
2019-04-22,1.027999997138977,1.027999997138977,1.0130000114440918,1.0180000066757202,1451500.0,1482484.0,101577.8984375
2019-04-23,1.0180000066757202,1.0210000276565552,1.0149999856948853,1.0169999599456787,1096200.0,1115073.0,101577.8984375
2019-04-24,1.0169999599456787,1.024999976158142,1.0149999856948853,1.0240000486373901,1307100.0,1330712.0,101577.8984375
2019-04-25,1.0240000486373901,1.0299999713897705,1.0199999809265137,1.0219999551773071,1334700.0,1368657.0,101577.8984375
2019-04-26,1.0190000534057617,1.0219999551773071,1.0130000114440918,1.0149999856948853,1449700.0,1473548.0,101577.8984375
2019-04-29,1.0149999856948853,1.0180000066757202,1.0099999904632568,1.0119999647140503,1452300.0,1471272.0,101577.8984375
2019-04-30,1.0140000581741333,1.0230000019073486,1.0110000371932983,1.0210000276565552,1500900.0,1526217.0,101577.8984375
2019-05-06,1.0080000162124634,1.0099999904632568,1.0,1.0049999952316284,3160200.0,3172795.0,101577.8984375
2019-05-07,1.0089999437332153,1.0160000324249268,1.0080000162124634,1.0130000114440918,2301900.0,2330973.0,101577.8984375
2019-05-08,1.0010000467300415,1.0069999694824219,0.9940000176429749,1.0,2253200.0,2256901.0,101577.8984375
2019-05-09,1.0049999952316284,1.0140000581741333,1.0010000467300415,1.0049999952316284,1429500.0,1436688.0,101577.8984375
2019-05-10,1.003000020980835,1.0069999694824219,1.0,1.00600004196167,1533500.0,1539954.0,101577.8984375
2019-05-13,1.0089999437332153,1.0089999437332153,0.9959999918937683,1.00600004196167,1344100.0,1347631.0,101577.8984375
2019-05-14,0.996999979019165,1.003000020980835,0.9959999918937683,1.0010000467300415,1063100.0,1062579.0,101577.8984375
2019-05-15,1.0019999742507935,1.0119999647140503,1.0019999742507935,1.0099999904632568,1401100.0,1413690.0,101577.8984375
2019-05-16,1.0149999856948853,1.0180000066757202,1.0140000581741333,1.0160000324249268,1221900.0,1241162.0,101577.8984375
2019-05-17,1.0290000438690186,1.0329999923706055,1.0199999809265137,1.0260000228881836,3166000.0,3248918.0,101577.8984375
2019-05-20,1.0230000019073486,1.0260000228881836,1.0219999551773071,1.024999976158142,1514000.0,1550365.0,101577.8984375
2019-05-21,1.0110000371932983,1.0199999809265137,1.0099999904632568,1.0190000534057617,1694900.0,1719610.0,101577.8984375
2019-05-22,1.0199999809265137,1.0240000486373901,1.0190000534057617,1.0199999809265137,1032500.0,1053715.0,101577.8984375
2019-05-23,1.0210000276565552,1.0210000276565552,1.0110000371932983,1.0149999856948853,1173400.0,1193079.0,101577.8984375
2019-05-24,1.0049999952316284,1.0110000371932983,1.0,1.0069999694824219,2438500.0,2450813.0,101577.8984375
2019-05-27,1.0069999694824219,1.0169999599456787,1.0049999952316284,1.0160000324249268,1412200.0,1426671.0,101577.8984375
2019-05-28,1.0140000581741333,1.0199999809265137,1.0140000581741333,1.0190000534057617,1383000.0,1405666.0,101577.8984375
2019-05-29,1.0169999599456787,1.0169999599456787,1.0099999904632568,1.0130000114440918,953200.0,967263.0,101577.8984375
2019-05-30,1.0110000371932983,1.0110000371932983,1.0,1.003999948501587,1348100.0,1351823.0,101577.8984375
2019-05-31,1.003000020980835,1.003000020980835,0.996999979019165,0.996999979019165,706000.0,706313.0,101577.8984375
2019-06-03,0.9919999837875366,1.0,0.9860000014305115,0.9879999756813049,1483800.0,1467741.0,101577.8984375
2019-06-04,0.9900000095367432,0.9900000095367432,0.9829999804496765,0.9850000143051147,587400.0,579622.0,101577.8984375
2019-06-05,1.003000020980835,1.0099999904632568,1.0019999742507935,1.003999948501587,3011200.0,3026687.0,101577.8984375
2019-06-06,1.0080000162124634,1.0110000371932983,1.0049999952316284,1.0089999437332153,1268500.0,1278733.0,101577.8984375
2019-06-10,1.0199999809265137,1.0260000228881836,1.0190000534057617,1.0240000486373901,3886200.0,3976105.0,101577.8984375
2019-06-11,1.0230000019073486,1.0290000438690186,1.0230000019073486,1.0269999504089355,1276300.0,1310405.0,101577.8984375
2019-06-12,1.0269999504089355,1.0299999713897705,1.0240000486373901,1.024999976158142,1588900.0,1633739.0,101577.8984375
2019-06-13,1.0260000228881836,1.0290000438690186,1.024999976158142,1.0260000228881836,817600.0,840210.0,101577.8984375
2019-06-14,1.0299999713897705,1.0329999923706055,1.0290000438690186,1.031000018119812,1377900.0,1420872.0,101577.8984375
2019-06-17,1.0299999713897705,1.0299999713897705,1.0199999809265137,1.0240000486373901,1213800.0,1241793.0,101577.8984375
2019-06-18,1.0199999809265137,1.0260000228881836,1.0199999809265137,1.0260000228881836,768700.0,785974.0,101577.8984375
2019-06-19,1.0390000343322754,1.0399999618530273,1.034999966621399,1.0360000133514404,1890400.0,1959850.0,101577.8984375
2019-06-20,1.0329999923706055,1.0440000295639038,1.0329999923706055,1.0420000553131104,1635900.0,1698794.0,101577.8984375
2019-06-21,1.0410000085830688,1.0410000085830688,1.031999945640564,1.0379999876022339,1143300.0,1183337.0,101577.8984375
2019-06-24,1.034000039100647,1.0399999618530273,1.034000039100647,1.0390000343322754,1092500.0,1133066.0,101577.8984375
2019-06-25,1.0429999828338623,1.0429999828338623,1.031000018119812,1.0329999923706055,848100.0,876414.0,101577.8984375
2019-06-26,1.031000018119812,1.034999966621399,1.0299999713897705,1.034999966621399,1146500.0,1184587.0,101577.8984375
2019-06-27,1.0379999876022339,1.0420000553131104,1.034000039100647,1.0399999618530273,578200.0,600513.0,101577.8984375
2019-06-28,1.0399999618530273,1.0420000553131104,1.0390000343322754,1.0410000085830688,552000.0,574118.0,101577.8984375
2019-07-01,1.0509999990463257,1.0609999895095825,1.0509999990463257,1.059999942779541,2066900.0,2183819.0,101577.8984375
2019-07-02,1.055999994277954,1.0570000410079956,1.0509999990463257,1.055999994277954,899900.0,948633.0,101577.8984375
2019-07-03,1.055999994277954,1.059999942779541,1.0549999475479126,1.0549999475479126,694200.0,733563.0,101577.8984375
2019-07-04,1.055999994277954,1.062999963760376,1.055999994277954,1.062000036239624,890200.0,944168.0,101577.8984375
2019-07-05,1.062000036239624,1.0679999589920044,1.0609999895095825,1.062999963760376,539500.0,574215.0,101577.8984375
2019-07-08,1.059999942779541,1.059999942779541,1.0449999570846558,1.0509999990463257,1025200.0,1076165.0,101577.8984375
2019-07-09,1.0509999990463257,1.0520000457763672,1.0460000038146973,1.0479999780654907,372000.0,390087.0,101577.8984375
2019-07-10,1.0420000553131104,1.0449999570846558,1.0399999618530273,1.0429999828338623,1053101.0,1097484.0,101577.8984375
2019-07-11,1.0449999570846558,1.0499999523162842,1.0410000085830688,1.0490000247955322,626300.0,655432.0,101577.8984375
2019-07-12,1.0479999780654907,1.0479999780654907,1.0399999618530273,1.0440000295639038,421700.0,439822.0,101577.8984375
2019-07-15,1.0490000247955322,1.0490000247955322,1.0379999876022339,1.0440000295639038,949202.0,988753.0,101577.8984375
2019-07-16,1.0490000247955322,1.0549999475479126,1.0379999876022339,1.0410000085830688,39910364.0,41890936.0,101577.8984375
2019-07-17,1.0420000553131104,1.0540000200271606,1.0410000085830688,1.0429999828338623,115530976.0,121276432.0,101577.8984375
2019-07-18,1.0360000133514404,1.0449999570846558,1.034999966621399,1.0360000133514404,60824232.0,63361496.0,101577.8984375
2019-07-19,1.0399999618530273,1.0440000295639038,1.0379999876022339,1.0390000343322754,32673082.0,34013532.0,101577.8984375
2019-07-22,1.0369999408721924,1.0369999408721924,1.0299999713897705,1.031000018119812,2296000.0,2369120.0,101577.8984375
2019-07-23,1.034000039100647,1.0360000133514404,1.0329999923706055,1.0360000133514404,1071700.0,1108154.0,101577.8984375
2019-07-24,1.0470000505447388,1.0540000200271606,1.0440000295639038,1.0460000038146973,52620100.0,55301356.0,101577.8984375
2019-07-25,1.0470000505447388,1.0499999523162842,1.0460000038146973,1.0470000505447388,1006000.0,1053892.0,101577.8984375
2019-07-26,1.0369999408721924,1.0440000295639038,1.034000039100647,1.034999966621399,102261888.0,106279176.0,101577.8984375
2019-07-29,1.0369999408721924,1.0440000295639038,1.0360000133514404,1.0429999828338623,85905568.0,89453224.0,101577.8984375
2019-07-30,1.0429999828338623,1.0440000295639038,1.0399999618530273,1.0440000295639038,1739441.0,1813209.0,101577.8984375
2019-07-31,1.027999997138977,1.031000018119812,1.0210000276565552,1.0269999504089355,83596000.0,85934928.0,101577.8984375
2019-08-01,1.0210000276565552,1.034999966621399,1.0210000276565552,1.0269999504089355,88709104.0,91476920.0,101577.8984375
2019-08-02,1.0260000228881836,1.031000018119812,1.0190000534057617,1.0190000534057617,96595904.0,99377800.0,101577.8984375
2019-08-05,1.003000020980835,1.0110000371932983,1.0010000467300415,1.003000020980835,6133600.0,6162703.0,101577.8984375
2019-08-06,0.9940000176429749,1.0069999694824219,0.9860000014305115,1.0,8851800.0,8838140.0,101577.8984375
2019-08-07,0.9990000128746033,1.0019999742507935,0.9940000176429749,1.0010000467300415,94121296.0,94028816.0,101577.8984375
2019-08-08,1.0010000467300415,1.00600004196167,1.0,1.0049999952316284,8461200.0,8494748.0,101577.8984375
2019-08-09,1.0169999599456787,1.0169999599456787,1.0049999952316284,1.00600004196167,5816700.0,5878196.0,101577.8984375
2019-08-12,1.0010000467300415,1.0080000162124634,1.0010000467300415,1.0069999694824219,1939700.0,1951154.0,101577.8984375
2019-08-13,1.003000020980835,1.0089999437332153,0.9959999918937683,0.9980000257492065,14122600.0,14180191.0,101577.8984375
2019-08-14,1.0069999694824219,1.0140000581741333,1.0019999742507935,1.003999948501587,123933104.0,125195432.0,101577.8984375
2019-08-15,0.9860000014305115,0.9959999918937683,0.9860000014305115,0.9950000047683716,3373400.0,3342572.0,101577.8984375
2019-08-16,0.9879999756813049,0.9940000176429749,0.984000027179718,0.9860000014305115,75916496.0,75188240.0,101577.8984375
2019-08-19,0.9900000095367432,0.996999979019165,0.9890000224113464,0.9940000176429749,88454744.0,87939064.0,101577.8984375
2019-08-20,1.0,1.003000020980835,0.9959999918937683,0.996999979019165,25992900.0,25999632.0,101577.8984375
2019-08-21,0.9959999918937683,0.9980000257492065,0.9940000176429749,0.996999979019165,2564400.0,2554478.0,101577.8984375
2019-08-22,1.0069999694824219,1.0069999694824219,1.0010000467300415,1.0019999742507935,3106300.0,3119201.0,101577.8984375
2019-08-23,1.0010000467300415,1.0069999694824219,1.0010000467300415,1.0049999952316284,4737800.0,4762888.0,101577.8984375
2019-08-26,0.9900000095367432,0.9980000257492065,0.9879999756813049,0.996999979019165,4110000.0,4088106.0,101577.8984375
2019-08-27,1.0010000467300415,1.0080000162124634,1.0,1.003999948501587,11505200.0,11568544.0,101577.8984375
2019-08-28,1.0049999952316284,1.0049999952316284,1.003000020980835,1.003999948501587,1520500.0,1526982.0,101577.8984375
2019-08-29,1.0019999742507935,1.003000020980835,1.0,1.0,1475600.0,1477035.0,101577.8984375
2019-08-30,1.0110000371932983,1.0119999647140503,1.0089999437332153,1.0099999904632568,2868400.0,2899487.0,101577.8984375
2019-09-02,1.0130000114440918,1.0160000324249268,1.0110000371932983,1.0149999856948853,1965800.0,1992498.0,101577.8984375
2019-09-03,1.0160000324249268,1.0169999599456787,1.0119999647140503,1.0130000114440918,6450300.0,6547603.0,101577.8984375
2019-09-04,1.0130000114440918,1.0199999809265137,1.0110000371932983,1.0180000066757202,7094100.0,7202404.0,101577.8984375
2019-09-05,1.0199999809265137,1.0260000228881836,1.0199999809265137,1.0230000019073486,6823800.0,6983431.0,101577.8984375
2019-09-06,1.027999997138977,1.027999997138977,1.024999976158142,1.0269999504089355,4215100.0,4328546.0,101577.8984375
2019-09-09,1.031999945640564,1.034999966621399,1.0299999713897705,1.034999966621399,2599300.0,2683349.0,101577.8984375
2019-09-10,1.034999966621399,1.0360000133514404,1.031999945640564,1.0329999923706055,2256200.0,2333059.0,101577.8984375
2019-09-11,1.0369999408721924,1.0440000295639038,1.0360000133514404,1.0440000295639038,3014200.0,3131126.0,101577.8984375
2019-09-12,1.0490000247955322,1.0499999523162842,1.0470000505447388,1.0479999780654907,1904200.0,1997200.0,101577.8984375
2019-09-16,1.0499999523162842,1.0529999732971191,1.0299999713897705,1.0449999570846558,2271500.0,2373053.0,101577.8984375
2019-09-17,1.0420000553131104,1.0420000553131104,1.0390000343322754,1.0410000085830688,1828500.0,1902726.0,101577.8984375
2019-09-18,1.0440000295639038,1.0499999523162842,1.0440000295639038,1.0490000247955322,3906800.0,4095428.0,101577.8984375
2019-09-19,1.0509999990463257,1.0540000200271606,1.0499999523162842,1.0520000457763672,1296700.0,1364601.0,101577.8984375
2019-09-20,1.0529999732971191,1.055999994277954,1.0529999732971191,1.0540000200271606,924800.0,975438.0,101577.8984375
2019-09-23,1.055999994277954,1.055999994277954,1.0490000247955322,1.0520000457763672,722900.0,760304.0,101577.8984375
2019-09-24,1.0479999780654907,1.0499999523162842,1.0399999618530273,1.0470000505447388,36365800.0,38066048.0,101577.8984375
2019-09-25,1.0410000085830688,1.0440000295639038,1.0329999923706055,1.0329999923706055,1794900.0,1859755.0,101577.8984375
2019-09-26,1.034999966621399,1.0360000133514404,1.0219999551773071,1.0260000228881836,1655600.0,1707124.0,101577.8984375
2019-09-27,1.027999997138977,1.0329999923706055,1.027999997138977,1.0299999713897705,978700.0,1008496.0,101577.8984375
2019-09-30,1.034000039100647,1.0410000085830688,1.031000018119812,1.0410000085830688,1009500.0,1045884.0,101577.8984375
2019-10-08,1.027999997138977,1.0299999713897705,1.0190000534057617,1.0230000019073486,2240300.0,2288906.0,101577.8984375
2019-10-09,1.0190000534057617,1.0190000534057617,1.0130000114440918,1.0169999599456787,1149300.0,1166089.0,101577.8984375
2019-10-10,1.0199999809265137,1.024999976158142,1.0160000324249268,1.0210000276565552,1353000.0,1379090.0,101577.8984375
2019-10-11,1.0219999551773071,1.034000039100647,1.0219999551773071,1.031000018119812,1416500.0,1455397.0,101577.8984375
2019-10-14,1.0499999523162842,1.0549999475479126,1.0420000553131104,1.0490000247955322,2274500.0,2390328.0,101577.8984375
2019-10-15,1.0509999990463257,1.059999942779541,1.0490000247955322,1.059999942779541,1370200.0,1442561.0,101577.8984375
2019-10-16,1.062999963760376,1.065000057220459,1.0609999895095825,1.0640000104904175,1450900.0,1542536.0,101577.8984375
2019-10-17,1.0679999589920044,1.0750000476837158,1.0640000104904175,1.0709999799728394,2418200.0,2593335.0,101577.8984375
2019-10-18,1.0720000267028809,1.0740000009536743,1.0670000314712524,1.0670000314712524,1374400.0,1471711.0,101577.8984375
2019-10-21,1.069000005722046,1.0750000476837158,1.0670000314712524,1.0729999542236328,1291700.0,1386311.0,101577.8984375
2019-10-22,1.0820000171661377,1.090999960899353,1.0770000219345093,1.0829999446868896,2489300.0,2702764.0,101577.8984375
2019-10-23,1.0800000429153442,1.0800000429153442,1.0740000009536743,1.0779999494552612,931000.0,1002733.0,101577.8984375
2019-10-24,1.0800000429153442,1.090999960899353,1.0800000429153442,1.090000033378601,847000.0,921793.0,101577.8984375
2019-10-25,1.090999960899353,1.0920000076293945,1.0870000123977661,1.0889999866485596,1900900.0,2071515.0,101577.8984375
2019-10-28,1.0870000123977661,1.0950000286102295,1.0870000123977661,1.0950000286102295,2235300.0,2440253.0,101577.8984375
2019-10-29,1.0980000495910645,1.0989999771118164,1.093999981880188,1.0950000286102295,1861800.0,2040912.0,101577.8984375
2019-10-30,1.093000054359436,1.0959999561309814,1.090000033378601,1.0959999561309814,1021100.0,1116774.0,101577.8984375
2019-10-31,1.0959999561309814,1.100000023841858,1.093999981880188,1.0980000495910645,1107200.0,1216125.0,101577.8984375
2019-11-01,1.100000023841858,1.1019999980926514,1.0959999561309814,1.100000023841858,1566900.0,1723843.0,101577.8984375
2019-11-04,1.1009999513626099,1.1069999933242798,1.100000023841858,1.1059999465942383,1193800.0,1318624.0,101577.8984375
2019-11-05,1.1119999885559082,1.1139999628067017,1.1109999418258667,1.1130000352859497,1065600.0,1185982.0,101577.8984375
2019-11-06,1.1130000352859497,1.1130000352859497,1.1009999513626099,1.1009999513626099,1369300.0,1510732.0,101577.8984375
2019-11-07,1.1030000448226929,1.1050000190734863,1.1019999980926514,1.1050000190734863,881000.0,971909.0,101577.8984375
2019-11-08,1.1080000400543213,1.1089999675750732,1.1039999723434448,1.1050000190734863,491700.0,543778.0,101577.8984375
2019-11-11,1.1059999465942383,1.1059999465942383,1.090999960899353,1.093000054359436,1365100.0,1497219.0,101577.8984375
2019-11-12,1.0920000076293945,1.0989999771118164,1.0920000076293945,1.0980000495910645,2744400.0,3006828.0,101577.8984375
2019-11-13,1.1050000190734863,1.1080000400543213,1.0980000495910645,1.1069999933242798,416800.0,460179.0,101577.8984375
2019-11-14,1.1080000400543213,1.1130000352859497,1.1009999513626099,1.1059999465942383,694800.0,767825.0,101577.8984375
2019-11-15,1.1050000190734863,1.1089999675750732,1.097000002861023,1.1039999723434448,1578900.0,1745797.0,101577.8984375
2019-11-18,1.1059999465942383,1.1119999885559082,1.1030000448226929,1.1059999465942383,1265200.0,1401060.0,101577.8984375
2019-11-19,1.1089999675750732,1.1089999675750732,1.1030000448226929,1.1080000400543213,1883400.0,2085181.0,101577.8984375
2019-11-20,1.1050000190734863,1.1059999465942383,1.1019999980926514,1.1050000190734863,2629300.0,2903100.0,101577.8984375
2019-11-21,1.0989999771118164,1.0989999771118164,1.093000054359436,1.097000002861023,1362897.0,1494693.0,101577.8984375
2019-11-22,1.1019999980926514,1.1130000352859497,1.100000023841858,1.1050000190734863,2048400.0,2262629.0,101577.8984375
2019-11-25,1.1069999933242798,1.1109999418258667,1.1069999933242798,1.1109999418258667,2493400.0,2766826.0,101577.8984375
2019-11-26,1.1119999885559082,1.1260000467300415,1.1019999980926514,1.1130000352859497,2789000.0,3111438.0,101577.8984375
2019-11-27,1.1109999418258667,1.1119999885559082,1.1059999465942383,1.1100000143051147,1783000.0,1977811.0,101577.8984375
2019-11-28,1.1130000352859497,1.1139999628067017,1.1080000400543213,1.1109999418258667,942600.0,1047037.0,101577.8984375
2019-11-29,1.1109999418258667,1.1109999418258667,1.1030000448226929,1.1039999723434448,819800.0,906924.0,101577.8984375
2019-12-02,1.1059999465942383,1.1119999885559082,1.1059999465942383,1.1119999885559082,1018300.0,1131069.0,101577.8984375
2019-12-03,1.0880000591278076,1.093000054359436,1.0870000123977661,1.0920000076293945,5913700.0,6451282.0,101577.8984375
2019-12-04,1.090000033378601,1.100000023841858,1.090000033378601,1.0980000495910645,2038000.0,2232936.0,101577.8984375
2019-12-05,1.1019999980926514,1.1119999885559082,1.1019999980926514,1.1100000143051147,470800.0,521823.0,101577.8984375
2019-12-06,1.1100000143051147,1.1139999628067017,1.1050000190734863,1.1080000400543213,1770300.0,1963251.0,101577.8984375
2019-12-09,1.1109999418258667,1.1150000095367432,1.1059999465942383,1.1080000400543213,1962400.0,2174720.0,101577.8984375
2019-12-10,1.1050000190734863,1.1059999465942383,1.1030000448226929,1.1039999723434448,935500.0,1032636.0,101577.8984375
2019-12-11,1.1019999980926514,1.1039999723434448,1.1009999513626099,1.1039999723434448,433600.0,478241.0,101577.8984375
2019-12-12,1.1059999465942383,1.11899995803833,1.1059999465942383,1.1150000095367432,1815500.0,2018031.0,101577.8984375
2019-12-13,1.11899995803833,1.1260000467300415,1.11899995803833,1.125,3038100.0,3407533.0,101577.8984375
2019-12-16,1.1260000467300415,1.1260000467300415,1.121000051498413,1.125,1421300.0,1596698.0,101577.8984375
2019-12-17,1.128999948501587,1.1330000162124634,1.1260000467300415,1.13100004196167,2230300.0,2519754.0,101577.8984375
2019-12-18,1.125,1.125,1.11899995803833,1.121000051498413,982900.0,1102036.0,101577.8984375
2019-12-19,1.1139999628067017,1.1150000095367432,1.1109999418258667,1.1139999628067017,712499.0,793316.0,101577.8984375
2019-12-20,1.1139999628067017,1.1160000562667847,1.1139999628067017,1.1150000095367432,668000.0,744694.0,101577.8984375
2019-12-23,1.1169999837875366,1.125,1.1169999837875366,1.1239999532699585,1408399.0,1577242.0,101577.8984375
2019-12-24,1.1260000467300415,1.1260000467300415,1.1169999837875366,1.11899995803833,2420200.0,2710712.0,101577.8984375
2019-12-25,1.1180000305175781,1.121000051498413,1.1139999628067017,1.1160000562667847,543100.0,606010.0,101577.8984375
2019-12-26,1.1150000095367432,1.121999979019165,1.1130000352859497,1.11899995803833,830800.0,927803.0,101577.8984375
2019-12-27,1.11899995803833,1.1260000467300415,1.1180000305175781,1.121999979019165,1614700.0,1812051.0,101577.8984375
2019-12-30,1.121999979019165,1.1230000257492065,1.1150000095367432,1.121000051498413,982900.0,1100989.0,101577.8984375
2019-12-31,1.1139999628067017,1.1139999628067017,1.1100000143051147,1.1109999418258667,1468600.0,1632452.0,101577.8984375
2020-01-02,1.1139999628067017,1.11899995803833,1.1119999885559082,1.1180000305175781,1194100.0,1332014.0,101577.8984375
2020-01-03,1.125,1.1260000467300415,1.1200000047683716,1.1230000257492065,3477000.0,3904208.0,101577.8984375
2020-01-06,1.1119999885559082,1.1119999885559082,1.1059999465942383,1.1080000400543213,1672400.0,1855554.0,101577.8984375
2020-01-07,1.1100000143051147,1.125,1.1089999675750732,1.121000051498413,2130800.0,2372448.0,101577.8984375
2020-01-08,1.1119999885559082,1.1139999628067017,1.0089999437332153,1.100000023841858,2114500.0,2340917.0,101577.8984375
2020-01-09,1.1100000143051147,1.11899995803833,1.1100000143051147,1.1160000562667847,1314000.0,1465190.0,101577.8984375
2020-01-10,1.121999979019165,1.125,1.121999979019165,1.1239999532699585,1636600.0,1838147.0,101577.8984375
2020-01-13,1.1230000257492065,1.1260000467300415,1.1169999837875366,1.1200000047683716,935600.0,1049071.0,101577.8984375
2020-01-14,1.121000051498413,1.121000051498413,1.1089999675750732,1.1130000352859497,2008100.0,2234801.0,101577.8984375
2020-01-15,1.1130000352859497,1.1150000095367432,1.1100000143051147,1.1130000352859497,561900.0,625378.0,101577.8984375
2020-01-16,1.1109999418258667,1.1119999885559082,1.1080000400543213,1.1119999885559082,771200.0,855885.0,101577.8984375
2020-01-17,1.1150000095367432,1.1150000095367432,1.1100000143051147,1.1119999885559082,791100.0,879650.0,101577.8984375
2020-01-20,1.1150000095367432,1.1150000095367432,1.1119999885559082,1.1119999885559082,814000.0,906147.0,101577.8984375
2020-01-21,1.1119999885559082,1.1139999628067017,1.0989999771118164,1.1019999980926514,3769500.0,4163890.0,101577.8984375
2020-01-22,1.1039999723434448,1.1160000562667847,1.1039999723434448,1.1150000095367432,1488100.0,1653287.0,101577.8984375
2020-01-23,1.1130000352859497,1.1130000352859497,1.0980000495910645,1.1039999723434448,1012300.0,1117400.0,101577.8984375
2020-02-03,1.0729999542236328,1.090000033378601,1.062000036239624,1.0729999542236328,3667600.0,3931936.0,101577.8984375
2020-02-04,1.0770000219345093,1.0880000591278076,1.0750000476837158,1.0859999656677246,919800.0,993072.875,101577.8984375
2020-02-05,1.0950000286102295,1.1080000400543213,1.093000054359436,1.1039999723434448,1851300.0,2038151.0,101577.8984375
2020-02-06,1.1239999532699585,1.1239999532699585,1.1050000190734863,1.1200000047683716,1832700.0,2048190.0,101577.8984375
2020-02-07,1.1200000047683716,1.1200000047683716,1.1050000190734863,1.1130000352859497,4169975.0,4634222.0,101577.8984375
2020-02-10,1.1100000143051147,1.1100000143051147,1.1050000190734863,1.1080000400543213,1466800.0,1624142.0,101577.8984375
2020-02-11,1.1100000143051147,1.1100000143051147,1.1069999933242798,1.1100000143051147,1646500.0,1825854.0,101577.8984375
2020-02-12,1.1130000352859497,1.1180000305175781,1.1119999885559082,1.1180000305175781,2439500.0,2719042.0,101577.8984375
2020-02-13,1.1200000047683716,1.128000020980835,1.1200000047683716,1.1269999742507935,2786100.0,3131468.0,101577.8984375
2020-02-14,1.1239999532699585,1.1239999532699585,1.121000051498413,1.121999979019165,2002200.0,2246756.0,101577.8984375
2020-02-17,1.121000051498413,1.1419999599456787,1.121000051498413,1.1349999904632568,5961900.0,6762810.0,101577.8984375
2020-02-18,1.1349999904632568,1.1349999904632568,1.1239999532699585,1.125,1371200.0,1546293.0,101577.8984375
2020-02-19,1.1200000047683716,1.1239999532699585,1.1059999465942383,1.1160000562667847,5735200.0,6391142.0,101577.8984375
2020-02-20,1.1200000047683716,1.1260000467300415,1.1160000562667847,1.1239999532699585,2191100.0,2456801.0,101577.8984375
2020-02-21,1.1180000305175781,1.1180000305175781,1.1109999418258667,1.1119999885559082,1646800.0,1832081.0,101577.8984375
2020-02-24,1.1069999933242798,1.1069999933242798,1.0859999656677246,1.0920000076293945,4321700.0,4721208.0,101577.8984375
2020-02-25,1.069000005722046,1.0859999656677246,1.065000057220459,1.0839999914169312,3519600.0,3794959.0,101577.8984375
2020-02-26,1.0609999895095825,1.0700000524520874,1.059000015258789,1.069000005722046,3819500.0,4060161.0,101577.8984375
2020-02-27,1.069000005722046,1.0750000476837158,1.065999984741211,1.0740000009536743,1923500.0,2057512.0,101577.8984375
2020-02-28,1.0470000505447388,1.0549999475479126,1.0420000553131104,1.0429999828338623,3834400.0,4017325.0,101577.8984375
2020-03-02,1.0379999876022339,1.062000036239624,1.0180000066757202,1.0549999475479126,6446700.0,6672093.0,101577.8984375
2020-03-03,1.0679999589920044,1.0759999752044678,1.0410000085830688,1.0440000295639038,9662000.0,10203020.0,101577.8984375
2020-03-04,1.027999997138977,1.031999945640564,1.0089999437332153,1.0149999856948853,17876000.0,18135272.0,101577.8984375
2020-03-05,1.0219999551773071,1.0240000486373901,1.0149999856948853,1.0199999809265137,16366200.0,16669967.0,101577.8984375
2020-03-06,1.0019999742507935,1.0019999742507935,0.9900000095367432,0.9909999966621399,19703900.0,19612838.0,101577.8984375
2020-03-09,0.9599999785423279,0.9789999723434448,0.949999988079071,0.953000009059906,14274600.0,13657198.0,101577.8984375
2020-03-10,0.9350000023841858,0.9750000238418579,0.9319999814033508,0.9750000238418579,10995500.0,10510670.0,101577.8984375
2020-03-11,0.9580000042915344,0.9580000042915344,0.9409999847412109,0.9480000138282776,12455200.0,11844205.0,101577.8984375
2020-03-12,0.9319999814033508,0.9319999814033508,0.9010000228881836,0.9070000052452087,23927696.0,21740826.0,101577.8984375
2020-03-13,0.8320000171661377,0.8949999809265137,0.8199999928474426,0.8740000128746033,49993300.0,42547344.0,101577.8984375
2020-03-16,0.8399999737739563,0.8460000157356262,0.8199999928474426,0.8199999928474426,40870800.0,34011340.0,101577.8984375
2020-03-17,0.7950000166893005,0.8159999847412109,0.7799999713897705,0.8059999942779541,104378800.0,83238400.0,101577.8984375
2020-03-18,0.7670000195503235,0.7919999957084656,0.7649999856948853,0.7670000195503235,149759104.0,116179472.0,101577.8984375
2020-03-19,0.7549999952316284,0.7549999952316284,0.7149999737739563,0.7329999804496765,219946592.0,161172880.0,101577.8984375
2020-03-20,0.7300000190734863,0.7549999952316284,0.7210000157356262,0.7509999871253967,266256608.0,195877216.0,101577.8984375
2020-03-23,0.7089999914169312,0.7200000286102295,0.703000009059906,0.7099999785423279,218662400.0,155430784.0,101577.8984375
2020-03-24,0.7350000143051147,0.746999979019165,0.7300000190734863,0.7400000095367432,242140816.0,178624656.0,101577.8984375
2020-03-25,0.777999997138977,0.8059999942779541,0.7720000147819519,0.8029999732971191,282590720.0,221543280.0,101577.8984375
2020-03-26,0.7900000214576721,0.7979999780654907,0.781000018119812,0.7879999876022339,228548704.0,181052880.0,101577.8984375
2020-03-27,0.8100000023841858,0.8119999766349792,0.8019999861717224,0.8050000071525574,215966400.0,174468416.0,101577.8984375
2020-03-30,0.7829999923706055,0.8100000023841858,0.7789999842643738,0.8059999942779541,204810800.0,162489888.0,101577.8984375
2020-03-31,0.8230000138282776,0.8259999752044678,0.8109999895095825,0.8190000057220459,136062496.0,111400216.0,101577.8984375
2020-04-01,0.8090000152587891,0.8190000057220459,0.8029999732971191,0.8059999942779541,108804032.0,88329088.0,101577.8984375
2020-04-02,0.7950000166893005,0.8130000233650208,0.7919999957084656,0.8119999766349792,121514400.0,97672408.0,101577.8984375
2020-04-03,0.8059999942779541,0.8090000152587891,0.7900000214576721,0.7950000166893005,84563728.0,67600056.0,101577.8984375
2020-04-07,0.8330000042915344,0.8560000061988831,0.828000009059906,0.8550000190734863,125994904.0,105634392.0,101577.8984375
2020-04-08,0.8479999899864197,0.8539999723434448,0.8399999737739563,0.8450000286102295,145907024.0,123338608.0,101577.8984375
2020-04-09,0.8560000061988831,0.8600000143051147,0.8500000238418579,0.859000027179718,81464168.0,69590120.0,101577.8984375
2020-04-10,0.8650000095367432,0.8690000176429749,0.859000027179718,0.8619999885559082,46023100.0,39781976.0,101577.8984375
2020-04-13,0.8569999933242798,0.8619999885559082,0.8529999852180481,0.8529999852180481,24141000.0,20684320.0,101577.8984375
2020-04-14,0.8700000047683716,0.8849999904632568,0.8679999709129333,0.8830000162124634,102977504.0,90569480.0,101577.8984375
2020-04-15,0.8840000033378601,0.8840000033378601,0.878000020980835,0.8790000081062317,46328264.0,40831304.0,101577.8984375
2020-04-16,0.8539999723434448,0.8640000224113464,0.8479999899864197,0.8629999756813049,124458640.0,106497616.0,101577.8984375
2020-04-17,0.8759999871253967,0.8809999823570251,0.8690000176429749,0.8730000257492065,119113696.0,104134616.0,101577.8984375
2020-04-20,0.8759999871253967,0.8830000162124634,0.8740000128746033,0.8759999871253967,52040500.0,45674820.0,101577.8984375
2020-04-21,0.875,0.8759999871253967,0.8529999852180481,0.8600000143051147,108140600.0,93126048.0,101577.8984375
2020-04-22,0.8450000286102295,0.8550000190734863,0.8399999737739563,0.8519999980926514,85898704.0,72714976.0,101577.8984375
2020-04-23,0.8569999933242798,0.859000027179718,0.8519999980926514,0.8569999933242798,57259500.0,48997676.0,101577.8984375
2020-04-24,0.847000002861023,0.8479999899864197,0.8429999947547913,0.8460000157356262,64383000.0,54429212.0,101577.8984375
2020-04-27,0.8539999723434448,0.8650000095367432,0.8529999852180481,0.8579999804496765,82866704.0,71131952.0,101577.8984375
2020-04-28,0.8679999709129333,0.8709999918937683,0.8610000014305115,0.8690000176429749,69319000.0,60121464.0,101577.8984375
2020-04-29,0.8809999823570251,0.8870000243186951,0.8809999823570251,0.8859999775886536,62915984.0,55625156.0,101577.8984375
2020-04-30,0.9070000052452087,0.9200000166893005,0.906000018119812,0.9160000085830688,76188144.0,69493488.0,101577.8984375
2020-05-06,0.8799999952316284,0.8939999938011169,0.8759999871253967,0.8939999938011169,167927904.0,148386000.0,101577.8984375
2020-05-07,0.8849999904632568,0.8870000243186951,0.8769999742507935,0.8799999952316284,69603200.0,61324648.0,101577.8984375
2020-05-08,0.8889999985694885,0.8930000066757202,0.8880000114440918,0.8920000195503235,65814000.0,58606560.0,101577.8984375
2020-05-11,0.902999997138977,0.902999997138977,0.8920000195503235,0.8949999809265137,61317500.0,55019700.0,101577.8984375
2020-05-12,0.8849999904632568,0.8870000243186951,0.8759999871253967,0.8809999823570251,84790736.0,74688096.0,101577.8984375
2020-05-13,0.8700000047683716,0.8790000081062317,0.8659999966621399,0.8769999742507935,61627952.0,53849164.0,101577.8984375
2020-05-14,0.8629999756813049,0.8650000095367432,0.8560000061988831,0.8579999804496765,79398752.0,68295408.0,101577.8984375
2020-05-15,0.8579999804496765,0.8619999885559082,0.8539999723434448,0.859000027179718,53477500.0,45906952.0,101577.8984375
2020-05-18,0.8679999709129333,0.875,0.8659999966621399,0.8740000128746033,80921960.0,70406424.0,101577.8984375
2020-05-19,0.9049999713897705,0.9190000295639038,0.9020000100135803,0.9179999828338623,122229200.0,110992400.0,101577.8984375
2020-05-20,0.9089999794960022,0.9120000004768372,0.902999997138977,0.9070000052452087,68184496.0,61945964.0,101577.8984375
2020-05-21,0.9190000295639038,0.9210000038146973,0.9120000004768372,0.9139999747276306,62928200.0,57611032.0,101577.8984375
2020-05-22,0.9110000133514404,0.9120000004768372,0.8930000066757202,0.8939999938011169,40963500.0,36927176.0,101577.8984375
2020-05-25,0.9089999794960022,0.9229999780654907,0.9070000052452087,0.9229999780654907,57331800.0,52441664.0,101577.8984375
2020-05-26,0.9409999847412109,0.9520000219345093,0.9380000233650208,0.949999988079071,52173000.0,49197880.0,101577.8984375
2020-05-27,0.949999988079071,0.9580000042915344,0.9449999928474426,0.9539999961853027,53315100.0,50741224.0,101577.8984375
2020-05-28,0.9779999852180481,0.9829999804496765,0.9729999899864197,0.9739999771118164,62508500.0,61233000.0,101577.8984375
2020-05-29,0.972000002861023,0.9769999980926514,0.9700000286102295,0.9739999771118164,40278500.0,39220712.0,101577.8984375
2020-06-01,0.9769999980926514,0.9929999709129333,0.9769999980926514,0.9900000095367432,37757500.0,37091564.0,101577.8984375
2020-06-02,0.9919999837875366,0.9990000128746033,0.9900000095367432,0.9990000128746033,34460300.0,34259408.0,101577.8984375
2020-06-03,1.0199999809265137,1.0240000486373901,1.0149999856948853,1.0210000276565552,44624600.0,45485788.0,101577.8984375
2020-06-04,1.0479999780654907,1.0509999990463257,1.0420000553131104,1.0449999570846558,92162400.0,96371968.0,101577.8984375
2020-06-05,1.0470000505447388,1.0679999589920044,1.0470000505447388,1.0679999589920044,75808400.0,80173808.0,101577.8984375
2020-06-08,1.0829999446868896,1.093999981880188,1.0779999494552612,1.0829999446868896,85003696.0,92230576.0,101577.8984375
2020-06-09,1.0820000171661377,1.090000033378601,1.0809999704360962,1.0859999656677246,68995104.0,74876064.0,101577.8984375
2020-06-10,1.0759999752044678,1.0800000429153442,1.0709999799728394,1.0740000009536743,64972000.0,69828560.0,101577.8984375
2020-06-11,1.0579999685287476,1.0579999685287476,1.034999966621399,1.0369999408721924,92525296.0,96597216.0,101577.8984375
2020-06-12,0.996999979019165,1.0149999856948853,0.9959999918937683,1.0069999694824219,116712600.0,117494000.0,101577.8984375
2020-06-15,0.9990000128746033,1.0049999952316284,0.9769999980926514,0.9789999723434448,92657824.0,91644784.0,101577.8984375
2020-06-16,1.0240000486373901,1.0369999408721924,1.0199999809265137,1.0299999713897705,98768928.0,101679736.0,101577.8984375
2020-06-17,1.0369999408721924,1.0410000085830688,1.0290000438690186,1.0379999876022339,64324000.0,66575048.0,101577.8984375
2020-06-18,1.0260000228881836,1.0399999618530273,1.0240000486373901,1.0369999408721924,58610100.0,60367180.0,101577.8984375
2020-06-19,1.031000018119812,1.0390000343322754,1.0290000438690186,1.0379999876022339,58591400.0,60526600.0,101577.8984375
2020-06-22,1.0290000438690186,1.031000018119812,1.0210000276565552,1.0240000486373901,50418012.0,51763200.0,101577.8984375
2020-06-23,1.0230000019073486,1.034999966621399,1.0190000534057617,1.0299999713897705,48801224.0,50240996.0,101577.8984375
2020-06-24,1.0470000505447388,1.0470000505447388,1.0390000343322754,1.0449999570846558,48613712.0,50749300.0,101577.8984375
2020-06-29,1.0169999599456787,1.0190000534057617,1.0049999952316284,1.0130000114440918,69344016.0,70176112.0,101577.8984375
2020-06-30,1.0269999504089355,1.0290000438690186,1.0190000534057617,1.0219999551773071,38573424.0,39534176.0,101577.8984375
2020-07-01,1.027999997138977,1.031000018119812,1.0240000486373901,1.027999997138977,36061800.0,37070540.0,101577.8984375
2020-07-02,1.024999976158142,1.0379999876022339,1.0240000486373901,1.0369999408721924,41819300.0,43126944.0,101577.8984375
2020-07-03,1.0529999732971191,1.055999994277954,1.0470000505447388,1.0529999732971191,46381700.0,48711104.0,101577.8984375
2020-07-06,1.055999994277954,1.0679999589920044,1.0520000457763672,1.0670000314712524,74989296.0,79569504.0,101577.8984375
2020-07-07,1.065000057220459,1.065000057220459,1.0499999523162842,1.0529999732971191,59199544.0,62443424.0,101577.8984375
2020-07-08,1.0479999780654907,1.0479999780654907,1.0369999408721924,1.0440000295639038,48625700.0,50710292.0,101577.8984375
2020-07-09,1.0460000038146973,1.0509999990463257,1.0460000038146973,1.0479999780654907,33474800.0,35073932.0,101577.8984375
2020-07-10,1.0429999828338623,1.0440000295639038,1.031000018119812,1.034000039100647,26501100.0,27502892.0,101577.8984375
2020-07-13,1.0520000457763672,1.062000036239624,1.0499999523162842,1.0609999895095825,33811200.0,35686824.0,101577.8984375
2020-07-14,1.0470000505447388,1.0520000457763672,1.0360000133514404,1.0509999990463257,24192500.0,25361640.0,101577.8984375
2020-07-15,1.069000005722046,1.0720000267028809,1.065000057220459,1.069000005722046,52088984.0,55691264.0,101577.8984375
2020-07-16,1.0740000009536743,1.0809999704360962,1.0709999799728394,1.0720000267028809,34589424.0,37213080.0,101577.8984375
2020-07-17,1.0759999752044678,1.0850000381469727,1.0759999752044678,1.0820000171661377,28986546.0,31340892.0,101577.8984375
2020-07-20,1.0809999704360962,1.0870000123977661,1.0750000476837158,1.0850000381469727,23141984.0,25013822.0,101577.8984375
2020-07-21,1.0980000495910645,1.1100000143051147,1.093000054359436,1.1100000143051147,41440912.0,45757200.0,101577.8984375
2020-07-22,1.1089999675750732,1.1130000352859497,1.1050000190734863,1.1080000400543213,45071200.0,49953284.0,101577.8984375
2020-07-23,1.1130000352859497,1.121000051498413,1.1089999675750732,1.121000051498413,68810920.0,76739408.0,101577.8984375
2020-07-24,1.1089999675750732,1.1130000352859497,1.0390000343322754,1.097000002861023,70335104.0,77550432.0,101577.8984375
2020-07-27,1.0980000495910645,1.1050000190734863,1.0980000495910645,1.100000023841858,55046600.0,60595028.0,101577.8984375
2020-07-28,1.1100000143051147,1.1150000095367432,1.1059999465942383,1.1069999933242798,46280000.0,51411056.0,101577.8984375
2020-07-29,1.1019999980926514,1.1059999465942383,1.097000002861023,1.1059999465942383,46778600.0,51476540.0,101577.8984375
2020-07-30,1.1069999933242798,1.1119999885559082,1.1050000190734863,1.1050000190734863,17062300.0,18928276.0,101577.8984375
2020-07-31,1.0820000171661377,1.100000023841858,1.0789999961853027,1.090999960899353,53546900.0,58320584.0,101577.8984375
2020-08-03,1.0870000123977661,1.093000054359436,1.0839999914169312,1.0889999866485596,24547200.0,26703538.0,101577.8984375
2020-08-04,1.1050000190734863,1.1080000400543213,1.100000023841858,1.1039999723434448,49024100.0,54072156.0,101577.8984375
2020-08-05,1.097000002861023,1.100000023841858,1.0950000286102295,1.100000023841858,7329000.0,8036173.0,101577.8984375
2020-08-06,1.100000023841858,1.1009999513626099,1.093000054359436,1.0980000495910645,9204200.0,10094452.0,101577.8984375
2020-08-07,1.093999981880188,1.097000002861023,1.0870000123977661,1.093999981880188,8791812.0,9608448.0,101577.8984375
2020-08-10,1.0980000495910645,1.1030000448226929,1.097000002861023,1.1009999513626099,14874595.0,16371895.0,101577.8984375
2020-08-11,1.1039999723434448,1.1039999723434448,1.100000023841858,1.1019999980926514,9165537.0,10096712.0,101577.8984375
2020-08-12,1.1119999885559082,1.1130000352859497,1.1050000190734863,1.1119999885559082,15951298.0,17685280.0,101577.8984375
2020-08-13,1.1200000047683716,1.125,1.1169999837875366,1.121999979019165,27077900.0,30346380.0,101577.8984375
2020-08-14,1.11899995803833,1.121000051498413,1.1160000562667847,1.11899995803833,10105500.0,11309009.0,101577.8984375
2020-08-17,1.1139999628067017,1.1150000095367432,1.1109999418258667,1.1130000352859497,16385324.0,18238720.0,101577.8984375
2020-08-18,1.1150000095367432,1.1169999837875366,1.1130000352859497,1.1139999628067017,15820124.0,17639044.0,101577.8984375
2020-08-19,1.1139999628067017,1.1160000562667847,1.1130000352859497,1.1139999628067017,13595700.0,15155580.0,101577.8984375
2020-08-20,1.1130000352859497,1.1130000352859497,1.1039999723434448,1.1119999885559082,27608004.0,30616064.0,101577.8984375
2020-08-21,1.1130000352859497,1.1139999628067017,1.1089999675750732,1.1139999628067017,8694461.0,9665459.0,101577.8984375
2020-08-24,1.1089999675750732,1.1150000095367432,1.1080000400543213,1.1139999628067017,5476534.0,6082519.0,101577.8984375
2020-08-25,1.1299999952316284,1.1369999647140503,1.1260000467300415,1.1360000371932983,26767424.0,30266472.0,101577.8984375
2020-08-26,1.128000020980835,1.1299999952316284,1.121999979019165,1.1230000257492065,8817875.0,9927339.0,101577.8984375
2020-08-27,1.13100004196167,1.1419999599456787,1.1299999952316284,1.1349999904632568,10412733.0,11807029.0,101577.8984375
2020-08-28,1.1299999952316284,1.1330000162124634,1.1269999742507935,1.1319999694824219,11187270.0,12645588.0,101577.8984375
2020-08-31,1.1330000162124634,1.1330000162124634,1.1269999742507935,1.128000020980835,7706900.0,8710102.0,101577.8984375
2020-09-01,1.121000051498413,1.1230000257492065,1.1180000305175781,1.121999979019165,9971725.0,11173940.0,101577.8984375
2020-09-02,1.121999979019165,1.1239999532699585,1.1160000562667847,1.1239999532699585,13118359.0,14683655.0,101577.8984375
2020-09-03,1.1380000114440918,1.156000018119812,1.1360000371932983,1.1460000276565552,28171400.0,32241050.0,101577.8984375
2020-09-04,1.1180000305175781,1.1200000047683716,1.100000023841858,1.1160000562667847,17012200.0,18951728.0,101577.8984375
2020-09-07,1.1080000400543213,1.1130000352859497,1.100000023841858,1.1030000448226929,7720477.0,8551814.0,101577.8984375
2020-09-08,1.1200000047683716,1.121000051498413,1.1160000562667847,1.121000051498413,19305800.0,21582286.0,101577.8984375
2020-09-09,1.1059999465942383,1.1080000400543213,1.097000002861023,1.0980000495910645,18556068.0,20465460.0,101577.8984375
2020-09-10,1.121999979019165,1.1319999694824219,1.1200000047683716,1.13100004196167,27330692.0,30748288.0,101577.8984375
2020-09-11,1.128000020980835,1.128000020980835,1.121000051498413,1.1239999532699585,11969147.0,13449249.0,101577.8984375
2020-09-14,1.1239999532699585,1.1349999904632568,1.1239999532699585,1.1349999904632568,10629253.0,12015988.0,101577.8984375
2020-09-15,1.128000020980835,1.128000020980835,1.1200000047683716,1.1260000467300415,13677046.0,15378564.0,101577.8984375
2020-09-16,1.1239999532699585,1.1260000467300415,1.1200000047683716,1.121000051498413,14093577.0,15820125.0,101577.8984375
2020-09-17,1.1200000047683716,1.121000051498413,1.1050000190734863,1.1069999933242798,13354794.0,14820094.0,101577.8984375
2020-09-18,1.1109999418258667,1.1160000562667847,1.1080000400543213,1.1150000095367432,6394700.0,7107284.0,101577.8984375
2020-09-21,1.1089999675750732,1.1109999418258667,1.100000023841858,1.1019999980926514,7133400.0,7884176.0,101577.8984375
2020-09-22,1.069000005722046,1.0759999752044678,1.059000015258789,1.0750000476837158,23254968.0,24819548.0,101577.8984375
2020-09-23,1.0700000524520874,1.0750000476837158,1.065000057220459,1.0740000009536743,7292323.0,7801299.0,101577.8984375
2020-09-24,1.065000057220459,1.065999984741211,1.0499999523162842,1.0520000457763672,10210100.0,10773229.0,101577.8984375
2020-09-25,1.0609999895095825,1.062000036239624,1.0520000457763672,1.0549999475479126,9501700.0,10055249.0,101577.8984375
2020-09-28,1.0529999732971191,1.062999963760376,1.0490000247955322,1.0609999895095825,10360546.0,10929410.0,101577.8984375
2020-09-29,1.0779999494552612,1.0779999494552612,1.0670000314712524,1.0679999589920044,10741400.0,11537440.0,101577.8984375
2020-09-30,1.0740000009536743,1.0809999704360962,1.065000057220459,1.0700000524520874,10146600.0,10895003.0,101577.8984375
2020-10-09,1.090000033378601,1.090999960899353,1.0850000381469727,1.0859999656677246,8936300.0,9719519.0,101577.8984375
2020-10-12,1.0880000591278076,1.0959999561309814,1.0870000123977661,1.0950000286102295,10207900.0,11150073.0,101577.8984375
2020-10-13,1.0989999771118164,1.0989999771118164,1.093999981880188,1.0959999561309814,5667300.0,6212331.0,101577.8984375
2020-10-14,1.0880000591278076,1.0880000591278076,1.0809999704360962,1.0850000381469727,8777225.0,9512215.0,101577.8984375
2020-10-15,1.0800000429153442,1.0800000429153442,1.0709999799728394,1.0720000267028809,9050100.0,9726994.0,101577.8984375
2020-10-16,1.065000057220459,1.065999984741211,1.059000015258789,1.062999963760376,17494100.0,18572264.0,101577.8984375
2020-10-19,1.069000005722046,1.0700000524520874,1.062999963760376,1.0679999589920044,15471500.0,16498805.0,101577.8984375
2020-10-20,1.062999963760376,1.062999963760376,1.0549999475479126,1.0609999895095825,6463100.0,6834420.0,101577.8984375
2020-10-21,1.0579999685287476,1.059000015258789,1.0549999475479126,1.0579999685287476,9269600.0,9794111.0,101577.8984375
2020-10-22,1.0470000505447388,1.0470000505447388,1.0420000553131104,1.0440000295639038,7420726.0,7743663.0,101577.8984375
2020-10-23,1.0429999828338623,1.0460000038146973,1.0420000553131104,1.0440000295639038,4376400.0,4570260.0,101577.8984375
2020-10-26,1.0460000038146973,1.0470000505447388,1.0399999618530273,1.0410000085830688,3302700.0,3443162.0,101577.8984375
2020-10-27,1.0219999551773071,1.031000018119812,1.0199999809265137,1.0299999713897705,9547200.0,9782971.0,101577.8984375
2020-10-28,1.0210000276565552,1.0230000019073486,1.0140000581741333,1.0219999551773071,8097400.0,8250658.0,101577.8984375
2020-10-29,0.9980000257492065,1.0130000114440918,0.9959999918937683,1.0110000371932983,14464149.0,14483002.0,101577.8984375
2020-10-30,1.0089999437332153,1.0099999904632568,0.9909999966621399,0.9919999837875366,13283020.0,13256729.0,101577.8984375
2020-11-02,0.9819999933242798,0.9850000143051147,0.9729999899864197,0.9739999771118164,18799600.0,18362064.0,101577.8984375
2020-11-03,0.9779999852180481,0.9909999966621399,0.9769999980926514,0.9900000095367432,19484664.0,19144764.0,101577.8984375
2020-11-04,1.0010000467300415,1.0080000162124634,0.9959999918937683,0.9990000128746033,21701572.0,21749558.0,101577.8984375
2020-11-05,1.0130000114440918,1.0169999599456787,1.0080000162124634,1.0119999647140503,22172710.0,22436284.0,101577.8984375
2020-11-06,1.0240000486373901,1.0240000486373901,1.0180000066757202,1.0199999809265137,18400362.0,18782832.0,101577.8984375
2020-11-09,1.031999945640564,1.0399999618530273,1.027999997138977,1.0379999876022339,20531188.0,21228876.0,101577.8984375
2020-11-10,1.0609999895095825,1.0679999589920044,1.0499999523162842,1.055999994277954,39524072.0,41799100.0,101577.8984375
2020-11-11,1.059000015258789,1.0679999589920044,1.0579999685287476,1.0670000314712524,25189300.0,26772266.0,101577.8984375
2020-11-12,1.0679999589920044,1.0700000524520874,1.062999963760376,1.065999984741211,11211100.0,11958135.0,101577.8984375
2020-11-13,1.059000015258789,1.059000015258789,1.0499999523162842,1.0579999685287476,8916586.0,9399001.0,101577.8984375
2020-11-16,1.0700000524520874,1.0750000476837158,1.0670000314712524,1.0750000476837158,9671458.0,10361909.0,101577.8984375
2020-11-17,1.0720000267028809,1.0720000267028809,1.062999963760376,1.0679999589920044,8222200.0,8778857.0,101577.8984375
2020-11-18,1.062999963760376,1.0679999589920044,1.0609999895095825,1.062000036239624,10580024.0,11272694.0,101577.8984375
2020-11-19,1.0609999895095825,1.0679999589920044,1.059999942779541,1.065999984741211,6011000.0,6394601.0,101577.8984375
2020-11-20,1.0609999895095825,1.0759999752044678,1.0609999895095825,1.0640000104904175,4831362.0,5138300.0,101577.8984375
2020-11-23,1.069000005722046,1.0740000009536743,1.069000005722046,1.0729999542236328,14343720.0,15355463.0,101577.8984375
2020-11-24,1.0740000009536743,1.0789999961853027,1.0740000009536743,1.0789999961853027,8220510.0,8849061.0,101577.8984375
2020-11-25,1.0870000123977661,1.0880000591278076,1.0779999494552612,1.0809999704360962,11684496.0,12669675.0,101577.8984375
2020-11-26,1.0820000171661377,1.0870000123977661,1.0820000171661377,1.0870000123977661,4755939.0,5157982.0,101577.8984375
2020-11-27,1.0859999656677246,1.0989999771118164,1.0809999704360962,1.097000002861023,7827135.0,8523247.0,101577.8984375
2020-11-30,1.0920000076293945,1.093999981880188,1.0889999866485596,1.090999960899353,8213800.0,8968804.0,101577.8984375
2020-12-01,1.093999981880188,1.1019999980926514,1.093999981880188,1.1009999513626099,5142652.0,5653058.0,101577.8984375
2020-12-02,1.100000023841858,1.1019999980926514,1.0920000076293945,1.0989999771118164,5492263.0,6037607.0,101577.8984375
2020-12-03,1.0989999771118164,1.1019999980926514,1.0950000286102295,1.0989999771118164,3505400.0,3853880.0,101577.8984375
2020-12-04,1.097000002861023,1.1019999980926514,1.0959999561309814,1.1009999513626099,5499800.0,6044703.0,101577.8984375
2020-12-07,1.1030000448226929,1.1059999465942383,1.090999960899353,1.093999981880188,5431035.0,5961489.0,101577.8984375
2020-12-08,1.093000054359436,1.100000023841858,1.090000033378601,1.0989999771118164,5559070.0,6086716.0,101577.8984375
2020-12-09,1.100000023841858,1.1080000400543213,1.100000023841858,1.1039999723434448,5210407.0,5749655.0,101577.8984375
2020-12-10,1.100000023841858,1.1030000448226929,1.0980000495910645,1.100000023841858,3379600.0,3719069.0,101577.8984375
2020-12-11,1.100000023841858,1.1039999723434448,1.093999981880188,1.1019999980926514,5033800.0,5542882.0,101577.8984375
2020-12-14,1.0980000495910645,1.0980000495910645,1.0820000171661377,1.090000033378601,5133199.0,5602913.0,101577.8984375
2020-12-15,1.0920000076293945,1.0989999771118164,1.090000033378601,1.0980000495910645,8245698.0,9027635.0,101577.8984375
2020-12-16,1.1039999723434448,1.1169999837875366,1.1039999723434448,1.1169999837875366,6289200.0,6993066.0,101577.8984375
2020-12-17,1.1260000467300415,1.1369999647140503,1.1180000305175781,1.1360000371932983,8260118.0,9348730.0,101577.8984375
2020-12-18,1.1349999904632568,1.1430000066757202,1.1330000162124634,1.1430000066757202,8700500.0,9918098.0,101577.8984375
2020-12-21,1.1399999856948853,1.1399999856948853,1.1200000047683716,1.121999979019165,9693548.0,10907634.0,101577.8984375
2020-12-22,1.125,1.1299999952316284,1.0989999771118164,1.1050000190734863,19443600.0,21632450.0,101577.8984375
2020-12-23,1.1160000562667847,1.11899995803833,1.1100000143051147,1.1160000562667847,2878600.0,3211516.0,101577.8984375
2020-12-24,1.1260000467300415,1.128999948501587,1.1260000467300415,1.128999948501587,3690448.0,4160366.0,101577.8984375
2020-12-25,1.1299999952316284,1.1369999647140503,1.128000020980835,1.1299999952316284,7693648.0,8706689.0,101577.8984375
2020-12-28,1.13100004196167,1.1399999856948853,1.1269999742507935,1.1380000114440918,5849000.0,6645861.0,101577.8984375
2020-12-29,1.1430000066757202,1.1629999876022339,1.1430000066757202,1.1619999408721924,10662100.0,12330824.0,101577.8984375
2020-12-30,1.159000039100647,1.159000039100647,1.1490000486373901,1.152999997138977,8912800.0,10283911.0,101577.8984375
2020-12-31,1.1519999504089355,1.1519999504089355,1.1419999599456787,1.1469999551773071,7451075.0,8539778.0,101577.8984375
2021-01-04,1.1480000019073486,1.1480000019073486,1.1390000581741333,1.1410000324249268,6235900.0,7121796.0,101577.8984375
2021-01-05,1.1380000114440918,1.1410000324249268,1.1339999437332153,1.1380000114440918,5539000.0,6297536.0,101577.8984375
2021-01-06,1.1369999647140503,1.1390000581741333,1.128999948501587,1.1369999647140503,7131700.0,8082776.0,101577.8984375
2021-01-07,1.1449999809265137,1.1640000343322754,1.1449999809265137,1.1640000343322754,10752475.0,12444462.0,101577.8984375
2021-01-08,1.1649999618530273,1.1720000505447388,1.1640000343322754,1.1710000038146973,5803500.0,6773609.0,101577.8984375
2021-01-11,1.1710000038146973,1.1710000038146973,1.156999945640564,1.159999966621399,6255700.0,7268660.0,101577.8984375
2021-01-12,1.159000039100647,1.159000039100647,1.1469999551773071,1.152999997138977,6766200.0,7786672.0,101577.8984375
2021-01-13,1.1469999551773071,1.1519999504089355,1.1469999551773071,1.149999976158142,4766586.0,5481584.0,101577.8984375
2021-01-14,1.1510000228881836,1.1519999504089355,1.1469999551773071,1.1519999504089355,4912700.0,5644780.0,101577.8984375
2021-01-15,1.1480000019073486,1.1510000228881836,1.1390000581741333,1.1410000324249268,14676586.0,16812524.0,101577.8984375
2021-01-18,1.1269999742507935,1.1360000371932983,1.1230000257492065,1.128999948501587,8876300.0,10009627.0,101577.8984375
2021-01-19,1.1360000371932983,1.1540000438690186,1.1319999694824219,1.1430000066757202,17700300.0,20193874.0,101577.8984375
2021-01-20,1.1380000114440918,1.1430000066757202,1.1349999904632568,1.1380000114440918,5897500.0,6713092.0,101577.8984375
2021-01-21,1.1440000534057617,1.1480000019073486,1.1430000066757202,1.1480000019073486,5484000.0,6285571.0,101577.8984375
2021-01-22,1.1419999599456787,1.1430000066757202,1.1360000371932983,1.1369999647140503,5093486.0,5800428.0,101577.8984375
2021-01-25,1.1360000371932983,1.1449999809265137,1.1360000371932983,1.1440000534057617,7380586.0,8415266.0,101577.8984375
2021-01-26,1.1299999952316284,1.1319999694824219,1.11899995803833,1.121000051498413,10002686.0,11246935.0,101577.8984375
2021-01-27,1.1349999904632568,1.1390000581741333,1.1349999904632568,1.1380000114440918,7388400.0,8397914.0,101577.8984375
2021-01-28,1.1180000305175781,1.11899995803833,1.1039999723434448,1.1080000400543213,16143700.0,17921588.0,101577.8984375
2021-01-29,1.1100000143051147,1.1150000095367432,1.1019999980926514,1.1059999465942383,7189800.0,7958707.0,101577.8984375
2021-02-01,1.1039999723434448,1.1130000352859497,1.093999981880188,1.1119999885559082,6886200.0,7610756.0,101577.8984375
2021-02-02,1.1169999837875366,1.121000051498413,1.1139999628067017,1.121000051498413,4655500.0,5209179.0,101577.8984375
2021-02-03,1.128999948501587,1.1319999694824219,1.1239999532699585,1.13100004196167,6790600.0,7660443.0,101577.8984375
2021-02-04,1.1230000257492065,1.1299999952316284,1.1230000257492065,1.128000020980835,4621300.0,5205478.0,101577.8984375
2021-02-05,1.1349999904632568,1.1390000581741333,1.1330000162124634,1.1360000371932983,5990500.0,6804975.0,101577.8984375
2021-02-08,1.1410000324249268,1.1430000066757202,1.1380000114440918,1.1419999599456787,9149300.0,10433660.0,101577.8984375
2021-02-09,1.1390000581741333,1.1410000324249268,1.1349999904632568,1.1399999856948853,4568500.0,5198779.0,101577.8984375
2021-02-10,1.1410000324249268,1.1469999551773071,1.1360000371932983,1.1460000276565552,7757700.0,8860949.0,101577.8984375
2021-02-18,1.1449999809265137,1.1449999809265137,1.128999948501587,1.13100004196167,9628900.0,10902730.0,101577.8984375
2021-02-19,1.13100004196167,1.13100004196167,1.1239999532699585,1.1299999952316284,8256300.0,9311067.0,101577.8984375
2021-02-22,1.1349999904632568,1.1390000581741333,1.1299999952316284,1.13100004196167,4759800.0,5402688.0,101577.8984375
2021-02-23,1.13100004196167,1.1399999856948853,1.1299999952316284,1.1399999856948853,5368000.0,6096983.0,101577.8984375
2021-02-24,1.1349999904632568,1.1380000114440918,1.1260000467300415,1.1299999952316284,4770300.0,5400016.0,101577.8984375
2021-02-25,1.1399999856948853,1.1519999504089355,1.1380000114440918,1.149999976158142,11248999.0,12896140.0,101577.8984375
2021-02-26,1.1349999904632568,1.1349999904632568,1.121000051498413,1.121999979019165,5057500.0,5696600.0,101577.8984375
2021-03-01,1.128999948501587,1.1339999437332153,1.128999948501587,1.1319999694824219,4514900.0,5107617.0,101577.8984375
2021-03-02,1.1390000581741333,1.1410000324249268,1.1299999952316284,1.1349999904632568,3706500.0,4209892.0,101577.8984375
2021-03-03,1.1349999904632568,1.1449999809265137,1.1349999904632568,1.1440000534057617,3483500.0,3974170.0,101577.8984375
2021-03-04,1.1349999904632568,1.1369999647140503,1.1299999952316284,1.1339999437332153,5206700.0,5901255.0,101577.8984375
2021-03-05,1.125,1.1299999952316284,1.1180000305175781,1.128999948501587,3951000.0,4442223.0,101577.8984375
2021-03-08,1.1299999952316284,1.1449999809265137,1.1269999742507935,1.128000020980835,5666400.0,6412070.0,101577.8984375
2021-03-09,1.1519999504089355,1.1779999732971191,1.1519999504089355,1.1749999523162842,13696800.0,15895641.0,101577.8984375
2021-03-10,1.187999963760376,1.187999963760376,1.156000018119812,1.1779999732971191,6093500.0,7167911.0,101577.8984375
2021-03-11,1.1829999685287476,1.2089999914169312,1.1829999685287476,1.2079999446868896,9115200.0,10909072.0,101577.8984375
2021-03-12,1.2000000476837158,1.2070000171661377,1.1749999523162842,1.1779999732971191,12712200.0,15011077.0,101577.8984375
2021-03-15,1.1720000505447388,1.190000057220459,1.1660000085830688,1.1699999570846558,7282200.0,8534490.0,101577.8984375
2021-03-16,1.1710000038146973,1.1720000505447388,1.1640000343322754,1.1670000553131104,4932500.0,5753270.0,101577.8984375
2021-03-17,1.1699999570846558,1.1729999780654907,1.1670000553131104,1.1699999570846558,12166300.0,14231394.0,101577.8984375
2021-03-18,1.1799999475479126,1.1959999799728394,1.1799999475479126,1.1920000314712524,13101399.0,15572860.0,101577.8984375
2021-03-19,1.1929999589920044,1.1929999589920044,1.1779999732971191,1.1859999895095825,5873600.0,6960941.0,101577.8984375
2021-03-22,1.1790000200271606,1.1799999475479126,1.1710000038146973,1.1779999732971191,6153500.0,7237708.0,101577.8984375
2021-03-23,1.184000015258789,1.184000015258789,1.1759999990463257,1.1779999732971191,4443500.0,5241552.0,101577.8984375
2021-03-24,1.1729999780654907,1.1779999732971191,1.1699999570846558,1.1740000247955322,4554153.0,5334703.0,101577.8984375
2021-03-25,1.1729999780654907,1.1729999780654907,1.1629999876022339,1.1679999828338623,2161740.0,2521891.0,101577.8984375
2021-03-26,1.1710000038146973,1.187000036239624,1.1710000038146973,1.1799999475479126,4948652.0,5828134.0,101577.8984375
2021-03-29,1.1779999732971191,1.190000057220459,1.1779999732971191,1.184999942779541,4192200.0,4949501.0,101577.8984375
2021-03-30,1.187999963760376,1.1959999799728394,1.1820000410079956,1.1920000314712524,3004000.0,3581530.0,101577.8984375
2021-03-31,1.2089999914169312,1.2089999914169312,1.1979999542236328,1.2020000219345093,5107500.0,6134626.0,101577.8984375
2021-04-01,1.2009999752044678,1.2089999914169312,1.1979999542236328,1.2079999446868896,3585300.0,4316488.0,101577.8984375
2021-04-02,1.2130000591278076,1.218999981880188,1.2130000591278076,1.215000033378601,3064353.0,3725015.0,101577.8984375
2021-04-06,1.2230000495910645,1.2319999933242798,1.2209999561309814,1.2300000190734863,5403000.0,6638075.0,101577.8984375
2021-04-07,1.2309999465942383,1.2350000143051147,1.2209999561309814,1.2280000448226929,5076000.0,6223660.0,101577.8984375
2021-04-08,1.2280000448226929,1.2359999418258667,1.2259999513626099,1.2350000143051147,2734500.0,3366797.0,101577.8984375
2021-04-09,1.2350000143051147,1.2389999628067017,1.2319999933242798,1.2350000143051147,2235200.0,2758194.0,101577.8984375
2021-04-12,1.2319999933242798,1.2599999904632568,1.2319999933242798,1.2599999904632568,3759252.0,4691145.0,101577.8984375
2021-04-13,1.2519999742507935,1.2519999742507935,1.2339999675750732,1.2369999885559082,10270800.0,12714825.0,101577.8984375
2021-04-14,1.2369999885559082,1.24399995803833,1.2369999885559082,1.2419999837875366,2781400.0,3449793.0,101577.8984375
2021-04-15,1.2380000352859497,1.2410000562667847,1.2309999465942383,1.2380000352859497,4439700.0,5486014.0,101577.8984375
2021-04-16,1.2410000562667847,1.2450000047683716,1.2410000562667847,1.2419999837875366,4132800.0,5134904.0,101577.8984375
2021-04-19,1.25600004196167,1.2589999437332153,1.2519999742507935,1.2549999952316284,4514500.0,5666016.0,101577.8984375
2021-04-20,1.2519999742507935,1.2519999742507935,1.2430000305175781,1.246000051498413,3060500.0,3819288.0,101577.8984375
2021-04-21,1.225000023841858,1.2359999418258667,1.225000023841858,1.2330000400543213,5704100.0,7008296.0,101577.8984375
2021-04-22,1.2339999675750732,1.2480000257492065,1.2339999675750732,1.2400000095367432,5055910.0,6260750.0,101577.8984375
2021-04-23,1.2400000095367432,1.2410000562667847,1.2319999933242798,1.2359999418258667,2308700.0,2856639.0,101577.8984375
2021-04-26,1.2380000352859497,1.2480000257492065,1.2350000143051147,1.246999979019165,4078010.0,5071015.0,101577.8984375
2021-04-27,1.2480000257492065,1.2569999694824219,1.2450000047683716,1.25600004196167,1895700.0,2368968.0,101577.8984375
2021-04-28,1.2549999952316284,1.2549999952316284,1.2419999837875366,1.24399995803833,4276200.0,5321858.0,101577.8984375
2021-04-29,1.24399995803833,1.2489999532699585,1.2430000305175781,1.2450000047683716,9320900.0,11595818.0,101577.8984375
2021-04-30,1.2350000143051147,1.2359999418258667,1.2280000448226929,1.2359999418258667,5336200.0,6570265.0,101577.8984375
2021-05-06,1.2410000562667847,1.2410000562667847,1.2209999561309814,1.2280000448226929,18772440.0,23037272.0,101577.8984375
2021-05-07,1.2300000190734863,1.2339999675750732,1.2269999980926514,1.2300000190734863,2838300.0,3490227.0,101577.8984375
2021-05-10,1.2430000305175781,1.246000051498413,1.2319999933242798,1.2400000095367432,5221400.0,6494961.0,101577.8984375
2021-05-11,1.2319999933242798,1.2339999675750732,1.218999981880188,1.2300000190734863,5751260.0,7054497.0,101577.8984375
2021-05-12,1.2209999561309814,1.2239999771118164,1.2100000381469727,1.2230000495910645,7634740.0,9308953.0,101577.8984375
2021-05-13,1.2120000123977661,1.2289999723434448,1.2120000123977661,1.2120000123977661,3537900.0,4304614.0,101577.8984375
2021-05-14,1.2289999723434448,1.2359999418258667,1.2230000495910645,1.2339999675750732,3410100.0,4181248.0,101577.8984375
2021-05-17,1.2400000095367432,1.246999979019165,1.2400000095367432,1.24399995803833,3480860.0,4327721.0,101577.8984375
2021-05-18,1.246000051498413,1.253999948501587,1.246000051498413,1.2519999742507935,2847395.0,3560901.0,101577.8984375
2021-05-19,1.24399995803833,1.24399995803833,1.2380000352859497,1.2419999837875366,3846700.0,4772605.0,101577.8984375
2021-05-20,1.2389999628067017,1.2389999628067017,1.2309999465942383,1.2350000143051147,3675000.0,4534699.0,101577.8984375
2021-05-21,1.2519999742507935,1.253000020980835,1.246000051498413,1.25,5434500.0,6793328.0,101577.8984375
2021-05-24,1.2649999856948853,1.2649999856948853,1.2489999532699585,1.253000020980835,3319700.0,4161522.0,101577.8984375
2021-05-25,1.2640000581741333,1.2640000581741333,1.2569999694824219,1.2619999647140503,2396300.0,3017848.0,101577.8984375
2021-05-26,1.2580000162124634,1.2599999904632568,1.253000020980835,1.2569999694824219,1584200.0,1992652.0,101577.8984375
2021-05-27,1.2549999952316284,1.2549999952316284,1.2410000562667847,1.24399995803833,8168400.0,10174220.0,101577.8984375
2021-05-28,1.2419999837875366,1.246000051498413,1.2419999837875366,1.2430000305175781,4268600.0,5311352.0,101577.8984375
2021-05-31,1.246000051498413,1.246999979019165,1.2410000562667847,1.2430000305175781,2042300.0,2538492.0,101577.8984375
2021-06-01,1.2410000562667847,1.253000020980835,1.2389999628067017,1.2519999742507935,4329700.0,5382156.0,101577.8984375
2021-06-02,1.2510000467300415,1.2549999952316284,1.25,1.253000020980835,3230000.0,4048275.0,101577.8984375
2021-06-03,1.2549999952316284,1.2599999904632568,1.2549999952316284,1.2589999437332153,1414300.0,1779758.0,101577.8984375
2021-06-04,1.253999948501587,1.2589999437332153,1.2480000257492065,1.2519999742507935,2860300.0,3581682.0,101577.8984375
2021-06-07,1.253000020980835,1.2630000114440918,1.253000020980835,1.2580000162124634,1994500.0,2511512.0,101577.8984375
2021-06-08,1.2589999437332153,1.2640000581741333,1.2580000162124634,1.2599999904632568,1325100.0,1670865.0,101577.8984375
2021-06-09,1.2619999647140503,1.2619999647140503,1.2580000162124634,1.2589999437332153,1062900.0,1339208.0,101577.8984375
2021-06-10,1.2549999952316284,1.2569999694824219,1.2519999742507935,1.253000020980835,1446300.0,1815064.0,101577.8984375
2021-06-11,1.253999948501587,1.2549999952316284,1.2519999742507935,1.253000020980835,815100.0,1022229.0,101577.8984375
2021-06-15,1.25600004196167,1.2680000066757202,1.2549999952316284,1.2630000114440918,7615300.0,9595304.0,101577.8984375
2021-06-16,1.2630000114440918,1.2649999856948853,1.2580000162124634,1.2599999904632568,1949500.0,2457028.0,101577.8984375
2021-06-17,1.2589999437332153,1.2589999437332153,1.2380000352859497,1.246999979019165,2105300.0,2626034.0,101577.8984375
2021-06-18,1.2480000257492065,1.2510000467300415,1.2369999885559082,1.246000051498413,2807700.0,3498976.0,101577.8984375
2021-06-21,1.2339999675750732,1.2339999675750732,1.2120000123977661,1.2209999561309814,6014100.0,7319659.0,101577.8984375
2021-06-22,1.2300000190734863,1.2450000047683716,1.2300000190734863,1.2430000305175781,3752108.0,4638587.0,101577.8984375
2021-06-23,1.2450000047683716,1.2519999742507935,1.2400000095367432,1.2510000467300415,2109600.0,2624353.0,101577.8984375
2021-06-24,1.2369999885559082,1.2450000047683716,1.2369999885559082,1.2419999837875366,2340500.0,2903105.0,101577.8984375
2021-06-25,1.246000051498413,1.2480000257492065,1.2419999837875366,1.2430000305175781,2361082.0,2938677.0,101577.8984375
2021-06-28,1.2419999837875366,1.2430000305175781,1.2380000352859497,1.2389999628067017,2574400.0,3192559.0,101577.8984375
2021-06-29,1.2339999675750732,1.2380000352859497,1.2330000400543213,1.2359999418258667,1471941.0,1817405.0,101577.8984375
2021-06-30,1.2430000305175781,1.2450000047683716,1.2389999628067017,1.2400000095367432,2154100.0,2675590.0,101577.8984375
2021-07-01,1.2309999465942383,1.2369999885559082,1.2309999465942383,1.2359999418258667,2272300.0,2802521.0,101577.8984375
2021-07-02,1.2389999628067017,1.2400000095367432,1.2300000190734863,1.2369999885559082,3127741.0,3865177.0,101577.8984375
2021-07-05,1.2369999885559082,1.2380000352859497,1.2330000400543213,1.2369999885559082,1943000.0,2401094.0,101577.8984375
2021-07-06,1.2380000352859497,1.2430000305175781,1.2350000143051147,1.2410000562667847,3231082.0,4003224.0,101577.8984375
2021-07-07,1.2369999885559082,1.2369999885559082,1.2269999980926514,1.2319999933242798,4094100.0,5033618.0,101577.8984375
2021-07-08,1.2389999628067017,1.2400000095367432,1.2319999933242798,1.2319999933242798,1439000.0,1776658.0,101577.8984375
2021-07-09,1.2209999561309814,1.2300000190734863,1.215999960899353,1.2289999723434448,2525600.0,3088550.0,101577.8984375
2021-07-12,1.2369999885559082,1.2400000095367432,1.2339999675750732,1.2380000352859497,4568706.0,5649116.0,101577.8984375
2021-07-13,1.246000051498413,1.2510000467300415,1.2450000047683716,1.246000051498413,2808700.0,3506032.0,101577.8984375
2021-07-14,1.2430000305175781,1.24399995803833,1.2369999885559082,1.2380000352859497,1911000.0,2370623.0,101577.8984375
2021-07-15,1.2380000352859497,1.24399995803833,1.2380000352859497,1.2400000095367432,4756582.0,5903037.0,101577.8984375
2021-07-16,1.2369999885559082,1.2369999885559082,1.2280000448226929,1.2319999933242798,2033700.0,2502498.0,101577.8984375
2021-07-19,1.2239999771118164,1.2239999771118164,1.218999981880188,1.2209999561309814,2109800.0,2575447.0,101577.8984375
2021-07-20,1.2089999914169312,1.2089999914169312,1.1959999799728394,1.2039999961853027,7793900.0,9368743.0,101577.8984375
2021-07-21,1.2070000171661377,1.2089999914169312,1.1990000009536743,1.2009999752044678,3831641.0,4609710.0,101577.8984375
2021-07-22,1.2089999914169312,1.2200000286102295,1.2089999914169312,1.218999981880188,4091100.0,4968368.0,101577.8984375
2021-07-23,1.2209999561309814,1.2230000495910645,1.218000054359436,1.2230000495910645,3092100.0,3774457.0,101577.8984375
2021-07-26,1.2269999980926514,1.2319999933242798,1.2239999771118164,1.2259999513626099,6272500.0,7695826.0,101577.8984375
2021-07-27,1.2239999771118164,1.2309999465942383,1.2209999561309814,1.2269999980926514,4533400.0,5562175.0,101577.8984375
2021-07-28,1.2269999980926514,1.2369999885559082,1.222000002861023,1.2339999675750732,4671100.0,5745690.0,101577.8984375
2021-07-29,1.2350000143051147,1.2400000095367432,1.2269999980926514,1.2330000400543213,2510000.0,3088817.0,101577.8984375
2021-07-30,1.2339999675750732,1.2359999418258667,1.225000023841858,1.2259999513626099,1669400.0,2051780.0,101577.8984375
2021-08-02,1.2289999723434448,1.2400000095367432,1.2289999723434448,1.2359999418258667,3066900.0,3779743.0,101577.8984375
2021-08-03,1.2350000143051147,1.2350000143051147,1.2289999723434448,1.2300000190734863,2328900.0,2868778.0,101577.8984375
2021-08-04,1.2369999885559082,1.2369999885559082,1.2289999723434448,1.2369999885559082,1638000.0,2019220.0,101577.8984375
2021-08-05,1.2369999885559082,1.2489999532699585,1.2339999675750732,1.2350000143051147,4080600.0,5059436.0,101577.8984375
2021-08-06,1.2480000257492065,1.2480000257492065,1.2380000352859497,1.2410000562667847,1516065.0,1881687.0,101577.8984375
2021-08-09,1.2380000352859497,1.2410000562667847,1.2330000400543213,1.2389999628067017,2862600.0,3540208.0,101577.8984375
2021-08-10,1.2389999628067017,1.2389999628067017,1.2319999933242798,1.2339999675750732,1522200.0,1879388.0,101577.8984375
2021-08-11,1.2339999675750732,1.2359999418258667,1.2319999933242798,1.2339999675750732,1561700.0,1927405.0,101577.8984375
2021-08-12,1.2359999418258667,1.2419999837875366,1.2359999418258667,1.2419999837875366,2212100.0,2741746.0,101577.8984375
2021-08-13,1.246999979019165,1.25,1.246000051498413,1.25,1526030.0,1904740.0,101577.8984375
2021-08-16,1.2510000467300415,1.253000020980835,1.25,1.2510000467300415,1767500.0,2211358.0,101577.8984375
2021-08-17,1.2480000257492065,1.2630000114440918,1.2480000257492065,1.2519999742507935,1569000.0,1962506.0,101577.8984375
2021-08-18,1.2510000467300415,1.253000020980835,1.2480000257492065,1.25,2432200.0,3039758.0,101577.8984375
2021-08-19,1.2480000257492065,1.25,1.2280000448226929,1.2309999465942383,2536965.0,3144583.0,101577.8984375
2021-08-20,1.2309999465942383,1.2350000143051147,1.2280000448226929,1.2289999723434448,2353600.0,2897349.0,101577.8984375
2021-08-23,1.2339999675750732,1.246999979019165,1.2330000400543213,1.246000051498413,1794400.0,2229568.0,101577.8984375
2021-08-24,1.246000051498413,1.2519999742507935,1.246000051498413,1.2489999532699585,2596400.0,3242527.0,101577.8984375
2021-08-25,1.2489999532699585,1.2519999742507935,1.2419999837875366,1.2450000047683716,1207400.0,1504615.0,101577.8984375
2021-08-26,1.2450000047683716,1.2450000047683716,1.2389999628067017,1.2400000095367432,1513100.0,1878508.0,101577.8984375
2021-08-27,1.2389999628067017,1.246000051498413,1.2319999933242798,1.2450000047683716,1583700.0,1958362.0,101577.8984375
2021-08-30,1.2430000305175781,1.25,1.2430000305175781,1.246000051498413,720900.0,898376.0,101577.8984375
2021-08-31,1.246000051498413,1.2549999952316284,1.2450000047683716,1.253999948501587,1444900.0,1806953.0,101577.8984375
2021-09-01,1.253999948501587,1.2549999952316284,1.2450000047683716,1.2510000467300415,903100.0,1127796.0,101577.8984375
2021-09-02,1.2510000467300415,1.2510000467300415,1.24399995803833,1.246000051498413,1001700.0,1247432.0,101577.8984375
2021-09-03,1.246000051498413,1.253999948501587,1.246000051498413,1.253999948501587,1312100.0,1639598.0,101577.8984375
2021-09-06,1.253000020980835,1.253999948501587,1.24399995803833,1.253000020980835,1325600.0,1653809.0,101577.8984375
2021-09-07,1.2580000162124634,1.2580000162124634,1.253999948501587,1.2549999952316284,1450200.0,1821561.0,101577.8984375
2021-09-08,1.2519999742507935,1.2519999742507935,1.246000051498413,1.246999979019165,1334300.0,1666380.0,101577.8984375
2021-09-09,1.2380000352859497,1.2380000352859497,1.2200000286102295,1.2239999771118164,9221200.0,11310310.0,101577.8984375
2021-09-10,1.2259999513626099,1.2319999933242798,1.2230000495910645,1.2309999465942383,3243657.0,3985270.0,101577.8984375
2021-09-13,1.2230000495910645,1.2259999513626099,1.2050000429153442,1.225000023841858,4047814.0,4944116.0,101577.8984375
2021-09-14,1.2289999723434448,1.2330000400543213,1.2289999723434448,1.2309999465942383,2779100.0,3421561.0,101577.8984375
2021-09-15,1.2300000190734863,1.2300000190734863,1.2259999513626099,1.2269999980926514,2215900.0,2722299.0,101577.8984375
2021-09-16,1.2230000495910645,1.2269999980926514,1.222000002861023,1.2230000495910645,1286500.0,1575194.0,101577.8984375
2021-09-17,1.2239999771118164,1.2300000190734863,1.2230000495910645,1.2280000448226929,1588700.0,1948214.0,101577.8984375
2021-09-22,1.215999960899353,1.215999960899353,1.1990000009536743,1.2089999914169312,4347900.0,5231738.0,101577.8984375
2021-09-23,1.215000033378601,1.218000054359436,1.2120000123977661,1.215000033378601,1709800.0,2077401.0,101577.8984375
2021-09-24,1.2209999561309814,1.2259999513626099,1.218999981880188,1.2200000286102295,1989700.0,2431574.0,101577.8984375
2021-09-27,1.2120000123977661,1.215000033378601,1.2100000381469727,1.215000033378601,5034961.0,6101468.0,101577.8984375
2021-09-28,1.2109999656677246,1.2130000591278076,1.2050000429153442,1.2059999704360962,3061302.0,3696181.0,101577.8984375
2021-09-29,1.1959999799728394,1.1959999799728394,1.1859999895095825,1.1929999589920044,1749900.0,2082655.0,101577.8984375
2021-09-30,1.1950000524520874,1.1990000009536743,1.187999963760376,1.1920000314712524,2376500.0,2830242.0,101577.8984375
2021-10-08,1.1920000314712524,1.1950000524520874,1.1690000295639038,1.1699999570846558,9990200.0,11732045.0,101577.8984375
2021-10-11,1.1710000038146973,1.1710000038146973,1.1649999618530273,1.1679999828338623,2607700.0,3045681.0,101577.8984375
2021-10-12,1.1640000343322754,1.1640000343322754,1.1540000438690186,1.156999945640564,2842700.0,3293286.0,101577.8984375
2021-10-13,1.156000018119812,1.1610000133514404,1.156000018119812,1.159999966621399,1627600.0,1885942.0,101577.8984375
2021-10-14,1.1670000553131104,1.1759999990463257,1.1660000085830688,1.1749999523162842,5010100.0,5862006.0,101577.8984375
2021-10-15,1.1829999685287476,1.190999984741211,1.1829999685287476,1.190999984741211,2748900.0,3263449.0,101577.8984375
2021-10-18,1.190000057220459,1.1920000314712524,1.184000015258789,1.1859999895095825,2015900.0,2397842.0,101577.8984375
2021-10-19,1.1859999895095825,1.190000057220459,1.184999942779541,1.1890000104904175,851779.0,1011489.0,101577.8984375
2021-10-20,1.187999963760376,1.187999963760376,1.1820000410079956,1.184000015258789,1500941.0,1777297.0,101577.8984375
2021-10-21,1.184999942779541,1.187999963760376,1.1779999732971191,1.180999994277954,1581360.0,1870256.0,101577.8984375
2021-10-22,1.1799999475479126,1.1859999895095825,1.1799999475479126,1.184999942779541,1600452.0,1893756.0,101577.8984375
2021-10-25,1.187000036239624,1.190999984741211,1.184999942779541,1.190999984741211,2501800.0,2971795.0,101577.8984375
2021-10-26,1.1920000314712524,1.194000005722046,1.187999963760376,1.1920000314712524,1737600.0,2071164.0,101577.8984375
2021-10-27,1.1950000524520874,1.1959999799728394,1.190000057220459,1.1950000524520874,2747725.0,3280810.0,101577.8984375
2021-10-28,1.194000005722046,1.1959999799728394,1.190000057220459,1.190000057220459,1010900.0,1207092.0,101577.8984375
2021-10-29,1.190999984741211,1.1970000267028809,1.190999984741211,1.1950000524520874,1244300.0,1485855.0,101577.8984375
2021-11-01,1.1990000009536743,1.2039999961853027,1.1959999799728394,1.1970000267028809,2914300.0,3493643.0,101577.8984375
2021-11-02,1.2000000476837158,1.2020000219345093,1.1979999542236328,1.2009999752044678,2551500.0,3063562.0,101577.8984375
2021-11-03,1.2100000381469727,1.215000033378601,1.2100000381469727,1.2120000123977661,1581000.0,1916378.0,101577.8984375
2021-11-04,1.215999960899353,1.2209999561309814,1.215999960899353,1.2200000286102295,1693800.0,2063191.0,101577.8984375
2021-11-05,1.2139999866485596,1.2200000286102295,1.2139999866485596,1.2170000076293945,2142300.0,2607195.0,101577.8984375
2021-11-08,1.2170000076293945,1.2200000286102295,1.2109999656677246,1.2120000123977661,1192900.0,1450307.0,101577.8984375
2021-11-09,1.2130000591278076,1.218000054359436,1.2130000591278076,1.215999960899353,1006400.0,1223105.0,101577.8984375
2021-11-10,1.2070000171661377,1.2170000076293945,1.2070000171661377,1.2139999866485596,975100.0,1184413.0,101577.8984375
2021-11-11,1.2139999866485596,1.2139999866485596,1.2050000429153442,1.2070000171661377,1647700.0,1991645.0,101577.8984375
2021-11-12,1.2079999446868896,1.2109999656677246,1.2059999704360962,1.2059999704360962,1114800.0,1346027.0,101577.8984375
2021-11-15,1.2059999704360962,1.2089999914169312,1.2039999961853027,1.2079999446868896,1026200.0,1238883.0,101577.8984375
2021-11-16,1.2079999446868896,1.2079999446868896,1.2009999752044678,1.2039999961853027,5621600.0,6763368.0,101577.8984375
2021-11-17,1.2059999704360962,1.2070000171661377,1.2009999752044678,1.2009999752044678,2036200.0,2450011.0,101577.8984375
2021-11-18,1.2009999752044678,1.2039999961853027,1.2000000476837158,1.2029999494552612,1782100.0,2143404.0,101577.8984375
2021-11-19,1.2039999961853027,1.2120000123977661,1.2039999961853027,1.2109999656677246,2891499.0,3490507.0,101577.8984375
2021-11-22,1.2130000591278076,1.2130000591278076,1.1970000267028809,1.1970000267028809,2672600.0,3203087.0,101577.8984375
2021-11-23,1.1929999589920044,1.1929999589920044,1.1790000200271606,1.184999942779541,6153900.0,7288458.0,101577.8984375
2021-11-24,1.180999994277954,1.1829999685287476,1.1779999732971191,1.1829999685287476,1665700.0,1966222.0,101577.8984375
2021-11-25,1.180999994277954,1.1820000410079956,1.1710000038146973,1.1770000457763672,2813900.0,3307447.0,101577.8984375
2021-11-26,1.1710000038146973,1.1740000247955322,1.156999945640564,1.1610000133514404,3708300.0,4316835.0,101577.8984375
2021-11-29,1.1410000324249268,1.1490000486373901,1.1330000162124634,1.1460000276565552,8947909.0,10220795.0,101577.8984375
2021-11-30,1.1419999599456787,1.1460000276565552,1.121999979019165,1.128999948501587,5643934.0,6403340.0,101577.8984375
2021-12-01,1.128000020980835,1.1369999647140503,1.1260000467300415,1.1360000371932983,3940971.0,4457954.0,101577.8984375
2021-12-02,1.1339999437332153,1.1399999856948853,1.1299999952316284,1.1390000581741333,3395262.0,3854454.0,101577.8984375
2021-12-03,1.1380000114440918,1.1399999856948853,1.128999948501587,1.1390000581741333,3621400.0,4108186.0,101577.8984375
2021-12-06,1.1380000114440918,1.1380000114440918,1.128000020980835,1.1299999952316284,2309200.0,2611322.0,101577.8984375
2021-12-07,1.1349999904632568,1.152999997138977,1.1349999904632568,1.1510000228881836,6706600.0,7679133.0,101577.8984375
2021-12-08,1.1629999876022339,1.1670000553131104,1.1610000133514404,1.1629999876022339,4998802.0,5820258.0,101577.8984375
2021-12-09,1.156999945640564,1.1629999876022339,1.1549999713897705,1.159000039100647,2408100.0,2793281.0,101577.8984375
2021-12-10,1.1549999713897705,1.1579999923706055,1.1469999551773071,1.1480000019073486,1737800.0,2007170.0,101577.8984375
2021-12-13,1.1549999713897705,1.1610000133514404,1.1549999713897705,1.159999966621399,1812242.0,2100549.0,101577.8984375
2021-12-14,1.1579999923706055,1.1579999923706055,1.1490000486373901,1.152999997138977,1821371.0,2097569.0,101577.8984375
2021-12-15,1.1490000486373901,1.1490000486373901,1.1399999856948853,1.1430000066757202,1633834.0,1867250.0,101577.8984375
2021-12-16,1.1510000228881836,1.1610000133514404,1.149999976158142,1.159999966621399,2777962.0,3208325.0,101577.8984375
2021-12-17,1.1490000486373901,1.156000018119812,1.1469999551773071,1.1510000228881836,2245962.0,2590793.0,101577.8984375
2021-12-20,1.1549999713897705,1.1549999713897705,1.1230000257492065,1.1260000467300415,4784900.0,5409208.0,101577.8984375
2021-12-21,1.1299999952316284,1.1399999856948853,1.128999948501587,1.1390000581741333,1907300.0,2164643.0,101577.8984375
2021-12-22,1.1440000534057617,1.1440000534057617,1.1399999856948853,1.1419999599456787,1140886.0,1303600.0,101577.8984375
2021-12-23,1.1480000019073486,1.1579999923706055,1.1430000066757202,1.156000018119812,3055200.0,3528716.0,101577.8984375
2021-12-24,1.159999966621399,1.1679999828338623,1.159000039100647,1.1670000553131104,2918300.0,3397735.0,101577.8984375
2021-12-27,1.1679999828338623,1.1699999570846558,1.159000039100647,1.1610000133514404,1172500.0,1364067.0,101577.8984375
2021-12-28,1.1660000085830688,1.1759999990463257,1.1660000085830688,1.1729999780654907,2742300.0,3211173.0,101577.8984375
2021-12-29,1.1759999990463257,1.1929999589920044,1.1710000038146973,1.1820000410079956,21309900.0,25271052.0,101577.8984375
2021-12-30,1.1740000247955322,1.187000036239624,1.1699999570846558,1.1729999780654907,1748700.0,2056566.0,101577.8984375
2021-12-31,1.1720000505447388,1.1759999990463257,1.1699999570846558,1.1720000505447388,1432300.0,1679346.0,101577.8984375
2022-01-04,1.1779999732971191,1.2000000476837158,1.1779999732971191,1.2000000476837158,16534436.0,19668104.0,101577.8984375
2022-01-05,1.2029999494552612,1.2039999961853027,1.184999942779541,1.194000005722046,1754117.0,2091516.0,101577.8984375
2022-01-06,1.1920000314712524,1.1920000314712524,1.1799999475479126,1.184000015258789,2609500.0,3088986.0,101577.8984375
2022-01-07,1.187999963760376,1.1920000314712524,1.184999942779541,1.1859999895095825,1040900.0,1236250.0,101577.8984375
2022-01-10,1.1790000200271606,1.187000036239624,1.1770000457763672,1.1829999685287476,1954419.0,2310932.0,101577.8984375
2022-01-11,1.180999994277954,1.1829999685287476,1.1740000247955322,1.1770000457763672,1019000.0,1199294.0,101577.8984375
2022-01-12,1.1829999685287476,1.1959999799728394,1.1829999685287476,1.194000005722046,1596600.0,1900142.0,101577.8984375
2022-01-13,1.190999984741211,1.2039999961853027,1.190999984741211,1.1990000009536743,1713500.0,2052351.0,101577.8984375
2022-01-14,1.2039999961853027,1.2039999961853027,1.187000036239624,1.1950000524520874,1672300.0,1992654.0,101577.8984375
2022-01-17,1.194000005722046,1.1950000524520874,1.1729999780654907,1.1829999685287476,2165300.0,2566276.0,101577.8984375
2022-01-18,1.1859999895095825,1.1859999895095825,1.1779999732971191,1.1799999475479126,805100.0,951563.0,101577.8984375
2022-01-19,1.1699999570846558,1.1749999523162842,1.152999997138977,1.156999945640564,4008000.0,4641763.0,101577.8984375
2022-01-20,1.159999966621399,1.1699999570846558,1.156000018119812,1.1699999570846558,2524500.0,2940727.0,101577.8984375
2022-01-21,1.1619999408721924,1.1679999828338623,1.1540000438690186,1.159000039100647,1745400.0,2020468.0,101577.8984375
2022-01-24,1.1419999599456787,1.149999976158142,1.1410000324249268,1.1449999809265137,1500100.0,1716966.0,101577.8984375
2022-01-25,1.1230000257492065,1.1440000534057617,1.1089999675750732,1.1160000562667847,7550500.0,8442412.0,101577.8984375
2022-01-26,1.1230000257492065,1.1230000257492065,1.1109999418258667,1.1180000305175781,2381500.0,2655387.0,101577.8984375
2022-01-27,1.121000051498413,1.1230000257492065,1.100000023841858,1.1050000190734863,3449400.0,3829621.0,101577.8984375
2022-01-28,1.1150000095367432,1.1440000534057617,1.1150000095367432,1.1319999694824219,7355600.0,8313828.0,101577.8984375
2022-02-07,1.1349999904632568,1.1360000371932983,1.1200000047683716,1.128999948501587,6153200.0,6935573.0,101577.8984375
2022-02-08,1.128999948501587,1.1360000371932983,1.1239999532699585,1.1319999694824219,2371200.0,2685484.0,101577.8984375
2022-02-09,1.1369999647140503,1.1460000276565552,1.1330000162124634,1.1449999809265137,2858800.0,3251104.25,101577.8984375
2022-02-10,1.152999997138977,1.152999997138977,1.1460000276565552,1.1490000486373901,5008000.0,5749233.0,101577.8984375
2022-02-11,1.1380000114440918,1.1390000581741333,1.128000020980835,1.13100004196167,1624700.0,1842046.0,101577.8984375
2022-02-14,1.125,1.128000020980835,1.121000051498413,1.1230000257492065,985200.0,1106367.0,101577.8984375
2022-02-15,1.1260000467300415,1.1319999694824219,1.1069999933242798,1.1109999418258667,5056000.0,5627838.0,101577.8984375
2022-02-16,1.1260000467300415,1.1390000581741333,1.1260000467300415,1.1360000371932983,3715400.0,4199680.0,101577.8984375
2022-02-17,1.1260000467300415,1.1330000162124634,1.121000051498413,1.1239999532699585,2427800.0,2734920.0,101577.8984375
2022-02-18,1.1150000095367432,1.1299999952316284,1.1130000352859497,1.1260000467300415,885700.0,992759.0,101577.8984375
2022-02-21,1.1180000305175781,1.1180000305175781,1.1059999465942383,1.1139999628067017,4165200.0,4629445.0,101577.8984375
2022-02-22,1.093999981880188,1.093999981880188,1.065999984741211,1.0670000314712524,10425500.0,11198945.0,101577.8984375
2022-02-23,1.0789999961853027,1.0850000381469727,1.0729999542236328,1.0809999704360962,4804400.0,5189358.0,101577.8984375
2022-02-24,1.0679999589920044,1.0679999589920044,1.0199999809265137,1.0210000276565552,11429000.0,11911955.0,101577.8984375
2022-02-25,1.0420000553131104,1.0460000038146973,1.031999945640564,1.0369999408721924,8897900.0,9229901.0,101577.8984375
2022-02-28,1.0390000343322754,1.0429999828338623,1.0099999904632568,1.0219999551773071,10318900.0,10526788.0,101577.8984375
2022-03-01,1.027999997138977,1.0460000038146973,1.027999997138977,1.0440000295639038,6756800.0,7005748.0,101577.8984375
2022-03-02,1.0160000324249268,1.0160000324249268,1.0019999742507935,1.003000020980835,23916700.0,24140892.0,101577.8984375
2022-03-03,1.0080000162124634,1.0080000162124634,1.0010000467300415,1.0069999694824219,10769900.0,10825410.0,101577.8984375
2022-03-04,0.9789999723434448,0.984000027179718,0.9599999785423279,0.9620000123977661,43975400.0,42538932.0,101577.8984375
2022-03-07,0.9240000247955322,0.9340000152587891,0.902999997138977,0.9049999713897705,73939400.0,67337280.0,101577.8984375
2022-03-08,0.902999997138977,0.9049999713897705,0.8820000290870667,0.8870000243186951,40288100.0,36093700.0,101577.8984375
2022-03-09,0.9010000228881836,0.925000011920929,0.9010000228881836,0.9229999780654907,53626800.0,48917624.0,101577.8984375
2022-03-10,0.9729999899864197,0.9850000143051147,0.972000002861023,0.9829999804496765,43347100.0,42349080.0,101577.8984375
2022-03-11,0.9449999928474426,0.9660000205039978,0.9419999718666077,0.9649999737739563,22143400.0,21109860.0,101577.8984375
2022-03-14,0.9639999866485596,0.9860000014305115,0.9639999866485596,0.9819999933242798,22571426.0,21934832.0,101577.8984375
2022-03-15,0.9900000095367432,0.9940000176429749,0.9810000061988831,0.9829999804496765,31218026.0,30800224.0,101577.8984375
2022-03-16,0.9860000014305115,1.0230000019073486,0.9850000143051147,1.0130000114440918,28501526.0,28499000.0,101577.8984375
2022-03-17,1.034000039100647,1.0440000295639038,1.0260000228881836,1.0399999618530273,27675000.0,28648960.0,101577.8984375
2022-03-18,1.0299999713897705,1.0390000343322754,1.0240000486373901,1.034000039100647,13471400.0,13864891.0,101577.8984375
2022-03-21,1.0219999551773071,1.0299999713897705,1.0219999551773071,1.024999976158142,11116700.0,11400201.0,101577.8984375
2022-03-22,1.0230000019073486,1.0230000019073486,1.0149999856948853,1.0219999551773071,9590657.0,9765466.0,101577.8984375
2022-03-23,1.0329999923706055,1.0520000457763672,1.031999945640564,1.0460000038146973,12770822.0,13298773.0,101577.8984375
2022-03-24,1.0169999599456787,1.0269999504089355,1.0140000581741333,1.0190000534057617,20663760.0,21098324.0,101577.8984375
2022-03-25,1.0190000534057617,1.0269999504089355,1.0190000534057617,1.0230000019073486,10092577.0,10317197.0,101577.8984375
2022-03-28,1.0210000276565552,1.0219999551773071,1.0169999599456787,1.0190000534057617,7385200.0,7528887.0,101577.8984375
2022-03-29,1.031000018119812,1.0429999828338623,1.031000018119812,1.0420000553131104,14344700.0,14871524.0,101577.8984375
2022-03-30,1.059999942779541,1.0700000524520874,1.059000015258789,1.0679999589920044,18274304.0,19455716.0,101577.8984375
2022-03-31,1.0540000200271606,1.065000057220459,1.0529999732971191,1.062999963760376,7814268.0,8275385.0,101577.8984375
2022-04-01,1.0399999618530273,1.0499999523162842,1.0360000133514404,1.0410000085830688,24502200.0,25454196.0,101577.8984375
2022-04-06,1.027999997138977,1.0299999713897705,1.0160000324249268,1.0230000019073486,24587400.0,25083810.0,101577.8984375
2022-04-07,1.0010000467300415,1.0019999742507935,0.9959999918937683,1.0010000467300415,15485700.0,15472092.0,101577.8984375
2022-04-08,0.996999979019165,1.0089999437332153,0.9959999918937683,1.0069999694824219,12595500.0,12604761.0,101577.8984375
2022-04-11,1.0080000162124634,1.0089999437332153,0.9900000095367432,0.9940000176429749,11174100.0,11172565.0,101577.8984375
2022-04-12,0.9860000014305115,0.9940000176429749,0.9860000014305115,0.9919999837875366,9579200.0,9491913.0,101577.8984375
2022-04-13,0.9900000095367432,1.0,0.9890000224113464,0.9929999709129333,16414300.0,16325867.0,101577.8984375
2022-04-14,0.9959999918937683,1.0049999952316284,0.9929999709129333,1.0049999952316284,19635224.0,19609630.0,101577.8984375
2022-04-15,0.9959999918937683,0.996999979019165,0.9869999885559082,0.9869999885559082,12832500.0,12694692.0,101577.8984375
2022-04-18,0.9810000061988831,0.9860000014305115,0.9810000061988831,0.9819999933242798,4670600.0,4590248.0,101577.8984375
2022-04-19,0.9860000014305115,0.9929999709129333,0.9850000143051147,0.9909999966621399,8382100.0,8287039.0,101577.8984375
2022-04-20,0.9950000047683716,1.003000020980835,0.9929999709129333,1.003000020980835,12064300.0,12041360.0,101577.8984375
2022-04-21,1.0140000581741333,1.034000039100647,1.0119999647140503,1.027999997138977,20253800.0,20716004.0,101577.8984375
2022-04-22,1.0180000066757202,1.031000018119812,1.0119999647140503,1.0199999809265137,15963300.0,16338640.0,101577.8984375
2022-04-25,0.9950000047683716,1.003999948501587,0.9869999885559082,0.9900000095367432,13962100.0,13926159.0,101577.8984375
2022-04-26,1.0,1.0199999809265137,1.0,1.0099999904632568,8489900.0,8582321.0,101577.8984375
2022-04-27,0.9929999709129333,0.9940000176429749,0.9779999852180481,0.9829999804496765,19999600.0,19633380.0,101577.8984375
2022-04-28,0.9860000014305115,0.9909999966621399,0.9779999852180481,0.9900000095367432,18834600.0,18513328.0,101577.8984375
2022-04-29,0.9950000047683716,1.0069999694824219,0.9929999709129333,1.0049999952316284,19141200.0,19146114.0,101577.8984375
2022-05-05,1.0130000114440918,1.0210000276565552,1.0110000371932983,1.0190000534057617,10141000.0,10316596.0,101577.8984375
2022-05-06,0.9879999756813049,0.9890000224113464,0.9819999933242798,0.9850000143051147,13181300.0,13008099.0,101577.8984375
2022-05-09,0.9729999899864197,0.9769999980926514,0.9700000286102295,0.9760000109672546,6324300.0,6148139.0,101577.8984375
2022-05-10,0.9589999914169312,0.984000027179718,0.9580000042915344,0.9829999804496765,6095200.0,5912171.0,101577.8984375
2022-05-11,0.9819999933242798,0.9879999756813049,0.9789999723434448,0.9819999933242798,10733800.0,10563660.0,101577.8984375
2022-05-12,0.9829999804496765,0.9850000143051147,0.9670000076293945,0.9739999771118164,12915420.0,12629753.0,101577.8984375
2022-05-13,0.9869999885559082,0.9959999918937683,0.9860000014305115,0.9929999709129333,13687160.0,13573166.0,101577.8984375
2022-05-16,1.00600004196167,1.0099999904632568,0.9959999918937683,0.996999979019165,11093200.0,11107195.0,101577.8984375
2022-05-17,1.0010000467300415,1.0099999904632568,1.0010000467300415,1.0099999904632568,7642300.0,7690992.0,101577.8984375
2022-05-18,1.0180000066757202,1.0269999504089355,1.0169999599456787,1.0180000066757202,20039080.0,20462828.0,101577.8984375
2022-05-19,0.9980000257492065,1.0010000467300415,0.9929999709129333,0.9940000176429749,15390600.0,15342369.0,101577.8984375
2022-05-20,1.003000020980835,1.0080000162124634,1.0019999742507935,1.003000020980835,10177560.0,10223167.0,101577.8984375
2022-05-23,1.0119999647140503,1.0180000066757202,1.0089999437332153,1.0180000066757202,7550600.0,7649289.0,101577.8984375
2022-05-24,0.9990000128746033,1.0130000114440918,0.9990000128746033,1.0049999952316284,4210600.0,4243125.0,101577.8984375
2022-05-25,1.0080000162124634,1.0160000324249268,1.0069999694824219,1.0160000324249268,3596600.0,3643262.0,101577.8984375
2022-05-26,1.0219999551773071,1.0230000019073486,1.0080000162124634,1.0180000066757202,5221500.0,5310755.0,101577.8984375
2022-05-27,1.0290000438690186,1.0460000038146973,1.0290000438690186,1.0449999570846558,7034500.0,7307495.0,101577.8984375
2022-05-30,1.055999994277954,1.0640000104904175,1.0520000457763672,1.062000036239624,9668900.0,10215315.0,101577.8984375
2022-05-31,1.055999994277954,1.0570000410079956,1.0449999570846558,1.0460000038146973,8407300.0,8841554.0,101577.8984375
2022-06-01,1.0449999570846558,1.0490000247955322,1.0429999828338623,1.0470000505447388,5432300.0,5685926.0,101577.8984375
2022-06-02,1.0429999828338623,1.0440000295639038,1.034000039100647,1.0369999408721924,4762900.0,4938095.0,101577.8984375
2022-06-06,1.0360000133514404,1.0570000410079956,1.034000039100647,1.055999994277954,9684315.0,10119443.0,101577.8984375
2022-06-07,1.055999994277954,1.055999994277954,1.0449999570846558,1.0460000038146973,5379500.0,5640434.0,101577.8984375
2022-06-08,1.0529999732971191,1.055999994277954,1.0479999780654907,1.0549999475479126,7185400.0,7566644.0,101577.8984375
2022-06-09,1.0479999780654907,1.0479999780654907,1.031999945640564,1.034000039100647,10811400.0,11216479.0,101577.8984375
2022-06-10,1.0149999856948853,1.0210000276565552,1.0130000114440918,1.0160000324249268,18108400.0,18410440.0,101577.8984375
2022-06-13,0.984000027179718,0.984000027179718,0.9700000286102295,0.972000002861023,25140800.0,24507176.0,101577.8984375
2022-06-14,0.9589999914169312,0.972000002861023,0.9589999914169312,0.9710000157356262,15418500.0,14872943.0,101577.8984375
2022-06-15,0.9639999866485596,0.9660000205039978,0.9549999833106995,0.9649999737739563,48618800.0,46678284.0,101577.8984375
2022-06-16,0.9729999899864197,0.9750000238418579,0.9490000009536743,0.9520000219345093,41309300.0,39798324.0,101577.8984375
2022-06-17,0.9290000200271606,0.9430000185966492,0.9259999990463257,0.9369999766349792,32223700.0,30107124.0,101577.8984375
2022-06-20,0.9359999895095825,0.9440000057220459,0.9300000071525574,0.9419999718666077,21005000.0,19657692.0,101577.8984375
2022-06-21,0.9459999799728394,0.953000009059906,0.9409999847412109,0.9520000219345093,20755300.0,19684238.0,101577.8984375
2022-06-22,0.9440000057220459,0.9459999799728394,0.9300000071525574,0.9330000281333923,26166600.0,24578504.0,101577.8984375
2022-06-23,0.9369999766349792,0.9419999718666077,0.9350000023841858,0.9419999718666077,17988200.0,16887878.0,101577.8984375
2022-06-24,0.9340000152587891,0.9380000233650208,0.9279999732971191,0.9290000200271606,87474800.0,81672808.0,101577.8984375
2022-06-27,0.9369999766349792,0.9449999928474426,0.9350000023841858,0.9430000185966492,62650700.0,58892404.0,101577.8984375
2022-06-28,0.9399999976158142,0.9459999799728394,0.9359999895095825,0.9449999928474426,31290600.0,29417794.0,101577.8984375
2022-06-29,0.9350000023841858,0.9380000233650208,0.9330000281333923,0.9330000281333923,24458600.0,22880896.0,101577.8984375
2022-06-30,0.9300000071525574,0.9300000071525574,0.9110000133514404,0.9120000004768372,93729104.0,86065776.0,101577.8984375
2022-07-01,0.9079999923706055,0.9120000004768372,0.9039999842643738,0.9100000262260437,36467500.0,33091464.0,101577.8984375
2022-07-04,0.9100000262260437,0.9150000214576721,0.9039999842643738,0.9120000004768372,30532000.0,27802148.0,101577.8984375
2022-07-05,0.9079999923706055,0.9129999876022339,0.9070000052452087,0.9100000262260437,30760500.0,27996822.0,101577.8984375
2022-07-06,0.8880000114440918,0.8920000195503235,0.8679999709129333,0.8740000128746033,201910896.0,177615632.0,101577.8984375
2022-07-07,0.878000020980835,0.8790000081062317,0.871999979019165,0.878000020980835,62534500.0,54794968.0,101577.8984375
2022-07-08,0.8870000243186951,0.8880000114440918,0.8799999952316284,0.8799999952316284,47729600.0,42156560.0,101577.8984375
2022-07-11,0.8840000033378601,0.8849999904632568,0.878000020980835,0.8790000081062317,41920800.0,36928124.0,101577.8984375
2022-07-12,0.8730000257492065,0.8730000257492065,0.8650000095367432,0.8679999709129333,32834800.0,28519136.0,101577.8984375
2022-07-13,0.8740000128746033,0.875,0.8700000047683716,0.8740000128746033,22015518.0,19209408.0,101577.8984375
2022-07-14,0.8679999709129333,0.8700000047683716,0.8640000224113464,0.8669999837875366,28279960.0,24513116.0,101577.8984375
2022-07-15,0.8579999804496765,0.8650000095367432,0.8550000190734863,0.8610000014305115,26438100.0,22753386.0,101577.8984375
2022-07-18,0.878000020980835,0.8889999985694885,0.878000020980835,0.8880000114440918,50441400.0,44494864.0,101577.8984375
2022-07-19,0.8840000033378601,0.8859999775886536,0.8799999952316284,0.8849999904632568,22278600.0,19690444.0,101577.8984375
2022-07-20,0.921999990940094,0.9300000071525574,0.9190000295639038,0.9269999861717224,113205264.0,104663744.0,101577.8984375
2022-07-21,0.9190000295639038,0.9259999990463257,0.9139999747276306,0.921999990940094,28759928.0,26417468.0,101577.8984375
2022-07-22,0.9190000295639038,0.9200000166893005,0.9100000262260437,0.9160000085830688,20272900.0,18569440.0,101577.8984375
2022-07-25,0.9150000214576721,0.9160000085830688,0.9100000262260437,0.9129999876022339,12580300.0,11478799.0,101577.8984375
2022-07-26,0.9110000133514404,0.9169999957084656,0.9110000133514404,0.9150000214576721,14740564.0,13478278.0,101577.8984375
2022-07-27,0.9089999794960022,0.9110000133514404,0.9039999842643738,0.9070000052452087,24527792.0,22259508.0,101577.8984375
2022-07-28,0.9139999747276306,0.9190000295639038,0.9120000004768372,0.9190000295639038,20790500.0,19027520.0,101577.8984375
2022-07-29,0.9229999780654907,0.9290000200271606,0.9210000038146973,0.9279999732971191,36424300.0,33681140.0,101577.8984375
2022-08-01,0.9330000281333923,0.9369999766349792,0.9309999942779541,0.9359999895095825,27028100.0,25211560.0,101577.8984375
2022-08-02,0.9319999814033508,0.9369999766349792,0.9269999861717224,0.9319999814033508,37385040.0,34892132.0,101577.8984375
2022-08-03,0.9290000200271606,0.9330000281333923,0.9269999861717224,0.9319999814033508,10772400.0,10012932.0,101577.8984375
2022-08-04,0.9409999847412109,0.9440000057220459,0.9399999976158142,0.9430000185966492,12697400.0,11966884.0,101577.8984375
2022-08-05,0.9440000057220459,0.9480000138282776,0.9440000057220459,0.9459999799728394,17874754.0,16915180.0,101577.8984375
2022-08-08,0.9390000104904175,0.9490000009536743,0.9369999766349792,0.9470000267028809,10655000.0,10034825.0,101577.8984375
2022-08-09,0.9430000185966492,0.9470000267028809,0.9419999718666077,0.9440000057220459,9352573.0,8830895.0,101577.8984375
2022-08-10,0.9330000281333923,0.9380000233650208,0.9290000200271606,0.9319999814033508,13034500.0,12168817.0,101577.8984375
2022-08-11,0.9520000219345093,0.9580000042915344,0.9509999752044678,0.9570000171661377,20070700.0,19153372.0,101577.8984375
2022-08-12,0.953000009059906,0.9549999833106995,0.9509999752044678,0.9549999833106995,7508500.0,7156018.0,101577.8984375
2022-08-15,0.9589999914169312,0.9649999737739563,0.9589999914169312,0.9629999995231628,11577701.0,11144784.0,101577.8984375
2022-08-16,0.9610000252723694,0.9610000252723694,0.9580000042915344,0.9610000252723694,12703100.0,12191314.0,101577.8984375
2022-08-17,0.9629999995231628,0.9670000076293945,0.9629999995231628,0.9639999866485596,9754060.0,9413322.0,101577.8984375
2022-08-18,0.9459999799728394,0.9480000138282776,0.9440000057220459,0.9480000138282776,14736900.0,13942159.0,101577.8984375
2022-08-19,0.9490000009536743,0.9490000009536743,0.9330000281333923,0.9350000023841858,18859400.0,17739512.0,101577.8984375
2022-08-22,0.9290000200271606,0.9300000071525574,0.9240000247955322,0.9269999861717224,23807000.0,22076868.0,101577.8984375
2022-08-23,0.9110000133514404,0.9120000004768372,0.9039999842643738,0.9070000052452087,28504100.0,25893668.0,101577.8984375
2022-08-24,0.906000018119812,0.906000018119812,0.8989999890327454,0.9010000228881836,16055301.0,14471587.0,101577.8984375
2022-08-25,0.9039999842643738,0.9190000295639038,0.9039999842643738,0.9169999957084656,16836402.0,15319807.0,101577.8984375
2022-08-26,0.9139999747276306,0.9160000085830688,0.9120000004768372,0.9150000214576721,9473998.0,8659083.0,101577.8984375
2022-08-29,0.8840000033378601,0.8880000114440918,0.8799999952316284,0.8880000114440918,22060600.0,19494148.0,101577.8984375
2022-08-30,0.8930000066757202,0.9010000228881836,0.8930000066757202,0.8999999761581421,13021774.0,11674557.0,101577.8984375
2022-08-31,0.8999999761581421,0.9070000052452087,0.8949999809265137,0.906000018119812,12183400.0,11011893.0,101577.8984375
2022-09-01,0.8920000195503235,0.9010000228881836,0.8880000114440918,0.8880000114440918,14337500.0,12778195.0,101577.8984375
2022-09-02,0.8870000243186951,0.8889999985694885,0.8769999742507935,0.8830000162124634,39168500.0,34538708.0,101577.8984375
2022-09-05,0.8870000243186951,0.8870000243186951,0.871999979019165,0.8769999742507935,57380000.0,50238952.0,101577.8984375
2022-09-06,0.8859999775886536,0.8870000243186951,0.8809999823570251,0.8849999904632568,52733100.0,46636560.0,101577.8984375
2022-09-07,0.8790000081062317,0.8870000243186951,0.878000020980835,0.8870000243186951,16847600.0,14859806.0,101577.8984375
2022-09-08,0.9020000100135803,0.9079999923706055,0.8999999761581421,0.9070000052452087,31075300.0,28096478.0,101577.8984375
2022-09-09,0.902999997138977,0.9079999923706055,0.9010000228881836,0.9079999923706055,15996000.0,14469018.0,101577.8984375
2022-09-13,0.9390000104904175,0.9449999928474426,0.9279999732971191,0.9430000185966492,29237770.0,27459020.0,101577.8984375
2022-09-14,0.9139999747276306,0.9179999828338623,0.9110000133514404,0.9160000085830688,22318900.0,20407360.0,101577.8984375
2022-09-15,0.9120000004768372,0.9160000085830688,0.9089999794960022,0.9100000262260437,11064900.0,10099456.0,101577.8984375
2022-09-16,0.9010000228881836,0.9070000052452087,0.9010000228881836,0.902999997138977,6583200.0,5952724.0,101577.8984375
2022-09-19,0.8999999761581421,0.902999997138977,0.8960000276565552,0.8970000147819519,7807100.0,7020564.0,101577.8984375
2022-09-20,0.9049999713897705,0.9139999747276306,0.902999997138977,0.9139999747276306,16524200.0,15048995.0,101577.8984375
2022-09-21,0.9020000100135803,0.9020000100135803,0.8870000243186951,0.8880000114440918,28405700.0,25406280.0,101577.8984375
2022-09-22,0.8730000257492065,0.8820000290870667,0.8700000047683716,0.8809999823570251,17169300.0,15048756.0,101577.8984375
2022-09-23,0.8740000128746033,0.8799999952316284,0.8740000128746033,0.878000020980835,8848975.0,7771879.0,101577.8984375
2022-09-26,0.8640000224113464,0.8640000224113464,0.847000002861023,0.8489999771118164,47900400.0,40865972.0,101577.8984375
2022-09-27,0.8489999771118164,0.8619999885559082,0.8479999899864197,0.8610000014305115,30659300.0,26187916.0,101577.8984375
2022-09-28,0.8429999947547913,0.8460000157356262,0.8330000042915344,0.8349999785423279,44964900.0,37657488.0,101577.8984375
2022-09-29,0.8489999771118164,0.8560000061988831,0.8460000157356262,0.8479999899864197,43302080.0,36869472.0,101577.8984375
2022-09-30,0.8370000123977661,0.8450000286102295,0.8360000252723694,0.843999981880188,11691400.0,9814004.0,101577.8984375
2022-10-10,0.8460000157356262,0.8489999771118164,0.8420000076293945,0.8450000286102295,10200000.0,8634228.0,101577.8984375
2022-10-11,0.8529999852180481,0.8550000190734863,0.8500000238418579,0.8539999723434448,11792204.0,10050695.0,101577.8984375
2022-10-12,0.8539999723434448,0.8650000095367432,0.8489999771118164,0.8629999756813049,16631200.0,14238848.0,101577.8984375
2022-10-13,0.8560000061988831,0.8560000061988831,0.847000002861023,0.8510000109672546,9631700.0,8190359.0,101577.8984375
2022-10-14,0.8709999918937683,0.8849999904632568,0.8700000047683716,0.8830000162124634,32365600.0,28408246.0,101577.8984375
2022-10-17,0.8700000047683716,0.8790000081062317,0.8700000047683716,0.878000020980835,16522900.0,14441681.0,101577.8984375
2022-10-18,0.8970000147819519,0.9089999794960022,0.8949999809265137,0.9079999923706055,24975754.0,22518476.0,101577.8984375
2022-10-19,0.9150000214576721,0.9190000295639038,0.906000018119812,0.9070000052452087,21562000.0,19705688.0,101577.8984375
2022-10-20,0.8939999938011169,0.906000018119812,0.8939999938011169,0.9010000228881836,10555600.0,9488453.0,101577.8984375
2022-10-21,0.8989999890327454,0.8989999890327454,0.8939999938011169,0.8960000276565552,8378300.0,7511211.0,101577.8984375
2022-10-24,0.9110000133514404,0.9190000295639038,0.9110000133514404,0.9169999957084656,21592664.0,19761448.0,101577.8984375
2022-10-25,0.9309999942779541,0.9409999847412109,0.9200000166893005,0.9380000233650208,26788900.0,24999968.0,101577.8984375
2022-10-26,0.9449999928474426,0.949999988079071,0.9380000233650208,0.9449999928474426,15958500.0,15118066.0,101577.8984375
2022-10-27,0.953000009059906,0.9580000042915344,0.949999988079071,0.953000009059906,13823040.0,13198641.0,101577.8984375
2022-10-28,0.9549999833106995,0.9549999833106995,0.9409999847412109,0.9430000185966492,15230055.0,14419704.0,101577.8984375
2022-10-31,0.9599999785423279,0.9679999947547913,0.9599999785423279,0.9679999947547913,11059916.0,10660923.0,101577.8984375
2022-11-01,0.9679999947547913,0.9710000157356262,0.9639999866485596,0.9710000157356262,15978100.0,15443220.0,101577.8984375
2022-11-02,0.9639999866485596,0.9679999947547913,0.9620000123977661,0.9639999866485596,10862100.0,10473613.0,101577.8984375
2022-11-03,0.9509999752044678,0.953000009059906,0.9430000185966492,0.9459999799728394,5945100.0,5639617.0,101577.8984375
2022-11-04,0.9440000057220459,0.9570000171661377,0.9350000023841858,0.9490000009536743,21959000.0,20650446.0,101577.8984375
2022-11-07,0.9539999961853027,0.9710000157356262,0.9539999961853027,0.9700000286102295,18952000.0,18211952.0,101577.8984375
2022-11-08,0.9789999723434448,0.9810000061988831,0.9760000109672546,0.9800000190734863,11406551.0,11169669.0,101577.8984375
2022-11-09,0.9929999709129333,1.0019999742507935,0.9929999709129333,0.996999979019165,16481515.0,16444558.0,101577.8984375
2022-11-10,0.9900000095367432,0.9940000176429749,0.9860000014305115,0.9890000224113464,10715022.0,10596343.0,101577.8984375
2022-11-11,1.0299999713897705,1.0410000085830688,1.024999976158142,1.0390000343322754,26167000.0,27097868.0,101577.8984375
2022-11-14,1.0429999828338623,1.0429999828338623,1.0329999923706055,1.0379999876022339,13553262.0,14091136.0,101577.8984375
2022-11-15,1.0420000553131104,1.0429999828338623,1.0360000133514404,1.0399999618530273,18919100.0,19649686.0,101577.8984375
2022-11-16,1.0299999713897705,1.059999942779541,1.0299999713897705,1.0509999990463257,19060700.0,19861220.0,101577.8984375
2022-11-17,1.0420000553131104,1.062000036239624,1.0420000553131104,1.0579999685287476,14061600.0,14798318.0,101577.8984375
2022-11-18,1.0579999685287476,1.065000057220459,1.0509999990463257,1.0540000200271606,13655800.0,14469158.0,101577.8984375
2022-11-21,1.0640000104904175,1.0640000104904175,1.0540000200271606,1.0549999475479126,6843300.0,7247502.0,101577.8984375
2022-11-22,1.0579999685287476,1.059000015258789,1.0499999523162842,1.0529999732971191,10181400.0,10732269.0,101577.8984375
2022-11-23,1.0579999685287476,1.0700000524520874,1.0579999685287476,1.0679999589920044,12066500.0,12845794.0,101577.8984375
2022-11-24,1.0740000009536743,1.0800000429153442,1.0720000267028809,1.0770000219345093,8986800.0,9659087.0,101577.8984375
2022-11-25,1.0809999704360962,1.0889999866485596,1.0809999704360962,1.0859999656677246,11235200.0,12203095.0,101577.8984375
2022-11-28,1.0800000429153442,1.0829999446868896,1.0740000009536743,1.0789999961853027,11400300.0,12287192.0,101577.8984375
2022-11-29,1.0679999589920044,1.0709999799728394,1.065000057220459,1.069000005722046,20039500.0,21387468.0,101577.8984375
2022-11-30,1.0640000104904175,1.065999984741211,1.059999942779541,1.062999963760376,9877200.0,10497208.0,101577.8984375
2022-12-01,1.0809999704360962,1.0870000123977661,1.0729999542236328,1.0779999494552612,20264700.0,21820050.0,101577.8984375
2022-12-02,1.065999984741211,1.0700000524520874,1.065000057220459,1.0679999589920044,12409226.0,13244953.0,101577.8984375
2022-12-05,1.0700000524520874,1.0709999799728394,1.062000036239624,1.062999963760376,8373300.0,8926705.0,101577.8984375
2022-12-06,1.0579999685287476,1.059000015258789,1.0509999990463257,1.0520000457763672,10735100.0,11306898.0,101577.8984375
2022-12-07,1.0479999780654907,1.0479999780654907,1.0379999876022339,1.0379999876022339,8072600.0,8418617.0,101577.8984375
2022-12-08,1.031999945640564,1.0440000295639038,1.031999945640564,1.0429999828338623,4842800.0,5031047.0,101577.8984375
2022-12-09,1.0470000505447388,1.0540000200271606,1.0429999828338623,1.0520000457763672,8798100.0,9238018.0,101577.8984375
2022-12-12,1.0420000553131104,1.0479999780654907,1.0410000085830688,1.0470000505447388,4226100.0,4414453.0,101577.8984375
2022-12-13,1.0509999990463257,1.0540000200271606,1.0490000247955322,1.0529999732971191,6117800.0,6432711.0,101577.8984375
2022-12-14,1.059999942779541,1.0700000524520874,1.059999942779541,1.069000005722046,11490900.0,12251585.0,101577.8984375
2022-12-15,1.062999963760376,1.0670000314712524,1.0609999895095825,1.0640000104904175,6664800.0,7086731.0,101577.8984375
2022-12-16,1.034000039100647,1.0390000343322754,1.0299999713897705,1.0379999876022339,7838000.0,8121397.0,101577.8984375
2022-12-19,1.027999997138977,1.0290000438690186,1.0260000228881836,1.0290000438690186,6317100.0,6491639.0,101577.8984375
2022-12-20,1.0299999713897705,1.031000018119812,1.0089999437332153,1.0180000066757202,9078526.0,9229562.0,101577.8984375
2022-12-21,1.027999997138977,1.031999945640564,1.0269999504089355,1.031000018119812,4014700.0,4130542.0,101577.8984375
2022-12-22,1.0379999876022339,1.0490000247955322,1.0379999876022339,1.0479999780654907,5605200.0,5841603.0,101577.8984375
2022-12-23,1.0369999408721924,1.0379999876022339,1.0299999713897705,1.034999966621399,5875100.0,6078094.0,101577.8984375
2022-12-26,1.0329999923706055,1.034000039100647,1.0299999713897705,1.031000018119812,2273800.0,2344912.0,101577.8984375
2022-12-27,1.031000018119812,1.0399999618530273,1.031000018119812,1.0379999876022339,2044100.0,2119655.0,101577.8984375
2022-12-28,1.0360000133514404,1.0360000133514404,1.0269999504089355,1.034999966621399,2080600.0,2149197.0,101577.8984375
2022-12-29,1.0290000438690186,1.031000018119812,1.0260000228881836,1.0260000228881836,3955200.0,4065787.0,101577.8984375
2022-12-30,1.0379999876022339,1.0399999618530273,1.0329999923706055,1.0329999923706055,5615900.0,5815104.0,101577.8984375
2023-01-03,1.031000018119812,1.031000018119812,1.0260000228881836,1.027999997138977,4782500.0,4920410.0,101577.8984375
2023-01-04,1.031000018119812,1.0360000133514404,1.031000018119812,1.034000039100647,6601000.0,6824332.0,101577.8984375
2023-01-05,1.0549999475479126,1.055999994277954,1.0499999523162842,1.0509999990463257,9766500.0,10282193.0,101577.8984375
2023-01-06,1.0470000505447388,1.0479999780654907,1.0410000085830688,1.0420000553131104,4223000.0,4410174.0,101577.8984375
2023-01-09,1.055999994277954,1.065000057220459,1.0549999475479126,1.059000015258789,9085300.0,9632552.0,101577.8984375
2023-01-10,1.0640000104904175,1.069000005722046,1.0609999895095825,1.0670000314712524,6216700.0,6620784.0,101577.8984375
2023-01-11,1.0750000476837158,1.0839999914169312,1.0740000009536743,1.0829999446868896,10499500.0,11313047.0,101577.8984375
2023-01-12,1.0889999866485596,1.0950000286102295,1.0839999914169312,1.0880000591278076,13469400.0,14663940.0,101577.8984375
2023-01-13,1.0920000076293945,1.1009999513626099,1.0920000076293945,1.0989999771118164,8444300.0,9261541.0,101577.8984375
2023-01-16,1.100000023841858,1.1009999513626099,1.093999981880188,1.0959999561309814,11116700.0,12200993.0,101577.8984375
2023-01-17,1.0959999561309814,1.1030000448226929,1.0959999561309814,1.100000023841858,6280500.0,6906021.0,101577.8984375
2023-01-18,1.100000023841858,1.1100000143051147,1.100000023841858,1.1080000400543213,7147800.0,7909723.0,101577.8984375
2023-01-19,1.0980000495910645,1.1009999513626099,1.0959999561309814,1.0980000495910645,7826300.0,8593710.0,101577.8984375
2023-01-20,1.093000054359436,1.1009999513626099,1.090000033378601,1.1009999513626099,9355000.0,10238446.0,101577.8984375
2023-01-30,1.1009999513626099,1.1069999933242798,1.0989999771118164,1.100000023841858,8215800.0,9059472.0,101577.8984375
2023-01-31,1.1009999513626099,1.1050000190734863,1.093999981880188,1.0950000286102295,4938400.0,5435299.0,101577.8984375
2023-02-01,1.1019999980926514,1.1080000400543213,1.1019999980926514,1.1059999465942383,5440300.0,6013192.0,101577.8984375
2023-02-02,1.121999979019165,1.1269999742507935,1.121000051498413,1.1239999532699585,9491853.0,10666991.0,101577.8984375
2023-02-03,1.1339999437332153,1.1410000324249268,1.1330000162124634,1.1349999904632568,15103600.0,17167656.0,101577.8984375
2023-02-06,1.128999948501587,1.128999948501587,1.1180000305175781,1.1200000047683716,9441600.0,10588669.0,101577.8984375
2023-02-07,1.1139999628067017,1.1160000562667847,1.1109999418258667,1.1130000352859497,8530700.0,9488368.0,101577.8984375
2023-02-08,1.11899995803833,1.11899995803833,1.1150000095367432,1.1180000305175781,10577300.0,11815395.0,101577.8984375
2023-02-09,1.1160000562667847,1.125,1.1160000562667847,1.125,5914600.0,6627058.0,101577.8984375
2023-02-10,1.121000051498413,1.121000051498413,1.1139999628067017,1.1200000047683716,8309000.0,9276484.0,101577.8984375
2023-02-13,1.1150000095367432,1.1150000095367432,1.1050000190734863,1.1089999675750732,5348200.0,5919866.0,101577.8984375
2023-02-14,1.1130000352859497,1.121000051498413,1.1130000352859497,1.1200000047683716,4235500.0,4735609.0,101577.8984375
2023-02-15,1.1230000257492065,1.125,1.1169999837875366,1.1169999837875366,4375500.0,4901811.0,101577.8984375
2023-02-16,1.1269999742507935,1.1369999647140503,1.1269999742507935,1.1369999647140503,7259100.0,8224628.0,101577.8984375
2023-02-17,1.125,1.128999948501587,1.121999979019165,1.125,5349600.0,6016497.0,101577.8984375
2023-02-20,1.1269999742507935,1.1440000534057617,1.1269999742507935,1.1399999856948853,7412600.0,8401991.0,101577.8984375
2023-02-21,1.1330000162124634,1.1349999904632568,1.128999948501587,1.1319999694824219,4933900.0,5577787.0,101577.8984375
2023-02-22,1.121000051498413,1.1230000257492065,1.1180000305175781,1.11899995803833,5414100.0,6063558.0,101577.8984375
2023-02-23,1.1230000257492065,1.128000020980835,1.121999979019165,1.128000020980835,4389013.0,4939142.0,101577.8984375
2023-02-24,1.128000020980835,1.1369999647140503,1.128000020980835,1.1349999904632568,7371513.0,8349339.0,101577.8984375
2023-02-27,1.1200000047683716,1.1200000047683716,1.1109999418258667,1.1130000352859497,8881500.0,9904725.0,101577.8984375
2023-02-28,1.125,1.128000020980835,1.1230000257492065,1.125,6612739.0,7445608.0,101577.8984375
2023-03-01,1.121000051498413,1.1269999742507935,1.11899995803833,1.1260000467300415,6473500.0,7272034.0,101577.8984375
2023-03-02,1.1180000305175781,1.1200000047683716,1.1139999628067017,1.1139999628067017,5049700.0,5633686.0,101577.8984375
2023-03-03,1.1200000047683716,1.1230000257492065,1.11899995803833,1.121999979019165,4172937.0,4675821.0,101577.8984375
2023-03-06,1.1349999904632568,1.1469999551773071,1.1330000162124634,1.1440000534057617,8827337.0,10064212.0,101577.8984375
2023-03-07,1.1510000228881836,1.1579999923706055,1.1510000228881836,1.156999945640564,7042300.0,8133143.0,101577.8984375
2023-03-08,1.1519999504089355,1.1519999504089355,1.1319999694824219,1.1360000371932983,9353000.0,10645434.0,101577.8984375
2023-03-09,1.1410000324249268,1.1469999551773071,1.1390000581741333,1.1440000534057617,5263257.0,6017313.0,101577.8984375
2023-03-10,1.1330000162124634,1.1380000114440918,1.1260000467300415,1.128999948501587,9261957.0,10472320.0,101577.8984375
2023-03-13,1.128000020980835,1.1430000066757202,1.128000020980835,1.1410000324249268,12786961.0,14514796.0,101577.8984375
2023-03-14,1.1009999513626099,1.1069999933242798,1.090000033378601,1.093000054359436,25230000.0,27654084.0,101577.8984375
2023-03-15,1.1160000562667847,1.1230000257492065,1.1139999628067017,1.121000051498413,21813800.0,24360552.0,101577.8984375
2023-03-16,1.090999960899353,1.097000002861023,1.0859999656677246,1.0959999561309814,37460100.0,40892340.0,101577.8984375
2023-03-17,1.0989999771118164,1.0989999771118164,1.0859999656677246,1.0950000286102295,23890500.0,26125052.0,101577.8984375
2023-03-20,1.0859999656677246,1.090000033378601,1.062999963760376,1.065000057220459,17924828.0,19322160.0,101577.8984375
2023-03-21,1.093000054359436,1.1019999980926514,1.0889999866485596,1.1019999980926514,23749328.0,26067986.0,101577.8984375
2023-03-22,1.1180000305175781,1.1269999742507935,1.1160000562667847,1.1260000467300415,8595229.0,9639359.0,101577.8984375
2023-03-23,1.1230000257492065,1.1299999952316284,1.1180000305175781,1.1260000467300415,15566200.0,17497872.0,101577.8984375
2023-03-24,1.1239999532699585,1.1239999532699585,1.1200000047683716,1.121999979019165,7168800.0,8042949.0,101577.8984375
2023-03-27,1.1100000143051147,1.121000051498413,1.1089999675750732,1.11899995803833,9305800.0,10366816.0,101577.8984375
2023-03-28,1.1200000047683716,1.1299999952316284,1.1200000047683716,1.128000020980835,9690100.0,10891634.0,101577.8984375
2023-03-29,1.125,1.1339999437332153,1.125,1.1330000162124634,7669500.0,8663512.0,101577.8984375
2023-03-30,1.1410000324249268,1.1449999809265137,1.1399999856948853,1.1440000534057617,8468910.0,9674186.0,101577.8984375
2023-03-31,1.159000039100647,1.159999966621399,1.1380000114440918,1.1549999713897705,11499600.0,13307948.0,101577.8984375
2023-04-03,1.1610000133514404,1.1610000133514404,1.1540000438690186,1.156000018119812,8982000.0,10388073.0,101577.8984375
2023-04-04,1.159999966621399,1.1690000295639038,1.159000039100647,1.1670000553131104,9125100.0,10618532.0,101577.8984375
2023-04-06,1.156999945640564,1.1629999876022339,1.152999997138977,1.1619999408721924,5495000.0,6353098.0,101577.8984375
2023-04-07,1.1679999828338623,1.1710000038146973,1.1619999408721924,1.1670000553131104,7167500.0,8368595.0,101577.8984375
2023-04-10,1.1670000553131104,1.1670000553131104,1.1610000133514404,1.1619999408721924,6721200.0,7813961.0,101577.8984375
2023-04-11,1.1660000085830688,1.1740000247955322,1.1660000085830688,1.1729999780654907,6999200.0,8192072.0,101577.8984375
2023-04-12,1.1699999570846558,1.1729999780654907,1.1690000295639038,1.1720000505447388,5248500.0,6145968.0,101577.8984375
2023-04-13,1.1720000505447388,1.1820000410079956,1.1720000505447388,1.1799999475479126,11106800.0,13086251.0,101577.8984375
2023-04-14,1.187000036239624,1.1950000524520874,1.187000036239624,1.190000057220459,6177400.0,7348610.0,101577.8984375
2023-04-17,1.1970000267028809,1.1970000267028809,1.1890000104904175,1.190000057220459,7536590.0,8980307.0,101577.8984375
2023-04-18,1.1859999895095825,1.187999963760376,1.1820000410079956,1.187000036239624,4375820.0,5183367.0,101577.8984375
2023-04-19,1.190000057220459,1.1929999589920044,1.1890000104904175,1.1929999589920044,4308800.0,5132176.0,101577.8984375
2023-04-20,1.1929999589920044,1.1959999799728394,1.190999984741211,1.194000005722046,5723200.0,6833596.0,101577.8984375
2023-04-21,1.187999963760376,1.1929999589920044,1.180999994277954,1.1829999685287476,7459410.0,8828792.0,101577.8984375
2023-04-24,1.190000057220459,1.1959999799728394,1.190000057220459,1.1929999589920044,7120200.0,8500087.0,101577.8984375
2023-04-25,1.2009999752044678,1.2059999704360962,1.2000000476837158,1.2059999704360962,9037600.0,10868694.0,101577.8984375
2023-04-26,1.2070000171661377,1.2070000171661377,1.1959999799728394,1.2000000476837158,9977600.0,11964504.0,101577.8984375
2023-04-27,1.1979999542236328,1.2020000219345093,1.1950000524520874,1.1979999542236328,3512800.0,4211522.0,101577.8984375
2023-04-28,1.2020000219345093,1.2089999914169312,1.2020000219345093,1.2079999446868896,9171748.0,11060038.0,101577.8984375
2023-05-04,1.2029999494552612,1.2039999961853027,1.1929999589920044,1.1959999799728394,11806812.0,14133775.0,101577.8984375
2023-05-05,1.1959999799728394,1.1959999799728394,1.1920000314712524,1.1929999589920044,7478000.0,8921397.0,101577.8984375
2023-05-08,1.2050000429153442,1.2070000171661377,1.2029999494552612,1.2059999704360962,7846300.0,9450064.0,101577.8984375
2023-05-09,1.2050000429153442,1.2050000429153442,1.1979999542236328,1.1990000009536743,9873100.0,11844853.0,101577.8984375
2023-05-10,1.1990000009536743,1.2039999961853027,1.1970000267028809,1.2029999494552612,4947330.0,5930819.0,101577.8984375
2023-05-11,1.2009999752044678,1.2029999494552612,1.1970000267028809,1.1990000009536743,5539160.0,6643745.0,101577.8984375
2023-05-12,1.194000005722046,1.194000005722046,1.190000057220459,1.1929999589920044,5519400.0,6582028.0,101577.8984375
2023-05-15,1.1920000314712524,1.1959999799728394,1.187999963760376,1.1950000524520874,8745200.0,10420211.0,101577.8984375
2023-05-16,1.190000057220459,1.1929999589920044,1.187000036239624,1.1890000104904175,4337900.0,5160906.0,101577.8984375
2023-05-17,1.187999963760376,1.1979999542236328,1.187999963760376,1.194000005722046,9970400.0,11910798.0,101577.8984375
2023-05-18,1.2009999752044678,1.2120000123977661,1.1990000009536743,1.2100000381469727,12775530.0,15411056.0,101577.8984375
2023-05-19,1.2200000286102295,1.2309999465942383,1.218999981880188,1.2239999771118164,25939400.0,31794372.0,101577.8984375
2023-05-22,1.2280000448226929,1.2350000143051147,1.2239999771118164,1.2269999980926514,18599200.0,22830000.0,101577.8984375
2023-05-23,1.2259999513626099,1.2280000448226929,1.2209999561309814,1.2230000495910645,8812500.0,10796117.0,101577.8984375
2023-05-24,1.2120000123977661,1.215000033378601,1.2039999961853027,1.2050000429153442,12197700.0,14737945.0,101577.8984375
2023-05-25,1.194000005722046,1.1970000267028809,1.1890000104904175,1.1959999799728394,18684200.0,22287816.0,101577.8984375
2023-05-26,1.1929999589920044,1.1929999589920044,1.180999994277954,1.190000057220459,17104400.0,20275100.0,101577.8984375
2023-05-29,1.2020000219345093,1.2239999771118164,1.1990000009536743,1.2209999561309814,22340200.0,26953030.0,101577.8984375
2023-05-30,1.2020000219345093,1.2050000429153442,1.1959999799728394,1.2009999752044678,18165100.0,21825838.0,101577.8984375
2023-05-31,1.194000005722046,1.1950000524520874,1.1829999685287476,1.1829999685287476,17051500.0,20292472.0,101577.8984375
2023-06-01,1.1759999990463257,1.1859999895095825,1.1749999523162842,1.184999942779541,16696000.0,19706968.0,101577.8984375
2023-06-02,1.194000005722046,1.2039999961853027,1.1929999589920044,1.1979999542236328,17184000.0,20601094.0,101577.8984375
2023-06-05,1.2070000171661377,1.2100000381469727,1.2020000219345093,1.2089999914169312,19544400.0,23568166.0,101577.8984375
2023-06-06,1.1979999542236328,1.2039999961853027,1.1970000267028809,1.2009999752044678,13691734.0,16441648.0,101577.8984375
2023-06-07,1.2029999494552612,1.2070000171661377,1.2020000219345093,1.2059999704360962,10106500.0,12170169.0,101577.8984375
2023-06-08,1.2029999494552612,1.2029999494552612,1.1970000267028809,1.2000000476837158,12251700.0,14701608.0,101577.8984375
2023-06-09,1.2079999446868896,1.215000033378601,1.2070000171661377,1.2120000123977661,16438246.0,19895116.0,101577.8984375
2023-06-12,1.2109999656677246,1.218000054359436,1.2100000381469727,1.2170000076293945,10500300.0,12735424.0,101577.8984375
2023-06-13,1.2259999513626099,1.2389999628067017,1.2259999513626099,1.2380000352859497,16831200.0,20771516.0,101577.8984375
2023-06-14,1.2450000047683716,1.246000051498413,1.2330000400543213,1.2359999418258667,14354298.0,17763428.0,101577.8984375
2023-06-15,1.24399995803833,1.2489999532699585,1.2380000352859497,1.2410000562667847,15693500.0,19534654.0,101577.8984375
2023-06-16,1.2489999532699585,1.2569999694824219,1.2480000257492065,1.2549999952316284,10774800.0,13501975.0,101577.8984375
2023-06-19,1.25600004196167,1.2569999694824219,1.2489999532699585,1.2549999952316284,13392200.0,16783588.0,101577.8984375
2023-06-20,1.2480000257492065,1.253000020980835,1.24399995803833,1.2450000047683716,11851500.0,14784377.0,101577.8984375
2023-06-21,1.2450000047683716,1.2510000467300415,1.2450000047683716,1.246000051498413,9969000.0,12438322.0,101577.8984375
2023-06-26,1.2269999980926514,1.2330000400543213,1.2230000495910645,1.2309999465942383,18328200.0,22503346.0,101577.8984375
2023-06-27,1.225000023841858,1.2369999885559082,1.225000023841858,1.2339999675750732,10970500.0,13501154.0,101577.8984375
2023-06-28,1.2359999418258667,1.2480000257492065,1.2350000143051147,1.246999979019165,18039700.0,22361452.0,101577.8984375
2023-06-29,1.2510000467300415,1.253999948501587,1.2430000305175781,1.24399995803833,25137900.0,31381824.0,101577.8984375
2023-06-30,1.2450000047683716,1.2450000047683716,1.2359999418258667,1.2410000562667847,25560728.0,31680592.0,101577.8984375
2023-07-03,1.253000020980835,1.2599999904632568,1.253000020980835,1.2599999904632568,17527828.0,22020638.0,101577.8984375
2023-07-04,1.25,1.2549999952316284,1.246000051498413,1.2489999532699585,12961800.0,16209004.0,101577.8984375
2023-07-05,1.24399995803833,1.2489999532699585,1.2369999885559082,1.2380000352859497,13151800.0,16348251.0,101577.8984375
2023-07-06,1.2330000400543213,1.2330000400543213,1.225000023841858,1.2269999980926514,15869700.0,19514434.0,101577.8984375
2023-07-07,1.2089999914169312,1.215000033378601,1.2059999704360962,1.2130000591278076,31632946.0,38315928.0,101577.8984375
2023-07-10,1.215000033378601,1.218000054359436,1.2130000591278076,1.215999960899353,12227300.0,14866545.0,101577.8984375
2023-07-11,1.2269999980926514,1.2350000143051147,1.2259999513626099,1.2330000400543213,20169800.0,24805750.0,101577.8984375
2023-07-12,1.2359999418258667,1.2400000095367432,1.2319999933242798,1.2369999885559082,15881227.0,19622032.0,101577.8984375
2023-07-13,1.253999948501587,1.2599999904632568,1.2519999742507935,1.25600004196167,19792300.0,24857036.0,101577.8984375
2023-07-14,1.2680000066757202,1.2710000276565552,1.2619999647140503,1.2630000114440918,19313700.0,24464304.0,101577.8984375
2023-07-17,1.2640000581741333,1.2699999809265137,1.2630000114440918,1.2699999809265137,11139300.0,14098602.0,101577.8984375
2023-07-18,1.2719999551773071,1.2740000486373901,1.2680000066757202,1.2730000019073486,9817700.0,12483812.0,101577.8984375
2023-07-19,1.284000039100647,1.2890000343322754,1.281000018119812,1.2890000343322754,20681900.0,26589638.0,101577.8984375
2023-07-20,1.2799999713897705,1.2799999713897705,1.2669999599456787,1.2690000534057617,17960700.0,22889450.0,101577.8984375
2023-07-21,1.2710000276565552,1.2740000486373901,1.2649999856948853,1.2680000066757202,22785900.0,28931564.0,101577.8984375
2023-07-24,1.2660000324249268,1.2699999809265137,1.2660000324249268,1.2680000066757202,9538700.0,12092021.0,101577.8984375
2023-07-25,1.2640000581741333,1.2640000581741333,1.2549999952316284,1.2610000371932983,21214300.0,26714678.0,101577.8984375
2023-07-26,1.2589999437332153,1.2630000114440918,1.25600004196167,1.2619999647140503,8510000.0,10720379.0,101577.8984375
2023-07-27,1.2569999694824219,1.2680000066757202,1.25600004196167,1.2660000324249268,19563100.0,24672268.0,101577.8984375
2023-07-28,1.2649999856948853,1.274999976158142,1.2610000371932983,1.2630000114440918,42776400.0,54202756.0,101577.8984375
2023-07-31,1.2699999809265137,1.2719999551773071,1.2649999856948853,1.2710000276565552,22966900.0,29148668.0,101577.8984375
2023-08-01,1.2710000276565552,1.2730000019073486,1.2680000066757202,1.2690000534057617,13456500.0,17109228.0,101577.8984375
2023-08-02,1.25600004196167,1.25600004196167,1.2430000305175781,1.24399995803833,14737800.0,18439450.0,101577.8984375
2023-08-03,1.2319999933242798,1.2380000352859497,1.2319999933242798,1.2339999675750732,22281200.0,27522472.0,101577.8984375
2023-08-04,1.2319999933242798,1.2419999837875366,1.2280000448226929,1.2380000352859497,54965400.0,67867648.0,101577.8984375
2023-08-07,1.2350000143051147,1.2359999418258667,1.2300000190734863,1.2350000143051147,19360600.0,23872120.0,101577.8984375
2023-08-08,1.2359999418258667,1.2400000095367432,1.2339999675750732,1.2350000143051147,20234300.0,25038516.0,101577.8984375
2023-08-09,1.2289999723434448,1.2369999885559082,1.2280000448226929,1.2359999418258667,15435400.0,19012996.0,101577.8984375
2023-08-10,1.2339999675750732,1.2380000352859497,1.2330000400543213,1.2380000352859497,14040788.0,17353904.0,101577.8984375
2023-08-11,1.2419999837875366,1.246000051498413,1.2380000352859497,1.2450000047683716,21252800.0,26419322.0,101577.8984375
2023-08-14,1.2369999885559082,1.2369999885559082,1.2259999513626099,1.2319999933242798,20174700.0,24802756.0,101577.8984375
2023-08-15,1.2380000352859497,1.2450000047683716,1.2380000352859497,1.2430000305175781,14349900.0,17820868.0,101577.8984375
2023-08-16,1.2280000448226929,1.2300000190734863,1.225000023841858,1.2269999980926514,11536400.0,14161090.0,101577.8984375
2023-08-17,1.218999981880188,1.2280000448226929,1.2170000076293945,1.2259999513626099,18491400.0,22572332.0,101577.8984375
2023-08-18,1.215000033378601,1.2170000076293945,1.2089999914169312,1.2109999656677246,14173000.0,17193286.0,101577.8984375
2023-08-21,1.2100000381469727,1.218999981880188,1.2089999914169312,1.218000054359436,8548900.0,10381704.0,101577.8984375
2023-08-22,1.222000002861023,1.2269999980926514,1.215000033378601,1.2269999980926514,11459400.0,14006693.0,101577.8984375
2023-08-23,1.225000023841858,1.2269999980926514,1.218000054359436,1.2209999561309814,18368100.0,22449084.0,101577.8984375
2023-08-24,1.2259999513626099,1.2309999465942383,1.222000002861023,1.2300000190734863,25144500.0,30860712.0,101577.8984375
2023-08-25,1.2039999961853027,1.2050000429153442,1.1950000524520874,1.1959999799728394,20755600.0,24883512.0,101577.8984375
2023-08-28,1.2050000429153442,1.218000054359436,1.2039999961853027,1.215000033378601,17347300.0,21005736.0,101577.8984375
2023-08-29,1.2200000286102295,1.225000023841858,1.2200000286102295,1.2230000495910645,8706500.0,10647411.0,101577.8984375
2023-08-30,1.2359999418258667,1.2410000562667847,1.2330000400543213,1.2380000352859497,17694600.0,21897232.0,101577.8984375
2023-08-31,1.2369999885559082,1.2430000305175781,1.2369999885559082,1.2419999837875366,20086300.0,24885918.0,101577.8984375
2023-09-01,1.2419999837875366,1.2419999837875366,1.2300000190734863,1.2309999465942383,13778900.0,17009200.0,101577.8984375
2023-09-04,1.2230000495910645,1.2269999980926514,1.218999981880188,1.2259999513626099,27595200.0,33722072.0,101577.8984375
2023-09-05,1.218999981880188,1.2209999561309814,1.215000033378601,1.2170000076293945,13236900.0,16121341.0,101577.8984375
2023-09-06,1.2139999866485596,1.215999960899353,1.2109999656677246,1.2139999866485596,19796700.0,24020792.0,101577.8984375
2023-09-07,1.2109999656677246,1.2130000591278076,1.2059999704360962,1.2070000171661377,14563000.0,17621340.0,101577.8984375
2023-09-08,1.2070000171661377,1.2230000495910645,1.2070000171661377,1.2209999561309814,19471200.0,23675582.0,101577.8984375
2023-09-11,1.2200000286102295,1.2200000286102295,1.2100000381469727,1.215000033378601,17090900.0,20730376.0,101577.8984375
2023-09-12,1.215999960899353,1.218000054359436,1.2120000123977661,1.215999960899353,13019700.0,15824038.0,101577.8984375
2023-09-13,1.2079999446868896,1.2100000381469727,1.1979999542236328,1.2020000219345093,14416300.0,17354296.0,101577.8984375
2023-09-14,1.2020000219345093,1.2059999704360962,1.2020000219345093,1.2039999961853027,17061400.0,20545494.0,101577.8984375
2023-09-15,1.2109999656677246,1.2120000123977661,1.2050000429153442,1.2120000123977661,26768600.0,32336802.0,101577.8984375
2023-09-18,1.2050000429153442,1.2100000381469727,1.2020000219345093,1.2070000171661377,11223100.0,13537482.0,101577.8984375
2023-09-19,1.2000000476837158,1.2009999752044678,1.1970000267028809,1.1990000009536743,10141600.0,12156220.0,101577.8984375
2023-09-20,1.1970000267028809,1.2029999494552612,1.1950000524520874,1.2020000219345093,9077873.0,10881660.0,101577.8984375
2023-09-21,1.1959999799728394,1.1959999799728394,1.187000036239624,1.1890000104904175,11479000.0,13668790.0,101577.8984375
2023-09-22,1.1749999523162842,1.1859999895095825,1.1740000247955322,1.184999942779541,13651100.0,16104307.0,101577.8984375
2023-09-25,1.180999994277954,1.184999942779541,1.1799999475479126,1.1820000410079956,7624100.0,9022521.0,101577.8984375
2023-09-26,1.1710000038146973,1.1729999780654907,1.1610000133514404,1.1619999408721924,13202200.0,15405381.0,101577.8984375
2023-09-27,1.152999997138977,1.1579999923706055,1.149999976158142,1.156000018119812,15594800.0,17970588.0,101577.8984375
2023-09-28,1.152999997138977,1.1540000438690186,1.1480000019073486,1.1490000486373901,11483800.0,13216354.0,101577.8984375
2023-10-09,1.1419999599456787,1.1469999551773071,1.1399999856948853,1.1419999599456787,9008300.0,10298081.0,101577.8984375
2023-10-10,1.1490000486373901,1.152999997138977,1.1490000486373901,1.1519999504089355,12957700.0,14911770.0,101577.8984375
2023-10-11,1.159999966621399,1.1679999828338623,1.159999966621399,1.1670000553131104,19717800.0,22960012.0,101577.8984375
2023-10-12,1.1740000247955322,1.1820000410079956,1.1729999780654907,1.1820000410079956,19777300.0,23275954.0,101577.8984375
2023-10-13,1.1660000085830688,1.1660000085830688,1.1579999923706055,1.159000039100647,10358700.0,12039009.0,101577.8984375
2023-10-16,1.149999976158142,1.1510000228881836,1.1410000324249268,1.1449999809265137,11578099.0,13249638.0,101577.8984375
2023-10-17,1.1510000228881836,1.1549999713897705,1.1510000228881836,1.1540000438690186,8190200.0,9440511.0,101577.8984375
2023-10-18,1.149999976158142,1.1579999923706055,1.1480000019073486,1.1549999713897705,7593600.0,8759258.0,101577.8984375
2023-10-19,1.1399999856948853,1.1399999856948853,1.1319999694824219,1.1339999437332153,10567600.0,11995610.0,101577.8984375
2023-10-20,1.1239999532699585,1.1369999647140503,1.1239999532699585,1.1299999952316284,4444800.0,5027639.0,101577.8984375
2023-10-23,1.1239999532699585,1.125,1.1200000047683716,1.1239999532699585,6043100.0,6788103.0,101577.8984375
2023-10-24,1.125,1.1349999904632568,1.125,1.1339999437332153,8876300.0,10029625.0,101577.8984375
2023-10-25,1.1369999647140503,1.1369999647140503,1.1239999532699585,1.1260000467300415,12155900.0,13737258.0,101577.8984375
2023-10-26,1.1169999837875366,1.1180000305175781,1.1109999418258667,1.1130000352859497,7417246.0,8267330.0,101577.8984375
2023-10-27,1.1130000352859497,1.1200000047683716,1.1130000352859497,1.1180000305175781,18431800.0,20594222.0,101577.8984375
2023-10-30,1.1119999885559082,1.1169999837875366,1.1089999675750732,1.1150000095367432,12996300.0,14446824.0,101577.8984375
2023-10-31,1.1169999837875366,1.121000051498413,1.1139999628067017,1.1200000047683716,17756700.0,19826892.0,101577.8984375
2023-11-01,1.1260000467300415,1.1299999952316284,1.1230000257492065,1.1299999952316284,12063400.0,13581373.0,101577.8984375
2023-11-02,1.1380000114440918,1.1449999809265137,1.1380000114440918,1.1419999599456787,22111500.0,25240422.0,101577.8984375
2023-11-03,1.1540000438690186,1.1610000133514404,1.1540000438690186,1.1579999923706055,16296900.0,18854386.0,101577.8984375
2023-11-06,1.1619999408721924,1.1640000343322754,1.1579999923706055,1.1640000343322754,25074300.0,29103124.0,101577.8984375
2023-11-07,1.156999945640564,1.156999945640564,1.1460000276565552,1.1480000019073486,18551400.0,21346910.0,101577.8984375
2023-11-08,1.149999976158142,1.1510000228881836,1.1419999599456787,1.1430000066757202,11107400.0,12750902.0,101577.8984375
2023-11-09,1.149999976158142,1.1649999618530273,1.149999976158142,1.1640000343322754,23221800.0,26929596.0,101577.8984375
2023-11-10,1.1610000133514404,1.1640000343322754,1.1540000438690186,1.156999945640564,18361600.0,21259172.0,101577.8984375
2023-11-13,1.1619999408721924,1.1649999618530273,1.159000039100647,1.1640000343322754,11323500.0,13154211.0,101577.8984375
2023-11-14,1.1690000295639038,1.1749999523162842,1.1679999828338623,1.1720000505447388,10797600.0,12651887.0,101577.8984375
2023-11-15,1.1990000009536743,1.2079999446868896,1.1970000267028809,1.2029999494552612,20947590.0,25178148.0,101577.8984375
2023-11-16,1.2070000171661377,1.215000033378601,1.2039999961853027,1.2139999866485596,18179600.0,21957976.0,101577.8984375
2023-11-17,1.2170000076293945,1.2209999561309814,1.215000033378601,1.218000054359436,12564500.0,15310427.0,101577.8984375
2023-11-20,1.222000002861023,1.2239999771118164,1.2130000591278076,1.2139999866485596,24365600.0,29678256.0,101577.8984375
2023-11-21,1.2200000286102295,1.2200000286102295,1.215000033378601,1.218000054359436,12288900.0,14961515.0,101577.8984375
2023-11-22,1.2120000123977661,1.215000033378601,1.2079999446868896,1.2120000123977661,8923200.0,10806480.0,101577.8984375
2023-11-23,1.215000033378601,1.218000054359436,1.2120000123977661,1.2130000591278076,8554200.0,10388846.0,101577.8984375
2023-11-24,1.215000033378601,1.225000023841858,1.2139999866485596,1.2239999771118164,9123300.0,11124644.0,101577.8984375
2023-11-27,1.225000023841858,1.2280000448226929,1.2200000286102295,1.2259999513626099,6388500.0,7817262.0,101577.8984375
2023-11-28,1.2230000495910645,1.2239999771118164,1.2170000076293945,1.218999981880188,8340200.0,10172897.0,101577.8984375
2023-11-29,1.2239999771118164,1.2280000448226929,1.2230000495910645,1.2269999980926514,9923700.0,12161025.0,101577.8984375
2023-11-30,1.2389999628067017,1.2450000047683716,1.2369999885559082,1.24399995803833,17262064.0,21417336.0,101577.8984375
2023-12-01,1.25,1.25,1.2369999885559082,1.2400000095367432,14292100.0,17734428.0,101577.8984375
2023-12-04,1.2480000257492065,1.2480000257492065,1.2419999837875366,1.246000051498413,16556500.0,20636136.0,101577.8984375
2023-12-05,1.2419999837875366,1.24399995803833,1.2359999418258667,1.2369999885559082,19419300.0,24084366.0,101577.8984375
2023-12-06,1.25,1.2580000162124634,1.2480000257492065,1.2549999952316284,29479100.0,36963524.0,101577.8984375
2023-12-07,1.2569999694824219,1.2589999437332153,1.25,1.2519999742507935,18070956.0,22627604.0,101577.8984375
2023-12-08,1.2519999742507935,1.2599999904632568,1.2519999742507935,1.2589999437332153,12471900.0,15664238.0,101577.8984375
2023-12-11,1.2669999599456787,1.274999976158142,1.2669999599456787,1.274999976158142,26485900.0,33675176.0,101577.8984375
2023-12-12,1.2769999504089355,1.2829999923706055,1.2699999809265137,1.2719999551773071,27422700.0,34984272.0,101577.8984375
2023-12-13,1.2740000486373901,1.2760000228881836,1.2699999809265137,1.2740000486373901,15996100.0,20355824.0,101577.8984375
2023-12-14,1.277999997138977,1.2929999828338623,1.277999997138977,1.2920000553131104,27947400.0,35978248.0,101577.8984375
2023-12-15,1.284000039100647,1.284000039100647,1.277999997138977,1.281000018119812,18709596.0,23980260.0,101577.8984375
2023-12-18,1.2730000019073486,1.277999997138977,1.2690000534057617,1.2740000486373901,32046700.0,40798808.0,101577.8984375
2023-12-19,1.2680000066757202,1.2740000486373901,1.2680000066757202,1.2740000486373901,27494400.0,34938656.0,101577.8984375
2023-12-20,1.281999945640564,1.2869999408721924,1.2790000438690186,1.284000039100647,36243400.0,46505036.0,101577.8984375
2023-12-21,1.2699999809265137,1.2769999504089355,1.2680000066757202,1.2710000276565552,27419756.0,34852348.0,101577.8984375
2023-12-22,1.2760000228881836,1.2829999923706055,1.2740000486373901,1.2769999504089355,19329700.0,24676888.0,101577.8984375
2023-12-25,1.2769999504089355,1.2879999876022339,1.2769999504089355,1.2869999408721924,9137000.0,11712736.0,101577.8984375
2023-12-26,1.2879999876022339,1.2929999828338623,1.281000018119812,1.2910000085830688,25382696.0,32700430.0,101577.8984375
2023-12-27,1.2910000085830688,1.2949999570846558,1.2869999408721924,1.2940000295639038,32548100.0,42043268.0,101577.8984375
2023-12-28,1.2979999780654907,1.2990000247955322,1.2899999618530273,1.2929999828338623,25209000.0,32619884.0,101577.8984375
2023-12-29,1.281999945640564,1.2829999923706055,1.2769999504089355,1.281999945640564,29489600.0,37728880.0,101577.8984375
2024-01-02,1.281999945640564,1.2899999618530273,1.281000018119812,1.2890000343322754,15874100.0,20417640.0,101577.8984375
2024-01-03,1.2769999504089355,1.281000018119812,1.2730000019073486,1.2740000486373901,14833400.0,18940016.0,101577.8984375
2024-01-04,1.2549999952316284,1.2610000371932983,1.253999948501587,1.2610000371932983,21680700.0,27250024.0,101577.8984375
2024-01-05,1.2640000581741333,1.2669999599456787,1.2569999694824219,1.2580000162124634,21720300.0,27440516.0,101577.8984375
2024-01-08,1.2649999856948853,1.2680000066757202,1.2630000114440918,1.2640000581741333,9313400.0,11784933.0,101577.8984375
2024-01-09,1.2799999713897705,1.2979999780654907,1.2799999713897705,1.2899999618530273,52329900.0,67310048.0,101577.8984375
2024-01-10,1.284000039100647,1.2890000343322754,1.2760000228881836,1.2769999504089355,40424500.0,51743696.0,101577.8984375
2024-01-11,1.2829999923706055,1.2910000085830688,1.2829999923706055,1.2899999618530273,35353460.0,45524336.0,101577.8984375
2024-01-12,1.2790000438690186,1.2790000438690186,1.2730000019073486,1.2760000228881836,30037630.0,38294768.0,101577.8984375
2024-01-15,1.2829999923706055,1.2970000505447388,1.281000018119812,1.2920000553131104,36329100.0,46812036.0,101577.8984375
2024-01-16,1.281000018119812,1.281999945640564,1.2630000114440918,1.2649999856948853,87946096.0,111813328.0,101577.8984375
2024-01-17,1.2649999856948853,1.2660000324249268,1.2480000257492065,1.2510000467300415,63261300.0,79503392.0,101577.8984375
2024-01-18,1.25,1.2599999904632568,1.2489999532699585,1.2589999437332153,34331012.0,43086784.0,101577.8984375
2024-01-19,1.2699999809265137,1.2719999551773071,1.2680000066757202,1.2710000276565552,36659900.0,46564480.0,101577.8984375
2024-01-22,1.274999976158142,1.315999984741211,1.274999976158142,1.2990000247955322,130591600.0,168322704.0,101577.8984375
2024-01-23,1.3009999990463257,1.3580000400543213,1.2899999618530273,1.312999963760376,589677056.0,781415232.0,101577.8984375
2024-01-24,1.312999963760376,1.399999976158142,1.2619999647140503,1.3029999732971191,1525599360.0,2062792704.0,101577.8984375
2024-01-25,1.3389999866485596,1.3539999723434448,1.2910000085830688,1.305999994277954,650812800.0,859097024.0,101577.8984375
2024-01-26,1.3049999475479126,1.3179999589920044,1.2860000133514404,1.2890000343322754,293184800.0,381964352.0,101577.8984375
2024-01-29,1.2960000038146973,1.3009999990463257,1.2899999618530273,1.2999999523162842,179738800.0,232839840.0,101577.8984375
2024-01-30,1.309000015258789,1.315999984741211,1.2970000505447388,1.3140000104904175,253833056.0,332153280.0,101577.8984375
2024-01-31,1.315999984741211,1.340000033378601,1.2910000085830688,1.2929999828338623,408067872.0,535258272.0,101577.8984375
2024-02-01,1.2799999713897705,1.2879999876022339,1.2740000486373901,1.2760000228881836,133256704.0,170621664.0,101577.8984375
2024-02-02,1.2899999618530273,1.2960000038146973,1.2869999408721924,1.2899999618530273,127714160.0,164853904.0,101577.8984375
2024-02-05,1.284000039100647,1.284000039100647,1.2730000019073486,1.2799999713897705,107770200.0,137772464.0,101577.8984375
2024-02-06,1.274999976158142,1.277999997138977,1.2710000276565552,1.274999976158142,81201104.0,103448040.0,101577.8984375
2024-02-07,1.281999945640564,1.284000039100647,1.277999997138977,1.281000018119812,48998300.0,62765792.0,101577.8984375
2024-02-08,1.2730000019073486,1.2829999923706055,1.2690000534057617,1.281000018119812,72465104.0,92613464.0,101577.8984375
2024-02-19,1.2860000133514404,1.2899999618530273,1.281999945640564,1.2879999876022339,101850000.0,131001288.0,101577.8984375
2024-02-20,1.2879999876022339,1.2979999780654907,1.284999966621399,1.2860000133514404,62513588.0,80532368.0,101577.8984375
2024-02-21,1.2869999408721924,1.2890000343322754,1.284000039100647,1.2890000343322754,74363000.0,95699624.0,101577.8984375
2024-02-22,1.2960000038146973,1.3049999475479126,1.2949999570846558,1.3040000200271606,81805504.0,106302464.0,101577.8984375
2024-02-23,1.3140000104904175,1.3200000524520874,1.3140000104904175,1.3179999589920044,57963900.0,76341792.0,101577.8984375
2024-02-26,1.3170000314712524,1.3200000524520874,1.309999942779541,1.3140000104904175,51251200.0,67403696.0,101577.8984375
2024-02-27,1.3170000314712524,1.3220000267028809,1.315999984741211,1.3179999589920044,79564496.0,104909672.0,101577.8984375
2024-02-28,1.3300000429153442,1.3350000381469727,1.3289999961853027,1.3329999446868896,70150896.0,93395008.0,101577.8984375
2024-02-29,1.3329999446868896,1.3350000381469727,1.3289999961853027,1.3339999914169312,58532100.0,77982048.0,101577.8984375
2024-03-01,1.340000033378601,1.343000054359436,1.3380000591278076,1.3420000076293945,54398700.0,72958928.0,101577.8984375
2024-03-04,1.343000054359436,1.343999981880188,1.340999960899353,1.343999981880188,40702400.0,54637652.0,101577.8984375
2024-03-05,1.340000033378601,1.340999960899353,1.3359999656677246,1.3359999656677246,36538600.0,48890000.0,101577.8984375
2024-03-06,1.3370000123977661,1.343000054359436,1.3359999656677246,1.340999960899353,41547600.0,55638108.0,101577.8984375
2024-03-07,1.3420000076293945,1.3509999513626099,1.340999960899353,1.3459999561309814,42337900.0,57002664.0,101577.8984375
2024-03-08,1.3630000352859497,1.3730000257492065,1.3630000352859497,1.3680000305175781,53690700.0,73463936.0,101577.8984375
2024-03-11,1.3569999933242798,1.3580000400543213,1.3480000495910645,1.3530000448226929,43076708.0,58237660.0,101577.8984375
2024-03-12,1.3569999933242798,1.3600000143051147,1.3519999980926514,1.3600000143051147,28333800.0,38425124.0,101577.8984375
2024-03-13,1.371999979019165,1.375,1.3639999628067017,1.3700000047683716,38335008.0,52451816.0,101577.8984375
2024-03-14,1.36899995803833,1.375,1.3660000562667847,1.3739999532699585,36434400.0,49980996.0,101577.8984375
2024-03-15,1.36899995803833,1.36899995803833,1.3550000190734863,1.3569999933242798,67955104.0,92373544.0,101577.8984375
2024-03-18,1.3580000400543213,1.3669999837875366,1.3580000400543213,1.3669999837875366,33519532.0,45677728.0,101577.8984375
2024-03-19,1.3609999418258667,1.3609999418258667,1.3509999513626099,1.3569999933242798,30935100.0,41912224.0,101577.8984375
2024-03-20,1.3609999418258667,1.3630000352859497,1.3589999675750732,1.3619999885559082,21180700.0,28817112.0,101577.8984375
2024-03-21,1.3769999742507935,1.3890000581741333,1.371999979019165,1.3860000371932983,45938904.0,63448900.0,101577.8984375
2024-03-22,1.3849999904632568,1.3849999904632568,1.378000020980835,1.3799999952316284,40647100.0,56141484.0,101577.8984375
2024-03-25,1.3799999952316284,1.3819999694824219,1.3760000467300415,1.3760000467300415,29809800.0,41106208.0,101577.8984375
2024-03-26,1.38100004196167,1.3890000581741333,1.38100004196167,1.3880000114440918,36601340.0,50690692.0,101577.8984375
2024-03-27,1.3949999809265137,1.4019999504089355,1.3940000534057617,1.4019999504089355,62783500.0,87810744.0,101577.8984375
2024-03-28,1.4129999876022339,1.4149999618530273,1.4019999504089355,1.406999945640564,61706712.0,86810592.0,101577.8984375
2024-03-29,1.4040000438690186,1.409999966621399,1.3990000486373901,1.409000039100647,64349700.0,90521032.0,101577.8984375
2024-04-01,1.409000039100647,1.4170000553131104,1.409000039100647,1.4160000085830688,30031500.0,42467400.0,101577.8984375
2024-04-02,1.4110000133514404,1.4119999408721924,1.406000018119812,1.409000039100647,24878300.0,35042368.0,101577.8984375
2024-04-03,1.3899999856948853,1.3899999856948853,1.378999948501587,1.3839999437332153,62864800.0,87004536.0,101577.8984375
2024-04-08,1.3799999952316284,1.3839999437332153,1.3760000467300415,1.3819999694824219,53265800.0,73476592.0,101577.8984375
2024-04-09,1.3899999856948853,1.3969999551773071,1.3899999856948853,1.3949999809265137,40333900.0,56187760.0,101577.8984375
2024-04-10,1.378999948501587,1.3860000371932983,1.378000020980835,1.3849999904632568,50679200.0,70015864.0,101577.8984375
2024-04-11,1.3700000047683716,1.3730000257492065,1.3639999628067017,1.3669999837875366,60924800.0,83304496.0,101577.8984375
2024-04-12,1.3630000352859497,1.3730000257492065,1.3609999418258667,1.3730000257492065,68255696.0,93362720.0,101577.8984375
2024-04-15,1.3539999723434448,1.3569999933242798,1.347000002861023,1.3569999933242798,46450300.0,62792560.0,101577.8984375
2024-04-16,1.3380000591278076,1.340000033378601,1.3250000476837158,1.3250000476837158,71045904.0,94521952.0,101577.8984375
2024-04-17,1.3240000009536743,1.3289999961853027,1.3179999589920044,1.3200000524520874,65497700.0,86684016.0,101577.8984375
2024-04-18,1.3200000524520874,1.3370000123977661,1.3200000524520874,1.3329999446868896,50557700.0,67194824.0,101577.8984375
2024-04-19,1.3140000104904175,1.3209999799728394,1.2970000505447388,1.3200000524520874,92007000.0,120183440.0,101577.8984375
2024-04-22,1.3170000314712524,1.3359999656677246,1.3170000314712524,1.3339999914169312,34174400.0,45440256.0,101577.8984375
2024-04-23,1.340999960899353,1.343000054359436,1.3359999656677246,1.3420000076293945,40757600.0,54572980.0,101577.8984375
2024-04-24,1.3630000352859497,1.3700000047683716,1.3630000352859497,1.3650000095367432,71215296.0,97355160.0,101577.8984375
2024-04-25,1.3550000190734863,1.3569999933242798,1.3489999771118164,1.3569999933242798,64203368.0,86831328.0,101577.8984375
2024-04-26,1.3509999513626099,1.3559999465942383,1.350000023841858,1.3539999723434448,60809212.0,82292128.0,101577.8984375
2024-04-29,1.3639999628067017,1.3669999837875366,1.3619999885559082,1.3630000352859497,46955824.0,64076936.0,101577.8984375
2024-04-30,1.3589999675750732,1.3589999675750732,1.3530000448226929,1.3580000400543213,29142000.0,39517568.0,101577.8984375
2024-05-06,1.350000023841858,1.3550000190734863,1.3480000495910645,1.3539999723434448,28397112.0,38398688.0,101577.8984375
2024-05-07,1.3639999628067017,1.3650000095367432,1.3619999885559082,1.3650000095367432,31118000.0,42423352.0,101577.8984375
2024-05-08,1.378000020980835,1.3799999952316284,1.375,1.378000020980835,44929800.0,61864224.0,101577.8984375
2024-05-09,1.3830000162124634,1.3839999437332153,1.3799999952316284,1.3799999952316284,25861800.0,35721424.0,101577.8984375
2024-05-10,1.399999976158142,1.4049999713897705,1.3980000019073486,1.4049999713897705,35302700.0,49446192.0,101577.8984375
2024-05-13,1.406000018119812,1.4079999923706055,1.402999997138977,1.4040000438690186,25718700.0,36135060.0,101577.8984375
2024-05-14,1.4010000228881836,1.4040000438690186,1.4010000228881836,1.402999997138977,18245330.0,25579696.0,101577.8984375
2024-05-15,1.4079999923706055,1.4119999408721924,1.4079999923706055,1.409000039100647,24019700.0,33867860.0,101577.8984375
2024-05-16,1.4220000505447388,1.4270000457763672,1.4220000505447388,1.4249999523162842,36007832.0,51281184.0,101577.8984375
2024-05-17,1.4119999408721924,1.4119999408721924,1.4040000438690186,1.4079999923706055,64637760.0,90893168.0,101577.8984375
2024-05-20,1.4119999408721924,1.4149999618530273,1.409999966621399,1.4110000133514404,28744160.0,40596840.0,101577.8984375
2024-05-21,1.409999966621399,1.4129999876022339,1.4040000438690186,1.4119999408721924,39167900.0,55174788.0,101577.8984375
2024-05-22,1.4110000133514404,1.4119999408721924,1.406999945640564,1.409999966621399,17483700.0,24651252.0,101577.8984375
2024-05-23,1.4049999713897705,1.409000039100647,1.4019999504089355,1.406999945640564,28280400.0,39758864.0,101577.8984375
2024-05-24,1.3980000019073486,1.3980000019073486,1.3869999647140503,1.3880000114440918,45852368.0,63832204.0,101577.8984375
2024-05-27,1.399999976158142,1.409000039100647,1.399999976158142,1.409000039100647,29012900.0,40777748.0,101577.8984375
2024-05-28,1.4149999618530273,1.4259999990463257,1.4140000343322754,1.4249999523162842,37826700.0,53661848.0,101577.8984375
2024-05-29,1.409000039100647,1.409999966621399,1.399999976158142,1.4019999504089355,46904700.0,65857976.0,101577.8984375
2024-05-30,1.3799999952316284,1.3860000371932983,1.3739999532699585,1.378999948501587,40847800.0,56364396.0,101577.8984375
2024-05-31,1.3849999904632568,1.3890000581741333,1.3819999694824219,1.3880000114440918,19981600.0,27676660.0,101577.8984375
2024-06-03,1.4010000228881836,1.406000018119812,1.399999976158142,1.4049999713897705,30945792.0,43423352.0,101577.8984375
2024-06-04,1.406999945640564,1.409999966621399,1.3980000019073486,1.4010000228881836,25501078.0,35829144.0,101577.8984375
2024-06-05,1.3949999809265137,1.399999976158142,1.3930000066757202,1.3980000019073486,31870754.0,44532400.0,101577.8984375
2024-06-06,1.4110000133514404,1.4129999876022339,1.4040000438690186,1.4129999876022339,59909900.0,84488856.0,101577.8984375
2024-06-07,1.4110000133514404,1.4119999408721924,1.4049999713897705,1.4110000133514404,31807800.0,44810600.0,101577.8984375
2024-06-11,1.3969999551773071,1.3969999551773071,1.3849999904632568,1.3890000581741333,57132800.0,79312992.0,101577.8984375
2024-06-12,1.3739999532699585,1.3819999694824219,1.371000051498413,1.3799999952316284,60040100.0,82622160.0,101577.8984375
2024-06-13,1.3960000276565552,1.3980000019073486,1.3910000324249268,1.3969999551773071,66998700.0,93411864.0,101577.8984375
2024-06-14,1.3639999628067017,1.3730000257492065,1.3619999885559082,1.3639999628067017,95460400.0,130429176.0,101577.8984375
2024-06-17,1.347000002861023,1.3530000448226929,1.343000054359436,1.3519999980926514,78137208.0,105321968.0,101577.8984375
2024-06-18,1.3530000448226929,1.3669999837875366,1.3530000448226929,1.3660000562667847,62009000.0,84293248.0,101577.8984375
2024-06-19,1.3650000095367432,1.3680000305175781,1.3559999465942383,1.3580000400543213,52374400.0,71217624.0,101577.8984375
2024-06-20,1.3539999723434448,1.3609999418258667,1.3519999980926514,1.3609999418258667,40798400.0,55339904.0,101577.8984375
2024-06-21,1.3680000305175781,1.3680000305175781,1.3639999628067017,1.3650000095367432,57035500.0,77913024.0,101577.8984375
2024-06-24,1.3509999513626099,1.3589999675750732,1.3509999513626099,1.3569999933242798,36960900.0,50051120.0,101577.8984375
2024-06-25,1.3619999885559082,1.36899995803833,1.3609999418258667,1.36899995803833,75020496.0,102501376.0,101577.8984375
2024-06-26,1.3630000352859497,1.36899995803833,1.3609999418258667,1.36899995803833,90204200.0,123264904.0,101577.8984375
2024-06-27,1.3569999933242798,1.3619999885559082,1.3550000190734863,1.3600000143051147,54404800.0,73873480.0,101577.8984375
2024-06-28,1.3639999628067017,1.36899995803833,1.3619999885559082,1.36899995803833,48652900.0,66424748.0,101577.8984375
2024-07-01,1.3730000257492065,1.3849999904632568,1.3730000257492065,1.3830000162124634,77694800.0,107175024.0,101577.8984375
2024-07-02,1.3760000467300415,1.3760000467300415,1.3680000305175781,1.36899995803833,84681600.0,116258048.0,101577.8984375
2024-07-03,1.371000051498413,1.378999948501587,1.36899995803833,1.378000020980835,85027400.0,116876528.0,101577.8984375
2024-07-04,1.3869999647140503,1.402999997138977,1.3869999647140503,1.4010000228881836,137163584.0,191436512.0,101577.8984375
2024-07-05,1.406999945640564,1.4170000553131104,1.3969999551773071,1.406999945640564,120052200.0,169072864.0,101577.8984375
2024-07-08,1.4049999713897705,1.409999966621399,1.4019999504089355,1.4049999713897705,58535400.0,82262968.0,101577.8984375
2024-07-09,1.406000018119812,1.4119999408721924,1.402999997138977,1.4110000133514404,77334600.0,108800656.0,101577.8984375
2024-07-10,1.3930000066757202,1.3949999809265137,1.3890000581741333,1.3899999856948853,80085000.0,111475192.0,101577.8984375
2024-07-11,1.402999997138977,1.4079999923706055,1.3990000486373901,1.406999945640564,77000200.0,107979568.0,101577.8984375
2024-07-12,1.4040000438690186,1.406999945640564,1.399999976158142,1.4010000228881836,68994496.0,96790360.0,101577.8984375
2024-07-15,1.4160000085830688,1.4249999523162842,1.4149999618530273,1.4229999780654907,95103904.0,135085344.0,101577.8984375
2024-07-16,1.409999966621399,1.4170000553131104,1.4079999923706055,1.409999966621399,87127104.0,123113312.0,101577.8984375
2024-07-17,1.4110000133514404,1.4210000038146973,1.409999966621399,1.4129999876022339,112102232.0,158762144.0,101577.8984375
2024-07-18,1.4079999923706055,1.4190000295639038,1.4049999713897705,1.4179999828338623,70949400.0,100139200.0,101577.8984375
2024-07-19,1.4049999713897705,1.406000018119812,1.3869999647140503,1.3890000581741333,87514400.0,122351240.0,101577.8984375
2024-07-22,1.378000020980835,1.3839999437332153,1.3739999532699585,1.3830000162124634,88965800.0,122573256.0,101577.8984375
2024-07-23,1.4010000228881836,1.406000018119812,1.3969999551773071,1.4049999713897705,69715928.0,97612632.0,101577.8984375
2024-07-24,1.4079999923706055,1.4079999923706055,1.3890000581741333,1.3910000324249268,60576492.0,84720128.0,101577.8984375
2024-07-25,1.3769999742507935,1.38100004196167,1.3639999628067017,1.3650000095367432,95625400.0,131336216.0,101577.8984375
2024-07-26,1.3700000047683716,1.375,1.3700000047683716,1.3739999532699585,43088400.0,59157172.0,101577.8984375
2024-07-29,1.3919999599456787,1.3969999551773071,1.3910000324249268,1.3960000276565552,51886028.0,72327432.0,101577.8984375
2024-07-30,1.3739999532699585,1.378999948501587,1.371000051498413,1.375,62595000.0,86058832.0,101577.8984375
2024-07-31,1.378999948501587,1.3880000114440918,1.375,1.3849999904632568,62699100.0,86634704.0,101577.8984375
2024-08-01,1.3880000114440918,1.3880000114440918,1.3769999742507935,1.378000020980835,52366400.0,72523040.0,101577.8984375
2024-08-02,1.343999981880188,1.350000023841858,1.3289999961853027,1.3300000429153442,108652400.0,145449392.0,101577.8984375
2024-08-05,1.2999999523162842,1.3140000104904175,1.2730000019073486,1.281999945640564,130786392.0,169393504.0,101577.8984375
2024-08-06,1.309000015258789,1.3109999895095825,1.2990000247955322,1.3029999732971191,54452000.0,71087712.0,101577.8984375
2024-08-07,1.3040000200271606,1.315000057220459,1.2999999523162842,1.3040000200271606,58585100.0,76625864.0,101577.8984375
2024-08-08,1.3070000410079956,1.315000057220459,1.3029999732971191,1.309999942779541,51670900.0,67604000.0,101577.8984375
2024-08-09,1.3220000267028809,1.3279999494552612,1.315999984741211,1.3229999542236328,33055600.0,43738928.0,101577.8984375
2024-08-12,1.3309999704360962,1.3329999446868896,1.3279999494552612,1.3309999704360962,17989700.0,23941830.0,101577.8984375
2024-08-13,1.3320000171661377,1.3320000171661377,1.3289999961853027,1.3320000171661377,15241500.0,20281844.0,101577.8984375
2024-08-14,1.3370000123977661,1.343999981880188,1.3350000381469727,1.343000054359436,38045400.0,50950440.0,101577.8984375
2024-08-15,1.3480000495910645,1.3530000448226929,1.3459999561309814,1.3519999980926514,29287700.0,39557084.0,101577.8984375
2024-08-16,1.3730000257492065,1.3760000467300415,1.3700000047683716,1.3730000257492065,53102100.0,72862296.0,101577.8984375
2024-08-19,1.3799999952316284,1.3799999952316284,1.371999979019165,1.3730000257492065,42070000.0,57873468.0,101577.8984375
2024-08-20,1.3860000371932983,1.3960000276565552,1.3860000371932983,1.3960000276565552,36128000.0,50258144.0,101577.8984375
2024-08-21,1.3880000114440918,1.3910000324249268,1.3849999904632568,1.3899999856948853,23288100.0,32345268.0,101577.8984375
2024-08-22,1.3990000486373901,1.4010000228881836,1.3949999809265137,1.3990000486373901,27516200.0,38477016.0,101577.8984375
2024-08-23,1.3980000019073486,1.4019999504089355,1.3969999551773071,1.4010000228881836,19695900.0,27560260.0,101577.8984375
2024-08-26,1.409999966621399,1.4119999408721924,1.4079999923706055,1.409000039100647,38218200.0,53889928.0,101577.8984375
2024-08-27,1.4110000133514404,1.4160000085830688,1.409999966621399,1.4149999618530273,29436900.0,41595940.0,101577.8984375
2024-08-28,1.4199999570846558,1.4220000505447388,1.4160000085830688,1.4210000038146973,29961700.0,42519320.0,101577.8984375
2024-08-29,1.4220000505447388,1.4229999780654907,1.4129999876022339,1.4149999618530273,44781112.0,63488712.0,101577.8984375
2024-08-30,1.4149999618530273,1.4190000295639038,1.4119999408721924,1.4129999876022339,68769296.0,97332808.0,101577.8984375
2024-09-02,1.4149999618530273,1.4170000553131104,1.4129999876022339,1.4170000553131104,39133500.0,55356564.0,101577.8984375
2024-09-03,1.4190000295639038,1.4229999780654907,1.4179999828338623,1.4229999780654907,41212100.0,58559944.0,101577.8984375
2024-09-04,1.3899999856948853,1.3960000276565552,1.3819999694824219,1.3830000162124634,69847504.0,97125152.0,101577.8984375
2024-09-05,1.3899999856948853,1.3949999809265137,1.3880000114440918,1.3899999856948853,28967600.0,40320996.0,101577.8984375
2024-09-06,1.3890000581741333,1.3969999551773071,1.3890000581741333,1.3930000066757202,21997400.0,30672424.0,101577.8984375
2024-09-09,1.378999948501587,1.3799999952316284,1.3730000257492065,1.3769999742507935,43081808.0,59276724.0,101577.8984375
2024-09-10,1.3819999694824219,1.3849999904632568,1.378999948501587,1.38100004196167,14799600.0,20455564.0,101577.8984375
2024-09-11,1.371999979019165,1.375,1.3660000562667847,1.371999979019165,20816600.0,28514696.0,101577.8984375
2024-09-12,1.3830000162124634,1.3890000581741333,1.38100004196167,1.3860000371932983,35646500.0,49376392.0,101577.8984375
2024-09-13,1.3919999599456787,1.3980000019073486,1.3919999599456787,1.3940000534057617,45687800.0,63721008.0,101577.8984375
2024-09-18,1.406000018119812,1.4110000133514404,1.4049999713897705,1.409000039100647,31391600.0,44193764.0,101577.8984375
2024-09-19,1.4149999618530273,1.4190000295639038,1.409999966621399,1.4179999828338623,49299600.0,69790784.0,101577.8984375
2024-09-20,1.4249999523162842,1.4270000457763672,1.4149999618530273,1.4170000553131104,57552800.0,81803024.0,101577.8984375
2024-09-23,1.406999945640564,1.4110000133514404,1.406000018119812,1.4079999923706055,45544300.0,64133036.0,101577.8984375
2024-09-24,1.4110000133514404,1.4149999618530273,1.4019999504089355,1.4140000343322754,47170860.0,66446692.0,101577.8984375
2024-09-25,1.4129999876022339,1.4160000085830688,1.4079999923706055,1.409000039100647,34025700.0,48088488.0,101577.8984375
2024-09-26,1.4119999408721924,1.4240000247955322,1.4110000133514404,1.4229999780654907,40144800.0,56865232.0,101577.8984375
2024-09-27,1.434000015258789,1.444000005722046,1.4220000505447388,1.4270000457763672,20760500.0,29754340.0,101577.8984375
2024-09-30,1.4249999523162842,1.4520000219345093,1.4229999780654907,1.4490000009536743,72717960.0,105058832.0,101577.8984375
2024-10-08,1.4010000228881836,1.4110000133514404,1.3980000019073486,1.402999997138977,146942000.0,206057728.0,101577.8984375
2024-10-09,1.406000018119812,1.4199999570846558,1.406000018119812,1.4149999618530273,82701584.0,116997704.0,101577.8984375
2024-10-10,1.4220000505447388,1.4329999685287476,1.4220000505447388,1.4259999990463257,39224136.0,55954268.0,101577.8984375
2024-10-11,1.4229999780654907,1.4249999523162842,1.4160000085830688,1.4210000038146973,31289800.0,44438480.0,101577.8984375
2024-10-14,1.4279999732971191,1.4390000104904175,1.4279999732971191,1.437999963760376,27933888.0,40009440.0,101577.8984375
2024-10-15,1.4450000524520874,1.4609999656677246,1.4450000524520874,1.4600000381469727,36255992.0,52672812.0,101577.8984375
2024-10-16,1.4459999799728394,1.4479999542236328,1.440000057220459,1.4429999589920044,28641188.0,41360104.0,101577.8984375
2024-10-17,1.4429999589920044,1.4470000267028809,1.4359999895095825,1.4450000524520874,27170750.0,39147584.0,101577.8984375
2024-10-18,1.4470000267028809,1.4490000009536743,1.434999942779541,1.4390000104904175,35936864.0,51808728.0,101577.8984375
2024-10-21,1.4429999589920044,1.4470000267028809,1.440999984741211,1.4450000524520874,23465040.0,33888844.0,101577.8984375
2024-10-22,1.4320000410079956,1.434999942779541,1.4290000200271606,1.4329999685287476,40344812.0,57756964.0,101577.8984375
2024-10-23,1.4279999732971191,1.4290000200271606,1.4210000038146973,1.4220000505447388,34914840.0,49722704.0,101577.8984375
2024-10-24,1.4170000553131104,1.4199999570846558,1.4140000343322754,1.4179999828338623,24884000.0,35245776.0,101577.8984375
2024-10-25,1.4240000247955322,1.4270000457763672,1.4199999570846558,1.4229999780654907,30591100.0,43551280.0,101577.8984375
2024-10-28,1.4279999732971191,1.4299999475479126,1.4240000247955322,1.4290000200271606,84588200.0,120647384.0,101577.8984375
2024-10-29,1.4290000200271606,1.4390000104904175,1.4290000200271606,1.437999963760376,43687592.0,62602312.0,101577.8984375
2024-10-30,1.4320000410079956,1.4320000410079956,1.4249999523162842,1.4270000457763672,42616100.0,60888080.0,101577.8984375
2024-10-31,1.4140000343322754,1.4140000343322754,1.406000018119812,1.406999945640564,37490500.0,52836840.0,101577.8984375
2024-11-01,1.4019999504089355,1.406999945640564,1.399999976158142,1.4049999713897705,35359400.0,49638728.0,101577.8984375
2024-11-04,1.4149999618530273,1.4170000553131104,1.409999966621399,1.4140000343322754,24688900.0,34898908.0,101577.8984375
2024-11-05,1.406999945640564,1.409000039100647,1.4040000438690186,1.4079999923706055,16862200.0,23719208.0,101577.8984375
2024-11-06,1.4179999828338623,1.4220000505447388,1.399999976158142,1.4119999408721924,98610600.0,139074624.0,101577.8984375
2024-11-07,1.3969999551773071,1.406000018119812,1.3930000066757202,1.4040000438690186,99128600.0,138655568.0,101577.8984375
2024-11-08,1.4160000085830688,1.4249999523162842,1.4149999618530273,1.4240000247955322,87831904.0,124782896.0,101577.8984375
2024-11-11,1.4119999408721924,1.4140000343322754,1.4079999923706055,1.4129999876022339,44320400.0,62509400.0,101577.8984375
2024-11-12,1.4199999570846558,1.4210000038146973,1.406000018119812,1.406999945640564,69436600.0,98143696.0,101577.8984375
2024-11-13,1.3869999647140503,1.3899999856948853,1.38100004196167,1.3860000371932983,62309100.0,86384344.0,101577.8984375
2024-11-14,1.38100004196167,1.3830000162124634,1.3760000467300415,1.378999948501587,52088800.0,71823368.0,101577.8984375
2024-11-15,1.3899999856948853,1.3910000324249268,1.3839999437332153,1.3860000371932983,53183600.0,73834760.0,101577.8984375
2024-11-18,1.3919999599456787,1.3960000276565552,1.3910000324249268,1.3960000276565552,34496992.0,48072872.0,101577.8984375
2024-11-19,1.3919999599456787,1.3990000486373901,1.3910000324249268,1.3990000486373901,31402600.0,43819868.0,101577.8984375
2024-11-20,1.3930000066757202,1.3980000019073486,1.3899999856948853,1.3969999551773071,25209100.0,35127460.0,101577.8984375
2024-11-21,1.3830000162124634,1.3860000371932983,1.3819999694824219,1.3849999904632568,32639800.0,45177988.0,101577.8984375
2024-11-22,1.3880000114440918,1.3880000114440918,1.3799999952316284,1.38100004196167,27484800.0,38053288.0,101577.8984375
2024-11-25,1.399999976158142,1.402999997138977,1.3990000486373901,1.4019999504089355,58465100.0,81913704.0,101577.8984375
2024-11-26,1.3899999856948853,1.3960000276565552,1.3799999952316284,1.3960000276565552,34877800.0,48488932.0,101577.8984375
2024-11-27,1.3960000276565552,1.3980000019073486,1.3930000066757202,1.3960000276565552,34981788.0,48806500.0,101577.8984375
2024-11-28,1.3990000486373901,1.4079999923706055,1.3990000486373901,1.406000018119812,38852900.0,54560576.0,101577.8984375
2024-11-29,1.4119999408721924,1.4140000343322754,1.406999945640564,1.4119999408721924,46803400.0,66012600.0,101577.8984375
2024-12-02,1.4199999570846558,1.4259999990463257,1.4199999570846558,1.4240000247955322,34932900.0,49707064.0,101577.8984375
2024-12-03,1.4459999799728394,1.4479999542236328,1.4429999589920044,1.4470000267028809,47525800.0,68699872.0,101577.8984375
2024-12-04,1.4539999961853027,1.4550000429153442,1.4509999752044678,1.4520000219345093,36560316.0,53118188.0,101577.8984375
2024-12-05,1.465000033378601,1.472000002861023,1.4630000591278076,1.4709999561309814,36646800.0,53799976.0,101577.8984375
2024-12-06,1.4830000400543213,1.4830000400543213,1.4769999980926514,1.4809999465942383,45256800.0,66966676.0,101577.8984375
2024-12-09,1.4839999675750732,1.4880000352859497,1.4819999933242798,1.4850000143051147,24328300.0,36126228.0,101577.8984375
2024-12-10,1.4739999771118164,1.4739999771118164,1.465999960899353,1.472000002861023,31005100.0,45596972.0,101577.8984375
2024-12-11,1.468999981880188,1.4709999561309814,1.4670000076293945,1.4709999561309814,17642200.0,25917440.0,101577.8984375
2024-12-12,1.4769999980926514,1.4789999723434448,1.475000023841858,1.4780000448226929,32519900.0,48043640.0,101577.8984375
2024-12-13,1.4769999980926514,1.4780000448226929,1.472000002861023,1.4769999980926514,29789300.0,43942336.0,101577.8984375
2024-12-16,1.4830000400543213,1.4859999418258667,1.4789999723434448,1.4819999933242798,22578200.0,33472710.0,101577.8984375
2024-12-17,1.475000023841858,1.4769999980926514,1.4700000286102295,1.4730000495910645,33368900.0,49174476.0,101577.8984375
2024-12-18,1.475000023841858,1.475000023841858,1.465000033378601,1.4700000286102295,25727300.0,37781928.0,101577.8984375
2024-12-19,1.4390000104904175,1.4490000009536743,1.4359999895095825,1.440000057220459,42183900.0,60749340.0,101577.8984375
2024-12-20,1.4320000410079956,1.4320000410079956,1.4229999780654907,1.4249999523162842,33643500.0,47963344.0,101577.8984375
2024-12-23,1.4329999685287476,1.4479999542236328,1.4329999685287476,1.4470000267028809,43996200.0,63469324.0,101577.8984375
2024-12-24,1.4479999542236328,1.4479999542236328,1.434000015258789,1.4429999589920044,33252600.0,47899956.0,101577.8984375
2024-12-25,1.4450000524520874,1.4589999914169312,1.4450000524520874,1.4570000171661377,30417300.0,44179388.0,101577.8984375
2024-12-26,1.4539999961853027,1.4570000171661377,1.4470000267028809,1.4559999704360962,20770910.0,30142040.0,101577.8984375
2024-12-27,1.4470000267028809,1.4509999752044678,1.4390000104904175,1.4470000267028809,37135408.0,53669808.0,101577.8984375
2024-12-30,1.4520000219345093,1.4529999494552612,1.4459999799728394,1.4479999542236328,29916900.0,43389944.0,101577.8984375
2024-12-31,1.440000057220459,1.440999984741211,1.430999994277954,1.4329999685287476,26089800.0,37466052.0,101577.8984375
2025-01-02,1.4359999895095825,1.4459999799728394,1.434000015258789,1.4459999799728394,40473400.0,58318088.0,101577.8984375
2025-01-03,1.4420000314712524,1.4490000009536743,1.437999963760376,1.440999984741211,39532500.0,57075800.0,101577.8984375
2025-01-06,1.437000036239624,1.4470000267028809,1.4359999895095825,1.4470000267028809,28738000.0,41460940.0,101577.8984375
2025-01-07,1.4630000591278076,1.503000020980835,1.4630000591278076,1.468999981880188,225839712.0,333413824.0,101577.8984375
2025-01-08,1.4769999980926514,1.5379999876022339,1.4759999513626099,1.4910000562667847,622406592.0,933639552.0,101577.8984375
2025-01-09,1.496999979019165,1.6239999532699585,1.496999979019165,1.5509999990463257,1102653952.0,1699582848.0,101577.8984375
2025-01-10,1.621000051498413,1.6720000505447388,1.4910000562667847,1.5149999856948853,2882597632.0,4683058688.0,101577.8984375
2025-01-13,1.5190000534057617,1.5750000476837158,1.4730000495910645,1.4819999933242798,1862127360.0,2859950848.0,101577.8984375
2025-01-14,1.5149999856948853,1.5499999523162842,1.465999960899353,1.524999976158142,2387106304.0,3591643648.0,101577.8984375
2025-01-15,1.5549999475479126,1.590000033378601,1.531000018119812,1.5709999799728394,2460136448.0,3826838528.0,101577.8984375
2025-01-16,1.6440000534057617,1.6440000534057617,1.5670000314712524,1.6119999885559082,1306568960.0,2095834240.0,101577.8984375
2025-01-17,1.6119999885559082,1.652999997138977,1.5800000429153442,1.6089999675750732,1080182400.0,1757739648.0,101577.8984375
2025-01-20,1.6440000534057617,1.7699999809265137,1.6319999694824219,1.7020000219345093,2502082816.0,4175314176.0,101577.8984375
2025-01-21,1.715000033378601,1.75,1.6859999895095825,1.7259999513626099,1234854656.0,2121202304.0,101577.8984375
2025-01-22,1.777999997138977,1.8339999914169312,1.7519999742507935,1.815000057220459,2253657600.0,4023045120.0,101577.8984375
2025-01-23,1.815000057220459,1.815000057220459,1.815000057220459,1.815000057220459,0.0,0.0,101577.8984375
2025-01-24,1.86899995803833,1.8890000581741333,1.7899999618530273,1.8380000591278076,926965504.0,1725613312.0,101577.8984375
2025-01-27,1.8200000524520874,1.847000002861023,1.6540000438690186,1.6540000438690186,803319424.0,1395338624.0,101577.8984375
2025-02-05,1.659999966621399,1.7059999704360962,1.5700000524520874,1.628999948501587,1459548672.0,2367252736.0,101577.8984375
2025-02-06,1.6260000467300415,1.6720000505447388,1.6150000095367432,1.6490000486373901,1037468224.0,1710929024.0,101577.8984375
2025-02-07,1.6729999780654907,1.6799999475479126,1.6460000276565552,1.6670000553131104,820220864.0,1365794048.0,101577.8984375
2025-02-10,1.6510000228881836,1.6619999408721924,1.6109999418258667,1.6130000352859497,411473888.0,673798464.0,101577.8984375
2025-02-11,1.6230000257492065,1.6549999713897705,1.6200000047683716,1.6410000324249268,909453568.0,1492002944.0,101577.8984375
2025-02-12,1.6549999713897705,1.6699999570846558,1.6369999647140503,1.6390000581741333,609969536.0,1006275712.0,101577.8984375
2025-02-13,1.6480000019073486,1.6490000486373901,1.6330000162124634,1.6369999647140503,313757568.0,514922656.0,101577.8984375
2025-02-14,1.659000039100647,1.6660000085830688,1.6490000486373901,1.6519999504089355,510061312.0,843849856.0,101577.8984375
2025-02-17,1.6480000019073486,1.6480000019073486,1.63100004196167,1.6330000162124634,254739104.0,416389440.0,101577.8984375
2025-02-18,1.649999976158142,1.784999966621399,1.6480000019073486,1.7760000228881836,2778957056.0,4772492800.0,101577.8984375
2025-02-19,1.7359999418258667,1.7970000505447388,1.7239999771118164,1.7309999465942383,2762142208.0,4877032448.0,101577.8984375
2025-02-20,1.7070000171661377,1.753000020980835,1.7020000219345093,1.7059999704360962,1624535936.0,2809740800.0,101577.8984375
2025-02-21,1.7000000476837158,1.7209999561309814,1.6690000295639038,1.6749999523162842,906429568.0,1541800576.0,101577.8984375
2025-02-24,1.6829999685287476,1.7339999675750732,1.6820000410079956,1.7020000219345093,2373664768.0,4062485760.0,101577.8984375
2025-02-25,1.7300000190734863,1.7419999837875366,1.7109999656677246,1.715999960899353,1641854720.0,2832105216.0,101577.8984375
2025-02-26,1.7089999914169312,1.7170000076293945,1.6799999475479126,1.690999984741211,800133632.0,1362145024.0,101577.8984375
2025-02-27,1.7109999656677246,1.7419999837875366,1.6959999799728394,1.7039999961853027,1722243968.0,2959808512.0,101577.8984375
2025-02-28,1.690000057220459,1.7170000076293945,1.6399999856948853,1.6430000066757202,798083776.0,1347135616.0,101577.8984375
2025-03-03,1.659999966621399,1.6749999523162842,1.6510000228881836,1.6670000553131104,678462016.0,1128093696.0,101577.8984375
2025-03-04,1.6990000009536743,1.7330000400543213,1.690999984741211,1.7009999752044678,1603313664.0,2746963968.0,101577.8984375
2025-03-05,1.6710000038146973,1.684999942779541,1.6690000295639038,1.6799999475479126,387816000.0,650325440.0,101577.8984375
2025-03-06,1.725000023841858,1.7280000448226929,1.7170000076293945,1.725000023841858,446275520.0,768544512.0,101577.8984375
2025-03-07,1.7450000047683716,1.7480000257492065,1.718999981880188,1.7200000286102295,339977792.0,590082944.0,101577.8984375
2025-03-10,1.7259999513626099,1.7630000114440918,1.7239999771118164,1.75600004196167,762215040.0,1328281984.0,101577.8984375
2025-03-11,1.7139999866485596,1.7330000400543213,1.7020000219345093,1.7209999561309814,597090176.0,1025902400.0,101577.8984375
2025-03-12,1.7059999704360962,1.7280000448226929,1.7029999494552612,1.7100000381469727,338805888.0,581279424.0,101577.8984375
2025-03-13,1.7239999771118164,1.7619999647140503,1.7200000286102295,1.725000023841858,1179318016.0,2053856896.0,101577.8984375
2025-03-14,1.725000023841858,1.7519999742507935,1.7239999771118164,1.7330000400543213,748004288.0,1299738752.0,101577.8984375
2025-03-17,1.7510000467300415,1.7669999599456787,1.746000051498413,1.7580000162124634,464357632.0,816380992.0,101577.8984375
2025-03-18,1.7719999551773071,1.7860000133514404,1.7660000324249268,1.784000039100647,428928704.0,762418304.0,101577.8984375
2025-03-19,1.8009999990463257,1.8739999532699585,1.8009999990463257,1.8380000591278076,1806348544.0,3322975744.0,101577.8984375
2025-03-20,1.8350000381469727,1.88100004196167,1.8209999799728394,1.8270000219345093,1356905216.0,2513834496.0,101577.8984375
2025-03-21,1.8250000476837158,1.9270000457763672,1.753000020980835,1.7730000019073486,3599134208.0,6663946752.0,101577.8984375
2025-03-24,1.7990000247955322,1.8389999866485596,1.7589999437332153,1.8029999732971191,2036048256.0,3680689920.0,101577.8984375
2025-03-25,1.7879999876022339,1.8049999475479126,1.7680000066757202,1.7799999713897705,770682112.0,1374454656.0,101577.8984375
2025-03-26,1.809999942779541,1.8170000314712524,1.7920000553131104,1.7949999570846558,878430080.0,1583883648.0,101577.8984375
2025-03-27,1.7710000276565552,1.7790000438690186,1.753999948501587,1.7619999647140503,282412192.0,498592704.0,101577.8984375
2025-03-28,1.7489999532699585,1.7949999570846558,1.7400000095367432,1.75,1038358528.0,1832253312.0,101577.8984375
2025-03-31,1.7380000352859497,1.7640000581741333,1.7050000429153442,1.7089999914169312,750848128.0,1304351872.0,101577.8984375
2025-04-01,1.7050000429153442,1.7300000190734863,1.7029999494552612,1.718999981880188,572668096.0,983711936.0,101577.8984375
2025-04-02,1.7380000352859497,1.7569999694824219,1.7230000495910645,1.7239999771118164,1032674944.0,1800273536.0,101577.8984375
2025-04-03,1.7079999446868896,1.7330000400543213,1.6929999589920044,1.6970000267028809,458564544.0,783997824.0,101577.8984375
2025-04-07,1.5410000085830688,1.569000005722046,1.5269999504089355,1.5269999504089355,126557648.0,194835536.0,101577.8984375
2025-04-08,1.5609999895095825,1.5800000429153442,1.5410000085830688,1.5670000314712524,451925312.0,705947648.0,101577.8984375
2025-04-09,1.531999945640564,1.5470000505447388,1.5130000114440918,1.5290000438690186,311911008.0,476873184.0,101577.8984375
2025-04-10,1.6399999856948853,1.6699999570846558,1.6100000143051147,1.6449999809265137,453223904.0,742846528.0,101577.8984375
2025-04-11,1.6490000486373901,1.6579999923706055,1.5449999570846558,1.6319999694824219,486538400.0,797690624.0,101577.8984375
2025-04-14,1.6510000228881836,1.656999945640564,1.6469999551773071,1.6549999713897705,247672160.0,409182912.0,101577.8984375
2025-04-15,1.6699999570846558,1.718999981880188,1.6619999408721924,1.684000015258789,2541264128.0,4310100992.0,101577.8984375
2025-04-16,1.7029999494552612,1.718000054359436,1.6820000410079956,1.6829999685287476,962741248.0,1636662272.0,101577.8984375
2025-04-17,1.7000000476837158,1.718000054359436,1.690999984741211,1.7100000381469727,511890496.0,872018752.0,101577.8984375
2025-04-18,1.7029999494552612,1.7259999513626099,1.7020000219345093,1.7039999961853027,325317696.0,556810368.0,101577.8984375
2025-04-21,1.7070000171661377,1.7130000591278076,1.7009999752044678,1.7039999961853027,105521400.0,180103680.0,101577.8984375
2025-04-22,1.7050000429153442,1.7109999656677246,1.7020000219345093,1.7079999446868896,119221352.0,203391056.0,101577.8984375
2025-04-23,1.7339999675750732,1.7510000467300415,1.7269999980926514,1.75,405683552.0,706059648.0,101577.8984375
2025-04-24,1.7649999856948853,1.7710000276565552,1.74399995803833,1.746000051498413,220417104.0,387907136.0,101577.8984375
2025-04-25,1.7649999856948853,1.7719999551773071,1.7589999437332153,1.7649999856948853,248244496.0,437830304.0,101577.8984375
2025-04-28,1.7669999599456787,1.7710000276565552,1.7640000581741333,1.7680000066757202,103671392.0,183223088.0,101577.8984375
2025-04-29,1.7699999809265137,1.784999966621399,1.7690000534057617,1.7769999504089355,145579200.0,258722944.0,101577.8984375
2025-04-30,1.784000039100647,1.7869999408721924,1.781000018119812,1.7860000133514404,78959000.0,140865200.0,101577.8984375
2025-05-06,1.8259999752044678,1.8660000562667847,1.8140000104904175,1.8480000495910645,331188448.0,610422336.0,101577.8984375
2025-05-07,1.840000033378601,1.8550000190734863,1.8329999446868896,1.843999981880188,169127344.0,311610656.0,101577.8984375
2025-05-08,1.840000033378601,1.8639999628067017,1.8370000123977661,1.8480000495910645,186109408.0,344401664.0,101577.8984375
2025-05-09,1.8509999513626099,1.9010000228881836,1.850000023841858,1.8680000305175781,1018957888.0,1909658240.0,101577.8984375
2025-05-12,1.8799999952316284,1.902999997138977,1.8760000467300415,1.899999976158142,376105216.0,711339648.0,101577.8984375
2025-05-13,1.8830000162124634,1.8940000534057617,1.8380000591278076,1.8459999561309814,339789088.0,632268544.0,101577.8984375
2025-05-14,1.8489999771118164,1.8660000562667847,1.8459999561309814,1.8539999723434448,285962912.0,530524576.0,101577.8984375
2025-05-15,1.843000054359436,1.8480000495910645,1.812999963760376,1.815999984741211,156663152.0,286456192.0,101577.8984375
2025-05-16,1.8339999914169312,1.8919999599456787,1.8329999446868896,1.8589999675750732,1538571008.0,2870548992.0,101577.8984375
2025-05-19,1.8650000095367432,1.8700000047683716,1.8420000076293945,1.843999981880188,194612096.0,361420352.0,101577.8984375
2025-05-20,1.8830000162124634,1.8960000276565552,1.8730000257492065,1.8769999742507935,508267072.0,957174912.0,101577.8984375
2025-05-21,1.8849999904632568,1.8960000276565552,1.8799999952316284,1.8819999694824219,162831776.0,307256896.0,101577.8984375
2025-05-22,1.8819999694824219,1.8910000324249268,1.875,1.8760000467300415,167608800.0,315121824.0,101577.8984375
2025-05-23,1.8830000162124634,1.8839999437332153,1.86899995803833,1.875,86834600.0,163061360.0,101577.8984375
2025-05-26,1.8700000047683716,1.8919999599456787,1.8680000305175781,1.8899999856948853,219412608.0,412875072.0,101577.8984375
2025-05-27,1.8960000276565552,1.902999997138977,1.875,1.8869999647140503,215419904.0,406641120.0,101577.8984375
2025-05-28,1.906000018119812,1.909999966621399,1.8860000371932983,1.8880000114440918,209730944.0,398219104.0,101577.8984375
2025-05-29,1.8890000581741333,1.902999997138977,1.8849999904632568,1.899999976158142,177802400.0,336852000.0,101577.8984375
2025-05-30,1.875,1.878000020980835,1.8680000305175781,1.8730000257492065,88222896.0,165246448.0,101577.8984375
2025-06-03,1.8869999647140503,1.8910000324249268,1.8799999952316284,1.8890000581741333,91075728.0,171695312.0,101577.8984375
2025-06-04,1.8910000324249268,1.8940000534057617,1.8869999647140503,1.8919999599456787,93411912.0,176643840.0,101577.8984375
2025-06-05,1.8940000534057617,1.8990000486373901,1.8860000371932983,1.8869999647140503,97402208.0,184321504.0,101577.8984375
2025-06-06,1.8869999647140503,1.8919999599456787,1.8849999904632568,1.8890000581741333,49071700.0,92665344.0,101577.8984375
2025-06-09,1.8860000371932983,1.8869999647140503,1.8830000162124634,1.8839999437332153,37951800.0,71511176.0,101577.8984375
2025-06-10,1.878000020980835,1.8799999952316284,1.8680000305175781,1.871000051498413,53815000.0,100889528.0,101577.8984375
2025-06-11,1.8609999418258667,1.875,1.8580000400543213,1.8739999532699585,89294096.0,166574928.0,101577.8984375
2025-06-12,1.8650000095367432,1.871000051498413,1.8650000095367432,1.8669999837875366,35863700.0,66978100.0,101577.8984375
2025-06-13,1.8489999771118164,1.850000023841858,1.8309999704360962,1.840000033378601,75320312.0,138557632.0,101577.8984375
2025-06-16,1.8389999866485596,1.871999979019165,1.8359999656677246,1.8600000143051147,118597104.0,219921520.0,101577.8984375
2025-06-17,1.8450000286102295,1.8559999465942383,1.8450000286102295,1.8480000495910645,52961700.0,98065408.0,101577.8984375
2025-06-18,1.8370000123977661,1.8450000286102295,1.8300000429153442,1.8380000591278076,65311400.0,119971664.0,101577.8984375
2025-06-19,1.8270000219345093,1.8309999704360962,1.809999942779541,1.812999963760376,69230800.0,126180640.0,101577.8984375
2025-06-20,1.815999984741211,1.8339999914169312,1.815000057220459,1.8250000476837158,102638200.0,187193856.0,101577.8984375
2025-06-23,1.8200000524520874,1.8240000009536743,1.815999984741211,1.819000005722046,55145400.0,100374856.0,101577.8984375
2025-06-24,1.843999981880188,1.8650000095367432,1.840999960899353,1.8619999885559082,116869696.0,216394080.0,101577.8984375
2025-06-25,1.8660000562667847,1.8669999837875366,1.8539999723434448,1.8619999885559082,72926312.0,135736928.0,101577.8984375
2025-06-26,1.8519999980926514,1.8630000352859497,1.8509999513626099,1.8630000352859497,55005500.0,102137888.0,101577.8984375
2025-06-27,1.871999979019165,1.8830000162124634,1.86899995803833,1.88100004196167,110782200.0,207835360.0,101577.8984375
2025-06-30,1.8969999551773071,1.9140000343322754,1.8969999551773071,1.9129999876022339,107985168.0,205526288.0,101577.8984375
2025-07-01,1.9010000228881836,1.902999997138977,1.8890000581741333,1.8910000324249268,76792096.0,145633152.0,101577.8984375
2025-07-02,1.8839999437332153,1.8899999856948853,1.8769999742507935,1.8799999952316284,65117576.0,122653032.0,101577.8984375
2025-07-03,1.8880000114440918,1.8919999599456787,1.8819999694824219,1.8910000324249268,44374000.0,83683864.0,101577.8984375
2025-07-04,1.8919999599456787,1.8919999599456787,1.88100004196167,1.8819999694824219,49945200.0,94172064.0,101577.8984375
2025-07-07,1.878999948501587,1.8890000581741333,1.8760000467300415,1.8819999694824219,51131700.0,96249440.0,101577.8984375
2025-07-08,1.8980000019073486,1.8980000019073486,1.8869999647140503,1.8949999809265137,70189000.0,132817072.0,101577.8984375
2025-07-09,1.9040000438690186,1.9040000438690186,1.8919999599456787,1.8980000019073486,68686704.0,130337944.0,101577.8984375
2025-07-10,1.9290000200271606,1.934999942779541,1.9210000038146973,1.9320000410079956,124768896.0,240592128.0,101577.8984375
2025-07-11,1.906999945640564,1.9119999408721924,1.9010000228881836,1.902999997138977,77694400.0,148117648.0,101577.8984375
2025-07-14,1.8849999904632568,1.8860000371932983,1.8769999742507935,1.88100004196167,84270400.0,158460864.0,101577.8984375
2025-07-15,1.8860000371932983,1.8980000019073486,1.8849999904632568,1.8930000066757202,76226200.0,144243872.0,101577.8984375
2025-07-16,1.871000051498413,1.875,1.86899995803833,1.871999979019165,73958096.0,138414512.0,101577.8984375
2025-07-17,1.8830000162124634,1.8890000581741333,1.8799999952316284,1.8860000371932983,60754100.0,114457984.0,101577.8984375
2025-07-18,1.899999976158142,1.906000018119812,1.8990000486373901,1.899999976158142,71429200.0,135835472.0,101577.8984375
2025-07-21,1.8849999904632568,1.8910000324249268,1.88100004196167,1.8910000324249268,61701900.0,116289288.0,101577.8984375
2025-07-22,1.8919999599456787,1.8940000534057617,1.8849999904632568,1.8880000114440918,47232600.0,89233640.0,101577.8984375
2025-07-23,1.8890000581741333,1.9040000438690186,1.8890000581741333,1.9019999504089355,90655000.0,171976608.0,101577.8984375
2025-07-24,1.9190000295639038,1.9259999990463257,1.9149999618530273,1.9160000085830688,106165696.0,203926400.0,101577.8984375
2025-07-25,1.902999997138977,1.906999945640564,1.8949999809265137,1.899999976158142,64026500.0,121723208.0,101577.8984375
2025-07-28,1.9210000038146973,1.9240000247955322,1.9149999618530273,1.9170000553131104,86584704.0,166156928.0,101577.8984375
2025-07-29,1.871999979019165,1.8880000114440918,1.8639999628067017,1.8830000162124634,123747696.0,232349968.0,101577.8984375
2025-07-30,1.8880000114440918,1.8919999599456787,1.8830000162124634,1.8880000114440918,56680800.0,107010880.0,101577.8984375
2025-07-31,1.8880000114440918,1.8880000114440918,1.8760000467300415,1.8830000162124634,56080200.0,105431104.0,101577.8984375
2025-08-01,1.8589999675750732,1.8600000143051147,1.8480000495910645,1.8519999980926514,66661200.0,123569824.0,101577.8984375
2025-08-04,1.8300000429153442,1.843999981880188,1.8270000219345093,1.8370000123977661,65473400.0,120242112.0,101577.8984375
2025-08-05,1.850000023841858,1.8550000190734863,1.847000002861023,1.8539999723434448,54283600.0,100471200.0,101577.8984375
2025-08-06,1.8509999513626099,1.8669999837875366,1.847000002861023,1.8619999885559082,45056420.0,83711080.0,101577.8984375
2025-08-07,1.86899995803833,1.878000020980835,1.8650000095367432,1.8669999837875366,54039800.0,101046880.0,101577.8984375
2025-08-08,1.8890000581741333,1.8899999856948853,1.878000020980835,1.88100004196167,57884336.0,109125952.0,101577.8984375
2025-08-11,1.8849999904632568,1.8919999599456787,1.8839999437332153,1.8890000581741333,43668764.0,82439064.0,101577.8984375
2025-08-12,1.8739999532699585,1.88100004196167,1.871000051498413,1.875,63755896.0,119502368.0,101577.8984375
2025-08-13,1.8799999952316284,1.8830000162124634,1.875,1.8819999694824219,61597600.0,115758216.0,101577.8984375
2025-08-14,1.8860000371932983,1.8869999647140503,1.8769999742507935,1.8819999694824219,58851708.0,110733216.0,101577.8984375
2025-08-15,1.8940000534057617,1.906999945640564,1.8930000066757202,1.9049999713897705,81239296.0,154261952.0,101577.8984375
2025-08-18,1.902999997138977,1.9040000438690186,1.8940000534057617,1.8949999809265137,74201696.0,140963248.0,101577.8984375
2025-08-19,1.8919999599456787,1.8919999599456787,1.8849999904632568,1.8910000324249268,33406000.0,63091092.0,101577.8984375
2025-08-20,1.8839999437332153,1.8839999437332153,1.878000020980835,1.878999948501587,51042100.0,95997848.0,101577.8984375
2025-08-21,1.8799999952316284,1.8830000162124634,1.875,1.8760000467300415,42735400.0,80318904.0,101577.8984375
2025-08-22,1.8769999742507935,1.878999948501587,1.8700000047683716,1.8700000047683716,39311884.0,73658768.0,101577.8984375
2025-08-25,1.8860000371932983,1.8890000581741333,1.8830000162124634,1.8839999437332153,45430700.0,85642784.0,101577.8984375
2025-08-26,1.8700000047683716,1.871999979019165,1.8630000352859497,1.8660000562667847,53901600.0,100669896.0,101577.8984375
2025-08-27,1.8730000257492065,1.8730000257492065,1.8669999837875366,1.86899995803833,29678700.0,55491548.0,101577.8984375
2025-08-28,1.8600000143051147,1.8669999837875366,1.8589999675750732,1.8660000562667847,42239580.0,78696488.0,101577.8984375
2025-08-29,1.8569999933242798,1.8600000143051147,1.8519999980926514,1.8539999723434448,47706680.0,88486576.0,101577.8984375
2025-09-01,1.8509999513626099,1.8639999628067017,1.8509999513626099,1.8630000352859497,41436700.0,76935352.0,101577.8984375
2025-09-02,1.8660000562667847,1.875,1.8580000400543213,1.8660000562667847,48756000.0,90885504.0,101577.8984375
2025-09-03,1.8359999656677246,1.8380000591278076,1.8250000476837158,1.8329999446868896,78591504.0,143994096.0,101577.8984375
2025-09-04,1.8370000123977661,1.843000054359436,1.8329999446868896,1.843000054359436,66526100.0,122244064.0,101577.8984375
2025-09-05,1.8619999885559082,1.8619999885559082,1.8480000495910645,1.8550000190734863,52374600.0,97113368.0,101577.8984375
2025-09-08,1.843000054359436,1.8509999513626099,1.8420000076293945,1.850000023841858,32055000.0,59140592.0,101577.8984375
2025-09-09,1.8530000448226929,1.8539999723434448,1.8480000495910645,1.8530000448226929,36307600.0,67231616.0,101577.8984375
2025-09-10,1.8509999513626099,1.8519999980926514,1.847000002861023,1.8519999980926514,30979600.0,57306808.0,101577.8984375
2025-09-11,1.843999981880188,1.843999981880188,1.8339999914169312,1.8420000076293945,49682500.0,91316104.0,101577.8984375
2025-09-12,1.8420000076293945,1.847000002861023,1.840999960899353,1.8459999561309814,49165300.0,90640688.0,101577.8984375
2025-09-15,1.8420000076293945,1.8480000495910645,1.8380000591278076,1.8459999561309814,43973100.0,80993304.0,101577.8984375
2025-09-16,1.843999981880188,1.8530000448226929,1.843999981880188,1.8509999513626099,47987800.0,88680360.0,101577.8984375
2025-09-17,1.8300000429153442,1.8370000123977661,1.8279999494552612,1.8359999656677246,42791100.0,78484432.0,101577.8984375
2025-09-18,1.840999960899353,1.840999960899353,1.8289999961853027,1.8309999704360962,67473296.0,123697784.0,101577.8984375
2025-09-19,1.843000054359436,1.8489999771118164,1.840000033378601,1.8480000495910645,66011100.0,121721112.0,101577.8984375
2025-09-22,1.843999981880188,1.843999981880188,1.8300000429153442,1.8320000171661377,51722600.0,94984400.0,101577.8984375
2025-09-23,1.8350000381469727,1.840000033378601,1.8320000171661377,1.8389999866485596,45932900.0,84316136.0,101577.8984375
2025-09-24,1.8309999704360962,1.8370000123977661,1.8300000429153442,1.8350000381469727,47754900.0,87547088.0,101577.8984375
2025-09-25,1.8359999656677246,1.8370000123977661,1.8309999704360962,1.8320000171661377,50030700.0,91800160.0,101577.8984375
2025-09-26,1.8170000314712524,1.8220000267028809,1.815000057220459,1.8209999799728394,65976500.0,119940768.0,101577.8984375
2025-09-29,1.8359999656677246,1.840999960899353,1.8339999914169312,1.8380000591278076,70479000.0,129483584.0,101577.8984375
2025-09-30,1.8329999446868896,1.8380000591278076,1.8309999704360962,1.8359999656677246,49471100.0,90755424.0,101577.8984375
2025-10-09,1.8849999904632568,1.8899999856948853,1.8819999694824219,1.8860000371932983,124086304.0,233887440.0,101577.8984375
2025-10-10,1.878000020980835,1.8799999952316284,1.8739999532699585,1.8769999742507935,59963600.0,112593744.0,101577.8984375
2025-10-13,1.8539999723434448,1.8680000305175781,1.8519999980926514,1.8650000095367432,63071800.0,117510952.0,101577.8984375
2025-10-14,1.8660000562667847,1.86899995803833,1.8489999771118164,1.8509999513626099,57112100.0,105998720.0,101577.8984375
2025-10-15,1.8580000400543213,1.871000051498413,1.8569999933242798,1.8680000305175781,73365800.0,136923264.0,101577.8984375
2025-10-16,1.8600000143051147,1.8650000095367432,1.8569999933242798,1.8630000352859497,38250800.0,71190720.0,101577.8984375
2025-10-17,1.8580000400543213,1.8589999675750732,1.8450000286102295,1.8459999561309814,38816400.0,71883608.0,101577.8984375
2025-10-20,1.847000002861023,1.8669999837875366,1.847000002861023,1.8630000352859497,66606100.0,123832208.0,101577.8984375
2025-10-21,1.8860000371932983,1.8890000581741333,1.8769999742507935,1.8849999904632568,88343496.0,166509840.0,101577.8984375
2025-10-22,1.8819999694824219,1.906999945640564,1.8819999694824219,1.9019999504089355,151955904.0,288428672.0,101577.8984375
2025-10-23,1.8860000371932983,1.8890000581741333,1.8760000467300415,1.8839999437332153,49628500.0,93376880.0,101577.8984375
2025-10-24,1.8849999904632568,1.909000039100647,1.8830000162124634,1.8930000066757202,44212000.0,83865520.0,101577.8984375
2025-10-27,1.8990000486373901,1.906999945640564,1.8949999809265137,1.9049999713897705,50910500.0,96820592.0,101577.8984375
2025-10-28,1.8980000019073486,1.9040000438690186,1.8890000581741333,1.8960000276565552,46690300.0,88458144.0,101577.8984375
2025-10-29,1.8960000276565552,1.9010000228881836,1.8880000114440918,1.8919999599456787,27428700.0,51912356.0,101577.8984375
2025-10-30,1.88100004196167,1.8899999856948853,1.878000020980835,1.878999948501587,36605700.0,68915808.0,101577.8984375
2025-10-31,1.878000020980835,1.878000020980835,1.8630000352859497,1.8669999837875366,22464300.0,41992432.0,101577.8984375
2025-11-03,1.8619999885559082,1.8730000257492065,1.8600000143051147,1.8660000562667847,36474200.0,68082992.0,101577.8984375
2025-11-04,1.86899995803833,1.871999979019165,1.8530000448226929,1.8580000400543213,22659800.0,42206312.0,101577.8984375
2025-11-05,1.843000054359436,1.8530000448226929,1.8240000009536743,1.8489999771118164,35111004.0,64623332.0,101577.8984375
2025-11-06,1.8559999465942383,1.8669999837875366,1.8559999465942383,1.8660000562667847,22101400.0,41136824.0,101577.8984375
2025-11-07,1.8420000076293945,1.847000002861023,1.8350000381469727,1.840000033378601,67316896.0,123756672.0,101577.8984375
2025-11-10,1.8459999561309814,1.8589999675750732,1.843000054359436,1.8580000400543213,57259500.0,105921160.0,101577.8984375
2025-11-11,1.8680000305175781,1.86899995803833,1.8609999418258667,1.8630000352859497,37983100.0,70844272.0,101577.8984375
2025-11-12,1.8730000257492065,1.8869999647140503,1.871999979019165,1.8830000162124634,55062500.0,103458472.0,101577.8984375
2025-11-13,1.8969999551773071,1.9019999504089355,1.8930000066757202,1.8980000019073486,54350300.0,103111168.0,101577.8984375
2025-11-14,1.8730000257492065,1.8919999599456787,1.8630000352859497,1.8680000305175781,34449100.0,64469060.0,101577.8984375
2025-11-17,1.8680000305175781,1.8680000305175781,1.847000002861023,1.8569999933242798,25660608.0,47669216.0,101577.8984375
2025-11-18,1.8350000381469727,1.8380000591278076,1.8200000524520874,1.8209999799728394,42714300.0,78167056.0,101577.8984375
2025-11-19,1.8109999895095825,1.819000005722046,1.809999942779541,1.819000005722046,41006880.0,74422112.0,101577.8984375
2025-11-20,1.8320000171661377,1.840000033378601,1.8270000219345093,1.840000033378601,40083600.0,73469080.0,101577.8984375
2025-11-21,1.8079999685287476,1.809999942779541,1.8009999990463257,1.8029999732971191,35019300.0,63218320.0,101577.8984375
2025-11-24,1.812000036239624,1.8300000429153442,1.8109999895095825,1.8229999542236328,26750500.0,48666340.0,101577.8984375
2025-11-25,1.8220000267028809,1.8279999494552612,1.8109999895095825,1.8259999752044678,26581200.0,48386260.0,101577.8984375
2025-11-26,1.8450000286102295,1.8630000352859497,1.840000033378601,1.8569999933242798,50833400.0,94075104.0,101577.8984375
2025-11-27,1.86899995803833,1.86899995803833,1.840999960899353,1.8450000286102295,50015000.0,92727408.0,101577.8984375
2025-11-28,1.850000023841858,1.850000023841858,1.843000054359436,1.8459999561309814,21339900.0,39413488.0,101577.8984375
2025-12-01,1.8420000076293945,1.850000023841858,1.8350000381469727,1.8420000076293945,27675756.0,50997932.0,101577.8984375
2025-12-02,1.840000033378601,1.840999960899353,1.8289999961853027,1.8309999704360962,23169600.0,42503876.0,101577.8984375
2025-12-03,1.8389999866485596,1.8539999723434448,1.8359999656677246,1.840999960899353,38606500.0,71124992.0,101577.8984375
2025-12-04,1.8450000286102295,1.850000023841858,1.8420000076293945,1.8480000495910645,34957600.0,64564144.0,101577.8984375
2025-12-05,1.8480000495910645,1.8550000190734863,1.8480000495910645,1.8509999513626099,42625700.0,78959704.0,101577.8984375
2025-12-08,1.8539999723434448,1.8559999465942383,1.847000002861023,1.8489999771118164,33700300.0,62417732.0,101577.8984375
2025-12-09,1.8519999980926514,1.8519999980926514,1.8350000381469727,1.8420000076293945,27180800.0,50088028.0,101577.8984375
2025-12-10,1.8389999866485596,1.8550000190734863,1.8389999866485596,1.850000023841858,35223400.0,65086748.0,101577.8984375
2025-12-11,1.850000023841858,1.8569999933242798,1.8370000123977661,1.843999981880188,26008900.0,48041308.0,101577.8984375
2025-12-12,1.8609999418258667,1.8730000257492065,1.8609999418258667,1.871999979019165,51306700.0,95917664.0,101577.8984375
2025-12-15,1.8650000095367432,1.86899995803833,1.8559999465942383,1.8650000095367432,40211600.0,74952592.0,101577.8984375
2025-12-16,1.8580000400543213,1.8600000143051147,1.8509999513626099,1.8530000448226929,29353000.0,54435768.0,101577.8984375
2025-12-17,1.8489999771118164,1.8580000400543213,1.8459999561309814,1.8519999980926514,31332500.0,58030024.0,101577.8984375
2025-12-18,1.8370000123977661,1.840000033378601,1.8329999446868896,1.8350000381469727,22106100.0,40572688.0,101577.8984375
2025-12-19,1.8480000495910645,1.8539999723434448,1.843999981880188,1.8539999723434448,32586800.0,60245872.0,101577.8984375
2025-12-22,1.8619999885559082,1.8880000114440918,1.8609999418258667,1.8730000257492065,51139368.0,95918000.0,101577.8984375
2025-12-23,1.86899995803833,1.8839999437332153,1.86899995803833,1.8730000257492065,25700400.0,48191892.0,101577.8984375
2025-12-24,1.8799999952316284,1.8839999437332153,1.878000020980835,1.8799999952316284,16232000.0,30531004.0,101577.8984375
2025-12-25,1.8830000162124634,1.8830000162124634,1.8739999532699585,1.875,13528300.0,25397732.0,101577.8984375
2025-12-26,1.8769999742507935,1.878999948501587,1.875,1.8760000467300415,12197500.0,22893756.0,101577.8984375
2025-12-29,1.8760000467300415,1.8760000467300415,1.8630000352859497,1.8700000047683716,43735600.0,81638824.0,101577.8984375
2025-12-30,1.871000051498413,1.871000051498413,1.8600000143051147,1.8630000352859497,27989900.0,52196928.0,101577.8984375
2025-12-31,1.871999979019165,1.8739999532699585,1.86899995803833,1.871999979019165,27654098.0,51746600.0,101577.8984375
2026-01-05,1.871999979019165,1.8899999856948853,1.8700000047683716,1.8899999856948853,53001300.0,99666608.0,101577.8984375
2026-01-06,1.899999976158142,1.909999966621399,1.8960000276565552,1.9049999713897705,45426408.0,86460224.0,101577.8984375
2026-01-07,1.9040000438690186,1.9160000085830688,1.899999976158142,1.9049999713897705,30112500.0,57464408.0,101577.8984375
2026-01-08,1.9170000553131104,1.9229999780654907,1.909000039100647,1.9149999618530273,40937300.0,78453728.0,101577.8984375
2026-01-09,1.9119999408721924,1.9290000200271606,1.9119999408721924,1.9240000247955322,32948900.0,63411712.0,101577.8984375
2026-01-12,1.9270000457763672,2.0139999389648438,1.9270000457763672,1.9470000267028809,155286704.0,305996960.0,101577.8984375
2026-01-13,1.9600000381469727,2.010999917984009,1.9520000219345093,1.9859999418258667,135196304.0,267240112.0,101577.8984375
2026-01-14,1.9850000143051147,2.003999948501587,1.9579999446868896,1.968000054359436,105321504.0,209240688.0,101577.8984375
2026-01-15,1.9639999866485596,1.968999981880188,1.9470000267028809,1.9520000219345093,39173400.0,76632360.0,101577.8984375
2026-01-16,1.9450000524520874,1.9470000267028809,1.937999963760376,1.9420000314712524,36100300.0,70098784.0,101577.8984375
2026-01-19,1.9210000038146973,1.9299999475479126,1.8969999551773071,1.8980000019073486,69804800.0,132987312.0,101577.8984375
2026-01-20,1.8910000324249268,1.8910000324249268,1.878999948501587,1.8830000162124634,62641300.0,117989632.0,101577.8984375
2026-01-21,1.875,1.8949999809265137,1.871999979019165,1.8869999647140503,48067400.0,90556848.0,101577.8984375
2026-01-22,1.899999976158142,1.9110000133514404,1.8799999952316284,1.9040000438690186,58371700.0,111156752.0,101577.8984375
2026-01-23,1.9049999713897705,1.9140000343322754,1.8980000019073486,1.9079999923706055,42448600.0,80934224.0,101577.8984375
2026-01-26,1.909000039100647,1.909000039100647,1.8899999856948853,1.8990000486373901,59932400.0,113589872.0,101577.8984375
2026-01-27,1.906000018119812,1.9249999523162842,1.906000018119812,1.9240000247955322,52246500.0,100092112.0,101577.8984375
2026-01-28,1.9220000505447388,1.944000005722046,1.9210000038146973,1.934000015258789,58363900.0,112669216.0,101577.8984375
2026-01-29,1.9190000295639038,1.9290000200271606,1.9149999618530273,1.9199999570846558,40902800.0,78568936.0,101577.8984375
2026-01-30,1.8899999856948853,1.8990000486373901,1.8760000467300415,1.8849999904632568,60125800.0,113452152.0,101577.8984375
2026-02-02,1.8849999904632568,1.8930000066757202,1.8509999513626099,1.8550000190734863,55231400.0,103373592.0,101577.8984375
2026-02-03,1.8869999647140503,1.8980000019073486,1.8839999437332153,1.8960000276565552,46876344.0,88576496.0,101577.8984375
2026-02-04,1.8849999904632568,1.8949999809265137,1.8830000162124634,1.8940000534057617,18119700.0,34207216.0,101577.8984375
2026-02-05,1.8839999437332153,1.8839999437332153,1.8700000047683716,1.875,23525100.0,44139440.0,101577.8984375
2026-02-06,1.8550000190734863,1.88100004196167,1.8519999980926514,1.8619999885559082,34357800.0,64135564.0,101577.8984375
2026-02-09,1.8890000581741333,1.899999976158142,1.8819999694824219,1.8990000486373901,37803600.0,71528416.0,101577.8984375
2026-02-10,1.906999945640564,1.9210000038146973,1.906000018119812,1.9190000295639038,45583600.0,87194368.0,101577.8984375
2026-02-11,1.9149999618530273,1.9229999780654907,1.9119999408721924,1.9179999828338623,22974244.0,44051504.0,101577.8984375
2026-02-12,1.9179999828338623,1.9739999771118164,1.9160000085830688,1.9429999589920044,266791296.0,519759008.0,101577.8984375
2026-02-13,1.9509999752044678,1.996000051498413,1.9240000247955322,1.9589999914169312,171469408.0,336301696.0,101577.8984375
2026-02-24,1.9520000219345093,1.9919999837875366,1.9450000524520874,1.9800000190734863,98971512.0,195679728.0,101577.8984375
2026-02-25,1.9869999885559082,1.9950000047683716,1.9609999656677246,1.9700000286102295,75016896.0,148337760.0,101577.8984375
2026-02-26,1.9780000448226929,2.009999990463257,1.9780000448226929,1.9950000047683716,132767488.0,265065120.0,101577.8984375
2026-02-27,2.0139999389648438,2.0769999027252197,1.9900000095367432,2.0360000133514404,385455232.0,785603072.0,101577.8984375
2026-03-02,2.003999948501587,2.0269999504089355,1.9500000476837158,1.9579999446868896,127564400.0,254241792.0,101577.8984375
2026-03-03,1.9500000476837158,2.003999948501587,1.8990000486373901,1.902999997138977,156965104.0,306900064.0,101577.8984375
2026-03-04,1.8799999952316284,1.8839999437332153,1.8209999799728394,1.8259999752044678,92800704.0,172441344.0,101577.8984375
2026-03-05,1.8730000257492065,1.9040000438690186,1.8509999513626099,1.8650000095367432,124500400.0,232927808.0,101577.8984375
2026-03-06,1.8359999656677246,1.8650000095367432,1.8359999656677246,1.8589999675750732,77994096.0,144204096.0,101577.8984375
2026-03-09,1.7979999780654907,1.7999999523162842,1.7660000324249268,1.7869999408721924,177928992.0,317034592.0,101577.8984375
2026-03-10,1.8179999589920044,1.8250000476837158,1.8040000200271606,1.8240000009536743,102140944.0,185241280.0,101577.8984375
2026-03-11,1.8309999704360962,1.8550000190734863,1.8200000524520874,1.8240000009536743,108419296.0,199014400.0,101577.8984375
2026-03-12,1.809000015258789,1.812999963760376,1.7949999570846558,1.805999994277954,55199500.0,99598424.0,101577.8984375
2026-03-13,1.8020000457763672,1.8049999475479126,1.7929999828338623,1.7970000505447388,30049400.0,54042040.0,101577.8984375
2026-03-16,1.7899999618530273,1.8009999990463257,1.7730000019073486,1.7940000295639038,83238400.0,148602240.0,101577.8984375
2026-03-17,1.7920000553131104,1.7960000038146973,1.7640000581741333,1.7640000581741333,65493400.0,116774584.0,101577.8984375
2026-03-18,1.7829999923706055,1.7970000505447388,1.781000018119812,1.7949999570846558,82900968.0,148325152.0,101577.8984375
2026-03-19,1.7599999904632568,1.7649999856948853,1.7380000352859497,1.7419999837875366,103546600.0,181621008.0,101577.8984375
2026-03-20,1.7339999675750732,1.7450000047683716,1.7200000286102295,1.7239999771118164,55612176.0,96278376.0,101577.8984375
2026-03-23,1.6790000200271606,1.6799999475479126,1.621999979019165,1.6269999742507935,129414280.0,214157376.0,101577.8984375
2026-03-24,1.659000039100647,1.6920000314712524,1.6540000438690186,1.6890000104904175,145593296.0,243219952.0,101577.8984375
2026-03-25,1.7120000123977661,1.7330000400543213,1.7070000171661377,1.7239999771118164,98792200.0,170179328.0,101577.8984375
2026-03-26,1.725000023841858,1.7300000190734863,1.6970000267028809,1.7009999752044678,63980300.0,109580992.0,101577.8984375
2026-03-27,1.6829999685287476,1.7029999494552612,1.6820000410079956,1.6970000267028809,82048096.0,138934640.0,101577.8984375
2026-03-30,1.649999976158142,1.6720000505447388,1.6480000019073486,1.6690000295639038,58194096.0,96545776.0,101577.8984375
2026-03-31,1.6799999475479126,1.6890000104904175,1.6660000085830688,1.6670000553131104,46447100.0,77980312.0,101577.8984375
2026-04-01,1.7029999494552612,1.7300000190734863,1.6970000267028809,1.7289999723434448,97522096.0,166900176.0,101577.8984375
2026-04-02,1.7209999561309814,1.7209999561309814,1.6790000200271606,1.6920000314712524,77811800.0,132136528.0,101577.8984375
2026-04-03,1.7089999914169312,1.7170000076293945,1.7009999752044678,1.7029999494552612,63232840.0,108076152.0,101577.8984375
2026-04-07,1.7109999656677246,1.715000033378601,1.7059999704360962,1.7089999914169312,44655300.0,76331000.0,101577.8984375
2026-04-08,1.7640000581741333,1.7940000295639038,1.7569999694824219,1.7920000553131104,101040912.0,179339616.0,101577.8984375
2026-04-09,1.7660000324249268,1.784999966621399,1.7640000581741333,1.7719999551773071,55777600.0,98855448.0,101577.8984375
2026-04-10,1.777999997138977,1.7910000085830688,1.777999997138977,1.7829999923706055,64901100.0,115900408.0,101577.8984375
2026-04-13,1.7649999856948853,1.7730000019073486,1.7589999437332153,1.7619999647140503,44444400.0,78420272.0,101577.8984375
2026-04-14,1.7879999876022339,1.7920000553131104,1.777999997138977,1.781000018119812,41931000.0,74771200.0,101577.8984375
2026-04-15,1.7960000038146973,1.7979999780654907,1.7890000343322754,1.7899999618530273,41872500.0,75109344.0,101577.8984375
2026-04-16,1.7970000505447388,1.819000005722046,1.7970000505447388,1.812000036239624,57097600.0,102956592.0,101577.8984375
2026-04-17,1.8049999475479126,1.8049999475479126,1.7990000247955322,1.8009999990463257,28632500.0,51576480.0,101577.8984375
2026-04-20,1.819000005722046,1.8300000429153442,1.815999984741211,1.8170000314712524,56460720.0,102817552.0,101577.8984375
2026-04-21,1.8209999799728394,1.8289999961853027,1.8209999799728394,1.8279999494552612,34315000.0,62650168.0,101577.8984375
2026-04-22,1.8140000104904175,1.8389999866485596,1.809000015258789,1.8359999656677246,53745600.0,97968440.0,101577.8984375
2026-04-23,1.8200000524520874,1.8229999542236328,1.784000039100647,1.7970000505447388,70274400.0,126580592.0,101577.8984375
2026-04-24,1.7999999523162842,1.7999999523162842,1.784999966621399,1.7940000295639038,36620500.0,65636092.0,101577.8984375
2026-04-27,1.7949999570846558,1.8040000200271606,1.7940000295639038,1.7949999570846558,32209700.0,57908948.0,101577.8984375
2026-04-28,1.7910000085830688,1.8029999732971191,1.7879999876022339,1.7960000038146973,39276600.0,70490072.0,101577.8984375
2026-04-29,1.7960000038146973,1.7990000247955322,1.7879999876022339,1.7949999570846558,34292300.0,61505056.0,101577.8984375
2026-04-30,1.7910000085830688,1.7940000295639038,1.7829999923706055,1.7890000343322754,35112000.0,62776868.0,101577.8984375
2026-05-06,1.8170000314712524,1.8539999723434448,1.815999984741211,1.8420000076293945,97735400.0,179433728.0,101577.8984375
2026-05-07,1.8619999885559082,1.878999948501587,1.8580000400543213,1.8700000047683716,59168200.0,110701000.0,101577.8984375
2026-05-08,1.8580000400543213,1.8589999675750732,1.8200000524520874,1.8370000123977661,81299504.0,149030784.0,101577.8984375
2026-05-11,1.8380000591278076,1.8380000591278076,1.815999984741211,1.8209999799728394,41143624.0,74931024.0,101577.8984375
2026-05-12,1.815000057220459,1.815000057220459,1.8029999732971191,1.8029999732971191,37178800.0,67180464.0,101577.8984375
2026-05-13,1.7949999570846558,1.8079999685287476,1.7899999618530273,1.805999994277954,45662176.0,82154832.0,101577.8984375
2026-05-14,1.8070000410079956,1.809999942779541,1.7920000553131104,1.7949999570846558,36315924.0,65314560.0,101577.8984375
2026-05-15,1.7970000505447388,1.8020000457763672,1.7710000276565552,1.7760000228881836,63543200.0,113479768.0,101577.8984375
2026-05-18,1.746000051498413,1.7489999532699585,1.7239999771118164,1.7280000448226929,81293600.0,141149808.0,101577.8984375
2026-05-19,1.7660000324249268,1.7710000276565552,1.75600004196167,1.7669999599456787,69540800.0,122682496.0,101577.8984375
2026-05-20,1.7610000371932983,1.7690000534057617,1.7519999742507935,1.7680000066757202,44153900.0,77704664.0,101577.8984375
2026-05-21,1.7929999828338623,1.7970000505447388,1.781999945640564,1.781999945640564,58623600.0,104936184.0,101577.8984375
2026-05-22,1.7970000505447388,1.8049999475479126,1.7929999828338623,1.7979999780654907,51262800.0,92250544.0,101577.8984375
2026-05-25,1.8220000267028809,1.8339999914169312,1.819000005722046,1.8279999494552612,73658800.0,134538992.0,101577.8984375
2026-05-26,1.8420000076293945,1.8450000286102295,1.8359999656677246,1.8420000076293945,59846200.0,110156208.0,101577.8984375
2026-05-27,1.8350000381469727,1.8370000123977661,1.8259999752044678,1.8300000429153442,62924900.0,115169224.0,101577.8984375
2026-05-28,1.8200000524520874,1.8209999799728394,1.7999999523162842,1.815000057220459,48241000.0,87473760.0,101577.8984375
2026-05-29,1.8179999589920044,1.8329999446868896,1.8170000314712524,1.8279999494552612,49961400.0,91227872.0,101577.8984375
2026-06-01,1.8250000476837158,1.8380000591278076,1.8209999799728394,1.8329999446868896,50650488.0,92742560.0,101577.8984375
2026-06-02,1.819000005722046,1.8279999494552612,1.8140000104904175,1.8229999542236328,43121200.0,78478296.0,101577.8984375
2026-06-03,1.8200000524520874,1.8359999656677246,1.8049999475479126,1.8109999895095825,73695208.0,134266608.0,101577.8984375
2026-06-04,1.7879999876022339,1.7940000295639038,1.784000039100647,1.7899999618530273,47207000.0,84402632.0,101577.8984375
2026-06-05,1.7899999618530273,1.7960000038146973,1.7890000343322754,1.7949999570846558,38266800.0,68577096.0,101577.8984375
2026-06-08,1.75600004196167,1.7640000581741333,1.7430000305175781,1.746999979019165,54762096.0,95985480.0,101577.8984375
2026-06-09,1.7599999904632568,1.7669999599456787,1.7549999952316284,1.7649999856948853,41534000.0,73175744.0,101577.8984375
2026-06-10,1.7549999952316284,1.75600004196167,1.746000051498413,1.7510000467300415,31825000.0,55766424.0,101577.8984375
2026-06-11,1.7309999465942383,1.7350000143051147,1.718000054359436,1.7330000400543213,38159300.0,65908952.0,101577.8984375
2026-06-12,1.7580000162124634,1.7630000114440918,1.7519999742507935,1.7549999952316284,44151400.0,77600816.0,101577.8984375
2026-06-15,1.7929999828338623,1.8109999895095825,1.7929999828338623,1.8079999685287476,66104900.0,119003344.0,101577.8984375
2026-06-16,1.784999966621399,1.7920000553131104,1.784000039100647,1.7869999408721924,39269400.0,70190112.0,101577.8984375
2026-06-17,1.784999966621399,1.7929999828338623,1.781999945640564,1.7879999876022339,36891500.0,65934520.0,101577.8984375
2026-06-18,1.784000039100647,1.7860000133514404,1.774999976158142,1.784000039100647,34913500.0,62181252.0,101577.8984375
2026-06-22,1.784000039100647,1.784000039100647,1.7710000276565552,1.781999945640564,47592300.0,84535384.0,101577.8984375
2026-06-23,1.7730000019073486,1.7769999504089355,1.753999948501587,1.75600004196167,41782100.0,73818592.0,101577.8984375
2026-06-24,1.75600004196167,1.7610000371932983,1.75,1.75600004196167,19778100.0,34729232.0,101577.8984375
2026-06-25,1.7480000257492065,1.75,1.7419999837875366,1.7480000257492065,32154200.0,56147832.0,101577.8984375
2026-06-26,1.7519999742507935,1.7549999952316284,1.7400000095367432,1.753000020980835,29846800.0,52196520.0,101577.8984375
2026-06-29,1.746999979019165,1.7489999532699585,1.7410000562667847,1.746999979019165,28458200.0,49655520.0,101577.8984375
2026-06-30,1.74399995803833,1.7519999742507935,1.74399995803833,1.7489999532699585,31960500.0,55851244.0,101577.8984375
2026-07-01,1.7630000114440918,1.7649999856948853,1.7589999437332153,1.7619999647140503,31474500.0,55461496.0,101577.8984375
2026-07-02,1.7640000581741333,1.7669999599456787,1.7580000162124634,1.7589999437332153,20585738.0,36307196.0,101577.8984375
2026-07-03,1.812000036239624,1.8329999446868896,1.809999942779541,1.8279999494552612,81445952.0,148150176.0,101577.8984375
2026-07-06,1.8300000429153442,1.843999981880188,1.8240000009536743,1.8320000171661377,63066500.0,115648456.0,101577.8984375
2026-07-07,1.8289999961853027,1.8559999465942383,1.8279999494552612,1.8539999723434448,56874000.0,104626936.0,101577.8984375
2026-07-08,1.8300000429153442,1.8519999980926514,1.7979999780654907,1.8020000457763672,86043600.0,156577264.0,101577.8984375
2026-07-09,1.781000018119812,1.8029999732971191,1.7740000486373901,1.7869999408721924,65410300.0,116867792.0,101577.8984375
2026-07-10,1.7869999408721924,1.7979999780654907,1.784000039100647,1.7960000038146973,37573500.0,67319600.0,101577.8984375
2026-07-13,1.7640000581741333,1.7920000553131104,1.7640000581741333,1.7799999713897705,29893100.0,53124272.0,101577.8984375
2026-07-14,1.7710000276565552,1.7999999523162842,1.7610000371932983,1.7660000324249268,39582100.0,70069664.0,101577.8984375
2026-07-15,1.7719999551773071,1.7790000438690186,1.7680000066757202,1.7730000019073486,43698148.0,77471424.0,101577.8984375
2026-07-16,1.7669999599456787,1.7769999504089355,1.7660000324249268,1.7740000486373901,34118700.0,60423216.0,101577.8984375
2026-07-17,1.7580000162124634,1.7619999647140503,1.7410000562667847,1.7489999532699585,58132300.0,101629880.0,101577.8984375
2026-07-20,1.7549999952316284,1.7549999952316284,1.746999979019165,1.75,41488500.0,72624312.0,101577.8984375
2026-07-21,1.7450000047683716,1.7660000324249268,1.74399995803833,1.7630000114440918,41275100.0,72459704.0,101577.8984375
2026-07-22,1.7660000324249268,1.7690000534057617,1.7610000371932983,1.7619999647140503,28458900.0,50243028.0,101577.8984375
2026-07-23,1.774999976158142,1.7769999504089355,1.7680000066757202,1.7710000276565552,29604900.0,52471144.0,101577.8984375
2026-07-24,1.746999979019165,1.7489999532699585,1.7410000562667847,1.7430000305175781,27944000.0,48750696.0,101577.8984375
2026-07-27,1.7699999809265137,1.7899999618530273,1.7680000066757202,1.7899999618530273,43394288.0,77224016.0,101577.8984375
2026-07-28,1.781999945640564,1.784999966621399,1.7790000438690186,1.784000039100647,42734800.0,76147296.0,101577.8984375
2026-07-29,1.7869999408721924,1.7910000085830688,1.781999945640564,1.7890000343322754,38325300.0,68469320.0,101577.8984375
2026-07-30,1.7979999780654907,1.8029999732971191,1.784999966621399,1.7879999876022339,42033832.0,75422720.0,101577.8984375
2026-07-31,1.8200000524520874,1.8240000009536743,1.815000057220459,1.8200000524520874,49642600.0,90307600.0,101577.8984375
2026-08-03,1.8300000429153442,1.840999960899353,1.8300000429153442,1.8370000123977661,38730952.0,71123704.0,101577.8984375
2026-08-04,1.8539999723434448,1.8589999675750732,1.8489999771118164,1.8589999675750732,52741500.0,97845376.0,101577.8984375
2026-08-05,1.878000020980835,1.9019999504089355,1.8730000257492065,1.8990000486373901,73208896.0,137964288.0,101577.8984375
2026-08-06,1.8930000066757202,1.8930000066757202,1.8669999837875366,1.875,48541496.0,90865296.0,101577.8984375
2026-08-07,1.8739999532699585,1.909000039100647,1.8700000047683716,1.8949999809265137,53731784.0,101338416.0,101577.8984375
2026-08-10,1.8940000534057617,1.9459999799728394,1.8849999904632568,1.9229999780654907,118336160.0,226648128.0,101577.8984375
2026-08-11,1.9259999990463257,1.9800000190734863,1.8839999437332153,1.8849999904632568,128363200.0,245125312.0,101577.8984375
2026-08-12,1.8869999647140503,1.9420000314712524,1.8849999904632568,1.9199999570846558,213095200.0,408350560.0,101577.8984375
2026-08-13,1.9270000457763672,1.9550000429153442,1.8960000276565552,1.9509999752044678,151119808.0,292587392.0,101577.8984375
2026-08-14,1.9479999542236328,2.009999990463257,1.9129999876022339,1.940000057220459,338507296.0,661497152.0,101577.8984375
2026-08-17,1.9509999752044678,2.0220000743865967,1.937000036239624,1.9910000562667847,323595488.0,642593600.0,101577.8984375
2026-08-18,1.9709999561309814,2.005000114440918,1.9609999656677246,1.965000033378601,137920400.0,273243136.0,101577.8984375
2026-08-19,1.940000057220459,1.9589999914169312,1.875,1.899999976158142,226424096.0,429828992.0,101577.8984375
2026-08-20,1.9010000228881836,1.9390000104904175,1.8990000486373901,1.9160000085830688,154657104.0,296638912.0,101577.8984375
2026-08-21,1.8990000486373901,1.9079999923706055,1.8830000162124634,1.8860000371932983,159267888.0,300936544.0,101577.8984375
2026-08-24,1.8949999809265137,1.906000018119812,1.88100004196167,1.8860000371932983,81148000.0,153733872.0,101577.8984375
2026-08-25,1.8849999904632568,1.9110000133514404,1.8830000162124634,1.9110000133514404,68175200.0,129352264.0,101577.8984375
2026-08-26,1.9049999713897705,1.9270000457763672,1.9049999713897705,1.9110000133514404,75945584.0,145702912.0,101577.8984375
2026-08-27,1.9160000085830688,1.9290000200271606,1.9129999876022339,1.9179999828338623,61982560.0,119021584.0,101577.8984375
2026-08-28,1.9240000247955322,1.9259999990463257,1.9160000085830688,1.9199999570846558,52264324.0,100386160.0,101577.8984375
2026-08-31,1.9129999876022339,1.9229999780654907,1.906000018119812,1.9149999618530273,56943600.0,108985256.0,101577.8984375
