datetime,open,high,low,close,vol,amount,float_shares
2021-06-01,0.996999979019165,1.0190000534057617,0.9950000047683716,1.0190000534057617,434441504.0,438290176.0,5651734.5
2021-06-02,1.0210000276565552,1.0269999504089355,1.0130000114440918,1.0140000581741333,149794096.0,152580688.0,5651734.5
2021-06-03,1.0180000066757202,1.024999976158142,1.0099999904632568,1.0110000371932983,103900600.0,105813064.0,5651734.5
2021-06-04,1.0110000371932983,1.0140000581741333,1.003999948501587,1.00600004196167,70302600.0,70907616.0,5651734.5
2021-06-07,1.0080000162124634,1.0099999904632568,0.9980000257492065,1.0019999742507935,64137300.0,64247852.0,5651734.5
2021-06-08,1.0019999742507935,1.0049999952316284,0.9900000095367432,0.9919999837875366,82708600.0,82314592.0,5651734.5
2021-06-09,0.9919999837875366,0.9959999918937683,0.9879999756813049,0.9909999966621399,41468500.0,41130376.0,5651734.5
2021-06-10,0.9890000224113464,1.0,0.9890000224113464,0.9909999966621399,98255696.0,97792392.0,5651734.5
2021-06-11,0.9950000047683716,1.0,0.9900000095367432,0.9909999966621399,51612800.0,51306120.0,5651734.5
2021-06-15,0.9950000047683716,0.996999979019165,0.9800000190734863,0.9860000014305115,58752500.0,58013552.0,5651734.5
2021-06-16,0.9850000143051147,0.9850000143051147,0.9750000238418579,0.9760000109672546,47312000.0,46337944.0,5651734.5
2021-06-17,0.9739999771118164,0.9829999804496765,0.968999981880188,0.9829999804496765,57386900.0,56095344.0,5651734.5
2021-06-18,0.9860000014305115,1.00600004196167,0.9860000014305115,1.0,85795000.0,85861024.0,5651734.5
2021-06-21,0.996999979019165,0.9990000128746033,0.9890000224113464,0.9919999837875366,54512400.0,54135488.0,5651734.5
2021-06-22,0.9940000176429749,0.9940000176429749,0.9810000061988831,0.9819999933242798,43922900.0,43270556.0,5651734.5
2021-06-23,0.9860000014305115,1.00600004196167,0.9829999804496765,1.003999948501587,95294096.0,95025096.0,5651734.5
2021-06-24,1.003999948501587,1.0110000371932983,1.0019999742507935,1.00600004196167,84504496.0,85125800.0,5651734.5
2021-06-25,1.0110000371932983,1.0269999504089355,1.0099999904632568,1.0260000228881836,134550400.0,137422784.0,5651734.5
2021-06-28,1.0260000228881836,1.034000039100647,1.024999976158142,1.0299999713897705,58777400.0,60465952.0,5651734.5
2021-06-29,1.031000018119812,1.0369999408721924,1.0169999599456787,1.0169999599456787,51587800.0,52985372.0,5651734.5
2021-06-30,1.0219999551773071,1.0290000438690186,1.0180000066757202,1.0210000276565552,41831800.0,42793708.0,5651734.5
2021-07-01,1.0199999809265137,1.0230000019073486,1.0089999437332153,1.0099999904632568,30547600.0,30946564.0,5651734.5
2021-07-02,1.0119999647140503,1.0130000114440918,0.9879999756813049,0.9900000095367432,68045104.0,67598928.0,5651734.5
2021-07-05,0.9900000095367432,0.9909999966621399,0.9639999866485596,0.968999981880188,101955000.0,99123520.0,5651734.5
2021-07-06,0.9700000286102295,0.972000002861023,0.9520000219345093,0.9599999785423279,76887800.0,73692128.0,5651734.5
2021-07-07,0.9520000219345093,0.9570000171661377,0.9459999799728394,0.9520000219345093,79699600.0,75890128.0,5651734.5
2021-07-08,0.9549999833106995,0.9559999704360962,0.9200000166893005,0.9240000247955322,116024304.0,108289616.0,5651734.5
2021-07-09,0.9229999780654907,0.9380000233650208,0.9039999842643738,0.9369999766349792,104110400.0,96229504.0,5651734.5
2021-07-12,0.9440000057220459,0.9509999752044678,0.9330000281333923,0.9430000185966492,75713800.0,71197416.0,5651734.5
2021-07-13,0.9459999799728394,0.9660000205039978,0.9430000185966492,0.9589999914169312,79291400.0,75894576.0,5651734.5
2021-07-14,0.9559999704360962,0.9649999737739563,0.9559999704360962,0.9589999914169312,44276900.0,42582604.0,5651734.5
2021-07-15,0.9629999995231628,0.9629999995231628,0.9559999704360962,0.9620000123977661,37820800.0,36315720.0,5651734.5
2021-07-16,0.9620000123977661,0.9620000123977661,0.953000009059906,0.9570000171661377,35942200.0,34395784.0,5651734.5
2021-07-19,0.9549999833106995,0.9549999833106995,0.9330000281333923,0.9369999766349792,50790100.0,47632544.0,5651734.5
2021-07-20,0.9300000071525574,0.9390000104904175,0.9200000166893005,0.925000011920929,92596200.0,85866992.0,5651734.5
2021-07-21,0.9279999732971191,0.9319999814033508,0.9179999828338623,0.9200000166893005,78325200.0,72284432.0,5651734.5
2021-07-22,0.925000011920929,0.9359999895095825,0.925000011920929,0.9330000281333923,48074600.0,44826556.0,5651734.5
2021-07-23,0.9340000152587891,0.9369999766349792,0.9169999957084656,0.9179999828338623,55151000.0,50895148.0,5651734.5
2021-07-26,0.8999999761581421,0.9020000100135803,0.8550000190734863,0.8669999837875366,151490592.0,132278016.0,5651734.5
2021-07-27,0.8579999804496765,0.8579999804496765,0.7919999957084656,0.7960000038146973,223898896.0,184798832.0,5651734.5
2021-07-28,0.8080000281333923,0.8180000185966492,0.7850000262260437,0.8050000071525574,211339504.0,169142368.0,5651734.5
2021-07-29,0.8370000123977661,0.8659999966621399,0.8360000252723694,0.859000027179718,215941600.0,184317728.0,5651734.5
2021-07-30,0.8510000109672546,0.8510000109672546,0.8299999833106995,0.8389999866485596,129912200.0,109047136.0,5651734.5
2021-08-02,0.8420000076293945,0.8560000061988831,0.8360000252723694,0.8510000109672546,127961800.0,108540208.0,5651734.5
2021-08-03,0.8519999980926514,0.8519999980926514,0.824999988079071,0.8410000205039978,126736000.0,106047664.0,5651734.5
2021-08-04,0.8379999995231628,0.8669999837875366,0.8309999704360962,0.859000027179718,138659392.0,118294088.0,5651734.5
2021-08-05,0.8569999933242798,0.8659999966621399,0.8389999866485596,0.8399999737739563,123187904.0,105033472.0,5651734.5
2021-08-06,0.843999981880188,0.847000002861023,0.8349999785423279,0.8429999947547913,89614496.0,75476304.0,5651734.5
2021-08-09,0.8320000171661377,0.847000002861023,0.8270000219345093,0.8420000076293945,112966200.0,94780760.0,5651734.5
2021-08-10,0.8479999899864197,0.8579999804496765,0.8420000076293945,0.8560000061988831,117519400.0,99804736.0,5651734.5
2021-08-11,0.8569999933242798,0.8640000224113464,0.8510000109672546,0.8579999804496765,100797696.0,86396320.0,5651734.5
2021-08-12,0.8550000190734863,0.8569999933242798,0.8429999947547913,0.8450000286102295,86159696.0,73285952.0,5651734.5
2021-08-13,0.843999981880188,0.843999981880188,0.8230000138282776,0.8259999752044678,114391200.0,94937064.0,5651734.5
2021-08-16,0.824999988079071,0.824999988079071,0.8059999942779541,0.8069999814033508,138983008.0,112849584.0,5651734.5
2021-08-17,0.8050000071525574,0.8050000071525574,0.7799999713897705,0.7839999794960022,200222592.0,158635616.0,5651734.5
2021-08-18,0.7839999794960022,0.7910000085830688,0.781000018119812,0.7850000262260437,114636896.0,90201384.0,5651734.5
2021-08-19,0.7879999876022339,0.7879999876022339,0.7649999856948853,0.7680000066757202,201396608.0,155761456.0,5651734.5
2021-08-20,0.7649999856948853,0.7649999856948853,0.7310000061988831,0.7440000176429749,307426112.0,229972976.0,5651734.5
2021-08-23,0.7570000290870667,0.7739999890327454,0.7549999952316284,0.7599999904632568,181475696.0,138814688.0,5651734.5
2021-08-24,0.7720000147819519,0.800000011920929,0.7720000147819519,0.7990000247955322,253663200.0,199974800.0,5651734.5
2021-08-25,0.8220000267028809,0.8330000042915344,0.8029999732971191,0.8050000071525574,281732352.0,230203312.0,5651734.5
2021-08-26,0.8059999942779541,0.8109999895095825,0.7820000052452087,0.7900000214576721,181279808.0,144288544.0,5651734.5
2021-08-27,0.7919999957084656,0.8100000023841858,0.7900000214576721,0.7900000214576721,133549200.0,107029648.0,5651734.5
2021-08-30,0.7960000038146973,0.8040000200271606,0.7879999876022339,0.7990000247955322,168587600.0,134517840.0,5651734.5
2021-08-31,0.8019999861717224,0.8190000057220459,0.7910000085830688,0.8180000185966492,170802704.0,137356736.0,5651734.5
2021-09-01,0.828000009059906,0.8519999980926514,0.8220000267028809,0.8360000252723694,284167200.0,238692832.0,5651734.5
2021-09-02,0.8539999723434448,0.8640000224113464,0.8450000286102295,0.8479999899864197,156156096.0,133415784.0,5651734.5
2021-09-03,0.8500000238418579,0.8500000238418579,0.8339999914169312,0.8370000123977661,121302344.0,101927008.0,5651734.5
2021-09-06,0.8379999995231628,0.8479999899864197,0.8320000171661377,0.8450000286102295,146371008.0,123558592.0,5651734.5
2021-09-07,0.8560000061988831,0.8679999709129333,0.8510000109672546,0.8629999756813049,120827504.0,104152480.0,5651734.5
2021-09-08,0.8659999966621399,0.871999979019165,0.8510000109672546,0.859000027179718,140045104.0,120766008.0,5651734.5
2021-09-09,0.8460000157356262,0.8460000157356262,0.8240000009536743,0.824999988079071,285869184.0,237738640.0,5651734.5
2021-09-10,0.8299999833106995,0.8429999947547913,0.828000009059906,0.8349999785423279,133206896.0,111526656.0,5651734.5
2021-09-13,0.8299999833106995,0.8299999833106995,0.8140000104904175,0.8190000057220459,110959800.0,91079704.0,5651734.5
2021-09-14,0.8240000009536743,0.828000009059906,0.8069999814033508,0.8090000152587891,131815696.0,107955808.0,5651734.5
2021-09-15,0.8050000071525574,0.8050000071525574,0.7879999876022339,0.7889999747276306,144441600.0,115121960.0,5651734.5
2021-09-16,0.7879999876022339,0.7929999828338623,0.7710000276565552,0.7730000019073486,267523392.0,208941072.0,5651734.5
2021-09-17,0.777999997138977,0.8080000281333923,0.777999997138977,0.8069999814033508,170404256.0,135675184.0,5651734.5
2021-09-22,0.7860000133514404,0.796999990940094,0.7850000262260437,0.7960000038146973,57844200.0,45857628.0,5651734.5
2021-09-23,0.8050000071525574,0.8080000281333923,0.7860000133514404,0.7889999747276306,164579200.0,130904640.0,5651734.5
2021-09-24,0.7910000085830688,0.7919999957084656,0.7739999890327454,0.7760000228881836,142988608.0,112066144.0,5651734.5
2021-09-27,0.7770000100135803,0.7820000052452087,0.7649999856948853,0.7670000195503235,150395904.0,116115896.0,5651734.5
2021-09-28,0.7720000147819519,0.7829999923706055,0.7689999938011169,0.7799999713897705,142888192.0,110986624.0,5651734.5
2021-09-29,0.7680000066757202,0.7720000147819519,0.7570000290870667,0.7710000276565552,168520896.0,128803800.0,5651734.5
2021-09-30,0.7639999985694885,0.7689999938011169,0.7590000033378601,0.7670000195503235,157752608.0,120381384.0,5651734.5
2021-10-08,0.7910000085830688,0.7960000038146973,0.7689999938011169,0.7739999890327454,206664800.0,160483712.0,5651734.5
2021-10-11,0.7820000052452087,0.8019999861717224,0.7820000052452087,0.7950000166893005,182571600.0,144962208.0,5651734.5
2021-10-12,0.7860000133514404,0.7889999747276306,0.7749999761581421,0.7770000100135803,165484096.0,129359080.0,5651734.5
2021-10-13,0.7770000100135803,0.7820000052452087,0.7730000019073486,0.7820000052452087,65691500.0,51022876.0,5651734.5
2021-10-14,0.7860000133514404,0.7889999747276306,0.7839999794960022,0.7879999876022339,54873300.0,43216344.0,5651734.5
2021-10-15,0.7850000262260437,0.7860000133514404,0.7770000100135803,0.7829999923706055,115747904.0,90491152.0,5651734.5
2021-10-18,0.7860000133514404,0.7879999876022339,0.7749999761581421,0.7770000100135803,101239696.0,78770584.0,5651734.5
2021-10-19,0.7850000262260437,0.8059999942779541,0.7829999923706055,0.8059999942779541,172553904.0,137723200.0,5651734.5
2021-10-20,0.8209999799728394,0.8330000042915344,0.8159999847412109,0.8259999752044678,222503808.0,183653616.0,5651734.5
2021-10-21,0.828000009059906,0.8309999704360962,0.8109999895095825,0.8169999718666077,122212400.0,100352424.0,5651734.5
2021-10-22,0.8230000138282776,0.8399999737739563,0.8230000138282776,0.8360000252723694,233295312.0,194640656.0,5651734.5
2021-10-25,0.8330000042915344,0.8420000076293945,0.8289999961853027,0.8370000123977661,138039008.0,115513888.0,5651734.5
2021-10-26,0.8399999737739563,0.8399999737739563,0.8180000185966492,0.8199999928474426,98664400.0,81680208.0,5651734.5
2021-10-27,0.8100000023841858,0.8119999766349792,0.7929999828338623,0.7950000166893005,154531104.0,123248016.0,5651734.5
2021-10-28,0.800000011920929,0.8100000023841858,0.7950000166893005,0.7979999780654907,90939592.0,72989064.0,5651734.5
2021-10-29,0.800000011920929,0.800000011920929,0.7889999747276306,0.7910000085830688,100857200.0,80000664.0,5651734.5
2021-11-01,0.7860000133514404,0.7870000004768372,0.7770000100135803,0.7799999713897705,161134096.0,125842624.0,5651734.5
2021-11-02,0.796999990940094,0.8080000281333923,0.7829999923706055,0.7839999794960022,182294208.0,145353376.0,5651734.5
2021-11-03,0.7829999923706055,0.7870000004768372,0.7699999809265137,0.7770000100135803,217878704.0,169004208.0,5651734.5
2021-11-04,0.781000018119812,0.7900000214576721,0.781000018119812,0.7839999794960022,108292000.0,85072640.0,5651734.5
2021-11-05,0.781000018119812,0.7870000004768372,0.7770000100135803,0.7799999713897705,91792400.0,71827576.0,5651734.5
2021-11-08,0.7770000100135803,0.7770000100135803,0.765999972820282,0.765999972820282,157841504.0,121384472.0,5651734.5
2021-11-09,0.7730000019073486,0.7749999761581421,0.7609999775886536,0.7689999938011169,97540296.0,74876296.0,5651734.5
2021-11-10,0.7680000066757202,0.7749999761581421,0.7620000243186951,0.7739999890327454,134481792.0,103339440.0,5651734.5
2021-11-11,0.7749999761581421,0.8029999732971191,0.7739999890327454,0.8019999861717224,206125296.0,162339488.0,5651734.5
2021-11-12,0.8109999895095825,0.8130000233650208,0.8009999990463257,0.8059999942779541,163593504.0,132102704.0,5651734.5
2021-11-15,0.8130000233650208,0.8149999976158142,0.8069999814033508,0.8090000152587891,100389696.0,81380416.0,5651734.5
2021-11-16,0.8140000104904175,0.824999988079071,0.8100000023841858,0.8209999799728394,162515504.0,132947944.0,5651734.5
2021-11-17,0.8220000267028809,0.8220000267028809,0.8119999766349792,0.8190000057220459,93802672.0,76698048.0,5651734.5
2021-11-18,0.8029999732971191,0.8050000071525574,0.7940000295639038,0.796999990940094,174369632.0,139232976.0,5651734.5
2021-11-19,0.7829999923706055,0.7940000295639038,0.7799999713897705,0.7919999957084656,142059696.0,111766648.0,5651734.5
2021-11-22,0.7940000295639038,0.796999990940094,0.7860000133514404,0.7879999876022339,136731808.0,108106688.0,5651734.5
2021-11-23,0.7799999713897705,0.7820000052452087,0.7760000228881836,0.781000018119812,137048400.0,106779368.0,5651734.5
2021-11-24,0.7799999713897705,0.7850000262260437,0.7739999890327454,0.781000018119812,163459408.0,127419304.0,5651734.5
2021-11-25,0.7829999923706055,0.7850000262260437,0.7720000147819519,0.7839999794960022,138192496.0,107773504.0,5651734.5
2021-11-26,0.7770000100135803,0.777999997138977,0.7630000114440918,0.765999972820282,229063456.0,176172992.0,5651734.5
2021-11-29,0.7570000290870667,0.7680000066757202,0.7509999871253967,0.7540000081062317,198806496.0,150536976.0,5651734.5
2021-11-30,0.7540000081062317,0.7559999823570251,0.7319999933242798,0.7360000014305115,328253696.0,243844496.0,5651734.5
2021-12-01,0.7400000095367432,0.7509999871253967,0.7390000224113464,0.7480000257492065,125477400.0,93633976.0,5651734.5
2021-12-02,0.7390000224113464,0.7440000176429749,0.7350000143051147,0.7400000095367432,140519200.0,103821040.0,5651734.5
2021-12-03,0.734000027179718,0.7369999885559082,0.7239999771118164,0.7310000061988831,298053600.0,217343584.0,5651734.5
2021-12-06,0.7139999866485596,0.718999981880188,0.703000009059906,0.703000009059906,388687904.0,276290816.0,5651734.5
2021-12-07,0.7170000076293945,0.7289999723434448,0.7110000252723694,0.7279999852180481,258940400.0,186122288.0,5651734.5
2021-12-08,0.7350000143051147,0.7400000095367432,0.7310000061988831,0.7360000014305115,346168512.0,254770144.0,5651734.5
2021-12-09,0.7390000224113464,0.7480000257492065,0.7390000224113464,0.7450000047683716,199616496.0,148602464.0,5651734.5
2021-12-10,0.7429999709129333,0.7509999871253967,0.7390000224113464,0.7400000095367432,125612896.0,93603536.0,5651734.5
2021-12-13,0.746999979019165,0.7570000290870667,0.7429999709129333,0.7440000176429749,490221408.0,368341696.0,5651734.5
2021-12-14,0.7360000014305115,0.7379999756813049,0.7229999899864197,0.7229999899864197,217627392.0,158599888.0,5651734.5
2021-12-15,0.7239999771118164,0.7269999980926514,0.7099999785423279,0.7110000252723694,217026704.0,155953552.0,5651734.5
2021-12-16,0.7120000123977661,0.7129999995231628,0.7009999752044678,0.7089999914169312,319555296.0,225739280.0,5651734.5
2021-12-17,0.7080000042915344,0.7089999914169312,0.6980000138282776,0.699999988079071,281314592.0,197570528.0,5651734.5
2021-12-20,0.6980000138282776,0.7020000219345093,0.6800000071525574,0.6809999942779541,439173792.0,302775744.0,5651734.5
2021-12-21,0.6779999732971191,0.6899999976158142,0.6740000247955322,0.6890000104904175,296067904.0,201601024.0,5651734.5
2021-12-22,0.6990000009536743,0.7039999961853027,0.6919999718666077,0.6940000057220459,193996096.0,135529280.0,5651734.5
2021-12-23,0.6970000267028809,0.7009999752044678,0.6880000233650208,0.6949999928474426,236211200.0,164230272.0,5651734.5
2021-12-24,0.6990000009536743,0.699999988079071,0.6899999976158142,0.6919999718666077,141732000.0,98354656.0,5651734.5
2021-12-27,0.6919999718666077,0.6949999928474426,0.6909999847412109,0.6919999718666077,82520896.0,57199728.0,5651734.5
2021-12-28,0.6940000057220459,0.6949999928474426,0.6809999942779541,0.6859999895095825,137518800.0,94389808.0,5651734.5
2021-12-29,0.6830000281333923,0.6830000281333923,0.671999990940094,0.6729999780654907,228084000.0,154066784.0,5651734.5
2021-12-30,0.671999990940094,0.6809999942779541,0.6669999957084656,0.675000011920929,194225200.0,130833720.0,5651734.5
2021-12-31,0.6970000267028809,0.699999988079071,0.6940000057220459,0.6980000138282776,274725120.0,191545040.0,5651734.5
2022-01-04,0.6970000267028809,0.6980000138282776,0.6840000152587891,0.6869999766349792,352884704.0,243379808.0,5651734.5
2022-01-05,0.6800000071525574,0.6800000071525574,0.6600000262260437,0.6610000133514404,506216800.0,337148288.0,5651734.5
2022-01-06,0.652999997138977,0.6620000004768372,0.6460000276565552,0.652999997138977,383655904.0,250338256.0,5651734.5
2022-01-07,0.6690000295639038,0.6740000247955322,0.6639999747276306,0.6729999780654907,336441248.0,225034688.0,5651734.5
2022-01-10,0.6729999780654907,0.6909999847412109,0.6700000166893005,0.6869999766349792,377088096.0,258172448.0,5651734.5
2022-01-11,0.6850000023841858,0.6940000057220459,0.6830000281333923,0.6840000152587891,226618080.0,156042528.0,5651734.5
2022-01-12,0.7039999961853027,0.7160000205039978,0.7020000219345093,0.7149999737739563,526931648.0,374163488.0,5651734.5
2022-01-13,0.7210000157356262,0.7239999771118164,0.7039999961853027,0.7070000171661377,215175200.0,153253328.0,5651734.5
2022-01-14,0.6909999847412109,0.703000009059906,0.6890000104904175,0.7020000219345093,245580000.0,171215472.0,5651734.5
2022-01-17,0.7020000219345093,0.7080000042915344,0.6959999799728394,0.699999988079071,162218592.0,113691632.0,5651734.5
2022-01-18,0.703000009059906,0.7139999866485596,0.6990000009536743,0.7009999752044678,278624896.0,196936688.0,5651734.5
2022-01-19,0.6980000138282776,0.7049999833106995,0.6869999766349792,0.6909999847412109,344017344.0,238703328.0,5651734.5
2022-01-20,0.6930000185966492,0.718999981880188,0.6919999718666077,0.7179999947547913,349406208.0,247687424.0,5651734.5
2022-01-21,0.7129999995231628,0.722000002861023,0.7080000042915344,0.7149999737739563,277528704.0,198528896.0,5651734.5
2022-01-24,0.7020000219345093,0.7049999833106995,0.6959999799728394,0.699999988079071,283242272.0,198348080.0,5651734.5
2022-01-25,0.6880000233650208,0.6899999976158142,0.6769999861717224,0.6779999732971191,468726912.0,319858880.0,5651734.5
2022-01-26,0.6779999732971191,0.6890000104904175,0.671999990940094,0.6819999814033508,301839584.0,205854240.0,5651734.5
2022-01-27,0.6669999957084656,0.671999990940094,0.6539999842643738,0.656000018119812,433989792.0,287095264.0,5651734.5
2022-01-28,0.6600000262260437,0.6620000004768372,0.6430000066757202,0.652999997138977,410509408.0,267066048.0,5651734.5
2022-02-07,0.6800000071525574,0.6819999814033508,0.6669999957084656,0.6729999780654907,297201984.0,200220592.0,5651734.5
2022-02-08,0.6690000295639038,0.671999990940094,0.6610000133514404,0.6679999828338623,220254016.0,146772368.0,5651734.5
2022-02-09,0.6800000071525574,0.6909999847412109,0.6790000200271606,0.6890000104904175,286075712.0,196119616.0,5651734.5
2022-02-10,0.6980000138282776,0.699999988079071,0.6830000281333923,0.6899999976158142,223953488.0,154866432.0,5651734.5
2022-02-11,0.6830000281333923,0.6919999718666077,0.6790000200271606,0.6819999814033508,230313584.0,157766496.0,5651734.5
2022-02-14,0.6740000247955322,0.6779999732971191,0.6690000295639038,0.675000011920929,182429200.0,122872008.0,5651734.5
2022-02-15,0.6710000038146973,0.6800000071525574,0.6700000166893005,0.671999990940094,253974400.0,171108720.0,5651734.5
2022-02-16,0.6840000152587891,0.6869999766349792,0.6800000071525574,0.6809999942779541,275058112.0,187856992.0,5651734.5
2022-02-17,0.6819999814033508,0.6909999847412109,0.6800000071525574,0.6850000023841858,266036896.0,182413360.0,5651734.5
2022-02-18,0.6809999942779541,0.6899999976158142,0.6759999990463257,0.6769999861717224,266061600.0,182447632.0,5651734.5
2022-02-21,0.6600000262260437,0.6650000214576721,0.652999997138977,0.656000018119812,457081888.0,301158336.0,5651734.5
2022-02-22,0.6380000114440918,0.6460000276565552,0.6320000290870667,0.6359999775886536,567887424.0,361933920.0,5651734.5
2022-02-23,0.6380000114440918,0.6480000019073486,0.6349999904632568,0.6470000147819519,382669184.0,245743088.0,5651734.5
2022-02-24,0.6340000033378601,0.6359999775886536,0.6140000224113464,0.6240000128746033,771388224.0,483134528.0,5651734.5
2022-02-25,0.6309999823570251,0.6349999904632568,0.621999979019165,0.6230000257492065,518149024.0,325190656.0,5651734.5
2022-02-28,0.6240000128746033,0.6259999871253967,0.6119999885559082,0.6169999837875366,438843456.0,270848576.0,5651734.5
2022-03-01,0.621999979019165,0.6290000081062317,0.6200000047683716,0.6290000081062317,394111616.0,245872944.0,5651734.5
2022-03-02,0.6240000128746033,0.6269999742507935,0.6129999756813049,0.6129999756813049,574996672.0,356163520.0,5651734.5
2022-03-03,0.6150000095367432,0.6159999966621399,0.6010000109672546,0.6029999852180481,517863200.0,313772800.0,5651734.5
2022-03-04,0.5809999704360962,0.5849999785423279,0.5759999752044678,0.5770000219345093,677441280.0,393390272.0,5651734.5
2022-03-07,0.5559999942779541,0.5619999766349792,0.5460000038146973,0.5559999942779541,664564800.0,368286208.0,5651734.5
2022-03-08,0.5529999732971191,0.5580000281333923,0.5320000052452087,0.5350000262260437,910901952.0,496305632.0,5651734.5
2022-03-09,0.5400000214576721,0.5440000295639038,0.5149999856948853,0.5299999713897705,1035537408.0,547031360.0,5651734.5
2022-03-10,0.5490000247955322,0.5540000200271606,0.5339999794960022,0.5370000004768372,1075365376.0,586339776.0,5651734.5
2022-03-11,0.5059999823570251,0.5180000066757202,0.4950000047683716,0.5170000195503235,2091027840.0,1059394624.0,5651734.5
2022-03-14,0.4970000088214874,0.49900001287460327,0.4729999899864197,0.4740000069141388,2226758400.0,1079337984.0,5651734.5
2022-03-15,0.4449999928474426,0.4729999899864197,0.4269999861717224,0.4309999942779541,4343628288.0,1949182080.0,5651734.5
2022-03-16,0.44999998807907104,0.4740000069141388,0.44200000166893005,0.4740000069141388,2306939648.0,1046115584.0,5651734.5
2022-03-17,0.5210000276565552,0.5210000276565552,0.5210000276565552,0.5210000276565552,153807200.0,80133552.0,5651734.5
2022-03-18,0.5210000276565552,0.5540000200271606,0.515999972820282,0.5479999780654907,3384422912.0,1806181376.0,5651734.5
2022-03-21,0.5630000233650208,0.5659999847412109,0.5360000133514404,0.5410000085830688,1562003456.0,855047808.0,5651734.5
2022-03-22,0.5410000085830688,0.5590000152587891,0.5389999747276306,0.5540000200271606,1006466688.0,552441920.0,5651734.5
2022-03-23,0.574999988079071,0.5950000286102295,0.5720000267028809,0.5820000171661377,1463181056.0,853804928.0,5651734.5
2022-03-24,0.5720000267028809,0.5809999704360962,0.5659999847412109,0.5669999718666077,798911616.0,458768256.0,5651734.5
2022-03-25,0.5569999814033508,0.5649999976158142,0.5299999713897705,0.5320000052452087,1109050368.0,606339712.0,5651734.5
2022-03-28,0.5339999794960022,0.5550000071525574,0.5249999761581421,0.5450000166893005,1163334912.0,631566848.0,5651734.5
2022-03-29,0.5529999732971191,0.5619999766349792,0.5509999990463257,0.5569999814033508,615688320.0,342576416.0,5651734.5
2022-03-30,0.5690000057220459,0.5730000138282776,0.5580000281333923,0.5659999847412109,687232384.0,388840704.0,5651734.5
2022-03-31,0.5640000104904175,0.5649999976158142,0.5490000247955322,0.5519999861717224,485652096.0,269586048.0,5651734.5
2022-04-01,0.5379999876022339,0.5490000247955322,0.531000018119812,0.5460000038146973,586368576.0,316704832.0,5651734.5
2022-04-06,0.5630000233650208,0.5649999976158142,0.5569999814033508,0.5630000233650208,557519104.0,313337856.0,5651734.5
2022-04-07,0.550000011920929,0.5649999976158142,0.5450000166893005,0.5460000038146973,662433728.0,367032128.0,5651734.5
2022-04-08,0.5410000085830688,0.5419999957084656,0.5289999842643738,0.5370000004768372,645884416.0,345623488.0,5651734.5
2022-04-11,0.5320000052452087,0.5320000052452087,0.5080000162124634,0.5090000033378601,709505024.0,366862144.0,5651734.5
2022-04-12,0.5189999938011169,0.5260000228881836,0.5019999742507935,0.5220000147819519,972911488.0,500222112.0,5651734.5
2022-04-13,0.5139999985694885,0.5249999761581421,0.5099999904632568,0.5180000066757202,599989888.0,311036512.0,5651734.5
2022-04-14,0.5260000228881836,0.5289999842643738,0.5199999809265137,0.5260000228881836,539164608.0,283281664.0,5651734.5
2022-04-15,0.5199999809265137,0.5199999809265137,0.5130000114440918,0.515999972820282,174243696.0,89886408.0,5651734.5
2022-04-18,0.5120000243186951,0.5130000114440918,0.5080000162124634,0.5099999904632568,130668784.0,66617268.0,5651734.5
2022-04-19,0.5130000114440918,0.5189999938011169,0.5049999952316284,0.5070000290870667,426886304.0,217419696.0,5651734.5
2022-04-20,0.5090000033378601,0.515999972820282,0.5049999952316284,0.5070000290870667,406541600.0,207057728.0,5651734.5
2022-04-21,0.4959999918937683,0.5009999871253967,0.4860000014305115,0.4909999966621399,665370112.0,328471392.0,5651734.5
2022-04-22,0.47699999809265137,0.49900001287460327,0.4749999940395355,0.49300000071525574,861526784.0,421265088.0,5651734.5
2022-04-25,0.48399999737739563,0.4909999966621399,0.4729999899864197,0.4740000069141388,699610880.0,338566720.0,5651734.5
2022-04-26,0.4860000014305115,0.5040000081062317,0.48399999737739563,0.492000013589859,822873216.0,406569856.0,5651734.5
2022-04-27,0.4869999885559082,0.503000020980835,0.48500001430511475,0.5009999871253967,1024825600.0,508263424.0,5651734.5
2022-04-28,0.5090000033378601,0.5109999775886536,0.49900001287460327,0.5109999775886536,1101923200.0,556607168.0,5651734.5
2022-04-29,0.5149999856948853,0.5619999766349792,0.5130000114440918,0.5600000023841858,2026337408.0,1106243712.0,5651734.5
2022-05-05,0.5550000071525574,0.5550000071525574,0.5419999957084656,0.5429999828338623,733821504.0,402351456.0,5651734.5
2022-05-06,0.5189999938011169,0.5260000228881836,0.5130000114440918,0.5149999856948853,940866880.0,488115456.0,5651734.5
2022-05-09,0.503000020980835,0.5040000081062317,0.49799999594688416,0.5019999742507935,340632000.0,170724464.0,5651734.5
2022-05-10,0.4860000014305115,0.5059999823570251,0.48399999737739563,0.5019999742507935,993198912.0,494266400.0,5651734.5
2022-05-11,0.5,0.5320000052452087,0.49900001287460327,0.515999972820282,1303071488.0,676467264.0,5651734.5
2022-05-12,0.5059999823570251,0.5149999856948853,0.49900001287460327,0.5019999742507935,1061449600.0,538222528.0,5651734.5
2022-05-13,0.5130000114440918,0.5239999890327454,0.5120000243186951,0.5230000019073486,942861376.0,489646624.0,5651734.5
2022-05-16,0.5389999747276306,0.5410000085830688,0.5189999938011169,0.5230000019073486,895794816.0,472483584.0,5651734.5
2022-05-17,0.5370000004768372,0.5529999732971191,0.5329999923706055,0.5519999861717224,1295307008.0,705345792.0,5651734.5
2022-05-18,0.550000011920929,0.5529999732971191,0.5379999876022339,0.5460000038146973,1127261952.0,614295040.0,5651734.5
2022-05-19,0.527999997138977,0.5370000004768372,0.5239999890327454,0.5329999923706055,1319159040.0,698868480.0,5651734.5
2022-05-20,0.5460000038146973,0.5509999990463257,0.5419999957084656,0.5490000247955322,1137779968.0,621962560.0,5651734.5
2022-05-23,0.5479999780654907,0.5490000247955322,0.5320000052452087,0.5350000262260437,1273396864.0,684249856.0,5651734.5
2022-05-24,0.531000018119812,0.5360000133514404,0.5109999775886536,0.5120000243186951,1240718976.0,650046528.0,5651734.5
2022-05-25,0.5109999775886536,0.5199999809265137,0.5099999904632568,0.5189999938011169,852658432.0,439053344.0,5651734.5
2022-05-26,0.5210000276565552,0.5230000019073486,0.5090000033378601,0.5180000066757202,1135706368.0,587206336.0,5651734.5
2022-05-27,0.5429999828338623,0.546999990940094,0.5329999923706055,0.5370000004768372,1146883456.0,619414464.0,5651734.5
2022-05-30,0.5450000166893005,0.5550000071525574,0.5429999828338623,0.5540000200271606,1068208256.0,587704832.0,5651734.5
2022-05-31,0.5540000200271606,0.574999988079071,0.5519999861717224,0.5699999928474426,1228485760.0,693630592.0,5651734.5
2022-06-01,0.5659999847412109,0.5740000009536743,0.5600000023841858,0.5669999718666077,909901376.0,514736032.0,5651734.5
2022-06-02,0.5600000023841858,0.5640000104904175,0.5550000071525574,0.5640000104904175,881546496.0,493688192.0,5651734.5
2022-06-06,0.5699999928474426,0.5799999833106995,0.5630000233650208,0.5789999961853027,1173002880.0,673376768.0,5651734.5
2022-06-07,0.5849999785423279,0.597000002861023,0.5789999961853027,0.5889999866485596,1219276544.0,716813824.0,5651734.5
2022-06-08,0.6000000238418579,0.6119999885559082,0.5989999771118164,0.6119999885559082,1027131328.0,623223744.0,5651734.5
2022-06-09,0.6259999871253967,0.628000020980835,0.597000002861023,0.6010000109672546,1115272576.0,680489856.0,5651734.5
2022-06-10,0.5899999737739563,0.6209999918937683,0.5870000123977661,0.6159999966621399,1088021248.0,662549760.0,5651734.5
2022-06-13,0.6000000238418579,0.6110000014305115,0.5899999737739563,0.593999981880188,1042681088.0,625987776.0,5651734.5
2022-06-14,0.5849999785423279,0.5979999899864197,0.578000009059906,0.5979999899864197,1121508864.0,658967296.0,5651734.5
2022-06-15,0.6050000190734863,0.6119999885559082,0.6000000238418579,0.6010000109672546,1129381376.0,684629312.0,5651734.5
2022-06-16,0.6079999804496765,0.6129999756813049,0.5839999914169312,0.5849999785423279,1232980864.0,736844352.0,5651734.5
2022-06-17,0.578000009059906,0.5989999771118164,0.574999988079071,0.5950000286102295,1106994816.0,655056832.0,5651734.5
2022-06-20,0.593999981880188,0.597000002861023,0.5830000042915344,0.597000002861023,993868032.0,587296000.0,5651734.5
2022-06-21,0.6000000238418579,0.6100000143051147,0.5920000076293945,0.6060000061988831,927026688.0,557685760.0,5651734.5
2022-06-22,0.609000027179718,0.6100000143051147,0.5899999737739563,0.5910000205039978,916897408.0,549655616.0,5651734.5
2022-06-23,0.593999981880188,0.6029999852180481,0.5860000252723694,0.6010000109672546,1063277568.0,633314624.0,5651734.5
2022-06-24,0.6069999933242798,0.625,0.6050000190734863,0.6240000128746033,990054912.0,609350528.0,5651734.5
2022-06-27,0.6299999952316284,0.656000018119812,0.6299999952316284,0.6449999809265137,1845915136.0,1191524224.0,5651734.5
2022-06-28,0.6439999938011169,0.6570000052452087,0.6320000290870667,0.6539999842643738,1540872960.0,991303616.0,5651734.5
2022-06-29,0.6470000147819519,0.6520000100135803,0.6259999871253967,0.6299999952316284,1750758144.0,1118070656.0,5651734.5
2022-06-30,0.6299999952316284,0.6380000114440918,0.6169999837875366,0.6230000257492065,1439489152.0,907086592.0,5651734.5
2022-07-01,0.625,0.6259999871253967,0.6150000095367432,0.6179999709129333,319802112.0,198128496.0,5651734.5
2022-07-04,0.6200000047683716,0.6290000081062317,0.6140000224113464,0.6269999742507935,1120417024.0,698527680.0,5651734.5
2022-07-05,0.6349999904632568,0.6389999985694885,0.6209999918937683,0.625,991215040.0,624033344.0,5651734.5
2022-07-06,0.6269999742507935,0.6299999952316284,0.6039999723434448,0.6100000143051147,1169860864.0,721668928.0,5651734.5
2022-07-07,0.6069999933242798,0.6150000095367432,0.597000002861023,0.6110000014305115,892574912.0,541933824.0,5651734.5
2022-07-08,0.621999979019165,0.6240000128746033,0.6110000014305115,0.6150000095367432,1054637824.0,650255808.0,5651734.5
2022-07-11,0.6039999723434448,0.6060000061988831,0.5889999866485596,0.5899999737739563,1135217408.0,675382400.0,5651734.5
2022-07-12,0.5860000252723694,0.5920000076293945,0.5789999961853027,0.5830000042915344,966366912.0,565581248.0,5651734.5
2022-07-13,0.5870000123977661,0.5950000286102295,0.5820000171661377,0.5879999995231628,918886272.0,541305088.0,5651734.5
2022-07-14,0.5879999995231628,0.597000002861023,0.5839999914169312,0.5899999737739563,752299584.0,444283712.0,5651734.5
2022-07-15,0.5820000171661377,0.5879999995231628,0.5730000138282776,0.5740000009536743,935827328.0,542392576.0,5651734.5
2022-07-18,0.5759999752044678,0.5899999737739563,0.5669999718666077,0.5899999737739563,1014232128.0,587936768.0,5651734.5
2022-07-19,0.5879999995231628,0.5899999737739563,0.578000009059906,0.5820000171661377,822069184.0,479095200.0,5651734.5
2022-07-20,0.5920000076293945,0.597000002861023,0.5899999737739563,0.5929999947547913,771476416.0,458077568.0,5651734.5
2022-07-21,0.5879999995231628,0.5979999899864197,0.5870000123977661,0.5920000076293945,890116480.0,527455872.0,5651734.5
2022-07-22,0.5989999771118164,0.6029999852180481,0.5899999737739563,0.593999981880188,616279680.0,367349888.0,5651734.5
2022-07-25,0.5870000123977661,0.5899999737739563,0.5789999961853027,0.5839999914169312,869888320.0,507262464.0,5651734.5
2022-07-26,0.5879999995231628,0.5950000286102295,0.5839999914169312,0.5929999947547913,596174336.0,351858240.0,5651734.5
2022-07-27,0.5860000252723694,0.5899999737739563,0.5830000042915344,0.5839999914169312,483467392.0,283260736.0,5651734.5
2022-07-28,0.5899999737739563,0.5929999947547913,0.5849999785423279,0.5860000252723694,755507328.0,444623008.0,5651734.5
2022-07-29,0.5870000123977661,0.5879999995231628,0.5550000071525574,0.5559999942779541,1369625856.0,776882880.0,5651734.5
2022-08-01,0.5509999990463257,0.5630000233650208,0.5479999780654907,0.5600000023841858,788782272.0,438834368.0,5651734.5
2022-08-02,0.550000011920929,0.550000011920929,0.5339999794960022,0.5419999957084656,971952512.0,526192000.0,5651734.5
2022-08-03,0.550000011920929,0.5569999814033508,0.5460000038146973,0.546999990940094,865214016.0,477550816.0,5651734.5
2022-08-04,0.5600000023841858,0.5659999847412109,0.5569999814033508,0.5640000104904175,702476480.0,395149408.0,5651734.5
2022-08-05,0.5690000057220459,0.5709999799728394,0.5640000104904175,0.5699999928474426,597321408.0,339001728.0,5651734.5
2022-08-08,0.5649999976158142,0.5680000185966492,0.5590000152587891,0.5619999766349792,606582912.0,341042784.0,5651734.5
2022-08-09,0.5609999895095825,0.5630000233650208,0.5519999861717224,0.5559999942779541,734484352.0,408920128.0,5651734.5
2022-08-10,0.5540000200271606,0.5540000200271606,0.5350000262260437,0.5370000004768372,1015250560.0,549832128.0,5651734.5
2022-08-11,0.5460000038146973,0.5580000281333923,0.5460000038146973,0.5559999942779541,1002245440.0,552372672.0,5651734.5
2022-08-12,0.5609999895095825,0.5640000104904175,0.5559999942779541,0.5609999895095825,657806016.0,368401152.0,5651734.5
2022-08-15,0.5580000281333923,0.5680000185966492,0.5580000281333923,0.5609999895095825,543095872.0,305696288.0,5651734.5
2022-08-16,0.5649999976158142,0.5669999718666077,0.5419999957084656,0.5479999780654907,786831616.0,437604640.0,5651734.5
2022-08-17,0.5529999732971191,0.5559999942779541,0.5440000295639038,0.5519999861717224,644015744.0,354969760.0,5651734.5
2022-08-18,0.5509999990463257,0.5519999861717224,0.5440000295639038,0.5450000166893005,600649216.0,328587456.0,5651734.5
2022-08-19,0.5419999957084656,0.5529999732971191,0.5410000085830688,0.5460000038146973,651179712.0,356818400.0,5651734.5
2022-08-22,0.5419999957084656,0.5479999780654907,0.5400000214576721,0.5450000166893005,491406400.0,267524352.0,5651734.5
2022-08-23,0.5450000166893005,0.5490000247955322,0.5389999747276306,0.5410000085830688,472891296.0,257175344.0,5651734.5
2022-08-24,0.5440000295639038,0.5440000295639038,0.527999997138977,0.5299999713897705,667004672.0,355751872.0,5651734.5
2022-08-25,0.5370000004768372,0.5540000200271606,0.5360000133514404,0.5529999732971191,881984704.0,478629856.0,5651734.5
2022-08-26,0.5669999718666077,0.5699999928474426,0.5600000023841858,0.5609999895095825,917113984.0,517529344.0,5651734.5
2022-08-29,0.5580000281333923,0.5659999847412109,0.5550000071525574,0.5619999766349792,541729920.0,304628160.0,5651734.5
2022-08-30,0.5630000233650208,0.5640000104904175,0.5450000166893005,0.5550000071525574,659628096.0,364041984.0,5651734.5
2022-08-31,0.5479999780654907,0.5740000009536743,0.5460000038146973,0.5640000104904175,729133696.0,408362528.0,5651734.5
2022-09-01,0.5590000152587891,0.5669999718666077,0.5529999732971191,0.5540000200271606,666769216.0,373591008.0,5651734.5
2022-09-02,0.5580000281333923,0.5590000152587891,0.5440000295639038,0.5479999780654907,534251200.0,294364800.0,5651734.5
2022-09-05,0.5440000295639038,0.5440000295639038,0.5339999794960022,0.5400000214576721,782000064.0,420056512.0,5651734.5
2022-09-06,0.5419999957084656,0.5440000295639038,0.5339999794960022,0.5400000214576721,565237504.0,304072544.0,5651734.5
2022-09-07,0.531000018119812,0.5370000004768372,0.527999997138977,0.5360000133514404,704293632.0,374552064.0,5651734.5
2022-09-08,0.5379999876022339,0.5400000214576721,0.5299999713897705,0.5299999713897705,448650048.0,239975904.0,5651734.5
2022-09-09,0.5320000052452087,0.5440000295639038,0.527999997138977,0.5410000085830688,730404160.0,393442624.0,5651734.5
2022-09-13,0.5440000295639038,0.5450000166893005,0.5400000214576721,0.5400000214576721,317334592.0,171951760.0,5651734.5
2022-09-14,0.5299999713897705,0.531000018119812,0.5239999890327454,0.5270000100135803,630824576.0,332802432.0,5651734.5
2022-09-15,0.5270000100135803,0.5299999713897705,0.5239999890327454,0.5260000228881836,438614304.0,231102720.0,5651734.5
2022-09-16,0.5249999761581421,0.5270000100135803,0.5189999938011169,0.5189999938011169,592315072.0,309372512.0,5651734.5
2022-09-19,0.5120000243186951,0.5130000114440918,0.5040000081062317,0.5070000290870667,714062080.0,361754144.0,5651734.5
2022-09-20,0.5130000114440918,0.5199999809265137,0.5120000243186951,0.5170000195503235,664988416.0,343639552.0,5651734.5
2022-09-21,0.5109999775886536,0.5120000243186951,0.5040000081062317,0.5049999952316284,745204096.0,377889600.0,5651734.5
2022-09-22,0.49000000953674316,0.49799999594688416,0.4869999885559082,0.4909999966621399,1330715776.0,655895360.0,5651734.5
2022-09-23,0.49000000953674316,0.49399998784065247,0.48399999737739563,0.4869999885559082,852697792.0,416557888.0,5651734.5
2022-09-26,0.48100000619888306,0.49799999594688416,0.48100000619888306,0.4880000054836273,1034078016.0,508444576.0,5651734.5
2022-09-27,0.4909999966621399,0.4970000088214874,0.4860000014305115,0.4959999918937683,980515008.0,480935296.0,5651734.5
2022-09-28,0.492000013589859,0.49300000071525574,0.4830000102519989,0.4830000102519989,932336128.0,455470144.0,5651734.5
2022-09-29,0.4909999966621399,0.492000013589859,0.4699999988079071,0.4729999899864197,1040580224.0,500942464.0,5651734.5
2022-09-30,0.4740000069141388,0.47600001096725464,0.46000000834465027,0.46299999952316284,1155349248.0,538233984.0,5651734.5
2022-10-10,0.46299999952316284,0.4659999907016754,0.4569999873638153,0.4580000042915344,740821824.0,341867136.0,5651734.5
2022-10-11,0.4580000042915344,0.45899999141693115,0.44699999690055847,0.44999998807907104,1086033664.0,489947360.0,5651734.5
2022-10-12,0.44600000977516174,0.460999995470047,0.4320000112056732,0.4560000002384186,2246758656.0,995010752.0,5651734.5
2022-10-13,0.44699999690055847,0.4480000138282776,0.4359999895095825,0.43700000643730164,2358225920.0,1039705088.0,5651734.5
2022-10-14,0.44200000166893005,0.45399999618530273,0.4410000145435333,0.4429999887943268,2528421376.0,1129313664.0,5651734.5
2022-10-17,0.4339999854564667,0.43799999356269836,0.42800000309944153,0.43700000643730164,2337398016.0,1012034624.0,5651734.5
2022-10-18,0.4490000009536743,0.453000009059906,0.4410000145435333,0.4519999921321869,2255208704.0,1011634944.0,5651734.5
2022-10-19,0.45100000500679016,0.453000009059906,0.4399999976158142,0.4410000145435333,1540126336.0,687928192.0,5651734.5
2022-10-20,0.4259999990463257,0.43799999356269836,0.42100000381469727,0.42899999022483826,3260595200.0,1394006656.0,5651734.5
2022-10-21,0.4309999942779541,0.4350000023841858,0.4259999990463257,0.42800000309944153,1962577664.0,843251072.0,5651734.5
2022-10-24,0.4129999876022339,0.421999990940094,0.39399999380111694,0.39500001072883606,5461473792.0,2219496704.0,5651734.5
2022-10-25,0.39800000190734863,0.41600000858306885,0.38600000739097595,0.4009999930858612,5428148224.0,2181940992.0,5651734.5
2022-10-26,0.4020000100135803,0.42100000381469727,0.4000000059604645,0.4050000011920929,5261851648.0,2169103104.0,5651734.5
2022-10-27,0.41999998688697815,0.421999990940094,0.40799999237060547,0.40799999237060547,4012425472.0,1671128064.0,5651734.5
2022-10-28,0.4059999883174896,0.40700000524520874,0.38600000739097595,0.3880000114440918,4480803328.0,1779681408.0,5651734.5
2022-10-31,0.3889999985694885,0.40700000524520874,0.38600000739097595,0.39500001072883606,5354945024.0,2132563968.0,5651734.5
2022-11-01,0.4020000100135803,0.4309999942779541,0.4000000059604645,0.4259999990463257,7253476352.0,3004901376.0,5651734.5
2022-11-02,0.41999998688697815,0.43700000643730164,0.41600000858306885,0.43299999833106995,6363892736.0,2716370176.0,5651734.5
2022-11-03,0.42399999499320984,0.4320000112056732,0.41999998688697815,0.41999998688697815,5018218496.0,2130059136.0,5651734.5
2022-11-04,0.42500001192092896,0.4620000123977661,0.42500001192092896,0.44999998807907104,9458783232.0,4219670016.0,5651734.5
2022-11-07,0.4399999976158142,0.4699999988079071,0.43799999356269836,0.46299999952316284,8233954304.0,3773609472.0,5651734.5
2022-11-08,0.46399998664855957,0.4690000116825104,0.45399999618530273,0.4569999873638153,5301826560.0,2434103296.0,5651734.5
2022-11-09,0.4569999873638153,0.46399998664855957,0.4440000057220459,0.4440000057220459,4742302720.0,2154582784.0,5651734.5
2022-11-10,0.4390000104904175,0.4410000145435333,0.4339999854564667,0.4350000023841858,3881557504.0,1700296320.0,5651734.5
2022-11-11,0.4699999988079071,0.47200000286102295,0.45899999141693115,0.4650000035762787,7058888192.0,3279573504.0,5651734.5
2022-11-14,0.4869999885559082,0.49000000953674316,0.47099998593330383,0.4749999940395355,6195793920.0,2967393792.0,5651734.5
2022-11-15,0.4729999899864197,0.5109999775886536,0.4699999988079071,0.5070000290870667,6828704256.0,3385446656.0,5651734.5
2022-11-16,0.5070000290870667,0.5199999809265137,0.49900001287460327,0.5019999742507935,6135390208.0,3110545408.0,5651734.5
2022-11-17,0.5,0.503000020980835,0.4860000014305115,0.5009999871253967,5229458432.0,2579809792.0,5651734.5
2022-11-18,0.5180000066757202,0.5260000228881836,0.5019999742507935,0.5040000081062317,5153799680.0,2652754944.0,5651734.5
2022-11-21,0.492000013589859,0.4970000088214874,0.4819999933242798,0.4950000047683716,4131959552.0,2027133696.0,5651734.5
2022-11-22,0.49300000071525574,0.4959999918937683,0.4740000069141388,0.47600001096725464,4378744832.0,2122731136.0,5651734.5
2022-11-23,0.4790000021457672,0.48899999260902405,0.4729999899864197,0.4860000014305115,4104911360.0,1974237824.0,5651734.5
2022-11-24,0.49000000953674316,0.49300000071525574,0.48100000619888306,0.4830000102519989,2347374336.0,1140872832.0,5651734.5
2022-11-25,0.4860000014305115,0.4860000014305115,0.4749999940395355,0.47699999809265137,2552913664.0,1219863296.0,5651734.5
2022-11-28,0.45899999141693115,0.47099998593330383,0.4560000002384186,0.4659999907016754,3942165248.0,1828556800.0,5651734.5
2022-11-29,0.4830000102519989,0.4970000088214874,0.4779999852180481,0.4950000047683716,4767093248.0,2333127168.0,5651734.5
2022-11-30,0.49799999594688416,0.5070000290870667,0.4959999918937683,0.5049999952316284,3527892480.0,1769475968.0,5651734.5
2022-12-01,0.531000018119812,0.5400000214576721,0.5189999938011169,0.5220000147819519,4929216512.0,2590091776.0,5651734.5
2022-12-02,0.5189999938011169,0.5299999713897705,0.5149999856948853,0.5189999938011169,3285151232.0,1712879616.0,5651734.5
2022-12-05,0.5410000085830688,0.5600000023841858,0.5339999794960022,0.5590000152587891,4359368192.0,2384877312.0,5651734.5
2022-12-06,0.546999990940094,0.5690000057220459,0.5460000038146973,0.550000011920929,4006172160.0,2230433280.0,5651734.5
2022-12-07,0.5519999861717224,0.5730000138282776,0.5440000295639038,0.5450000166893005,5300721152.0,2969922304.0,5651734.5
2022-12-08,0.5429999828338623,0.5630000233650208,0.5400000214576721,0.5609999895095825,4540524544.0,2516004096.0,5651734.5
2022-12-09,0.5669999718666077,0.5809999704360962,0.5590000152587891,0.574999988079071,5397219840.0,3079771648.0,5651734.5
2022-12-12,0.5649999976158142,0.5730000138282776,0.5559999942779541,0.5569999814033508,3749608192.0,2110770944.0,5651734.5
2022-12-13,0.5559999942779541,0.5690000057220459,0.5529999732971191,0.5600000023841858,3978275840.0,2233189888.0,5651734.5
2022-12-14,0.5669999718666077,0.5690000057220459,0.5519999861717224,0.5619999766349792,3455697664.0,1938215296.0,5651734.5
2022-12-15,0.5590000152587891,0.5609999895095825,0.546999990940094,0.5490000247955322,2531492096.0,1396289792.0,5651734.5
2022-12-16,0.5460000038146973,0.5590000152587891,0.5389999747276306,0.5529999732971191,3745565952.0,2058590464.0,5651734.5
2022-12-19,0.5569999814033508,0.5690000057220459,0.5450000166893005,0.5479999780654907,3576298240.0,1982407552.0,5651734.5
2022-12-20,0.5410000085830688,0.5419999957084656,0.5249999761581421,0.527999997138977,3809529856.0,2032371072.0,5651734.5
2022-12-21,0.5329999923706055,0.5360000133514404,0.5289999842643738,0.5289999842643738,2006270976.0,1068824192.0,5651734.5
2022-12-22,0.5450000166893005,0.5630000233650208,0.5419999957084656,0.5580000281333923,3277953280.0,1817698432.0,5651734.5
2022-12-23,0.5490000247955322,0.5590000152587891,0.5450000166893005,0.5490000247955322,2488509184.0,1372389760.0,5651734.5
2022-12-26,0.5450000166893005,0.5460000038146973,0.5400000214576721,0.5400000214576721,660433280.0,357580448.0,5651734.5
2022-12-27,0.546999990940094,0.5550000071525574,0.5460000038146973,0.5529999732971191,1078988928.0,593977856.0,5651734.5
2022-12-28,0.5529999732971191,0.5659999847412109,0.5519999861717224,0.5559999942779541,2476821760.0,1382603392.0,5651734.5
2022-12-29,0.5490000247955322,0.5540000200271606,0.5429999828338623,0.5440000295639038,2347504640.0,1283450624.0,5651734.5
2022-12-30,0.5559999942779541,0.5580000281333923,0.5460000038146973,0.546999990940094,2097158272.0,1156400384.0,5651734.5
2023-01-03,0.5400000214576721,0.5559999942779541,0.5299999713897705,0.5529999732971191,3067316480.0,1667008128.0,5651734.5
2023-01-04,0.5619999766349792,0.5759999752044678,0.5580000281333923,0.5759999752044678,2941030656.0,1671970304.0,5651734.5
2023-01-05,0.5950000286102295,0.6010000109672546,0.5839999914169312,0.5849999785423279,3398161152.0,2005909760.0,5651734.5
2023-01-06,0.5920000076293945,0.593999981880188,0.5720000267028809,0.574999988079071,2963771904.0,1729981568.0,5651734.5
2023-01-09,0.5830000042915344,0.5910000205039978,0.578000009059906,0.5879999995231628,2777896704.0,1627030400.0,5651734.5
2023-01-10,0.5849999785423279,0.5879999995231628,0.5770000219345093,0.5849999785423279,1940331008.0,1130390016.0,5651734.5
2023-01-11,0.5910000205039978,0.597000002861023,0.5839999914169312,0.5849999785423279,2301864960.0,1363449600.0,5651734.5
2023-01-12,0.5879999995231628,0.5899999737739563,0.5669999718666077,0.5699999928474426,3207148544.0,1853206144.0,5651734.5
2023-01-13,0.5740000009536743,0.5789999961853027,0.5680000185966492,0.578000009059906,1915911424.0,1097966208.0,5651734.5
2023-01-16,0.5809999704360962,0.5839999914169312,0.5680000185966492,0.5699999928474426,2669024512.0,1538368256.0,5651734.5
2023-01-17,0.5730000138282776,0.5830000042915344,0.5690000057220459,0.5730000138282776,2162679040.0,1243898240.0,5651734.5
2023-01-18,0.5730000138282776,0.5820000171661377,0.5690000057220459,0.5770000219345093,1593372672.0,920093952.0,5651734.5
2023-01-19,0.5730000138282776,0.5759999752044678,0.5669999718666077,0.5720000267028809,1521238912.0,869858816.0,5651734.5
2023-01-20,0.578000009059906,0.5870000123977661,0.574999988079071,0.5849999785423279,1633277952.0,949118976.0,5651734.5
2023-01-30,0.609000027179718,0.6110000014305115,0.5870000123977661,0.5879999995231628,2970307328.0,1779852416.0,5651734.5
2023-01-31,0.5889999866485596,0.5929999947547913,0.5709999799728394,0.5720000267028809,2675358208.0,1553748224.0,5651734.5
2023-02-01,0.5820000171661377,0.597000002861023,0.5770000219345093,0.5960000157356262,3104320512.0,1818149632.0,5651734.5
2023-02-02,0.6039999723434448,0.6079999804496765,0.5960000157356262,0.6000000238418579,2443435776.0,1474130816.0,5651734.5
2023-02-03,0.5929999947547913,0.597000002861023,0.5839999914169312,0.5910000205039978,2356050944.0,1387402496.0,5651734.5
2023-02-06,0.5770000219345093,0.5799999833106995,0.5669999718666077,0.5699999928474426,2953245952.0,1692412544.0,5651734.5
2023-02-07,0.5730000138282776,0.5839999914169312,0.5720000267028809,0.5759999752044678,2459596288.0,1422144256.0,5651734.5
2023-02-08,0.574999988079071,0.5789999961853027,0.5640000104904175,0.5669999718666077,2050107264.0,1168236544.0,5651734.5
2023-02-09,0.5619999766349792,0.5839999914169312,0.5609999895095825,0.5830000042915344,2514144512.0,1440978304.0,5651734.5
2023-02-10,0.578000009059906,0.5799999833106995,0.5600000023841858,0.5619999766349792,2620023808.0,1489174144.0,5651734.5
2023-02-13,0.5550000071525574,0.5649999976158142,0.5509999990463257,0.5619999766349792,2628844544.0,1468516096.0,5651734.5
2023-02-14,0.5649999976158142,0.5669999718666077,0.5569999814033508,0.5569999814033508,1575111680.0,881910976.0,5651734.5
2023-02-15,0.5590000152587891,0.5609999895095825,0.5479999780654907,0.5540000200271606,2324226560.0,1287417472.0,5651734.5
2023-02-16,0.5600000023841858,0.578000009059906,0.5580000281333923,0.5649999976158142,3823074304.0,2174509568.0,5651734.5
2023-02-17,0.5640000104904175,0.5709999799728394,0.5540000200271606,0.5540000200271606,2011953792.0,1129041408.0,5651734.5
2023-02-20,0.5550000071525574,0.5630000233650208,0.5479999780654907,0.5609999895095825,2461662208.0,1368256128.0,5651734.5
2023-02-21,0.5580000281333923,0.5590000152587891,0.5410000085830688,0.5440000295639038,3449879296.0,1894675968.0,5651734.5
2023-02-22,0.5370000004768372,0.5419999957084656,0.531000018119812,0.5350000262260437,2876532736.0,1541802624.0,5651734.5
2023-02-23,0.5350000262260437,0.5450000166893005,0.5329999923706055,0.5389999747276306,3096091648.0,1669926272.0,5651734.5
2023-02-24,0.5370000004768372,0.5370000004768372,0.527999997138977,0.5299999713897705,2592561664.0,1379428224.0,5651734.5
2023-02-27,0.5230000019073486,0.531000018119812,0.5199999809265137,0.5210000276565552,3555478528.0,1867826560.0,5651734.5
2023-02-28,0.5270000100135803,0.5289999842643738,0.5130000114440918,0.5180000066757202,3380445952.0,1763339520.0,5651734.5
2023-03-01,0.5189999938011169,0.5450000166893005,0.5170000195503235,0.5450000166893005,5286111744.0,2819116544.0,5651734.5
2023-03-02,0.5339999794960022,0.5400000214576721,0.5329999923706055,0.5370000004768372,3179156224.0,1707024384.0,5651734.5
2023-03-03,0.5490000247955322,0.5529999732971191,0.5410000085830688,0.5509999990463257,2765808384.0,1513889536.0,5651734.5
2023-03-06,0.5460000038146973,0.5519999861717224,0.5410000085830688,0.5479999780654907,2809478656.0,1534952448.0,5651734.5
2023-03-07,0.5450000166893005,0.5569999814033508,0.5339999794960022,0.5360000133514404,4239549440.0,2315117824.0,5651734.5
2023-03-08,0.5299999713897705,0.531000018119812,0.5199999809265137,0.5239999890327454,3296702208.0,1730034432.0,5651734.5
2023-03-09,0.5249999761581421,0.5270000100135803,0.5199999809265137,0.5230000019073486,2804530176.0,1468618880.0,5651734.5
2023-03-10,0.5049999952316284,0.5070000290870667,0.4959999918937683,0.4970000088214874,4923411968.0,2471831808.0,5651734.5
2023-03-13,0.5019999742507935,0.5139999985694885,0.5,0.5070000290870667,5211655680.0,2640208640.0,5651734.5
2023-03-14,0.5040000081062317,0.5090000033378601,0.4909999966621399,0.49399998784065247,4745656832.0,2369903872.0,5651734.5
2023-03-15,0.5040000081062317,0.5109999775886536,0.49799999594688416,0.5,3967427840.0,2000741376.0,5651734.5
2023-03-16,0.4950000047683716,0.5070000290870667,0.49399998784065247,0.4950000047683716,4172750336.0,2086445184.0,5651734.5
2023-03-17,0.5059999823570251,0.5170000195503235,0.5040000081062317,0.5130000114440918,4472108032.0,2285125376.0,5651734.5
2023-03-20,0.5139999985694885,0.515999972820282,0.49799999594688416,0.5,3000053248.0,1518406912.0,5651734.5
2023-03-21,0.5070000290870667,0.5120000243186951,0.503000020980835,0.5109999775886536,3552290304.0,1804147584.0,5651734.5
2023-03-22,0.5189999938011169,0.527999997138977,0.5180000066757202,0.5199999809265137,2926953472.0,1531174272.0,5651734.5
2023-03-23,0.5180000066757202,0.5360000133514404,0.515999972820282,0.5360000133514404,4771697152.0,2511922944.0,5651734.5
2023-03-24,0.5370000004768372,0.5529999732971191,0.5360000133514404,0.5429999828338623,4598211072.0,2507458304.0,5651734.5
2023-03-27,0.5460000038146973,0.546999990940094,0.5299999713897705,0.5379999876022339,4564049920.0,2447824640.0,5651734.5
2023-03-28,0.5370000004768372,0.5419999957084656,0.5299999713897705,0.5370000004768372,3381612032.0,1812006912.0,5651734.5
2023-03-29,0.5600000023841858,0.5640000104904175,0.5490000247955322,0.5509999990463257,3585988608.0,1987054464.0,5651734.5
2023-03-30,0.5550000071525574,0.5600000023841858,0.5460000038146973,0.5509999990463257,3602693632.0,1989412480.0,5651734.5
2023-03-31,0.5630000233650208,0.5640000104904175,0.5529999732971191,0.5569999814033508,3232546816.0,1803672448.0,5651734.5
2023-04-03,0.5540000200271606,0.5569999814033508,0.550000011920929,0.5540000200271606,3250488832.0,1799296128.0,5651734.5
2023-04-04,0.5529999732971191,0.5540000200271606,0.5429999828338623,0.550000011920929,2784427776.0,1523379200.0,5651734.5
2023-04-06,0.5400000214576721,0.5479999780654907,0.5389999747276306,0.5440000295639038,2573648128.0,1397834624.0,5651734.5
2023-04-07,0.550000011920929,0.5540000200271606,0.5490000247955322,0.5529999732971191,849220800.0,468458944.0,5651734.5
2023-04-10,0.5540000200271606,0.5550000071525574,0.550000011920929,0.5529999732971191,1045876096.0,578099264.0,5651734.5
2023-04-11,0.5550000071525574,0.5590000152587891,0.5419999957084656,0.546999990940094,3012927488.0,1657827584.0,5651734.5
2023-04-12,0.5490000247955322,0.5519999861717224,0.5389999747276306,0.5389999747276306,2424641024.0,1319910656.0,5651734.5
2023-04-13,0.5289999842643738,0.5360000133514404,0.5249999761581421,0.5320000052452087,2952544256.0,1567161472.0,5651734.5
2023-04-14,0.5400000214576721,0.5419999957084656,0.531000018119812,0.5360000133514404,2843124480.0,1523316096.0,5651734.5
2023-04-17,0.5329999923706055,0.550000011920929,0.5320000052452087,0.550000011920929,3327324416.0,1803710592.0,5651734.5
2023-04-18,0.546999990940094,0.5490000247955322,0.5419999957084656,0.5429999828338623,2352590080.0,1282363136.0,5651734.5
2023-04-19,0.5429999828338623,0.5440000295639038,0.5329999923706055,0.5350000262260437,1962428416.0,1053947456.0,5651734.5
2023-04-20,0.5320000052452087,0.5360000133514404,0.5299999713897705,0.5329999923706055,2154966272.0,1148667136.0,5651734.5
2023-04-21,0.5289999842643738,0.5299999713897705,0.515999972820282,0.515999972820282,2705870848.0,1415376896.0,5651734.5
2023-04-24,0.5170000195503235,0.5210000276565552,0.5070000290870667,0.5099999904632568,2315024384.0,1190908032.0,5651734.5
2023-04-25,0.5109999775886536,0.5120000243186951,0.49300000071525574,0.49799999594688416,2767314688.0,1382727552.0,5651734.5
2023-04-26,0.4950000047683716,0.5109999775886536,0.4950000047683716,0.5059999823570251,3134249472.0,1578946560.0,5651734.5
2023-04-27,0.503000020980835,0.5049999952316284,0.49900001287460327,0.5019999742507935,2006198528.0,1006568320.0,5651734.5
2023-04-28,0.5070000290870667,0.5149999856948853,0.5059999823570251,0.5109999775886536,2050879744.0,1047010944.0,5651734.5
2023-05-04,0.5040000081062317,0.5070000290870667,0.49799999594688416,0.5019999742507935,2557411840.0,1284831360.0,5651734.5
2023-05-05,0.5090000033378601,0.5139999985694885,0.5049999952316284,0.5080000162124634,2436102656.0,1240925696.0,5651734.5
2023-05-08,0.5099999904632568,0.5139999985694885,0.5059999823570251,0.5099999904632568,1870024064.0,952942336.0,5651734.5
2023-05-09,0.5090000033378601,0.5099999904632568,0.4950000047683716,0.4959999918937683,2520635648.0,1268397056.0,5651734.5
2023-05-10,0.49799999594688416,0.5009999871253967,0.492000013589859,0.49900001287460327,2095491968.0,1040105728.0,5651734.5
2023-05-11,0.5040000081062317,0.5090000033378601,0.49799999594688416,0.49900001287460327,2408139776.0,1214794496.0,5651734.5
2023-05-12,0.5120000243186951,0.5149999856948853,0.5059999823570251,0.5080000162124634,2759784448.0,1409885440.0,5651734.5
2023-05-15,0.5040000081062317,0.5189999938011169,0.5019999742507935,0.515999972820282,2884793600.0,1475524864.0,5651734.5
2023-05-16,0.5220000147819519,0.5239999890327454,0.5170000195503235,0.5180000066757202,1459364352.0,759519552.0,5651734.5
2023-05-17,0.5220000147819519,0.5239999890327454,0.5149999856948853,0.515999972820282,1920309376.0,998381312.0,5651734.5
2023-05-18,0.5180000066757202,0.5230000019073486,0.5149999856948853,0.5170000195503235,2080521344.0,1078771200.0,5651734.5
2023-05-19,0.5120000243186951,0.5149999856948853,0.5090000033378601,0.5109999775886536,1715513984.0,877392640.0,5651734.5
2023-05-22,0.5109999775886536,0.5230000019073486,0.5080000162124634,0.5210000276565552,2492323328.0,1289004160.0,5651734.5
2023-05-23,0.5220000147819519,0.5249999761581421,0.5120000243186951,0.5120000243186951,1540916352.0,800454848.0,5651734.5
2023-05-24,0.5080000162124634,0.5099999904632568,0.503000020980835,0.5040000081062317,1745659520.0,883852800.0,5651734.5
2023-05-25,0.5,0.503000020980835,0.4880000054836273,0.49399998784065247,3568431360.0,1763988096.0,5651734.5
2023-05-26,0.49000000953674316,0.492000013589859,0.4869999885559082,0.492000013589859,1132545536.0,554347584.0,5651734.5
2023-05-29,0.5,0.5009999871253967,0.4869999885559082,0.49000000953674316,2523293696.0,1244614784.0,5651734.5
2023-05-30,0.49000000953674316,0.4959999918937683,0.4860000014305115,0.4950000047683716,2742550272.0,1347232128.0,5651734.5
2023-05-31,0.48899999260902405,0.49000000953674316,0.4790000021457672,0.48100000619888306,2684044288.0,1299083136.0,5651734.5
2023-06-01,0.48399999737739563,0.49799999594688416,0.4830000102519989,0.48899999260902405,3634919680.0,1788863872.0,5651734.5
2023-06-02,0.49900001287460327,0.5139999985694885,0.49799999594688416,0.5109999775886536,3056054272.0,1545919104.0,5651734.5
2023-06-05,0.5090000033378601,0.515999972820282,0.5070000290870667,0.5130000114440918,2426903552.0,1242943744.0,5651734.5
2023-06-06,0.5139999985694885,0.5230000019073486,0.5099999904632568,0.5109999775886536,2576272128.0,1332700288.0,5651734.5
2023-06-07,0.5239999890327454,0.527999997138977,0.5210000276565552,0.5249999761581421,2530623744.0,1327386624.0,5651734.5
2023-06-08,0.5239999890327454,0.5260000228881836,0.5170000195503235,0.5230000019073486,2091825792.0,1090616448.0,5651734.5
2023-06-09,0.5260000228881836,0.5299999713897705,0.5189999938011169,0.5299999713897705,1951209856.0,1024147200.0,5651734.5
2023-06-12,0.5299999713897705,0.5320000052452087,0.5239999890327454,0.5299999713897705,1479171200.0,781204352.0,5651734.5
2023-06-13,0.5299999713897705,0.5479999780654907,0.5299999713897705,0.5450000166893005,2642045952.0,1427383296.0,5651734.5
2023-06-14,0.546999990940094,0.5550000071525574,0.5440000295639038,0.5450000166893005,2110261120.0,1161487744.0,5651734.5
2023-06-15,0.5550000071525574,0.5619999766349792,0.5550000071525574,0.5619999766349792,2224545792.0,1242263936.0,5651734.5
2023-06-16,0.5680000185966492,0.574999988079071,0.5630000233650208,0.5690000057220459,2346027776.0,1333373824.0,5651734.5
2023-06-19,0.5659999847412109,0.5680000185966492,0.5540000200271606,0.5590000152587891,2100929408.0,1176324864.0,5651734.5
2023-06-20,0.5609999895095825,0.5649999976158142,0.5479999780654907,0.550000011920929,2169662720.0,1202739328.0,5651734.5
2023-06-21,0.5400000214576721,0.5450000166893005,0.5360000133514404,0.5370000004768372,2307478272.0,1246894976.0,5651734.5
2023-06-26,0.5249999761581421,0.5329999923706055,0.5230000019073486,0.527999997138977,2225978112.0,1174813696.0,5651734.5
2023-06-27,0.531000018119812,0.5410000085830688,0.5289999842643738,0.5400000214576721,2111852672.0,1133671040.0,5651734.5
2023-06-28,0.5379999876022339,0.5460000038146973,0.5329999923706055,0.5450000166893005,2100182272.0,1132039168.0,5651734.5
2023-06-29,0.5429999828338623,0.5440000295639038,0.5350000262260437,0.5360000133514404,1571952128.0,846669056.0,5651734.5
2023-06-30,0.5350000262260437,0.5379999876022339,0.531000018119812,0.5329999923706055,2048329088.0,1096213632.0,5651734.5
2023-07-03,0.5370000004768372,0.5540000200271606,0.5370000004768372,0.5529999732971191,2693405184.0,1474968064.0,5651734.5
2023-07-04,0.5509999990463257,0.5580000281333923,0.5460000038146973,0.5519999861717224,2228245760.0,1230371072.0,5651734.5
2023-07-05,0.5519999861717224,0.5550000071525574,0.5440000295639038,0.5460000038146973,1663439616.0,911871232.0,5651734.5
2023-07-06,0.5429999828338623,0.5529999732971191,0.5329999923706055,0.5389999747276306,2824528128.0,1531845760.0,5651734.5
2023-07-07,0.5360000133514404,0.5389999747276306,0.5260000228881836,0.5320000052452087,3054941440.0,1625178880.0,5651734.5
2023-07-10,0.5429999828338623,0.546999990940094,0.5339999794960022,0.5360000133514404,2394097664.0,1292142080.0,5651734.5
2023-07-11,0.5450000166893005,0.5490000247955322,0.5400000214576721,0.5450000166893005,2172691968.0,1183109376.0,5651734.5
2023-07-12,0.546999990940094,0.5559999942779541,0.5460000038146973,0.5490000247955322,2042110720.0,1127590144.0,5651734.5
2023-07-13,0.5630000233650208,0.5720000267028809,0.5630000233650208,0.5699999928474426,2465229824.0,1399127936.0,5651734.5
2023-07-14,0.5759999752044678,0.578000009059906,0.5649999976158142,0.5669999718666077,2015416448.0,1147374848.0,5651734.5
2023-07-17,0.5630000233650208,0.5640000104904175,0.5569999814033508,0.5590000152587891,603578368.0,337659904.0,5651734.5
2023-07-18,0.5649999976158142,0.5659999847412109,0.5569999814033508,0.5580000281333923,1607330432.0,900356864.0,5651734.5
2023-07-19,0.5509999990463257,0.5609999895095825,0.5460000038146973,0.5600000023841858,2231852800.0,1232154880.0,5651734.5
2023-07-20,0.5619999766349792,0.5659999847412109,0.5490000247955322,0.550000011920929,2960636160.0,1647728000.0,5651734.5
2023-07-21,0.5490000247955322,0.5600000023841858,0.546999990940094,0.5529999732971191,1934086784.0,1070459264.0,5651734.5
2023-07-24,0.5450000166893005,0.5540000200271606,0.5410000085830688,0.5429999828338623,2455420160.0,1343872256.0,5651734.5
2023-07-25,0.5649999976158142,0.5709999799728394,0.5619999766349792,0.5709999799728394,2886823680.0,1637176064.0,5651734.5
2023-07-26,0.5680000185966492,0.5709999799728394,0.5649999976158142,0.5699999928474426,1749258240.0,992972864.0,5651734.5
2023-07-27,0.5799999833106995,0.5870000123977661,0.5770000219345093,0.5820000171661377,2886305280.0,1681278464.0,5651734.5
2023-07-28,0.5789999961853027,0.6060000061988831,0.578000009059906,0.6029999852180481,3819444992.0,2273543680.0,5651734.5
2023-07-31,0.6240000128746033,0.6330000162124634,0.6150000095367432,0.6190000176429749,4331350528.0,2704960768.0,5651734.5
2023-08-01,0.6200000047683716,0.6320000290870667,0.6100000143051147,0.6110000014305115,4029714688.0,2504707072.0,5651734.5
2023-08-02,0.6100000143051147,0.6159999966621399,0.5929999947547913,0.593999981880188,3497367552.0,2110049152.0,5651734.5
2023-08-03,0.5950000286102295,0.6050000190734863,0.5929999947547913,0.6039999723434448,3439976704.0,2064061696.0,5651734.5
2023-08-04,0.6140000224113464,0.6169999837875366,0.6029999852180481,0.6069999933242798,3790361856.0,2315074816.0,5651734.5
2023-08-07,0.6029999852180481,0.6119999885559082,0.5979999899864197,0.609000027179718,2401636864.0,1457664768.0,5651734.5
2023-08-08,0.5989999771118164,0.6039999723434448,0.5929999947547913,0.597000002861023,2546726656.0,1525944576.0,5651734.5
2023-08-09,0.5879999995231628,0.5960000157356262,0.5849999785423279,0.5920000076293945,2364516608.0,1394867200.0,5651734.5
2023-08-10,0.5879999995231628,0.5950000286102295,0.5849999785423279,0.5929999947547913,2667505920.0,1572366336.0,5651734.5
2023-08-11,0.5960000157356262,0.597000002861023,0.5799999833106995,0.5799999833106995,3234278400.0,1893498112.0,5651734.5
2023-08-14,0.5649999976158142,0.5720000267028809,0.5630000233650208,0.5699999928474426,3275437568.0,1857531776.0,5651734.5
2023-08-15,0.5720000267028809,0.5770000219345093,0.5659999847412109,0.5709999799728394,3666663424.0,2093652480.0,5651734.5
2023-08-16,0.5630000233650208,0.5690000057220459,0.5590000152587891,0.5600000023841858,3274570496.0,1846486144.0,5651734.5
2023-08-17,0.5509999990463257,0.5699999928474426,0.5490000247955322,0.5699999928474426,5516828672.0,3089655040.0,5651734.5
2023-08-18,0.5609999895095825,0.5640000104904175,0.546999990940094,0.5479999780654907,4515126272.0,2510685184.0,5651734.5
2023-08-21,0.5419999957084656,0.5490000247955322,0.5350000262260437,0.5360000133514404,4128800512.0,2237104128.0,5651734.5
2023-08-22,0.5419999957084656,0.5519999861717224,0.5329999923706055,0.5479999780654907,5238425088.0,2837654016.0,5651734.5
2023-08-23,0.5460000038146973,0.5529999732971191,0.5389999747276306,0.5440000295639038,4145365504.0,2260991744.0,5651734.5
2023-08-24,0.5509999990463257,0.5669999718666077,0.550000011920929,0.5640000104904175,4777081856.0,2670490624.0,5651734.5
2023-08-25,0.5559999942779541,0.5600000023841858,0.5529999732971191,0.5540000200271606,3712679680.0,2063187968.0,5651734.5
2023-08-28,0.5889999866485596,0.597000002861023,0.5630000233650208,0.5640000104904175,5980021248.0,3417788672.0,5651734.5
2023-08-29,0.5669999718666077,0.5809999704360962,0.5659999847412109,0.578000009059906,4323862016.0,2484946688.0,5651734.5
2023-08-30,0.5839999914169312,0.5879999995231628,0.5709999799728394,0.5720000267028809,4650305024.0,2699134208.0,5651734.5
2023-08-31,0.5759999752044678,0.5809999704360962,0.5680000185966492,0.5690000057220459,3921814528.0,2252776960.0,5651734.5
2023-09-01,0.5730000138282776,0.574999988079071,0.5699999928474426,0.5720000267028809,1153595136.0,660237568.0,5651734.5
2023-09-04,0.5809999704360962,0.5849999785423279,0.574999988079071,0.5830000042915344,3532920320.0,2051925504.0,5651734.5
2023-09-05,0.5799999833106995,0.5820000171661377,0.5699999928474426,0.5730000138282776,2980705280.0,1717801600.0,5651734.5
2023-09-06,0.5680000185966492,0.5709999799728394,0.5630000233650208,0.5680000185966492,3076887040.0,1743584384.0,5651734.5
2023-09-07,0.5680000185966492,0.5680000185966492,0.5590000152587891,0.5590000152587891,2695002880.0,1517743360.0,5651734.5
2023-09-08,0.550000011920929,0.5559999942779541,0.5479999780654907,0.5509999990463257,1586416256.0,873151552.0,5651734.5
2023-09-11,0.5490000247955322,0.5580000281333923,0.5460000038146973,0.5540000200271606,4269531904.0,2357107968.0,5651734.5
2023-09-12,0.5540000200271606,0.5619999766349792,0.5509999990463257,0.5569999814033508,2684911104.0,1492933888.0,5651734.5
2023-09-13,0.5569999814033508,0.5590000152587891,0.5490000247955322,0.5519999861717224,2510084096.0,1389501056.0,5651734.5
2023-09-14,0.5529999732971191,0.5569999814033508,0.550000011920929,0.5540000200271606,2234120192.0,1235805312.0,5651734.5
2023-09-15,0.5559999942779541,0.5609999895095825,0.550000011920929,0.5569999814033508,3474668800.0,1933970304.0,5651734.5
2023-09-18,0.5519999861717224,0.5540000200271606,0.5460000038146973,0.5479999780654907,3036131328.0,1670034176.0,5651734.5
2023-09-19,0.546999990940094,0.5479999780654907,0.5400000214576721,0.5440000295639038,2442706944.0,1328033536.0,5651734.5
2023-09-20,0.5419999957084656,0.5429999828338623,0.5350000262260437,0.5379999876022339,2500826112.0,1348426496.0,5651734.5
2023-09-21,0.5329999923706055,0.5339999794960022,0.5239999890327454,0.5270000100135803,3094184960.0,1633169792.0,5651734.5
2023-09-22,0.5230000019073486,0.5429999828338623,0.5230000019073486,0.5410000085830688,4215931136.0,2253876992.0,5651734.5
2023-09-25,0.5400000214576721,0.5400000214576721,0.5299999713897705,0.531000018119812,2297396992.0,1226939904.0,5651734.5
2023-09-26,0.5289999842643738,0.5299999713897705,0.5220000147819519,0.5239999890327454,2881575424.0,1513807616.0,5651734.5
2023-09-27,0.5239999890327454,0.531000018119812,0.5230000019073486,0.5270000100135803,3088977408.0,1627973120.0,5651734.5
2023-09-28,0.5270000100135803,0.527999997138977,0.515999972820282,0.5180000066757202,2851334400.0,1484762240.0,5651734.5
2023-10-09,0.5210000276565552,0.5249999761581421,0.5189999938011169,0.5220000147819519,2147088768.0,1120721152.0,5651734.5
2023-10-10,0.527999997138977,0.5360000133514404,0.5270000100135803,0.5289999842643738,3456635904.0,1834077312.0,5651734.5
2023-10-11,0.5389999747276306,0.5440000295639038,0.5360000133514404,0.5389999747276306,2805601280.0,1513408000.0,5651734.5
2023-10-12,0.5479999780654907,0.5490000247955322,0.5440000295639038,0.5450000166893005,1944782848.0,1063454912.0,5651734.5
2023-10-13,0.5320000052452087,0.5370000004768372,0.527999997138977,0.5320000052452087,2774362880.0,1476629504.0,5651734.5
2023-10-16,0.5299999713897705,0.5299999713897705,0.5189999938011169,0.5199999809265137,2465602304.0,1291412480.0,5651734.5
2023-10-17,0.5239999890327454,0.5270000100135803,0.5210000276565552,0.5239999890327454,2269244672.0,1188620160.0,5651734.5
2023-10-18,0.5220000147819519,0.5220000147819519,0.5149999856948853,0.515999972820282,2689527808.0,1392720512.0,5651734.5
2023-10-19,0.5080000162124634,0.5109999775886536,0.5059999823570251,0.5059999823570251,3064096000.0,1555846144.0,5651734.5
2023-10-20,0.503000020980835,0.5090000033378601,0.5019999742507935,0.5049999952316284,2615229184.0,1323185408.0,5651734.5
2023-10-23,0.5009999871253967,0.5009999871253967,0.49399998784065247,0.4970000088214874,965590208.0,480715872.0,5651734.5
2023-10-24,0.5,0.5040000081062317,0.49300000071525574,0.5009999871253967,3359687168.0,1677321600.0,5651734.5
2023-10-25,0.5170000195503235,0.5220000147819519,0.5080000162124634,0.5120000243186951,4472612864.0,2307508480.0,5651734.5
2023-10-26,0.5080000162124634,0.515999972820282,0.5059999823570251,0.5120000243186951,2618883328.0,1337392896.0,5651734.5
2023-10-27,0.5139999985694885,0.5289999842643738,0.5130000114440918,0.5270000100135803,4697491456.0,2452630016.0,5651734.5
2023-10-30,0.5230000019073486,0.5329999923706055,0.5210000276565552,0.531000018119812,2585086976.0,1367044480.0,5651734.5
2023-10-31,0.5299999713897705,0.5299999713897705,0.5199999809265137,0.5239999890327454,2084125440.0,1092846464.0,5651734.5
2023-11-01,0.5260000228881836,0.5270000100135803,0.5149999856948853,0.5199999809265137,2493021952.0,1294749568.0,5651734.5
2023-11-02,0.5270000100135803,0.5339999794960022,0.5230000019073486,0.5239999890327454,2570433280.0,1359083392.0,5651734.5
2023-11-03,0.531000018119812,0.5429999828338623,0.5289999842643738,0.5400000214576721,3410468352.0,1828616576.0,5651734.5
2023-11-06,0.5519999861717224,0.5640000104904175,0.5509999990463257,0.5590000152587891,3807439104.0,2124192128.0,5651734.5
2023-11-07,0.5550000071525574,0.5600000023841858,0.550000011920929,0.5529999732971191,2844726528.0,1575705088.0,5651734.5
2023-11-08,0.5519999861717224,0.5569999814033508,0.546999990940094,0.5490000247955322,2842275584.0,1570946944.0,5651734.5
2023-11-09,0.550000011920929,0.5559999942779541,0.5460000038146973,0.550000011920929,2735692544.0,1506796288.0,5651734.5
2023-11-10,0.5410000085830688,0.5419999957084656,0.5329999923706055,0.5339999794960022,2982745088.0,1599643008.0,5651734.5
2023-11-13,0.5379999876022339,0.5429999828338623,0.5339999794960022,0.5379999876022339,2397629184.0,1289888512.0,5651734.5
2023-11-14,0.546999990940094,0.5479999780654907,0.5389999747276306,0.5429999828338623,2519791360.0,1368003968.0,5651734.5
2023-11-15,0.5569999814033508,0.5600000023841858,0.550000011920929,0.5569999814033508,3680478208.0,2041204352.0,5651734.5
2023-11-16,0.5630000233650208,0.5640000104904175,0.5460000038146973,0.5529999732971191,4005592832.0,2216666112.0,5651734.5
2023-11-17,0.5429999828338623,0.546999990940094,0.5389999747276306,0.5429999828338623,3062955008.0,1659944704.0,5651734.5
2023-11-20,0.5460000038146973,0.5509999990463257,0.5419999957084656,0.5490000247955322,2892545536.0,1581078400.0,5651734.5
2023-11-21,0.5559999942779541,0.5580000281333923,0.5429999828338623,0.5450000166893005,3314543616.0,1829041152.0,5651734.5
2023-11-22,0.5419999957084656,0.5460000038146973,0.5379999876022339,0.5389999747276306,3064235264.0,1659109888.0,5651734.5
2023-11-23,0.5410000085830688,0.5490000247955322,0.5400000214576721,0.5479999780654907,3487970560.0,1898578560.0,5651734.5
2023-11-24,0.546999990940094,0.5479999780654907,0.5400000214576721,0.5410000085830688,1773656960.0,964038656.0,5651734.5
2023-11-27,0.5429999828338623,0.5440000295639038,0.5339999794960022,0.5410000085830688,3105403136.0,1671030144.0,5651734.5
2023-11-28,0.5389999747276306,0.5429999828338623,0.5339999794960022,0.5370000004768372,2423034624.0,1304827648.0,5651734.5
2023-11-29,0.5370000004768372,0.5370000004768372,0.5189999938011169,0.5230000019073486,4290271488.0,2259734272.0,5651734.5
2023-11-30,0.5230000019073486,0.5239999890327454,0.5149999856948853,0.5210000276565552,3416345344.0,1774085760.0,5651734.5
2023-12-01,0.5199999809265137,0.5199999809265137,0.5109999775886536,0.5149999856948853,4198607360.0,2164473344.0,5651734.5
2023-12-04,0.5149999856948853,0.5170000195503235,0.5019999742507935,0.503000020980835,4075033856.0,2069628672.0,5651734.5
2023-12-05,0.5019999742507935,0.503000020980835,0.48899999260902405,0.49000000953674316,3952213504.0,1954703616.0,5651734.5
2023-12-06,0.49300000071525574,0.5059999823570251,0.492000013589859,0.503000020980835,3797280000.0,1897768448.0,5651734.5
2023-12-07,0.5,0.5,0.49300000071525574,0.4970000088214874,2747717376.0,1363392256.0,5651734.5
2023-12-08,0.49799999594688416,0.503000020980835,0.49300000071525574,0.49799999594688416,3512707072.0,1749135616.0,5651734.5
2023-12-11,0.492000013589859,0.49799999594688416,0.4869999885559082,0.4959999918937683,4499704832.0,2214099968.0,5651734.5
2023-12-12,0.4970000088214874,0.5040000081062317,0.49399998784065247,0.5040000081062317,3559534336.0,1783385216.0,5651734.5
2023-12-13,0.49900001287460327,0.5,0.492000013589859,0.49399998784065247,3760553472.0,1869004160.0,5651734.5
2023-12-14,0.5,0.5040000081062317,0.49399998784065247,0.4950000047683716,4812323840.0,2399167744.0,5651734.5
2023-12-15,0.5009999871253967,0.5109999775886536,0.5,0.503000020980835,6496309248.0,3281019648.0,5651734.5
2023-12-18,0.5,0.503000020980835,0.4970000088214874,0.49799999594688416,3315549696.0,1655819904.0,5651734.5
2023-12-19,0.4959999918937683,0.49900001287460327,0.492000013589859,0.4959999918937683,3624955648.0,1796154624.0,5651734.5
2023-12-20,0.5019999742507935,0.503000020980835,0.4959999918937683,0.49799999594688416,3286870272.0,1645089536.0,5651734.5
2023-12-21,0.49300000071525574,0.49799999594688416,0.49000000953674316,0.4970000088214874,4035247360.0,1992825856.0,5651734.5
2023-12-22,0.49900001287460327,0.503000020980835,0.47200000286102295,0.4729999899864197,7677448704.0,3719328512.0,5651734.5
2023-12-25,0.47699999809265137,0.47999998927116394,0.47600001096725464,0.47699999809265137,1220249600.0,582736128.0,5651734.5
2023-12-26,0.4779999852180481,0.4779999852180481,0.4740000069141388,0.47600001096725464,1153484288.0,548799424.0,5651734.5
2023-12-27,0.4819999933242798,0.48500001430511475,0.4790000021457672,0.4830000102519989,3105258240.0,1496665088.0,5651734.5
2023-12-28,0.48399999737739563,0.503000020980835,0.4830000102519989,0.49900001287460327,4750383616.0,2348582656.0,5651734.5
2023-12-29,0.49799999594688416,0.5009999871253967,0.49399998784065247,0.4959999918937683,3865874432.0,1919792000.0,5651734.5
2024-01-02,0.5009999871253967,0.5040000081062317,0.492000013589859,0.49300000071525574,3236859904.0,1605407232.0,5651734.5
2024-01-03,0.4880000054836273,0.48899999260902405,0.48399999737739563,0.4860000014305115,2639493376.0,1282950144.0,5651734.5
2024-01-04,0.4880000054836273,0.48899999260902405,0.4830000102519989,0.4880000054836273,2877169920.0,1397724800.0,5651734.5
2024-01-05,0.48500001430511475,0.49000000953674316,0.4779999852180481,0.4790000021457672,3491555584.0,1689421568.0,5651734.5
2024-01-08,0.4779999852180481,0.4779999852180481,0.46399998664855957,0.4650000035762787,3285802496.0,1536415232.0,5651734.5
2024-01-09,0.46700000762939453,0.4729999899864197,0.4620000123977661,0.46399998664855957,3606094080.0,1685389824.0,5651734.5
2024-01-10,0.46000000834465027,0.4650000035762787,0.4560000002384186,0.4569999873638153,3476688640.0,1599695744.0,5651734.5
2024-01-11,0.45899999141693115,0.47200000286102295,0.4580000042915344,0.4699999988079071,4509915136.0,2100744448.0,5651734.5
2024-01-12,0.46399998664855957,0.47099998593330383,0.4620000123977661,0.46299999952316284,2737999872.0,1276115328.0,5651734.5
2024-01-15,0.460999995470047,0.460999995470047,0.4519999921321869,0.45399999618530273,3699856896.0,1689347584.0,5651734.5
2024-01-16,0.45100000500679016,0.4560000002384186,0.4429999887943268,0.44600000977516174,4003472896.0,1797494912.0,5651734.5
2024-01-17,0.44200000166893005,0.44200000166893005,0.42100000381469727,0.42100000381469727,5534342144.0,2382707456.0,5651734.5
2024-01-18,0.42399999499320984,0.4300000071525574,0.4189999997615814,0.42800000309944153,6421855744.0,2726048512.0,5651734.5
2024-01-19,0.4259999990463257,0.4309999942779541,0.41600000858306885,0.41600000858306885,3947293952.0,1674690304.0,5651734.5
2024-01-22,0.42100000381469727,0.4230000078678131,0.4009999930858612,0.4050000011920929,5296751104.0,2178537472.0,5651734.5
2024-01-23,0.4090000092983246,0.4269999861717224,0.40700000524520874,0.42100000381469727,7335915008.0,3071283712.0,5651734.5
2024-01-24,0.4300000071525574,0.4350000023841858,0.4189999997615814,0.4300000071525574,6048336384.0,2582270720.0,5651734.5
2024-01-25,0.4339999854564667,0.4429999887943268,0.42800000309944153,0.4399999976158142,5181540352.0,2261348096.0,5651734.5
2024-01-26,0.43700000643730164,0.43700000643730164,0.4230000078678131,0.4269999861717224,5043322368.0,2171533824.0,5651734.5
2024-01-29,0.42800000309944153,0.4350000023841858,0.42399999499320984,0.4259999990463257,4370388480.0,1875187968.0,5651734.5
2024-01-30,0.4189999997615814,0.421999990940094,0.41200000047683716,0.4129999876022339,3352839424.0,1396741504.0,5651734.5
2024-01-31,0.4099999964237213,0.41499999165534973,0.39899998903274536,0.4000000059604645,5246474752.0,2127638016.0,5651734.5
2024-02-01,0.40299999713897705,0.41600000858306885,0.4009999930858612,0.40700000524520874,6103819776.0,2495793152.0,5651734.5
2024-02-02,0.41499999165534973,0.42100000381469727,0.4009999930858612,0.4059999883174896,6462449664.0,2655523840.0,5651734.5
2024-02-05,0.39899998903274536,0.41200000047683716,0.39800000190734863,0.4050000011920929,6640223232.0,2688044032.0,5651734.5
2024-02-06,0.40700000524520874,0.4320000112056732,0.4059999883174896,0.4309999942779541,7524197376.0,3155938816.0,5651734.5
2024-02-07,0.4350000023841858,0.4399999976158142,0.42100000381469727,0.42399999499320984,7034846208.0,3025978624.0,5651734.5
2024-02-08,0.4230000078678131,0.42899999022483826,0.41999998688697815,0.421999990940094,5708101120.0,2421197056.0,5651734.5
2024-02-19,0.43700000643730164,0.43799999356269836,0.4300000071525574,0.43299999833106995,3771594752.0,1633781632.0,5651734.5
2024-02-20,0.4359999895095825,0.43799999356269836,0.4259999990463257,0.4320000112056732,3018432000.0,1297936640.0,5651734.5
2024-02-21,0.42899999022483826,0.45399999618530273,0.42800000309944153,0.4480000138282776,6652776448.0,2958429440.0,5651734.5
2024-02-22,0.4449999928474426,0.45100000500679016,0.4410000145435333,0.45100000500679016,3773824768.0,1685765632.0,5651734.5
2024-02-23,0.44999998807907104,0.4580000042915344,0.44699999690055847,0.4519999921321869,4010476288.0,1809562880.0,5651734.5
2024-02-26,0.44999998807907104,0.45500001311302185,0.4480000138282776,0.44999998807907104,3915885312.0,1766900096.0,5651734.5
2024-02-27,0.453000009059906,0.46000000834465027,0.4480000138282776,0.46000000834465027,4954192384.0,2250820096.0,5651734.5
2024-02-28,0.46700000762939453,0.47099998593330383,0.45399999618530273,0.45399999618530273,4824693760.0,2235226368.0,5651734.5
2024-02-29,0.44999998807907104,0.46000000834465027,0.44999998807907104,0.4580000042915344,4683901952.0,2130268672.0,5651734.5
2024-03-01,0.4519999921321869,0.46299999952316284,0.44999998807907104,0.460999995470047,5573010944.0,2549591552.0,5651734.5
2024-03-04,0.4620000123977661,0.46399998664855957,0.45399999618530273,0.4569999873638153,4498462720.0,2065634560.0,5651734.5
2024-03-05,0.4480000138282776,0.45100000500679016,0.4410000145435333,0.44200000166893005,4680330752.0,2085127424.0,5651734.5
2024-03-06,0.44200000166893005,0.4569999873638153,0.4410000145435333,0.45100000500679016,5368634880.0,2408170240.0,5651734.5
2024-03-07,0.453000009059906,0.4569999873638153,0.44200000166893005,0.44200000166893005,3644956928.0,1637502592.0,5651734.5
2024-03-08,0.4440000057220459,0.453000009059906,0.4440000057220459,0.45100000500679016,3696637952.0,1661366272.0,5651734.5
2024-03-11,0.4519999921321869,0.46000000834465027,0.45100000500679016,0.45899999141693115,3178032384.0,1451094784.0,5651734.5
2024-03-12,0.46399998664855957,0.48100000619888306,0.460999995470047,0.48100000619888306,6147329024.0,2905329408.0,5651734.5
2024-03-13,0.4819999933242798,0.49000000953674316,0.48100000619888306,0.4830000102519989,4752001536.0,2308369664.0,5651734.5
2024-03-14,0.48500001430511475,0.4880000054836273,0.47200000286102295,0.4740000069141388,4052968192.0,1939385216.0,5651734.5
2024-03-15,0.4659999907016754,0.4699999988079071,0.460999995470047,0.4690000116825104,4068128000.0,1895425024.0,5651734.5
2024-03-18,0.46799999475479126,0.47699999809265137,0.4659999907016754,0.47699999809265137,4539825664.0,2143986176.0,5651734.5
2024-03-19,0.4699999988079071,0.4729999899864197,0.4650000035762787,0.46799999475479126,3819897600.0,1789388032.0,5651734.5
2024-03-20,0.46799999475479126,0.47200000286102295,0.46299999952316284,0.47099998593330383,3457622016.0,1620414208.0,5651734.5
2024-03-21,0.4779999852180481,0.4819999933242798,0.4729999899864197,0.47600001096725464,4147288832.0,1979548544.0,5651734.5
2024-03-22,0.46799999475479126,0.46799999475479126,0.4569999873638153,0.460999995470047,5207899648.0,2406178560.0,5651734.5
2024-03-25,0.460999995470047,0.4650000035762787,0.45399999618530273,0.45500001311302185,4455804928.0,2042829952.0,5651734.5
2024-03-26,0.45899999141693115,0.46399998664855957,0.45500001311302185,0.4620000123977661,4042608384.0,1853809536.0,5651734.5
2024-03-27,0.4560000002384186,0.4569999873638153,0.45100000500679016,0.4519999921321869,3745357312.0,1700522240.0,5651734.5
2024-03-28,0.453000009059906,0.4690000116825104,0.453000009059906,0.4620000123977661,5086555136.0,2345525760.0,5651734.5
2024-03-29,0.46399998664855957,0.46700000762939453,0.46299999952316284,0.4650000035762787,1079024896.0,501300000.0,5651734.5
2024-04-01,0.46700000762939453,0.47200000286102295,0.4659999907016754,0.47099998593330383,2072234368.0,972909184.0,5651734.5
2024-04-02,0.4740000069141388,0.4749999940395355,0.46700000762939453,0.46799999475479126,3715818496.0,1747848448.0,5651734.5
2024-04-03,0.4690000116825104,0.4690000116825104,0.45899999141693115,0.46000000834465027,2645270016.0,1225340800.0,5651734.5
2024-04-08,0.45500001311302185,0.46299999952316284,0.453000009059906,0.4569999873638153,3574490368.0,1636914688.0,5651734.5
2024-04-09,0.4580000042915344,0.4659999907016754,0.4580000042915344,0.460999995470047,3051501056.0,1407252224.0,5651734.5
2024-04-10,0.4659999907016754,0.4749999940395355,0.46399998664855957,0.4690000116825104,4982142464.0,2338637056.0,5651734.5
2024-04-11,0.460999995470047,0.47099998593330383,0.460999995470047,0.4690000116825104,3326632960.0,1549081472.0,5651734.5
2024-04-12,0.4659999907016754,0.4699999988079071,0.46000000834465027,0.4620000123977661,3046172160.0,1414420736.0,5651734.5
2024-04-15,0.453000009059906,0.4569999873638153,0.44999998807907104,0.4560000002384186,3673289728.0,1668107264.0,5651734.5
2024-04-16,0.4490000009536743,0.4519999921321869,0.4410000145435333,0.4429999887943268,3768585984.0,1684066560.0,5651734.5
2024-04-17,0.4449999928474426,0.4480000138282776,0.4399999976158142,0.4429999887943268,4372032512.0,1937357184.0,5651734.5
2024-04-18,0.44200000166893005,0.45100000500679016,0.4390000104904175,0.4449999928474426,4110013184.0,1832400768.0,5651734.5
2024-04-19,0.4390000104904175,0.4399999976158142,0.4300000071525574,0.4359999895095825,4562820608.0,1985765632.0,5651734.5
2024-04-22,0.4399999976158142,0.4480000138282776,0.43700000643730164,0.4429999887943268,3446629376.0,1526573824.0,5651734.5
2024-04-23,0.44999998807907104,0.4580000042915344,0.44699999690055847,0.4569999873638153,3699081472.0,1674217344.0,5651734.5
2024-04-24,0.46299999952316284,0.4729999899864197,0.46000000834465027,0.47200000286102295,3286797824.0,1535693440.0,5651734.5
2024-04-25,0.4699999988079071,0.4790000021457672,0.46700000762939453,0.4699999988079071,3948058624.0,1864038272.0,5651734.5
2024-04-26,0.4729999899864197,0.49399998784065247,0.47200000286102295,0.4909999966621399,5892502016.0,2863645440.0,5651734.5
2024-04-29,0.49399998784065247,0.5040000081062317,0.4909999966621399,0.4909999966621399,5828712960.0,2895009536.0,5651734.5
2024-04-30,0.49399998784065247,0.4959999918937683,0.4869999885559082,0.48899999260902405,3303057408.0,1623531008.0,5651734.5
2024-05-06,0.5210000276565552,0.531000018119812,0.5189999938011169,0.5289999842643738,7036457472.0,3689556992.0,5651734.5
2024-05-07,0.5260000228881836,0.5289999842643738,0.5170000195503235,0.5199999809265137,4614065152.0,2413650432.0,5651734.5
2024-05-08,0.5189999938011169,0.5249999761581421,0.5109999775886536,0.5130000114440918,4763311104.0,2467269888.0,5651734.5
2024-05-09,0.5130000114440918,0.5239999890327454,0.5130000114440918,0.5220000147819519,4593039360.0,2384300800.0,5651734.5
2024-05-10,0.5260000228881836,0.5299999713897705,0.515999972820282,0.5230000019073486,5948416000.0,3107688448.0,5651734.5
2024-05-13,0.5189999938011169,0.5339999794960022,0.5170000195503235,0.531000018119812,4956175872.0,2614280960.0,5651734.5
2024-05-14,0.5400000214576721,0.5450000166893005,0.5360000133514404,0.5370000004768372,4662785536.0,2517254912.0,5651734.5
2024-05-15,0.5350000262260437,0.5370000004768372,0.5329999923706055,0.5339999794960022,1458263168.0,779761280.0,5651734.5
2024-05-16,0.5419999957084656,0.5440000295639038,0.5329999923706055,0.5389999747276306,5092145664.0,2740697344.0,5651734.5
2024-05-17,0.546999990940094,0.5529999732971191,0.5410000085830688,0.5450000166893005,4666048000.0,2550481920.0,5651734.5
2024-05-20,0.5479999780654907,0.5519999861717224,0.546999990940094,0.5479999780654907,3393511424.0,1864334336.0,5651734.5
2024-05-21,0.5429999828338623,0.5440000295639038,0.5270000100135803,0.527999997138977,3991689728.0,2132335360.0,5651734.5
2024-05-22,0.5299999713897705,0.5360000133514404,0.5260000228881836,0.531000018119812,3310474496.0,1761294080.0,5651734.5
2024-05-23,0.527999997138977,0.5289999842643738,0.5189999938011169,0.5210000276565552,3602589440.0,1882156160.0,5651734.5
2024-05-24,0.5149999856948853,0.5189999938011169,0.5040000081062317,0.5049999952316284,4991652352.0,2549769216.0,5651734.5
2024-05-27,0.5070000290870667,0.5170000195503235,0.5,0.5149999856948853,4861749760.0,2473453056.0,5651734.5
2024-05-28,0.5149999856948853,0.5230000019073486,0.5109999775886536,0.5139999985694885,3917210880.0,2025311104.0,5651734.5
2024-05-29,0.5099999904632568,0.5109999775886536,0.5009999871253967,0.5040000081062317,4103431168.0,2075343872.0,5651734.5
2024-05-30,0.5019999742507935,0.5090000033378601,0.49799999594688416,0.5,4481360896.0,2252482048.0,5651734.5
2024-05-31,0.5080000162124634,0.5120000243186951,0.4970000088214874,0.49799999594688416,4456076288.0,2251715584.0,5651734.5
2024-06-03,0.5,0.5090000033378601,0.49900001287460327,0.5040000081062317,4402250752.0,2222160640.0,5651734.5
2024-06-04,0.5,0.5080000162124634,0.5,0.5070000290870667,3347337728.0,1687866752.0,5651734.5
2024-06-05,0.5059999823570251,0.5149999856948853,0.5040000081062317,0.5070000290870667,4197370624.0,2143118336.0,5651734.5
2024-06-06,0.5130000114440918,0.5180000066757202,0.5080000162124634,0.5109999775886536,4433432064.0,2273021696.0,5651734.5
2024-06-07,0.5139999985694885,0.5149999856948853,0.5009999871253967,0.503000020980835,4053505280.0,2053153664.0,5651734.5
2024-06-11,0.4970000088214874,0.5040000081062317,0.49399998784065247,0.5019999742507935,3817584896.0,1902854656.0,5651734.5
2024-06-12,0.49799999594688416,0.5019999742507935,0.4950000047683716,0.4959999918937683,3055411712.0,1519755520.0,5651734.5
2024-06-13,0.5009999871253967,0.5019999742507935,0.4950000047683716,0.49799999594688416,3222458624.0,1603676032.0,5651734.5
2024-06-14,0.49799999594688416,0.5,0.4950000047683716,0.4970000088214874,2913417216.0,1447930752.0,5651734.5
2024-06-17,0.4909999966621399,0.5,0.49000000953674316,0.4959999918937683,3577017600.0,1773676160.0,5651734.5
2024-06-18,0.4970000088214874,0.5019999742507935,0.49300000071525574,0.49399998784065247,3114642432.0,1548953088.0,5651734.5
2024-06-19,0.49900001287460327,0.5109999775886536,0.49799999594688416,0.5090000033378601,3757818112.0,1892292096.0,5651734.5
2024-06-20,0.5109999775886536,0.5130000114440918,0.5019999742507935,0.5049999952316284,3232798976.0,1638922624.0,5651734.5
2024-06-21,0.49900001287460327,0.5,0.492000013589859,0.4959999918937683,3270496512.0,1620276480.0,5651734.5
2024-06-24,0.492000013589859,0.49300000071525574,0.48500001430511475,0.4860000014305115,2819930624.0,1378595328.0,5651734.5
2024-06-25,0.492000013589859,0.4950000047683716,0.48500001430511475,0.4860000014305115,3309230336.0,1625057152.0,5651734.5
2024-06-26,0.4860000014305115,0.4959999918937683,0.4860000014305115,0.49399998784065247,3755444224.0,1844667136.0,5651734.5
2024-06-27,0.48899999260902405,0.4909999966621399,0.4790000021457672,0.48100000619888306,3509222912.0,1699115392.0,5651734.5
2024-06-28,0.47600001096725464,0.48399999737739563,0.4749999940395355,0.47699999809265137,3461748736.0,1658937088.0,5651734.5
2024-07-01,0.4740000069141388,0.47600001096725464,0.47099998593330383,0.47600001096725464,1585341568.0,750571584.0,5651734.5
2024-07-02,0.4749999940395355,0.4819999933242798,0.47200000286102295,0.4740000069141388,3619448320.0,1726025856.0,5651734.5
2024-07-03,0.47699999809265137,0.4860000014305115,0.47600001096725464,0.48399999737739563,4086430720.0,1967139840.0,5651734.5
2024-07-04,0.492000013589859,0.4959999918937683,0.4860000014305115,0.4880000054836273,3436088064.0,1684111232.0,5651734.5
2024-07-05,0.4869999885559082,0.49000000953674316,0.4790000021457672,0.4830000102519989,2827848704.0,1366329856.0,5651734.5
2024-07-08,0.48100000619888306,0.48399999737739563,0.4740000069141388,0.4749999940395355,2758464512.0,1319233280.0,5651734.5
2024-07-09,0.47600001096725464,0.48500001430511475,0.4729999899864197,0.4830000102519989,3761489408.0,1801631744.0,5651734.5
2024-07-10,0.4860000014305115,0.492000013589859,0.4819999933242798,0.4830000102519989,3557472256.0,1733069568.0,5651734.5
2024-07-11,0.4869999885559082,0.4950000047683716,0.4860000014305115,0.49399998784065247,3427943680.0,1680936960.0,5651734.5
2024-07-12,0.5,0.5049999952316284,0.49799999594688416,0.5049999952316284,3056539648.0,1533394432.0,5651734.5
2024-07-15,0.5,0.5009999871253967,0.492000013589859,0.49300000071525574,2557822720.0,1268037760.0,5651734.5
2024-07-16,0.4880000054836273,0.49000000953674316,0.48399999737739563,0.48899999260902405,2884908544.0,1404969216.0,5651734.5
2024-07-17,0.49000000953674316,0.49399998784065247,0.4860000014305115,0.49000000953674316,3470755328.0,1701463808.0,5651734.5
2024-07-18,0.4830000102519989,0.4880000054836273,0.47999998927116394,0.4869999885559082,4391338496.0,2127072768.0,5651734.5
2024-07-19,0.47999998927116394,0.4819999933242798,0.47699999809265137,0.4790000021457672,4928074240.0,2357275136.0,5651734.5
2024-07-22,0.4790000021457672,0.4869999885559082,0.47600001096725464,0.48500001430511475,4050302464.0,1948481920.0,5651734.5
2024-07-23,0.4880000054836273,0.48899999260902405,0.47600001096725464,0.47699999809265137,2961751296.0,1425459200.0,5651734.5
2024-07-24,0.47600001096725464,0.47999998927116394,0.46799999475479126,0.4690000116825104,2981838592.0,1412051456.0,5651734.5
2024-07-25,0.46700000762939453,0.46799999475479126,0.45899999141693115,0.46000000834465027,3761477888.0,1738416384.0,5651734.5
2024-07-26,0.46299999952316284,0.46700000762939453,0.45899999141693115,0.46399998664855957,3665968128.0,1698384768.0,5651734.5
2024-07-29,0.4690000116825104,0.47099998593330383,0.46399998664855957,0.46799999475479126,2988063232.0,1398065408.0,5651734.5
2024-07-30,0.4650000035762787,0.4659999907016754,0.4569999873638153,0.46000000834465027,3161370112.0,1455541632.0,5651734.5
2024-07-31,0.45899999141693115,0.4740000069141388,0.4580000042915344,0.4729999899864197,4469758976.0,2088363648.0,5651734.5
2024-08-01,0.4699999988079071,0.47099998593330383,0.4650000035762787,0.46799999475479126,3267322880.0,1528923904.0,5651734.5
2024-08-02,0.45899999141693115,0.4620000123977661,0.45100000500679016,0.45399999618530273,4504886784.0,2054990080.0,5651734.5
2024-08-05,0.44699999690055847,0.460999995470047,0.4410000145435333,0.44600000977516174,6842931712.0,3084566016.0,5651734.5
2024-08-06,0.45500001311302185,0.45899999141693115,0.44699999690055847,0.45100000500679016,4734266880.0,2139764224.0,5651734.5
2024-08-07,0.453000009059906,0.45899999141693115,0.44999998807907104,0.45500001311302185,3795430144.0,1728734080.0,5651734.5
2024-08-08,0.44999998807907104,0.46000000834465027,0.44600000977516174,0.45500001311302185,4241454080.0,1924002432.0,5651734.5
2024-08-09,0.4620000123977661,0.46700000762939453,0.46000000834465027,0.460999995470047,3573589248.0,1654156288.0,5651734.5
2024-08-12,0.460999995470047,0.46299999952316284,0.4560000002384186,0.460999995470047,2776583936.0,1275056000.0,5651734.5
2024-08-13,0.460999995470047,0.46399998664855957,0.4569999873638153,0.460999995470047,3272229888.0,1505872512.0,5651734.5
2024-08-14,0.46299999952316284,0.46399998664855957,0.45399999618530273,0.45399999618530273,2603298048.0,1192574336.0,5651734.5
2024-08-15,0.4519999921321869,0.460999995470047,0.4490000009536743,0.453000009059906,4218860800.0,1917519872.0,5651734.5
2024-08-16,0.460999995470047,0.4659999907016754,0.4580000042915344,0.46299999952316284,3559392512.0,1644457344.0,5651734.5
2024-08-19,0.4699999988079071,0.4779999852180481,0.4690000116825104,0.47200000286102295,3351698944.0,1588694144.0,5651734.5
2024-08-20,0.4749999940395355,0.47600001096725464,0.46700000762939453,0.46700000762939453,2176974592.0,1023869824.0,5651734.5
2024-08-21,0.4560000002384186,0.460999995470047,0.453000009059906,0.46000000834465027,3014114048.0,1378511360.0,5651734.5
2024-08-22,0.4659999907016754,0.46799999475479126,0.46000000834465027,0.46700000762939453,2781701888.0,1290783872.0,5651734.5
2024-08-23,0.4620000123977661,0.4650000035762787,0.46000000834465027,0.46399998664855957,2045803776.0,946026496.0,5651734.5
2024-08-26,0.46700000762939453,0.47099998593330383,0.4650000035762787,0.46799999475479126,2164773120.0,1012741120.0,5651734.5
2024-08-27,0.4620000123977661,0.46700000762939453,0.46000000834465027,0.4659999907016754,2253796608.0,1045247744.0,5651734.5
2024-08-28,0.4650000035762787,0.4659999907016754,0.4580000042915344,0.460999995470047,2608978176.0,1202693120.0,5651734.5
2024-08-29,0.45399999618530273,0.4620000123977661,0.45100000500679016,0.460999995470047,3675874560.0,1675746048.0,5651734.5
2024-08-30,0.46299999952316284,0.4819999933242798,0.460999995470047,0.47600001096725464,5352107008.0,2529566208.0,5651734.5
2024-09-02,0.47099998593330383,0.47200000286102295,0.46299999952316284,0.46399998664855957,3543365120.0,1655126656.0,5651734.5
2024-09-03,0.4650000035762787,0.47200000286102295,0.46299999952316284,0.4659999907016754,3200640000.0,1497011584.0,5651734.5
2024-09-04,0.4620000123977661,0.46700000762939453,0.45899999141693115,0.46299999952316284,2402191104.0,1112126720.0,5651734.5
2024-09-05,0.46399998664855957,0.46799999475479126,0.460999995470047,0.46399998664855957,2483260672.0,1152726400.0,5651734.5
2024-09-06,0.4650000035762787,0.4659999907016754,0.45899999141693115,0.46000000834465027,1105577344.0,512145152.0,5651734.5
2024-09-09,0.45899999141693115,0.460999995470047,0.45500001311302185,0.4560000002384186,2299215360.0,1052259776.0,5651734.5
2024-09-10,0.46000000834465027,0.46399998664855957,0.45500001311302185,0.4620000123977661,3134730496.0,1440907904.0,5651734.5
2024-09-11,0.46000000834465027,0.4620000123977661,0.4569999873638153,0.460999995470047,2592917504.0,1190927488.0,5651734.5
2024-09-12,0.4650000035762787,0.4690000116825104,0.46399998664855957,0.4650000035762787,3210920192.0,1499636736.0,5651734.5
2024-09-13,0.4659999907016754,0.47099998593330383,0.46299999952316284,0.4650000035762787,2340705024.0,1093154048.0,5651734.5
2024-09-18,0.47099998593330383,0.4729999899864197,0.46799999475479126,0.47200000286102295,1570597888.0,739369408.0,5651734.5
2024-09-19,0.4729999899864197,0.4869999885559082,0.4699999988079071,0.4869999885559082,5466565632.0,2617225728.0,5651734.5
2024-09-20,0.4860000014305115,0.4959999918937683,0.4819999933242798,0.48899999260902405,4799809024.0,2355099648.0,5651734.5
2024-09-23,0.49000000953674316,0.49799999594688416,0.48899999260902405,0.49000000953674316,4176846592.0,2061306752.0,5651734.5
2024-09-24,0.5019999742507935,0.515999972820282,0.4970000088214874,0.5149999856948853,6397659648.0,3237707264.0,5651734.5
2024-09-25,0.5329999923706055,0.5350000262260437,0.5149999856948853,0.5180000066757202,7261714944.0,3820502784.0,5651734.5
2024-09-26,0.5249999761581421,0.5529999732971191,0.5220000147819519,0.5529999732971191,9820491776.0,5278247424.0,5651734.5
2024-09-27,0.5709999799728394,0.593999981880188,0.5669999718666077,0.5799999833106995,5568753664.0,3213648384.0,5651734.5
2024-09-30,0.6100000143051147,0.6380000114440918,0.5989999771118164,0.6380000114440918,17891661824.0,11106722816.0,5651734.5
2024-10-08,0.7020000219345093,0.7020000219345093,0.6150000095367432,0.6499999761581421,30988032000.0,20389015552.0,5651734.5
2024-10-09,0.6449999809265137,0.6520000100135803,0.6060000061988831,0.6140000224113464,27201802240.0,17110444032.0,5651734.5
2024-10-10,0.6309999823570251,0.6439999938011169,0.6209999918937683,0.628000020980835,15158384640.0,9587611648.0,5651734.5
2024-10-11,0.6259999871253967,0.6269999742507935,0.6000000238418579,0.6060000061988831,6079107072.0,3728514560.0,5651734.5
2024-10-14,0.6159999966621399,0.625,0.6000000238418579,0.6200000047683716,13379189760.0,8210792960.0,5651734.5
2024-10-15,0.6179999709129333,0.6240000128746033,0.5920000076293945,0.5929999947547913,11349161984.0,6943232000.0,5651734.5
2024-10-16,0.5849999785423279,0.6000000238418579,0.5839999914169312,0.5910000205039978,10740798464.0,6359760896.0,5651734.5
2024-10-17,0.5979999899864197,0.6079999804496765,0.5860000252723694,0.5860000252723694,10038717440.0,5995228160.0,5651734.5
2024-10-18,0.5839999914169312,0.6259999871253967,0.5809999704360962,0.6119999885559082,20628520960.0,12421281792.0,5651734.5
2024-10-21,0.6140000224113464,0.6200000047683716,0.6010000109672546,0.6019999980926514,14090364928.0,8599542784.0,5651734.5
2024-10-22,0.6050000190734863,0.6119999885559082,0.6019999980926514,0.6069999933242798,11356384256.0,6894176256.0,5651734.5
2024-10-23,0.609000027179718,0.6259999871253967,0.6060000061988831,0.6159999966621399,11184440320.0,6902093312.0,5651734.5
2024-10-24,0.6100000143051147,0.6129999756813049,0.6010000109672546,0.6029999852180481,6653671936.0,4035810304.0,5651734.5
2024-10-25,0.6039999723434448,0.6159999966621399,0.6029999852180481,0.6060000061988831,9342712832.0,5689266176.0,5651734.5
2024-10-28,0.6100000143051147,0.6159999966621399,0.6060000061988831,0.6140000224113464,5889262592.0,3607643136.0,5651734.5
2024-10-29,0.6240000128746033,0.6290000081062317,0.6169999837875366,0.6179999709129333,6743443456.0,4200782848.0,5651734.5
2024-10-30,0.6129999756813049,0.6179999709129333,0.6029999852180481,0.6060000061988831,6340975104.0,3867450368.0,5651734.5
2024-10-31,0.6079999804496765,0.6129999756813049,0.6029999852180481,0.6050000190734863,6869645312.0,4175021568.0,5651734.5
2024-11-01,0.6039999723434448,0.6079999804496765,0.5960000157356262,0.5979999899864197,7176297472.0,4312867328.0,5651734.5
2024-11-04,0.6019999980926514,0.6079999804496765,0.6000000238418579,0.6039999723434448,4238867712.0,2560462592.0,5651734.5
2024-11-05,0.6010000109672546,0.621999979019165,0.6000000238418579,0.6200000047683716,8778364928.0,5383563776.0,5651734.5
2024-11-06,0.6200000047683716,0.6240000128746033,0.6060000061988831,0.6119999885559082,11552145408.0,7105167872.0,5651734.5
2024-11-07,0.6100000143051147,0.6269999742507935,0.6069999933242798,0.6269999742507935,12132457472.0,7513361920.0,5651734.5
2024-11-08,0.6420000195503235,0.6480000019073486,0.628000020980835,0.6299999952316284,11200090112.0,7122969088.0,5651734.5
2024-11-11,0.6140000224113464,0.6299999952316284,0.6110000014305115,0.6269999742507935,8785200128.0,5447157760.0,5651734.5
2024-11-12,0.6259999871253967,0.6340000033378601,0.6050000190734863,0.6069999933242798,10015243264.0,6195928064.0,5651734.5
2024-11-13,0.6000000238418579,0.6019999980926514,0.5929999947547913,0.6000000238418579,9017626624.0,5389529088.0,5651734.5
2024-11-14,0.5960000157356262,0.6050000190734863,0.5830000042915344,0.5849999785423279,8013637632.0,4767905280.0,5651734.5
2024-11-15,0.5870000123977661,0.5950000286102295,0.5820000171661377,0.5849999785423279,8031660032.0,4734363648.0,5651734.5
2024-11-18,0.5929999947547913,0.5950000286102295,0.5839999914169312,0.5870000123977661,6116603392.0,3605712896.0,5651734.5
2024-11-19,0.5920000076293945,0.5960000157356262,0.5860000252723694,0.5929999947547913,5915461120.0,3500604416.0,5651734.5
2024-11-20,0.5910000205039978,0.5979999899864197,0.5899999737739563,0.5950000286102295,5076618240.0,3011845120.0,5651734.5
2024-11-21,0.593999981880188,0.5960000157356262,0.5879999995231628,0.5899999737739563,4673081856.0,2767604992.0,5651734.5
2024-11-22,0.5899999737739563,0.593999981880188,0.5720000267028809,0.5730000138282776,6983886336.0,4079373824.0,5651734.5
2024-11-25,0.578000009059906,0.578000009059906,0.5659999847412109,0.5699999928474426,5837582336.0,3335447040.0,5651734.5
2024-11-26,0.5690000057220459,0.574999988079071,0.5680000185966492,0.5699999928474426,4688130560.0,2681700352.0,5651734.5
2024-11-27,0.5699999928474426,0.5849999785423279,0.5659999847412109,0.5839999914169312,6021209600.0,3457588736.0,5651734.5
2024-11-28,0.5879999995231628,0.5889999866485596,0.5789999961853027,0.5799999833106995,5084657664.0,2966403072.0,5651734.5
2024-11-29,0.5820000171661377,0.5960000157356262,0.5799999833106995,0.5839999914169312,7336862720.0,4304539648.0,5651734.5
2024-12-02,0.5860000252723694,0.597000002861023,0.5849999785423279,0.5929999947547913,5647207936.0,3340889600.0,5651734.5
2024-12-03,0.5960000157356262,0.5979999899864197,0.5870000123977661,0.593999981880188,5211674112.0,3092744704.0,5651734.5
2024-12-04,0.5950000286102295,0.5989999771118164,0.5910000205039978,0.5929999947547913,5228572160.0,3110717440.0,5651734.5
2024-12-05,0.5879999995231628,0.5910000205039978,0.5860000252723694,0.5889999866485596,2613854720.0,1538381568.0,5651734.5
2024-12-06,0.5910000205039978,0.6019999980926514,0.5870000123977661,0.6000000238418579,5942413824.0,3538333952.0,5651734.5
2024-12-09,0.597000002861023,0.6050000190734863,0.5950000286102295,0.6000000238418579,4056521728.0,2431803904.0,5651734.5
2024-12-10,0.6439999938011169,0.6480000019073486,0.6179999709129333,0.6200000047683716,12652483584.0,7988171776.0,5651734.5
2024-12-11,0.6209999918937683,0.6240000128746033,0.609000027179718,0.6119999885559082,5393254400.0,3330931968.0,5651734.5
2024-12-12,0.6129999756813049,0.6269999742507935,0.609000027179718,0.625,7380291584.0,4565590016.0,5651734.5
2024-12-13,0.6150000095367432,0.6169999837875366,0.6050000190734863,0.6060000061988831,6423033344.0,3915898880.0,5651734.5
2024-12-16,0.6050000190734863,0.6079999804496765,0.5929999947547913,0.5950000286102295,4870052352.0,2921493504.0,5651734.5
2024-12-17,0.5929999947547913,0.6039999723434448,0.5889999866485596,0.593999981880188,6830407680.0,4065990656.0,5651734.5
2024-12-18,0.6010000109672546,0.6060000061988831,0.5979999899864197,0.6029999852180481,3999433216.0,2405000448.0,5651734.5
2024-12-19,0.5950000286102295,0.6019999980926514,0.5929999947547913,0.6019999980926514,4807738880.0,2868446464.0,5651734.5
2024-12-20,0.5989999771118164,0.6060000061988831,0.5979999899864197,0.6019999980926514,4850739200.0,2918025216.0,5651734.5
2024-12-23,0.6039999723434448,0.6060000061988831,0.5979999899864197,0.6010000109672546,3908279808.0,2350803968.0,5651734.5
2024-12-24,0.6019999980926514,0.6100000143051147,0.6010000109672546,0.609000027179718,3654725376.0,2214764288.0,5651734.5
2024-12-25,0.609000027179718,0.6110000014305115,0.6069999933242798,0.609000027179718,1069711232.0,651551936.0,5651734.5
2024-12-26,0.609000027179718,0.6100000143051147,0.6069999933242798,0.6079999804496765,863815872.0,525191712.0,5651734.5
2024-12-27,0.6100000143051147,0.6169999837875366,0.609000027179718,0.6110000014305115,4026642176.0,2466011904.0,5651734.5
2024-12-30,0.6129999756813049,0.6140000224113464,0.6050000190734863,0.609000027179718,3324171776.0,2024395136.0,5651734.5
2024-12-31,0.6050000190734863,0.6079999804496765,0.5950000286102295,0.5960000157356262,3929358336.0,2369211136.0,5651734.5
2025-01-02,0.597000002861023,0.5989999771118164,0.5849999785423279,0.5879999995231628,4752875008.0,2814295296.0,5651734.5
2025-01-03,0.5899999737739563,0.5989999771118164,0.5849999785423279,0.5889999866485596,5452914688.0,3229770496.0,5651734.5
2025-01-06,0.5950000286102295,0.5989999771118164,0.5899999737739563,0.5910000205039978,3986473728.0,2370796800.0,5651734.5
2025-01-07,0.5879999995231628,0.593999981880188,0.5770000219345093,0.5830000042915344,5546101760.0,3239678976.0,5651734.5
2025-01-08,0.5870000123977661,0.5889999866485596,0.5740000009536743,0.5799999833106995,5003920896.0,2911030528.0,5651734.5
2025-01-09,0.5799999833106995,0.5879999995231628,0.5789999961853027,0.5820000171661377,4713732608.0,2750191104.0,5651734.5
2025-01-10,0.5839999914169312,0.5879999995231628,0.5740000009536743,0.574999988079071,4041775872.0,2349105920.0,5651734.5
2025-01-13,0.5699999928474426,0.5709999799728394,0.5619999766349792,0.5669999718666077,3991376384.0,2263420416.0,5651734.5
2025-01-14,0.5699999928474426,0.5910000205039978,0.5690000057220459,0.5879999995231628,7352055296.0,4270082048.0,5651734.5
2025-01-15,0.5839999914169312,0.5899999737739563,0.5809999704360962,0.5860000252723694,4378161664.0,2559354880.0,5651734.5
2025-01-16,0.5929999947547913,0.6039999723434448,0.5870000123977661,0.593999981880188,6531623424.0,3886678528.0,5651734.5
2025-01-17,0.5929999947547913,0.6019999980926514,0.5899999737739563,0.6010000109672546,4480374784.0,2675737088.0,5651734.5
2025-01-20,0.6100000143051147,0.6230000257492065,0.6100000143051147,0.6159999966621399,5863352832.0,3614114304.0,5651734.5
2025-01-21,0.621999979019165,0.6320000290870667,0.6169999837875366,0.6290000081062317,6247742464.0,3901955072.0,5651734.5
2025-01-22,0.6230000257492065,0.6259999871253967,0.6110000014305115,0.6119999885559082,3894490112.0,2401145600.0,5651734.5
2025-01-23,0.6179999709129333,0.6240000128746033,0.6029999852180481,0.6029999852180481,6307603968.0,3873865216.0,5651734.5
2025-01-24,0.6069999933242798,0.6240000128746033,0.6060000061988831,0.621999979019165,6665420288.0,4114868224.0,5651734.5
2025-01-27,0.6290000081062317,0.6349999904632568,0.6269999742507935,0.6290000081062317,4302020608.0,2713359360.0,5651734.5
2025-02-05,0.6620000004768372,0.6660000085830688,0.6499999761581421,0.6579999923706055,7571889664.0,4979432960.0,5651734.5
2025-02-06,0.6589999794960022,0.675000011920929,0.6570000052452087,0.675000011920929,5625402880.0,3747309056.0,5651734.5
2025-02-07,0.6759999990463257,0.6970000267028809,0.675000011920929,0.6890000104904175,7713580544.0,5299239424.0,5651734.5
2025-02-10,0.6940000057220459,0.7080000042915344,0.6940000057220459,0.7059999704360962,7219615744.0,5065628672.0,5651734.5
2025-02-11,0.7099999785423279,0.7110000252723694,0.6899999976158142,0.6919999718666077,6417840128.0,4479864320.0,5651734.5
2025-02-12,0.6959999799728394,0.7049999833106995,0.6899999976158142,0.7020000219345093,7356452352.0,5142294016.0,5651734.5
2025-02-13,0.7089999914169312,0.7350000143051147,0.7080000042915344,0.7129999995231628,8528002560.0,6137193984.0,5651734.5
2025-02-14,0.7089999914169312,0.7300000190734863,0.7089999914169312,0.7300000190734863,9367267328.0,6737080832.0,5651734.5
2025-02-17,0.746999979019165,0.7570000290870667,0.722000002861023,0.7379999756813049,11265832960.0,8336599040.0,5651734.5
2025-02-18,0.7400000095367432,0.7639999985694885,0.7369999885559082,0.7490000128746033,9818427392.0,7368299520.0,5651734.5
2025-02-19,0.7450000047683716,0.7620000243186951,0.7400000095367432,0.7609999775886536,6661177344.0,5030851584.0,5651734.5
2025-02-20,0.753000020980835,0.7590000033378601,0.734000027179718,0.7409999966621399,7697493504.0,5730716160.0,5651734.5
2025-02-21,0.7570000290870667,0.781000018119812,0.75,0.7799999713897705,10388797440.0,7967162368.0,5651734.5
2025-02-24,0.7799999713897705,0.7929999828338623,0.7699999809265137,0.7829999923706055,9571427328.0,7484632064.0,5651734.5
2025-02-25,0.7519999742507935,0.781000018119812,0.746999979019165,0.7639999985694885,9781779456.0,7505722368.0,5651734.5
2025-02-26,0.7749999761581421,0.8050000071525574,0.7730000019073486,0.8040000200271606,9575999488.0,7582940160.0,5651734.5
2025-02-27,0.8040000200271606,0.8180000185966492,0.7749999761581421,0.796999990940094,14699511808.0,11702059008.0,5651734.5
2025-02-28,0.7919999957084656,0.7919999957084656,0.7440000176429749,0.7440000176429749,12766685184.0,9750803456.0,5651734.5
2025-03-03,0.7549999952316284,0.7649999856948853,0.734000027179718,0.7390000224113464,11485380608.0,8637346816.0,5651734.5
2025-03-04,0.7250000238418579,0.7509999871253967,0.7200000286102295,0.7459999918937683,10894151680.0,8021355008.0,5651734.5
2025-03-05,0.753000020980835,0.7699999809265137,0.7480000257492065,0.7689999938011169,10408741888.0,7896808448.0,5651734.5
2025-03-06,0.7919999957084656,0.8149999976158142,0.7910000085830688,0.8100000023841858,10153252864.0,8165309952.0,5651734.5
2025-03-07,0.8050000071525574,0.8320000171661377,0.7990000247955322,0.8069999814033508,13527459840.0,11021516800.0,5651734.5
2025-03-10,0.8069999814033508,0.8159999847412109,0.7850000262260437,0.7929999828338623,9966845952.0,7959997440.0,5651734.5
2025-03-11,0.7760000228881836,0.8019999861717224,0.7710000276565552,0.7950000166893005,11606317056.0,9165030400.0,5651734.5
2025-03-12,0.8119999766349792,0.8140000104904175,0.7839999794960022,0.7850000262260437,10474003456.0,8378544640.0,5651734.5
2025-03-13,0.7910000085830688,0.7919999957084656,0.7609999775886536,0.7699999809265137,9260591104.0,7172320256.0,5651734.5
2025-03-14,0.7820000052452087,0.7950000166893005,0.7699999809265137,0.7910000085830688,10111748096.0,7934204416.0,5651734.5
2025-03-17,0.7960000038146973,0.796999990940094,0.7820000052452087,0.7910000085830688,6985322496.0,5522036736.0,5651734.5
2025-03-18,0.8080000281333923,0.8159999847412109,0.8040000200271606,0.8159999847412109,7117177856.0,5765842944.0,5651734.5
2025-03-19,0.8130000233650208,0.8190000057220459,0.8029999732971191,0.8119999766349792,6121153536.0,4963316736.0,5651734.5
2025-03-20,0.8069999814033508,0.8069999814033508,0.7850000262260437,0.7860000133514404,7181539840.0,5716458496.0,5651734.5
2025-03-21,0.781000018119812,0.7879999876022339,0.7559999823570251,0.7609999775886536,8572613632.0,6609030656.0,5651734.5
2025-03-24,0.7620000243186951,0.7649999856948853,0.753000020980835,0.7630000114440918,6345866240.0,4816165888.0,5651734.5
2025-03-25,0.7570000290870667,0.7630000114440918,0.7419999837875366,0.7419999837875366,6166843904.0,4627956736.0,5651734.5
2025-03-26,0.746999979019165,0.7559999823570251,0.7450000047683716,0.7490000128746033,6298866176.0,4721110016.0,5651734.5
2025-03-27,0.7519999742507935,0.7670000195503235,0.7409999966621399,0.7549999952316284,8439614976.0,6378834432.0,5651734.5
2025-03-28,0.7580000162124634,0.7599999904632568,0.734000027179718,0.7390000224113464,8388960768.0,6254032896.0,5651734.5
2025-03-31,0.7329999804496765,0.7360000014305115,0.7179999947547913,0.7250000238418579,7221082112.0,5240276992.0,5651734.5
2025-04-01,0.7319999933242798,0.7409999966621399,0.7260000109672546,0.7319999933242798,8717012992.0,6385709056.0,5651734.5
2025-04-02,0.7269999980926514,0.7409999966621399,0.722000002861023,0.7300000190734863,7552533504.0,5525084672.0,5651734.5
2025-04-03,0.7160000205039978,0.7260000109672546,0.7110000252723694,0.7139999866485596,8860610560.0,6363192832.0,5651734.5
2025-04-07,0.6610000133514404,0.6629999876022339,0.6430000066757202,0.6430000066757202,7178203136.0,4671720448.0,5651734.5
2025-04-08,0.640999972820282,0.6520000100135803,0.6050000190734863,0.6209999918937683,15982655488.0,9990195200.0,5651734.5
2025-04-09,0.6010000109672546,0.6449999809265137,0.5920000076293945,0.6359999775886536,24988669952.0,15639485440.0,5651734.5
2025-04-10,0.6679999828338623,0.6880000233650208,0.6579999923706055,0.6610000133514404,20761155584.0,13927621632.0,5651734.5
2025-04-11,0.656000018119812,0.6830000281333923,0.6499999761581421,0.6740000247955322,17437935616.0,11663732736.0,5651734.5
2025-04-14,0.6909999847412109,0.6940000057220459,0.6800000071525574,0.6819999814033508,10486693888.0,7204605952.0,5651734.5
2025-04-15,0.6880000233650208,0.6909999847412109,0.6740000247955322,0.6779999732971191,7699878400.0,5238521856.0,5651734.5
2025-04-16,0.671999990940094,0.6740000247955322,0.6510000228881836,0.6579999923706055,8924268544.0,5894384128.0,5651734.5
2025-04-17,0.656000018119812,0.671999990940094,0.6539999842643738,0.6650000214576721,9152484352.0,6089542656.0,5651734.5
2025-04-18,0.6620000004768372,0.6629999876022339,0.6579999923706055,0.6600000262260437,2099802624.0,1385643776.0,5651734.5
2025-04-21,0.6600000262260437,0.6679999828338623,0.6579999923706055,0.6669999957084656,2997614848.0,1987673344.0,5651734.5
2025-04-22,0.6669999957084656,0.6729999780654907,0.6570000052452087,0.6690000295639038,9104296960.0,6059536896.0,5651734.5
2025-04-23,0.6919999718666077,0.6949999928474426,0.6809999942779541,0.6890000104904175,8698882048.0,5978413056.0,5651734.5
2025-04-24,0.6890000104904175,0.6919999718666077,0.6729999780654907,0.6759999990463257,7058315776.0,4808847360.0,5651734.5
2025-04-25,0.6850000023841858,0.6940000057220459,0.6809999942779541,0.6840000152587891,7727558656.0,5309201408.0,5651734.5
2025-04-28,0.6830000281333923,0.6850000023841858,0.6759999990463257,0.6840000152587891,4508594176.0,3072255232.0,5651734.5
2025-04-29,0.6830000281333923,0.6919999718666077,0.6800000071525574,0.6830000281333923,5076344832.0,3481821952.0,5651734.5
2025-04-30,0.6840000152587891,0.6919999718666077,0.6809999942779541,0.6899999976158142,6216053760.0,4270368768.0,5651734.5
2025-05-06,0.7059999704360962,0.7110000252723694,0.7009999752044678,0.7110000252723694,6294425088.0,4446662144.0,5651734.5
2025-05-07,0.7260000109672546,0.7300000190734863,0.7049999833106995,0.7080000042915344,8400720896.0,6016900608.0,5651734.5
2025-05-08,0.703000009059906,0.7160000205039978,0.7009999752044678,0.7070000171661377,6565784064.0,4656229376.0,5651734.5
2025-05-09,0.7059999704360962,0.7070000171661377,0.6940000057220459,0.6970000267028809,5376799744.0,3762903808.0,5651734.5
2025-05-12,0.7149999737739563,0.7170000076293945,0.7039999961853027,0.7149999737739563,7597396480.0,5406877696.0,5651734.5
2025-05-13,0.7239999771118164,0.7239999771118164,0.7070000171661377,0.7089999914169312,6340323328.0,4530550784.0,5651734.5
2025-05-14,0.7149999737739563,0.7239999771118164,0.7129999995231628,0.7210000157356262,6910499840.0,4964367872.0,5651734.5
2025-05-15,0.7179999947547913,0.7239999771118164,0.7080000042915344,0.7099999785423279,5941662720.0,4251660800.0,5651734.5
2025-05-16,0.7049999833106995,0.7099999785423279,0.703000009059906,0.7070000171661377,4283833600.0,3026344192.0,5651734.5
2025-05-19,0.7020000219345093,0.7080000042915344,0.6919999718666077,0.7039999961853027,5045155840.0,3529463552.0,5651734.5
2025-05-20,0.7059999704360962,0.7149999737739563,0.703000009059906,0.7120000123977661,5333701120.0,3791532544.0,5651734.5
2025-05-21,0.7120000123977661,0.7179999947547913,0.7120000123977661,0.7129999995231628,4196883712.0,3000453120.0,5651734.5
2025-05-22,0.7110000252723694,0.7139999866485596,0.7009999752044678,0.7020000219345093,4063419648.0,2878490368.0,5651734.5
2025-05-23,0.7039999961853027,0.7089999914169312,0.6970000267028809,0.6970000267028809,5156237312.0,3628346368.0,5651734.5
2025-05-26,0.6970000267028809,0.6980000138282776,0.6840000152587891,0.6869999766349792,4390710272.0,3031983104.0,5651734.5
2025-05-27,0.6840000152587891,0.6909999847412109,0.6800000071525574,0.6890000104904175,4931927552.0,3385226496.0,5651734.5
2025-05-28,0.6930000185966492,0.6949999928474426,0.6859999895095825,0.6880000233650208,3479509760.0,2403371264.0,5651734.5
2025-05-29,0.6919999718666077,0.7080000042915344,0.6899999976158142,0.7049999833106995,6997375488.0,4891251712.0,5651734.5
2025-05-30,0.6970000267028809,0.6980000138282776,0.6859999895095825,0.6880000233650208,4744437248.0,3276105984.0,5651734.5
2025-06-03,0.6890000104904175,0.6949999928474426,0.6880000233650208,0.6899999976158142,3892525568.0,2688913152.0,5651734.5
2025-06-04,0.6890000104904175,0.6990000009536743,0.6880000233650208,0.6940000057220459,4768736768.0,3314823168.0,5651734.5
2025-06-05,0.7009999752044678,0.7070000171661377,0.6980000138282776,0.7049999833106995,5151835648.0,3621733632.0,5651734.5
2025-06-06,0.7070000171661377,0.7080000042915344,0.7009999752044678,0.7039999961853027,3157890304.0,2222162432.0,5651734.5
2025-06-09,0.7089999914169312,0.7260000109672546,0.7089999914169312,0.7210000157356262,5952600576.0,4280525312.0,5651734.5
2025-06-10,0.7229999899864197,0.7250000238418579,0.7110000252723694,0.7160000205039978,4874655232.0,3500467200.0,5651734.5
2025-06-11,0.718999981880188,0.7310000061988831,0.718999981880188,0.7279999852180481,4468952064.0,3242530304.0,5651734.5
2025-06-12,0.718999981880188,0.7210000157356262,0.7120000123977661,0.7139999866485596,4894863872.0,3507347456.0,5651734.5
2025-06-13,0.7059999704360962,0.7080000042915344,0.6930000185966492,0.6959999799728394,6259122688.0,4376290816.0,5651734.5
2025-06-16,0.6940000057220459,0.7039999961853027,0.6919999718666077,0.7039999961853027,3802573568.0,2662428160.0,5651734.5
2025-06-17,0.7070000171661377,0.7110000252723694,0.7009999752044678,0.7039999961853027,4118729984.0,2907546624.0,5651734.5
2025-06-18,0.7020000219345093,0.7020000219345093,0.6930000185966492,0.6949999928474426,3414508544.0,2377517056.0,5651734.5
2025-06-19,0.6919999718666077,0.6949999928474426,0.6769999861717224,0.6779999732971191,5016651776.0,3434482688.0,5651734.5
2025-06-20,0.6809999942779541,0.6840000152587891,0.6779999732971191,0.6790000200271606,3361202688.0,2289325056.0,5651734.5
2025-06-23,0.6759999990463257,0.6909999847412109,0.6729999780654907,0.6899999976158142,4850618368.0,3318436096.0,5651734.5
2025-06-24,0.6959999799728394,0.7080000042915344,0.6949999928474426,0.7059999704360962,5608296448.0,3943661056.0,5651734.5
2025-06-25,0.7099999785423279,0.7149999737739563,0.7070000171661377,0.7149999737739563,4699404288.0,3341469440.0,5651734.5
2025-06-26,0.7089999914169312,0.7129999995231628,0.7049999833106995,0.7080000042915344,4750051840.0,3369527808.0,5651734.5
2025-06-27,0.7120000123977661,0.7160000205039978,0.7080000042915344,0.7099999785423279,4498698240.0,3200728832.0,5651734.5
2025-06-30,0.7110000252723694,0.7139999866485596,0.7080000042915344,0.7099999785423279,3422513408.0,2431888896.0,5651734.5
2025-07-01,0.7089999914169312,0.7089999914169312,0.7070000171661377,0.7070000171661377,987782720.0,698950912.0,5651734.5
2025-07-02,0.7120000123977661,0.7129999995231628,0.6990000009536743,0.703000009059906,4226516480.0,2972418304.0,5651734.5
2025-07-03,0.703000009059906,0.703000009059906,0.6899999976158142,0.6959999799728394,4545310720.0,3158408448.0,5651734.5
2025-07-04,0.6919999718666077,0.7009999752044678,0.6840000152587891,0.6919999718666077,7191832576.0,4974204928.0,5651734.5
2025-07-07,0.6890000104904175,0.6970000267028809,0.6859999895095825,0.6930000185966492,4142541824.0,2866990080.0,5651734.5
2025-07-08,0.6970000267028809,0.7070000171661377,0.6959999799728394,0.7039999961853027,5211513344.0,3657011200.0,5651734.5
2025-07-09,0.7039999961853027,0.7049999833106995,0.6949999928474426,0.6970000267028809,4177499904.0,2923928832.0,5651734.5
2025-07-10,0.6940000057220459,0.6980000138282776,0.6909999847412109,0.6949999928474426,4626704384.0,3211128832.0,5651734.5
2025-07-11,0.6940000057220459,0.7080000042915344,0.6930000185966492,0.7020000219345093,7045342720.0,4956920320.0,5651734.5
2025-07-14,0.6980000138282776,0.703000009059906,0.6949999928474426,0.7009999752044678,3697172992.0,2584918528.0,5651734.5
2025-07-15,0.7039999961853027,0.7179999947547913,0.7009999752044678,0.7139999866485596,9399843840.0,6677293568.0,5651734.5
2025-07-16,0.7239999771118164,0.7350000143051147,0.7210000157356262,0.7239999771118164,8391119360.0,6111029760.0,5651734.5
2025-07-17,0.7200000286102295,0.7279999852180481,0.7179999947547913,0.7260000109672546,4861005312.0,3515137792.0,5651734.5
2025-07-18,0.7350000143051147,0.7379999756813049,0.7279999852180481,0.7329999804496765,4968030208.0,3645413376.0,5651734.5
2025-07-21,0.7440000176429749,0.7450000047683716,0.7360000014305115,0.7419999837875366,4482337792.0,3322525184.0,5651734.5
2025-07-22,0.7419999837875366,0.7459999918937683,0.7379999756813049,0.7429999709129333,4058395392.0,3009420544.0,5651734.5
2025-07-23,0.7509999871253967,0.7639999985694885,0.7459999918937683,0.7609999775886536,6385534464.0,4827601408.0,5651734.5
2025-07-24,0.7590000033378601,0.7689999938011169,0.7580000162124634,0.7630000114440918,5400303104.0,4120906752.0,5651734.5
2025-07-25,0.7580000162124634,0.7580000162124634,0.7490000128746033,0.753000020980835,5352631296.0,4029834752.0,5651734.5
2025-07-28,0.7570000290870667,0.7580000162124634,0.75,0.753000020980835,4555057152.0,3434143232.0,5651734.5
2025-07-29,0.7490000128746033,0.7490000128746033,0.7390000224113464,0.746999979019165,5127923200.0,3811313664.0,5651734.5
2025-07-30,0.7390000224113464,0.7450000047683716,0.7289999723434448,0.734000027179718,7706952192.0,5679989248.0,5651734.5
2025-07-31,0.7289999723434448,0.7360000014305115,0.7250000238418579,0.7289999723434448,8237282304.0,6014070784.0,5651734.5
2025-08-01,0.7289999723434448,0.734000027179718,0.7239999771118164,0.7279999852180481,5953379328.0,4341048320.0,5651734.5
2025-08-04,0.7179999947547913,0.7310000061988831,0.7149999737739563,0.7310000061988831,6003006464.0,4340891648.0,5651734.5
2025-08-05,0.7310000061988831,0.7350000143051147,0.7289999723434448,0.734000027179718,4930542080.0,3610195456.0,5651734.5
2025-08-06,0.7329999804496765,0.7379999756813049,0.7300000190734863,0.7360000014305115,4089512192.0,3002084608.0,5651734.5
2025-08-07,0.7379999756813049,0.7400000095367432,0.7300000190734863,0.7379999756813049,5282174976.0,3888089344.0,5651734.5
2025-08-08,0.7329999804496765,0.7329999804496765,0.7250000238418579,0.7260000109672546,4147375872.0,3025920000.0,5651734.5
2025-08-11,0.7289999723434448,0.7289999723434448,0.722000002861023,0.7260000109672546,4453241344.0,3233674496.0,5651734.5
2025-08-12,0.7239999771118164,0.7269999980926514,0.7200000286102295,0.7239999771118164,5138472448.0,3719569408.0,5651734.5
2025-08-13,0.7310000061988831,0.7459999918937683,0.7300000190734863,0.7450000047683716,7290330112.0,5380478464.0,5651734.5
2025-08-14,0.7519999742507935,0.7540000081062317,0.7390000224113464,0.7409999966621399,6979061248.0,5212146176.0,5651734.5
2025-08-15,0.734000027179718,0.7409999966621399,0.7329999804496765,0.7409999966621399,6285962240.0,4633990656.0,5651734.5
2025-08-18,0.7440000176429749,0.7559999823570251,0.7440000176429749,0.7490000128746033,8011091968.0,6008608768.0,5651734.5
2025-08-19,0.7480000257492065,0.7490000128746033,0.7400000095367432,0.7440000176429749,6528031232.0,4860364288.0,5651734.5
2025-08-20,0.7379999756813049,0.7429999709129333,0.7319999933242798,0.7429999709129333,6518605312.0,4803821568.0,5651734.5
2025-08-21,0.7400000095367432,0.7409999966621399,0.7310000061988831,0.7329999804496765,5468047360.0,4027643392.0,5651734.5
2025-08-22,0.7409999966621399,0.7509999871253967,0.7379999756813049,0.7490000128746033,8914887680.0,6644806144.0,5651734.5
2025-08-25,0.765999972820282,0.7799999713897705,0.7649999856948853,0.7789999842643738,11637474304.0,8996980736.0,5651734.5
2025-08-26,0.7710000276565552,0.781000018119812,0.7680000066757202,0.7730000019073486,8123190784.0,6295365632.0,5651734.5
2025-08-27,0.7760000228881836,0.7829999923706055,0.7599999904632568,0.7620000243186951,10531490816.0,8151531520.0,5651734.5
2025-08-28,0.7549999952316284,0.7570000290870667,0.7440000176429749,0.7549999952316284,10986429440.0,8263026176.0,5651734.5
2025-08-29,0.7590000033378601,0.7630000114440918,0.75,0.7599999904632568,8764648448.0,6631023104.0,5651734.5
2025-09-01,0.7720000147819519,0.7749999761581421,0.7649999856948853,0.7699999809265137,8304191488.0,6394548736.0,5651734.5
2025-09-02,0.7710000276565552,0.7720000147819519,0.7580000162124634,0.7630000114440918,7664429056.0,5865083392.0,5651734.5
2025-09-03,0.7680000066757202,0.7699999809265137,0.753000020980835,0.7540000081062317,7703533056.0,5862707712.0,5651734.5
2025-09-04,0.7599999904632568,0.7620000243186951,0.7390000224113464,0.7419999837875366,8239904256.0,6170149376.0,5651734.5
2025-09-05,0.7450000047683716,0.7590000033378601,0.7429999709129333,0.7580000162124634,6883410944.0,5167772672.0,5651734.5
2025-09-08,0.7590000033378601,0.7680000066757202,0.7549999952316284,0.7670000195503235,6143122944.0,4668384768.0,5651734.5
2025-09-09,0.7699999809265137,0.7799999713897705,0.7670000195503235,0.7710000276565552,8190230528.0,6332980224.0,5651734.5
2025-09-10,0.7789999842643738,0.7919999957084656,0.777999997138977,0.7839999794960022,8432498176.0,6630870016.0,5651734.5
2025-09-11,0.7770000100135803,0.7879999876022339,0.7710000276565552,0.7879999876022339,9074680832.0,7076248576.0,5651734.5
2025-09-12,0.7979999780654907,0.8029999732971191,0.7950000166893005,0.7950000166893005,7095878656.0,5669118976.0,5651734.5
2025-09-15,0.7960000038146973,0.8090000152587891,0.7950000166893005,0.8009999990463257,6035267072.0,4849013248.0,5651734.5
2025-09-16,0.8059999942779541,0.8130000233650208,0.7990000247955322,0.8109999895095825,6906369024.0,5570544128.0,5651734.5
2025-09-17,0.8149999976158142,0.843999981880188,0.8140000104904175,0.8429999947547913,10366716928.0,8613697536.0,5651734.5
2025-09-18,0.8429999947547913,0.8579999804496765,0.8190000057220459,0.8289999961853027,16769632256.0,14110879744.0,5651734.5
2025-09-19,0.8349999785423279,0.8460000157356262,0.8270000219345093,0.8320000171661377,9954926592.0,8320475136.0,5651734.5
2025-09-22,0.8309999704360962,0.8360000252723694,0.824999988079071,0.8330000042915344,8771178496.0,7281696256.0,5651734.5
2025-09-23,0.8339999914169312,0.8349999785423279,0.8100000023841858,0.8180000185966492,9529416704.0,7800028672.0,5651734.5
2025-09-24,0.8140000104904175,0.8399999737739563,0.8119999766349792,0.8379999995231628,8689686528.0,7203257856.0,5651734.5
2025-09-25,0.8379999995231628,0.8569999933242798,0.8379999995231628,0.8479999899864197,8755616768.0,7420434944.0,5651734.5
2025-09-26,0.8389999866485596,0.8460000157356262,0.8339999914169312,0.8349999785423279,6318413824.0,5308326400.0,5651734.5
2025-09-29,0.8299999833106995,0.8420000076293945,0.8289999961853027,0.8410000205039978,7123951104.0,5959414272.0,5651734.5
2025-09-30,0.8429999947547913,0.8579999804496765,0.8420000076293945,0.8579999804496765,7603068928.0,6453599744.0,5651734.5
2025-10-09,0.8669999837875366,0.878000020980835,0.8529999852180481,0.8600000143051147,10857766912.0,9404959744.0,5651734.5
2025-10-10,0.8500000238418579,0.8500000238418579,0.8299999833106995,0.8330000042915344,7824284160.0,6576844288.0,5651734.5
2025-10-13,0.8090000152587891,0.8240000009536743,0.796999990940094,0.8119999766349792,12672126976.0,10267433984.0,5651734.5
2025-10-14,0.8209999799728394,0.824999988079071,0.7860000133514404,0.7900000214576721,12528913408.0,10087840768.0,5651734.5
2025-10-15,0.7990000247955322,0.8080000281333923,0.7910000085830688,0.8069999814033508,9218247680.0,7378842624.0,5651734.5
2025-10-16,0.8040000200271606,0.8090000152587891,0.7910000085830688,0.7960000038146973,7964697088.0,6369782272.0,5651734.5
2025-10-17,0.796999990940094,0.7979999780654907,0.7689999938011169,0.7699999809265137,9359224832.0,7305143296.0,5651734.5
2025-10-20,0.7919999957084656,0.7960000038146973,0.7829999923706055,0.7879999876022339,8230963200.0,6495179776.0,5651734.5
2025-10-21,0.800000011920929,0.8119999766349792,0.796999990940094,0.8050000071525574,6590814720.0,5310132736.0,5651734.5
2025-10-22,0.7940000295639038,0.7950000166893005,0.7820000052452087,0.7889999747276306,6626326528.0,5230467072.0,5651734.5
2025-10-23,0.7829999923706055,0.796999990940094,0.7749999761581421,0.7950000166893005,9302884352.0,7293620736.0,5651734.5
2025-10-24,0.8029999732971191,0.8059999942779541,0.7979999780654907,0.8029999732971191,6792970752.0,5446770688.0,5651734.5
2025-10-27,0.8180000185966492,0.8199999928474426,0.8109999895095825,0.8190000057220459,7115058176.0,5808321536.0,5651734.5
2025-10-28,0.8220000267028809,0.8220000267028809,0.8080000281333923,0.8090000152587891,6754918400.0,5507847168.0,5651734.5
2025-10-29,0.8130000233650208,0.8180000185966492,0.8109999895095825,0.8169999718666077,2652168192.0,2157955840.0,5651734.5
2025-10-30,0.8149999976158142,0.8159999847412109,0.7960000038146973,0.796999990940094,10621229056.0,8559157760.0,5651734.5
2025-10-31,0.796999990940094,0.7990000247955322,0.7870000004768372,0.7870000004768372,6528132608.0,5172622336.0,5651734.5
2025-11-03,0.7889999747276306,0.7910000085830688,0.777999997138977,0.7889999747276306,6900146688.0,5419065856.0,5651734.5
2025-11-04,0.7860000133514404,0.7929999828338623,0.7720000147819519,0.7770000100135803,6912225792.0,5409723392.0,5651734.5
2025-11-05,0.7630000114440918,0.7730000019073486,0.7549999952316284,0.7689999938011169,8922216448.0,6809306112.0,5651734.5
2025-11-06,0.7730000019073486,0.7860000133514404,0.7689999938011169,0.7850000262260437,5933600256.0,4620370432.0,5651734.5
2025-11-07,0.7799999713897705,0.7829999923706055,0.7730000019073486,0.7749999761581421,5081236480.0,3948776960.0,5651734.5
2025-11-10,0.7789999842643738,0.7850000262260437,0.7710000276565552,0.7839999794960022,5624876032.0,4376515072.0,5651734.5
2025-11-11,0.7900000214576721,0.7919999957084656,0.777999997138977,0.7829999923706055,4915461632.0,3856561152.0,5651734.5
2025-11-12,0.7860000133514404,0.7929999828338623,0.7799999713897705,0.7879999876022339,5668924416.0,4454588928.0,5651734.5
2025-11-13,0.781000018119812,0.7979999780654907,0.7789999842643738,0.7950000166893005,7123627520.0,5589192192.0,5651734.5
2025-11-14,0.777999997138977,0.7820000052452087,0.7710000276565552,0.7720000147819519,6671683072.0,5180596224.0,5651734.5
2025-11-17,0.765999972820282,0.7739999890327454,0.7590000033378601,0.7609999775886536,6179032576.0,4728578048.0,5651734.5
2025-11-18,0.7549999952316284,0.7609999775886536,0.7450000047683716,0.7459999918937683,7501039104.0,5643824640.0,5651734.5
2025-11-19,0.7509999871253967,0.753000020980835,0.7390000224113464,0.7419999837875366,6423960576.0,4786097664.0,5651734.5
2025-11-20,0.7480000257492065,0.75,0.7310000061988831,0.7329999804496765,9198234624.0,6788673536.0,5651734.5
2025-11-21,0.722000002861023,0.7260000109672546,0.7110000252723694,0.718999981880188,13618931712.0,9796120576.0,5651734.5
2025-11-24,0.7239999771118164,0.7369999885559082,0.7170000076293945,0.7319999933242798,9698709504.0,7060004864.0,5651734.5
2025-11-25,0.7440000176429749,0.75,0.7360000014305115,0.7369999885559082,7886211584.0,5865884672.0,5651734.5
2025-11-26,0.7440000176429749,0.7480000257492065,0.7400000095367432,0.7429999709129333,5528748032.0,4112065792.0,5651734.5
2025-11-27,0.7409999966621399,0.7490000128746033,0.7360000014305115,0.7369999885559082,6022118912.0,4469573632.0,5651734.5
2025-11-28,0.7400000095367432,0.7409999966621399,0.734000027179718,0.7390000224113464,4316361216.0,3186518016.0,5651734.5
2025-12-01,0.7390000224113464,0.7459999918937683,0.7350000143051147,0.7429999709129333,6069037568.0,4498076160.0,5651734.5
2025-12-02,0.7459999918937683,0.7490000128746033,0.7369999885559082,0.7390000224113464,4500673024.0,3343027712.0,5651734.5
2025-12-03,0.7369999885559082,0.7369999885559082,0.7260000109672546,0.7279999852180481,5313346048.0,3882837248.0,5651734.5
2025-12-04,0.7289999723434448,0.7369999885559082,0.7239999771118164,0.7369999885559082,6138136064.0,4487376384.0,5651734.5
2025-12-05,0.7329999804496765,0.746999979019165,0.7300000190734863,0.7459999918937683,5853627904.0,4323354624.0,5651734.5
2025-12-08,0.746999979019165,0.7509999871253967,0.7440000176429749,0.746999979019165,4977817088.0,3719444224.0,5651734.5
2025-12-09,0.7450000047683716,0.746999979019165,0.7300000190734863,0.7329999804496765,4564176896.0,3363581952.0,5651734.5
2025-12-10,0.7300000190734863,0.7350000143051147,0.7229999899864197,0.7329999804496765,5580357632.0,4065955840.0,5651734.5
2025-12-11,0.7369999885559082,0.7390000224113464,0.7260000109672546,0.7269999980926514,4191709696.0,3066302208.0,5651734.5
2025-12-12,0.7329999804496765,0.7409999966621399,0.7289999723434448,0.7400000095367432,5406828544.0,3976320768.0,5651734.5
2025-12-15,0.7319999933242798,0.7329999804496765,0.7229999899864197,0.7239999771118164,5450848256.0,3968475904.0,5651734.5
2025-12-16,0.718999981880188,0.7200000286102295,0.7020000219345093,0.7080000042915344,6771023360.0,4796913664.0,5651734.5
2025-12-17,0.7080000042915344,0.7179999947547913,0.7059999704360962,0.7149999737739563,5662345216.0,4026988544.0,5651734.5
2025-12-18,0.7080000042915344,0.7120000123977661,0.7039999961853027,0.7059999704360962,5017010688.0,3548408064.0,5651734.5
2025-12-19,0.7129999995231628,0.7210000157356262,0.7110000252723694,0.718999981880188,6555947008.0,4699046400.0,5651734.5
2025-12-22,0.722000002861023,0.7269999980926514,0.7200000286102295,0.722000002861023,3580106240.0,2590001152.0,5651734.5
2025-12-23,0.7239999771118164,0.7239999771118164,0.7149999737739563,0.7179999947547913,3407908608.0,2453763840.0,5651734.5
2025-12-24,0.718999981880188,0.7229999899864197,0.7170000076293945,0.7179999947547913,2810594304.0,2023143296.0,5651734.5
2025-12-25,0.7179999947547913,0.7200000286102295,0.7179999947547913,0.718999981880188,1019485568.0,732695360.0,5651734.5
2025-12-26,0.718999981880188,0.7239999771118164,0.718999981880188,0.7239999771118164,2096446720.0,1513541888.0,5651734.5
2025-12-29,0.7239999771118164,0.7329999804496765,0.7179999947547913,0.718999981880188,5810048512.0,4223953664.0,5651734.5
2025-12-30,0.7170000076293945,0.7279999852180481,0.7170000076293945,0.7269999980926514,4476172288.0,3237533440.0,5651734.5
2025-12-31,0.7239999771118164,0.7260000109672546,0.7170000076293945,0.7179999947547913,3762960128.0,2708213504.0,5651734.5
2026-01-05,0.7419999837875366,0.7480000257492065,0.7369999885559082,0.7450000047683716,7570714624.0,5631179776.0,5651734.5
2026-01-06,0.75,0.7609999775886536,0.75,0.7590000033378601,8449850880.0,6398431744.0,5651734.5
2026-01-07,0.7549999952316284,0.7549999952316284,0.7409999966621399,0.7450000047683716,7205924864.0,5377250816.0,5651734.5
2026-01-08,0.7429999709129333,0.7440000176429749,0.734000027179718,0.7379999756813049,5513081344.0,4072798976.0,5651734.5
2026-01-09,0.7419999837875366,0.7450000047683716,0.7360000014305115,0.7400000095367432,5765146112.0,4266593792.0,5651734.5
2026-01-12,0.7419999837875366,0.7580000162124634,0.7390000224113464,0.7559999823570251,8191746048.0,6131429376.0,5651734.5
2026-01-13,0.7720000147819519,0.7760000228881836,0.7549999952316284,0.7570000290870667,8621710336.0,6601423360.0,5651734.5
2026-01-14,0.7609999775886536,0.7710000276565552,0.7549999952316284,0.7639999985694885,12437348352.0,9492377600.0,5651734.5
2026-01-15,0.7580000162124634,0.7649999856948853,0.75,0.7540000081062317,7991277056.0,6034206720.0,5651734.5
2026-01-16,0.7599999904632568,0.7630000114440918,0.75,0.7509999871253967,5776268800.0,4358742528.0,5651734.5
2026-01-19,0.7459999918937683,0.7509999871253967,0.7429999709129333,0.7440000176429749,4409828864.0,3288849408.0,5651734.5
2026-01-20,0.7429999709129333,0.7450000047683716,0.7319999933242798,0.7350000143051147,7395637248.0,5454793216.0,5651734.5
2026-01-21,0.7289999723434448,0.7400000095367432,0.7289999723434448,0.7400000095367432,5783570432.0,4257626368.0,5651734.5
2026-01-22,0.746999979019165,0.75,0.7390000224113464,0.7419999837875366,4792563200.0,3555849472.0,5651734.5
2026-01-23,0.7490000128746033,0.7509999871253967,0.7429999709129333,0.746999979019165,5246847488.0,3918561792.0,5651734.5
2026-01-26,0.746999979019165,0.746999979019165,0.734000027179718,0.7379999756813049,5412237312.0,3991291904.0,5651734.5
2026-01-27,0.7390000224113464,0.7429999709129333,0.7329999804496765,0.7429999709129333,5432052736.0,4015029760.0,5651734.5
2026-01-28,0.7450000047683716,0.7580000162124634,0.7429999709129333,0.7570000290870667,8140241408.0,6113668608.0,5651734.5
2026-01-29,0.7519999742507935,0.7590000033378601,0.7450000047683716,0.7490000128746033,9480687616.0,7129508352.0,5651734.5
2026-01-30,0.7450000047683716,0.746999979019165,0.7350000143051147,0.7369999885559082,5529117184.0,4087936768.0,5651734.5
2026-02-02,0.7269999980926514,0.7269999980926514,0.7049999833106995,0.7070000171661377,10067690496.0,7197483520.0,5651734.5
2026-02-03,0.7160000205039978,0.7179999947547913,0.6880000233650208,0.7059999704360962,11947687936.0,8382504448.0,5651734.5
2026-02-04,0.6970000267028809,0.6990000009536743,0.6880000233650208,0.6959999799728394,8496686592.0,5884646400.0,5651734.5
2026-02-05,0.6840000152587891,0.6930000185966492,0.6809999942779541,0.6919999718666077,9001975808.0,6170366464.0,5651734.5
2026-02-06,0.6809999942779541,0.6930000185966492,0.6790000200271606,0.6859999895095825,9450245120.0,6491411968.0,5651734.5
2026-02-09,0.6990000009536743,0.699999988079071,0.6919999718666077,0.6980000138282776,7179977728.0,4994364928.0,5651734.5
2026-02-10,0.6990000009536743,0.7049999833106995,0.6959999799728394,0.6980000138282776,6393281024.0,4476677632.0,5651734.5
2026-02-11,0.6990000009536743,0.7049999833106995,0.6970000267028809,0.703000009059906,5820398080.0,4086746624.0,5651734.5
2026-02-12,0.6990000009536743,0.699999988079071,0.6890000104904175,0.6919999718666077,7513071104.0,5203060736.0,5651734.5
2026-02-13,0.6809999942779541,0.6890000104904175,0.6800000071525574,0.6880000233650208,8402551808.0,5743346176.0,5651734.5
2026-02-24,0.6819999814033508,0.6830000281333923,0.6710000038146973,0.671999990940094,7164426240.0,4825719808.0,5651734.5
2026-02-25,0.6759999990463257,0.6769999861717224,0.6679999828338623,0.6700000166893005,6173768192.0,4148463872.0,5651734.5
2026-02-26,0.6710000038146973,0.671999990940094,0.6499999761581421,0.6520000100135803,9231886336.0,6070757376.0,5651734.5
2026-02-27,0.6489999890327454,0.656000018119812,0.6460000276565552,0.6539999842643738,7816737280.0,5093031424.0,5651734.5
2026-03-02,0.6420000195503235,0.6449999809265137,0.6309999823570251,0.6349999904632568,11511413760.0,7335136768.0,5651734.5
2026-03-03,0.6380000114440918,0.6389999985694885,0.6190000176429749,0.621999979019165,13499844608.0,8487475200.0,5651734.5
2026-03-04,0.6150000095367432,0.625,0.6079999804496765,0.6119999885559082,14153790464.0,8704015360.0,5651734.5
2026-03-05,0.6230000257492065,0.6240000128746033,0.6079999804496765,0.6119999885559082,12603843584.0,7779804672.0,5651734.5
2026-03-06,0.6119999885559082,0.6330000162124634,0.6119999885559082,0.6299999952316284,12046356480.0,7528238080.0,5651734.5
2026-03-09,0.6100000143051147,0.6299999952316284,0.6079999804496765,0.6259999871253967,13867856896.0,8589039616.0,5651734.5
2026-03-10,0.6370000243186951,0.640999972820282,0.6299999952316284,0.6389999985694885,10357302272.0,6597607424.0,5651734.5
2026-03-11,0.6439999938011169,0.6480000019073486,0.6370000243186951,0.6399999856948853,8806179840.0,5658813440.0,5651734.5
2026-03-12,0.6370000243186951,0.6449999809265137,0.6309999823570251,0.6370000243186951,7345490432.0,4679575552.0,5651734.5
2026-03-13,0.6340000033378601,0.6399999856948853,0.6309999823570251,0.6330000162124634,6917999616.0,4398651392.0,5651734.5
2026-03-16,0.6349999904632568,0.652999997138977,0.628000020980835,0.6520000100135803,10852073472.0,6969856512.0,5651734.5
2026-03-17,0.6539999842643738,0.6639999747276306,0.6460000276565552,0.6480000019073486,11082535936.0,7268078080.0,5651734.5
2026-03-18,0.6510000228881836,0.6510000228881836,0.640999972820282,0.6489999890327454,9363720192.0,6050893312.0,5651734.5
2026-03-19,0.6359999775886536,0.6439999938011169,0.6340000033378601,0.6359999775886536,7833587200.0,4997851648.0,5651734.5
2026-03-20,0.6299999952316284,0.6349999904632568,0.6169999837875366,0.6179999709129333,9874715648.0,6180298240.0,5651734.5
2026-03-23,0.6079999804496765,0.6119999885559082,0.5929999947547913,0.5960000157356262,12941655040.0,7806494720.0,5651734.5
2026-03-24,0.6050000190734863,0.6110000014305115,0.5960000157356262,0.609000027179718,10884682752.0,6560837632.0,5651734.5
2026-03-25,0.6179999709129333,0.628000020980835,0.6110000014305115,0.6200000047683716,13136450560.0,8141476864.0,5651734.5
2026-03-26,0.6200000047683716,0.6240000128746033,0.6060000061988831,0.6079999804496765,7379478016.0,4523838976.0,5651734.5
2026-03-27,0.6039999723434448,0.6150000095367432,0.6010000109672546,0.6100000143051147,9104166912.0,5539911680.0,5651734.5
2026-03-30,0.5929999947547913,0.6019999980926514,0.5899999737739563,0.5979999899864197,10788367360.0,6426134016.0,5651734.5
2026-03-31,0.5989999771118164,0.6029999852180481,0.5889999866485596,0.5910000205039978,9727340544.0,5793409536.0,5651734.5
2026-04-01,0.6029999852180481,0.6060000061988831,0.597000002861023,0.6050000190734863,9806280704.0,5898894848.0,5651734.5
2026-04-02,0.5989999771118164,0.6000000238418579,0.5879999995231628,0.5899999737739563,8177908736.0,4846189568.0,5651734.5
2026-04-03,0.593999981880188,0.5950000286102295,0.5879999995231628,0.5879999995231628,2387058688.0,1410801280.0,5651734.5
2026-04-07,0.5889999866485596,0.593999981880188,0.5889999866485596,0.5910000205039978,1757005952.0,1039171712.0,5651734.5
2026-04-08,0.6079999804496765,0.6200000047683716,0.6060000061988831,0.6200000047683716,12334258176.0,7561967104.0,5651734.5
2026-04-09,0.6140000224113464,0.6159999966621399,0.609000027179718,0.6100000143051147,6362755072.0,3892342528.0,5651734.5
2026-04-10,0.6119999885559082,0.6209999918937683,0.6110000014305115,0.6119999885559082,8265627648.0,5089239040.0,5651734.5
2026-04-13,0.6069999933242798,0.6110000014305115,0.6039999723434448,0.6069999933242798,5602226176.0,3404281856.0,5651734.5
2026-04-14,0.6150000095367432,0.6159999966621399,0.6050000190734863,0.6100000143051147,6692315136.0,4086204672.0,5651734.5
2026-04-15,0.6209999918937683,0.625,0.6159999966621399,0.6179999709129333,7116835840.0,4415924224.0,5651734.5
2026-04-16,0.625,0.6389999985694885,0.6240000128746033,0.6380000114440918,8220346368.0,5196797440.0,5651734.5
2026-04-17,0.6349999904632568,0.6370000243186951,0.6290000081062317,0.6320000290870667,4422212096.0,2796441856.0,5651734.5
2026-04-20,0.6349999904632568,0.640999972820282,0.6320000290870667,0.6380000114440918,6137264640.0,3907991552.0,5651734.5
2026-04-21,0.6380000114440918,0.6389999985694885,0.6299999952316284,0.6340000033378601,4241756672.0,2688968448.0,5651734.5
2026-04-22,0.6299999952316284,0.6299999952316284,0.621999979019165,0.625,5282573312.0,3299056896.0,5651734.5
2026-04-23,0.625,0.625,0.6110000014305115,0.6140000224113464,6596352000.0,4058173184.0,5651734.5
2026-04-24,0.609000027179718,0.6190000176429749,0.6029999852180481,0.6169999837875366,7528129024.0,4599455744.0,5651734.5
2026-04-27,0.6190000176429749,0.6259999871253967,0.6159999966621399,0.6209999918937683,5186534912.0,3223959040.0,5651734.5
2026-04-28,0.6179999709129333,0.6209999918937683,0.6069999933242798,0.6100000143051147,5159846912.0,3167797760.0,5651734.5
2026-04-29,0.6159999966621399,0.6190000176429749,0.6119999885559082,0.6159999966621399,5726537728.0,3527820288.0,5651734.5
2026-04-30,0.6129999756813049,0.6169999837875366,0.6079999804496765,0.6150000095367432,5769604608.0,3536786944.0,5651734.5
2026-05-06,0.6230000257492065,0.6309999823570251,0.6179999709129333,0.6240000128746033,8051528192.0,5038196736.0,5651734.5
2026-05-07,0.6370000243186951,0.6430000066757202,0.6349999904632568,0.6420000195503235,7866942464.0,5028388864.0,5651734.5
2026-05-08,0.6370000243186951,0.6420000195503235,0.6330000162124634,0.6420000195503235,6329122304.0,4022831872.0,5651734.5
2026-05-11,0.6380000114440918,0.640999972820282,0.6330000162124634,0.640999972820282,5850455040.0,3726932992.0,5651734.5
2026-05-12,0.6420000195503235,0.6439999938011169,0.6330000162124634,0.6349999904632568,5914982400.0,3779555328.0,5651734.5
2026-05-13,0.6320000290870667,0.640999972820282,0.628000020980835,0.6359999775886536,6089233408.0,3863387648.0,5651734.5
2026-05-14,0.656000018119812,0.656000018119812,0.6349999904632568,0.6370000243186951,9852432384.0,6335277056.0,5651734.5
2026-05-15,0.6330000162124634,0.6340000033378601,0.6159999966621399,0.6190000176429749,9399000064.0,5862269440.0,5651734.5
2026-05-18,0.6140000224113464,0.6150000095367432,0.6039999723434448,0.6079999804496765,8435966464.0,5140165632.0,5651734.5
2026-05-19,0.6050000190734863,0.6119999885559082,0.6029999852180481,0.6100000143051147,7711463424.0,4680183296.0,5651734.5
2026-05-20,0.6069999933242798,0.6119999885559082,0.6039999723434448,0.6110000014305115,5293093376.0,3220523264.0,5651734.5
2026-05-21,0.6159999966621399,0.6179999709129333,0.597000002861023,0.5979999899864197,7457352704.0,4539764736.0,5651734.5
2026-05-22,0.6039999723434448,0.6100000143051147,0.6000000238418579,0.6079999804496765,6656955904.0,4031735296.0,5651734.5
2026-05-25,0.6050000190734863,0.6069999933242798,0.6029999852180481,0.6060000061988831,2285693440.0,1381972480.0,5651734.5
2026-05-26,0.6140000224113464,0.6209999918937683,0.6069999933242798,0.6200000047683716,10032391168.0,6181111808.0,5651734.5
2026-05-27,0.6209999918937683,0.6240000128746033,0.6079999804496765,0.6100000143051147,6343268864.0,3907530240.0,5651734.5
2026-05-28,0.6100000143051147,0.6119999885559082,0.6000000238418579,0.6079999804496765,6455357952.0,3915588096.0,5651734.5
2026-05-29,0.6129999756813049,0.6179999709129333,0.6050000190734863,0.6110000014305115,8876829696.0,5424816128.0,5651734.5
2026-06-01,0.609000027179718,0.621999979019165,0.609000027179718,0.6179999709129333,7297395712.0,4500697088.0,5651734.5
2026-06-02,0.6190000176429749,0.6420000195503235,0.6190000176429749,0.6399999856948853,10441122816.0,6613404160.0,5651734.5
2026-06-03,0.6389999985694885,0.6389999985694885,0.6259999871253967,0.6290000081062317,6115743744.0,3859339520.0,5651734.5
2026-06-04,0.6209999918937683,0.6240000128746033,0.6169999837875366,0.6190000176429749,5266911232.0,3266391808.0,5651734.5
2026-06-05,0.6169999837875366,0.6179999709129333,0.6060000061988831,0.6100000143051147,6254036992.0,3831826688.0,5651734.5
2026-06-08,0.5960000157356262,0.6010000109672546,0.5889999866485596,0.5920000076293945,6955604992.0,4131939072.0,5651734.5
2026-06-09,0.5929999947547913,0.6019999980926514,0.5910000205039978,0.5989999771118164,6716167680.0,4007707392.0,5651734.5
2026-06-10,0.5920000076293945,0.5950000286102295,0.5830000042915344,0.5899999737739563,7872975360.0,4631810048.0,5651734.5
2026-06-11,0.5889999866485596,0.5920000076293945,0.5740000009536743,0.5799999833106995,7198431744.0,4179226112.0,5651734.5
2026-06-12,0.5870000123977661,0.5920000076293945,0.5839999914169312,0.5860000252723694,5275491328.0,3104787456.0,5651734.5
2026-06-15,0.593999981880188,0.5960000157356262,0.5899999737739563,0.5920000076293945,4114031104.0,2440136448.0,5651734.5
2026-06-16,0.5929999947547913,0.593999981880188,0.5799999833106995,0.5809999704360962,4182139392.0,2444135424.0,5651734.5
2026-06-17,0.5789999961853027,0.5830000042915344,0.5759999752044678,0.5809999704360962,3807642880.0,2209011200.0,5651734.5
2026-06-18,0.5770000219345093,0.5789999961853027,0.5699999928474426,0.5720000267028809,4971783168.0,2855328768.0,5651734.5
2026-06-22,0.5730000138282776,0.5740000009536743,0.5640000104904175,0.5720000267028809,6512368128.0,3696316928.0,5651734.5
2026-06-23,0.5690000057220459,0.5699999928474426,0.5479999780654907,0.550000011920929,7059761152.0,3942819840.0,5651734.5
2026-06-24,0.5529999732971191,0.5690000057220459,0.5519999861717224,0.5609999895095825,7429036032.0,4148380416.0,5651734.5
2026-06-25,0.5609999895095825,0.5609999895095825,0.5460000038146973,0.550000011920929,5392922112.0,2977431296.0,5651734.5
2026-06-26,0.5460000038146973,0.5460000038146973,0.5299999713897705,0.5339999794960022,6458391552.0,3456275200.0,5651734.5
2026-06-29,0.5400000214576721,0.5529999732971191,0.5400000214576721,0.5519999861717224,7122647552.0,3905304064.0,5651734.5
2026-06-30,0.5519999861717224,0.5619999766349792,0.5490000247955322,0.5580000281333923,5849652736.0,3252975872.0,5651734.5
2026-07-01,0.5609999895095825,0.5609999895095825,0.5559999942779541,0.5580000281333923,1738291584.0,971243520.0,5651734.5
2026-07-02,0.5640000104904175,0.5730000138282776,0.5559999942779541,0.5569999814033508,6236140544.0,3520146944.0,5651734.5
2026-07-03,0.5590000152587891,0.5690000057220459,0.5590000152587891,0.5630000233650208,5568067072.0,3145699328.0,5651734.5
2026-07-06,0.5630000233650208,0.5709999799728394,0.5559999942779541,0.5659999847412109,5877171712.0,3321075712.0,5651734.5
2026-07-07,0.5630000233650208,0.5809999704360962,0.5619999766349792,0.5649999976158142,5667514368.0,3237914368.0,5651734.5
2026-07-08,0.5649999976158142,0.597000002861023,0.5649999976158142,0.5910000205039978,9714051072.0,5679461376.0,5651734.5
2026-07-09,0.5920000076293945,0.6050000190734863,0.5849999785423279,0.5920000076293945,7970008064.0,4738820608.0,5651734.5
2026-07-10,0.597000002861023,0.6069999933242798,0.5910000205039978,0.597000002861023,6295682048.0,3775896832.0,5651734.5
2026-07-13,0.5889999866485596,0.6000000238418579,0.5809999704360962,0.5839999914169312,8543618560.0,5045280768.0,5651734.5
2026-07-14,0.5809999704360962,0.5889999866485596,0.5720000267028809,0.5870000123977661,7565693440.0,4394885120.0,5651734.5
2026-07-15,0.5889999866485596,0.597000002861023,0.5820000171661377,0.593999981880188,6564850176.0,3876229120.0,5651734.5
2026-07-16,0.5929999947547913,0.6119999885559082,0.5929999947547913,0.6039999723434448,6956777472.0,4214944768.0,5651734.5
2026-07-17,0.6019999980926514,0.6060000061988831,0.5720000267028809,0.5770000219345093,8013768704.0,4685355520.0,5651734.5
2026-07-20,0.5889999866485596,0.5979999899864197,0.5860000252723694,0.5929999947547913,7772617728.0,4607428608.0,5651734.5
2026-07-21,0.593999981880188,0.6029999852180481,0.5899999737739563,0.6010000109672546,6578762752.0,3925667584.0,5651734.5
2026-07-22,0.5950000286102295,0.5950000286102295,0.5799999833106995,0.5830000042915344,6157587456.0,3613805056.0,5651734.5
2026-07-23,0.5830000042915344,0.5889999866485596,0.5759999752044678,0.5849999785423279,4490713088.0,2624713216.0,5651734.5
2026-07-24,0.5759999752044678,0.5809999704360962,0.5740000009536743,0.574999988079071,4138476288.0,2388281856.0,5651734.5
2026-07-27,0.578000009059906,0.5879999995231628,0.5759999752044678,0.5870000123977661,4539325440.0,2649306368.0,5651734.5
2026-07-28,0.5879999995231628,0.597000002861023,0.5830000042915344,0.5870000123977661,5294274560.0,3123502336.0,5651734.5
2026-07-29,0.5960000157356262,0.6079999804496765,0.5950000286102295,0.6050000190734863,6862945280.0,4136784384.0,5651734.5
2026-07-30,0.6069999933242798,0.6119999885559082,0.593999981880188,0.5979999899864197,6107100160.0,3662367488.0,5651734.5
2026-07-31,0.6010000109672546,0.6050000190734863,0.5950000286102295,0.6000000238418579,6180373504.0,3706880768.0,5651734.5
2026-08-03,0.6039999723434448,0.6100000143051147,0.6019999980926514,0.6060000061988831,5698399744.0,3450664192.0,5651734.5
2026-08-04,0.6069999933242798,0.6129999756813049,0.6019999980926514,0.6069999933242798,4507916800.0,2729600256.0,5651734.5
2026-08-05,0.609000027179718,0.6159999966621399,0.6069999933242798,0.6150000095367432,5600317952.0,3432929792.0,5651734.5
2026-08-06,0.6079999804496765,0.6100000143051147,0.5989999771118164,0.6010000109672546,4396995072.0,2654593024.0,5651734.5
2026-08-07,0.6010000109672546,0.6039999723434448,0.5950000286102295,0.6039999723434448,2987666944.0,1793216896.0,5651734.5
2026-08-10,0.6079999804496765,0.6110000014305115,0.6039999723434448,0.6069999933242798,4473975296.0,2716670720.0,5651734.5
2026-08-11,0.6100000143051147,0.6129999756813049,0.6000000238418579,0.6019999980926514,3553011456.0,2159450880.0,5651734.5
2026-08-12,0.5960000157356262,0.597000002861023,0.5929999947547913,0.593999981880188,2656924416.0,1579682176.0,5651734.5
2026-08-13,0.5920000076293945,0.6019999980926514,0.5920000076293945,0.597000002861023,2891842304.0,1727178112.0,5651734.5
2026-08-14,0.5929999947547913,0.593999981880188,0.5849999785423279,0.5870000123977661,3529045504.0,2078150784.0,5651734.5
2026-08-17,0.5910000205039978,0.5989999771118164,0.5910000205039978,0.597000002861023,3182051328.0,1894455168.0,5651734.5
2026-08-18,0.5929999947547913,0.597000002861023,0.5830000042915344,0.5910000205039978,4191374336.0,2467138304.0,5651734.5
2026-08-19,0.5830000042915344,0.5849999785423279,0.5789999961853027,0.5820000171661377,3626298368.0,2110625536.0,5651734.5
2026-08-20,0.5910000205039978,0.5920000076293945,0.5849999785423279,0.5870000123977661,3096468736.0,1821364480.0,5651734.5
2026-08-21,0.5839999914169312,0.5910000205039978,0.5820000171661377,0.5899999737739563,3233352704.0,1896899200.0,5651734.5
2026-08-24,0.5830000042915344,0.5839999914169312,0.5690000057220459,0.5720000267028809,4233136384.0,2427883520.0,5651734.5
2026-08-25,0.5720000267028809,0.5720000267028809,0.5649999976158142,0.5709999799728394,2846687232.0,1618860416.0,5651734.5
2026-08-26,0.5720000267028809,0.5789999961853027,0.5720000267028809,0.5770000219345093,2361378048.0,1362217472.0,5651734.5
