datetime,open,high,low,close,vol,amount,float_shares
2019-10-16,0.3330000042915344,0.33399999141693115,0.3269999921321869,0.3269999921321869,364078496.0,360346880.0,1728320.5
2019-10-17,0.328000009059906,0.32899999618530273,0.32600000500679016,0.32600000500679016,256344192.0,251630240.0,1728320.5
2019-10-18,0.32600000500679016,0.3310000002384186,0.3230000138282776,0.3240000009536743,376101984.0,368709568.0,1728320.5
2019-10-21,0.3240000009536743,0.3240000009536743,0.3160000145435333,0.32100000977516174,198159904.0,189673776.0,1728320.5
2019-10-22,0.32199999690055847,0.32600000500679016,0.32100000977516174,0.32600000500679016,178744992.0,173795616.0,1728320.5
2019-10-23,0.32600000500679016,0.3269999921321869,0.3230000138282776,0.3240000009536743,140079200.0,136705936.0,1728320.5
2019-10-24,0.3240000009536743,0.3240000009536743,0.3190000057220459,0.32199999690055847,152603296.0,147201232.0,1728320.5
2019-10-25,0.32100000977516174,0.3269999921321869,0.3179999887943268,0.32600000500679016,232115056.0,224633792.0,1728320.5
2019-10-28,0.3330000042915344,0.3330000042915344,0.328000009059906,0.3330000042915344,311146272.0,309289952.0,1728320.5
2019-10-29,0.3330000042915344,0.3330000042915344,0.3269999921321869,0.328000009059906,176620096.0,175010752.0,1728320.5
2019-10-30,0.32600000500679016,0.3269999921321869,0.32100000977516174,0.3240000009536743,157699008.0,153507344.0,1728320.5
2019-10-31,0.32499998807907104,0.3269999921321869,0.3230000138282776,0.3240000009536743,138487200.0,135117104.0,1728320.5
2019-11-01,0.3230000138282776,0.3269999921321869,0.32199999690055847,0.3269999921321869,148438896.0,145181936.0,1728320.5
2019-11-04,0.3269999921321869,0.335999995470047,0.3269999921321869,0.3330000042915344,370135168.0,369862016.0,1728320.5
2019-11-05,0.3330000042915344,0.3330000042915344,0.32899999618530273,0.3330000042915344,178924896.0,177894592.0,1728320.5
2019-11-06,0.3330000042915344,0.3330000042915344,0.3269999921321869,0.328000009059906,230017200.0,227195072.0,1728320.5
2019-11-07,0.328000009059906,0.3310000002384186,0.3269999921321869,0.32899999618530273,127576304.0,125998984.0,1728320.5
2019-11-08,0.3310000002384186,0.33500000834465027,0.3310000002384186,0.3310000002384186,346235232.0,345980224.0,1728320.5
2019-11-11,0.33000001311302185,0.33000001311302185,0.3230000138282776,0.3240000009536743,296964608.0,290058368.0,1728320.5
2019-11-12,0.32499998807907104,0.32499998807907104,0.3160000145435333,0.32100000977516174,353648608.0,338774656.0,1728320.5
2019-11-13,0.3199999928474426,0.3230000138282776,0.31700000166893005,0.32100000977516174,150831808.0,144997280.0,1728320.5
2019-11-14,0.32100000977516174,0.3269999921321869,0.32100000977516174,0.32600000500679016,228836000.0,222297984.0,1728320.5
2019-11-15,0.32499998807907104,0.32600000500679016,0.3199999928474426,0.32100000977516174,185436576.0,179411520.0,1728320.5
2019-11-18,0.32100000977516174,0.3230000138282776,0.3190000057220459,0.32199999690055847,114767504.0,110802688.0,1728320.5
2019-11-19,0.32199999690055847,0.32899999618530273,0.32100000977516174,0.32899999618530273,264240800.0,258704192.0,1728320.5
2019-11-20,0.32899999618530273,0.33000001311302185,0.32600000500679016,0.32600000500679016,169064800.0,166356608.0,1728320.5
2019-11-21,0.32499998807907104,0.32600000500679016,0.32199999690055847,0.32499998807907104,141725312.0,137705584.0,1728320.5
2019-11-22,0.32499998807907104,0.33000001311302185,0.3190000057220459,0.3199999928474426,375846912.0,363739136.0,1728320.5
2019-11-25,0.3199999928474426,0.3199999928474426,0.31299999356269836,0.3140000104904175,409027712.0,386348160.0,1728320.5
2019-11-26,0.3149999976158142,0.31700000166893005,0.31200000643730164,0.31299999356269836,206848000.0,194665040.0,1728320.5
2019-11-27,0.31299999356269836,0.31700000166893005,0.3109999895095825,0.3149999976158142,216748608.0,204785824.0,1728320.5
2019-11-28,0.3149999976158142,0.3179999887943268,0.3140000104904175,0.3149999976158142,138925472.0,131884592.0,1728320.5
2019-11-29,0.3160000145435333,0.31700000166893005,0.3140000104904175,0.3160000145435333,98687600.0,93272656.0,1728320.5
2019-12-02,0.3160000145435333,0.3190000057220459,0.3149999976158142,0.31700000166893005,141309600.0,134707104.0,1728320.5
2019-12-03,0.3160000145435333,0.3199999928474426,0.3149999976158142,0.3199999928474426,142182896.0,135386208.0,1728320.5
2019-12-04,0.31700000166893005,0.3199999928474426,0.31700000166893005,0.3179999887943268,113113896.0,107889632.0,1728320.5
2019-12-05,0.3190000057220459,0.32600000500679016,0.3179999887943268,0.32499998807907104,402437184.0,390661984.0,1728320.5
2019-12-06,0.32499998807907104,0.33000001311302185,0.32499998807907104,0.32899999618530273,308917312.0,303806336.0,1728320.5
2019-12-09,0.33000001311302185,0.3319999873638153,0.328000009059906,0.32899999618530273,164188992.0,162486496.0,1728320.5
2019-12-10,0.32899999618530273,0.3330000042915344,0.3269999921321869,0.3330000042915344,208549296.0,207176464.0,1728320.5
2019-12-11,0.3319999873638153,0.33500000834465027,0.32899999618530273,0.33000001311302185,169056800.0,168065184.0,1728320.5
2019-12-12,0.33000001311302185,0.33500000834465027,0.32899999618530273,0.3330000042915344,236939472.0,236637712.0,1728320.5
2019-12-13,0.335999995470047,0.3370000123977661,0.3319999873638153,0.33399999141693115,244008512.0,244355632.0,1728320.5
2019-12-16,0.33500000834465027,0.34200000762939453,0.33500000834465027,0.34200000762939453,425760288.0,432454912.0,1728320.5
2019-12-17,0.34299999475479126,0.34599998593330383,0.34200000762939453,0.3449999988079071,375862784.0,388280224.0,1728320.5
2019-12-18,0.3449999988079071,0.3499999940395355,0.34299999475479126,0.3440000116825104,273319296.0,283909184.0,1728320.5
2019-12-19,0.3440000116825104,0.3440000116825104,0.3370000123977661,0.3400000035762787,567027584.0,577761280.0,1728320.5
2019-12-20,0.33899998664855957,0.3400000035762787,0.33500000834465027,0.33500000834465027,575630592.0,581764992.0,1728320.5
2019-12-23,0.3330000042915344,0.3330000042915344,0.3240000009536743,0.32499998807907104,869331584.0,856498752.0,1728320.5
2019-12-24,0.32600000500679016,0.3310000002384186,0.3240000009536743,0.3310000002384186,373376800.0,367589280.0,1728320.5
2019-12-25,0.33000001311302185,0.33799999952316284,0.32899999618530273,0.33500000834465027,424828288.0,427295552.0,1728320.5
2019-12-26,0.33500000834465027,0.335999995470047,0.3319999873638153,0.33500000834465027,338944896.0,339408736.0,1728320.5
2019-12-27,0.335999995470047,0.3370000123977661,0.328000009059906,0.328000009059906,750088384.0,746330560.0,1728320.5
2019-12-30,0.32600000500679016,0.3319999873638153,0.3199999928474426,0.33000001311302185,510223104.0,498042176.0,1728320.5
2019-12-31,0.32899999618530273,0.33399999141693115,0.32899999618530273,0.3319999873638153,280280096.0,279191936.0,1728320.5
2020-01-02,0.33500000834465027,0.34299999475479126,0.3330000042915344,0.3409999907016754,593805312.0,604199488.0,1728320.5
2020-01-03,0.34299999475479126,0.34700000286102295,0.3400000035762787,0.34299999475479126,431569376.0,444870624.0,1728320.5
2020-01-06,0.3400000035762787,0.3499999940395355,0.33899998664855957,0.34599998593330383,430807584.0,446186912.0,1728320.5
2020-01-07,0.34599998593330383,0.3479999899864197,0.34200000762939453,0.3449999988079071,337455488.0,347722656.0,1728320.5
2020-01-08,0.34299999475479126,0.3440000116825104,0.3370000123977661,0.33799999952316284,489734592.0,499208192.0,1728320.5
2020-01-09,0.3409999907016754,0.3499999940395355,0.3409999907016754,0.3490000069141388,713328640.0,739852800.0,1728320.5
2020-01-10,0.3499999940395355,0.35499998927116394,0.3490000069141388,0.3529999852180481,504899904.0,533422944.0,1728320.5
2020-01-13,0.35199999809265137,0.36500000953674316,0.35100001096725464,0.36500000953674316,389914496.0,419669728.0,1728320.5
2020-01-14,0.36500000953674316,0.3659999966621399,0.35899999737739563,0.36000001430511475,554619712.0,600830336.0,1728320.5
2020-01-15,0.35899999737739563,0.36399999260902405,0.35499998927116394,0.3630000054836273,445208096.0,479526432.0,1728320.5
2020-01-16,0.3630000054836273,0.36500000953674316,0.3610000014305115,0.3630000054836273,258942784.0,282169440.0,1728320.5
2020-01-17,0.3630000054836273,0.3659999966621399,0.3610000014305115,0.3619999885559082,304319392.0,331725952.0,1728320.5
2020-01-20,0.3619999885559082,0.37599998712539673,0.3619999885559082,0.37599998712539673,462959552.0,515644736.0,1728320.5
2020-01-21,0.375,0.3779999911785126,0.3720000088214874,0.37299999594688416,464673056.0,522130208.0,1728320.5
2020-01-22,0.3709999918937683,0.38999998569488525,0.36500000953674316,0.3880000114440918,734252160.0,830143744.0,1728320.5
2020-01-23,0.38100001215934753,0.3880000114440918,0.3630000054836273,0.37299999594688416,1259376000.0,1418339328.0,1728320.5
2020-02-03,0.33500000834465027,0.33899998664855957,0.33500000834465027,0.33500000834465027,1272502272.0,1282940160.0,1728320.5
2020-02-04,0.335999995470047,0.3479999899864197,0.3330000042915344,0.34700000286102295,1537712512.0,1574546944.0,1728320.5
2020-02-05,0.34700000286102295,0.36000001430511475,0.3449999988079071,0.3479999899864197,1313955200.0,1385595648.0,1728320.5
2020-02-06,0.34700000286102295,0.3569999933242798,0.34200000762939453,0.35499998927116394,1060709056.0,1114040704.0,1728320.5
2020-02-07,0.3529999852180481,0.36000001430511475,0.35199999809265137,0.36000001430511475,929390848.0,993221120.0,1728320.5
2020-02-10,0.3580000102519989,0.36000001430511475,0.3529999852180481,0.36000001430511475,670379648.0,718019584.0,1728320.5
2020-02-11,0.3610000014305115,0.3709999918937683,0.3580000102519989,0.36800000071525574,916219072.0,998980288.0,1728320.5
2020-02-12,0.36399999260902405,0.37299999594688416,0.3630000054836273,0.3720000088214874,854280576.0,942080960.0,1728320.5
2020-02-13,0.3709999918937683,0.3790000081062317,0.36800000071525574,0.3720000088214874,891483648.0,999335616.0,1728320.5
2020-02-14,0.3709999918937683,0.382999986410141,0.3700000047683716,0.37700000405311584,765166848.0,866200896.0,1728320.5
2020-02-17,0.38100001215934753,0.3970000147819519,0.38100001215934753,0.3970000147819519,874704192.0,1021317952.0,1728320.5
2020-02-18,0.39800000190734863,0.40299999713897705,0.39100000262260437,0.40299999713897705,1062472000.0,1265813504.0,1728320.5
2020-02-19,0.4009999930858612,0.41100001335144043,0.3970000147819519,0.39899998903274536,1311887360.0,1586867456.0,1728320.5
2020-02-20,0.4000000059604645,0.41600000858306885,0.39899998903274536,0.41600000858306885,1091321216.0,1333864704.0,1728320.5
2020-02-21,0.41600000858306885,0.43299999833106995,0.414000004529953,0.42899999022483826,1642272128.0,2099420160.0,1728320.5
2020-02-24,0.4410000145435333,0.4650000035762787,0.4300000071525574,0.46399998664855957,3055821568.0,4087960320.0,1728320.5
2020-02-25,0.4560000002384186,0.4749999940395355,0.43299999833106995,0.4729999899864197,5151446016.0,7063526400.0,1728320.5
2020-02-26,0.46000000834465027,0.46700000762939453,0.4339999854564667,0.4390000104904175,4310142976.0,5866329088.0,1728320.5
2020-02-27,0.4410000145435333,0.4480000138282776,0.4230000078678131,0.4339999854564667,2931569920.0,3833875456.0,1728320.5
2020-02-28,0.41100001335144043,0.42399999499320984,0.4050000011920929,0.41100001335144043,3374432512.0,4199765504.0,1728320.5
2020-03-02,0.41999998688697815,0.43799999356269836,0.4099999964237213,0.4320000112056732,3228080128.0,4101884416.0,1728320.5
2020-03-03,0.4449999928474426,0.4480000138282776,0.4230000078678131,0.4269999861717224,3684748800.0,4844486656.0,1728320.5
2020-03-04,0.41999998688697815,0.42399999499320984,0.40400001406669617,0.41499999165534973,2810437632.0,3486121472.0,1728320.5
2020-03-05,0.42800000309944153,0.4300000071525574,0.40799999237060547,0.41600000858306885,3137715200.0,3931115776.0,1728320.5
2020-03-06,0.40799999237060547,0.41499999165534973,0.4059999883174896,0.41100001335144043,1562946176.0,1926319360.0,1728320.5
2020-03-09,0.40299999713897705,0.4099999964237213,0.38999998569488525,0.39100000262260437,2734065664.0,3278451968.0,1728320.5
2020-03-10,0.3880000114440918,0.4169999957084656,0.38600000739097595,0.41600000858306885,3229269760.0,3900676352.0,1728320.5
2020-03-11,0.4180000126361847,0.4259999990463257,0.40400001406669617,0.4050000011920929,2935501824.0,3659690752.0,1728320.5
2020-03-12,0.3970000147819519,0.4020000100135803,0.39100000262260437,0.39899998903274536,2463090432.0,2928579328.0,1728320.5
2020-03-13,0.382999986410141,0.4059999883174896,0.37700000405311584,0.39899998903274536,3362391296.0,3957092096.0,1728320.5
2020-03-16,0.39899998903274536,0.39899998903274536,0.3619999885559082,0.36500000953674316,4285255936.0,4865452544.0,1728320.5
2020-03-17,0.3720000088214874,0.37400001287460327,0.34200000762939453,0.3580000102519989,2980919808.0,3195908864.0,1728320.5
2020-03-18,0.3630000054836273,0.3700000047683716,0.3490000069141388,0.3499999940395355,2488862464.0,2693064704.0,1728320.5
2020-03-19,0.3499999940395355,0.36500000953674316,0.34200000762939453,0.3610000014305115,3435803392.0,3633694464.0,1728320.5
2020-03-20,0.3659999966621399,0.3659999966621399,0.35199999809265137,0.36000001430511475,2421673216.0,2611721216.0,1728320.5
2020-03-23,0.34700000286102295,0.35199999809265137,0.33500000834465027,0.33899998664855957,3473324544.0,3588838144.0,1728320.5
2020-03-24,0.34700000286102295,0.3479999899864197,0.32899999618530273,0.3440000116825104,3202043648.0,3264038912.0,1728320.5
2020-03-25,0.3540000021457672,0.3610000014305115,0.3529999852180481,0.3569999933242798,3385344768.0,3622843904.0,1728320.5
2020-03-26,0.3529999852180481,0.3569999933242798,0.3490000069141388,0.3490000069141388,1626856576.0,1718183552.0,1728320.5
2020-03-27,0.35499998927116394,0.35600000619888306,0.3440000116825104,0.3440000116825104,2020583552.0,2116597888.0,1728320.5
2020-03-30,0.3370000123977661,0.3400000035762787,0.32600000500679016,0.33500000834465027,2987683072.0,2974787072.0,1728320.5
2020-03-31,0.3409999907016754,0.34200000762939453,0.3330000042915344,0.33399999141693115,1707639680.0,1725428224.0,1728320.5
2020-04-01,0.3319999873638153,0.3440000116825104,0.3310000002384186,0.33500000834465027,2389861120.0,2429124352.0,1728320.5
2020-04-02,0.33399999141693115,0.3540000021457672,0.33399999141693115,0.3540000021457672,3018314240.0,3122453760.0,1728320.5
2020-04-03,0.3499999940395355,0.3529999852180481,0.34599998593330383,0.3479999899864197,1536486144.0,1606524416.0,1728320.5
2020-04-07,0.3580000102519989,0.35899999737739563,0.3540000021457672,0.3569999933242798,1811097216.0,1939285120.0,1728320.5
2020-04-08,0.35499998927116394,0.36399999260902405,0.3540000021457672,0.36000001430511475,1448542208.0,1566011392.0,1728320.5
2020-04-09,0.3630000054836273,0.36399999260902405,0.3569999933242798,0.35899999737739563,983269504.0,1060070016.0,1728320.5
2020-04-10,0.3580000102519989,0.3580000102519989,0.34299999475479126,0.3449999988079071,2203766528.0,2299063040.0,1728320.5
2020-04-13,0.3400000035762787,0.3409999907016754,0.33399999141693115,0.335999995470047,1802269312.0,1820678656.0,1728320.5
2020-04-14,0.33899998664855957,0.34700000286102295,0.33899998664855957,0.34599998593330383,1714805248.0,1760051840.0,1728320.5
2020-04-15,0.3479999899864197,0.35600000619888306,0.34700000286102295,0.3490000069141388,1740237440.0,1834210560.0,1728320.5
2020-04-16,0.34599998593330383,0.35100001096725464,0.34200000762939453,0.3499999940395355,994695296.0,1037033600.0,1728320.5
2020-04-17,0.35499998927116394,0.3619999885559082,0.35499998927116394,0.35600000619888306,2275205120.0,2448948992.0,1728320.5
2020-04-20,0.3569999933242798,0.3610000014305115,0.35499998927116394,0.36000001430511475,825886720.0,888542784.0,1728320.5
2020-04-21,0.3569999933242798,0.3580000102519989,0.3499999940395355,0.3569999933242798,1032247296.0,1097823232.0,1728320.5
2020-04-22,0.35199999809265137,0.3580000102519989,0.35100001096725464,0.3580000102519989,753388608.0,802169280.0,1728320.5
2020-04-23,0.3580000102519989,0.35899999737739563,0.35100001096725464,0.35100001096725464,872208640.0,925821312.0,1728320.5
2020-04-24,0.35199999809265137,0.3540000021457672,0.34299999475479126,0.3449999988079071,964616448.0,1004246336.0,1728320.5
2020-04-27,0.34599998593330383,0.3499999940395355,0.3409999907016754,0.34700000286102295,772937408.0,803323264.0,1728320.5
2020-04-28,0.34700000286102295,0.35600000619888306,0.33899998664855957,0.35499998927116394,1729637504.0,1818732544.0,1728320.5
2020-04-29,0.3529999852180481,0.3569999933242798,0.35199999809265137,0.35499998927116394,623321408.0,664278656.0,1728320.5
2020-04-30,0.35899999737739563,0.37599998712539673,0.3580000102519989,0.37400001287460327,2117525376.0,2349821440.0,1728320.5
2020-05-06,0.3709999918937683,0.3880000114440918,0.3700000047683716,0.3880000114440918,1427783680.0,1632168960.0,1728320.5
2020-05-07,0.3959999978542328,0.39800000190734863,0.38499999046325684,0.38600000739097595,1473819904.0,1726933120.0,1728320.5
2020-05-08,0.3889999985694885,0.39500001072883606,0.3869999945163727,0.38999998569488525,1095468928.0,1285193600.0,1728320.5
2020-05-11,0.3930000066757202,0.39500001072883606,0.38600000739097595,0.38999998569488525,1030742080.0,1207780992.0,1728320.5
2020-05-12,0.3880000114440918,0.39100000262260437,0.38199999928474426,0.39100000262260437,961240000.0,1115004160.0,1728320.5
2020-05-13,0.3869999945163727,0.39399999380111694,0.38600000739097595,0.39100000262260437,699665472.0,817738496.0,1728320.5
2020-05-14,0.3889999985694885,0.39399999380111694,0.3869999945163727,0.3880000114440918,653876288.0,765780480.0,1728320.5
2020-05-15,0.38999998569488525,0.39800000190734863,0.3869999945163727,0.3930000066757202,996512320.0,1176083968.0,1728320.5
2020-05-18,0.3930000066757202,0.3930000066757202,0.3720000088214874,0.37400001287460327,1998616064.0,2273695232.0,1728320.5
2020-05-19,0.37700000405311584,0.38199999928474426,0.37400001287460327,0.38199999928474426,1110199936.0,1263676032.0,1728320.5
2020-05-20,0.38100001215934753,0.382999986410141,0.37400001287460327,0.37700000405311584,842828736.0,956736896.0,1728320.5
2020-05-21,0.3779999911785126,0.3799999952316284,0.36800000071525574,0.3700000047683716,869178112.0,972078272.0,1728320.5
2020-05-22,0.36899998784065247,0.3709999918937683,0.3569999933242798,0.36000001430511475,1261579904.0,1373665792.0,1728320.5
2020-05-25,0.3580000102519989,0.35899999737739563,0.3490000069141388,0.35199999809265137,934709568.0,989984320.0,1728320.5
2020-05-26,0.35499998927116394,0.36399999260902405,0.3540000021457672,0.36399999260902405,890619904.0,962919104.0,1728320.5
2020-05-27,0.3630000054836273,0.3630000054836273,0.35499998927116394,0.3569999933242798,781400064.0,838532288.0,1728320.5
2020-05-28,0.35600000619888306,0.3569999933242798,0.3449999988079071,0.3529999852180481,1020571136.0,1074833536.0,1728320.5
2020-05-29,0.3499999940395355,0.35600000619888306,0.3490000069141388,0.35199999809265137,580525632.0,613627904.0,1728320.5
2020-06-01,0.35600000619888306,0.375,0.35600000619888306,0.37299999594688416,1616337152.0,1787532800.0,1728320.5
2020-06-02,0.375,0.38100001215934753,0.37299999594688416,0.37700000405311584,1330435456.0,1504637184.0,1728320.5
2020-06-03,0.3790000081062317,0.3889999985694885,0.375,0.38100001215934753,1676446464.0,1923515776.0,1728320.5
2020-06-04,0.38199999928474426,0.38499999046325684,0.3779999911785126,0.3790000081062317,752635200.0,859854656.0,1728320.5
2020-06-05,0.38100001215934753,0.38499999046325684,0.3790000081062317,0.3840000033378601,805366720.0,924116480.0,1728320.5
2020-06-08,0.3889999985694885,0.3959999978542328,0.38499999046325684,0.38600000739097595,925207552.0,1084883584.0,1728320.5
2020-06-09,0.3869999945163727,0.3889999985694885,0.382999986410141,0.3869999945163727,536834752.0,622188928.0,1728320.5
2020-06-10,0.3869999945163727,0.39100000262260437,0.38499999046325684,0.38999998569488525,748622208.0,872980928.0,1728320.5
2020-06-11,0.38999998569488525,0.3959999978542328,0.38499999046325684,0.3880000114440918,784876736.0,921225600.0,1728320.5
2020-06-12,0.3799999952316284,0.3880000114440918,0.3779999911785126,0.38499999046325684,651817600.0,747955200.0,1728320.5
2020-06-15,0.38100001215934753,0.38499999046325684,0.37700000405311584,0.37700000405311584,596020480.0,679086144.0,1728320.5
2020-06-16,0.382999986410141,0.38999998569488525,0.382999986410141,0.38999998569488525,984272960.0,1143912576.0,1728320.5
2020-06-17,0.3919999897480011,0.3919999897480011,0.3869999945163727,0.39100000262260437,500457568.0,584703744.0,1728320.5
2020-06-18,0.39100000262260437,0.40700000524520874,0.3889999985694885,0.4059999883174896,1537778048.0,1848158848.0,1728320.5
2020-06-19,0.4050000011920929,0.41100001335144043,0.40400001406669617,0.40700000524520874,934376448.0,1143747840.0,1728320.5
2020-06-22,0.40799999237060547,0.41499999165534973,0.40799999237060547,0.4129999876022339,813821440.0,1006440064.0,1728320.5
2020-06-23,0.4129999876022339,0.4129999876022339,0.4059999883174896,0.4129999876022339,616611456.0,758809728.0,1728320.5
2020-06-24,0.41200000047683716,0.4180000126361847,0.41200000047683716,0.4169999957084656,594998784.0,741477312.0,1728320.5
2020-06-29,0.414000004529953,0.41600000858306885,0.40700000524520874,0.4099999964237213,645174400.0,794728448.0,1728320.5
2020-06-30,0.41499999165534973,0.42800000309944153,0.41499999165534973,0.4259999990463257,968773504.0,1229239936.0,1728320.5
2020-07-01,0.42800000309944153,0.4300000071525574,0.4180000126361847,0.4259999990463257,699879680.0,892782656.0,1728320.5
2020-07-02,0.4269999861717224,0.4309999942779541,0.42100000381469727,0.42899999022483826,674759232.0,864051264.0,1728320.5
2020-07-03,0.42899999022483826,0.43299999833106995,0.42100000381469727,0.4320000112056732,893195584.0,1146384128.0,1728320.5
2020-07-06,0.4359999895095825,0.45899999141693115,0.4339999854564667,0.4560000002384186,1433894144.0,1922380032.0,1728320.5
2020-07-07,0.4650000035762787,0.47699999809265137,0.45500001311302185,0.46000000834465027,1476048640.0,2068964864.0,1728320.5
2020-07-08,0.460999995470047,0.4729999899864197,0.4560000002384186,0.47200000286102295,953529728.0,1331164032.0,1728320.5
2020-07-09,0.47200000286102295,0.48899999260902405,0.4699999988079071,0.4830000102519989,1016747264.0,1464710144.0,1728320.5
2020-07-10,0.47999998927116394,0.4860000014305115,0.4740000069141388,0.47699999809265137,966103552.0,1389633280.0,1728320.5
2020-07-13,0.4779999852180481,0.4959999918937683,0.4779999852180481,0.4959999918937683,778181952.0,1139388672.0,1728320.5
2020-07-14,0.4959999918937683,0.49900001287460327,0.47600001096725464,0.4880000054836273,1119487616.0,1636696832.0,1728320.5
2020-07-15,0.4869999885559082,0.4909999966621399,0.46299999952316284,0.4650000035762787,1227039616.0,1745062144.0,1728320.5
2020-07-16,0.46299999952316284,0.46799999475479126,0.4300000071525574,0.43299999833106995,1335529216.0,1804401536.0,1728320.5
2020-07-17,0.43299999833106995,0.4449999928474426,0.42899999022483826,0.4399999976158142,916076160.0,1201006720.0,1728320.5
2020-07-20,0.44699999690055847,0.4490000009536743,0.4339999854564667,0.4490000009536743,743008192.0,986902208.0,1728320.5
2020-07-21,0.44999998807907104,0.453000009059906,0.44200000166893005,0.4490000009536743,694588608.0,931491264.0,1728320.5
2020-07-22,0.4490000009536743,0.460999995470047,0.44600000977516174,0.45399999618530273,732188032.0,1000159872.0,1728320.5
2020-07-23,0.4480000138282776,0.4519999921321869,0.43700000643730164,0.4480000138282776,645771776.0,862031552.0,1728320.5
2020-07-24,0.4429999887943268,0.44699999690055847,0.4189999997615814,0.421999990940094,879645056.0,1138792832.0,1728320.5
2020-07-27,0.421999990940094,0.42800000309944153,0.4169999957084656,0.421999990940094,481766496.0,611072256.0,1728320.5
2020-07-28,0.4269999861717224,0.4309999942779541,0.42500001192092896,0.4300000071525574,525967296.0,675656000.0,1728320.5
2020-07-29,0.42899999022483826,0.44699999690055847,0.42800000309944153,0.44600000977516174,611480128.0,805587456.0,1728320.5
2020-07-30,0.4480000138282776,0.4490000009536743,0.4399999976158142,0.4410000145435333,384979040.0,511580960.0,1728320.5
2020-07-31,0.4429999887943268,0.4580000042915344,0.4429999887943268,0.453000009059906,640630208.0,869366784.0,1728320.5
2020-08-03,0.46000000834465027,0.46399998664855957,0.45500001311302185,0.46399998664855957,504005120.0,696894848.0,1728320.5
2020-08-04,0.4650000035762787,0.4659999907016754,0.4519999921321869,0.4560000002384186,480780544.0,660078336.0,1728320.5
2020-08-05,0.4650000035762787,0.46700000762939453,0.4519999921321869,0.4580000042915344,455968608.0,627616448.0,1728320.5
2020-08-06,0.45500001311302185,0.4560000002384186,0.4480000138282776,0.453000009059906,438160448.0,594292608.0,1728320.5
2020-08-07,0.45100000500679016,0.45500001311302185,0.4339999854564667,0.44200000166893005,513139456.0,683838528.0,1728320.5
2020-08-10,0.4339999854564667,0.4410000145435333,0.42899999022483826,0.43700000643730164,629972096.0,819764672.0,1728320.5
2020-08-11,0.4359999895095825,0.4429999887943268,0.42899999022483826,0.4309999942779541,498381024.0,654270336.0,1728320.5
2020-08-12,0.42800000309944153,0.4359999895095825,0.4189999997615814,0.4350000023841858,677444672.0,865635968.0,1728320.5
2020-08-13,0.4359999895095825,0.43700000643730164,0.4300000071525574,0.4309999942779541,327239744.0,424909056.0,1728320.5
2020-08-14,0.4300000071525574,0.4399999976158142,0.42899999022483826,0.4399999976158142,369605440.0,483614880.0,1728320.5
2020-08-17,0.4399999976158142,0.44699999690055847,0.43700000643730164,0.44699999690055847,472157408.0,627546944.0,1728320.5
2020-08-18,0.44699999690055847,0.44699999690055847,0.4390000104904175,0.44200000166893005,437841984.0,580474496.0,1728320.5
2020-08-19,0.4399999976158142,0.4399999976158142,0.4269999861717224,0.42800000309944153,505650784.0,655419520.0,1728320.5
2020-08-20,0.42500001192092896,0.4320000112056732,0.4230000078678131,0.42899999022483826,440842144.0,566087680.0,1728320.5
2020-08-21,0.43299999833106995,0.4399999976158142,0.4300000071525574,0.43299999833106995,490779552.0,641369344.0,1728320.5
2020-08-24,0.43799999356269836,0.44600000977516174,0.4309999942779541,0.4440000057220459,621785216.0,824442048.0,1728320.5
2020-08-25,0.4449999928474426,0.44999998807907104,0.4410000145435333,0.4429999887943268,432011584.0,577105088.0,1728320.5
2020-08-26,0.4410000145435333,0.4429999887943268,0.4300000071525574,0.4309999942779541,348488960.0,454542656.0,1728320.5
2020-08-27,0.4309999942779541,0.4359999895095825,0.42800000309944153,0.4350000023841858,282776256.0,366929280.0,1728320.5
2020-08-28,0.43299999833106995,0.4390000104904175,0.42899999022483826,0.4390000104904175,311145760.0,404686240.0,1728320.5
2020-08-31,0.4390000104904175,0.4440000057220459,0.4350000023841858,0.4350000023841858,416682624.0,550553728.0,1728320.5
2020-09-01,0.43299999833106995,0.4390000104904175,0.4300000071525574,0.4390000104904175,298158464.0,388839200.0,1728320.5
2020-09-02,0.4390000104904175,0.4429999887943268,0.43700000643730164,0.4390000104904175,327973696.0,433444224.0,1728320.5
2020-09-03,0.43799999356269836,0.43799999356269836,0.4320000112056732,0.4320000112056732,310918656.0,404722048.0,1728320.5
2020-09-04,0.42399999499320984,0.4339999854564667,0.4230000078678131,0.4320000112056732,275839456.0,355937312.0,1728320.5
2020-09-07,0.4320000112056732,0.4339999854564667,0.4169999957084656,0.41999998688697815,426748192.0,543704704.0,1728320.5
2020-09-08,0.4189999997615814,0.42100000381469727,0.4099999964237213,0.41600000858306885,422387680.0,526233792.0,1728320.5
2020-09-09,0.4099999964237213,0.4099999964237213,0.39800000190734863,0.4009999930858612,519072800.0,629780096.0,1728320.5
2020-09-10,0.4059999883174896,0.4059999883174896,0.3919999897480011,0.39500001072883606,342760032.0,411693280.0,1728320.5
2020-09-11,0.3930000066757202,0.4059999883174896,0.3930000066757202,0.4059999883174896,335566400.0,403215936.0,1728320.5
2020-09-14,0.40799999237060547,0.414000004529953,0.4059999883174896,0.4099999964237213,307290944.0,377992672.0,1728320.5
2020-09-15,0.4099999964237213,0.41100001335144043,0.4050000011920929,0.4099999964237213,192463904.0,235734176.0,1728320.5
2020-09-16,0.4090000092983246,0.4099999964237213,0.40400001406669617,0.4050000011920929,160739760.0,195794224.0,1728320.5
2020-09-17,0.40299999713897705,0.4129999876022339,0.4009999930858612,0.40799999237060547,262892384.0,321065216.0,1728320.5
2020-09-18,0.40700000524520874,0.41499999165534973,0.40700000524520874,0.41499999165534973,270453728.0,334326144.0,1728320.5
2020-09-21,0.41499999165534973,0.4180000126361847,0.41200000047683716,0.41200000047683716,239619744.0,298316416.0,1728320.5
2020-09-22,0.4090000092983246,0.41600000858306885,0.40799999237060547,0.4090000092983246,241633632.0,298861952.0,1728320.5
2020-09-23,0.4099999964237213,0.414000004529953,0.40799999237060547,0.41200000047683716,173202336.0,213945584.0,1728320.5
2020-09-24,0.40799999237060547,0.4090000092983246,0.4000000059604645,0.4009999930858612,226135904.0,274350944.0,1728320.5
2020-09-25,0.4020000100135803,0.40400001406669617,0.39800000190734863,0.4000000059604645,154888496.0,186083808.0,1728320.5
2020-09-28,0.4000000059604645,0.40400001406669617,0.39899998903274536,0.39899998903274536,159900704.0,192233888.0,1728320.5
2020-09-29,0.4009999930858612,0.4050000011920929,0.4009999930858612,0.40299999713897705,180060144.0,217994064.0,1728320.5
2020-09-30,0.40400001406669617,0.4059999883174896,0.4009999930858612,0.40299999713897705,153296000.0,185642384.0,1728320.5
2020-10-09,0.41100001335144043,0.41999998688697815,0.4099999964237213,0.4189999997615814,362291008.0,452409728.0,1728320.5
2020-10-12,0.421999990940094,0.42899999022483826,0.41999998688697815,0.42899999022483826,388859680.0,495401216.0,1728320.5
2020-10-13,0.42899999022483826,0.4309999942779541,0.42399999499320984,0.4269999861717224,254724352.0,326338400.0,1728320.5
2020-10-14,0.42399999499320984,0.42399999499320984,0.4169999957084656,0.4180000126361847,254044400.0,319144640.0,1728320.5
2020-10-15,0.4180000126361847,0.42100000381469727,0.41499999165534973,0.41499999165534973,195698096.0,244920608.0,1728320.5
2020-10-16,0.41600000858306885,0.4169999957084656,0.40799999237060547,0.41200000047683716,262918496.0,324699776.0,1728320.5
2020-10-19,0.4169999957084656,0.41999998688697815,0.4099999964237213,0.41100001335144043,250669904.0,312144864.0,1728320.5
2020-10-20,0.4099999964237213,0.4169999957084656,0.40700000524520874,0.41600000858306885,206358496.0,254774032.0,1728320.5
2020-10-21,0.41499999165534973,0.41600000858306885,0.40400001406669617,0.40700000524520874,271609088.0,332297056.0,1728320.5
2020-10-22,0.40400001406669617,0.40700000524520874,0.4020000100135803,0.4059999883174896,190873504.0,231596160.0,1728320.5
2020-10-23,0.4059999883174896,0.4090000092983246,0.39800000190734863,0.39899998903274536,288395840.0,348371552.0,1728320.5
2020-10-26,0.3970000147819519,0.40400001406669617,0.39399999380111694,0.4020000100135803,237177168.0,284690048.0,1728320.5
2020-10-27,0.4009999930858612,0.4050000011920929,0.4000000059604645,0.4050000011920929,204199536.0,246647696.0,1728320.5
2020-10-28,0.40400001406669617,0.41200000047683716,0.4000000059604645,0.4099999964237213,334331424.0,408510496.0,1728320.5
2020-10-29,0.40400001406669617,0.40799999237060547,0.40299999713897705,0.40700000524520874,223999824.0,272473536.0,1728320.5
2020-10-30,0.40700000524520874,0.4090000092983246,0.3970000147819519,0.39800000190734863,338034848.0,407618112.0,1728320.5
2020-11-02,0.3970000147819519,0.40299999713897705,0.39500001072883606,0.4009999930858612,277992448.0,332572864.0,1728320.5
2020-11-03,0.4020000100135803,0.4090000092983246,0.4000000059604645,0.40700000524520874,284756896.0,346759264.0,1728320.5
2020-11-04,0.40700000524520874,0.4099999964237213,0.4050000011920929,0.40700000524520874,223817168.0,273563072.0,1728320.5
2020-11-05,0.4129999876022339,0.42399999499320984,0.4099999964237213,0.42399999499320984,690177216.0,866230720.0,1728320.5
2020-11-06,0.42399999499320984,0.4269999861717224,0.41999998688697815,0.42500001192092896,525490816.0,667519808.0,1728320.5
2020-11-09,0.4320000112056732,0.4490000009536743,0.4320000112056732,0.4410000145435333,892496704.0,1181639168.0,1728320.5
2020-11-10,0.4410000145435333,0.4410000145435333,0.42800000309944153,0.4309999942779541,657392576.0,851367552.0,1728320.5
2020-11-11,0.42800000309944153,0.4300000071525574,0.41600000858306885,0.4180000126361847,436619168.0,551391296.0,1728320.5
2020-11-12,0.41999998688697815,0.421999990940094,0.4169999957084656,0.41999998688697815,225921216.0,284196736.0,1728320.5
2020-11-13,0.4169999957084656,0.41999998688697815,0.4129999876022339,0.4189999997615814,257510096.0,321943232.0,1728320.5
2020-11-16,0.4189999997615814,0.4189999997615814,0.4090000092983246,0.41100001335144043,444557344.0,548100928.0,1728320.5
2020-11-17,0.4099999964237213,0.4129999876022339,0.4000000059604645,0.41200000047683716,526768800.0,639857664.0,1728320.5
2020-11-18,0.4090000092983246,0.4129999876022339,0.40799999237060547,0.4099999964237213,256714256.0,316418880.0,1728320.5
2020-11-19,0.40799999237060547,0.41499999165534973,0.4059999883174896,0.4129999876022339,254407072.0,314614880.0,1728320.5
2020-11-20,0.414000004529953,0.41600000858306885,0.4099999964237213,0.41200000047683716,252108912.0,311537472.0,1728320.5
2020-11-23,0.41200000047683716,0.4129999876022339,0.40700000524520874,0.4099999964237213,444487392.0,546097088.0,1728320.5
2020-11-24,0.4090000092983246,0.41100001335144043,0.4059999883174896,0.4099999964237213,368348000.0,452145440.0,1728320.5
2020-11-25,0.4099999964237213,0.41100001335144043,0.40400001406669617,0.4050000011920929,386937088.0,472939200.0,1728320.5
2020-11-26,0.4050000011920929,0.40700000524520874,0.4009999930858612,0.40400001406669617,315212000.0,381249344.0,1728320.5
2020-11-27,0.40400001406669617,0.4059999883174896,0.4000000059604645,0.4059999883174896,279636672.0,338379424.0,1728320.5
2020-11-30,0.4059999883174896,0.41100001335144043,0.40299999713897705,0.40700000524520874,394095392.0,482395296.0,1728320.5
2020-12-01,0.40700000524520874,0.4129999876022339,0.4059999883174896,0.41200000047683716,401930176.0,494761024.0,1728320.5
2020-12-02,0.41200000047683716,0.41600000858306885,0.4099999964237213,0.414000004529953,377199616.0,467203520.0,1728320.5
2020-12-03,0.41200000047683716,0.414000004529953,0.4099999964237213,0.41100001335144043,276168832.0,340827296.0,1728320.5
2020-12-04,0.4099999964237213,0.414000004529953,0.4090000092983246,0.4129999876022339,292721312.0,361486592.0,1728320.5
2020-12-07,0.414000004529953,0.4169999957084656,0.41200000047683716,0.41200000047683716,311777696.0,387425760.0,1728320.5
2020-12-08,0.41200000047683716,0.414000004529953,0.4099999964237213,0.41100001335144043,181902896.0,224742768.0,1728320.5
2020-12-09,0.4129999876022339,0.41600000858306885,0.4059999883174896,0.40700000524520874,319203584.0,393980384.0,1728320.5
2020-12-10,0.4050000011920929,0.40799999237060547,0.4009999930858612,0.40400001406669617,218909712.0,265458768.0,1728320.5
2020-12-11,0.40400001406669617,0.4050000011920929,0.3930000066757202,0.3959999978542328,480021568.0,572942848.0,1728320.5
2020-12-14,0.3959999978542328,0.3970000147819519,0.3919999897480011,0.39500001072883606,312006144.0,368463328.0,1728320.5
2020-12-15,0.39399999380111694,0.3970000147819519,0.3930000066757202,0.3959999978542328,227930000.0,270217472.0,1728320.5
2020-12-16,0.39800000190734863,0.4000000059604645,0.3930000066757202,0.39399999380111694,266427120.0,315664800.0,1728320.5
2020-12-17,0.39399999380111694,0.39500001072883606,0.3880000114440918,0.39500001072883606,338119904.0,397694016.0,1728320.5
2020-12-18,0.3959999978542328,0.3970000147819519,0.38999998569488525,0.39100000262260437,302651712.0,356153600.0,1728320.5
2020-12-21,0.3889999985694885,0.39500001072883606,0.3869999945163727,0.39500001072883606,484940416.0,569461888.0,1728320.5
2020-12-22,0.3930000066757202,0.39399999380111694,0.3869999945163727,0.3869999945163727,336346336.0,393917472.0,1728320.5
2020-12-23,0.3880000114440918,0.39399999380111694,0.3869999945163727,0.39399999380111694,430063392.0,503824224.0,1728320.5
2020-12-24,0.39399999380111694,0.39500001072883606,0.38999998569488525,0.38999998569488525,220622672.0,259549168.0,1728320.5
2020-12-25,0.3889999985694885,0.3919999897480011,0.3869999945163727,0.3889999985694885,266039888.0,310791200.0,1728320.5
2020-12-28,0.3889999985694885,0.3889999985694885,0.38199999928474426,0.38199999928474426,377285792.0,434857600.0,1728320.5
2020-12-29,0.382999986410141,0.3959999978542328,0.382999986410141,0.3930000066757202,580635712.0,681835520.0,1728320.5
2020-12-30,0.39100000262260437,0.3930000066757202,0.3869999945163727,0.3930000066757202,413401312.0,484162432.0,1728320.5
2020-12-31,0.3930000066757202,0.39800000190734863,0.39100000262260437,0.3959999978542328,529396640.0,627395904.0,1728320.5
2021-01-04,0.3959999978542328,0.4020000100135803,0.39399999380111694,0.4020000100135803,550990080.0,658094016.0,1728320.5
2021-01-05,0.4000000059604645,0.4169999957084656,0.39800000190734863,0.41499999165534973,901491264.0,1105403776.0,1728320.5
2021-01-06,0.41600000858306885,0.4169999957084656,0.40700000524520874,0.4090000092983246,489402624.0,603141952.0,1728320.5
2021-01-07,0.40700000524520874,0.4090000092983246,0.4020000100135803,0.40700000524520874,418765856.0,509311872.0,1728320.5
2021-01-08,0.40799999237060547,0.41499999165534973,0.40799999237060547,0.4129999876022339,544621824.0,673238848.0,1728320.5
2021-01-11,0.41600000858306885,0.42500001192092896,0.414000004529953,0.41999998688697815,643858240.0,812694208.0,1728320.5
2021-01-12,0.4189999997615814,0.42399999499320984,0.414000004529953,0.42399999499320984,420169312.0,529856896.0,1728320.5
2021-01-13,0.42500001192092896,0.4350000023841858,0.42399999499320984,0.4309999942779541,665440768.0,857990144.0,1728320.5
2021-01-14,0.4309999942779541,0.4390000104904175,0.42399999499320984,0.4309999942779541,554766208.0,721446592.0,1728320.5
2021-01-15,0.42899999022483826,0.4300000071525574,0.41600000858306885,0.41999998688697815,435378592.0,551977472.0,1728320.5
2021-01-18,0.4189999997615814,0.4390000104904175,0.4189999997615814,0.4359999895095825,598800128.0,776928896.0,1728320.5
2021-01-19,0.4359999895095825,0.4359999895095825,0.42500001192092896,0.4269999861717224,375815232.0,485033824.0,1728320.5
2021-01-20,0.4269999861717224,0.4300000071525574,0.4230000078678131,0.42800000309944153,251544464.0,321695392.0,1728320.5
2021-01-21,0.42899999022483826,0.4309999942779541,0.42399999499320984,0.4269999861717224,316471840.0,405772320.0,1728320.5
2021-01-22,0.4269999861717224,0.42800000309944153,0.414000004529953,0.4180000126361847,438097888.0,550137600.0,1728320.5
2021-01-25,0.41200000047683716,0.41600000858306885,0.40400001406669617,0.41100001335144043,537278144.0,661350848.0,1728320.5
2021-01-26,0.4099999964237213,0.4129999876022339,0.4000000059604645,0.4000000059604645,549269184.0,666585536.0,1728320.5
2021-01-27,0.4000000059604645,0.40400001406669617,0.3970000147819519,0.4020000100135803,328583488.0,394984960.0,1728320.5
2021-01-28,0.39800000190734863,0.39899998903274536,0.38499999046325684,0.3869999945163727,726019520.0,852167680.0,1728320.5
2021-01-29,0.38999998569488525,0.39100000262260437,0.3790000081062317,0.382999986410141,568655232.0,655517248.0,1728320.5
2021-02-01,0.3840000033378601,0.3869999945163727,0.38100001215934753,0.38499999046325684,312546848.0,360102336.0,1728320.5
2021-02-02,0.38499999046325684,0.3889999985694885,0.38199999928474426,0.3880000114440918,326193696.0,377518240.0,1728320.5
2021-02-03,0.3880000114440918,0.3889999985694885,0.3779999911785126,0.3779999911785126,476461760.0,547981120.0,1728320.5
2021-02-04,0.37599998712539673,0.37700000405311584,0.3630000054836273,0.37299999594688416,486766784.0,538847872.0,1728320.5
2021-02-05,0.37299999594688416,0.375,0.3659999966621399,0.367000013589859,271607744.0,302403040.0,1728320.5
2021-02-08,0.367000013589859,0.3709999918937683,0.36500000953674316,0.36800000071525574,320241888.0,353606112.0,1728320.5
2021-02-09,0.36800000071525574,0.37599998712539673,0.36500000953674316,0.37599998712539673,330742944.0,369750336.0,1728320.5
2021-02-10,0.37599998712539673,0.3840000033378601,0.37299999594688416,0.382999986410141,343756736.0,391929344.0,1728320.5
2021-02-18,0.3880000114440918,0.38999998569488525,0.3840000033378601,0.3840000033378601,548099968.0,634670080.0,1728320.5
2021-02-19,0.382999986410141,0.3880000114440918,0.3779999911785126,0.3869999945163727,295147264.0,339143648.0,1728320.5
2021-02-22,0.3880000114440918,0.3880000114440918,0.37700000405311584,0.3779999911785126,368508224.0,424280416.0,1728320.5
2021-02-23,0.37700000405311584,0.38100001215934753,0.375,0.37700000405311584,228779632.0,259544528.0,1728320.5
2021-02-24,0.3779999911785126,0.3840000033378601,0.37400001287460327,0.3779999911785126,310003744.0,353484576.0,1728320.5
2021-02-25,0.3790000081062317,0.38100001215934753,0.37400001287460327,0.37599998712539673,200043840.0,226351008.0,1728320.5
2021-02-26,0.3709999918937683,0.37599998712539673,0.3700000047683716,0.37299999594688416,290434816.0,324726368.0,1728320.5
2021-03-01,0.375,0.38199999928474426,0.37400001287460327,0.38199999928474426,268288496.0,304573184.0,1728320.5
2021-03-02,0.382999986410141,0.3869999945163727,0.38100001215934753,0.3840000033378601,328045312.0,378248448.0,1728320.5
2021-03-03,0.382999986410141,0.38600000739097595,0.38100001215934753,0.38600000739097595,468058144.0,536714400.0,1728320.5
2021-03-04,0.382999986410141,0.3840000033378601,0.3709999918937683,0.37299999594688416,421694304.0,475636832.0,1728320.5
2021-03-05,0.36899998784065247,0.3779999911785126,0.36800000071525574,0.37599998712539673,269816608.0,302241216.0,1728320.5
2021-03-08,0.3779999911785126,0.3799999952316284,0.36500000953674316,0.3659999966621399,365252704.0,408189216.0,1728320.5
2021-03-09,0.3659999966621399,0.3659999966621399,0.3479999899864197,0.3529999852180481,360596320.0,386454912.0,1728320.5
2021-03-10,0.3569999933242798,0.35899999737739563,0.3490000069141388,0.3499999940395355,221079584.0,233775616.0,1728320.5
2021-03-11,0.35100001096725464,0.3540000021457672,0.3440000116825104,0.3529999852180481,332573600.0,348388256.0,1728320.5
2021-03-12,0.3529999852180481,0.3529999852180481,0.3440000116825104,0.34599998593330383,285445920.0,297040352.0,1728320.5
2021-03-15,0.3449999988079071,0.3449999988079071,0.33000001311302185,0.3319999873638153,521913728.0,525535744.0,1728320.5
2021-03-16,0.3330000042915344,0.335999995470047,0.3269999921321869,0.3319999873638153,349330112.0,347593952.0,1728320.5
2021-03-17,0.3310000002384186,0.3370000123977661,0.32899999618530273,0.335999995470047,265463168.0,266061440.0,1728320.5
2021-03-18,0.335999995470047,0.3370000123977661,0.3319999873638153,0.33500000834465027,251329952.0,251900352.0,1728320.5
2021-03-19,0.3310000002384186,0.3319999873638153,0.32600000500679016,0.3269999921321869,329101888.0,324595296.0,1728320.5
2021-03-22,0.3269999921321869,0.3310000002384186,0.32600000500679016,0.3310000002384186,224930704.0,222071040.0,1728320.5
2021-03-23,0.3310000002384186,0.3330000042915344,0.3269999921321869,0.32899999618530273,220769200.0,218533040.0,1728320.5
2021-03-24,0.328000009059906,0.328000009059906,0.32199999690055847,0.32199999690055847,363413248.0,352882656.0,1728320.5
2021-03-25,0.3199999928474426,0.32600000500679016,0.3199999928474426,0.3240000009536743,191301792.0,185877184.0,1728320.5
2021-03-26,0.3269999921321869,0.3319999873638153,0.32600000500679016,0.3319999873638153,298755456.0,295182304.0,1728320.5
2021-03-29,0.3319999873638153,0.33399999141693115,0.32899999618530273,0.33000001311302185,225607392.0,224176416.0,1728320.5
2021-03-30,0.33000001311302185,0.3319999873638153,0.32899999618530273,0.3310000002384186,139473712.0,138451536.0,1728320.5
2021-03-31,0.3310000002384186,0.3319999873638153,0.328000009059906,0.3319999873638153,151451600.0,149897456.0,1728320.5
2021-04-01,0.3319999873638153,0.33799999952316284,0.3319999873638153,0.3370000123977661,284469216.0,286405312.0,1728320.5
2021-04-02,0.3370000123977661,0.3440000116825104,0.3370000123977661,0.34299999475479126,332907488.0,341890272.0,1728320.5
2021-04-06,0.3440000116825104,0.34599998593330383,0.34200000762939453,0.34299999475479126,208997216.0,215200288.0,1728320.5
2021-04-07,0.34299999475479126,0.34299999475479126,0.33799999952316284,0.34200000762939453,145345792.0,148211056.0,1728320.5
2021-04-08,0.3400000035762787,0.3440000116825104,0.33899998664855957,0.34200000762939453,152111504.0,156478400.0,1728320.5
2021-04-09,0.3409999907016754,0.3440000116825104,0.33899998664855957,0.3400000035762787,124686920.0,127445072.0,1728320.5
2021-04-12,0.3400000035762787,0.3440000116825104,0.33399999141693115,0.33500000834465027,184179200.0,187194416.0,1728320.5
2021-04-13,0.33500000834465027,0.3400000035762787,0.33399999141693115,0.335999995470047,159575360.0,161500864.0,1728320.5
2021-04-14,0.335999995470047,0.3400000035762787,0.335999995470047,0.3400000035762787,122329168.0,124401704.0,1728320.5
2021-04-15,0.3400000035762787,0.3400000035762787,0.33500000834465027,0.3370000123977661,137904304.0,139100704.0,1728320.5
2021-04-16,0.3370000123977661,0.33899998664855957,0.3330000042915344,0.3370000123977661,166024096.0,167525504.0,1728320.5
2021-04-19,0.335999995470047,0.3499999940395355,0.335999995470047,0.3490000069141388,360989152.0,374670816.0,1728320.5
2021-04-20,0.3490000069141388,0.35199999809265137,0.34700000286102295,0.34700000286102295,181129504.0,189836096.0,1728320.5
2021-04-21,0.3449999988079071,0.34700000286102295,0.34299999475479126,0.34599998593330383,155001904.0,160337984.0,1728320.5
2021-04-22,0.34700000286102295,0.35499998927116394,0.34599998593330383,0.35199999809265137,276037312.0,290513696.0,1728320.5
2021-04-23,0.35100001096725464,0.3529999852180481,0.3499999940395355,0.35100001096725464,125436504.0,132261560.0,1728320.5
2021-04-26,0.35100001096725464,0.3569999933242798,0.3490000069141388,0.3490000069141388,237710288.0,252057360.0,1728320.5
2021-04-27,0.3479999899864197,0.35199999809265137,0.3449999988079071,0.3490000069141388,164469696.0,171584528.0,1728320.5
2021-04-28,0.3479999899864197,0.3490000069141388,0.3449999988079071,0.3479999899864197,127498304.0,132792448.0,1728320.5
2021-04-29,0.3490000069141388,0.35199999809265137,0.3479999899864197,0.3490000069141388,132416600.0,139099104.0,1728320.5
2021-04-30,0.3490000069141388,0.3499999940395355,0.34299999475479126,0.3449999988079071,133544200.0,138620512.0,1728320.5
2021-05-06,0.3440000116825104,0.3449999988079071,0.33899998664855957,0.3400000035762787,158496336.0,162528832.0,1728320.5
2021-05-07,0.3400000035762787,0.3409999907016754,0.33000001311302185,0.33000001311302185,323975712.0,325082816.0,1728320.5
2021-05-10,0.33000001311302185,0.33000001311302185,0.3240000009536743,0.32600000500679016,247592096.0,242371456.0,1728320.5
2021-05-11,0.3230000138282776,0.32600000500679016,0.32100000977516174,0.32499998807907104,253299296.0,245763392.0,1728320.5
2021-05-12,0.32499998807907104,0.328000009059906,0.3230000138282776,0.3269999921321869,177374704.0,173095712.0,1728320.5
2021-05-13,0.3240000009536743,0.33000001311302185,0.3240000009536743,0.3269999921321869,168874752.0,165594288.0,1728320.5
2021-05-14,0.328000009059906,0.3330000042915344,0.3240000009536743,0.3330000042915344,247540928.0,244013664.0,1728320.5
2021-05-17,0.3330000042915344,0.3409999907016754,0.3319999873638153,0.33799999952316284,308876928.0,313484224.0,1728320.5
2021-05-18,0.33799999952316284,0.33899998664855957,0.33500000834465027,0.33799999952316284,161432880.0,163282000.0,1728320.5
2021-05-19,0.3370000123977661,0.3440000116825104,0.3370000123977661,0.3409999907016754,240390400.0,246474000.0,1728320.5
2021-05-20,0.3409999907016754,0.34599998593330383,0.3400000035762787,0.3449999988079071,230077408.0,237526464.0,1728320.5
2021-05-21,0.3440000116825104,0.34700000286102295,0.3400000035762787,0.3409999907016754,152603504.0,156637504.0,1728320.5
2021-05-24,0.3409999907016754,0.3479999899864197,0.33899998664855957,0.34700000286102295,238543056.0,245855152.0,1728320.5
2021-05-25,0.34599998593330383,0.35600000619888306,0.34599998593330383,0.35499998927116394,340869696.0,360243264.0,1728320.5
2021-05-26,0.35499998927116394,0.3569999933242798,0.35100001096725464,0.35100001096725464,210694112.0,223250016.0,1728320.5
2021-05-27,0.35100001096725464,0.3630000054836273,0.35100001096725464,0.36000001430511475,373954816.0,402659552.0,1728320.5
2021-05-28,0.36000001430511475,0.3619999885559082,0.3569999933242798,0.36000001430511475,222002160.0,240006976.0,1728320.5
2021-05-31,0.3619999885559082,0.36399999260902405,0.35899999737739563,0.3630000054836273,199768608.0,217061488.0,1728320.5
2021-06-01,0.3619999885559082,0.36800000071525574,0.36000001430511475,0.3659999966621399,291112288.0,319480256.0,1728320.5
2021-06-02,0.36500000953674316,0.367000013589859,0.3569999933242798,0.35899999737739563,329476064.0,357262464.0,1728320.5
2021-06-03,0.35899999737739563,0.367000013589859,0.3580000102519989,0.3610000014305115,280553472.0,305800064.0,1728320.5
2021-06-04,0.36000001430511475,0.3659999966621399,0.35899999737739563,0.36399999260902405,184257776.0,200739376.0,1728320.5
2021-06-07,0.3659999966621399,0.3700000047683716,0.3659999966621399,0.36899998784065247,227380224.0,251377456.0,1728320.5
2021-06-08,0.36899998784065247,0.3720000088214874,0.367000013589859,0.36800000071525574,196323696.0,217525776.0,1728320.5
2021-06-09,0.36800000071525574,0.3709999918937683,0.3659999966621399,0.36899998784065247,178879680.0,197640688.0,1728320.5
2021-06-10,0.36800000071525574,0.3720000088214874,0.36800000071525574,0.3720000088214874,212401376.0,236412480.0,1728320.5
2021-06-11,0.37299999594688416,0.37299999594688416,0.3659999966621399,0.367000013589859,174105792.0,192239008.0,1728320.5
2021-06-15,0.367000013589859,0.37299999594688416,0.367000013589859,0.36899998784065247,311266304.0,345293984.0,1728320.5
2021-06-16,0.36899998784065247,0.3700000047683716,0.3580000102519989,0.35899999737739563,253729216.0,277096544.0,1728320.5
2021-06-17,0.35899999737739563,0.375,0.35899999737739563,0.37299999594688416,413917984.0,457812832.0,1728320.5
2021-06-18,0.37400001287460327,0.3799999952316284,0.37400001287460327,0.3779999911785126,303825856.0,343579712.0,1728320.5
2021-06-21,0.37700000405311584,0.3840000033378601,0.37400001287460327,0.382999986410141,282409760.0,323128416.0,1728320.5
2021-06-22,0.382999986410141,0.38499999046325684,0.3779999911785126,0.38199999928474426,185547504.0,211793376.0,1728320.5
2021-06-23,0.38100001215934753,0.39500001072883606,0.3790000081062317,0.39100000262260437,428412160.0,500589792.0,1728320.5
2021-06-24,0.3930000066757202,0.39800000190734863,0.38999998569488525,0.39100000262260437,253435952.0,299313984.0,1728320.5
2021-06-25,0.38999998569488525,0.39500001072883606,0.38600000739097595,0.3919999897480011,240120496.0,281646336.0,1728320.5
2021-06-28,0.3919999897480011,0.4020000100135803,0.3919999897480011,0.39899998903274536,325180928.0,389517504.0,1728320.5
2021-06-29,0.39899998903274536,0.4000000059604645,0.39399999380111694,0.39399999380111694,184939008.0,219893072.0,1728320.5
2021-06-30,0.39500001072883606,0.4020000100135803,0.39399999380111694,0.4009999930858612,290608320.0,348425920.0,1728320.5
2021-07-01,0.4020000100135803,0.40400001406669617,0.3959999978542328,0.3959999978542328,281115200.0,337952000.0,1728320.5
2021-07-02,0.3930000066757202,0.39500001072883606,0.38499999046325684,0.38600000739097595,312797056.0,365667872.0,1728320.5
2021-07-05,0.3869999945163727,0.39500001072883606,0.3869999945163727,0.39500001072883606,253872304.0,298769376.0,1728320.5
2021-07-06,0.3970000147819519,0.3970000147819519,0.38499999046325684,0.39100000262260437,233002064.0,274090464.0,1728320.5
2021-07-07,0.3880000114440918,0.3959999978542328,0.3840000033378601,0.39399999380111694,203817808.0,238876432.0,1728320.5
2021-07-08,0.39500001072883606,0.40299999713897705,0.39399999380111694,0.39899998903274536,331703488.0,397444896.0,1728320.5
2021-07-09,0.39800000190734863,0.39800000190734863,0.3880000114440918,0.39399999380111694,225955040.0,266080368.0,1728320.5
2021-07-12,0.3959999978542328,0.40400001406669617,0.3930000066757202,0.40299999713897705,371499872.0,445401728.0,1728320.5
2021-07-13,0.4020000100135803,0.4020000100135803,0.3919999897480011,0.39399999380111694,298158496.0,353255424.0,1728320.5
2021-07-14,0.39399999380111694,0.3959999978542328,0.3889999985694885,0.3889999985694885,166579200.0,195770736.0,1728320.5
2021-07-15,0.3889999985694885,0.39100000262260437,0.38199999928474426,0.3880000114440918,212540016.0,245631680.0,1728320.5
2021-07-16,0.3880000114440918,0.38999998569488525,0.3840000033378601,0.38499999046325684,141021408.0,163759504.0,1728320.5
2021-07-19,0.382999986410141,0.3930000066757202,0.38199999928474426,0.3930000066757202,215635904.0,251723072.0,1728320.5
2021-07-20,0.3889999985694885,0.3970000147819519,0.3880000114440918,0.3959999978542328,210868688.0,247762640.0,1728320.5
2021-07-21,0.3959999978542328,0.40299999713897705,0.39500001072883606,0.3970000147819519,322861024.0,387156704.0,1728320.5
2021-07-22,0.3970000147819519,0.4000000059604645,0.3930000066757202,0.39899998903274536,252313328.0,300382336.0,1728320.5
2021-07-23,0.39899998903274536,0.39899998903274536,0.3930000066757202,0.39500001072883606,161387200.0,191471616.0,1728320.5
2021-07-26,0.39500001072883606,0.3970000147819519,0.382999986410141,0.3919999897480011,229065648.0,269095264.0,1728320.5
2021-07-27,0.3919999897480011,0.4099999964237213,0.3919999897480011,0.39399999380111694,497428032.0,598816128.0,1728320.5
2021-07-28,0.3889999985694885,0.3959999978542328,0.37400001287460327,0.3889999985694885,295366528.0,342019840.0,1728320.5
2021-07-29,0.39500001072883606,0.4059999883174896,0.3919999897480011,0.4050000011920929,368651488.0,443133216.0,1728320.5
2021-07-30,0.4020000100135803,0.41100001335144043,0.4000000059604645,0.4099999964237213,389216032.0,474351808.0,1728320.5
2021-08-02,0.4099999964237213,0.414000004529953,0.40700000524520874,0.414000004529953,376412032.0,464090624.0,1728320.5
2021-08-03,0.414000004529953,0.4180000126361847,0.4050000011920929,0.40700000524520874,336380512.0,415554432.0,1728320.5
2021-08-04,0.4059999883174896,0.41999998688697815,0.4059999883174896,0.41999998688697815,411929376.0,513746048.0,1728320.5
2021-08-05,0.4180000126361847,0.421999990940094,0.414000004529953,0.4180000126361847,235281056.0,295493792.0,1728320.5
2021-08-06,0.4180000126361847,0.41999998688697815,0.41100001335144043,0.41600000858306885,251252608.0,312227712.0,1728320.5
2021-08-09,0.41200000047683716,0.41600000858306885,0.40700000524520874,0.414000004529953,217112608.0,267636112.0,1728320.5
2021-08-10,0.4129999876022339,0.414000004529953,0.40799999237060547,0.4129999876022339,196470592.0,242140640.0,1728320.5
2021-08-11,0.4129999876022339,0.4129999876022339,0.40700000524520874,0.40799999237060547,181149088.0,222514576.0,1728320.5
2021-08-12,0.4059999883174896,0.41600000858306885,0.4059999883174896,0.41200000047683716,219061504.0,271000160.0,1728320.5
2021-08-13,0.41100001335144043,0.41100001335144043,0.39800000190734863,0.39899998903274536,257062896.0,310566240.0,1728320.5
2021-08-16,0.39800000190734863,0.4009999930858612,0.39399999380111694,0.3970000147819519,147113904.0,175280896.0,1728320.5
2021-08-17,0.3970000147819519,0.3970000147819519,0.382999986410141,0.3840000033378601,230991296.0,269757184.0,1728320.5
2021-08-18,0.3840000033378601,0.38600000739097595,0.3799999952316284,0.3840000033378601,176906496.0,203234464.0,1728320.5
2021-08-19,0.3840000033378601,0.38999998569488525,0.382999986410141,0.3889999985694885,191238256.0,222011312.0,1728320.5
2021-08-20,0.3880000114440918,0.3889999985694885,0.38199999928474426,0.38499999046325684,150361504.0,173547936.0,1728320.5
2021-08-23,0.38600000739097595,0.39500001072883606,0.38499999046325684,0.3930000066757202,185735808.0,218378480.0,1728320.5
2021-08-24,0.39399999380111694,0.39800000190734863,0.39100000262260437,0.3970000147819519,162993504.0,193434176.0,1728320.5
2021-08-25,0.39500001072883606,0.3970000147819519,0.39100000262260437,0.3930000066757202,103218440.0,121807456.0,1728320.5
2021-08-26,0.3930000066757202,0.3930000066757202,0.382999986410141,0.38499999046325684,166529648.0,193360688.0,1728320.5
2021-08-27,0.38499999046325684,0.3880000114440918,0.38100001215934753,0.38600000739097595,136318592.0,157495168.0,1728320.5
2021-08-30,0.38999998569488525,0.39100000262260437,0.3799999952316284,0.382999986410141,175228704.0,203132192.0,1728320.5
2021-08-31,0.3790000081062317,0.3799999952316284,0.3700000047683716,0.37299999594688416,196260352.0,219742208.0,1728320.5
2021-09-01,0.3720000088214874,0.37599998712539673,0.36800000071525574,0.375,159805376.0,178101952.0,1728320.5
2021-09-02,0.375,0.375,0.36899998784065247,0.3709999918937683,148924304.0,165922560.0,1728320.5
2021-09-03,0.3700000047683716,0.37400001287460327,0.367000013589859,0.36899998784065247,179547200.0,199471392.0,1728320.5
2021-09-06,0.3700000047683716,0.37700000405311584,0.36800000071525574,0.37700000405311584,188315200.0,211038240.0,1728320.5
2021-09-07,0.3779999911785126,0.3790000081062317,0.375,0.3779999911785126,155705696.0,176232016.0,1728320.5
2021-09-08,0.37700000405311584,0.382999986410141,0.37700000405311584,0.382999986410141,160940320.0,183541184.0,1728320.5
2021-09-09,0.3799999952316284,0.38100001215934753,0.375,0.3779999911785126,128956192.0,146211776.0,1728320.5
2021-09-10,0.3779999911785126,0.3840000033378601,0.37299999594688416,0.38100001215934753,297687808.0,339071808.0,1728320.5
2021-09-13,0.3799999952316284,0.3799999952316284,0.37400001287460327,0.375,122329296.0,137815312.0,1728320.5
2021-09-14,0.37299999594688416,0.3779999911785126,0.3700000047683716,0.3720000088214874,145337296.0,163121392.0,1728320.5
2021-09-15,0.3709999918937683,0.3709999918937683,0.36500000953674316,0.367000013589859,146093696.0,160894912.0,1728320.5
2021-09-16,0.367000013589859,0.36800000071525574,0.36000001430511475,0.3610000014305115,147433104.0,160623072.0,1728320.5
2021-09-17,0.36000001430511475,0.3619999885559082,0.35499998927116394,0.3610000014305115,146840496.0,157861936.0,1728320.5
2021-09-22,0.3569999933242798,0.3610000014305115,0.35499998927116394,0.36000001430511475,82877400.0,89313216.0,1728320.5
2021-09-23,0.3610000014305115,0.3700000047683716,0.36000001430511475,0.36899998784065247,210183504.0,230520944.0,1728320.5
2021-09-24,0.36800000071525574,0.3709999918937683,0.367000013589859,0.367000013589859,108763296.0,120408720.0,1728320.5
2021-09-27,0.37299999594688416,0.37400001287460327,0.3659999966621399,0.36800000071525574,158452608.0,176021968.0,1728320.5
2021-09-28,0.36500000953674316,0.3709999918937683,0.3619999885559082,0.36800000071525574,101429200.0,111660256.0,1728320.5
2021-09-29,0.36500000953674316,0.36500000953674316,0.3569999933242798,0.35899999737739563,148346272.0,160036576.0,1728320.5
2021-09-30,0.35899999737739563,0.36399999260902405,0.3580000102519989,0.3610000014305115,92010696.0,99871648.0,1728320.5
2021-10-08,0.36500000953674316,0.3709999918937683,0.36500000953674316,0.36899998784065247,120181104.0,132916640.0,1728320.5
2021-10-11,0.3700000047683716,0.3720000088214874,0.36800000071525574,0.3700000047683716,108287296.0,120166160.0,1728320.5
2021-10-12,0.36899998784065247,0.36899998784065247,0.35499998927116394,0.3580000102519989,188809904.0,204138928.0,1728320.5
2021-10-13,0.3569999933242798,0.3610000014305115,0.35600000619888306,0.3610000014305115,164316784.0,176645840.0,1728320.5
2021-10-14,0.3610000014305115,0.3619999885559082,0.35899999737739563,0.36000001430511475,63838000.0,69047744.0,1728320.5
2021-10-15,0.3610000014305115,0.36500000953674316,0.35899999737739563,0.3630000054836273,96331240.0,104828024.0,1728320.5
2021-10-18,0.3619999885559082,0.3619999885559082,0.35499998927116394,0.3580000102519989,151281296.0,161807776.0,1728320.5
2021-10-19,0.3580000102519989,0.3630000054836273,0.3569999933242798,0.3619999885559082,120921800.0,130865360.0,1728320.5
2021-10-20,0.3630000054836273,0.36500000953674316,0.3610000014305115,0.3610000014305115,86537696.0,94131880.0,1728320.5
2021-10-21,0.3610000014305115,0.3619999885559082,0.3569999933242798,0.3580000102519989,96235296.0,103625896.0,1728320.5
2021-10-22,0.3580000102519989,0.36500000953674316,0.3569999933242798,0.3630000054836273,142376992.0,154911168.0,1728320.5
2021-10-25,0.36399999260902405,0.36399999260902405,0.35899999737739563,0.36399999260902405,111128496.0,120544168.0,1728320.5
2021-10-26,0.36399999260902405,0.37400001287460327,0.3619999885559082,0.3700000047683716,244726496.0,270766048.0,1728320.5
2021-10-27,0.3709999918937683,0.3709999918937683,0.36399999260902405,0.3659999966621399,124085408.0,136228784.0,1728320.5
2021-10-28,0.36399999260902405,0.3700000047683716,0.36000001430511475,0.36399999260902405,120848496.0,133089072.0,1728320.5
2021-10-29,0.36500000953674316,0.3720000088214874,0.36500000953674316,0.3720000088214874,168984368.0,187695696.0,1728320.5
2021-11-01,0.3720000088214874,0.38199999928474426,0.3720000088214874,0.38100001215934753,254380032.0,288947360.0,1728320.5
2021-11-02,0.38100001215934753,0.3869999945163727,0.3779999911785126,0.38100001215934753,196929264.0,226372240.0,1728320.5
2021-11-03,0.38199999928474426,0.38600000739097595,0.3779999911785126,0.38100001215934753,115189808.0,132139592.0,1728320.5
2021-11-04,0.382999986410141,0.3889999985694885,0.382999986410141,0.3889999985694885,180358496.0,209522928.0,1728320.5
2021-11-05,0.39100000262260437,0.3970000147819519,0.38999998569488525,0.39100000262260437,250063568.0,295809056.0,1728320.5
2021-11-08,0.3919999897480011,0.3919999897480011,0.38499999046325684,0.3880000114440918,115045000.0,133731480.0,1728320.5
2021-11-09,0.3880000114440918,0.39100000262260437,0.3840000033378601,0.38999998569488525,144110800.0,167607232.0,1728320.5
2021-11-10,0.38999998569488525,0.3919999897480011,0.38499999046325684,0.3889999985694885,131391728.0,153567872.0,1728320.5
2021-11-11,0.3869999945163727,0.3970000147819519,0.3869999945163727,0.39500001072883606,242080608.0,285798688.0,1728320.5
2021-11-12,0.3930000066757202,0.3970000147819519,0.3919999897480011,0.3959999978542328,105097608.0,124776680.0,1728320.5
2021-11-15,0.3970000147819519,0.4020000100135803,0.3970000147819519,0.4000000059604645,174099808.0,209211552.0,1728320.5
2021-11-16,0.4000000059604645,0.40400001406669617,0.39800000190734863,0.39899998903274536,167731504.0,201896112.0,1728320.5
2021-11-17,0.3970000147819519,0.4009999930858612,0.3959999978542328,0.4000000059604645,119633472.0,143326096.0,1728320.5
2021-11-18,0.4000000059604645,0.4020000100135803,0.3930000066757202,0.3930000066757202,144774576.0,171938320.0,1728320.5
2021-11-19,0.3930000066757202,0.40400001406669617,0.3930000066757202,0.4009999930858612,171903904.0,206483152.0,1728320.5
2021-11-22,0.4020000100135803,0.4129999876022339,0.4020000100135803,0.41200000047683716,246445024.0,302478944.0,1728320.5
2021-11-23,0.41100001335144043,0.41200000047683716,0.4090000092983246,0.4090000092983246,92290104.0,113503424.0,1728320.5
2021-11-24,0.4099999964237213,0.414000004529953,0.4090000092983246,0.41100001335144043,179735056.0,222155008.0,1728320.5
2021-11-25,0.41100001335144043,0.41200000047683716,0.40799999237060547,0.40799999237060547,84266304.0,103547384.0,1728320.5
2021-11-26,0.40700000524520874,0.40700000524520874,0.39899998903274536,0.39899998903274536,195703392.0,235595488.0,1728320.5
2021-11-29,0.39500001072883606,0.4000000059604645,0.39399999380111694,0.4000000059604645,95818304.0,114513488.0,1728320.5
2021-11-30,0.4009999930858612,0.40400001406669617,0.39800000190734863,0.4009999930858612,86506800.0,104159032.0,1728320.5
2021-12-01,0.4000000059604645,0.40400001406669617,0.4000000059604645,0.40299999713897705,69304096.0,83776944.0,1728320.5
2021-12-02,0.40299999713897705,0.4050000011920929,0.4000000059604645,0.4009999930858612,93453904.0,112884104.0,1728320.5
2021-12-03,0.4000000059604645,0.40700000524520874,0.4000000059604645,0.4050000011920929,87592856.0,106317904.0,1728320.5
2021-12-06,0.4050000011920929,0.4050000011920929,0.39899998903274536,0.4000000059604645,81878256.0,98933456.0,1728320.5
2021-12-07,0.4009999930858612,0.40400001406669617,0.39399999380111694,0.3970000147819519,113520504.0,135161072.0,1728320.5
2021-12-08,0.3970000147819519,0.41100001335144043,0.3970000147819519,0.4099999964237213,181005408.0,220795008.0,1728320.5
2021-12-09,0.41200000047683716,0.4180000126361847,0.41100001335144043,0.41600000858306885,223924704.0,279573920.0,1728320.5
2021-12-10,0.414000004529953,0.41600000858306885,0.41100001335144043,0.41200000047683716,72479600.0,89741432.0,1728320.5
2021-12-13,0.414000004529953,0.421999990940094,0.4129999876022339,0.4189999997615814,162797680.0,204723280.0,1728320.5
2021-12-14,0.4180000126361847,0.4230000078678131,0.4169999957084656,0.42100000381469727,117568608.0,148644528.0,1728320.5
2021-12-15,0.42100000381469727,0.4230000078678131,0.4169999957084656,0.4169999957084656,144503904.0,182207104.0,1728320.5
2021-12-16,0.4180000126361847,0.41999998688697815,0.41600000858306885,0.4189999997615814,101244768.0,127163616.0,1728320.5
2021-12-17,0.4180000126361847,0.4180000126361847,0.41100001335144043,0.41100001335144043,102536704.0,127290168.0,1728320.5
2021-12-20,0.4090000092983246,0.4129999876022339,0.39899998903274536,0.39899998903274536,111969200.0,135999664.0,1728320.5
2021-12-21,0.4020000100135803,0.40799999237060547,0.4009999930858612,0.40799999237060547,92655600.0,112782592.0,1728320.5
2021-12-22,0.4090000092983246,0.42399999499320984,0.4090000092983246,0.4189999997615814,214547504.0,270024928.0,1728320.5
2021-12-23,0.41999998688697815,0.4259999990463257,0.4189999997615814,0.4230000078678131,129252400.0,163983200.0,1728320.5
2021-12-24,0.4230000078678131,0.42800000309944153,0.4230000078678131,0.42500001192092896,140059904.0,178814672.0,1728320.5
2021-12-27,0.42500001192092896,0.4269999861717224,0.41999998688697815,0.42100000381469727,137398896.0,174305760.0,1728320.5
2021-12-28,0.4230000078678131,0.42399999499320984,0.41600000858306885,0.4189999997615814,79579400.0,100027896.0,1728320.5
2021-12-29,0.4189999997615814,0.4189999997615814,0.4099999964237213,0.4129999876022339,107491504.0,133198776.0,1728320.5
2021-12-30,0.41100001335144043,0.42399999499320984,0.41100001335144043,0.42100000381469727,186835072.0,234940176.0,1728320.5
2021-12-31,0.42100000381469727,0.4230000078678131,0.4169999957084656,0.4230000078678131,122207272.0,154485312.0,1728320.5
2022-01-04,0.42399999499320984,0.4269999861717224,0.4180000126361847,0.4259999990463257,136850832.0,173987296.0,1728320.5
2022-01-05,0.42500001192092896,0.42500001192092896,0.4059999883174896,0.4099999964237213,143637984.0,178143952.0,1728320.5
2022-01-06,0.4059999883174896,0.41100001335144043,0.40299999713897705,0.4090000092983246,80378808.0,98147584.0,1728320.5
2022-01-07,0.4090000092983246,0.4129999876022339,0.40299999713897705,0.40299999713897705,95217232.0,116012232.0,1728320.5
2022-01-10,0.4009999930858612,0.4099999964237213,0.39500001072883606,0.40799999237060547,126034016.0,152701616.0,1728320.5
2022-01-11,0.40799999237060547,0.40799999237060547,0.3959999978542328,0.3959999978542328,115968592.0,139533264.0,1728320.5
2022-01-12,0.39800000190734863,0.4009999930858612,0.3959999978542328,0.4000000059604645,118670496.0,141829776.0,1728320.5
2022-01-13,0.4020000100135803,0.4020000100135803,0.39100000262260437,0.3919999897480011,117081584.0,138375648.0,1728320.5
2022-01-14,0.3889999985694885,0.3970000147819519,0.3880000114440918,0.39399999380111694,74577632.0,88256400.0,1728320.5
2022-01-17,0.39399999380111694,0.40799999237060547,0.39399999380111694,0.4059999883174896,122846080.0,149018112.0,1728320.5
2022-01-18,0.4059999883174896,0.4129999876022339,0.4050000011920929,0.40700000524520874,113213984.0,138848992.0,1728320.5
2022-01-19,0.4059999883174896,0.40700000524520874,0.39800000190734863,0.4000000059604645,161658592.0,194811280.0,1728320.5
2022-01-20,0.39899998903274536,0.40299999713897705,0.3959999978542328,0.4000000059604645,121687400.0,145985968.0,1728320.5
2022-01-21,0.3970000147819519,0.3970000147819519,0.3889999985694885,0.38999998569488525,123008896.0,144858048.0,1728320.5
2022-01-24,0.3880000114440918,0.3959999978542328,0.3869999945163727,0.3930000066757202,81155904.0,95550920.0,1728320.5
2022-01-25,0.3930000066757202,0.3959999978542328,0.38199999928474426,0.382999986410141,125466600.0,145840416.0,1728320.5
2022-01-26,0.382999986410141,0.38499999046325684,0.37599998712539673,0.38199999928474426,73444200.0,84060848.0,1728320.5
2022-01-27,0.38199999928474426,0.382999986410141,0.36800000071525574,0.36899998784065247,102112096.0,114559024.0,1728320.5
2022-01-28,0.3709999918937683,0.37400001287460327,0.36500000953674316,0.3659999966621399,124207504.0,137755712.0,1728320.5
2022-02-07,0.3700000047683716,0.37299999594688416,0.36500000953674316,0.367000013589859,96342800.0,106136976.0,1728320.5
2022-02-08,0.3659999966621399,0.3659999966621399,0.35199999809265137,0.35899999737739563,169365200.0,182106448.0,1728320.5
2022-02-09,0.35899999737739563,0.36500000953674316,0.35499998927116394,0.36500000953674316,118391200.0,127880312.0,1728320.5
2022-02-10,0.3659999966621399,0.36800000071525574,0.3619999885559082,0.36399999260902405,124741696.0,136613328.0,1728320.5
2022-02-11,0.3610000014305115,0.3619999885559082,0.3529999852180481,0.3529999852180481,144251840.0,154248304.0,1728320.5
2022-02-14,0.35100001096725464,0.3569999933242798,0.3490000069141388,0.35199999809265137,166247600.0,175840176.0,1728320.5
2022-02-15,0.35199999809265137,0.3630000054836273,0.35100001096725464,0.3630000054836273,131725296.0,142045168.0,1728320.5
2022-02-16,0.36500000953674316,0.3659999966621399,0.36000001430511475,0.3610000014305115,74290400.0,80856304.0,1728320.5
2022-02-17,0.3610000014305115,0.36500000953674316,0.3580000102519989,0.3630000054836273,79343600.0,86236808.0,1728320.5
2022-02-18,0.3619999885559082,0.36399999260902405,0.36000001430511475,0.36399999260902405,83919400.0,90990824.0,1728320.5
2022-02-21,0.3630000054836273,0.367000013589859,0.3630000054836273,0.36399999260902405,79942000.0,87416800.0,1728320.5
2022-02-22,0.36000001430511475,0.36000001430511475,0.3540000021457672,0.3580000102519989,78875696.0,84360080.0,1728320.5
2022-02-23,0.3580000102519989,0.3720000088214874,0.3580000102519989,0.3720000088214874,186003392.0,205430448.0,1728320.5
2022-02-24,0.36899998784065247,0.3720000088214874,0.35899999737739563,0.36399999260902405,129022280.0,141453680.0,1728320.5
2022-02-25,0.367000013589859,0.3720000088214874,0.3659999966621399,0.367000013589859,166470704.0,183575712.0,1728320.5
2022-02-28,0.3659999966621399,0.36899998784065247,0.3630000054836273,0.3659999966621399,92596704.0,101417304.0,1728320.5
2022-03-01,0.367000013589859,0.367000013589859,0.36399999260902405,0.367000013589859,66656100.0,73162008.0,1728320.5
2022-03-02,0.36399999260902405,0.36399999260902405,0.3580000102519989,0.36000001430511475,136031696.0,146893472.0,1728320.5
2022-03-03,0.3610000014305115,0.3619999885559082,0.35100001096725464,0.35199999809265137,175783600.0,186402240.0,1728320.5
2022-03-04,0.3479999899864197,0.35100001096725464,0.3449999988079071,0.34700000286102295,222088992.0,231501904.0,1728320.5
2022-03-07,0.34299999475479126,0.34299999475479126,0.328000009059906,0.3310000002384186,296816800.0,296205120.0,1728320.5
2022-03-08,0.33000001311302185,0.3319999873638153,0.3199999928474426,0.32499998807907104,229128704.0,224988896.0,1728320.5
2022-03-09,0.32600000500679016,0.3310000002384186,0.3140000104904175,0.328000009059906,189302496.0,184152992.0,1728320.5
2022-03-10,0.3330000042915344,0.3370000123977661,0.33000001311302185,0.33000001311302185,192410896.0,192152032.0,1728320.5
2022-03-11,0.32600000500679016,0.32899999618530273,0.3179999887943268,0.328000009059906,141034208.0,136955120.0,1728320.5
2022-03-14,0.3240000009536743,0.3269999921321869,0.3179999887943268,0.3190000057220459,127668384.0,123398432.0,1728320.5
2022-03-15,0.3160000145435333,0.32100000977516174,0.3050000071525574,0.3050000071525574,188135808.0,176316912.0,1728320.5
2022-03-16,0.3109999895095825,0.3179999887943268,0.30000001192092896,0.3179999887943268,220916304.0,204569392.0,1728320.5
2022-03-17,0.3230000138282776,0.32899999618530273,0.32100000977516174,0.3240000009536743,174764016.0,170416976.0,1728320.5
2022-03-18,0.32199999690055847,0.32499998807907104,0.3190000057220459,0.3230000138282776,115889400.0,111898384.0,1728320.5
2022-03-21,0.3230000138282776,0.3269999921321869,0.3199999928474426,0.3240000009536743,99185904.0,96446480.0,1728320.5
2022-03-22,0.3240000009536743,0.32499998807907104,0.32100000977516174,0.32100000977516174,97712904.0,94415752.0,1728320.5
2022-03-23,0.3230000138282776,0.3319999873638153,0.3199999928474426,0.33000001311302185,380321216.0,373441216.0,1728320.5
2022-03-24,0.3269999921321869,0.3269999921321869,0.3199999928474426,0.32100000977516174,207534896.0,200387952.0,1728320.5
2022-03-25,0.32100000977516174,0.3230000138282776,0.3140000104904175,0.3149999976158142,120639904.0,115128984.0,1728320.5
2022-03-28,0.31200000643730164,0.3140000104904175,0.3089999854564667,0.3109999895095825,110771800.0,103301800.0,1728320.5
2022-03-29,0.31200000643730164,0.31299999356269836,0.3009999990463257,0.3019999861717224,214608800.0,196383104.0,1728320.5
2022-03-30,0.30300000309944153,0.3100000023841858,0.30300000309944153,0.3100000023841858,151665600.0,139816352.0,1728320.5
2022-03-31,0.3089999854564667,0.3089999854564667,0.30300000309944153,0.30399999022483826,116912968.0,106860016.0,1728320.5
2022-04-01,0.3009999990463257,0.3050000071525574,0.29899999499320984,0.30399999022483826,110012600.0,99911152.0,1728320.5
2022-04-06,0.30300000309944153,0.30300000309944153,0.29499998688697815,0.29600000381469727,264556800.0,236020784.0,1728320.5
2022-04-07,0.29600000381469727,0.2980000078678131,0.2919999957084656,0.2930000126361847,156648000.0,138634208.0,1728320.5
2022-04-08,0.2919999957084656,0.2930000126361847,0.28600001335144043,0.28999999165534973,139708400.0,121027712.0,1728320.5
2022-04-11,0.2879999876022339,0.2879999876022339,0.27399998903274536,0.2750000059604645,201401200.0,168557408.0,1728320.5
2022-04-12,0.2750000059604645,0.27799999713897705,0.27000001072883606,0.27799999713897705,173155296.0,142524096.0,1728320.5
2022-04-13,0.2759999930858612,0.2759999930858612,0.2709999978542328,0.2709999978542328,112312800.0,91910480.0,1728320.5
2022-04-14,0.27300000190734863,0.2770000100135803,0.2720000147819519,0.2759999930858612,136472096.0,112284520.0,1728320.5
2022-04-15,0.27300000190734863,0.2800000011920929,0.2720000147819519,0.27799999713897705,125643096.0,104099456.0,1728320.5
2022-04-18,0.2770000100135803,0.2849999964237213,0.2750000059604645,0.2849999964237213,158019696.0,133601216.0,1728320.5
2022-04-19,0.2849999964237213,0.28600001335144043,0.27900001406669617,0.2809999883174896,87325296.0,73754400.0,1728320.5
2022-04-20,0.28200000524520874,0.28299999237060547,0.2770000100135803,0.27799999713897705,89911904.0,75738840.0,1728320.5
2022-04-21,0.2770000100135803,0.28299999237060547,0.2720000147819519,0.27300000190734863,135450400.0,112644112.0,1728320.5
2022-04-22,0.2709999978542328,0.27300000190734863,0.2669999897480011,0.27000001072883606,120753904.0,98035696.0,1728320.5
2022-04-25,0.26499998569488525,0.26499998569488525,0.25,0.25099998712539673,217828192.0,168819008.0,1728320.5
2022-04-26,0.25200000405311584,0.25600001215934753,0.24500000476837158,0.2460000067949295,151440096.0,114101712.0,1728320.5
2022-04-27,0.24400000274181366,0.26100000739097595,0.24300000071525574,0.26100000739097595,185679808.0,141512560.0,1728320.5
2022-04-28,0.26100000739097595,0.26600000262260437,0.257999986410141,0.2639999985694885,152872992.0,120256352.0,1728320.5
2022-04-29,0.26600000262260437,0.27799999713897705,0.2639999985694885,0.2770000100135803,164059248.0,133761824.0,1728320.5
2022-05-05,0.2770000100135803,0.2809999883174896,0.2750000059604645,0.2770000100135803,132259200.0,110534568.0,1728320.5
2022-05-06,0.2709999978542328,0.27399998903274536,0.2669999897480011,0.2720000147819519,81772304.0,66536592.0,1728320.5
2022-05-09,0.26899999380111694,0.27300000190734863,0.2669999897480011,0.26899999380111694,80476896.0,65008652.0,1728320.5
2022-05-10,0.26499998569488525,0.2770000100135803,0.2630000114440918,0.2759999930858612,108982696.0,89298656.0,1728320.5
2022-05-11,0.2759999930858612,0.2919999957084656,0.2750000059604645,0.2840000092983246,221176176.0,189558208.0,1728320.5
2022-05-12,0.2809999883174896,0.28700000047683716,0.2809999883174896,0.2849999964237213,122275288.0,104248448.0,1728320.5
2022-05-13,0.28600001335144043,0.28700000047683716,0.28200000524520874,0.2840000092983246,96843000.0,82409264.0,1728320.5
2022-05-16,0.2849999964237213,0.2879999876022339,0.2800000011920929,0.2809999883174896,117336800.0,100005432.0,1728320.5
2022-05-17,0.2809999883174896,0.2879999876022339,0.2800000011920929,0.28700000047683716,120442000.0,103001320.0,1728320.5
2022-05-18,0.2879999876022339,0.29100000858306885,0.28700000047683716,0.289000004529953,114798704.0,99381760.0,1728320.5
2022-05-19,0.28299999237060547,0.28999999165534973,0.28299999237060547,0.28999999165534973,116834200.0,100590688.0,1728320.5
2022-05-20,0.28999999165534973,0.2939999997615814,0.28700000047683716,0.2919999957084656,91382600.0,79801008.0,1728320.5
2022-05-23,0.2919999957084656,0.2930000126361847,0.2879999876022339,0.2919999957084656,78560304.0,68472040.0,1728320.5
2022-05-24,0.29100000858306885,0.29499998688697815,0.2809999883174896,0.2809999883174896,112518200.0,97414808.0,1728320.5
2022-05-25,0.2809999883174896,0.2840000092983246,0.27900001406669617,0.28299999237060547,108543504.0,91490840.0,1728320.5
2022-05-26,0.28200000524520874,0.289000004529953,0.2770000100135803,0.28600001335144043,142931200.0,121899864.0,1728320.5
2022-05-27,0.28700000047683716,0.29100000858306885,0.2840000092983246,0.28600001335144043,85069000.0,73462488.0,1728320.5
2022-05-30,0.2849999964237213,0.28999999165534973,0.2840000092983246,0.2879999876022339,74684896.0,64308884.0,1728320.5
2022-05-31,0.2879999876022339,0.30000001192092896,0.2849999964237213,0.30000001192092896,234320192.0,207514272.0,1728320.5
2022-06-01,0.30000001192092896,0.30000001192092896,0.296999990940094,0.29899999499320984,232395008.0,208269648.0,1728320.5
2022-06-02,0.29600000381469727,0.30399999022483826,0.29600000381469727,0.30399999022483826,123850000.0,111910952.0,1728320.5
2022-06-06,0.30399999022483826,0.31200000643730164,0.30300000309944153,0.3109999895095825,180465408.0,167237888.0,1728320.5
2022-06-07,0.3100000023841858,0.3109999895095825,0.3050000071525574,0.3070000112056732,111400096.0,102716464.0,1728320.5
2022-06-08,0.3070000112056732,0.3100000023841858,0.30300000309944153,0.3070000112056732,135862800.0,124805808.0,1728320.5
2022-06-09,0.3050000071525574,0.3059999942779541,0.29600000381469727,0.2980000078678131,113097696.0,101906896.0,1728320.5
2022-06-10,0.29600000381469727,0.30300000309944153,0.29499998688697815,0.3019999861717224,95721800.0,86248128.0,1728320.5
2022-06-13,0.30000001192092896,0.30300000309944153,0.2980000078678131,0.3019999861717224,95420304.0,85924224.0,1728320.5
2022-06-14,0.2980000078678131,0.29899999499320984,0.2879999876022339,0.2980000078678131,158602896.0,139308608.0,1728320.5
2022-06-15,0.2980000078678131,0.3059999942779541,0.296999990940094,0.3009999990463257,145479296.0,131670272.0,1728320.5
2022-06-16,0.3009999990463257,0.3059999942779541,0.3009999990463257,0.30300000309944153,109780200.0,100071944.0,1728320.5
2022-06-17,0.30000001192092896,0.30399999022483826,0.29600000381469727,0.30399999022483826,116223640.0,105126192.0,1728320.5
2022-06-20,0.30399999022483826,0.3070000112056732,0.3019999861717224,0.3050000071525574,100593400.0,91961096.0,1728320.5
2022-06-21,0.3050000071525574,0.3089999854564667,0.30300000309944153,0.3059999942779541,120930096.0,111092664.0,1728320.5
2022-06-22,0.3059999942779541,0.30799999833106995,0.29499998688697815,0.29600000381469727,149395456.0,133941312.0,1728320.5
2022-06-23,0.29499998688697815,0.3019999861717224,0.2939999997615814,0.3009999990463257,123283800.0,110023728.0,1728320.5
2022-06-24,0.3009999990463257,0.3070000112056732,0.3009999990463257,0.3059999942779541,128759504.0,117660952.0,1728320.5
2022-06-27,0.3070000112056732,0.3100000023841858,0.3070000112056732,0.3100000023841858,180527808.0,167179824.0,1728320.5
2022-06-28,0.3089999854564667,0.31700000166893005,0.30399999022483826,0.31700000166893005,192363104.0,179823952.0,1728320.5
2022-06-29,0.31700000166893005,0.3190000057220459,0.3089999854564667,0.3100000023841858,212004992.0,199919600.0,1728320.5
2022-06-30,0.3089999854564667,0.3149999976158142,0.30799999833106995,0.31299999356269836,104917296.0,98325712.0,1728320.5
2022-07-01,0.31299999356269836,0.3160000145435333,0.3100000023841858,0.3109999895095825,122383888.0,114715888.0,1728320.5
2022-07-04,0.3100000023841858,0.3100000023841858,0.30300000309944153,0.3059999942779541,115617200.0,105985152.0,1728320.5
2022-07-05,0.3059999942779541,0.3070000112056732,0.296999990940094,0.3009999990463257,190978448.0,172226560.0,1728320.5
2022-07-06,0.30000001192092896,0.3050000071525574,0.2980000078678131,0.3009999990463257,137585856.0,124487584.0,1728320.5
2022-07-07,0.30000001192092896,0.30399999022483826,0.296999990940094,0.30300000309944153,132051200.0,119176832.0,1728320.5
2022-07-08,0.30300000309944153,0.3100000023841858,0.30300000309944153,0.3059999942779541,146595280.0,135143072.0,1728320.5
2022-07-11,0.30399999022483826,0.3059999942779541,0.296999990940094,0.29899999499320984,115891696.0,104096360.0,1728320.5
2022-07-12,0.2980000078678131,0.30000001192092896,0.2939999997615814,0.29499998688697815,93452200.0,83055808.0,1728320.5
2022-07-13,0.29499998688697815,0.29600000381469727,0.28999999165534973,0.2919999957084656,111015000.0,97372224.0,1728320.5
2022-07-14,0.2919999957084656,0.296999990940094,0.28999999165534973,0.29499998688697815,92209200.0,81611584.0,1728320.5
2022-07-15,0.2939999997615814,0.3009999990463257,0.2939999997615814,0.29600000381469727,116454800.0,104186600.0,1728320.5
2022-07-18,0.29600000381469727,0.30000001192092896,0.29100000858306885,0.30000001192092896,85206096.0,75615656.0,1728320.5
2022-07-19,0.2980000078678131,0.30300000309944153,0.296999990940094,0.30300000309944153,113091504.0,102172552.0,1728320.5
2022-07-20,0.30300000309944153,0.3059999942779541,0.3019999861717224,0.30399999022483826,80268400.0,73186752.0,1728320.5
2022-07-21,0.3019999861717224,0.30799999833106995,0.3009999990463257,0.3050000071525574,123875904.0,113907504.0,1728320.5
2022-07-22,0.3050000071525574,0.3070000112056732,0.29899999499320984,0.3019999861717224,105237696.0,95555840.0,1728320.5
2022-07-25,0.3009999990463257,0.3019999861717224,0.29600000381469727,0.29600000381469727,122395904.0,109272088.0,1728320.5
2022-07-26,0.29600000381469727,0.2980000078678131,0.29499998688697815,0.2980000078678131,209711600.0,186398608.0,1728320.5
2022-07-27,0.2980000078678131,0.29899999499320984,0.29600000381469727,0.2980000078678131,43977088.0,39169720.0,1728320.5
2022-07-28,0.29899999499320984,0.30799999833106995,0.29899999499320984,0.3059999942779541,138276784.0,126557248.0,1728320.5
2022-07-29,0.3070000112056732,0.3070000112056732,0.3019999861717224,0.30300000309944153,105842104.0,96714256.0,1728320.5
2022-08-01,0.3019999861717224,0.31200000643730164,0.29899999499320984,0.31200000643730164,372967072.0,346691936.0,1728320.5
2022-08-02,0.3070000112056732,0.3089999854564667,0.3019999861717224,0.3050000071525574,141053792.0,129306624.0,1728320.5
2022-08-03,0.3050000071525574,0.3109999895095825,0.30300000309944153,0.30399999022483826,122288456.0,112837144.0,1728320.5
2022-08-04,0.30399999022483826,0.30799999833106995,0.30399999022483826,0.3059999942779541,129492848.0,118804904.0,1728320.5
2022-08-05,0.3059999942779541,0.31700000166893005,0.3059999942779541,0.31700000166893005,217604896.0,204614720.0,1728320.5
2022-08-08,0.31700000166893005,0.3179999887943268,0.31299999356269836,0.31700000166893005,148940896.0,141122480.0,1728320.5
2022-08-09,0.3160000145435333,0.31700000166893005,0.31200000643730164,0.31700000166893005,80961648.0,76254544.0,1728320.5
2022-08-10,0.3149999976158142,0.31700000166893005,0.3100000023841858,0.3109999895095825,77345600.0,72724072.0,1728320.5
2022-08-11,0.31299999356269836,0.3230000138282776,0.31299999356269836,0.32199999690055847,129314016.0,123925592.0,1728320.5
2022-08-12,0.32199999690055847,0.3230000138282776,0.31700000166893005,0.3179999887943268,85100704.0,81614088.0,1728320.5
2022-08-15,0.31700000166893005,0.3179999887943268,0.3140000104904175,0.3149999976158142,277635104.0,262790208.0,1728320.5
2022-08-16,0.3149999976158142,0.31700000166893005,0.31200000643730164,0.3140000104904175,96954416.0,91476992.0,1728320.5
2022-08-17,0.31299999356269836,0.32100000977516174,0.31200000643730164,0.3199999928474426,115005696.0,109671856.0,1728320.5
2022-08-18,0.3199999928474426,0.32499998807907104,0.31700000166893005,0.3240000009536743,134496096.0,129774656.0,1728320.5
2022-08-19,0.3230000138282776,0.3269999921321869,0.31700000166893005,0.31700000166893005,115358704.0,111400520.0,1728320.5
2022-08-22,0.3149999976158142,0.32199999690055847,0.31299999356269836,0.3199999928474426,78014704.0,74706736.0,1728320.5
2022-08-23,0.3190000057220459,0.3199999928474426,0.3160000145435333,0.31700000166893005,99144400.0,94242240.0,1728320.5
2022-08-24,0.31700000166893005,0.31700000166893005,0.30399999022483826,0.3050000071525574,176809104.0,163384688.0,1728320.5
2022-08-25,0.3050000071525574,0.3070000112056732,0.3009999990463257,0.3050000071525574,172654896.0,157160800.0,1728320.5
2022-08-26,0.3070000112056732,0.3100000023841858,0.30300000309944153,0.30399999022483826,135024096.0,123957632.0,1728320.5
2022-08-29,0.30000001192092896,0.3050000071525574,0.29899999499320984,0.30300000309944153,71220096.0,64658484.0,1728320.5
2022-08-30,0.30300000309944153,0.3059999942779541,0.30000001192092896,0.3019999861717224,70927104.0,64356756.0,1728320.5
2022-08-31,0.30000001192092896,0.30399999022483826,0.29600000381469727,0.2980000078678131,88615600.0,79306560.0,1728320.5
2022-09-01,0.296999990940094,0.2980000078678131,0.2919999957084656,0.2930000126361847,157179296.0,139013760.0,1728320.5
2022-09-02,0.2930000126361847,0.30000001192092896,0.2930000126361847,0.2980000078678131,164138496.0,146814032.0,1728320.5
2022-09-05,0.2980000078678131,0.29899999499320984,0.2930000126361847,0.296999990940094,86507504.0,76841664.0,1728320.5
2022-09-06,0.296999990940094,0.29899999499320984,0.2939999997615814,0.2980000078678131,214829600.0,191819904.0,1728320.5
2022-09-07,0.296999990940094,0.3019999861717224,0.296999990940094,0.3009999990463257,78722400.0,70831288.0,1728320.5
2022-09-08,0.3009999990463257,0.3009999990463257,0.29600000381469727,0.29600000381469727,63676500.0,56919448.0,1728320.5
2022-09-09,0.29600000381469727,0.296999990940094,0.2930000126361847,0.29600000381469727,86235296.0,76339200.0,1728320.5
2022-09-13,0.2980000078678131,0.3019999861717224,0.29600000381469727,0.296999990940094,167189904.0,149719680.0,1728320.5
2022-09-14,0.2930000126361847,0.29499998688697815,0.2919999957084656,0.2930000126361847,76594096.0,67358384.0,1728320.5
2022-09-15,0.2939999997615814,0.2939999997615814,0.28299999237060547,0.2849999964237213,124891296.0,107980744.0,1728320.5
2022-09-16,0.2840000092983246,0.28700000047683716,0.2800000011920929,0.2809999883174896,97768952.0,83316152.0,1728320.5
2022-09-19,0.2800000011920929,0.2809999883174896,0.2750000059604645,0.2750000059604645,146424352.0,121594256.0,1728320.5
2022-09-20,0.2759999930858612,0.27900001406669617,0.27300000190734863,0.2750000059604645,89227104.0,73740240.0,1728320.5
2022-09-21,0.27399998903274536,0.27399998903274536,0.26899999380111694,0.2720000147819519,71299200.0,57957128.0,1728320.5
2022-09-22,0.27000001072883606,0.2720000147819519,0.2669999897480011,0.2680000066757202,95407696.0,77143792.0,1728320.5
2022-09-23,0.2680000066757202,0.27000001072883606,0.26100000739097595,0.2639999985694885,102908496.0,81807712.0,1728320.5
2022-09-26,0.2619999945163727,0.26600000262260437,0.26100000739097595,0.2619999945163727,71884000.0,56827812.0,1728320.5
2022-09-27,0.2619999945163727,0.2669999897480011,0.2619999945163727,0.26600000262260437,103362000.0,81739928.0,1728320.5
2022-09-28,0.26499998569488525,0.26499998569488525,0.25699999928474426,0.25699999928474426,95305104.0,74487712.0,1728320.5
2022-09-29,0.257999986410141,0.26100000739097595,0.25600001215934753,0.25699999928474426,80817000.0,62796168.0,1728320.5
2022-09-30,0.25600001215934753,0.25699999928474426,0.25200000405311584,0.2529999911785126,96525600.0,73686184.0,1728320.5
2022-10-10,0.25200000405311584,0.25200000405311584,0.24199999868869781,0.24199999868869781,187338704.0,137863536.0,1728320.5
2022-10-11,0.24199999868869781,0.24400000274181366,0.2409999966621399,0.24300000071525574,84014304.0,61041320.0,1728320.5
2022-10-12,0.24199999868869781,0.25099998712539673,0.23899999260902405,0.25099998712539673,108562736.0,79642640.0,1728320.5
2022-10-13,0.25,0.2540000081062317,0.24899999797344208,0.25099998712539673,90020096.0,68024544.0,1728320.5
2022-10-14,0.2529999911785126,0.257999986410141,0.25200000405311584,0.257999986410141,86306248.0,66215072.0,1728320.5
2022-10-17,0.2549999952316284,0.26100000739097595,0.2549999952316284,0.25999999046325684,88222704.0,68677072.0,1728320.5
2022-10-18,0.26100000739097595,0.2619999945163727,0.257999986410141,0.2590000033378601,65566800.0,51132824.0,1728320.5
2022-10-19,0.2590000033378601,0.25999999046325684,0.25699999928474426,0.25699999928474426,55604712.0,43028216.0,1728320.5
2022-10-20,0.25600001215934753,0.2619999945163727,0.2529999911785126,0.2590000033378601,95869904.0,74067200.0,1728320.5
2022-10-21,0.257999986410141,0.2590000033378601,0.2549999952316284,0.25600001215934753,79988896.0,61620680.0,1728320.5
2022-10-24,0.2549999952316284,0.26100000739097595,0.25,0.2529999911785126,91065104.0,70108848.0,1728320.5
2022-10-25,0.25099998712539673,0.2549999952316284,0.24899999797344208,0.25200000405311584,68906096.0,52029252.0,1728320.5
2022-10-26,0.25099998712539673,0.2590000033378601,0.25,0.25699999928474426,84493000.0,64620296.0,1728320.5
2022-10-27,0.257999986410141,0.26100000739097595,0.25600001215934753,0.25699999928474426,103506304.0,80117200.0,1728320.5
2022-10-28,0.2549999952316284,0.25600001215934753,0.2460000067949295,0.24799999594688416,103312800.0,78062216.0,1728320.5
2022-10-31,0.2460000067949295,0.25600001215934753,0.24500000476837158,0.2540000081062317,84871904.0,64304912.0,1728320.5
2022-11-01,0.2540000081062317,0.2590000033378601,0.25200000405311584,0.2590000033378601,77889504.0,59838172.0,1728320.5
2022-11-02,0.26100000739097595,0.26499998569488525,0.26100000739097595,0.26499998569488525,150668000.0,119244880.0,1728320.5
2022-11-03,0.2619999945163727,0.2669999897480011,0.26100000739097595,0.2669999897480011,124605504.0,98807784.0,1728320.5
2022-11-04,0.2669999897480011,0.27300000190734863,0.26600000262260437,0.2720000147819519,115074096.0,93265296.0,1728320.5
2022-11-07,0.2720000147819519,0.2759999930858612,0.2709999978542328,0.27399998903274536,90567104.0,74336712.0,1728320.5
2022-11-08,0.27399998903274536,0.27399998903274536,0.26899999380111694,0.2709999978542328,113515000.0,92095008.0,1728320.5
2022-11-09,0.26899999380111694,0.2709999978542328,0.2669999897480011,0.2669999897480011,96345904.0,77565568.0,1728320.5
2022-11-10,0.2639999985694885,0.2669999897480011,0.25999999046325684,0.2619999945163727,86058200.0,67766920.0,1728320.5
2022-11-11,0.2680000066757202,0.26899999380111694,0.26499998569488525,0.26499998569488525,92054704.0,73632104.0,1728320.5
2022-11-14,0.26499998569488525,0.27000001072883606,0.26499998569488525,0.26600000262260437,66373900.0,53263924.0,1728320.5
2022-11-15,0.26499998569488525,0.2809999883174896,0.26499998569488525,0.2800000011920929,196540400.0,162594416.0,1728320.5
2022-11-16,0.27900001406669617,0.28200000524520874,0.2770000100135803,0.27799999713897705,79657904.0,66889564.0,1728320.5
2022-11-17,0.27799999713897705,0.28299999237060547,0.27300000190734863,0.28299999237060547,118160496.0,98426032.0,1728320.5
2022-11-18,0.28200000524520874,0.2840000092983246,0.27799999713897705,0.27900001406669617,87108400.0,73702152.0,1728320.5
2022-11-21,0.27799999713897705,0.27799999713897705,0.27300000190734863,0.2770000100135803,51000600.0,42202344.0,1728320.5
2022-11-22,0.2770000100135803,0.27900001406669617,0.27300000190734863,0.2750000059604645,61596500.0,51082216.0,1728320.5
2022-11-23,0.2750000059604645,0.2750000059604645,0.26899999380111694,0.2720000147819519,89583064.0,73028608.0,1728320.5
2022-11-24,0.27300000190734863,0.2750000059604645,0.2680000066757202,0.26899999380111694,82289904.0,66649948.0,1728320.5
2022-11-25,0.27000001072883606,0.2720000147819519,0.26600000262260437,0.2669999897480011,80506704.0,64706672.0,1728320.5
2022-11-28,0.2639999985694885,0.2639999985694885,0.26100000739097595,0.2630000114440918,87089104.0,68628392.0,1728320.5
2022-11-29,0.2630000114440918,0.2680000066757202,0.2630000114440918,0.2669999897480011,116617904.0,93069408.0,1728320.5
2022-11-30,0.2669999897480011,0.26899999380111694,0.26499998569488525,0.2669999897480011,59839644.0,47858920.0,1728320.5
2022-12-01,0.26899999380111694,0.27399998903274536,0.26899999380111694,0.2720000147819519,116880640.0,95529512.0,1728320.5
2022-12-02,0.2709999978542328,0.27300000190734863,0.27000001072883606,0.27000001072883606,66650500.0,54164208.0,1728320.5
2022-12-05,0.27000001072883606,0.2720000147819519,0.26899999380111694,0.2720000147819519,78439184.0,63628968.0,1728320.5
2022-12-06,0.2709999978542328,0.2759999930858612,0.27000001072883606,0.27399998903274536,77379584.0,63593144.0,1728320.5
2022-12-07,0.27300000190734863,0.2750000059604645,0.2709999978542328,0.2720000147819519,184338208.0,150838160.0,1728320.5
2022-12-08,0.2720000147819519,0.2720000147819519,0.26899999380111694,0.26899999380111694,57555500.0,46582180.0,1728320.5
2022-12-09,0.26899999380111694,0.27000001072883606,0.2680000066757202,0.26899999380111694,66400800.0,53539760.0,1728320.5
2022-12-12,0.26899999380111694,0.2770000100135803,0.2680000066757202,0.2750000059604645,125512088.0,102853384.0,1728320.5
2022-12-13,0.27300000190734863,0.2750000059604645,0.2709999978542328,0.2709999978542328,60847888.0,49743516.0,1728320.5
2022-12-14,0.2750000059604645,0.2750000059604645,0.27000001072883606,0.27000001072883606,56886388.0,46506844.0,1728320.5
2022-12-15,0.27000001072883606,0.2750000059604645,0.26899999380111694,0.27300000190734863,63411500.0,51962140.0,1728320.5
2022-12-16,0.2720000147819519,0.2720000147819519,0.2680000066757202,0.27000001072883606,56502100.0,45672220.0,1728320.5
2022-12-19,0.27000001072883606,0.27000001072883606,0.2630000114440918,0.2639999985694885,96324960.0,76861960.0,1728320.5
2022-12-20,0.2630000114440918,0.26600000262260437,0.26100000739097595,0.2630000114440918,75595904.0,59696392.0,1728320.5
2022-12-21,0.2619999945163727,0.26499998569488525,0.2590000033378601,0.26100000739097595,84197000.0,65975428.0,1728320.5
2022-12-22,0.2619999945163727,0.2639999985694885,0.25999999046325684,0.25999999046325684,51745100.0,40656380.0,1728320.5
2022-12-23,0.2590000033378601,0.26100000739097595,0.25699999928474426,0.257999986410141,52684900.0,40906112.0,1728320.5
2022-12-26,0.25999999046325684,0.26499998569488525,0.2590000033378601,0.2639999985694885,51529696.0,40653448.0,1728320.5
2022-12-27,0.26499998569488525,0.2669999897480011,0.2630000114440918,0.26600000262260437,51158900.0,40634752.0,1728320.5
2022-12-28,0.26600000262260437,0.26600000262260437,0.2619999945163727,0.2630000114440918,54474492.0,43054876.0,1728320.5
2022-12-29,0.2619999945163727,0.26499998569488525,0.26100000739097595,0.2630000114440918,61399892.0,48567308.0,1728320.5
2022-12-30,0.2639999985694885,0.26600000262260437,0.2630000114440918,0.2630000114440918,37592600.0,29762296.0,1728320.5
2023-01-03,0.2619999945163727,0.27000001072883606,0.26100000739097595,0.27000001072883606,124109144.0,99540160.0,1728320.5
2023-01-04,0.26899999380111694,0.2709999978542328,0.2639999985694885,0.26600000262260437,69189200.0,55402244.0,1728320.5
2023-01-05,0.2669999897480011,0.27300000190734863,0.26600000262260437,0.2720000147819519,102927000.0,83421232.0,1728320.5
2023-01-06,0.2709999978542328,0.27300000190734863,0.26899999380111694,0.27000001072883606,63534600.0,51631636.0,1728320.5
2023-01-09,0.27000001072883606,0.27399998903274536,0.27000001072883606,0.2709999978542328,57214800.0,46685876.0,1728320.5
2023-01-10,0.2709999978542328,0.27399998903274536,0.27000001072883606,0.2720000147819519,63048600.0,51447056.0,1728320.5
2023-01-11,0.27300000190734863,0.2750000059604645,0.27000001072883606,0.2709999978542328,114055800.0,93548608.0,1728320.5
2023-01-12,0.2709999978542328,0.27300000190734863,0.27000001072883606,0.2720000147819519,59986816.0,48810600.0,1728320.5
2023-01-13,0.2720000147819519,0.2720000147819519,0.26899999380111694,0.2709999978542328,49508700.0,40196104.0,1728320.5
2023-01-16,0.27000001072883606,0.27900001406669617,0.27000001072883606,0.2770000100135803,106848600.0,88375616.0,1728320.5
2023-01-17,0.2770000100135803,0.28299999237060547,0.2770000100135803,0.2800000011920929,95329504.0,80299216.0,1728320.5
2023-01-18,0.2809999883174896,0.28299999237060547,0.2800000011920929,0.28200000524520874,70990496.0,59985220.0,1728320.5
2023-01-19,0.2809999883174896,0.2849999964237213,0.2809999883174896,0.2849999964237213,58314500.0,49557996.0,1728320.5
2023-01-20,0.2849999964237213,0.2879999876022339,0.2849999964237213,0.28700000047683716,95471400.0,82072696.0,1728320.5
2023-01-30,0.28999999165534973,0.29499998688697815,0.28999999165534973,0.2930000126361847,109051400.0,95733792.0,1728320.5
2023-01-31,0.2930000126361847,0.2930000126361847,0.2879999876022339,0.289000004529953,80560600.0,69928400.0,1728320.5
2023-02-01,0.2879999876022339,0.2930000126361847,0.2879999876022339,0.2930000126361847,88102152.0,76822720.0,1728320.5
2023-02-02,0.2930000126361847,0.296999990940094,0.2919999957084656,0.2930000126361847,143064320.0,126588440.0,1728320.5
2023-02-03,0.2939999997615814,0.2980000078678131,0.28999999165534973,0.296999990940094,119157352.0,104996488.0,1728320.5
2023-02-06,0.29600000381469727,0.296999990940094,0.2919999957084656,0.2939999997615814,115651400.0,101929232.0,1728320.5
2023-02-07,0.2930000126361847,0.29600000381469727,0.2919999957084656,0.2939999997615814,72255696.0,63772788.0,1728320.5
2023-02-08,0.29499998688697815,0.296999990940094,0.28999999165534973,0.29100000858306885,62677200.0,54989952.0,1728320.5
2023-02-09,0.28999999165534973,0.30000001192092896,0.289000004529953,0.30000001192092896,123895144.0,110030640.0,1728320.5
2023-02-10,0.30000001192092896,0.3050000071525574,0.29899999499320984,0.30000001192092896,100729400.0,91267496.0,1728320.5
2023-02-13,0.30000001192092896,0.30399999022483826,0.2980000078678131,0.30399999022483826,70250304.0,63517020.0,1728320.5
2023-02-14,0.30399999022483826,0.3050000071525574,0.30000001192092896,0.3019999861717224,54916900.0,49790880.0,1728320.5
2023-02-15,0.3019999861717224,0.3070000112056732,0.3009999990463257,0.3070000112056732,87329400.0,79865168.0,1728320.5
2023-02-16,0.3070000112056732,0.31299999356269836,0.30000001192092896,0.3019999861717224,137331392.0,126562736.0,1728320.5
2023-02-17,0.3019999861717224,0.30300000309944153,0.29100000858306885,0.2919999957084656,108304680.0,95919296.0,1728320.5
2023-02-20,0.28999999165534973,0.296999990940094,0.28999999165534973,0.29600000381469727,69626496.0,61261648.0,1728320.5
2023-02-21,0.29600000381469727,0.30000001192092896,0.2939999997615814,0.296999990940094,73057544.0,65192168.0,1728320.5
2023-02-22,0.29600000381469727,0.296999990940094,0.2919999957084656,0.29499998688697815,58361600.0,51629688.0,1728320.5
2023-02-23,0.29499998688697815,0.29600000381469727,0.2919999957084656,0.2939999997615814,58956600.0,52010352.0,1728320.5
2023-02-24,0.2939999997615814,0.29600000381469727,0.29100000858306885,0.2939999997615814,52234100.0,46048412.0,1728320.5
2023-02-27,0.2930000126361847,0.2930000126361847,0.28999999165534973,0.28999999165534973,52694600.0,46012592.0,1728320.5
2023-02-28,0.2930000126361847,0.2980000078678131,0.29100000858306885,0.29499998688697815,81640000.0,72174304.0,1728320.5
2023-03-01,0.2939999997615814,0.3009999990463257,0.2930000126361847,0.3009999990463257,98655760.0,88234584.0,1728320.5
2023-03-02,0.30000001192092896,0.30300000309944153,0.29899999499320984,0.30000001192092896,147751696.0,133108160.0,1728320.5
2023-03-03,0.30000001192092896,0.30000001192092896,0.29499998688697815,0.29899999499320984,67414496.0,60219952.0,1728320.5
2023-03-06,0.29899999499320984,0.3019999861717224,0.29899999499320984,0.29899999499320984,55217100.0,49688000.0,1728320.5
2023-03-07,0.29899999499320984,0.29899999499320984,0.28999999165534973,0.29100000858306885,100425400.0,88553760.0,1728320.5
2023-03-08,0.28999999165534973,0.2939999997615814,0.289000004529953,0.2930000126361847,78167800.0,68442944.0,1728320.5
2023-03-09,0.2919999957084656,0.2980000078678131,0.2919999957084656,0.296999990940094,87486800.0,77352272.0,1728320.5
2023-03-10,0.2939999997615814,0.29600000381469727,0.2919999957084656,0.2930000126361847,70161600.0,61902944.0,1728320.5
2023-03-13,0.29100000858306885,0.296999990940094,0.28999999165534973,0.296999990940094,119753600.0,105432920.0,1728320.5
2023-03-14,0.29499998688697815,0.29600000381469727,0.289000004529953,0.29499998688697815,82461104.0,72520080.0,1728320.5
2023-03-15,0.29499998688697815,0.2980000078678131,0.2939999997615814,0.2939999997615814,83944600.0,74431208.0,1728320.5
2023-03-16,0.2930000126361847,0.2939999997615814,0.28999999165534973,0.28999999165534973,74708200.0,65479592.0,1728320.5
2023-03-17,0.2930000126361847,0.29899999499320984,0.2930000126361847,0.2980000078678131,137321200.0,122490640.0,1728320.5
2023-03-20,0.2980000078678131,0.3059999942779541,0.2980000078678131,0.3019999861717224,135678304.0,122839072.0,1728320.5
2023-03-21,0.3009999990463257,0.30399999022483826,0.30000001192092896,0.30300000309944153,102541296.0,93028608.0,1728320.5
2023-03-22,0.30399999022483826,0.3140000104904175,0.30300000309944153,0.3140000104904175,201605392.0,187635632.0,1728320.5
2023-03-23,0.31299999356269836,0.32600000500679016,0.31200000643730164,0.32499998807907104,228943184.0,220172944.0,1728320.5
2023-03-24,0.32499998807907104,0.3310000002384186,0.3240000009536743,0.3310000002384186,176333296.0,173680160.0,1728320.5
2023-03-27,0.33000001311302185,0.3330000042915344,0.3230000138282776,0.32899999618530273,285164800.0,281546016.0,1728320.5
2023-03-28,0.3269999921321869,0.3269999921321869,0.3199999928474426,0.3199999928474426,96084504.0,93123016.0,1728320.5
2023-03-29,0.3190000057220459,0.3269999921321869,0.3179999887943268,0.3240000009536743,147393712.0,142890560.0,1728320.5
2023-03-30,0.3240000009536743,0.3269999921321869,0.31700000166893005,0.3230000138282776,95434416.0,92479056.0,1728320.5
2023-03-31,0.3230000138282776,0.328000009059906,0.3179999887943268,0.328000009059906,166373792.0,161489952.0,1728320.5
2023-04-03,0.32899999618530273,0.3409999907016754,0.32899999618530273,0.33899998664855957,190590400.0,191725552.0,1728320.5
2023-04-04,0.33899998664855957,0.34599998593330383,0.33799999952316284,0.34299999475479126,169904096.0,174453840.0,1728320.5
2023-04-06,0.3400000035762787,0.35499998927116394,0.33799999952316284,0.35199999809265137,232621152.0,244347808.0,1728320.5
2023-04-07,0.35199999809265137,0.35499998927116394,0.3490000069141388,0.3540000021457672,161565424.0,170903968.0,1728320.5
2023-04-10,0.3540000021457672,0.3580000102519989,0.3409999907016754,0.34200000762939453,210553504.0,221263472.0,1728320.5
2023-04-11,0.34299999475479126,0.34599998593330383,0.33799999952316284,0.34200000762939453,104515504.0,107240776.0,1728320.5
2023-04-12,0.34200000762939453,0.35499998927116394,0.3400000035762787,0.3529999852180481,121200776.0,127187248.0,1728320.5
2023-04-13,0.3499999940395355,0.35100001096725464,0.3370000123977661,0.33899998664855957,131935120.0,135566560.0,1728320.5
2023-04-14,0.3400000035762787,0.34200000762939453,0.3310000002384186,0.3400000035762787,160081408.0,161720704.0,1728320.5
2023-04-17,0.3400000035762787,0.3400000035762787,0.3330000042915344,0.3370000123977661,86905720.0,87764728.0,1728320.5
2023-04-18,0.335999995470047,0.34299999475479126,0.3310000002384186,0.33899998664855957,107447520.0,108343896.0,1728320.5
2023-04-19,0.33799999952316284,0.3440000116825104,0.33500000834465027,0.33500000834465027,99942120.0,101781608.0,1728320.5
2023-04-20,0.3370000123977661,0.34599998593330383,0.335999995470047,0.3449999988079071,140999600.0,144932640.0,1728320.5
2023-04-21,0.34599998593330383,0.34599998593330383,0.32899999618530273,0.3310000002384186,115622496.0,116560608.0,1728320.5
2023-04-24,0.32899999618530273,0.33500000834465027,0.328000009059906,0.3310000002384186,106801400.0,105942888.0,1728320.5
2023-04-25,0.328000009059906,0.32899999618530273,0.3149999976158142,0.3199999928474426,102511504.0,98910496.0,1728320.5
2023-04-26,0.31700000166893005,0.3199999928474426,0.3059999942779541,0.3100000023841858,107021800.0,100317712.0,1728320.5
2023-04-27,0.3070000112056732,0.3100000023841858,0.30000001192092896,0.30300000309944153,154763104.0,141879360.0,1728320.5
2023-04-28,0.30399999022483826,0.31200000643730164,0.3019999861717224,0.31200000643730164,103861560.0,96549080.0,1728320.5
2023-05-04,0.3100000023841858,0.31200000643730164,0.30300000309944153,0.3050000071525574,139387504.0,127539680.0,1728320.5
2023-05-05,0.30399999022483826,0.3050000071525574,0.2980000078678131,0.30000001192092896,87316400.0,79013624.0,1728320.5
2023-05-08,0.30000001192092896,0.30399999022483826,0.2980000078678131,0.3019999861717224,85856400.0,77471824.0,1728320.5
2023-05-09,0.30399999022483826,0.3070000112056732,0.30000001192092896,0.3009999990463257,120186096.0,109644360.0,1728320.5
2023-05-10,0.30000001192092896,0.30399999022483826,0.2939999997615814,0.2980000078678131,92055296.0,82361416.0,1728320.5
2023-05-11,0.2980000078678131,0.29899999499320984,0.29600000381469727,0.296999990940094,59816400.0,53429560.0,1728320.5
2023-05-12,0.29600000381469727,0.29899999499320984,0.2930000126361847,0.2939999997615814,61565100.0,54597512.0,1728320.5
2023-05-15,0.29499998688697815,0.296999990940094,0.289000004529953,0.296999990940094,78661400.0,68934144.0,1728320.5
2023-05-16,0.296999990940094,0.2980000078678131,0.2919999957084656,0.29499998688697815,68534896.0,60698320.0,1728320.5
2023-05-17,0.2939999997615814,0.3009999990463257,0.2939999997615814,0.30000001192092896,77164200.0,69091128.0,1728320.5
2023-05-18,0.3009999990463257,0.3100000023841858,0.3009999990463257,0.30799999833106995,184833408.0,170654768.0,1728320.5
2023-05-19,0.3070000112056732,0.31200000643730164,0.3059999942779541,0.3089999854564667,98977400.0,91973024.0,1728320.5
2023-05-22,0.3100000023841858,0.31200000643730164,0.3019999861717224,0.3050000071525574,84824344.0,77854760.0,1728320.5
2023-05-23,0.3050000071525574,0.3050000071525574,0.30000001192092896,0.30000001192092896,71406800.0,64624640.0,1728320.5
2023-05-24,0.2980000078678131,0.30399999022483826,0.29600000381469727,0.29899999499320984,79915200.0,71692968.0,1728320.5
2023-05-25,0.30300000309944153,0.3100000023841858,0.29899999499320984,0.3050000071525574,107351152.0,98106288.0,1728320.5
2023-05-26,0.3050000071525574,0.3089999854564667,0.30300000309944153,0.3089999854564667,106043856.0,97679016.0,1728320.5
2023-05-29,0.3109999895095825,0.3160000145435333,0.3100000023841858,0.3109999895095825,89808896.0,84178736.0,1728320.5
2023-05-30,0.3109999895095825,0.3179999887943268,0.3059999942779541,0.3179999887943268,101355504.0,94980072.0,1728320.5
2023-05-31,0.31700000166893005,0.32199999690055847,0.3140000104904175,0.32100000977516174,91160496.0,87119048.0,1728320.5
2023-06-01,0.3199999928474426,0.328000009059906,0.3179999887943268,0.32499998807907104,107519872.0,104666224.0,1728320.5
2023-06-02,0.32600000500679016,0.328000009059906,0.3240000009536743,0.32600000500679016,87659104.0,85514976.0,1728320.5
2023-06-05,0.32499998807907104,0.3310000002384186,0.3240000009536743,0.328000009059906,77869200.0,76511792.0,1728320.5
2023-06-06,0.32600000500679016,0.32600000500679016,0.3149999976158142,0.3160000145435333,97156096.0,93349640.0,1728320.5
2023-06-07,0.3149999976158142,0.32199999690055847,0.3149999976158142,0.3199999928474426,76056304.0,72824384.0,1728320.5
2023-06-08,0.3190000057220459,0.3190000057220459,0.31200000643730164,0.3160000145435333,74342808.0,70390264.0,1728320.5
2023-06-09,0.3160000145435333,0.32600000500679016,0.3140000104904175,0.32600000500679016,120092496.0,115214560.0,1728320.5
2023-06-12,0.32600000500679016,0.3330000042915344,0.32600000500679016,0.3319999873638153,90420304.0,89806576.0,1728320.5
2023-06-13,0.3330000042915344,0.3400000035762787,0.32899999618530273,0.33899998664855957,124110944.0,124865416.0,1728320.5
2023-06-14,0.33899998664855957,0.34599998593330383,0.3370000123977661,0.34299999475479126,129711600.0,132779568.0,1728320.5
2023-06-15,0.34299999475479126,0.3499999940395355,0.34299999475479126,0.3440000116825104,114581936.0,119050496.0,1728320.5
2023-06-16,0.34299999475479126,0.3569999933242798,0.34200000762939453,0.35600000619888306,228126208.0,239799920.0,1728320.5
2023-06-19,0.3569999933242798,0.3700000047683716,0.35600000619888306,0.36800000071525574,260657696.0,283435456.0,1728320.5
2023-06-20,0.3659999966621399,0.37400001287460327,0.3630000054836273,0.37400001287460327,223731808.0,247898912.0,1728320.5
2023-06-21,0.3720000088214874,0.3720000088214874,0.35899999737739563,0.35899999737739563,167750352.0,182640352.0,1728320.5
2023-06-26,0.3569999933242798,0.3580000102519989,0.3440000116825104,0.34599998593330383,157419200.0,165084848.0,1728320.5
2023-06-27,0.3440000116825104,0.35100001096725464,0.3440000116825104,0.3499999940395355,119079656.0,124197320.0,1728320.5
2023-06-28,0.3499999940395355,0.3499999940395355,0.3330000042915344,0.3400000035762787,107941800.0,109473712.0,1728320.5
2023-06-29,0.33899998664855957,0.35100001096725464,0.33799999952316284,0.3490000069141388,84903448.0,87777200.0,1728320.5
2023-06-30,0.3499999940395355,0.3580000102519989,0.34700000286102295,0.35600000619888306,95041152.0,100429968.0,1728320.5
2023-07-03,0.3569999933242798,0.3610000014305115,0.3490000069141388,0.3569999933242798,89467800.0,95370640.0,1728320.5
2023-07-04,0.35600000619888306,0.3659999966621399,0.3499999940395355,0.3630000054836273,109389504.0,118318448.0,1728320.5
2023-07-05,0.3619999885559082,0.36399999260902405,0.35499998927116394,0.35499998927116394,69599200.0,75120960.0,1728320.5
2023-07-06,0.3540000021457672,0.36399999260902405,0.35199999809265137,0.3569999933242798,76792600.0,82770856.0,1728320.5
2023-07-07,0.3569999933242798,0.3569999933242798,0.34599998593330383,0.3529999852180481,76038600.0,80254016.0,1728320.5
2023-07-10,0.3529999852180481,0.35499998927116394,0.3479999899864197,0.3499999940395355,61513000.0,64696044.0,1728320.5
2023-07-11,0.3499999940395355,0.3610000014305115,0.3499999940395355,0.3610000014305115,90382600.0,96631920.0,1728320.5
2023-07-12,0.36000001430511475,0.36000001430511475,0.34700000286102295,0.3479999899864197,79749400.0,84607696.0,1728320.5
2023-07-13,0.3479999899864197,0.36000001430511475,0.3479999899864197,0.35899999737739563,90229256.0,95868208.0,1728320.5
2023-07-14,0.3610000014305115,0.367000013589859,0.36000001430511475,0.36399999260902405,104339600.0,113769272.0,1728320.5
2023-07-17,0.3619999885559082,0.36899998784065247,0.3610000014305115,0.36500000953674316,96555800.0,105693504.0,1728320.5
2023-07-18,0.3659999966621399,0.36800000071525574,0.35899999737739563,0.35899999737739563,85247800.0,93078168.0,1728320.5
2023-07-19,0.3580000102519989,0.3619999885559082,0.35499998927116394,0.35600000619888306,64739700.0,69515344.0,1728320.5
2023-07-20,0.3569999933242798,0.3580000102519989,0.3400000035762787,0.34200000762939453,97068400.0,101300600.0,1728320.5
2023-07-21,0.33899998664855957,0.3409999907016754,0.33399999141693115,0.33799999952316284,79105600.0,80320472.0,1728320.5
2023-07-24,0.335999995470047,0.34700000286102295,0.33500000834465027,0.34200000762939453,82050200.0,84055528.0,1728320.5
2023-07-25,0.34299999475479126,0.3479999899864197,0.3409999907016754,0.34599998593330383,90637296.0,93606624.0,1728320.5
2023-07-26,0.34599998593330383,0.34599998593330383,0.3370000123977661,0.3400000035762787,71871104.0,73154704.0,1728320.5
2023-07-27,0.33899998664855957,0.3400000035762787,0.3330000042915344,0.33399999141693115,74379600.0,75086712.0,1728320.5
2023-07-28,0.33399999141693115,0.33799999952316284,0.3319999873638153,0.3370000123977661,74592096.0,75098504.0,1728320.5
2023-07-31,0.3370000123977661,0.3409999907016754,0.33399999141693115,0.33799999952316284,63395100.0,64231868.0,1728320.5
2023-08-01,0.3370000123977661,0.3440000116825104,0.33500000834465027,0.3440000116825104,75991600.0,77536688.0,1728320.5
2023-08-02,0.34299999475479126,0.3449999988079071,0.3400000035762787,0.3440000116825104,63136200.0,64882920.0,1728320.5
2023-08-03,0.34200000762939453,0.34599998593330383,0.33899998664855957,0.34200000762939453,56792500.0,58316888.0,1728320.5
2023-08-04,0.3409999907016754,0.3490000069141388,0.3409999907016754,0.3490000069141388,90519400.0,93817000.0,1728320.5
2023-08-07,0.3490000069141388,0.3540000021457672,0.3449999988079071,0.34700000286102295,81024000.0,84985776.0,1728320.5
2023-08-08,0.34599998593330383,0.3499999940395355,0.3440000116825104,0.3449999988079071,108016304.0,112545032.0,1728320.5
2023-08-09,0.3440000116825104,0.3440000116825104,0.33500000834465027,0.33500000834465027,102840304.0,104647936.0,1728320.5
2023-08-10,0.33399999141693115,0.335999995470047,0.3319999873638153,0.3330000042915344,66964600.0,66987960.0,1728320.5
2023-08-11,0.33399999141693115,0.335999995470047,0.328000009059906,0.328000009059906,46950900.0,46618440.0,1728320.5
2023-08-14,0.32600000500679016,0.32899999618530273,0.32199999690055847,0.328000009059906,63181100.0,61612876.0,1728320.5
2023-08-15,0.32899999618530273,0.3319999873638153,0.32199999690055847,0.32600000500679016,40804800.0,39993136.0,1728320.5
2023-08-16,0.3230000138282776,0.3240000009536743,0.31700000166893005,0.3179999887943268,48268200.0,46348676.0,1728320.5
2023-08-17,0.3179999887943268,0.32100000977516174,0.31299999356269836,0.3199999928474426,41526700.0,39512284.0,1728320.5
2023-08-18,0.3199999928474426,0.3199999928474426,0.3100000023841858,0.3100000023841858,81927400.0,77092464.0,1728320.5
2023-08-21,0.3100000023841858,0.31299999356269836,0.30799999833106995,0.3089999854564667,40421600.0,37648988.0,1728320.5
2023-08-22,0.3100000023841858,0.3190000057220459,0.30799999833106995,0.3190000057220459,59787000.0,56073832.0,1728320.5
2023-08-23,0.31700000166893005,0.31700000166893005,0.30799999833106995,0.3089999854564667,49475600.0,46182632.0,1728320.5
2023-08-24,0.31200000643730164,0.31700000166893005,0.3089999854564667,0.3109999895095825,68422200.0,64200504.0,1728320.5
2023-08-25,0.3100000023841858,0.3100000023841858,0.296999990940094,0.29899999499320984,72733696.0,65908420.0,1728320.5
2023-08-28,0.3160000145435333,0.3179999887943268,0.30300000309944153,0.30399999022483826,133182200.0,122736424.0,1728320.5
2023-08-29,0.30300000309944153,0.3160000145435333,0.30300000309944153,0.3140000104904175,81047360.0,75312448.0,1728320.5
2023-08-30,0.31700000166893005,0.3230000138282776,0.3160000145435333,0.3179999887943268,72523296.0,69465048.0,1728320.5
2023-08-31,0.3179999887943268,0.32100000977516174,0.3149999976158142,0.3179999887943268,110757504.0,105712840.0,1728320.5
2023-09-01,0.3190000057220459,0.3199999928474426,0.31299999356269836,0.3149999976158142,73178400.0,69152192.0,1728320.5
2023-09-04,0.3179999887943268,0.3190000057220459,0.3140000104904175,0.3190000057220459,47841300.0,45374996.0,1728320.5
2023-09-05,0.3190000057220459,0.3199999928474426,0.31299999356269836,0.3140000104904175,97544400.0,92172600.0,1728320.5
2023-09-06,0.31299999356269836,0.3160000145435333,0.3089999854564667,0.3149999976158142,44026300.0,41266164.0,1728320.5
2023-09-07,0.31299999356269836,0.31299999356269836,0.3070000112056732,0.3070000112056732,96036000.0,88846720.0,1728320.5
2023-09-08,0.3059999942779541,0.30799999833106995,0.30300000309944153,0.3070000112056732,79039600.0,72501680.0,1728320.5
2023-09-11,0.3089999854564667,0.3160000145435333,0.3050000071525574,0.31200000643730164,59629700.0,55539568.0,1728320.5
2023-09-12,0.3109999895095825,0.3160000145435333,0.3100000023841858,0.3140000104904175,39935300.0,37518716.0,1728320.5
2023-09-13,0.31299999356269836,0.31299999356269836,0.3019999861717224,0.3050000071525574,130576600.0,119515352.0,1728320.5
2023-09-14,0.30300000309944153,0.30799999833106995,0.3009999990463257,0.30300000309944153,136895504.0,124766520.0,1728320.5
2023-09-15,0.30399999022483826,0.3050000071525574,0.29899999499320984,0.30000001192092896,57519400.0,52004152.0,1728320.5
2023-09-18,0.30000001192092896,0.3050000071525574,0.2980000078678131,0.30000001192092896,56698700.0,51281168.0,1728320.5
2023-09-19,0.3009999990463257,0.3009999990463257,0.29499998688697815,0.2980000078678131,49579700.0,44232752.0,1728320.5
2023-09-20,0.296999990940094,0.3009999990463257,0.29600000381469727,0.29600000381469727,39019700.0,34962720.0,1728320.5
2023-09-21,0.29600000381469727,0.30000001192092896,0.29499998688697815,0.296999990940094,39149100.0,34992936.0,1728320.5
2023-09-22,0.296999990940094,0.3109999895095825,0.29600000381469727,0.3109999895095825,107251696.0,98366496.0,1728320.5
2023-09-25,0.3109999895095825,0.3109999895095825,0.3050000071525574,0.3059999942779541,58001700.0,53580512.0,1728320.5
2023-09-26,0.3050000071525574,0.3109999895095825,0.3050000071525574,0.3059999942779541,51819500.0,47820132.0,1728320.5
2023-09-27,0.3050000071525574,0.30799999833106995,0.3050000071525574,0.3059999942779541,44977300.0,41384648.0,1728320.5
2023-09-28,0.3070000112056732,0.3100000023841858,0.3070000112056732,0.3100000023841858,48594500.0,44977480.0,1728320.5
2023-10-09,0.30799999833106995,0.3149999976158142,0.30799999833106995,0.3140000104904175,51486500.0,48099948.0,1728320.5
2023-10-10,0.3140000104904175,0.3160000145435333,0.31200000643730164,0.3140000104904175,50970200.0,47978084.0,1728320.5
2023-10-11,0.3140000104904175,0.3199999928474426,0.31200000643730164,0.3190000057220459,74048096.0,70467200.0,1728320.5
2023-10-12,0.3199999928474426,0.3199999928474426,0.3149999976158142,0.31700000166893005,55460100.0,52813312.0,1728320.5
2023-10-13,0.3160000145435333,0.31700000166893005,0.31299999356269836,0.3140000104904175,42296056.0,39909404.0,1728320.5
2023-10-16,0.3140000104904175,0.3140000104904175,0.3070000112056732,0.3089999854564667,45728500.0,42500776.0,1728320.5
2023-10-17,0.30799999833106995,0.3089999854564667,0.3050000071525574,0.30799999833106995,50460300.0,46551936.0,1728320.5
2023-10-18,0.3070000112056732,0.3070000112056732,0.296999990940094,0.3009999990463257,64355800.0,58007456.0,1728320.5
2023-10-19,0.30000001192092896,0.30399999022483826,0.296999990940094,0.2980000078678131,59046400.0,53083440.0,1728320.5
2023-10-20,0.296999990940094,0.29899999499320984,0.289000004529953,0.289000004529953,70029800.0,61506304.0,1728320.5
2023-10-23,0.28700000047683716,0.289000004529953,0.28299999237060547,0.2849999964237213,108144024.0,92818880.0,1728320.5
2023-10-24,0.2849999964237213,0.28999999165534973,0.28200000524520874,0.28700000047683716,60865200.0,52224112.0,1728320.5
2023-10-25,0.2879999876022339,0.289000004529953,0.2840000092983246,0.28600001335144043,64427000.0,55364776.0,1728320.5
2023-10-26,0.2849999964237213,0.289000004529953,0.28299999237060547,0.289000004529953,46722200.0,40112616.0,1728320.5
2023-10-27,0.28700000047683716,0.2939999997615814,0.28600001335144043,0.2930000126361847,56364872.0,48929680.0,1728320.5
2023-10-30,0.2919999957084656,0.3050000071525574,0.2919999957084656,0.30399999022483826,80802632.0,72840896.0,1728320.5
2023-10-31,0.30399999022483826,0.3050000071525574,0.29899999499320984,0.3009999990463257,54869900.0,49643736.0,1728320.5
2023-11-01,0.3009999990463257,0.30300000309944153,0.296999990940094,0.2980000078678131,42940000.0,38567576.0,1728320.5
2023-11-02,0.2980000078678131,0.3009999990463257,0.2939999997615814,0.29499998688697815,37820300.0,33745088.0,1728320.5
2023-11-03,0.2939999997615814,0.3019999861717224,0.2939999997615814,0.3009999990463257,52679400.0,47303556.0,1728320.5
2023-11-06,0.30300000309944153,0.3109999895095825,0.30300000309944153,0.3089999854564667,88170000.0,81336224.0,1728320.5
2023-11-07,0.3089999854564667,0.3149999976158142,0.3059999942779541,0.31200000643730164,65713500.0,61056204.0,1728320.5
2023-11-08,0.3109999895095825,0.3140000104904175,0.3089999854564667,0.31200000643730164,78966704.0,73863872.0,1728320.5
2023-11-09,0.3100000023841858,0.3140000104904175,0.3089999854564667,0.3100000023841858,50382500.0,47010492.0,1728320.5
2023-11-10,0.30799999833106995,0.31200000643730164,0.30799999833106995,0.3100000023841858,48946200.0,45547884.0,1728320.5
2023-11-13,0.31200000643730164,0.3160000145435333,0.31200000643730164,0.31299999356269836,69261120.0,65210124.0,1728320.5
2023-11-14,0.31200000643730164,0.31700000166893005,0.31200000643730164,0.3149999976158142,53498200.0,50561508.0,1728320.5
2023-11-15,0.31700000166893005,0.3199999928474426,0.31299999356269836,0.3160000145435333,49278700.0,46734632.0,1728320.5
2023-11-16,0.3149999976158142,0.3160000145435333,0.3109999895095825,0.3109999895095825,45326400.0,42644788.0,1728320.5
2023-11-17,0.3100000023841858,0.3149999976158142,0.3100000023841858,0.3149999976158142,47708500.0,44796612.0,1728320.5
2023-11-20,0.3140000104904175,0.3149999976158142,0.3100000023841858,0.31200000643730164,48999300.0,45827840.0,1728320.5
2023-11-21,0.31299999356269836,0.3140000104904175,0.30799999833106995,0.30799999833106995,53511400.0,49918948.0,1728320.5
2023-11-22,0.30799999833106995,0.30799999833106995,0.3019999861717224,0.3019999861717224,49429800.0,45244768.0,1728320.5
2023-11-23,0.3019999861717224,0.3070000112056732,0.30000001192092896,0.3070000112056732,52304200.0,47593736.0,1728320.5
2023-11-24,0.3059999942779541,0.3059999942779541,0.29899999499320984,0.3009999990463257,66439100.0,60135380.0,1728320.5
2023-11-27,0.29499998688697815,0.30300000309944153,0.29499998688697815,0.3009999990463257,39649300.0,35718376.0,1728320.5
2023-11-28,0.30000001192092896,0.30300000309944153,0.29899999499320984,0.3019999861717224,35955900.0,32496694.0,1728320.5
2023-11-29,0.30300000309944153,0.30300000309944153,0.30000001192092896,0.3009999990463257,39453800.0,35788280.0,1728320.5
2023-11-30,0.3009999990463257,0.3009999990463257,0.2980000078678131,0.30000001192092896,46232732.0,41535064.0,1728320.5
2023-12-01,0.30000001192092896,0.3050000071525574,0.2980000078678131,0.30399999022483826,65327100.0,59116940.0,1728320.5
2023-12-04,0.3050000071525574,0.3059999942779541,0.3009999990463257,0.3009999990463257,50829500.0,46237052.0,1728320.5
2023-12-05,0.30000001192092896,0.3019999861717224,0.2930000126361847,0.2939999997615814,73076200.0,65000032.0,1728320.5
2023-12-06,0.2930000126361847,0.29600000381469727,0.2919999957084656,0.2939999997615814,54169488.0,47745652.0,1728320.5
2023-12-07,0.2930000126361847,0.29600000381469727,0.2919999957084656,0.29499998688697815,57604188.0,50815752.0,1728320.5
2023-12-08,0.29499998688697815,0.30799999833106995,0.29499998688697815,0.3059999942779541,168827904.0,153841296.0,1728320.5
2023-12-11,0.30399999022483826,0.3109999895095825,0.3009999990463257,0.3100000023841858,69039000.0,63381608.0,1728320.5
2023-12-12,0.3089999854564667,0.31200000643730164,0.3070000112056732,0.3100000023841858,41956924.0,39032040.0,1728320.5
2023-12-13,0.3089999854564667,0.31200000643730164,0.3070000112056732,0.30799999833106995,61189164.0,56789320.0,1728320.5
2023-12-14,0.3089999854564667,0.31299999356269836,0.3050000071525574,0.3059999942779541,137586112.0,127139472.0,1728320.5
2023-12-15,0.3050000071525574,0.30799999833106995,0.3019999861717224,0.30399999022483826,47865016.0,43852492.0,1728320.5
2023-12-18,0.3019999861717224,0.30399999022483826,0.30000001192092896,0.3009999990463257,43485600.0,39437764.0,1728320.5
2023-12-19,0.3009999990463257,0.3050000071525574,0.29899999499320984,0.30300000309944153,43328800.0,39215320.0,1728320.5
2023-12-20,0.30300000309944153,0.30300000309944153,0.296999990940094,0.296999990940094,47719500.0,42842984.0,1728320.5
2023-12-21,0.29600000381469727,0.3019999861717224,0.2930000126361847,0.29899999499320984,44115192.0,39232176.0,1728320.5
2023-12-22,0.29899999499320984,0.30000001192092896,0.2939999997615814,0.29499998688697815,60077700.0,53543736.0,1728320.5
2023-12-25,0.2939999997615814,0.2980000078678131,0.2939999997615814,0.296999990940094,33896800.0,30144488.0,1728320.5
2023-12-26,0.296999990940094,0.296999990940094,0.289000004529953,0.29100000858306885,49815900.0,43515864.0,1728320.5
2023-12-27,0.2919999957084656,0.2939999997615814,0.28999999165534973,0.2930000126361847,51299900.0,44958272.0,1728320.5
2023-12-28,0.2930000126361847,0.3009999990463257,0.29100000858306885,0.30000001192092896,84676704.0,75692768.0,1728320.5
2023-12-29,0.29899999499320984,0.3070000112056732,0.29899999499320984,0.3059999942779541,69426200.0,63567928.0,1728320.5
2024-01-02,0.3070000112056732,0.3070000112056732,0.30000001192092896,0.30000001192092896,88603200.0,80190792.0,1728320.5
2024-01-03,0.30000001192092896,0.30000001192092896,0.29100000858306885,0.2930000126361847,91321768.0,80471936.0,1728320.5
2024-01-04,0.2930000126361847,0.2930000126361847,0.28700000047683716,0.289000004529953,60150200.0,52176992.0,1728320.5
2024-01-05,0.2879999876022339,0.29100000858306885,0.2809999883174896,0.28299999237060547,73604400.0,63087912.0,1728320.5
2024-01-08,0.28200000524520874,0.28200000524520874,0.2750000059604645,0.2750000059604645,54190632.0,45182616.0,1728320.5
2024-01-09,0.2770000100135803,0.2800000011920929,0.27399998903274536,0.2770000100135803,52781000.0,43994208.0,1728320.5
2024-01-10,0.2759999930858612,0.2770000100135803,0.27000001072883606,0.27300000190734863,53722760.0,44002884.0,1728320.5
2024-01-11,0.27300000190734863,0.27799999713897705,0.2720000147819519,0.27799999713897705,64270200.0,53116992.0,1728320.5
2024-01-12,0.2770000100135803,0.2770000100135803,0.2720000147819519,0.27300000190734863,62990600.0,51701348.0,1728320.5
2024-01-15,0.2720000147819519,0.2750000059604645,0.26899999380111694,0.27300000190734863,43134800.0,35231160.0,1728320.5
2024-01-16,0.2720000147819519,0.27300000190734863,0.2680000066757202,0.2720000147819519,55188600.0,44802488.0,1728320.5
2024-01-17,0.2720000147819519,0.2720000147819519,0.2639999985694885,0.2639999985694885,58858900.0,47384644.0,1728320.5
2024-01-18,0.2639999985694885,0.2720000147819519,0.25999999046325684,0.2720000147819519,88286896.0,70419272.0,1728320.5
2024-01-19,0.2720000147819519,0.2750000059604645,0.27000001072883606,0.2709999978542328,48993320.0,40049368.0,1728320.5
2024-01-22,0.2709999978542328,0.27399998903274536,0.25999999046325684,0.2630000114440918,57971700.0,46545360.0,1728320.5
2024-01-23,0.26100000739097595,0.26899999380111694,0.25999999046325684,0.2669999897480011,80567104.0,64174032.0,1728320.5
2024-01-24,0.27000001072883606,0.27000001072883606,0.257999986410141,0.2669999897480011,78968704.0,62549016.0,1728320.5
2024-01-25,0.26600000262260437,0.2750000059604645,0.2639999985694885,0.27399998903274536,89027600.0,72363968.0,1728320.5
2024-01-26,0.27399998903274536,0.27399998903274536,0.26499998569488525,0.26600000262260437,90823960.0,73099304.0,1728320.5
2024-01-29,0.26600000262260437,0.26600000262260437,0.2529999911785126,0.2540000081062317,141954592.0,108929064.0,1728320.5
2024-01-30,0.2529999911785126,0.2549999952316284,0.2460000067949295,0.24699999392032623,52519400.0,39505248.0,1728320.5
2024-01-31,0.24699999392032623,0.24799999594688416,0.23899999260902405,0.23899999260902405,60318800.0,43895672.0,1728320.5
2024-02-01,0.2370000034570694,0.25099998712539673,0.23600000143051147,0.2460000067949295,88154896.0,64788956.0,1728320.5
2024-02-02,0.24500000476837158,0.24899999797344208,0.23100000619888306,0.23899999260902405,90015296.0,65129732.0,1728320.5
2024-02-05,0.2370000034570694,0.24400000274181366,0.22599999606609344,0.23800000548362732,114558304.0,80914176.0,1728320.5
2024-02-06,0.23600000143051147,0.2549999952316284,0.23399999737739563,0.2540000081062317,131387200.0,97418600.0,1728320.5
2024-02-07,0.2540000081062317,0.2619999945163727,0.2529999911785126,0.2590000033378601,93236496.0,72345256.0,1728320.5
2024-02-08,0.2619999945163727,0.27399998903274536,0.26100000739097595,0.2680000066757202,96265904.0,77479600.0,1728320.5
2024-02-19,0.2720000147819519,0.27900001406669617,0.27000001072883606,0.27900001406669617,122030424.0,100586968.0,1728320.5
2024-02-20,0.2770000100135803,0.27900001406669617,0.27300000190734863,0.27799999713897705,70943288.0,58743632.0,1728320.5
2024-02-21,0.2759999930858612,0.2809999883174896,0.2720000147819519,0.2750000059604645,68776920.0,57041304.0,1728320.5
2024-02-22,0.27799999713897705,0.28200000524520874,0.2759999930858612,0.2809999883174896,68275200.0,57253768.0,1728320.5
2024-02-23,0.28299999237060547,0.2849999964237213,0.27900001406669617,0.28200000524520874,64852600.0,54853952.0,1728320.5
2024-02-26,0.2809999883174896,0.28600001335144043,0.27900001406669617,0.28299999237060547,66463500.0,56444756.0,1728320.5
2024-02-27,0.28299999237060547,0.3009999990463257,0.2809999883174896,0.3009999990463257,117946000.0,103609192.0,1728320.5
2024-02-28,0.3009999990463257,0.30300000309944153,0.2849999964237213,0.2849999964237213,106332800.0,94428584.0,1728320.5
2024-02-29,0.2849999964237213,0.2980000078678131,0.2840000092983246,0.2980000078678131,73550896.0,64932144.0,1728320.5
2024-03-01,0.30000001192092896,0.3109999895095825,0.29899999499320984,0.3100000023841858,173194208.0,159267712.0,1728320.5
2024-03-04,0.31299999356269836,0.3179999887943268,0.3070000112056732,0.3149999976158142,156554496.0,146954176.0,1728320.5
2024-03-05,0.31200000643730164,0.32100000977516174,0.30799999833106995,0.31200000643730164,129721592.0,122462728.0,1728320.5
2024-03-06,0.3089999854564667,0.3149999976158142,0.3059999942779541,0.3109999895095825,104125792.0,96967240.0,1728320.5
2024-03-07,0.31200000643730164,0.3160000145435333,0.3050000071525574,0.3050000071525574,89622192.0,83378840.0,1728320.5
2024-03-08,0.3070000112056732,0.3179999887943268,0.3050000071525574,0.3179999887943268,139097648.0,130408208.0,1728320.5
2024-03-11,0.31299999356269836,0.3199999928474426,0.3089999854564667,0.3199999928474426,96058304.0,90296032.0,1728320.5
2024-03-12,0.31700000166893005,0.3230000138282776,0.3140000104904175,0.31700000166893005,83109784.0,79195400.0,1728320.5
2024-03-13,0.32199999690055847,0.32499998807907104,0.3160000145435333,0.31700000166893005,105824544.0,101724576.0,1728320.5
2024-03-14,0.31299999356269836,0.31700000166893005,0.3089999854564667,0.3140000104904175,105446304.0,98924056.0,1728320.5
2024-03-15,0.3100000023841858,0.32100000977516174,0.3100000023841858,0.3199999928474426,93544168.0,88757536.0,1728320.5
2024-03-18,0.32100000977516174,0.328000009059906,0.32100000977516174,0.328000009059906,91436248.0,89500160.0,1728320.5
2024-03-19,0.328000009059906,0.3330000042915344,0.3240000009536743,0.32899999618530273,97926096.0,96811544.0,1728320.5
2024-03-20,0.3269999921321869,0.3319999873638153,0.3240000009536743,0.328000009059906,77746496.0,76601648.0,1728320.5
2024-03-21,0.328000009059906,0.3319999873638153,0.3240000009536743,0.32499998807907104,66188460.0,64997236.0,1728320.5
2024-03-22,0.32499998807907104,0.328000009059906,0.3199999928474426,0.3240000009536743,93668360.0,91077072.0,1728320.5
2024-03-25,0.32199999690055847,0.3240000009536743,0.3140000104904175,0.3149999976158142,67913560.0,65234328.0,1728320.5
2024-03-26,0.3140000104904175,0.3199999928474426,0.3089999854564667,0.3109999895095825,85843720.0,81058784.0,1728320.5
2024-03-27,0.3100000023841858,0.3109999895095825,0.2980000078678131,0.29899999499320984,86579200.0,78737216.0,1728320.5
2024-03-28,0.2980000078678131,0.3109999895095825,0.2980000078678131,0.3070000112056732,116708648.0,106903392.0,1728320.5
2024-03-29,0.3070000112056732,0.3089999854564667,0.3009999990463257,0.3089999854564667,82960392.0,75823312.0,1728320.5
2024-04-01,0.3100000023841858,0.3149999976158142,0.3089999854564667,0.3149999976158142,80371400.0,75519168.0,1728320.5
2024-04-02,0.3149999976158142,0.3149999976158142,0.3070000112056732,0.3089999854564667,68937792.0,64162248.0,1728320.5
2024-04-03,0.3089999854564667,0.3089999854564667,0.3009999990463257,0.30300000309944153,55824136.0,50921468.0,1728320.5
2024-04-08,0.3019999861717224,0.3059999942779541,0.3009999990463257,0.3019999861717224,49826800.0,45382068.0,1728320.5
2024-04-09,0.3019999861717224,0.30300000309944153,0.2980000078678131,0.3019999861717224,63601744.0,57209848.0,1728320.5
2024-04-10,0.3009999990463257,0.3019999861717224,0.29100000858306885,0.2930000126361847,74904304.0,66166252.0,1728320.5
2024-04-11,0.2919999957084656,0.2980000078678131,0.2919999957084656,0.2939999997615814,64332300.0,57146400.0,1728320.5
2024-04-12,0.2939999997615814,0.3059999942779541,0.2939999997615814,0.30000001192092896,83593296.0,75370464.0,1728320.5
2024-04-15,0.29899999499320984,0.30300000309944153,0.296999990940094,0.3009999990463257,60763400.0,54727352.0,1728320.5
2024-04-16,0.3009999990463257,0.3009999990463257,0.28999999165534973,0.29100000858306885,78454936.0,69223120.0,1728320.5
2024-04-17,0.2939999997615814,0.30300000309944153,0.2930000126361847,0.3019999861717224,75352336.0,67708944.0,1728320.5
2024-04-18,0.3009999990463257,0.3070000112056732,0.29499998688697815,0.3019999861717224,85751216.0,77418936.0,1728320.5
2024-04-19,0.30000001192092896,0.30000001192092896,0.28999999165534973,0.29499998688697815,71421600.0,63035196.0,1728320.5
2024-04-22,0.2919999957084656,0.2919999957084656,0.2800000011920929,0.289000004529953,73565120.0,63169944.0,1728320.5
2024-04-23,0.29100000858306885,0.2930000126361847,0.28700000047683716,0.289000004529953,68233904.0,59235456.0,1728320.5
2024-04-24,0.29100000858306885,0.30000001192092896,0.289000004529953,0.29899999499320984,85636096.0,76044176.0,1728320.5
2024-04-25,0.2980000078678131,0.3019999861717224,0.296999990940094,0.2980000078678131,45120600.0,40484668.0,1728320.5
2024-04-26,0.3019999861717224,0.31299999356269836,0.3009999990463257,0.31200000643730164,166260496.0,154377696.0,1728320.5
2024-04-29,0.3140000104904175,0.32100000977516174,0.3140000104904175,0.3199999928474426,123247296.0,117544080.0,1728320.5
2024-04-30,0.3199999928474426,0.3230000138282776,0.31700000166893005,0.3179999887943268,69060200.0,66310224.0,1728320.5
2024-05-06,0.3240000009536743,0.32499998807907104,0.32100000977516174,0.32199999690055847,85806496.0,83136696.0,1728320.5
2024-05-07,0.32199999690055847,0.32600000500679016,0.31700000166893005,0.3199999928474426,80716496.0,77757600.0,1728320.5
2024-05-08,0.31700000166893005,0.3199999928474426,0.31200000643730164,0.31299999356269836,62445300.0,58821392.0,1728320.5
2024-05-09,0.31200000643730164,0.3149999976158142,0.3109999895095825,0.3149999976158142,63614100.0,59765376.0,1728320.5
2024-05-10,0.3140000104904175,0.3140000104904175,0.30799999833106995,0.3100000023841858,71520400.0,66537104.0,1728320.5
2024-05-13,0.3100000023841858,0.3149999976158142,0.30799999833106995,0.31200000643730164,81302496.0,76193496.0,1728320.5
2024-05-14,0.31299999356269836,0.31700000166893005,0.3100000023841858,0.31200000643730164,89933400.0,84221088.0,1728320.5
2024-05-15,0.3100000023841858,0.3149999976158142,0.3089999854564667,0.3089999854564667,51446100.0,48104712.0,1728320.5
2024-05-16,0.3140000104904175,0.3179999887943268,0.31299999356269836,0.3149999976158142,100114400.0,94841232.0,1728320.5
2024-05-17,0.3140000104904175,0.3179999887943268,0.3109999895095825,0.3179999887943268,68310704.0,64493196.0,1728320.5
2024-05-20,0.3179999887943268,0.32100000977516174,0.3140000104904175,0.32100000977516174,100391800.0,96008528.0,1728320.5
2024-05-21,0.3199999928474426,0.32100000977516174,0.3179999887943268,0.3190000057220459,59766800.0,57201432.0,1728320.5
2024-05-22,0.3179999887943268,0.32100000977516174,0.3160000145435333,0.32100000977516174,70986000.0,67960440.0,1728320.5
2024-05-23,0.32199999690055847,0.3230000138282776,0.3140000104904175,0.3160000145435333,59089000.0,56244912.0,1728320.5
2024-05-24,0.3149999976158142,0.32100000977516174,0.3070000112056732,0.3089999854564667,84885904.0,79764352.0,1728320.5
2024-05-27,0.31200000643730164,0.31200000643730164,0.3059999942779541,0.31200000643730164,52998000.0,49164540.0,1728320.5
2024-05-28,0.31200000643730164,0.31299999356269836,0.3059999942779541,0.3070000112056732,50884600.0,47133760.0,1728320.5
2024-05-29,0.3070000112056732,0.3089999854564667,0.30399999022483826,0.3050000071525574,41888100.0,38497036.0,1728320.5
2024-05-30,0.30399999022483826,0.3100000023841858,0.3009999990463257,0.30799999833106995,61516500.0,56729004.0,1728320.5
2024-05-31,0.30799999833106995,0.3140000104904175,0.3059999942779541,0.3089999854564667,51586000.0,48076512.0,1728320.5
2024-06-03,0.30799999833106995,0.3190000057220459,0.30799999833106995,0.3149999976158142,116620200.0,109958752.0,1728320.5
2024-06-04,0.3140000104904175,0.31700000166893005,0.31200000643730164,0.3160000145435333,73266496.0,69055800.0,1728320.5
2024-06-05,0.3149999976158142,0.3190000057220459,0.3140000104904175,0.3140000104904175,61692500.0,58619324.0,1728320.5
2024-06-06,0.31700000166893005,0.3240000009536743,0.31700000166893005,0.3179999887943268,120786496.0,116135832.0,1728320.5
2024-06-07,0.31700000166893005,0.3190000057220459,0.30799999833106995,0.3109999895095825,92562144.0,86940928.0,1728320.5
2024-06-11,0.3100000023841858,0.3149999976158142,0.30799999833106995,0.3140000104904175,57619800.0,53899708.0,1728320.5
2024-06-12,0.3149999976158142,0.3230000138282776,0.3149999976158142,0.3179999887943268,96493904.0,92533208.0,1728320.5
2024-06-13,0.3199999928474426,0.328000009059906,0.3190000057220459,0.3240000009536743,117710288.0,114219896.0,1728320.5
2024-06-14,0.3230000138282776,0.33799999952316284,0.32100000977516174,0.33500000834465027,183929296.0,182709120.0,1728320.5
2024-06-17,0.335999995470047,0.3449999988079071,0.33399999141693115,0.34200000762939453,157217904.0,160085008.0,1728320.5
2024-06-18,0.34200000762939453,0.3529999852180481,0.34200000762939453,0.3490000069141388,140870096.0,147199392.0,1728320.5
2024-06-19,0.35100001096725464,0.35199999809265137,0.3440000116825104,0.34599998593330383,108747800.0,113324240.0,1728320.5
2024-06-20,0.34599998593330383,0.34700000286102295,0.33899998664855957,0.33899998664855957,97264304.0,100137520.0,1728320.5
2024-06-21,0.33399999141693115,0.3440000116825104,0.3330000042915344,0.34299999475479126,121924704.0,124319224.0,1728320.5
2024-06-24,0.33799999952316284,0.3440000116825104,0.3330000042915344,0.3330000042915344,87152200.0,88544504.0,1728320.5
2024-06-25,0.33000001311302185,0.3319999873638153,0.32199999690055847,0.3240000009536743,95208704.0,93453144.0,1728320.5
2024-06-26,0.3269999921321869,0.3370000123977661,0.32499998807907104,0.335999995470047,153101792.0,152008672.0,1728320.5
2024-06-27,0.3330000042915344,0.33899998664855957,0.33000001311302185,0.33000001311302185,110059800.0,110232336.0,1728320.5
2024-06-28,0.32899999618530273,0.34200000762939453,0.32899999618530273,0.33799999952316284,128125064.0,129718072.0,1728320.5
2024-07-01,0.33799999952316284,0.34200000762939453,0.3310000002384186,0.3400000035762787,126085904.0,127495080.0,1728320.5
2024-07-02,0.3400000035762787,0.34200000762939453,0.33500000834465027,0.335999995470047,79853600.0,81002160.0,1728320.5
2024-07-03,0.335999995470047,0.3370000123977661,0.33000001311302185,0.3330000042915344,104252200.0,104062208.0,1728320.5
2024-07-04,0.33500000834465027,0.33899998664855957,0.3310000002384186,0.3319999873638153,86226800.0,86723760.0,1728320.5
2024-07-05,0.3319999873638153,0.3330000042915344,0.32499998807907104,0.3310000002384186,99033400.0,97534704.0,1728320.5
2024-07-08,0.33000001311302185,0.335999995470047,0.33000001311302185,0.3310000002384186,78087000.0,77856784.0,1728320.5
2024-07-09,0.3310000002384186,0.3499999940395355,0.32899999618530273,0.3490000069141388,211666704.0,217202256.0,1728320.5
2024-07-10,0.34700000286102295,0.35499998927116394,0.34700000286102295,0.3540000021457672,159228736.0,168223456.0,1728320.5
2024-07-11,0.3580000102519989,0.36000001430511475,0.3479999899864197,0.35600000619888306,189127296.0,201283040.0,1728320.5
2024-07-12,0.3490000069141388,0.35100001096725464,0.3449999988079071,0.3490000069141388,125603800.0,131159144.0,1728320.5
2024-07-15,0.3490000069141388,0.3499999940395355,0.3440000116825104,0.34700000286102295,105103696.0,109296480.0,1728320.5
2024-07-16,0.34700000286102295,0.3569999933242798,0.3449999988079071,0.35600000619888306,146170768.0,153840480.0,1728320.5
2024-07-17,0.3540000021457672,0.3540000021457672,0.3449999988079071,0.3449999988079071,131239800.0,137271456.0,1728320.5
2024-07-18,0.3409999907016754,0.34200000762939453,0.33000001311302185,0.34200000762939453,141794000.0,142917488.0,1728320.5
2024-07-19,0.3370000123977661,0.34299999475479126,0.335999995470047,0.33799999952316284,107534096.0,109577272.0,1728320.5
2024-07-22,0.33799999952316284,0.3409999907016754,0.33500000834465027,0.33899998664855957,98311696.0,99808808.0,1728320.5
2024-07-23,0.3400000035762787,0.3400000035762787,0.328000009059906,0.328000009059906,93631696.0,93494880.0,1728320.5
2024-07-24,0.328000009059906,0.3330000042915344,0.3230000138282776,0.3240000009536743,87733000.0,86118720.0,1728320.5
2024-07-25,0.3190000057220459,0.3199999928474426,0.31200000643730164,0.3160000145435333,97940096.0,92868120.0,1728320.5
2024-07-26,0.3149999976158142,0.3230000138282776,0.3149999976158142,0.32100000977516174,86693000.0,82912728.0,1728320.5
2024-07-29,0.32100000977516174,0.3269999921321869,0.31700000166893005,0.3230000138282776,91831704.0,88944728.0,1728320.5
2024-07-30,0.3199999928474426,0.32199999690055847,0.31700000166893005,0.3190000057220459,80420000.0,76901216.0,1728320.5
2024-07-31,0.3179999887943268,0.33000001311302185,0.3179999887943268,0.32899999618530273,108770704.0,106166048.0,1728320.5
2024-08-01,0.3330000042915344,0.335999995470047,0.328000009059906,0.328000009059906,77751696.0,77205672.0,1728320.5
2024-08-02,0.32199999690055847,0.32499998807907104,0.3149999976158142,0.3160000145435333,97644496.0,93555024.0,1728320.5
2024-08-05,0.31200000643730164,0.31200000643730164,0.2980000078678131,0.2980000078678131,132186536.0,120869520.0,1728320.5
2024-08-06,0.30300000309944153,0.3070000112056732,0.30000001192092896,0.30399999022483826,68573144.0,62368136.0,1728320.5
2024-08-07,0.30300000309944153,0.3059999942779541,0.3009999990463257,0.30300000309944153,59945184.0,54691224.0,1728320.5
2024-08-08,0.3019999861717224,0.3050000071525574,0.296999990940094,0.3019999861717224,63554076.0,57303828.0,1728320.5
2024-08-09,0.30399999022483826,0.3089999854564667,0.30399999022483826,0.3050000071525574,78833104.0,72511048.0,1728320.5
2024-08-12,0.30399999022483826,0.3070000112056732,0.3019999861717224,0.30399999022483826,47079500.0,42971752.0,1728320.5
2024-08-13,0.3059999942779541,0.3089999854564667,0.30399999022483826,0.30799999833106995,45746300.0,42066092.0,1728320.5
2024-08-14,0.3089999854564667,0.3100000023841858,0.3059999942779541,0.3059999942779541,42291700.0,39040572.0,1728320.5
2024-08-15,0.3050000071525574,0.3089999854564667,0.30399999022483826,0.3070000112056732,54127700.0,49847336.0,1728320.5
2024-08-16,0.30799999833106995,0.31299999356269836,0.30799999833106995,0.3089999854564667,57518800.0,53605624.0,1728320.5
2024-08-19,0.3089999854564667,0.3140000104904175,0.30799999833106995,0.3089999854564667,44170600.0,41183640.0,1728320.5
2024-08-20,0.3100000023841858,0.3109999895095825,0.30399999022483826,0.3059999942779541,45645500.0,42074592.0,1728320.5
2024-08-21,0.30399999022483826,0.3109999895095825,0.30300000309944153,0.3070000112056732,45312700.0,41852452.0,1728320.5
2024-08-22,0.3070000112056732,0.30799999833106995,0.3009999990463257,0.30300000309944153,47817600.0,43551272.0,1728320.5
2024-08-23,0.3019999861717224,0.30399999022483826,0.29899999499320984,0.30300000309944153,31737400.0,28730042.0,1728320.5
2024-08-26,0.30300000309944153,0.30399999022483826,0.2980000078678131,0.29899999499320984,48276200.0,43435548.0,1728320.5
2024-08-27,0.2980000078678131,0.2980000078678131,0.2919999957084656,0.2930000126361847,48474300.0,42898840.0,1728320.5
2024-08-28,0.2930000126361847,0.296999990940094,0.2919999957084656,0.2939999997615814,47281000.0,41798772.0,1728320.5
2024-08-29,0.2939999997615814,0.29600000381469727,0.2849999964237213,0.2939999997615814,77277136.0,67189488.0,1728320.5
2024-08-30,0.2930000126361847,0.30799999833106995,0.2930000126361847,0.3050000071525574,109413960.0,99630552.0,1728320.5
2024-09-02,0.30399999022483826,0.3050000071525574,0.2939999997615814,0.29499998688697815,76943552.0,68790912.0,1728320.5
2024-09-03,0.2930000126361847,0.2980000078678131,0.2930000126361847,0.296999990940094,41923500.0,37231584.0,1728320.5
2024-09-04,0.2930000126361847,0.2939999997615814,0.2879999876022339,0.2919999957084656,65365100.0,56967908.0,1728320.5
2024-09-05,0.2919999957084656,0.2980000078678131,0.2919999957084656,0.2939999997615814,54960440.0,48518084.0,1728320.5
2024-09-06,0.29499998688697815,0.29499998688697815,0.28700000047683716,0.28700000047683716,58567100.0,50782216.0,1728320.5
2024-09-09,0.28600001335144043,0.28700000047683716,0.2840000092983246,0.28600001335144043,49447252.0,42325368.0,1728320.5
2024-09-10,0.28600001335144043,0.2919999957084656,0.28299999237060547,0.28999999165534973,60146212.0,51817284.0,1728320.5
2024-09-11,0.28999999165534973,0.2919999957084656,0.28700000047683716,0.289000004529953,46729588.0,40563928.0,1728320.5
2024-09-12,0.2919999957084656,0.29499998688697815,0.2879999876022339,0.2879999876022339,53365144.0,46603012.0,1728320.5
2024-09-13,0.2879999876022339,0.29600000381469727,0.2879999876022339,0.2919999957084656,89652080.0,78806824.0,1728320.5
2024-09-18,0.29100000858306885,0.29100000858306885,0.2849999964237213,0.2879999876022339,52015800.0,44823632.0,1728320.5
2024-09-19,0.2879999876022339,0.29100000858306885,0.2840000092983246,0.2879999876022339,72837440.0,62687484.0,1728320.5
2024-09-20,0.289000004529953,0.29100000858306885,0.28600001335144043,0.2879999876022339,56294432.0,48719872.0,1728320.5
2024-09-23,0.2879999876022339,0.2939999997615814,0.28600001335144043,0.28999999165534973,69053400.0,60314592.0,1728320.5
2024-09-24,0.2919999957084656,0.3059999942779541,0.289000004529953,0.3050000071525574,132906984.0,118852840.0,1728320.5
2024-09-25,0.3070000112056732,0.3140000104904175,0.3050000071525574,0.3059999942779541,111486392.0,103664632.0,1728320.5
2024-09-26,0.30399999022483826,0.3160000145435333,0.30399999022483826,0.3149999976158142,106538896.0,98748096.0,1728320.5
2024-09-27,0.31700000166893005,0.33500000834465027,0.3160000145435333,0.33000001311302185,86540096.0,83912160.0,1728320.5
2024-09-30,0.34299999475479126,0.3630000054836273,0.33899998664855957,0.3630000054836273,262223536.0,278672928.0,1728320.5
2024-10-08,0.4000000059604645,0.4000000059604645,0.37700000405311584,0.4000000059604645,260084080.0,310207232.0,1728320.5
2024-10-09,0.39899998903274536,0.414000004529953,0.3790000081062317,0.38499999046325684,296753536.0,353918592.0,1728320.5
2024-10-10,0.382999986410141,0.3930000066757202,0.3720000088214874,0.3799999952316284,174240704.0,201068848.0,1728320.5
2024-10-11,0.375,0.37700000405311584,0.3580000102519989,0.36399999260902405,151004992.0,165616320.0,1728320.5
2024-10-14,0.3619999885559082,0.37599998712539673,0.35600000619888306,0.375,190382912.0,210097744.0,1728320.5
2024-10-15,0.375,0.382999986410141,0.367000013589859,0.367000013589859,123072496.0,138689008.0,1728320.5
2024-10-16,0.3569999933242798,0.3630000054836273,0.3540000021457672,0.35600000619888306,104969296.0,112674304.0,1728320.5
2024-10-17,0.3580000102519989,0.36500000953674316,0.3569999933242798,0.3580000102519989,89566096.0,97134848.0,1728320.5
2024-10-18,0.3580000102519989,0.39399999380111694,0.3569999933242798,0.3840000033378601,219080352.0,247172544.0,1728320.5
2024-10-21,0.3880000114440918,0.4009999930858612,0.38100001215934753,0.3889999985694885,179643872.0,210809712.0,1728320.5
2024-10-22,0.3889999985694885,0.3930000066757202,0.382999986410141,0.39100000262260437,131023400.0,152718272.0,1728320.5
2024-10-23,0.38600000739097595,0.39100000262260437,0.38100001215934753,0.3840000033378601,123381776.0,143079520.0,1728320.5
2024-10-24,0.382999986410141,0.39100000262260437,0.3779999911785126,0.3840000033378601,134371392.0,154280288.0,1728320.5
2024-10-25,0.38499999046325684,0.38999998569488525,0.38100001215934753,0.38600000739097595,103471104.0,119527544.0,1728320.5
2024-10-28,0.38600000739097595,0.3869999945163727,0.3779999911785126,0.382999986410141,65778432.0,75323576.0,1728320.5
2024-10-29,0.382999986410141,0.3889999985694885,0.3779999911785126,0.38100001215934753,94854912.0,109074480.0,1728320.5
2024-10-30,0.3799999952316284,0.3840000033378601,0.375,0.3790000081062317,75704312.0,86320800.0,1728320.5
2024-10-31,0.37599998712539673,0.3840000033378601,0.3720000088214874,0.3799999952316284,103050288.0,117165536.0,1728320.5
2024-11-01,0.37700000405311584,0.3799999952316284,0.3700000047683716,0.3700000047683716,115160800.0,129446824.0,1728320.5
2024-11-04,0.3700000047683716,0.38100001215934753,0.3700000047683716,0.3779999911785126,65087700.0,73688720.0,1728320.5
2024-11-05,0.3779999911785126,0.3930000066757202,0.37599998712539673,0.39100000262260437,122990400.0,142722336.0,1728320.5
2024-11-06,0.3930000066757202,0.39500001072883606,0.382999986410141,0.38600000739097595,139350176.0,162831536.0,1728320.5
2024-11-07,0.382999986410141,0.39100000262260437,0.3790000081062317,0.38999998569488525,111036400.0,128247032.0,1728320.5
2024-11-08,0.39399999380111694,0.40400001406669617,0.39100000262260437,0.3919999897480011,169695808.0,202913936.0,1728320.5
2024-11-11,0.3919999897480011,0.40799999237060547,0.3880000114440918,0.40700000524520874,198828608.0,238185312.0,1728320.5
2024-11-12,0.4059999883174896,0.4099999964237213,0.3970000147819519,0.4020000100135803,177578688.0,215226064.0,1728320.5
2024-11-13,0.4000000059604645,0.40799999237060547,0.3959999978542328,0.40700000524520874,143890304.0,173597152.0,1728320.5
2024-11-14,0.4059999883174896,0.40700000524520874,0.3889999985694885,0.38999998569488525,88421800.0,105321344.0,1728320.5
2024-11-15,0.39100000262260437,0.39500001072883606,0.3779999911785126,0.3779999911785126,89679800.0,104275896.0,1728320.5
2024-11-18,0.3779999911785126,0.3790000081062317,0.3619999885559082,0.36500000953674316,130645104.0,144244048.0,1728320.5
2024-11-19,0.3659999966621399,0.37299999594688416,0.3610000014305115,0.3720000088214874,102001800.0,112560704.0,1728320.5
2024-11-20,0.3709999918937683,0.3779999911785126,0.3700000047683716,0.37599998712539673,69968600.0,78608984.0,1728320.5
2024-11-21,0.37400001287460327,0.375,0.36899998784065247,0.37299999594688416,65907900.0,73578736.0,1728320.5
2024-11-22,0.3720000088214874,0.37700000405311584,0.35899999737739563,0.36000001430511475,86760800.0,95905016.0,1728320.5
2024-11-25,0.36000001430511475,0.3610000014305115,0.3449999988079071,0.35199999809265137,105074800.0,110777520.0,1728320.5
2024-11-26,0.3540000021457672,0.35600000619888306,0.35100001096725464,0.35199999809265137,78675200.0,83501800.0,1728320.5
2024-11-27,0.35199999809265137,0.3619999885559082,0.34700000286102295,0.3619999885559082,98517600.0,104827512.0,1728320.5
2024-11-28,0.3619999885559082,0.3619999885559082,0.35499998927116394,0.35600000619888306,64143600.0,68877288.0,1728320.5
2024-11-29,0.35600000619888306,0.3659999966621399,0.3540000021457672,0.3610000014305115,83587200.0,90403584.0,1728320.5
2024-12-02,0.3610000014305115,0.3709999918937683,0.3610000014305115,0.3700000047683716,107095800.0,118370064.0,1728320.5
2024-12-03,0.3700000047683716,0.3700000047683716,0.3619999885559082,0.3659999966621399,95015000.0,104402032.0,1728320.5
2024-12-04,0.36500000953674316,0.367000013589859,0.35899999737739563,0.3610000014305115,69990600.0,76169040.0,1728320.5
2024-12-05,0.3619999885559082,0.367000013589859,0.36000001430511475,0.36500000953674316,62244700.0,68083880.0,1728320.5
2024-12-06,0.36500000953674316,0.3720000088214874,0.36500000953674316,0.3700000047683716,145149200.0,160500720.0,1728320.5
2024-12-09,0.3700000047683716,0.3700000047683716,0.3619999885559082,0.36500000953674316,83946704.0,92007064.0,1728320.5
2024-12-10,0.375,0.37700000405311584,0.367000013589859,0.367000013589859,127954200.0,142307696.0,1728320.5
2024-12-11,0.367000013589859,0.375,0.3659999966621399,0.37299999594688416,93115000.0,103737768.0,1728320.5
2024-12-12,0.37299999594688416,0.3779999911785126,0.3720000088214874,0.37700000405311584,123697296.0,139418976.0,1728320.5
2024-12-13,0.375,0.37700000405311584,0.3700000047683716,0.3709999918937683,96219000.0,107572904.0,1728320.5
2024-12-16,0.3709999918937683,0.37299999594688416,0.367000013589859,0.36899998784065247,44936200.0,49839048.0,1728320.5
2024-12-17,0.36800000071525574,0.3799999952316284,0.36800000071525574,0.3720000088214874,83860400.0,94442816.0,1728320.5
2024-12-18,0.3709999918937683,0.3779999911785126,0.367000013589859,0.375,82585296.0,92069808.0,1728320.5
2024-12-19,0.3720000088214874,0.38999998569488525,0.3709999918937683,0.3889999985694885,150326400.0,172833248.0,1728320.5
2024-12-20,0.3869999945163727,0.39500001072883606,0.38499999046325684,0.38999998569488525,175622944.0,205375472.0,1728320.5
2024-12-23,0.39100000262260437,0.3930000066757202,0.38199999928474426,0.382999986410141,190140000.0,221121440.0,1728320.5
2024-12-24,0.382999986410141,0.38600000739097595,0.37700000405311584,0.38600000739097595,78456496.0,90037040.0,1728320.5
2024-12-25,0.38600000739097595,0.39100000262260437,0.38499999046325684,0.3869999945163727,101510096.0,118408696.0,1728320.5
2024-12-26,0.3869999945163727,0.40400001406669617,0.3840000033378601,0.40400001406669617,223159232.0,267405904.0,1728320.5
2024-12-27,0.40299999713897705,0.4050000011920929,0.39500001072883606,0.3970000147819519,137562400.0,165962848.0,1728320.5
2024-12-30,0.3970000147819519,0.4020000100135803,0.3919999897480011,0.39500001072883606,140879600.0,167843360.0,1728320.5
2024-12-31,0.39800000190734863,0.39800000190734863,0.3799999952316284,0.3799999952316284,155189600.0,178994544.0,1728320.5
2025-01-02,0.38100001215934753,0.38100001215934753,0.3630000054836273,0.367000013589859,143974096.0,160002528.0,1728320.5
2025-01-03,0.36500000953674316,0.36800000071525574,0.3569999933242798,0.35899999737739563,84240600.0,91644928.0,1728320.5
2025-01-06,0.35899999737739563,0.36500000953674316,0.3529999852180481,0.3569999933242798,114460200.0,123149880.0,1728320.5
2025-01-07,0.3569999933242798,0.36800000071525574,0.35600000619888306,0.36800000071525574,133108704.0,144540528.0,1728320.5
2025-01-08,0.36399999260902405,0.36800000071525574,0.3540000021457672,0.36500000953674316,123057104.0,133363816.0,1728320.5
2025-01-09,0.3630000054836273,0.3720000088214874,0.3619999885559082,0.36899998784065247,101396304.0,112119424.0,1728320.5
2025-01-10,0.367000013589859,0.36800000071525574,0.3580000102519989,0.3580000102519989,104672600.0,113996792.0,1728320.5
2025-01-13,0.35499998927116394,0.3619999885559082,0.3529999852180481,0.35600000619888306,73819504.0,78979960.0,1728320.5
2025-01-14,0.3569999933242798,0.37400001287460327,0.35199999809265137,0.37299999594688416,117291296.0,128631296.0,1728320.5
2025-01-15,0.37299999594688416,0.37299999594688416,0.367000013589859,0.36800000071525574,61219500.0,67747352.0,1728320.5
2025-01-16,0.36899998784065247,0.37599998712539673,0.3659999966621399,0.3720000088214874,134456448.0,149062768.0,1728320.5
2025-01-17,0.3709999918937683,0.38100001215934753,0.3700000047683716,0.37700000405311584,107089944.0,120574848.0,1728320.5
2025-01-20,0.3790000081062317,0.3880000114440918,0.3790000081062317,0.3840000033378601,98237600.0,113016320.0,1728320.5
2025-01-21,0.3869999945163727,0.3959999978542328,0.38499999046325684,0.3930000066757202,104778048.0,122415688.0,1728320.5
2025-01-22,0.39100000262260437,0.4050000011920929,0.39100000262260437,0.4009999930858612,181780656.0,217483696.0,1728320.5
2025-01-23,0.40299999713897705,0.40799999237060547,0.3919999897480011,0.39399999380111694,141741824.0,170379056.0,1728320.5
2025-01-24,0.39100000262260437,0.40400001406669617,0.38999998569488525,0.40299999713897705,142011392.0,170097616.0,1728320.5
2025-01-27,0.4009999930858612,0.4020000100135803,0.382999986410141,0.3840000033378601,116294896.0,136109824.0,1728320.5
2025-02-05,0.38600000739097595,0.38600000739097595,0.37400001287460327,0.37599998712539673,147492896.0,166559408.0,1728320.5
2025-02-06,0.37599998712539673,0.39100000262260437,0.37599998712539673,0.39100000262260437,226506496.0,261376480.0,1728320.5
2025-02-07,0.39100000262260437,0.4059999883174896,0.38999998569488525,0.39899998903274536,230988992.0,276401472.0,1728320.5
2025-02-10,0.39899998903274536,0.4020000100135803,0.3959999978542328,0.4009999930858612,224225408.0,268960480.0,1728320.5
2025-02-11,0.4020000100135803,0.40400001406669617,0.3970000147819519,0.4009999930858612,97859904.0,117707192.0,1728320.5
2025-02-12,0.4000000059604645,0.4099999964237213,0.39899998903274536,0.4099999964237213,168483392.0,205078432.0,1728320.5
2025-02-13,0.4090000092983246,0.4090000092983246,0.39800000190734863,0.39800000190734863,129095600.0,155478304.0,1728320.5
2025-02-14,0.3970000147819519,0.40299999713897705,0.3970000147819519,0.4009999930858612,106475800.0,127644344.0,1728320.5
2025-02-17,0.4020000100135803,0.414000004529953,0.4020000100135803,0.41100001335144043,174054336.0,213556208.0,1728320.5
2025-02-18,0.4099999964237213,0.41200000047683716,0.39899998903274536,0.4009999930858612,121614000.0,148300784.0,1728320.5
2025-02-19,0.4009999930858612,0.4090000092983246,0.4000000059604645,0.4090000092983246,84636304.0,102852112.0,1728320.5
2025-02-20,0.4090000092983246,0.414000004529953,0.4059999883174896,0.41200000047683716,100580992.0,123954264.0,1728320.5
2025-02-21,0.414000004529953,0.4309999942779541,0.4129999876022339,0.42899999022483826,239215232.0,303734912.0,1728320.5
2025-02-24,0.42800000309944153,0.4300000071525574,0.42100000381469727,0.42500001192092896,108442000.0,138322768.0,1728320.5
2025-02-25,0.4169999957084656,0.4269999861717224,0.41499999165534973,0.42100000381469727,144361968.0,182143056.0,1728320.5
2025-02-26,0.42100000381469727,0.421999990940094,0.4129999876022339,0.42100000381469727,104700800.0,131381448.0,1728320.5
2025-02-27,0.42100000381469727,0.4230000078678131,0.40400001406669617,0.41200000047683716,106536336.0,131577024.0,1728320.5
2025-02-28,0.40400001406669617,0.40799999237060547,0.3880000114440918,0.3889999985694885,161978784.0,192471184.0,1728320.5
2025-03-03,0.38999998569488525,0.39100000262260437,0.3779999911785126,0.38199999928474426,177448480.0,204032192.0,1728320.5
2025-03-04,0.37599998712539673,0.38600000739097595,0.375,0.38600000739097595,120504032.0,137841872.0,1728320.5
2025-03-05,0.38600000739097595,0.39100000262260437,0.3840000033378601,0.38999998569488525,87012800.0,101232696.0,1728320.5
2025-03-06,0.39100000262260437,0.39899998903274536,0.39100000262260437,0.39800000190734863,109445200.0,130073856.0,1728320.5
2025-03-07,0.3970000147819519,0.3970000147819519,0.3880000114440918,0.38999998569488525,138575200.0,163264000.0,1728320.5
2025-03-10,0.38999998569488525,0.3919999897480011,0.38600000739097595,0.38999998569488525,108517104.0,126364688.0,1728320.5
2025-03-11,0.38600000739097595,0.3889999985694885,0.382999986410141,0.3880000114440918,66853300.0,77436184.0,1728320.5
2025-03-12,0.3889999985694885,0.39800000190734863,0.3880000114440918,0.3930000066757202,105465696.0,124129704.0,1728320.5
2025-03-13,0.3930000066757202,0.39399999380111694,0.38199999928474426,0.38499999046325684,104790600.0,121633888.0,1728320.5
2025-03-14,0.38499999046325684,0.39500001072883606,0.382999986410141,0.39399999380111694,122858600.0,144093408.0,1728320.5
2025-03-17,0.39399999380111694,0.39500001072883606,0.39100000262260437,0.39399999380111694,60811500.0,71719336.0,1728320.5
2025-03-18,0.39500001072883606,0.4009999930858612,0.3930000066757202,0.4000000059604645,100717200.0,120010512.0,1728320.5
2025-03-19,0.39800000190734863,0.39800000190734863,0.38999998569488525,0.3919999897480011,87298304.0,102643112.0,1728320.5
2025-03-20,0.39100000262260437,0.3919999897480011,0.3869999945163727,0.3869999945163727,80441800.0,94049336.0,1728320.5
2025-03-21,0.38600000739097595,0.3880000114440918,0.3779999911785126,0.3790000081062317,147737408.0,169188240.0,1728320.5
2025-03-24,0.3790000081062317,0.38199999928474426,0.37299999594688416,0.3799999952316284,86849904.0,98571192.0,1728320.5
2025-03-25,0.38100001215934753,0.38199999928474426,0.37299999594688416,0.37299999594688416,74604056.0,84191464.0,1728320.5
2025-03-26,0.37299999594688416,0.37700000405311584,0.3720000088214874,0.3720000088214874,73007016.0,81861896.0,1728320.5
2025-03-27,0.3720000088214874,0.375,0.367000013589859,0.3709999918937683,82765568.0,92096576.0,1728320.5
2025-03-28,0.37299999594688416,0.37299999594688416,0.3700000047683716,0.3709999918937683,60668300.0,67601368.0,1728320.5
2025-03-31,0.3700000047683716,0.3700000047683716,0.36399999260902405,0.36899998784065247,70931296.0,78118944.0,1728320.5
2025-04-01,0.3700000047683716,0.3720000088214874,0.367000013589859,0.36800000071525574,51477500.0,57052068.0,1728320.5
2025-04-02,0.36899998784065247,0.37299999594688416,0.36800000071525574,0.3700000047683716,66089516.0,73437024.0,1728320.5
2025-04-03,0.3659999966621399,0.3659999966621399,0.35199999809265137,0.3540000021457672,151980304.0,163122240.0,1728320.5
2025-04-07,0.3319999873638153,0.3330000042915344,0.3190000057220459,0.3190000057220459,62807800.0,60887316.0,1728320.5
2025-04-08,0.3019999861717224,0.3179999887943268,0.2939999997615814,0.3009999990463257,207506704.0,187341680.0,1728320.5
2025-04-09,0.2919999957084656,0.3070000112056732,0.2849999964237213,0.3050000071525574,153560240.0,137739424.0,1728320.5
2025-04-10,0.32100000977516174,0.3269999921321869,0.3179999887943268,0.3179999887943268,742152512.0,717984832.0,1728320.5
2025-04-11,0.3149999976158142,0.32899999618530273,0.3140000104904175,0.32499998807907104,165198800.0,159115120.0,1728320.5
2025-04-14,0.3370000123977661,0.33799999952316284,0.32600000500679016,0.3269999921321869,287016800.0,283881952.0,1728320.5
2025-04-15,0.32600000500679016,0.3269999921321869,0.3199999928474426,0.3230000138282776,93844088.0,90834648.0,1728320.5
2025-04-16,0.3199999928474426,0.32100000977516174,0.31200000643730164,0.3160000145435333,151494928.0,143507088.0,1728320.5
2025-04-17,0.3140000104904175,0.3199999928474426,0.31299999356269836,0.3160000145435333,93240656.0,88662504.0,1728320.5
2025-04-18,0.3149999976158142,0.32100000977516174,0.3149999976158142,0.3199999928474426,69657800.0,66394496.0,1728320.5
2025-04-21,0.3199999928474426,0.32600000500679016,0.31700000166893005,0.32600000500679016,162414416.0,157363280.0,1728320.5
2025-04-22,0.3240000009536743,0.32499998807907104,0.32199999690055847,0.32199999690055847,93897904.0,90987512.0,1728320.5
2025-04-23,0.3269999921321869,0.3330000042915344,0.32600000500679016,0.33000001311302185,229530400.0,227112256.0,1728320.5
2025-04-24,0.33000001311302185,0.33000001311302185,0.3230000138282776,0.3240000009536743,72644936.0,71074232.0,1728320.5
2025-04-25,0.32600000500679016,0.3330000042915344,0.32499998807907104,0.33000001311302185,291503296.0,289262624.0,1728320.5
2025-04-28,0.33000001311302185,0.33000001311302185,0.32499998807907104,0.32600000500679016,67604200.0,66272792.0,1728320.5
2025-04-29,0.32600000500679016,0.3269999921321869,0.3230000138282776,0.3269999921321869,56050900.0,54750220.0,1728320.5
2025-04-30,0.328000009059906,0.3319999873638153,0.32600000500679016,0.3310000002384186,78975472.0,78250376.0,1728320.5
2025-05-06,0.3330000042915344,0.34200000762939453,0.3330000042915344,0.34200000762939453,103736352.0,105527968.0,1728320.5
2025-05-07,0.34599998593330383,0.3479999899864197,0.33799999952316284,0.3409999907016754,159436400.0,163423808.0,1728320.5
2025-05-08,0.3409999907016754,0.3529999852180481,0.3409999907016754,0.35199999809265137,140515808.0,146966752.0,1728320.5
2025-05-09,0.3499999940395355,0.3499999940395355,0.34299999475479126,0.34599998593330383,109204896.0,113319184.0,1728320.5
2025-05-12,0.3529999852180481,0.35600000619888306,0.3499999940395355,0.35499998927116394,148189968.0,156536336.0,1728320.5
2025-05-13,0.3610000014305115,0.3619999885559082,0.35199999809265137,0.3529999852180481,102055032.0,109011232.0,1728320.5
2025-05-14,0.3529999852180481,0.35899999737739563,0.35199999809265137,0.35499998927116394,95313400.0,101660712.0,1728320.5
2025-05-15,0.3529999852180481,0.3529999852180481,0.3449999988079071,0.3449999988079071,97079904.0,101303232.0,1728320.5
2025-05-16,0.3440000116825104,0.3479999899864197,0.34299999475479126,0.34599998593330383,55073400.0,57198092.0,1728320.5
2025-05-19,0.3449999988079071,0.34599998593330383,0.3409999907016754,0.3449999988079071,59480500.0,61292596.0,1728320.5
2025-05-20,0.3449999988079071,0.3479999899864197,0.34200000762939453,0.34700000286102295,55125400.0,57078060.0,1728320.5
2025-05-21,0.34599998593330383,0.34599998593330383,0.34200000762939453,0.3440000116825104,64874700.0,67010568.0,1728320.5
2025-05-22,0.34299999475479126,0.34599998593330383,0.34200000762939453,0.34200000762939453,66078000.0,68196720.0,1728320.5
2025-05-23,0.34200000762939453,0.3440000116825104,0.335999995470047,0.335999995470047,78102992.0,79702680.0,1728320.5
2025-05-26,0.33500000834465027,0.33899998664855957,0.33500000834465027,0.33799999952316284,56538240.0,57180328.0,1728320.5
2025-05-27,0.33799999952316284,0.33799999952316284,0.3310000002384186,0.3330000042915344,106073600.0,106056264.0,1728320.5
2025-05-28,0.3330000042915344,0.3370000123977661,0.3330000042915344,0.33500000834465027,60108900.0,60436140.0,1728320.5
2025-05-29,0.3370000123977661,0.34599998593330383,0.33500000834465027,0.3449999988079071,221510016.0,228315104.0,1728320.5
2025-05-30,0.34200000762939453,0.34200000762939453,0.3370000123977661,0.3400000035762787,71981240.0,73171312.0,1728320.5
2025-06-03,0.3370000123977661,0.3409999907016754,0.3370000123977661,0.33899998664855957,53620500.0,54537432.0,1728320.5
2025-06-04,0.33899998664855957,0.3479999899864197,0.33899998664855957,0.34599998593330383,92364976.0,95612720.0,1728320.5
2025-06-05,0.34599998593330383,0.3580000102519989,0.34599998593330383,0.3569999933242798,214416992.0,227336288.0,1728320.5
2025-06-06,0.3580000102519989,0.36000001430511475,0.3540000021457672,0.3580000102519989,132118400.0,141788608.0,1728320.5
2025-06-09,0.35899999737739563,0.36500000953674316,0.35899999737739563,0.3619999885559082,112760200.0,122432000.0,1728320.5
2025-06-10,0.3610000014305115,0.3610000014305115,0.3529999852180481,0.35600000619888306,158043152.0,169262960.0,1728320.5
2025-06-11,0.3569999933242798,0.3619999885559082,0.3569999933242798,0.3569999933242798,72659696.0,78291584.0,1728320.5
2025-06-12,0.3569999933242798,0.3659999966621399,0.35600000619888306,0.3630000054836273,214620304.0,234244048.0,1728320.5
2025-06-13,0.3610000014305115,0.36399999260902405,0.3569999933242798,0.3580000102519989,74981104.0,81014512.0,1728320.5
2025-06-16,0.3569999933242798,0.36899998784065247,0.3569999933242798,0.36500000953674316,88313696.0,96697408.0,1728320.5
2025-06-17,0.3659999966621399,0.367000013589859,0.3630000054836273,0.36500000953674316,66786500.0,73135024.0,1728320.5
2025-06-18,0.36500000953674316,0.37400001287460327,0.3619999885559082,0.37400001287460327,133334000.0,147555584.0,1728320.5
2025-06-19,0.3720000088214874,0.37599998712539673,0.36899998784065247,0.3700000047683716,105035800.0,117535600.0,1728320.5
2025-06-20,0.36899998784065247,0.3709999918937683,0.36399999260902405,0.3659999966621399,81824800.0,90114264.0,1728320.5
2025-06-23,0.3630000054836273,0.36800000071525574,0.3610000014305115,0.3659999966621399,81424000.0,89119512.0,1728320.5
2025-06-24,0.367000013589859,0.3720000088214874,0.367000013589859,0.3709999918937683,75175296.0,83492504.0,1728320.5
2025-06-25,0.37299999594688416,0.37599998712539673,0.3709999918937683,0.37599998712539673,97044528.0,108753600.0,1728320.5
2025-06-26,0.37700000405311584,0.382999986410141,0.37700000405311584,0.3779999911785126,222847696.0,253867328.0,1728320.5
2025-06-27,0.37700000405311584,0.3880000114440918,0.37400001287460327,0.38600000739097595,217739360.0,249874304.0,1728320.5
2025-06-30,0.3869999945163727,0.3930000066757202,0.38600000739097595,0.3930000066757202,156786992.0,183318416.0,1728320.5
2025-07-01,0.38999998569488525,0.39500001072883606,0.3889999985694885,0.39399999380111694,132427904.0,155663328.0,1728320.5
2025-07-02,0.39100000262260437,0.39100000262260437,0.382999986410141,0.3840000033378601,94825128.0,109470688.0,1728320.5
2025-07-03,0.3840000033378601,0.39899998903274536,0.3840000033378601,0.3970000147819519,208625344.0,245995344.0,1728320.5
2025-07-04,0.3959999978542328,0.39899998903274536,0.39399999380111694,0.39500001072883606,155157488.0,184661856.0,1728320.5
2025-07-07,0.3930000066757202,0.39500001072883606,0.38499999046325684,0.3889999985694885,202802816.0,236886816.0,1728320.5
2025-07-08,0.3880000114440918,0.4059999883174896,0.3880000114440918,0.4050000011920929,251950976.0,301972768.0,1728320.5
2025-07-09,0.4050000011920929,0.4090000092983246,0.40400001406669617,0.4050000011920929,175268912.0,213817280.0,1728320.5
2025-07-10,0.40700000524520874,0.41100001335144043,0.4000000059604645,0.4059999883174896,144928752.0,176024464.0,1728320.5
2025-07-11,0.40400001406669617,0.4059999883174896,0.4020000100135803,0.40299999713897705,109636776.0,132897304.0,1728320.5
2025-07-14,0.40299999713897705,0.40700000524520874,0.4020000100135803,0.4050000011920929,227547184.0,276795904.0,1728320.5
2025-07-15,0.41100001335144043,0.42800000309944153,0.41100001335144043,0.4269999861717224,275807200.0,350424288.0,1728320.5
2025-07-16,0.42899999022483826,0.4359999895095825,0.42399999499320984,0.42399999499320984,257635392.0,332516256.0,1728320.5
2025-07-17,0.421999990940094,0.4449999928474426,0.421999990940094,0.4440000057220459,268327232.0,350460736.0,1728320.5
2025-07-18,0.44600000977516174,0.453000009059906,0.43799999356269836,0.4410000145435333,219046720.0,293181600.0,1728320.5
2025-07-21,0.4390000104904175,0.4429999887943268,0.4339999854564667,0.4429999887943268,179043168.0,235493744.0,1728320.5
2025-07-22,0.4399999976158142,0.45100000500679016,0.43799999356269836,0.4410000145435333,162356768.0,215661104.0,1728320.5
2025-07-23,0.4359999895095825,0.4390000104904175,0.43299999833106995,0.4390000104904175,148804032.0,195030048.0,1728320.5
2025-07-24,0.4390000104904175,0.44200000166893005,0.4350000023841858,0.4399999976158142,231256944.0,303862368.0,1728320.5
2025-07-25,0.4399999976158142,0.4429999887943268,0.43799999356269836,0.44200000166893005,166621056.0,220478832.0,1728320.5
2025-07-28,0.4429999887943268,0.4519999921321869,0.4410000145435333,0.45100000500679016,226156784.0,303249184.0,1728320.5
2025-07-29,0.44999998807907104,0.4650000035762787,0.44999998807907104,0.4650000035762787,256152192.0,350906656.0,1728320.5
2025-07-30,0.46299999952316284,0.46700000762939453,0.4580000042915344,0.4650000035762787,146722000.0,203638544.0,1728320.5
2025-07-31,0.4699999988079071,0.48100000619888306,0.46399998664855957,0.46700000762939453,315574240.0,448706784.0,1728320.5
2025-08-01,0.460999995470047,0.4690000116825104,0.4519999921321869,0.4569999873638153,166417568.0,230081040.0,1728320.5
2025-08-04,0.453000009059906,0.45899999141693115,0.44999998807907104,0.4580000042915344,148690144.0,202531632.0,1728320.5
2025-08-05,0.460999995470047,0.46299999952316284,0.4519999921321869,0.46000000834465027,141556192.0,194230224.0,1728320.5
2025-08-06,0.4569999873638153,0.46399998664855957,0.4560000002384186,0.4620000123977661,150460400.0,207991840.0,1728320.5
2025-08-07,0.46399998664855957,0.47200000286102295,0.45399999618530273,0.460999995470047,114992688.0,159722160.0,1728320.5
2025-08-08,0.46000000834465027,0.4650000035762787,0.4560000002384186,0.45899999141693115,140474000.0,194395792.0,1728320.5
2025-08-11,0.45899999141693115,0.4740000069141388,0.45899999141693115,0.47099998593330383,199458960.0,281171616.0,1728320.5
2025-08-12,0.47099998593330383,0.4830000102519989,0.47099998593330383,0.4830000102519989,165972336.0,237876864.0,1728320.5
2025-08-13,0.48399999737739563,0.5109999775886536,0.4819999933242798,0.5099999904632568,314560736.0,470545856.0,1728320.5
2025-08-14,0.5090000033378601,0.5090000033378601,0.4970000088214874,0.49900001287460327,168736992.0,254990768.0,1728320.5
2025-08-15,0.4950000047683716,0.5070000290870667,0.49399998784065247,0.5040000081062317,152376176.0,229013888.0,1728320.5
2025-08-18,0.5040000081062317,0.5289999842643738,0.5,0.5239999890327454,159262416.0,246561840.0,1728320.5
2025-08-19,0.5220000147819519,0.5370000004768372,0.5210000276565552,0.5329999923706055,191966304.0,304880128.0,1728320.5
2025-08-20,0.5260000228881836,0.5389999747276306,0.5149999856948853,0.5379999876022339,207188800.0,330212928.0,1728320.5
2025-08-21,0.5389999747276306,0.5479999780654907,0.5289999842643738,0.5370000004768372,202830112.0,328755904.0,1728320.5
2025-08-22,0.5320000052452087,0.5600000023841858,0.5320000052452087,0.5590000152587891,190695696.0,314644032.0,1728320.5
2025-08-25,0.5649999976158142,0.5870000123977661,0.5630000233650208,0.5870000123977661,161729552.0,278626496.0,1728320.5
2025-08-26,0.5849999785423279,0.5929999947547913,0.578000009059906,0.5879999995231628,144278400.0,253663936.0,1728320.5
2025-08-27,0.5870000123977661,0.6190000176429749,0.5860000252723694,0.5929999947547913,237098128.0,427936352.0,1728320.5
2025-08-28,0.5910000205039978,0.640999972820282,0.5889999866485596,0.6370000243186951,278558624.0,514010848.0,1728320.5
2025-08-29,0.6370000243186951,0.6510000228881836,0.6230000257492065,0.6449999809265137,327163712.0,621963520.0,1728320.5
2025-09-01,0.6510000228881836,0.6809999942779541,0.6399999856948853,0.6759999990463257,248645120.0,492945824.0,1728320.5
2025-09-02,0.6740000247955322,0.6840000152587891,0.6290000081062317,0.6380000114440918,366733952.0,717674496.0,1728320.5
2025-09-03,0.6320000290870667,0.656000018119812,0.625,0.6460000276565552,230142176.0,441172832.0,1728320.5
2025-09-04,0.6510000228881836,0.6610000133514404,0.5849999785423279,0.5920000076293945,293914176.0,541248064.0,1728320.5
2025-09-05,0.5920000076293945,0.6349999904632568,0.5870000123977661,0.6309999823570251,273694336.0,503177344.0,1728320.5
2025-09-08,0.6330000162124634,0.6330000162124634,0.593999981880188,0.6110000014305115,203254560.0,372795840.0,1728320.5
2025-09-09,0.6029999852180481,0.6110000014305115,0.5889999866485596,0.5979999899864197,183810224.0,331691456.0,1728320.5
2025-09-10,0.6079999804496765,0.628000020980835,0.6050000190734863,0.6209999918937683,200347344.0,370790496.0,1728320.5
2025-09-11,0.6290000081062317,0.6830000281333923,0.6290000081062317,0.6830000281333923,300017344.0,596184832.0,1728320.5
2025-09-12,0.6669999957084656,0.6830000281333923,0.6629999876022339,0.671999990940094,256759904.0,518998528.0,1728320.5
2025-09-15,0.6660000085830688,0.6729999780654907,0.652999997138977,0.6669999957084656,192020704.0,383417920.0,1728320.5
2025-09-16,0.6650000214576721,0.6779999732971191,0.6570000052452087,0.6690000295639038,182844704.0,366372960.0,1728320.5
2025-09-17,0.6669999957084656,0.6769999861717224,0.656000018119812,0.6729999780654907,194378976.0,390243040.0,1728320.5
2025-09-18,0.6669999957084656,0.699999988079071,0.6629999876022339,0.6809999942779541,265039280.0,540827904.0,1728320.5
2025-09-19,0.6869999766349792,0.7009999752044678,0.6840000152587891,0.6899999976158142,229113296.0,475713184.0,1728320.5
2025-09-22,0.6990000009536743,0.7129999995231628,0.6840000152587891,0.7110000252723694,229332400.0,484086496.0,1728320.5
2025-09-23,0.734000027179718,0.7400000095367432,0.6930000185966492,0.7139999866485596,522612032.0,1116555264.0,1728320.5
2025-09-24,0.6980000138282776,0.7179999947547913,0.6919999718666077,0.7160000205039978,383307360.0,812495872.0,1728320.5
2025-09-25,0.7120000123977661,0.7350000143051147,0.7009999752044678,0.7260000109672546,201601344.0,437433632.0,1728320.5
2025-09-26,0.722000002861023,0.7289999723434448,0.6980000138282776,0.6990000009536743,197885088.0,422512928.0,1728320.5
2025-09-29,0.6899999976158142,0.7179999947547913,0.6899999976158142,0.7149999737739563,204970432.0,437325248.0,1728320.5
2025-09-30,0.7170000076293945,0.7289999723434448,0.7020000219345093,0.7089999914169312,192402160.0,410461536.0,1728320.5
2025-10-09,0.7089999914169312,0.7319999933242798,0.7089999914169312,0.7170000076293945,225598752.0,488472640.0,1728320.5
2025-10-10,0.7139999866485596,0.7160000205039978,0.6869999766349792,0.6930000185966492,161448128.0,340073088.0,1728320.5
2025-10-13,0.6460000276565552,0.6800000071525574,0.6460000276565552,0.6779999732971191,143702720.0,288601440.0,1728320.5
2025-10-14,0.6869999766349792,0.6890000104904175,0.6349999904632568,0.6389999985694885,328698528.0,644691712.0,1728320.5
2025-10-15,0.6359999775886536,0.6589999794960022,0.6290000081062317,0.6579999923706055,132970960.0,257114240.0,1728320.5
2025-10-16,0.6539999842643738,0.6769999861717224,0.6520000100135803,0.6629999876022339,179760816.0,359268960.0,1728320.5
2025-10-17,0.6620000004768372,0.6629999876022339,0.6340000033378601,0.6349999904632568,190033840.0,366398752.0,1728320.5
2025-10-20,0.6539999842643738,0.6740000247955322,0.6489999890327454,0.656000018119812,193210288.0,382880992.0,1728320.5
2025-10-21,0.6620000004768372,0.7020000219345093,0.6600000262260437,0.6970000267028809,351783296.0,722942720.0,1728320.5
2025-10-22,0.6869999766349792,0.703000009059906,0.6850000023841858,0.6919999718666077,167445568.0,348529632.0,1728320.5
2025-10-23,0.6850000023841858,0.6859999895095825,0.6650000214576721,0.6790000200271606,129717328.0,262288352.0,1728320.5
2025-10-24,0.6869999766349792,0.718999981880188,0.6809999942779541,0.7160000205039978,201290320.0,423862816.0,1728320.5
2025-10-27,0.7369999885559082,0.7540000081062317,0.7319999933242798,0.753000020980835,231185456.0,514731200.0,1728320.5
2025-10-28,0.746999979019165,0.7720000147819519,0.7429999709129333,0.7540000081062317,296647584.0,672906112.0,1728320.5
2025-10-29,0.765999972820282,0.7760000228881836,0.7509999871253967,0.7649999856948853,256320480.0,586428928.0,1728320.5
2025-10-30,0.7559999823570251,0.7670000195503235,0.7379999756813049,0.7400000095367432,237095792.0,532363392.0,1728320.5
2025-10-31,0.7360000014305115,0.7379999756813049,0.7009999752044678,0.7039999961853027,405674880.0,867353472.0,1728320.5
2025-11-03,0.6990000009536743,0.7099999785423279,0.6859999895095825,0.7089999914169312,218049280.0,456432128.0,1728320.5
2025-11-04,0.7089999914169312,0.7170000076293945,0.6919999718666077,0.6990000009536743,161345296.0,341047008.0,1728320.5
2025-11-05,0.6759999990463257,0.699999988079071,0.675000011920929,0.6959999799728394,171819328.0,353808256.0,1728320.5
2025-11-06,0.699999988079071,0.7160000205039978,0.6980000138282776,0.7149999737739563,181016304.0,385129984.0,1728320.5
2025-11-07,0.7049999833106995,0.7099999785423279,0.6930000185966492,0.7020000219345093,139953632.0,294246816.0,1728320.5
2025-11-10,0.699999988079071,0.7059999704360962,0.6729999780654907,0.6919999718666077,174513824.0,358817952.0,1728320.5
2025-11-11,0.6990000009536743,0.699999988079071,0.6710000038146973,0.6729999780654907,185752496.0,380205056.0,1728320.5
2025-11-12,0.6639999747276306,0.6790000200271606,0.6579999923706055,0.6779999732971191,160663520.0,321629504.0,1728320.5
2025-11-13,0.6740000247955322,0.6790000200271606,0.6650000214576721,0.6759999990463257,116877824.0,236016304.0,1728320.5
2025-11-14,0.6660000085830688,0.6660000085830688,0.6520000100135803,0.6520000100135803,124294088.0,245325728.0,1728320.5
2025-11-17,0.6499999761581421,0.6669999957084656,0.6499999761581421,0.6579999923706055,113787920.0,224886496.0,1728320.5
2025-11-18,0.6520000100135803,0.6700000166893005,0.6480000019073486,0.6570000052452087,250090512.0,494427552.0,1728320.5
2025-11-19,0.6549999713897705,0.6700000166893005,0.652999997138977,0.6600000262260437,247334480.0,491078464.0,1728320.5
2025-11-20,0.6779999732971191,0.6819999814033508,0.6579999923706055,0.6610000133514404,201277440.0,403217280.0,1728320.5
2025-11-21,0.6449999809265137,0.6449999809265137,0.621999979019165,0.625,300336480.0,569584128.0,1728320.5
2025-11-24,0.628000020980835,0.6309999823570251,0.6069999933242798,0.6190000176429749,208629008.0,387909728.0,1728320.5
2025-11-25,0.628000020980835,0.656000018119812,0.628000020980835,0.6430000066757202,244747824.0,471861088.0,1728320.5
2025-11-26,0.6389999985694885,0.6880000233650208,0.6349999904632568,0.6759999990463257,309129216.0,618351168.0,1728320.5
2025-11-27,0.6729999780654907,0.699999988079071,0.6710000038146973,0.6740000247955322,249464640.0,512153536.0,1728320.5
2025-11-28,0.671999990940094,0.6830000281333923,0.6669999957084656,0.6759999990463257,126571104.0,256108368.0,1728320.5
2025-12-01,0.6819999814033508,0.6990000009536743,0.6700000166893005,0.6940000057220459,130290832.0,268660064.0,1728320.5
2025-12-02,0.6940000057220459,0.7049999833106995,0.6919999718666077,0.6980000138282776,139545344.0,292195712.0,1728320.5
2025-12-03,0.6980000138282776,0.7110000252723694,0.6869999766349792,0.6890000104904175,143876192.0,301963840.0,1728320.5
2025-12-04,0.6840000152587891,0.6949999928474426,0.6740000247955322,0.6930000185966492,146344832.0,301087648.0,1728320.5
2025-12-05,0.6970000267028809,0.7020000219345093,0.6869999766349792,0.6970000267028809,126489400.0,263747792.0,1728320.5
2025-12-08,0.7009999752044678,0.7360000014305115,0.6980000138282776,0.7289999723434448,227740256.0,493723392.0,1728320.5
2025-12-09,0.7279999852180481,0.7559999823570251,0.7269999980926514,0.7490000128746033,233929568.0,521542336.0,1728320.5
2025-12-10,0.7490000128746033,0.7549999952316284,0.7279999852180481,0.7509999871253967,238239552.0,527756000.0,1728320.5
2025-12-11,0.7490000128746033,0.753000020980835,0.7269999980926514,0.7279999852180481,146005072.0,325388736.0,1728320.5
2025-12-12,0.7210000157356262,0.7409999966621399,0.7149999737739563,0.734000027179718,181487088.0,397693120.0,1728320.5
2025-12-15,0.7210000157356262,0.7319999933242798,0.7139999866485596,0.7160000205039978,131783240.0,284835168.0,1728320.5
2025-12-16,0.7139999866485596,0.7179999947547913,0.6959999799728394,0.703000009059906,196967264.0,417566784.0,1728320.5
2025-12-17,0.703000009059906,0.7379999756813049,0.703000009059906,0.7369999885559082,167865328.0,363298176.0,1728320.5
2025-12-18,0.7250000238418579,0.7329999804496765,0.7179999947547913,0.7210000157356262,133729408.0,291032800.0,1728320.5
2025-12-19,0.7279999852180481,0.734000027179718,0.718999981880188,0.7229999899864197,122121904.0,266000800.0,1728320.5
2025-12-22,0.7310000061988831,0.7570000290870667,0.7310000061988831,0.753000020980835,166108096.0,372769824.0,1728320.5
2025-12-23,0.753000020980835,0.7570000290870667,0.7459999918937683,0.7509999871253967,173399728.0,391608480.0,1728320.5
2025-12-24,0.753000020980835,0.7699999809265137,0.7490000128746033,0.7689999938011169,146524704.0,334171232.0,1728320.5
2025-12-25,0.7699999809265137,0.7799999713897705,0.7570000290870667,0.7699999809265137,150642832.0,347575232.0,1728320.5
2025-12-26,0.765999972820282,0.7680000066757202,0.7570000290870667,0.7630000114440918,122277128.0,279742048.0,1728320.5
2025-12-29,0.7620000243186951,0.7799999713897705,0.7599999904632568,0.7699999809265137,150472448.0,347035904.0,1728320.5
2025-12-30,0.765999972820282,0.781000018119812,0.7570000290870667,0.7689999938011169,149387888.0,345396640.0,1728320.5
2025-12-31,0.7710000276565552,0.7739999890327454,0.7540000081062317,0.7590000033378601,113831512.0,260329024.0,1728320.5
2026-01-05,0.7620000243186951,0.7789999842643738,0.7620000243186951,0.7760000228881836,241678256.0,561476608.0,1728320.5
2026-01-06,0.7720000147819519,0.7770000100135803,0.7590000033378601,0.7770000100135803,162137088.0,374519456.0,1728320.5
2026-01-07,0.7799999713897705,0.7929999828338623,0.7760000228881836,0.7839999794960022,135971264.0,320135072.0,1728320.5
2026-01-08,0.7789999842643738,0.7839999794960022,0.7680000066757202,0.7749999761581421,93588696.0,217807328.0,1728320.5
2026-01-09,0.7680000066757202,0.7789999842643738,0.7559999823570251,0.7770000100135803,152577376.0,352160832.0,1728320.5
2026-01-12,0.7770000100135803,0.7940000295639038,0.7649999856948853,0.7940000295639038,153932736.0,359828704.0,1728320.5
2026-01-13,0.7879999876022339,0.7940000295639038,0.7649999856948853,0.7670000195503235,188127376.0,441122560.0,1728320.5
2026-01-14,0.7670000195503235,0.7850000262260437,0.7670000195503235,0.777999997138977,143365056.0,333539328.0,1728320.5
2026-01-15,0.7670000195503235,0.7910000085830688,0.7649999856948853,0.7910000085830688,130246880.0,303599008.0,1728320.5
2026-01-16,0.796999990940094,0.8059999942779541,0.7889999747276306,0.8019999861717224,173447920.0,415207296.0,1728320.5
2026-01-19,0.7900000214576721,0.800000011920929,0.7879999876022339,0.7889999747276306,110054080.0,261241328.0,1728320.5
2026-01-20,0.7839999794960022,0.7919999957084656,0.7599999904632568,0.7680000066757202,122165040.0,283229376.0,1728320.5
2026-01-21,0.7570000290870667,0.7839999794960022,0.7570000290870667,0.7789999842643738,116185312.0,270994144.0,1728320.5
2026-01-22,0.7829999923706055,0.7950000166893005,0.7770000100135803,0.7950000166893005,170584000.0,402716736.0,1728320.5
2026-01-23,0.7940000295639038,0.7950000166893005,0.781000018119812,0.7860000133514404,93404960.0,220154832.0,1728320.5
2026-01-26,0.7839999794960022,0.7870000004768372,0.7730000019073486,0.7770000100135803,85409504.0,199838544.0,1728320.5
2026-01-27,0.7739999890327454,0.7990000247955322,0.7689999938011169,0.7940000295639038,129803344.0,307124384.0,1728320.5
2026-01-28,0.800000011920929,0.8100000023841858,0.7910000085830688,0.7960000038146973,114370432.0,274955936.0,1728320.5
2026-01-29,0.7940000295639038,0.8009999990463257,0.7789999842643738,0.7799999713897705,127464768.0,301778880.0,1728320.5
2026-01-30,0.7739999890327454,0.800000011920929,0.7639999985694885,0.7950000166893005,137334304.0,324180352.0,1728320.5
2026-02-02,0.7929999828338623,0.8100000023841858,0.7720000147819519,0.7760000228881836,168653888.0,401760160.0,1728320.5
2026-02-03,0.7870000004768372,0.7990000247955322,0.7680000066757202,0.7919999957084656,99743848.0,235323648.0,1728320.5
2026-02-04,0.7820000052452087,0.7820000052452087,0.7549999952316284,0.7689999938011169,113094680.0,259400512.0,1728320.5
2026-02-05,0.7559999823570251,0.7649999856948853,0.7480000257492065,0.7540000081062317,206352832.0,466981472.0,1728320.5
2026-02-06,0.7459999918937683,0.7649999856948853,0.7360000014305115,0.75,95580760.0,214994336.0,1728320.5
2026-02-09,0.7670000195503235,0.7870000004768372,0.7630000114440918,0.7829999923706055,133335824.0,309563200.0,1728320.5
2026-02-10,0.7839999794960022,0.7929999828338623,0.781000018119812,0.7829999923706055,123275904.0,290633152.0,1728320.5
2026-02-11,0.781000018119812,0.7889999747276306,0.7670000195503235,0.7680000066757202,109594768.0,254642304.0,1728320.5
2026-02-12,0.7689999938011169,0.7829999923706055,0.7689999938011169,0.7820000052452087,85737112.0,200011552.0,1728320.5
2026-02-13,0.7749999761581421,0.7839999794960022,0.7720000147819519,0.7739999890327454,79249624.0,184726640.0,1728320.5
2026-02-24,0.7839999794960022,0.8069999814033508,0.7820000052452087,0.7950000166893005,137212368.0,327317376.0,1728320.5
2026-02-25,0.7960000038146973,0.8009999990463257,0.7860000133514404,0.8009999990463257,91425592.0,217816832.0,1728320.5
2026-02-26,0.8029999732971191,0.8259999752044678,0.7990000247955322,0.8209999799728394,144609280.0,353579968.0,1728320.5
2026-02-27,0.8019999861717224,0.8090000152587891,0.796999990940094,0.8080000281333923,97881640.0,235832048.0,1728320.5
2026-03-02,0.7919999957084656,0.8199999928474426,0.7919999957084656,0.8149999976158142,106307376.0,258145632.0,1728320.5
2026-03-03,0.8199999928474426,0.828000009059906,0.7850000262260437,0.7889999747276306,151933824.0,368377568.0,1728320.5
2026-03-04,0.7730000019073486,0.7960000038146973,0.7730000019073486,0.7829999923706055,115641520.0,272345760.0,1728320.5
2026-03-05,0.796999990940094,0.8180000185966492,0.7879999876022339,0.7990000247955322,136113184.0,327098848.0,1728320.5
2026-03-06,0.7919999957084656,0.8050000071525574,0.7799999713897705,0.7950000166893005,97809960.0,231758832.0,1728320.5
2026-03-09,0.7730000019073486,0.777999997138977,0.7440000176429749,0.7760000228881836,163252208.0,371063808.0,1728320.5
2026-03-10,0.7900000214576721,0.8140000104904175,0.7889999747276306,0.8140000104904175,218594256.0,528213984.0,1728320.5
2026-03-11,0.8159999847412109,0.8320000171661377,0.8140000104904175,0.8169999718666077,131228960.0,323552928.0,1728320.5
2026-03-12,0.8149999976158142,0.8299999833106995,0.7960000038146973,0.8080000281333923,111901088.0,273018048.0,1728320.5
2026-03-13,0.7990000247955322,0.8109999895095825,0.796999990940094,0.8009999990463257,98338176.0,237223584.0,1728320.5
2026-03-16,0.796999990940094,0.8140000104904175,0.7860000133514404,0.8130000233650208,145044336.0,347285472.0,1728320.5
2026-03-17,0.8169999718666077,0.8199999928474426,0.777999997138977,0.7799999713897705,210769488.0,502452416.0,1728320.5
2026-03-18,0.7850000262260437,0.8130000233650208,0.7850000262260437,0.8119999766349792,151960416.0,363278688.0,1728320.5
2026-03-19,0.7960000038146973,0.8169999718666077,0.7940000295639038,0.8029999732971191,173043888.0,418451904.0,1728320.5
2026-03-20,0.8180000185966492,0.8379999995231628,0.8090000152587891,0.8140000104904175,272000864.0,673600320.0,1728320.5
2026-03-23,0.7829999923706055,0.8009999990463257,0.765999972820282,0.7710000276565552,242859968.0,569278656.0,1728320.5
2026-03-24,0.781000018119812,0.7820000052452087,0.7519999742507935,0.781000018119812,170110048.0,391324480.0,1728320.5
2026-03-25,0.7979999780654907,0.8199999928474426,0.7979999780654907,0.8109999895095825,220574928.0,535084384.0,1728320.5
2026-03-26,0.8029999732971191,0.8100000023841858,0.7850000262260437,0.7889999747276306,154053440.0,368505664.0,1728320.5
2026-03-27,0.7680000066757202,0.7929999828338623,0.7620000243186951,0.7839999794960022,201501856.0,468812256.0,1728320.5
2026-03-30,0.7649999856948853,0.7889999747276306,0.7649999856948853,0.7839999794960022,146541632.0,341350688.0,1728320.5
2026-03-31,0.7739999890327454,0.7889999747276306,0.7639999985694885,0.7689999938011169,148091280.0,344046656.0,1728320.5
2026-04-01,0.7919999957084656,0.7990000247955322,0.7789999842643738,0.7960000038146973,182258896.0,431634240.0,1728320.5
2026-04-02,0.7950000166893005,0.800000011920929,0.7699999809265137,0.7739999890327454,151685968.0,355365760.0,1728320.5
2026-04-03,0.7870000004768372,0.8040000200271606,0.7870000004768372,0.7879999876022339,152471280.0,363173888.0,1728320.5
2026-04-07,0.7879999876022339,0.800000011920929,0.7799999713897705,0.7910000085830688,162462320.0,385740704.0,1728320.5
2026-04-08,0.8169999718666077,0.8519999980926514,0.8130000233650208,0.8510000109672546,252190176.0,627837760.0,1728320.5
2026-04-09,0.8370000123977661,0.8640000224113464,0.8370000123977661,0.8600000143051147,304242752.0,779350592.0,1728320.5
2026-04-10,0.8659999966621399,0.8949999809265137,0.8610000014305115,0.8880000114440918,240550976.0,631573696.0,1728320.5
2026-04-13,0.8790000081062317,0.8960000276565552,0.878000020980835,0.8920000195503235,167436128.0,445371648.0,1728320.5
2026-04-14,0.902999997138977,0.921999990940094,0.8960000276565552,0.9129999876022339,179430432.0,490047040.0,1728320.5
2026-04-15,0.9139999747276306,0.925000011920929,0.8880000114440918,0.8960000276565552,245211568.0,667721152.0,1728320.5
2026-04-16,0.8930000066757202,0.9240000247955322,0.8899999856948853,0.9229999780654907,168472496.0,458609152.0,1728320.5
2026-04-17,0.9319999814033508,0.9629999995231628,0.9300000071525574,0.9620000123977661,226023888.0,644604416.0,1728320.5
2026-04-20,0.9629999995231628,0.9829999804496765,0.9629999995231628,0.9769999980926514,188683296.0,550758080.0,1728320.5
2026-04-21,0.9589999914169312,0.9829999804496765,0.9549999833106995,0.9789999723434448,175409648.0,510364928.0,1728320.5
2026-04-22,0.9750000238418579,1.034000039100647,0.9750000238418579,1.031999945640564,236254672.0,715411136.0,1728320.5
2026-04-23,1.0369999408721924,1.065000057220459,1.0089999437332153,1.0230000019073486,366817632.0,1134994688.0,1728320.5
2026-04-24,1.0,1.0190000534057617,0.9679999947547913,0.9869999885559082,320606848.0,956502272.0,1728320.5
2026-04-27,0.9909999966621399,1.0160000324249268,0.9909999966621399,1.00600004196167,204400624.0,615626752.0,1728320.5
2026-04-28,1.0010000467300415,1.003000020980835,0.9800000190734863,0.9869999885559082,161487008.0,480142688.0,1728320.5
2026-04-29,0.9739999771118164,1.0010000467300415,0.9679999947547913,0.9909999966621399,210230912.0,622663232.0,1728320.5
2026-04-30,1.0,1.003999948501587,0.9750000238418579,0.9890000224113464,168241200.0,498901472.0,1728320.5
2026-05-06,1.0049999952316284,1.0299999713897705,1.003000020980835,1.0119999647140503,247021392.0,755931840.0,1728320.5
2026-05-07,1.0180000066757202,1.0549999475479126,1.003000020980835,1.0549999475479126,231350368.0,716482112.0,1728320.5
2026-05-08,1.0379999876022339,1.059999942779541,1.0329999923706055,1.0579999685287476,180053792.0,567302080.0,1728320.5
2026-05-11,1.0729999542236328,1.1030000448226929,1.059000015258789,1.100000023841858,223328416.0,726665664.0,1728320.5
2026-05-12,1.1200000047683716,1.1260000467300415,1.0920000076293945,1.1100000143051147,234766640.0,781011136.0,1728320.5
2026-05-13,1.0880000591278076,1.1579999923706055,1.0880000591278076,1.156000018119812,674054528.0,759184640.0,-1728320.5
2026-05-14,1.1710000038146973,1.1740000247955322,1.1230000257492065,1.1330000162124634,944750912.0,1080733952.0,1728320.5
2026-05-15,1.1269999742507935,1.1440000534057617,1.0839999914169312,1.1080000400543213,840864640.0,939203328.0,1728320.5
2026-05-18,1.0959999561309814,1.1410000324249268,1.0959999561309814,1.128000020980835,621402496.0,699518592.0,1728320.5
2026-05-19,1.1139999628067017,1.1339999437332153,1.0759999752044678,1.13100004196167,721751104.0,798342208.0,1728320.5
2026-05-20,1.1200000047683716,1.149999976158142,1.11899995803833,1.1390000581741333,570488512.0,647882496.0,1728320.5
2026-05-21,1.152999997138977,1.159999966621399,1.0859999656677246,1.093000054359436,1029513856.0,1160161664.0,1728320.5
2026-05-22,1.1039999723434448,1.1549999713897705,1.1009999513626099,1.152999997138977,812996608.0,920223104.0,1728320.5
2026-05-25,1.1690000295639038,1.2059999704360962,1.149999976158142,1.2050000429153442,1109584768.0,1308775680.0,1728320.5
2026-05-26,1.2000000476837158,1.2089999914169312,1.1770000457763672,1.2070000171661377,1091257600.0,1303160448.0,1728320.5
2026-05-27,1.2009999752044678,1.2369999885559082,1.184000015258789,1.1970000267028809,982748544.0,1188169216.0,1728320.5
2026-05-28,1.184999942779541,1.2350000143051147,1.1660000085830688,1.2309999465942383,976513984.0,1167944320.0,1728320.5
2026-05-29,1.2359999418258667,1.253999948501587,1.190999984741211,1.2020000219345093,963712448.0,1177095040.0,1728320.5
2026-06-01,1.194000005722046,1.2130000591278076,1.152999997138977,1.156000018119812,1126104064.0,1329718272.0,1728320.5
2026-06-02,1.1549999713897705,1.2280000448226929,1.1540000438690186,1.222000002861023,1096509952.0,1311339136.0,1728320.5
2026-06-03,1.2389999628067017,1.309000015258789,1.2380000352859497,1.2710000276565552,1166999040.0,1488703616.0,1728320.5
2026-06-04,1.2380000352859497,1.2929999828338623,1.2380000352859497,1.2799999713897705,1007570496.0,1283486592.0,1728320.5
2026-06-05,1.2630000114440918,1.3020000457763672,1.218000054359436,1.2330000400543213,1429293696.0,1800347904.0,1728320.5
2026-06-08,1.159999966621399,1.2239999771118164,1.159999966621399,1.1890000104904175,1654356352.0,1973088768.0,1728320.5
2026-06-09,1.2130000591278076,1.253999948501587,1.1959999799728394,1.253999948501587,1193486720.0,1466452736.0,1728320.5
2026-06-10,1.2280000448226929,1.2410000562667847,1.190000057220459,1.2079999446868896,1285654528.0,1557604480.0,1728320.5
2026-06-11,1.1950000524520874,1.2259999513626099,1.159999966621399,1.187999963760376,1131954688.0,1348354816.0,1728320.5
2026-06-12,1.2269999980926514,1.2300000190734863,1.1770000457763672,1.1820000410079956,1134739840.0,1365086208.0,1728320.5
2026-06-15,1.2000000476837158,1.2680000066757202,1.1720000505447388,1.2649999856948853,1353787264.0,1664330496.0,1728320.5
2026-06-16,1.2699999809265137,1.3029999732971191,1.2699999809265137,1.2949999570846558,1415944192.0,1821544320.0,1728320.5
2026-06-17,1.2799999713897705,1.3339999914169312,1.2790000438690186,1.3329999446868896,1306734592.0,1712141568.0,1728320.5
2026-06-18,1.3259999752044678,1.3949999809265137,1.3200000524520874,1.3830000162124634,1154585984.0,1579905152.0,1728320.5
2026-06-22,1.409999966621399,1.4190000295639038,1.3539999723434448,1.406999945640564,1394340352.0,1938682752.0,1728320.5
2026-06-23,1.3960000276565552,1.399999976158142,1.3300000429153442,1.3420000076293945,1746078720.0,2377159168.0,1728320.5
2026-06-24,1.3259999752044678,1.3890000581741333,1.3259999752044678,1.3869999647140503,1261349760.0,1720102272.0,1728320.5
2026-06-25,1.409000039100647,1.4390000104904175,1.3830000162124634,1.4390000104904175,1364864256.0,1921800064.0,1728320.5
2026-06-26,1.4049999713897705,1.406999945640564,1.3350000381469727,1.3589999675750732,2008242304.0,2744159744.0,1728320.5
2026-06-29,1.340000033378601,1.378999948501587,1.2799999713897705,1.3389999866485596,1938915840.0,2569030400.0,1728320.5
2026-06-30,1.3370000123977661,1.4119999408721924,1.3300000429153442,1.3969999551773071,1592975104.0,2190669312.0,1728320.5
2026-07-01,1.3980000019073486,1.4179999828338623,1.3179999589920044,1.3339999914169312,1838587136.0,2508712960.0,1728320.5
2026-07-02,1.2790000438690186,1.281999945640564,1.2109999656677246,1.222000002861023,1805133184.0,2259657984.0,1728320.5
2026-07-03,1.2050000429153442,1.2829999923706055,1.2029999494552612,1.2419999837875366,1707707008.0,2130445952.0,1728320.5
2026-07-06,1.25600004196167,1.2569999694824219,1.1699999570846558,1.2020000219345093,1617369216.0,1950085504.0,1728320.5
2026-07-07,1.184000015258789,1.218000054359436,1.1660000085830688,1.1990000009536743,1160462848.0,1387990144.0,1728320.5
2026-07-08,1.2050000429153442,1.2339999675750732,1.1690000295639038,1.190000057220459,1307115392.0,1572487168.0,1728320.5
2026-07-09,1.2079999446868896,1.281999945640564,1.187999963760376,1.281999945640564,1935583104.0,2389242880.0,1728320.5
2026-07-10,1.2990000247955322,1.3140000104904175,1.218999981880188,1.2230000495910645,1603712128.0,2046567296.0,1728320.5
2026-07-13,1.1970000267028809,1.2269999980926514,1.1480000019073486,1.159000039100647,1385677440.0,1644971904.0,1728320.5
2026-07-14,1.159000039100647,1.2350000143051147,1.1430000066757202,1.2350000143051147,2246945536.0,2694671616.0,1728320.5
2026-07-15,1.2369999885559082,1.2480000257492065,1.1950000524520874,1.1990000009536743,1510402688.0,1846299648.0,1728320.5
2026-07-16,1.159999966621399,1.2170000076293945,1.1410000324249268,1.1710000038146973,1642600320.0,1930426624.0,1728320.5
2026-07-17,1.1449999809265137,1.1449999809265137,1.0540000200271606,1.0540000200271606,2800283904.0,3034316288.0,1728320.5
2026-07-20,1.0870000123977661,1.0959999561309814,0.9879999756813049,1.0180000066757202,1795982464.0,1881577984.0,1728320.5
2026-07-21,1.024999976158142,1.1080000400543213,0.9589999914169312,1.1080000400543213,2398729472.0,2488908544.0,1728320.5
2026-07-22,1.0870000123977661,1.121999979019165,1.0579999685287476,1.0609999895095825,1713960832.0,1881678208.0,1728320.5
2026-07-23,1.0700000524520874,1.097000002861023,1.0449999570846558,1.0570000410079956,1127076736.0,1203263616.0,1728320.5
2026-07-24,1.027999997138977,1.0549999475479126,1.0199999809265137,1.0269999504089355,1130628864.0,1170719232.0,1728320.5
2026-07-27,1.0160000324249268,1.0579999685287476,1.0,1.0579999685287476,1125902720.0,1168023168.0,1728320.5
2026-07-28,1.0149999856948853,1.0260000228881836,0.9520000219345093,0.9549999833106995,1713199488.0,1683260288.0,1728320.5
2026-07-29,0.9470000267028809,0.9670000076293945,0.9079999923706055,0.9559999704360962,1418992256.0,1333319168.0,1728320.5
2026-07-30,0.9340000152587891,0.9440000057220459,0.8600000143051147,0.8809999823570251,2037703424.0,1820746240.0,1728320.5
2026-07-31,0.949999988079071,0.9679999947547913,0.9200000166893005,0.9200000166893005,1993627776.0,1889404800.0,1728320.5
2026-08-03,0.8980000019073486,0.9269999861717224,0.8870000243186951,0.9049999713897705,1051647104.0,955021184.0,1728320.5
2026-08-04,0.9279999732971191,0.9900000095367432,0.9259999990463257,0.9860000014305115,1603255424.0,1543600640.0,1728320.5
2026-08-05,0.9290000200271606,1.0190000534057617,0.9279999732971191,1.0019999742507935,1980490240.0,1935949312.0,1728320.5
2026-08-06,0.9700000286102295,1.0399999618530273,0.9629999995231628,1.0140000581741333,1168909184.0,1173603456.0,1728320.5
2026-08-07,1.027999997138977,1.062999963760376,1.0230000019073486,1.0429999828338623,1247640832.0,1304808832.0,1728320.5
2026-08-10,1.0499999523162842,1.0549999475479126,0.9900000095367432,1.0190000534057617,1122413056.0,1138303360.0,1728320.5
2026-08-11,1.0069999694824219,1.0379999876022339,0.9950000047683716,1.0169999599456787,758252544.0,771238528.0,1728320.5
2026-08-12,1.0169999599456787,1.0579999685287476,1.0149999856948853,1.0479999780654907,1223706496.0,1273642624.0,1728320.5
2026-08-13,1.0740000009536743,1.0889999866485596,1.0449999570846558,1.0449999570846558,1207658752.0,1294214912.0,1728320.5
2026-08-14,1.059000015258789,1.0740000009536743,1.0449999570846558,1.0740000009536743,914467520.0,970643520.0,1728320.5
2026-08-17,1.0829999446868896,1.1180000305175781,1.0670000314712524,1.1169999837875366,904182784.0,990187072.0,1728320.5
2026-08-18,1.1180000305175781,1.11899995803833,1.0809999704360962,1.1009999513626099,1078705280.0,1185341056.0,1728320.5
2026-08-19,1.065999984741211,1.0729999542236328,1.003999948501587,1.0119999647140503,1495906816.0,1555636864.0,1728320.5
2026-08-20,1.024999976158142,1.034999966621399,1.0080000162124634,1.0230000019073486,910227648.0,929500288.0,1728320.5
2026-08-21,1.0219999551773071,1.0579999685287476,1.0180000066757202,1.0499999523162842,937807296.0,977733824.0,1728320.5
2026-08-24,1.0490000247955322,1.0549999475479126,0.9789999723434448,1.003000020980835,1138463232.0,1145417088.0,1728320.5
