datetime,open,high,low,close,vol,amount,float_shares
2020-12-18,1.0160000324249268,1.0420000553131104,1.0130000114440918,1.031000018119812,752675712.0,774976320.0,610349.375
2020-12-21,1.062000036239624,1.0859999656677246,1.0540000200271606,1.0829999446868896,1192576256.0,1278916096.0,610349.375
2020-12-22,1.0829999446868896,1.0920000076293945,1.0540000200271606,1.055999994277954,1274099584.0,1372365696.0,610349.375
2020-12-23,1.0720000267028809,1.1330000162124634,1.0709999799728394,1.11899995803833,1524729088.0,1689596928.0,610349.375
2020-12-24,1.125,1.128999948501587,1.1009999513626099,1.1119999885559082,1272699136.0,1415173760.0,610349.375
2020-12-25,1.1089999675750732,1.1629999876022339,1.1050000190734863,1.156999945640564,1296921856.0,1469646720.0,610349.375
2020-12-28,1.1670000553131104,1.1690000295639038,1.1380000114440918,1.159999966621399,1662164736.0,1913492096.0,610349.375
2020-12-29,1.1510000228881836,1.1519999504089355,1.0859999656677246,1.090000033378601,3099243520.0,3429926912.0,610349.375
2020-12-30,1.0989999771118164,1.1230000257492065,1.097000002861023,1.1130000352859497,1356547968.0,1509416320.0,610349.375
2020-12-31,1.1239999532699585,1.1469999551773071,1.1160000562667847,1.1360000371932983,1150560512.0,1303291520.0,610349.375
2021-01-04,1.1410000324249268,1.218000054359436,1.1319999694824219,1.1990000009536743,1581819392.0,1862691456.0,610349.375
2021-01-05,1.190000057220459,1.222000002861023,1.1779999732971191,1.1990000009536743,1383139584.0,1658375808.0,610349.375
2021-01-06,1.1979999542236328,1.2039999961853027,1.1759999990463257,1.1970000267028809,1178033152.0,1398592128.0,610349.375
2021-01-07,1.2089999914169312,1.2599999904632568,1.2000000476837158,1.2419999837875366,1518303360.0,1865860096.0,610349.375
2021-01-08,1.25,1.2549999952316284,1.1959999799728394,1.218999981880188,1790413440.0,2174087168.0,610349.375
2021-01-11,1.2109999656677246,1.2109999656677246,1.1579999923706055,1.1720000505447388,2113610752.0,2496540416.0,610349.375
2021-01-12,1.1660000085830688,1.2089999914169312,1.1610000133514404,1.2070000171661377,1557287936.0,1853782016.0,610349.375
2021-01-13,1.2029999494552612,1.2369999885559082,1.187999963760376,1.2000000476837158,1297920640.0,1573186944.0,610349.375
2021-01-14,1.187000036239624,1.1929999589920044,1.1510000228881836,1.1710000038146973,1301091456.0,1522479104.0,610349.375
2021-01-15,1.1640000343322754,1.1720000505447388,1.1330000162124634,1.1670000553131104,1283949312.0,1482812672.0,610349.375
2021-01-18,1.1549999713897705,1.1920000314712524,1.1440000534057617,1.187000036239624,1031769472.0,1211272960.0,610349.375
2021-01-19,1.1920000314712524,1.2029999494552612,1.149999976158142,1.1549999713897705,1061655680.0,1242638592.0,610349.375
2021-01-20,1.159999966621399,1.1959999799728394,1.1540000438690186,1.190999984741211,1261047168.0,1489515008.0,610349.375
2021-01-21,1.2100000381469727,1.25,1.1950000524520874,1.2389999628067017,1775213440.0,2179585024.0,610349.375
2021-01-22,1.2450000047683716,1.2899999618530273,1.2410000562667847,1.2869999408721924,1296348288.0,1649141376.0,610349.375
2021-01-25,1.2869999408721924,1.3450000286102295,1.2680000066757202,1.284999966621399,1246128384.0,1625810944.0,610349.375
2021-01-26,1.2760000228881836,1.2940000295639038,1.2549999952316284,1.2699999809265137,876041216.0,1114348672.0,610349.375
2021-01-27,1.2669999599456787,1.3229999542236328,1.2350000143051147,1.3170000314712524,1192947200.0,1522412928.0,610349.375
2021-01-28,1.2769999504089355,1.2990000247955322,1.2450000047683716,1.2510000467300415,1257974144.0,1598712704.0,610349.375
2021-01-29,1.2610000371932983,1.2719999551773071,1.1950000524520874,1.2239999771118164,1495606912.0,1835606016.0,610349.375
2021-02-01,1.2059999704360962,1.2170000076293945,1.1759999990463257,1.194000005722046,1069678080.0,1276611584.0,610349.375
2021-02-02,1.2039999961853027,1.2269999980926514,1.1790000200271606,1.215000033378601,911739968.0,1099842432.0,610349.375
2021-02-03,1.2230000495910645,1.2480000257492065,1.2039999961853027,1.2100000381469727,894667584.0,1098877568.0,610349.375
2021-02-04,1.1970000267028809,1.2239999771118164,1.184000015258789,1.2050000429153442,753538816.0,907556224.0,610349.375
2021-02-05,1.2130000591278076,1.2419999837875366,1.2000000476837158,1.2020000219345093,880877248.0,1074475776.0,610349.375
2021-02-08,1.1970000267028809,1.2070000171661377,1.1549999713897705,1.2029999494552612,847273600.0,1000669440.0,610349.375
2021-02-09,1.2079999446868896,1.2489999532699585,1.2039999961853027,1.2480000257492065,905822912.0,1117592192.0,610349.375
2021-02-10,1.25600004196167,1.2879999876022339,1.2389999628067017,1.2790000438690186,837918016.0,1063299328.0,610349.375
2021-02-18,1.2920000553131104,1.2999999523162842,1.253000020980835,1.2660000324249268,676970560.0,862937216.0,610349.375
2021-02-19,1.2549999952316284,1.2549999952316284,1.2100000381469727,1.24399995803833,846761664.0,1041405312.0,610349.375
2021-02-22,1.2369999885559082,1.2649999856948853,1.2000000476837158,1.2029999494552612,963441344.0,1186899328.0,610349.375
2021-02-23,1.2009999752044678,1.2120000123977661,1.187000036239624,1.1920000314712524,743604672.0,890308416.0,610349.375
2021-02-24,1.190999984741211,1.2000000476837158,1.1360000371932983,1.156000018119812,1260125568.0,1467277824.0,610349.375
2021-02-25,1.1679999828338623,1.1729999780654907,1.1460000276565552,1.149999976158142,547275008.0,633352832.0,610349.375
2021-02-26,1.11899995803833,1.149999976158142,1.1059999465942383,1.1410000324249268,749856128.0,846527616.0,610349.375
2021-03-01,1.156999945640564,1.1820000410079956,1.152999997138977,1.1699999570846558,658464448.0,768434496.0,610349.375
2021-03-02,1.1829999685287476,1.190000057220459,1.1480000019073486,1.159000039100647,595159424.0,695362688.0,610349.375
2021-03-03,1.1519999504089355,1.156000018119812,1.13100004196167,1.1540000438690186,534057024.0,611594752.0,610349.375
2021-03-04,1.1369999647140503,1.1380000114440918,1.0770000219345093,1.0809999704360962,1462927872.0,1608523648.0,610349.375
2021-03-05,1.0520000457763672,1.0980000495910645,1.0499999523162842,1.0839999914169312,745650496.0,803525760.0,610349.375
2021-03-08,1.0889999866485596,1.0920000076293945,1.0210000276565552,1.0230000019073486,905304512.0,951791168.0,610349.375
2021-03-09,1.0190000534057617,1.027999997138977,0.9760000109672546,0.9929999709129333,986073600.0,990220288.0,610349.375
2021-03-10,1.0180000066757202,1.0210000276565552,0.9940000176429749,0.9980000257492065,556402304.0,559726784.0,610349.375
2021-03-11,1.0,1.0379999876022339,0.9990000128746033,1.0360000133514404,823999872.0,843812992.0,610349.375
2021-03-12,1.0479999780654907,1.055999994277954,1.0269999504089355,1.0529999732971191,659334080.0,689148672.0,610349.375
2021-03-15,1.0410000085830688,1.0410000085830688,1.003000020980835,1.0119999647140503,538678400.0,549275264.0,610349.375
2021-03-16,1.0089999437332153,1.0260000228881836,1.0019999742507935,1.0180000066757202,385697088.0,391885696.0,610349.375
2021-03-17,1.0140000581741333,1.0269999504089355,0.9990000128746033,1.0230000019073486,379838208.0,385818240.0,610349.375
2021-03-18,1.024999976158142,1.0440000295639038,1.0199999809265137,1.0410000085830688,516070528.0,532716352.0,610349.375
2021-03-19,1.0210000276565552,1.0299999713897705,1.0099999904632568,1.0149999856948853,369639296.0,376691776.0,610349.375
2021-03-22,1.0140000581741333,1.0440000295639038,1.0140000581741333,1.0369999408721924,378076992.0,391352736.0,610349.375
2021-03-23,1.0379999876022339,1.0410000085830688,1.0130000114440918,1.0219999551773071,327075712.0,334673760.0,610349.375
2021-03-24,1.0169999599456787,1.0260000228881836,0.9959999918937683,0.9990000128746033,453207296.0,455414496.0,610349.375
2021-03-25,0.9919999837875366,1.00600004196167,0.9810000061988831,0.9980000257492065,433563360.0,430684800.0,610349.375
2021-03-26,1.0049999952316284,1.0390000343322754,1.0049999952316284,1.0329999923706055,725436480.0,744134656.0,610349.375
2021-03-29,1.031999945640564,1.034000039100647,1.0180000066757202,1.0260000228881836,320901120.0,329265280.0,610349.375
2021-03-30,1.0199999809265137,1.0609999895095825,1.0169999599456787,1.0549999475479126,720967488.0,754471872.0,610349.375
2021-03-31,1.0499999523162842,1.0579999685287476,1.0410000085830688,1.0490000247955322,283144288.0,296726656.0,610349.375
2021-04-01,1.0549999475479126,1.0740000009536743,1.0509999990463257,1.059000015258789,321340960.0,341025728.0,610349.375
2021-04-02,1.059000015258789,1.065000057220459,1.0440000295639038,1.0579999685287476,283555392.0,298924576.0,610349.375
2021-04-06,1.062999963760376,1.0920000076293945,1.059000015258789,1.0800000429153442,498188096.0,537079232.0,610349.375
2021-04-07,1.0779999494552612,1.0789999961853027,1.0479999780654907,1.059999942779541,348151968.0,367916224.0,610349.375
2021-04-08,1.0540000200271606,1.059000015258789,1.0440000295639038,1.0529999732971191,181304304.0,191037920.0,610349.375
2021-04-09,1.0460000038146973,1.0509999990463257,1.031000018119812,1.034999966621399,253207008.0,263023936.0,610349.375
2021-04-12,1.031999945640564,1.0379999876022339,1.003000020980835,1.00600004196167,387941600.0,393837088.0,610349.375
2021-04-13,1.0010000467300415,1.0130000114440918,0.9980000257492065,1.0010000467300415,364520384.0,365806752.0,610349.375
2021-04-14,1.0010000467300415,1.0169999599456787,1.0010000467300415,1.0160000324249268,246652000.0,249604944.0,610349.375
2021-04-15,1.0110000371932983,1.0240000486373901,1.00600004196167,1.0210000276565552,269313984.0,273654112.0,610349.375
2021-04-16,1.0190000534057617,1.0199999809265137,1.0010000467300415,1.0160000324249268,325642656.0,328902528.0,610349.375
2021-04-19,1.0130000114440918,1.0509999990463257,1.0099999904632568,1.0499999523162842,546801344.0,567748608.0,610349.375
2021-04-20,1.0449999570846558,1.0800000429153442,1.0420000553131104,1.062000036239624,579067584.0,617992832.0,610349.375
2021-04-21,1.062999963760376,1.0729999542236328,1.0520000457763672,1.0609999895095825,285456576.0,303248384.0,610349.375
2021-04-22,1.0700000524520874,1.0750000476837158,1.0479999780654907,1.062999963760376,275363360.0,292402432.0,610349.375
2021-04-23,1.0609999895095825,1.0829999446868896,1.059999942779541,1.0729999542236328,340140384.0,365836832.0,610349.375
2021-04-26,1.0750000476837158,1.0989999771118164,1.065999984741211,1.0670000314712524,428156288.0,465130208.0,610349.375
2021-04-27,1.0640000104904175,1.0770000219345093,1.0540000200271606,1.0679999589920044,255961872.0,272776096.0,610349.375
2021-04-28,1.0670000314712524,1.0850000381469727,1.062999963760376,1.0839999914169312,250811792.0,270337920.0,610349.375
2021-04-29,1.090000033378601,1.090999960899353,1.0709999799728394,1.0800000429153442,184782592.0,199614416.0,610349.375
2021-04-30,1.0789999961853027,1.1130000352859497,1.0770000219345093,1.1050000190734863,530183808.0,583420416.0,610349.375
2021-05-06,1.097000002861023,1.1200000047683716,1.0880000591278076,1.1019999980926514,276989920.0,306038880.0,610349.375
2021-05-07,1.1039999723434448,1.1119999885559082,1.0700000524520874,1.0709999799728394,269066496.0,292924672.0,610349.375
2021-05-10,1.065000057220459,1.090000033378601,1.0570000410079956,1.0839999914169312,207696000.0,224340656.0,610349.375
2021-05-11,1.069000005722046,1.0740000009536743,1.0490000247955322,1.0720000267028809,272200000.0,288949024.0,610349.375
2021-05-12,1.0640000104904175,1.0839999914169312,1.0640000104904175,1.0829999446868896,183741920.0,197904928.0,610349.375
2021-05-13,1.0670000314712524,1.0740000009536743,1.059000015258789,1.059999942779541,198451504.0,211247584.0,610349.375
2021-05-14,1.062999963760376,1.0779999494552612,1.0470000505447388,1.0740000009536743,371112512.0,395895264.0,610349.375
2021-05-17,1.0759999752044678,1.1069999933242798,1.0740000009536743,1.1050000190734863,465589376.0,510992928.0,610349.375
2021-05-18,1.1030000448226929,1.1089999675750732,1.093999981880188,1.1009999513626099,172423664.0,189589744.0,610349.375
2021-05-19,1.1009999513626099,1.121000051498413,1.090999960899353,1.1180000305175781,321734560.0,358008960.0,610349.375
2021-05-20,1.1180000305175781,1.1230000257492065,1.100000023841858,1.1089999675750732,216166528.0,239803312.0,610349.375
2021-05-21,1.1200000047683716,1.1360000371932983,1.1050000190734863,1.1100000143051147,313820640.0,350873088.0,610349.375
2021-05-24,1.1089999675750732,1.1109999418258667,1.0920000076293945,1.1100000143051147,227918768.0,250870608.0,610349.375
2021-05-25,1.1050000190734863,1.121000051498413,1.0950000286102295,1.121000051498413,363311200.0,403281088.0,610349.375
2021-05-26,1.1200000047683716,1.1230000257492065,1.1059999465942383,1.1080000400543213,266665184.0,296374144.0,610349.375
2021-05-27,1.1069999933242798,1.121000051498413,1.1039999723434448,1.1160000562667847,277987264.0,310394688.0,610349.375
2021-05-28,1.1200000047683716,1.1469999551773071,1.1160000562667847,1.13100004196167,548896512.0,622801216.0,610349.375
2021-05-31,1.128000020980835,1.1749999523162842,1.1260000467300415,1.1729999780654907,647340864.0,749083328.0,610349.375
2021-06-01,1.1699999570846558,1.1729999780654907,1.149999976158142,1.1690000295639038,389931904.0,453514336.0,610349.375
2021-06-02,1.1790000200271606,1.187999963760376,1.1480000019073486,1.149999976158142,332299904.0,386545408.0,610349.375
2021-06-03,1.1480000019073486,1.149999976158142,1.1169999837875366,1.11899995803833,440459552.0,497510624.0,610349.375
2021-06-04,1.1100000143051147,1.128999948501587,1.1019999980926514,1.1160000562667847,397790496.0,443832896.0,610349.375
2021-06-07,1.1150000095367432,1.1180000305175781,1.1009999513626099,1.1119999885559082,387870592.0,430081984.0,610349.375
2021-06-08,1.1089999675750732,1.1260000467300415,1.0989999771118164,1.1069999933242798,375892896.0,417288288.0,610349.375
2021-06-09,1.1069999933242798,1.1169999837875366,1.0980000495910645,1.1139999628067017,270100896.0,299349696.0,610349.375
2021-06-10,1.11899995803833,1.1740000247955322,1.1160000562667847,1.1660000085830688,1000067840.0,1153147264.0,610349.375
2021-06-11,1.1749999523162842,1.2050000429153442,1.1699999570846558,1.1890000104904175,927857216.0,1103694976.0,610349.375
2021-06-15,1.1929999589920044,1.2029999494552612,1.1749999523162842,1.1790000200271606,343991296.0,407392384.0,610349.375
2021-06-16,1.1710000038146973,1.1729999780654907,1.128000020980835,1.13100004196167,541396736.0,618833920.0,610349.375
2021-06-17,1.13100004196167,1.156000018119812,1.1299999952316284,1.1549999713897705,260266208.0,298223200.0,610349.375
2021-06-18,1.156999945640564,1.187999963760376,1.1540000438690186,1.180999994277954,422786848.0,496266400.0,610349.375
2021-06-21,1.1740000247955322,1.2239999771118164,1.1710000038146973,1.2139999866485596,582094976.0,703336896.0,610349.375
2021-06-22,1.2170000076293945,1.225000023841858,1.1970000267028809,1.218999981880188,383575360.0,465792544.0,610349.375
2021-06-23,1.222000002861023,1.2489999532699585,1.2200000286102295,1.2350000143051147,403334080.0,498900576.0,610349.375
2021-06-24,1.2610000371932983,1.2899999618530273,1.2389999628067017,1.2760000228881836,607510528.0,770954752.0,610349.375
2021-06-25,1.2760000228881836,1.3040000200271606,1.2740000486373901,1.281000018119812,405078240.0,521696192.0,610349.375
2021-06-28,1.2890000343322754,1.3049999475479126,1.281000018119812,1.2990000247955322,386699552.0,501122848.0,610349.375
2021-06-29,1.3109999895095825,1.343000054359436,1.3109999895095825,1.3350000381469727,567609536.0,755104000.0,610349.375
2021-06-30,1.3300000429153442,1.3559999465942383,1.312999963760376,1.3530000448226929,444714560.0,597039424.0,610349.375
2021-07-01,1.3580000400543213,1.3639999628067017,1.305999994277954,1.3079999685287476,402200544.0,534210240.0,610349.375
2021-07-02,1.2979999780654907,1.3250000476837158,1.2899999618530273,1.2940000295639038,396271264.0,517081408.0,610349.375
2021-07-05,1.2940000295639038,1.3229999542236328,1.2920000553131104,1.3170000314712524,311374080.0,407219552.0,610349.375
2021-07-06,1.3170000314712524,1.3200000524520874,1.2660000324249268,1.2890000343322754,399529696.0,516158496.0,610349.375
2021-07-07,1.2790000438690186,1.3680000305175781,1.2680000066757202,1.3580000400543213,559976640.0,744776768.0,610349.375
2021-07-08,1.3669999837875366,1.3940000534057617,1.3600000143051147,1.3730000257492065,471792064.0,649760384.0,610349.375
2021-07-09,1.3600000143051147,1.3919999599456787,1.3300000429153442,1.3830000162124634,512199296.0,697550336.0,610349.375
2021-07-12,1.3960000276565552,1.4270000457763672,1.375,1.4010000228881836,494187456.0,693235904.0,610349.375
2021-07-13,1.4010000228881836,1.4390000104904175,1.3949999809265137,1.4249999523162842,448931456.0,637911488.0,610349.375
2021-07-14,1.4149999618530273,1.4320000410079956,1.3769999742507935,1.3849999904632568,442316000.0,620160960.0,610349.375
2021-07-15,1.3739999532699585,1.4559999704360962,1.3739999532699585,1.4550000429153442,623130688.0,887819328.0,610349.375
2021-07-16,1.4509999752044678,1.4789999723434448,1.4240000247955322,1.4299999475479126,455626624.0,661078208.0,610349.375
2021-07-19,1.4210000038146973,1.4639999866485596,1.4160000085830688,1.4220000505447388,386511040.0,555509376.0,610349.375
2021-07-20,1.4010000228881836,1.4390000104904175,1.3980000019073486,1.4299999475479126,256436432.0,364736768.0,610349.375
2021-07-21,1.4429999589920044,1.5110000371932983,1.4420000314712524,1.5099999904632568,474310496.0,702915712.0,610349.375
2021-07-22,1.5149999856948853,1.5449999570846558,1.4950000047683716,1.5420000553131104,419299072.0,637398336.0,610349.375
2021-07-23,1.5369999408721924,1.5839999914169312,1.5269999504089355,1.5540000200271606,456944352.0,709657856.0,610349.375
2021-07-26,1.5399999618530273,1.5700000524520874,1.4819999933242798,1.5470000505447388,640081472.0,980128704.0,610349.375
2021-07-27,1.5390000343322754,1.5729999542236328,1.437000036239624,1.4390000104904175,744914112.0,1127150976.0,610349.375
2021-07-28,1.406999945640564,1.4639999866485596,1.3700000047683716,1.4320000410079956,683835776.0,972896832.0,610349.375
2021-07-29,1.4739999771118164,1.5750000476837158,1.468000054359436,1.5709999799728394,831932544.0,1264663168.0,610349.375
2021-07-30,1.5700000524520874,1.659999966621399,1.555999994277954,1.6160000562667847,799027392.0,1286392960.0,610349.375
2021-08-02,1.6169999837875366,1.6640000343322754,1.5809999704360962,1.625,697843840.0,1131485696.0,610349.375
2021-08-03,1.621999979019165,1.6239999532699585,1.5379999876022339,1.5549999475479126,626965184.0,982690624.0,610349.375
2021-08-04,1.5470000505447388,1.6720000505447388,1.5399999618530273,1.6699999570846558,604176768.0,985970944.0,610349.375
2021-08-05,1.656999945640564,1.6920000314712524,1.6330000162124634,1.6790000200271606,463521824.0,772041856.0,610349.375
2021-08-06,1.684000015258789,1.725000023841858,1.6629999876022339,1.6990000009536743,446581984.0,756885632.0,610349.375
2021-08-09,1.6779999732971191,1.684999942779541,1.6180000305175781,1.6720000505447388,527749216.0,872610816.0,610349.375
2021-08-10,1.659999966621399,1.725000023841858,1.6330000162124634,1.6749999523162842,561299072.0,945463424.0,610349.375
2021-08-11,1.6549999713897705,1.6859999895095825,1.6390000581741333,1.6710000038146973,377349216.0,628051584.0,610349.375
2021-08-12,1.6629999876022339,1.6770000457763672,1.6349999904632568,1.6649999618530273,336970336.0,557798144.0,610349.375
2021-08-13,1.6430000066757202,1.6859999895095825,1.621000051498413,1.6369999647140503,400548576.0,661141888.0,610349.375
2021-08-16,1.6200000047683716,1.6460000276565552,1.600000023841858,1.6119999885559082,345074912.0,558155520.0,610349.375
2021-08-17,1.6109999418258667,1.6399999856948853,1.5779999494552612,1.593000054359436,353706528.0,570554688.0,610349.375
2021-08-18,1.593000054359436,1.6100000143051147,1.5449999570846558,1.565999984741211,436408800.0,687598336.0,610349.375
2021-08-19,1.555999994277954,1.6200000047683716,1.5410000085830688,1.5980000495910645,372849728.0,588468096.0,610349.375
2021-08-20,1.5829999446868896,1.6269999742507935,1.5729999542236328,1.6089999675750732,364155840.0,583039872.0,610349.375
2021-08-23,1.628000020980835,1.6699999570846558,1.6019999980926514,1.6679999828338623,379473536.0,622866560.0,610349.375
2021-08-24,1.6740000247955322,1.7200000286102295,1.652999997138977,1.6859999895095825,383725216.0,649624192.0,610349.375
2021-08-25,1.684999942779541,1.7669999599456787,1.6770000457763672,1.7660000324249268,485465216.0,836496576.0,610349.375
2021-08-26,1.7599999904632568,1.7979999780654907,1.7510000467300415,1.753999948501587,468268160.0,831924672.0,610349.375
2021-08-27,1.7410000562667847,1.8079999685287476,1.7350000143051147,1.7940000295639038,393910112.0,701888704.0,610349.375
2021-08-30,1.809999942779541,1.9249999523162842,1.7990000247955322,1.9010000228881836,552837440.0,1036986304.0,610349.375
2021-08-31,1.8949999809265137,1.8949999809265137,1.843999981880188,1.871999979019165,607601472.0,1133347328.0,610349.375
2021-09-01,1.8880000114440918,1.8980000019073486,1.7319999933242798,1.7690000534057617,846982656.0,1518245888.0,610349.375
2021-09-02,1.7599999904632568,1.875,1.7599999904632568,1.871999979019165,535844320.0,984304512.0,610349.375
2021-09-03,1.8849999904632568,1.9119999408721924,1.7860000133514404,1.8040000200271606,645980096.0,1193138304.0,610349.375
2021-09-06,1.7860000133514404,1.8049999475479126,1.7000000476837158,1.7740000486373901,661494272.0,1158636416.0,610349.375
2021-09-07,1.7710000276565552,1.819000005722046,1.7510000467300415,1.819000005722046,535208832.0,959660160.0,610349.375
2021-09-08,1.819000005722046,1.840999960899353,1.7410000562667847,1.7519999742507935,664207040.0,1180092416.0,610349.375
2021-09-09,1.7480000257492065,1.7599999904632568,1.7059999704360962,1.7489999532699585,665095552.0,1147946624.0,610349.375
2021-09-10,1.7389999628067017,1.7869999408721924,1.7230000495910645,1.781000018119812,660841984.0,1165316608.0,610349.375
2021-09-13,1.774999976158142,1.7760000228881836,1.7070000171661377,1.722000002861023,672692736.0,1161289344.0,610349.375
2021-09-14,1.7020000219345093,1.746999979019165,1.690000057220459,1.7230000495910645,471923840.0,813509120.0,610349.375
2021-09-15,1.7300000190734863,1.7740000486373901,1.718999981880188,1.7669999599456787,555837248.0,976038208.0,610349.375
2021-09-16,1.7680000066757202,1.7710000276565552,1.659999966621399,1.6660000085830688,926760000.0,1578610688.0,610349.375
2021-09-17,1.656000018119812,1.6799999475479126,1.597000002861023,1.6390000581741333,711333312.0,1164887040.0,610349.375
2021-09-22,1.6160000562667847,1.6799999475479126,1.6160000562667847,1.6699999570846558,492809280.0,819611072.0,610349.375
2021-09-23,1.684999942779541,1.7000000476837158,1.6670000553131104,1.6740000247955322,470086784.0,791408256.0,610349.375
2021-09-24,1.6699999570846558,1.7389999628067017,1.6369999647140503,1.7059999704360962,506804000.0,863337984.0,610349.375
2021-09-27,1.718000054359436,1.7319999933242798,1.6399999856948853,1.6890000104904175,515458048.0,868764864.0,610349.375
2021-09-28,1.687999963760376,1.7120000123977661,1.6610000133514404,1.6660000085830688,358003424.0,602250688.0,610349.375
2021-09-29,1.6390000581741333,1.6950000524520874,1.6360000371932983,1.659999966621399,464899008.0,776975872.0,610349.375
2021-09-30,1.659000039100647,1.6959999799728394,1.6490000486373901,1.6929999589920044,363198880.0,609588160.0,610349.375
2021-10-08,1.7130000591278076,1.7200000286102295,1.6319999694824219,1.6469999551773071,461377952.0,763768576.0,610349.375
2021-10-11,1.6460000276565552,1.659000039100647,1.6059999465942383,1.621000051498413,416109248.0,679207936.0,610349.375
2021-10-12,1.6180000305175781,1.6299999952316284,1.569000005722046,1.597000002861023,456892288.0,731152512.0,610349.375
2021-10-13,1.6039999723434448,1.6759999990463257,1.5959999561309814,1.6720000505447388,683330880.0,1122088192.0,610349.375
2021-10-14,1.6610000133514404,1.7330000400543213,1.659999966621399,1.7029999494552612,583330816.0,995069248.0,610349.375
2021-10-15,1.7050000429153442,1.75,1.687999963760376,1.74399995803833,462036064.0,797842304.0,610349.375
2021-10-18,1.753999948501587,1.781000018119812,1.7400000095367432,1.7719999551773071,531585920.0,938396928.0,610349.375
2021-10-19,1.774999976158142,1.784000039100647,1.753999948501587,1.7719999551773071,336855712.0,596395840.0,610349.375
2021-10-20,1.7680000066757202,1.8329999446868896,1.7599999904632568,1.812000036239624,405304832.0,734603328.0,610349.375
2021-10-21,1.8009999990463257,1.8020000457763672,1.7599999904632568,1.7719999551773071,491028000.0,872151104.0,610349.375
2021-10-22,1.7680000066757202,1.781000018119812,1.7400000095367432,1.7489999532699585,401631520.0,705757760.0,610349.375
2021-10-25,1.7519999742507935,1.840000033378601,1.7519999742507935,1.8250000476837158,573621440.0,1039705088.0,610349.375
2021-10-26,1.8350000381469727,1.8459999561309814,1.8029999732971191,1.809000015258789,372320256.0,678269184.0,610349.375
2021-10-27,1.8179999589920044,1.8600000143051147,1.812000036239624,1.8530000448226929,516912704.0,953953152.0,610349.375
2021-10-28,1.847000002861023,1.8630000352859497,1.8070000410079956,1.8259999752044678,479098752.0,880217792.0,610349.375
2021-10-29,1.8079999685287476,1.8849999904632568,1.7640000581741333,1.88100004196167,651841472.0,1191308928.0,610349.375
2021-11-01,1.8700000047683716,1.9040000438690186,1.8240000009536743,1.8639999628067017,553508032.0,1033285184.0,610349.375
2021-11-02,1.843000054359436,1.8550000190734863,1.7999999523162842,1.8170000314712524,683768960.0,1249142784.0,610349.375
2021-11-03,1.8029999732971191,1.8250000476837158,1.7569999694824219,1.784000039100647,593965824.0,1060590528.0,610349.375
2021-11-04,1.7960000038146973,1.8389999866485596,1.7960000038146973,1.815999984741211,488898496.0,890795072.0,610349.375
2021-11-05,1.8029999732971191,1.8170000314712524,1.7680000066757202,1.7760000228881836,440971040.0,788989824.0,610349.375
2021-11-08,1.7580000162124634,1.7999999523162842,1.753999948501587,1.7910000085830688,327662400.0,583830848.0,610349.375
2021-11-09,1.8300000429153442,1.8480000495910645,1.7929999828338623,1.815000057220459,522782816.0,951343808.0,610349.375
2021-11-10,1.7970000505447388,1.8070000410079956,1.75600004196167,1.7890000343322754,535748544.0,953170432.0,610349.375
2021-11-11,1.7910000085830688,1.819000005722046,1.7790000438690186,1.7929999828338623,412343488.0,741226880.0,610349.375
2021-11-12,1.809000015258789,1.8350000381469727,1.8079999685287476,1.8289999961853027,487787552.0,890478080.0,610349.375
2021-11-15,1.8279999494552612,1.8279999494552612,1.7549999952316284,1.7649999856948853,705494592.0,1252682624.0,610349.375
2021-11-16,1.7549999952316284,1.7710000276565552,1.7259999513626099,1.7339999675750732,437341600.0,763499648.0,610349.375
2021-11-17,1.7400000095367432,1.7869999408721924,1.7280000448226929,1.777999997138977,521010784.0,916610624.0,610349.375
2021-11-18,1.7760000228881836,1.7799999713897705,1.7489999532699585,1.7640000581741333,277267360.0,488546912.0,610349.375
2021-11-19,1.7589999437332153,1.8040000200271606,1.7480000257492065,1.7920000553131104,471138912.0,837829184.0,610349.375
2021-11-22,1.7970000505447388,1.8339999914169312,1.7970000505447388,1.8300000429153442,421455360.0,766303552.0,610349.375
2021-11-23,1.8259999752044678,1.8489999771118164,1.812000036239624,1.8170000314712524,340200704.0,622742080.0,610349.375
2021-11-24,1.8170000314712524,1.8170000314712524,1.7660000324249268,1.7699999809265137,602319680.0,1071873408.0,610349.375
2021-11-25,1.7630000114440918,1.7649999856948853,1.7400000095367432,1.7419999837875366,489558112.0,855931712.0,610349.375
2021-11-26,1.7389999628067017,1.7610000371932983,1.7359999418258667,1.7480000257492065,328849696.0,575434048.0,610349.375
2021-11-29,1.7259999513626099,1.781000018119812,1.7209999561309814,1.7690000534057617,481495808.0,849663488.0,610349.375
2021-11-30,1.781999945640564,1.7879999876022339,1.75600004196167,1.7730000019073486,375582080.0,664749696.0,610349.375
2021-12-01,1.7680000066757202,1.781999945640564,1.7419999837875366,1.75600004196167,320461536.0,562607680.0,610349.375
2021-12-02,1.7419999837875366,1.7480000257492065,1.7209999561309814,1.7300000190734863,400529824.0,694009664.0,610349.375
2021-12-03,1.722000002861023,1.7309999465942383,1.7000000476837158,1.7300000190734863,469578400.0,805572864.0,610349.375
2021-12-06,1.7319999933242798,1.75600004196167,1.7209999561309814,1.7239999771118164,339719296.0,590636032.0,610349.375
2021-12-07,1.7300000190734863,1.7350000143051147,1.6859999895095825,1.722000002861023,421163712.0,718988608.0,610349.375
2021-12-08,1.7259999513626099,1.753999948501587,1.7130000591278076,1.746999979019165,489838560.0,851192896.0,610349.375
2021-12-09,1.7400000095367432,1.7510000467300415,1.7280000448226929,1.7400000095367432,354508928.0,616666048.0,610349.375
2021-12-10,1.7300000190734863,1.7799999713897705,1.7259999513626099,1.7710000276565552,540349312.0,951937792.0,610349.375
2021-12-13,1.7710000276565552,1.8020000457763672,1.7619999647140503,1.7879999876022339,474798624.0,847628800.0,610349.375
2021-12-14,1.7860000133514404,1.7940000295639038,1.7660000324249268,1.7740000486373901,270027008.0,480393824.0,610349.375
2021-12-15,1.7710000276565552,1.7929999828338623,1.7640000581741333,1.777999997138977,293116000.0,522362944.0,610349.375
2021-12-16,1.7869999408721924,1.7970000505447388,1.7760000228881836,1.7970000505447388,295821312.0,529544608.0,610349.375
2021-12-17,1.7940000295639038,1.7940000295639038,1.7350000143051147,1.7359999418258667,372632832.0,655398976.0,610349.375
2021-12-20,1.715999960899353,1.7300000190734863,1.6460000276565552,1.6540000438690186,670528320.0,1121770240.0,610349.375
2021-12-21,1.6540000438690186,1.6660000085830688,1.6200000047683716,1.6629999876022339,423443008.0,696014592.0,610349.375
2021-12-22,1.6649999618530273,1.6710000038146973,1.649999976158142,1.656999945640564,287080736.0,477018208.0,610349.375
2021-12-23,1.659000039100647,1.6959999799728394,1.6469999551773071,1.687999963760376,328791104.0,552863232.0,610349.375
2021-12-24,1.687000036239624,1.6950000524520874,1.621000051498413,1.628999948501587,416739584.0,685770560.0,610349.375
2021-12-27,1.6150000095367432,1.6330000162124634,1.5850000381469727,1.6089999675750732,285651488.0,460231520.0,610349.375
2021-12-28,1.6119999885559082,1.6449999809265137,1.5980000495910645,1.6410000324249268,302709632.0,489416320.0,610349.375
2021-12-29,1.6369999647140503,1.6649999618530273,1.6260000467300415,1.6440000534057617,436331136.0,718066624.0,610349.375
2021-12-30,1.6469999551773071,1.6679999828338623,1.6399999856948853,1.6480000019073486,309453696.0,512031200.0,610349.375
2021-12-31,1.6820000410079956,1.722000002861023,1.6820000410079956,1.7120000123977661,657299264.0,1124751744.0,610349.375
2022-01-04,1.7200000286102295,1.7309999465942383,1.621000051498413,1.628999948501587,636530432.0,1047934720.0,610349.375
2022-01-05,1.6319999694824219,1.6339999437332153,1.562000036239624,1.569000005722046,537800768.0,853153792.0,610349.375
2022-01-06,1.5520000457763672,1.5829999446868896,1.5360000133514404,1.5720000267028809,398667520.0,622510592.0,610349.375
2022-01-07,1.569000005722046,1.5800000429153442,1.5260000228881836,1.534000039100647,479509248.0,740717440.0,610349.375
2022-01-10,1.5299999713897705,1.531999945640564,1.503999948501587,1.5160000324249268,321636608.0,488412416.0,610349.375
2022-01-11,1.5140000581741333,1.5260000228881836,1.4859999418258667,1.4910000562667847,405260160.0,607783424.0,610349.375
2022-01-12,1.5080000162124634,1.5429999828338623,1.5010000467300415,1.5420000553131104,501257920.0,763045056.0,610349.375
2022-01-13,1.5410000085830688,1.5460000038146973,1.50600004196167,1.5169999599456787,324802784.0,494308768.0,610349.375
2022-01-14,1.5010000467300415,1.5470000505447388,1.5010000467300415,1.531000018119812,248881296.0,381057504.0,610349.375
2022-01-17,1.531999945640564,1.5729999542236328,1.531000018119812,1.5520000457763672,349626784.0,544423616.0,610349.375
2022-01-18,1.5449999570846558,1.5640000104904175,1.5290000438690186,1.5479999780654907,217656384.0,337443392.0,610349.375
2022-01-19,1.5399999618530273,1.5460000038146973,1.50600004196167,1.5180000066757202,285002144.0,433371872.0,610349.375
2022-01-20,1.5099999904632568,1.5230000019073486,1.4950000047683716,1.5,240026464.0,361328064.0,610349.375
2022-01-21,1.4950000047683716,1.5230000019073486,1.4880000352859497,1.5,232449568.0,349761280.0,610349.375
2022-01-24,1.4919999837875366,1.5520000457763672,1.4819999933242798,1.5460000038146973,421229184.0,643201216.0,610349.375
2022-01-25,1.531000018119812,1.5509999990463257,1.5019999742507935,1.5049999952316284,347174240.0,530981280.0,610349.375
2022-01-26,1.5140000581741333,1.5390000343322754,1.50600004196167,1.5360000133514404,376386432.0,574765568.0,610349.375
2022-01-27,1.527999997138977,1.5379999876022339,1.4730000495910645,1.4769999980926514,477452512.0,716234560.0,610349.375
2022-01-28,1.4919999837875366,1.4980000257492065,1.4249999523162842,1.4550000429153442,515459776.0,751506944.0,610349.375
2022-02-07,1.4789999723434448,1.503000020980835,1.475000023841858,1.4800000190734863,254581456.0,378737920.0,610349.375
2022-02-08,1.4800000190734863,1.4800000190734863,1.399999976158142,1.4320000410079956,431011584.0,615657152.0,610349.375
2022-02-09,1.4279999732971191,1.437999963760376,1.402999997138977,1.434999942779541,279064224.0,396459392.0,610349.375
2022-02-10,1.4390000104904175,1.4420000314712524,1.3819999694824219,1.3949999809265137,426235296.0,598185920.0,610349.375
2022-02-11,1.38100004196167,1.3930000066757202,1.3489999771118164,1.3509999513626099,435720128.0,597346624.0,610349.375
2022-02-14,1.3380000591278076,1.3660000562667847,1.3300000429153442,1.350000023841858,304870176.0,411145216.0,610349.375
2022-02-15,1.3519999980926514,1.3990000486373901,1.3450000286102295,1.3969999551773071,436941632.0,602390144.0,610349.375
2022-02-16,1.4079999923706055,1.4140000343322754,1.3899999856948853,1.3960000276565552,238123152.0,333682560.0,610349.375
2022-02-17,1.3960000276565552,1.4470000267028809,1.3890000581741333,1.430999994277954,404439008.0,577290304.0,610349.375
2022-02-18,1.4199999570846558,1.4359999895095825,1.4129999876022339,1.4259999990463257,310055616.0,441225824.0,610349.375
2022-02-21,1.4220000505447388,1.4329999685287476,1.406000018119812,1.4279999732971191,196090896.0,278192512.0,610349.375
2022-02-22,1.4199999570846558,1.4639999866485596,1.409000039100647,1.4479999542236328,444048160.0,638919360.0,610349.375
2022-02-23,1.4520000219345093,1.503999948501587,1.4520000219345093,1.5019999742507935,408306304.0,607402112.0,610349.375
2022-02-24,1.4900000095367432,1.5499999523162842,1.4800000190734863,1.5119999647140503,741769088.0,1123451008.0,610349.375
2022-02-25,1.5410000085830688,1.5570000410079956,1.5149999856948853,1.531000018119812,504207840.0,775065792.0,610349.375
2022-02-28,1.534999966621399,1.5759999752044678,1.5269999504089355,1.5740000009536743,446428480.0,692787136.0,610349.375
2022-03-01,1.6069999933242798,1.628000020980835,1.5709999799728394,1.5820000171661377,464933088.0,741800960.0,610349.375
2022-03-02,1.5770000219345093,1.600000023841858,1.5440000295639038,1.590999960899353,470172896.0,738524288.0,610349.375
2022-03-03,1.5989999771118164,1.6100000143051147,1.5570000410079956,1.562000036239624,354219712.0,557528960.0,610349.375
2022-03-04,1.5369999408721924,1.5789999961853027,1.5369999408721924,1.5490000247955322,368902432.0,574312896.0,610349.375
2022-03-07,1.534000039100647,1.5540000200271606,1.5119999647140503,1.5199999809265137,421727168.0,644054144.0,610349.375
2022-03-08,1.5199999809265137,1.5609999895095825,1.5049999952316284,1.5130000114440918,494237888.0,758556416.0,610349.375
2022-03-09,1.5399999618530273,1.5509999990463257,1.444000005722046,1.5240000486373901,683167360.0,1030388992.0,610349.375
2022-03-10,1.5740000009536743,1.5989999771118164,1.5570000410079956,1.5770000219345093,748880064.0,1178206208.0,610349.375
2022-03-11,1.5399999618530273,1.565999984741211,1.5119999647140503,1.5570000410079956,645928576.0,996290432.0,610349.375
2022-03-14,1.5379999876022339,1.5609999895095825,1.5110000371932983,1.5119999647140503,383775264.0,588874368.0,610349.375
2022-03-15,1.4889999628067017,1.5369999408721924,1.4670000076293945,1.4709999561309814,627618240.0,937676160.0,610349.375
2022-03-16,1.5010000467300415,1.5369999408721924,1.4320000410079956,1.534999966621399,906032448.0,1354206080.0,610349.375
2022-03-17,1.5479999780654907,1.5549999475479126,1.5149999856948853,1.5230000019073486,769364480.0,1180661376.0,610349.375
2022-03-18,1.50600004196167,1.5140000581741333,1.4900000095367432,1.5089999437332153,431304896.0,648276096.0,610349.375
2022-03-21,1.503999948501587,1.5379999876022339,1.5010000467300415,1.5199999809265137,467281376.0,710848448.0,610349.375
2022-03-22,1.5140000581741333,1.5219999551773071,1.4739999771118164,1.4850000143051147,498120288.0,743385216.0,610349.375
2022-03-23,1.5,1.5190000534057617,1.4830000400543213,1.496000051498413,385679392.0,579220544.0,610349.375
2022-03-24,1.4800000190734863,1.4839999675750732,1.4479999542236328,1.468000054359436,388893792.0,568813440.0,610349.375
2022-03-25,1.4670000076293945,1.4730000495910645,1.4149999618530273,1.4160000085830688,536876992.0,772014784.0,610349.375
2022-03-28,1.4019999504089355,1.4320000410079956,1.4010000228881836,1.4190000295639038,422569920.0,598373312.0,610349.375
2022-03-29,1.4290000200271606,1.440000057220459,1.3980000019073486,1.4129999876022339,467299616.0,663481024.0,610349.375
2022-03-30,1.4210000038146973,1.4520000219345093,1.4079999923706055,1.4509999752044678,526498176.0,755583360.0,610349.375
2022-03-31,1.440000057220459,1.4420000314712524,1.399999976158142,1.402999997138977,528843040.0,746349184.0,610349.375
2022-04-01,1.3880000114440918,1.4240000247955322,1.38100004196167,1.402999997138977,586784448.0,824415872.0,610349.375
2022-04-06,1.3880000114440918,1.3880000114440918,1.343999981880188,1.3559999465942383,591350400.0,802761024.0,610349.375
2022-04-07,1.3389999866485596,1.3580000400543213,1.3300000429153442,1.3329999446868896,413112544.0,554052352.0,610349.375
2022-04-08,1.3350000381469727,1.350000023841858,1.3109999895095825,1.3259999752044678,391571392.0,520510944.0,610349.375
2022-04-11,1.3140000104904175,1.3170000314712524,1.2589999437332153,1.2599999904632568,638980928.0,814431936.0,610349.375
2022-04-12,1.2660000324249268,1.2799999713897705,1.2419999837875366,1.2769999504089355,426588736.0,539252928.0,610349.375
2022-04-13,1.2680000066757202,1.2829999923706055,1.253000020980835,1.2569999694824219,357774944.0,453846848.0,610349.375
2022-04-14,1.2649999856948853,1.2719999551773071,1.2319999933242798,1.2489999532699585,462616192.0,577642048.0,610349.375
2022-04-15,1.2319999933242798,1.2450000047683716,1.2130000591278076,1.2369999885559082,485056160.0,595719616.0,610349.375
2022-04-18,1.2209999561309814,1.2879999876022339,1.2170000076293945,1.2860000133514404,550127232.0,694434496.0,610349.375
2022-04-19,1.2860000133514404,1.315999984741211,1.2829999923706055,1.2920000553131104,435607968.0,565511168.0,610349.375
2022-04-20,1.2549999952316284,1.2710000276565552,1.2330000400543213,1.2350000143051147,574295232.0,718410240.0,610349.375
2022-04-21,1.2209999561309814,1.2380000352859497,1.1660000085830688,1.1720000505447388,570881664.0,683277696.0,610349.375
2022-04-22,1.159999966621399,1.1720000505447388,1.1480000019073486,1.156000018119812,672164736.0,778783808.0,610349.375
2022-04-25,1.125,1.1369999647140503,1.0720000267028809,1.0789999961853027,506652640.0,562118080.0,610349.375
2022-04-26,1.0789999961853027,1.097000002861023,1.0520000457763672,1.055999994277954,407406816.0,438150880.0,610349.375
2022-04-27,1.0449999570846558,1.1510000228881836,1.0399999618530273,1.1490000486373901,842901184.0,932648064.0,610349.375
2022-04-28,1.1330000162124634,1.180999994277954,1.1230000257492065,1.1579999923706055,749745408.0,869156928.0,610349.375
2022-04-29,1.1610000133514404,1.2100000381469727,1.152999997138977,1.1990000009536743,711777472.0,842758272.0,610349.375
2022-05-05,1.1979999542236328,1.2339999675750732,1.1979999542236328,1.2100000381469727,481122496.0,585258496.0,610349.375
2022-05-06,1.1779999732971191,1.2109999656677246,1.1779999732971191,1.1890000104904175,494098912.0,589294208.0,610349.375
2022-05-09,1.1859999895095825,1.2239999771118164,1.1770000457763672,1.2120000123977661,266144144.0,321642400.0,610349.375
2022-05-10,1.1829999685287476,1.2649999856948853,1.180999994277954,1.2430000305175781,486673344.0,603124608.0,610349.375
2022-05-11,1.246000051498413,1.312999963760376,1.246000051498413,1.281000018119812,546776256.0,703241024.0,610349.375
2022-05-12,1.2710000276565552,1.2799999713897705,1.2589999437332153,1.2710000276565552,354882784.0,450271808.0,610349.375
2022-05-13,1.2790000438690186,1.2879999876022339,1.2649999856948853,1.274999976158142,429447488.0,547218816.0,610349.375
2022-05-16,1.281000018119812,1.3049999475479126,1.2549999952316284,1.2580000162124634,404450784.0,513917920.0,610349.375
2022-05-17,1.2569999694824219,1.309000015258789,1.2569999694824219,1.305999994277954,573953856.0,739035008.0,610349.375
2022-05-18,1.3070000410079956,1.3350000381469727,1.2960000038146973,1.3229999542236328,568743104.0,749469056.0,610349.375
2022-05-19,1.3049999475479126,1.4079999923706055,1.3029999732971191,1.3980000019073486,922378496.0,1259872512.0,610349.375
2022-05-20,1.4049999713897705,1.4119999408721924,1.3830000162124634,1.4110000133514404,514520736.0,720177536.0,610349.375
2022-05-23,1.406999945640564,1.4110000133514404,1.378000020980835,1.406999945640564,461474496.0,642873472.0,610349.375
2022-05-24,1.406999945640564,1.4179999828338623,1.3559999465942383,1.3580000400543213,762175808.0,1055169024.0,610349.375
2022-05-25,1.3600000143051147,1.378000020980835,1.3459999561309814,1.3769999742507935,562218368.0,766299776.0,610349.375
2022-05-26,1.375,1.3930000066757202,1.350000023841858,1.371999979019165,411592608.0,565168896.0,610349.375
2022-05-27,1.378999948501587,1.3940000534057617,1.350000023841858,1.3630000352859497,369674784.0,507204352.0,610349.375
2022-05-30,1.3680000305175781,1.371000051498413,1.343999981880188,1.3700000047683716,351526432.0,477894592.0,610349.375
2022-05-31,1.3910000324249268,1.4149999618530273,1.3660000562667847,1.4110000133514404,660388608.0,920546624.0,610349.375
2022-06-01,1.4019999504089355,1.4110000133514404,1.3890000581741333,1.3990000486373901,442178592.0,617953280.0,610349.375
2022-06-02,1.3949999809265137,1.437999963760376,1.3880000114440918,1.434000015258789,504636928.0,717056576.0,610349.375
2022-06-06,1.434999942779541,1.5230000019073486,1.4329999685287476,1.503000020980835,837720896.0,1248633984.0,610349.375
2022-06-07,1.527999997138977,1.5499999523162842,1.4989999532699585,1.5080000162124634,718360640.0,1093305344.0,610349.375
2022-06-08,1.5,1.5190000534057617,1.4700000286102295,1.503999948501587,791974016.0,1184665472.0,610349.375
2022-06-09,1.496000051498413,1.5260000228881836,1.4789999723434448,1.4950000047683716,900830464.0,1351120256.0,610349.375
2022-06-10,1.4800000190734863,1.5410000085830688,1.4700000286102295,1.534000039100647,820734016.0,1243048832.0,610349.375
2022-06-13,1.5219999551773071,1.5609999895095825,1.5219999551773071,1.5479999780654907,707814912.0,1090748288.0,610349.375
2022-06-14,1.5269999504089355,1.5269999504089355,1.4609999656677246,1.5180000066757202,929839104.0,1392356480.0,610349.375
2022-06-15,1.5160000324249268,1.5399999618530273,1.4819999933242798,1.4930000305175781,819442880.0,1234220928.0,610349.375
2022-06-16,1.4950000047683716,1.5529999732971191,1.4950000047683716,1.5369999408721924,648523136.0,994230080.0,610349.375
2022-06-17,1.5269999504089355,1.5789999961853027,1.5240000486373901,1.5720000267028809,556386240.0,869825856.0,610349.375
2022-06-20,1.5920000076293945,1.6160000562667847,1.5640000104904175,1.5889999866485596,625247616.0,995246720.0,610349.375
2022-06-21,1.590000033378601,1.6089999675750732,1.5490000247955322,1.569000005722046,556964672.0,876037888.0,610349.375
2022-06-22,1.5679999589920044,1.628999948501587,1.5609999895095825,1.5920000076293945,644942656.0,1031594688.0,610349.375
2022-06-23,1.600000023841858,1.621999979019165,1.5670000314712524,1.61899995803833,541865024.0,866322304.0,610349.375
2022-06-24,1.628999948501587,1.6699999570846558,1.6260000467300415,1.6690000295639038,534754816.0,886199424.0,610349.375
2022-06-27,1.687999963760376,1.690999984741211,1.6519999504089355,1.6670000553131104,623740864.0,1041666944.0,610349.375
2022-06-28,1.6679999828338623,1.7139999866485596,1.6449999809265137,1.7100000381469727,552107072.0,928398208.0,610349.375
2022-06-29,1.7000000476837158,1.7100000381469727,1.621000051498413,1.6390000581741333,620563328.0,1033059136.0,610349.375
2022-06-30,1.628000020980835,1.7059999704360962,1.628000020980835,1.6920000314712524,807872576.0,1350985472.0,610349.375
2022-07-01,1.6950000524520874,1.7139999866485596,1.659999966621399,1.6690000295639038,485973568.0,818142208.0,610349.375
2022-07-04,1.649999976158142,1.7059999704360962,1.6339999437332153,1.7039999961853027,698549632.0,1175682432.0,610349.375
2022-07-05,1.7050000429153442,1.7289999723434448,1.690000057220459,1.7239999771118164,544314240.0,930608832.0,610349.375
2022-07-06,1.7139999866485596,1.7350000143051147,1.6920000314712524,1.7109999656677246,438190464.0,752617984.0,610349.375
2022-07-07,1.7089999914169312,1.7740000486373901,1.6859999895095825,1.7699999809265137,682856576.0,1189568384.0,610349.375
2022-07-08,1.7860000133514404,1.7920000553131104,1.715000033378601,1.7200000286102295,598781568.0,1044168192.0,610349.375
2022-07-11,1.7029999494552612,1.718000054359436,1.6579999923706055,1.684000015258789,638490176.0,1075365120.0,610349.375
2022-07-12,1.684999942779541,1.7239999771118164,1.6660000085830688,1.6740000247955322,479962976.0,811105344.0,610349.375
2022-07-13,1.6699999570846558,1.722000002861023,1.6469999551773071,1.7070000171661377,698110528.0,1181466880.0,610349.375
2022-07-14,1.7000000476837158,1.7879999876022339,1.6959999799728394,1.7690000534057617,605042240.0,1060563200.0,610349.375
2022-07-15,1.75,1.7879999876022339,1.7450000047683716,1.753999948501587,448924256.0,795532672.0,610349.375
2022-07-18,1.7589999437332153,1.7710000276565552,1.7100000381469727,1.7569999694824219,419901056.0,732383872.0,610349.375
2022-07-19,1.7489999532699585,1.7519999742507935,1.7079999446868896,1.7120000123977661,353349120.0,610212672.0,610349.375
2022-07-20,1.715999960899353,1.7359999418258667,1.7050000429153442,1.7259999513626099,304646624.0,524538912.0,610349.375
2022-07-21,1.725000023841858,1.7419999837875366,1.7029999494552612,1.7039999961853027,300881728.0,518185952.0,610349.375
2022-07-22,1.7070000171661377,1.753000020980835,1.7029999494552612,1.7259999513626099,410038784.0,707171904.0,610349.375
2022-07-25,1.7209999561309814,1.725000023841858,1.6660000085830688,1.6699999570846558,432893632.0,728807680.0,610349.375
2022-07-26,1.6629999876022339,1.7209999561309814,1.6610000133514404,1.7039999961853027,382160992.0,647576896.0,610349.375
2022-07-27,1.7039999961853027,1.7619999647140503,1.6979999542236328,1.7589999437332153,548752320.0,955302208.0,610349.375
2022-07-28,1.7760000228881836,1.7940000295639038,1.7450000047683716,1.7580000162124634,432881056.0,765891840.0,610349.375
2022-07-29,1.7580000162124634,1.7940000295639038,1.75,1.75600004196167,384954272.0,681141120.0,610349.375
2022-08-01,1.7400000095367432,1.7719999551773071,1.7130000591278076,1.7710000276565552,339427712.0,592252224.0,610349.375
2022-08-02,1.7400000095367432,1.7619999647140503,1.7120000123977661,1.7330000400543213,554023872.0,961999168.0,610349.375
2022-08-03,1.7400000095367432,1.7640000581741333,1.6619999408721924,1.6749999523162842,584137344.0,998809792.0,610349.375
2022-08-04,1.6770000457763672,1.6929999589920044,1.6410000324249268,1.6759999990463257,477325248.0,794719360.0,610349.375
2022-08-05,1.6749999523162842,1.687999963760376,1.6449999809265137,1.6770000457763672,412054560.0,686019712.0,610349.375
2022-08-08,1.6699999570846558,1.6929999589920044,1.6339999437332153,1.6920000314712524,430565152.0,720336448.0,610349.375
2022-08-09,1.690999984741211,1.7699999809265137,1.6820000410079956,1.7489999532699585,630042048.0,1099257728.0,610349.375
2022-08-10,1.7350000143051147,1.7710000276565552,1.7269999980926514,1.7549999952316284,406975744.0,712951616.0,610349.375
2022-08-11,1.7630000114440918,1.7699999809265137,1.722000002861023,1.7580000162124634,393613056.0,687891264.0,610349.375
2022-08-12,1.7519999742507935,1.7619999647140503,1.7230000495910645,1.7239999771118164,286337248.0,497770560.0,610349.375
2022-08-15,1.7200000286102295,1.8029999732971191,1.7170000076293945,1.7960000038146973,546291776.0,976040576.0,610349.375
2022-08-16,1.7990000247955322,1.847000002861023,1.7910000085830688,1.8250000476837158,507194432.0,925822016.0,610349.375
2022-08-17,1.8209999799728394,1.8680000305175781,1.8200000524520874,1.8270000219345093,431327072.0,794306816.0,610349.375
2022-08-18,1.8209999799728394,1.8760000467300415,1.8209999799728394,1.86899995803833,447162080.0,831369024.0,610349.375
2022-08-19,1.8669999837875366,1.8730000257492065,1.7970000505447388,1.8209999799728394,624374976.0,1141692544.0,610349.375
2022-08-22,1.7999999523162842,1.819000005722046,1.7760000228881836,1.8109999895095825,386724320.0,696934912.0,610349.375
2022-08-23,1.7990000247955322,1.8589999675750732,1.7990000247955322,1.8380000591278076,444917440.0,818636224.0,610349.375
2022-08-24,1.8380000591278076,1.8380000591278076,1.7730000019073486,1.774999976158142,523244928.0,940809280.0,610349.375
2022-08-25,1.7829999923706055,1.7910000085830688,1.715000033378601,1.7389999628067017,462164608.0,804672896.0,610349.375
2022-08-26,1.7450000047683716,1.7640000581741333,1.7059999704360962,1.7170000076293945,342459296.0,593943552.0,610349.375
2022-08-29,1.6779999732971191,1.7480000257492065,1.6729999780654907,1.7450000047683716,355652064.0,615012480.0,610349.375
2022-08-30,1.7480000257492065,1.7549999952316284,1.7109999656677246,1.715999960899353,347905952.0,601638208.0,610349.375
2022-08-31,1.7039999961853027,1.718999981880188,1.6039999723434448,1.6080000400543213,634374272.0,1039608384.0,610349.375
2022-09-01,1.6050000190734863,1.6260000467300415,1.593000054359436,1.6089999675750732,418860032.0,674453376.0,610349.375
2022-09-02,1.6019999980926514,1.61899995803833,1.559999942779541,1.5870000123977661,450309920.0,713876160.0,610349.375
2022-09-05,1.5809999704360962,1.628999948501587,1.5789999961853027,1.6119999885559082,424923808.0,685161728.0,610349.375
2022-09-06,1.61899995803833,1.6929999589920044,1.593000054359436,1.690000057220459,643273024.0,1063488000.0,610349.375
2022-09-07,1.6710000038146973,1.7389999628067017,1.6699999570846558,1.7079999446868896,448961856.0,769937664.0,610349.375
2022-09-08,1.7079999446868896,1.7319999933242798,1.6979999542236328,1.7039999961853027,264207296.0,452696704.0,610349.375
2022-09-09,1.7050000429153442,1.7059999704360962,1.656999945640564,1.6790000200271606,346644096.0,579491008.0,610349.375
2022-09-13,1.6829999685287476,1.687999963760376,1.6419999599456787,1.6679999828338623,268852640.0,446254944.0,610349.375
2022-09-14,1.6419999599456787,1.6729999780654907,1.6269999742507935,1.6419999599456787,312325376.0,513866016.0,610349.375
2022-09-15,1.6449999809265137,1.649999976158142,1.5130000114440918,1.531999945640564,961512128.0,1494986112.0,610349.375
2022-09-16,1.5180000066757202,1.5570000410079956,1.5110000371932983,1.5119999647140503,511235744.0,783880448.0,610349.375
2022-09-19,1.50600004196167,1.5329999923706055,1.4869999885559082,1.4989999532699585,371159616.0,558505216.0,610349.375
2022-09-20,1.5140000581741333,1.5740000009536743,1.5140000581741333,1.5460000038146973,545555200.0,843943808.0,610349.375
2022-09-21,1.5369999408721924,1.5570000410079956,1.5160000324249268,1.5230000019073486,368113664.0,564605888.0,610349.375
2022-09-22,1.5119999647140503,1.5579999685287476,1.4919999837875366,1.5360000133514404,378739904.0,580702080.0,610349.375
2022-09-23,1.531999945640564,1.559999942779541,1.503999948501587,1.5210000276565552,475806912.0,724189056.0,610349.375
2022-09-26,1.5099999904632568,1.5720000267028809,1.5019999742507935,1.5440000295639038,446332352.0,688695488.0,610349.375
2022-09-27,1.5449999570846558,1.565000057220459,1.5260000228881836,1.5529999732971191,366218912.0,565055616.0,610349.375
2022-09-28,1.5529999732971191,1.5670000314712524,1.4910000562667847,1.4930000305175781,455941824.0,692663040.0,610349.375
2022-09-29,1.5119999647140503,1.5329999923706055,1.4800000190734863,1.5199999809265137,411511008.0,622609024.0,610349.375
2022-09-30,1.5149999856948853,1.524999976158142,1.4709999561309814,1.4789999723434448,472340288.0,703775616.0,610349.375
2022-10-10,1.4730000495910645,1.4989999532699585,1.434999942779541,1.4459999799728394,332697568.0,486483808.0,610349.375
2022-10-11,1.4479999542236328,1.4780000448226929,1.4479999542236328,1.4609999656677246,328394496.0,480481216.0,610349.375
2022-10-12,1.4609999656677246,1.5230000019073486,1.4190000295639038,1.5199999809265137,627532288.0,924272896.0,610349.375
2022-10-13,1.5080000162124634,1.5509999990463257,1.503999948501587,1.5140000581741333,512524896.0,782874624.0,610349.375
2022-10-14,1.5369999408721924,1.6080000400543213,1.5089999437332153,1.5820000171661377,818152576.0,1274650496.0,610349.375
2022-10-17,1.559999942779541,1.5700000524520874,1.524999976158142,1.5609999895095825,597124608.0,922747328.0,610349.375
2022-10-18,1.5700000524520874,1.590999960899353,1.5509999990463257,1.5670000314712524,402459712.0,631186880.0,610349.375
2022-10-19,1.559000015258789,1.5829999446868896,1.5410000085830688,1.5449999570846558,358983328.0,560192000.0,610349.375
2022-10-20,1.5299999713897705,1.5299999713897705,1.4819999933242798,1.5049999952316284,506820512.0,761317184.0,610349.375
2022-10-21,1.503000020980835,1.524999976158142,1.49399995803833,1.5119999647140503,350466272.0,529324000.0,610349.375
2022-10-24,1.5119999647140503,1.5190000534057617,1.465000033378601,1.4819999933242798,436771296.0,651892992.0,610349.375
2022-10-25,1.4789999723434448,1.5410000085830688,1.4630000591278076,1.5219999551773071,493991200.0,745010432.0,610349.375
2022-10-26,1.5199999809265137,1.562999963760376,1.5099999904632568,1.559000015258789,484885024.0,746997568.0,610349.375
2022-10-27,1.5859999656677246,1.6200000047683716,1.5460000038146973,1.5479999780654907,508252800.0,806156992.0,610349.375
2022-10-28,1.5299999713897705,1.555999994277954,1.49399995803833,1.4989999532699585,422645216.0,644331840.0,610349.375
2022-10-31,1.4880000352859497,1.5130000114440918,1.4670000076293945,1.4789999723434448,462165248.0,687043712.0,610349.375
2022-11-01,1.4789999723434448,1.5449999570846558,1.4789999723434448,1.5420000553131104,525683488.0,795844352.0,610349.375
2022-11-02,1.5329999923706055,1.569000005722046,1.5210000276565552,1.559999942779541,471197472.0,727325184.0,610349.375
2022-11-03,1.5440000295639038,1.600000023841858,1.5440000295639038,1.5729999542236328,401006336.0,632463488.0,610349.375
2022-11-04,1.5750000476837158,1.6469999551773071,1.5740000009536743,1.6449999809265137,659757696.0,1069326208.0,610349.375
2022-11-07,1.6390000581741333,1.6540000438690186,1.6160000562667847,1.6299999952316284,374802560.0,612275648.0,610349.375
2022-11-08,1.6319999694824219,1.6319999694824219,1.5870000123977661,1.6069999933242798,360887328.0,578079744.0,610349.375
2022-11-09,1.6009999513626099,1.6039999723434448,1.5709999799728394,1.5750000476837158,407921792.0,645768192.0,610349.375
2022-11-10,1.562000036239624,1.569000005722046,1.527999997138977,1.5369999408721924,464505408.0,717776192.0,610349.375
2022-11-11,1.5820000171661377,1.5920000076293945,1.534000039100647,1.5440000295639038,593214080.0,923607232.0,610349.375
2022-11-14,1.531999945640564,1.5449999570846558,1.4839999675750732,1.496000051498413,734866368.0,1105945856.0,610349.375
2022-11-15,1.49399995803833,1.5290000438690186,1.4910000562667847,1.527999997138977,591440576.0,893807808.0,610349.375
2022-11-16,1.5290000438690186,1.5299999713897705,1.496000051498413,1.4989999532699585,518244704.0,780981184.0,610349.375
2022-11-17,1.4889999628067017,1.4950000047683716,1.4600000381469727,1.4769999980926514,775969216.0,1139890816.0,610349.375
2022-11-18,1.4769999980926514,1.5069999694824219,1.3289999961853027,1.4830000400543213,532114528.0,791129856.0,610349.375
2022-11-21,1.475000023841858,1.496999979019165,1.468000054359436,1.4889999628067017,382153344.0,567513472.0,610349.375
2022-11-22,1.4819999933242798,1.4850000143051147,1.4429999589920044,1.4520000219345093,436831616.0,636368128.0,610349.375
2022-11-23,1.4490000009536743,1.5069999694824219,1.4390000104904175,1.5,597700160.0,883182464.0,610349.375
2022-11-24,1.4989999532699585,1.5130000114440918,1.4889999628067017,1.4930000305175781,364898240.0,547521728.0,610349.375
2022-11-25,1.4809999465942383,1.4819999933242798,1.4509999752044678,1.4539999961853027,371176032.0,542151232.0,610349.375
2022-11-28,1.4259999990463257,1.4490000009536743,1.4199999570846558,1.4429999589920044,304420896.0,437462304.0,610349.375
2022-11-29,1.444000005722046,1.4589999914169312,1.4329999685287476,1.4450000524520874,363545472.0,525310688.0,610349.375
2022-11-30,1.4450000524520874,1.4639999866485596,1.437000036239624,1.4470000267028809,344975136.0,499776640.0,610349.375
2022-12-01,1.4670000076293945,1.4789999723434448,1.4520000219345093,1.4670000076293945,551306176.0,809626048.0,610349.375
2022-12-02,1.4609999656677246,1.5010000467300415,1.4570000171661377,1.4819999933242798,489240576.0,728045248.0,610349.375
2022-12-05,1.472000002861023,1.4739999771118164,1.4299999475479126,1.440999984741211,679626176.0,979973632.0,610349.375
2022-12-06,1.437000036239624,1.4450000524520874,1.4119999408721924,1.4290000200271606,481430752.0,687576768.0,610349.375
2022-12-07,1.4199999570846558,1.4479999542236328,1.4179999828338623,1.4299999475479126,446678944.0,640209984.0,610349.375
2022-12-08,1.4270000457763672,1.4639999866485596,1.4210000038146973,1.4390000104904175,474767520.0,686837184.0,610349.375
2022-12-09,1.437000036239624,1.440000057220459,1.4199999570846558,1.4290000200271606,409537600.0,584638592.0,610349.375
2022-12-12,1.4220000505447388,1.4249999523162842,1.4019999504089355,1.409000039100647,352624288.0,497167296.0,610349.375
2022-12-13,1.4079999923706055,1.4119999408721924,1.3700000047683716,1.3730000257492065,535053056.0,741360576.0,610349.375
2022-12-14,1.3730000257492065,1.38100004196167,1.3519999980926514,1.3630000352859497,325906304.0,444542656.0,610349.375
2022-12-15,1.3600000143051147,1.38100004196167,1.3539999723434448,1.38100004196167,402601440.0,551232576.0,610349.375
2022-12-16,1.3739999532699585,1.3739999532699585,1.3420000076293945,1.3480000495910645,352824384.0,477942560.0,610349.375
2022-12-19,1.3459999561309814,1.3660000562667847,1.3350000381469727,1.3370000123977661,306631552.0,413729024.0,610349.375
2022-12-20,1.3370000123977661,1.3489999771118164,1.3259999752044678,1.3420000076293945,337391456.0,451288896.0,610349.375
2022-12-21,1.343000054359436,1.3450000286102295,1.3029999732971191,1.3079999685287476,332559168.0,438538784.0,610349.375
2022-12-22,1.3140000104904175,1.315999984741211,1.2669999599456787,1.2719999551773071,478877792.0,616507648.0,610349.375
2022-12-23,1.2630000114440918,1.2740000486373901,1.2400000095367432,1.2519999742507935,427190144.0,535144576.0,610349.375
2022-12-26,1.2519999742507935,1.3300000429153442,1.2480000257492065,1.3289999961853027,702625472.0,913007104.0,610349.375
2022-12-27,1.3279999494552612,1.3680000305175781,1.3250000476837158,1.3619999885559082,697920128.0,942175936.0,610349.375
2022-12-28,1.3489999771118164,1.3819999694824219,1.3450000286102295,1.3700000047683716,467636128.0,639547072.0,610349.375
2022-12-29,1.3619999885559082,1.3839999437332153,1.3609999418258667,1.3609999418258667,322756736.0,442038912.0,610349.375
2022-12-30,1.3680000305175781,1.3860000371932983,1.3609999418258667,1.3739999532699585,420229536.0,578671232.0,610349.375
2023-01-03,1.375,1.399999976158142,1.350000023841858,1.3949999809265137,500703008.0,689574528.0,610349.375
2023-01-04,1.3930000066757202,1.3940000534057617,1.350000023841858,1.3639999628067017,432386528.0,591937792.0,610349.375
2023-01-05,1.3600000143051147,1.3949999809265137,1.3589999675750732,1.3849999904632568,475696288.0,655321216.0,610349.375
2023-01-06,1.3930000066757202,1.4780000448226929,1.3930000066757202,1.4550000429153442,1109462400.0,1619635584.0,610349.375
2023-01-09,1.4630000591278076,1.4839999675750732,1.444000005722046,1.4600000381469727,530099520.0,777435584.0,610349.375
2023-01-10,1.468000054359436,1.4850000143051147,1.4579999446868896,1.465999960899353,368683328.0,541998016.0,610349.375
2023-01-11,1.4600000381469727,1.4709999561309814,1.444000005722046,1.4459999799728394,352083712.0,512112608.0,610349.375
2023-01-12,1.4470000267028809,1.4670000076293945,1.4459999799728394,1.4490000009536743,305705952.0,444895520.0,610349.375
2023-01-13,1.4559999704360962,1.4600000381469727,1.4299999475479126,1.4470000267028809,304384288.0,438996416.0,610349.375
2023-01-16,1.4470000267028809,1.4819999933242798,1.434000015258789,1.4620000123977661,540622272.0,789398400.0,610349.375
2023-01-17,1.4630000591278076,1.4780000448226929,1.4570000171661377,1.468999981880188,385771104.0,565643328.0,610349.375
2023-01-18,1.4769999980926514,1.4819999933242798,1.4609999656677246,1.4709999561309814,413888704.0,609746240.0,610349.375
2023-01-19,1.465000033378601,1.468999981880188,1.4520000219345093,1.4630000591278076,279791712.0,408402688.0,610349.375
2023-01-20,1.4709999561309814,1.4989999532699585,1.4670000076293945,1.4980000257492065,482357280.0,717494336.0,610349.375
2023-01-30,1.5199999809265137,1.527999997138977,1.5010000467300415,1.503999948501587,480428512.0,726210048.0,610349.375
2023-01-31,1.503000020980835,1.527999997138977,1.496000051498413,1.5210000276565552,462490464.0,702096896.0,610349.375
2023-02-01,1.5269999504089355,1.5269999504089355,1.4850000143051147,1.5140000581741333,620166528.0,932701632.0,610349.375
2023-02-02,1.5130000114440918,1.5149999856948853,1.4919999837875366,1.5,363118720.0,545597504.0,610349.375
2023-02-03,1.4910000562667847,1.49399995803833,1.4529999494552612,1.4700000286102295,454156224.0,666525952.0,610349.375
2023-02-06,1.4579999446868896,1.472000002861023,1.4500000476837158,1.4630000591278076,329346944.0,480629760.0,610349.375
2023-02-07,1.4639999866485596,1.475000023841858,1.4490000009536743,1.4600000381469727,299627648.0,437399360.0,610349.375
2023-02-08,1.4589999914169312,1.472000002861023,1.4529999494552612,1.4529999494552612,269717792.0,394178464.0,610349.375
2023-02-09,1.4500000476837158,1.4819999933242798,1.4420000314712524,1.4780000448226929,397081888.0,583111040.0,610349.375
2023-02-10,1.4700000286102295,1.4730000495910645,1.4450000524520874,1.4509999752044678,315186656.0,458606048.0,610349.375
2023-02-13,1.4479999542236328,1.465000033378601,1.444000005722046,1.4550000429153442,255161152.0,370526400.0,610349.375
2023-02-14,1.4559999704360962,1.4620000123977661,1.4420000314712524,1.4529999494552612,282997152.0,410243808.0,610349.375
2023-02-15,1.4529999494552612,1.4700000286102295,1.440999984741211,1.444000005722046,287431360.0,417260640.0,610349.375
2023-02-16,1.4420000314712524,1.4559999704360962,1.406999945640564,1.4170000553131104,457921600.0,656943232.0,610349.375
2023-02-17,1.4140000343322754,1.4229999780654907,1.3860000371932983,1.3880000114440918,479621952.0,672611776.0,610349.375
2023-02-20,1.3860000371932983,1.4199999570846558,1.378000020980835,1.4179999828338623,420693216.0,589553920.0,610349.375
2023-02-21,1.4170000553131104,1.4490000009536743,1.409999966621399,1.437999963760376,404917696.0,578494976.0,610349.375
2023-02-22,1.4259999990463257,1.4490000009536743,1.4220000505447388,1.4249999523162842,256299808.0,367847456.0,610349.375
2023-02-23,1.4259999990463257,1.465999960899353,1.4259999990463257,1.4609999656677246,579137344.0,840756544.0,610349.375
2023-02-24,1.4639999866485596,1.4639999866485596,1.4320000410079956,1.4359999895095825,318918976.0,460048192.0,610349.375
2023-02-27,1.4279999732971191,1.468000054359436,1.4199999570846558,1.4420000314712524,346969216.0,502081216.0,610349.375
2023-02-28,1.4390000104904175,1.4470000267028809,1.4229999780654907,1.444000005722046,293224160.0,420996128.0,610349.375
2023-03-01,1.440000057220459,1.444000005722046,1.4190000295639038,1.4270000457763672,513081408.0,731184576.0,610349.375
2023-03-02,1.4290000200271606,1.4329999685287476,1.3949999809265137,1.3980000019073486,420001344.0,591576704.0,610349.375
2023-03-03,1.3980000019073486,1.4129999876022339,1.3949999809265137,1.3980000019073486,309607744.0,433844256.0,610349.375
2023-03-06,1.3990000486373901,1.4529999494552612,1.3890000581741333,1.4470000267028809,766970240.0,1094668160.0,610349.375
2023-03-07,1.440000057220459,1.4520000219345093,1.430999994277954,1.4329999685287476,433514208.0,622965952.0,610349.375
2023-03-08,1.4270000457763672,1.4529999494552612,1.409999966621399,1.4160000085830688,466193728.0,666394240.0,610349.375
2023-03-09,1.4199999570846558,1.4259999990463257,1.4049999713897705,1.406999945640564,253606912.0,358315200.0,610349.375
2023-03-10,1.399999976158142,1.409000039100647,1.38100004196167,1.3930000066757202,390154304.0,543412736.0,610349.375
2023-03-13,1.3919999599456787,1.4110000133514404,1.3830000162124634,1.3919999599456787,292865888.0,408975072.0,610349.375
2023-03-14,1.3899999856948853,1.3930000066757202,1.3359999656677246,1.3650000095367432,543854464.0,739245440.0,610349.375
2023-03-15,1.3680000305175781,1.3949999809265137,1.3619999885559082,1.3669999837875366,287084448.0,395097280.0,610349.375
2023-03-16,1.3559999465942383,1.3569999933242798,1.2990000247955322,1.3029999732971191,574694528.0,760038976.0,610349.375
2023-03-17,1.309999942779541,1.3179999589920044,1.2879999876022339,1.2960000038146973,374866592.0,486799808.0,610349.375
2023-03-20,1.2899999618530273,1.3240000009536743,1.2710000276565552,1.3079999685287476,511743904.0,665523392.0,610349.375
2023-03-21,1.3049999475479126,1.315999984741211,1.2920000553131104,1.315000057220459,440612704.0,574866048.0,610349.375
2023-03-22,1.3250000476837158,1.3350000381469727,1.305999994277954,1.3109999895095825,426350592.0,563175552.0,610349.375
2023-03-23,1.3040000200271606,1.315000057220459,1.2999999523162842,1.305999994277954,382525120.0,498987040.0,610349.375
2023-03-24,1.3049999475479126,1.3259999752044678,1.2879999876022339,1.3140000104904175,514428960.0,673113408.0,610349.375
2023-03-27,1.3109999895095825,1.3420000076293945,1.3029999732971191,1.3359999656677246,745001664.0,989824960.0,610349.375
2023-03-28,1.3339999914169312,1.3389999866485596,1.3170000314712524,1.3179999589920044,365159296.0,484309600.0,610349.375
2023-03-29,1.3279999494552612,1.3370000123977661,1.309999942779541,1.3200000524520874,487121216.0,644716352.0,610349.375
2023-03-30,1.3200000524520874,1.3420000076293945,1.3079999685287476,1.340999960899353,753750976.0,1002434432.0,610349.375
2023-03-31,1.3459999561309814,1.3600000143051147,1.3350000381469727,1.340999960899353,601968640.0,809863488.0,610349.375
2023-04-03,1.340999960899353,1.3650000095367432,1.3320000171661377,1.3550000190734863,544631488.0,734113984.0,610349.375
2023-04-04,1.3550000190734863,1.3550000190734863,1.3070000410079956,1.3209999799728394,1139890560.0,1508984448.0,610349.375
2023-04-06,1.315999984741211,1.3350000381469727,1.3109999895095825,1.3300000429153442,491137216.0,649257856.0,610349.375
2023-04-07,1.3259999752044678,1.340999960899353,1.3220000267028809,1.3270000219345093,476917504.0,634873216.0,610349.375
2023-04-10,1.3329999446868896,1.347000002861023,1.3229999542236328,1.3459999561309814,736236416.0,985167744.0,610349.375
2023-04-11,1.343999981880188,1.350000023841858,1.3320000171661377,1.340999960899353,503589248.0,674991232.0,610349.375
2023-04-12,1.3420000076293945,1.343000054359436,1.3109999895095825,1.315999984741211,634647232.0,837757056.0,610349.375
2023-04-13,1.3220000267028809,1.3279999494552612,1.3049999475479126,1.305999994277954,618149824.0,811499968.0,610349.375
2023-04-14,1.305999994277954,1.3200000524520874,1.2960000038146973,1.315000057220459,486253664.0,637157696.0,610349.375
2023-04-17,1.312000036239624,1.3339999914169312,1.309999942779541,1.3229999542236328,455505280.0,603111872.0,610349.375
2023-04-18,1.3250000476837158,1.3450000286102295,1.319000005722046,1.3389999866485596,650873472.0,869203136.0,610349.375
2023-04-19,1.3350000381469727,1.3350000381469727,1.3140000104904175,1.3140000104904175,585933504.0,774129024.0,610349.375
2023-04-20,1.315000057220459,1.315000057220459,1.284999966621399,1.2879999876022339,670348416.0,867502912.0,610349.375
2023-04-21,1.2920000553131104,1.309000015258789,1.274999976158142,1.2790000438690186,543833984.0,703937088.0,610349.375
2023-04-24,1.281999945640564,1.281999945640564,1.2369999885559082,1.2450000047683716,671702144.0,839603776.0,610349.375
2023-04-25,1.2489999532699585,1.2660000324249268,1.2079999446868896,1.215000033378601,814995648.0,997832256.0,610349.375
2023-04-26,1.2100000381469727,1.309999942779541,1.2059999704360962,1.2960000038146973,1148450688.0,1460975872.0,610349.375
2023-04-27,1.2990000247955322,1.3020000457763672,1.2669999599456787,1.281000018119812,749556672.0,960075008.0,610349.375
2023-04-28,1.284999966621399,1.2899999618530273,1.2610000371932983,1.2710000276565552,598362304.0,760389376.0,610349.375
2023-05-04,1.2569999694824219,1.2920000553131104,1.2510000467300415,1.2669999599456787,536498880.0,683191680.0,610349.375
2023-05-05,1.2589999437332153,1.2589999437332153,1.222000002861023,1.2389999628067017,656442176.0,811905920.0,610349.375
2023-05-08,1.2389999628067017,1.2569999694824219,1.2280000448226929,1.24399995803833,443669792.0,551195200.0,610349.375
2023-05-09,1.2430000305175781,1.2430000305175781,1.222000002861023,1.2230000495910645,477190944.0,587048384.0,610349.375
2023-05-10,1.2209999561309814,1.246000051498413,1.2070000171661377,1.2350000143051147,573019392.0,701825280.0,610349.375
2023-05-11,1.2300000190734863,1.253999948501587,1.2230000495910645,1.2350000143051147,444785728.0,551141312.0,610349.375
2023-05-12,1.2300000190734863,1.2359999418258667,1.2059999704360962,1.2070000171661377,480688768.0,584703616.0,610349.375
2023-05-15,1.2050000429153442,1.253000020980835,1.2050000429153442,1.2489999532699585,721710976.0,893828032.0,610349.375
2023-05-16,1.2489999532699585,1.2740000486373901,1.24399995803833,1.253999948501587,579825792.0,729811584.0,610349.375
2023-05-17,1.2640000581741333,1.2699999809265137,1.24399995803833,1.2580000162124634,434399488.0,545252288.0,610349.375
2023-05-18,1.2580000162124634,1.2599999904632568,1.2280000448226929,1.2359999418258667,582520000.0,722596928.0,610349.375
2023-05-19,1.2300000190734863,1.2380000352859497,1.2230000495910645,1.2339999675750732,391044800.0,481152896.0,610349.375
2023-05-22,1.2330000400543213,1.246999979019165,1.2280000448226929,1.2410000562667847,491491872.0,608644928.0,610349.375
2023-05-23,1.2419999837875366,1.2619999647140503,1.2339999675750732,1.2380000352859497,512227232.0,637730176.0,610349.375
2023-05-24,1.2319999933242798,1.2790000438690186,1.2289999723434448,1.2619999647140503,811876928.0,1021287040.0,610349.375
2023-05-25,1.2610000371932983,1.2999999523162842,1.2549999952316284,1.2860000133514404,1107236224.0,1422965760.0,610349.375
2023-05-26,1.281000018119812,1.281000018119812,1.2400000095367432,1.253000020980835,697176704.0,873159040.0,610349.375
2023-05-29,1.2430000305175781,1.2480000257492065,1.2059999704360962,1.2100000381469727,795881984.0,968448320.0,610349.375
2023-05-30,1.2029999494552612,1.218000054359436,1.1820000410079956,1.1970000267028809,635261696.0,760755840.0,610349.375
2023-05-31,1.190999984741211,1.1959999799728394,1.1759999990463257,1.1790000200271606,465322976.0,550281280.0,610349.375
2023-06-01,1.180999994277954,1.1920000314712524,1.1649999618530273,1.1670000553131104,585370752.0,689457472.0,610349.375
2023-06-02,1.1679999828338623,1.1859999895095825,1.1660000085830688,1.1790000200271606,573142592.0,675566592.0,610349.375
2023-06-05,1.1759999990463257,1.1779999732971191,1.1510000228881836,1.1540000438690186,504515104.0,584303552.0,610349.375
2023-06-06,1.152999997138977,1.1540000438690186,1.1299999952316284,1.1430000066757202,615127616.0,701994944.0,610349.375
2023-06-07,1.1410000324249268,1.1449999809265137,1.121000051498413,1.1269999742507935,570070272.0,643736256.0,610349.375
2023-06-08,1.125,1.1469999551773071,1.125,1.128999948501587,629490240.0,714817024.0,610349.375
2023-06-09,1.1269999742507935,1.1449999809265137,1.1169999837875366,1.1430000066757202,533088352.0,601923392.0,610349.375
2023-06-12,1.1360000371932983,1.159999966621399,1.1269999742507935,1.1510000228881836,594762880.0,681424256.0,610349.375
2023-06-13,1.1460000276565552,1.159000039100647,1.1410000324249268,1.149999976158142,416704864.0,478559904.0,610349.375
2023-06-14,1.1510000228881836,1.1540000438690186,1.1349999904632568,1.1349999904632568,540278528.0,617884544.0,610349.375
2023-06-15,1.1360000371932983,1.2000000476837158,1.1299999952316284,1.1979999542236328,1090959360.0,1279479424.0,610349.375
2023-06-16,1.2009999752044678,1.222000002861023,1.1950000524520874,1.2200000286102295,1003508352.0,1214685440.0,610349.375
2023-06-19,1.218999981880188,1.2209999561309814,1.2009999752044678,1.2139999866485596,513326720.0,621137920.0,610349.375
2023-06-20,1.2109999656677246,1.2269999980926514,1.2039999961853027,1.218000054359436,687755264.0,836998656.0,610349.375
2023-06-21,1.2109999656677246,1.2319999933242798,1.1979999542236328,1.1990000009536743,540289024.0,656142016.0,610349.375
2023-06-26,1.184999942779541,1.2330000400543213,1.1820000410079956,1.215999960899353,680665728.0,819149056.0,610349.375
2023-06-27,1.2120000123977661,1.2450000047683716,1.2079999446868896,1.2209999561309814,646830016.0,792074176.0,610349.375
2023-06-28,1.2200000286102295,1.2380000352859497,1.2139999866485596,1.2350000143051147,543295552.0,667475520.0,610349.375
2023-06-29,1.2300000190734863,1.2569999694824219,1.2289999723434448,1.2309999465942383,578941824.0,718846144.0,610349.375
2023-06-30,1.2259999513626099,1.253000020980835,1.218000054359436,1.2430000305175781,538157440.0,666814784.0,610349.375
2023-07-03,1.246999979019165,1.2669999599456787,1.24399995803833,1.2480000257492065,555705152.0,696540928.0,610349.375
2023-07-04,1.2430000305175781,1.253000020980835,1.2269999980926514,1.2309999465942383,530575584.0,655984768.0,610349.375
2023-07-05,1.2300000190734863,1.2350000143051147,1.2109999656677246,1.2130000591278076,485095904.0,591238528.0,610349.375
2023-07-06,1.2130000591278076,1.2200000286102295,1.2050000429153442,1.2130000591278076,389984448.0,472652928.0,610349.375
2023-07-07,1.2059999704360962,1.2089999914169312,1.187999963760376,1.190000057220459,465217952.0,557157120.0,610349.375
2023-07-10,1.1929999589920044,1.2380000352859497,1.187999963760376,1.225000023841858,756600448.0,924254016.0,610349.375
2023-07-11,1.2280000448226929,1.2300000190734863,1.2070000171661377,1.218000054359436,484659456.0,588802176.0,610349.375
2023-07-12,1.215000033378601,1.2430000305175781,1.1990000009536743,1.2280000448226929,647221312.0,791408512.0,610349.375
2023-07-13,1.2359999418258667,1.253000020980835,1.2300000190734863,1.2359999418258667,578921024.0,716119488.0,610349.375
2023-07-14,1.2359999418258667,1.2359999418258667,1.2130000591278076,1.2170000076293945,448342272.0,547483328.0,610349.375
2023-07-17,1.2130000591278076,1.218000054359436,1.2020000219345093,1.2089999914169312,314472768.0,379926560.0,610349.375
2023-07-18,1.2130000591278076,1.2130000591278076,1.1920000314712524,1.1990000009536743,374414592.0,448621120.0,610349.375
2023-07-19,1.1970000267028809,1.1979999542236328,1.1749999523162842,1.1820000410079956,546796800.0,646420736.0,610349.375
2023-07-20,1.184000015258789,1.1920000314712524,1.1729999780654907,1.1740000247955322,366750304.0,433824224.0,610349.375
2023-07-21,1.1720000505447388,1.1740000247955322,1.1579999923706055,1.1629999876022339,387545088.0,451351328.0,610349.375
2023-07-24,1.156000018119812,1.1660000085830688,1.1460000276565552,1.1510000228881836,402756288.0,464404096.0,610349.375
2023-07-25,1.1629999876022339,1.1749999523162842,1.159999966621399,1.1690000295639038,507933632.0,592931968.0,610349.375
2023-07-26,1.1690000295639038,1.184000015258789,1.1640000343322754,1.1720000505447388,452314656.0,531022784.0,610349.375
2023-07-27,1.1740000247955322,1.1779999732971191,1.152999997138977,1.159000039100647,486191200.0,565865536.0,610349.375
2023-07-28,1.1519999504089355,1.1710000038146973,1.1480000019073486,1.1690000295639038,740972288.0,862070144.0,610349.375
2023-07-31,1.1749999523162842,1.190000057220459,1.1710000038146973,1.1779999732971191,560428096.0,660910784.0,610349.375
2023-08-01,1.1749999523162842,1.1770000457763672,1.152999997138977,1.1610000133514404,497943936.0,578859840.0,610349.375
2023-08-02,1.159000039100647,1.1640000343322754,1.1519999504089355,1.152999997138977,316576576.0,365877760.0,610349.375
2023-08-03,1.156000018119812,1.1820000410079956,1.1549999713897705,1.1740000247955322,595079360.0,697418880.0,610349.375
2023-08-04,1.1749999523162842,1.184999942779541,1.1690000295639038,1.180999994277954,524746944.0,618241088.0,610349.375
2023-08-07,1.1799999475479126,1.1799999475479126,1.1660000085830688,1.1710000038146973,320949440.0,375432384.0,610349.375
2023-08-08,1.1799999475479126,1.1820000410079956,1.1579999923706055,1.159999966621399,364052416.0,424438720.0,610349.375
2023-08-09,1.156999945640564,1.1619999408721924,1.1519999504089355,1.1549999713897705,326519200.0,377412608.0,610349.375
2023-08-10,1.1549999713897705,1.1740000247955322,1.1549999713897705,1.1690000295639038,414707584.0,483831360.0,610349.375
2023-08-11,1.1679999828338623,1.1679999828338623,1.1410000324249268,1.1419999599456787,462593888.0,532988768.0,610349.375
2023-08-14,1.13100004196167,1.1349999904632568,1.1169999837875366,1.1339999437332153,418536096.0,471214880.0,610349.375
2023-08-15,1.13100004196167,1.1330000162124634,1.097000002861023,1.1030000448226929,761553216.0,844414528.0,610349.375
2023-08-16,1.097000002861023,1.1100000143051147,1.0850000381469727,1.0859999656677246,442375264.0,484792896.0,610349.375
2023-08-17,1.0809999704360962,1.090999960899353,1.0709999799728394,1.0880000591278076,408429696.0,441923744.0,610349.375
2023-08-18,1.0880000591278076,1.1009999513626099,1.0800000429153442,1.0829999446868896,407716352.0,444639520.0,610349.375
2023-08-21,1.0770000219345093,1.0770000219345093,1.0499999523162842,1.0520000457763672,529842688.0,561934208.0,610349.375
2023-08-22,1.0549999475479126,1.059000015258789,1.0169999599456787,1.0410000085830688,667332096.0,690703296.0,610349.375
2023-08-23,1.034000039100647,1.034999966621399,1.0080000162124634,1.0089999437332153,456606304.0,466198592.0,610349.375
2023-08-24,1.0099999904632568,1.0429999828338623,1.0099999904632568,1.0329999923706055,602667008.0,619491776.0,610349.375
2023-08-25,1.0240000486373901,1.0399999618530273,1.0169999599456787,1.024999976158142,394980352.0,405538560.0,610349.375
2023-08-28,1.090000033378601,1.097000002861023,1.0329999923706055,1.0399999618530273,801540864.0,847117952.0,610349.375
2023-08-29,1.034000039100647,1.065000057220459,1.0329999923706055,1.062999963760376,501122240.0,527642304.0,610349.375
2023-08-30,1.062000036239624,1.0789999961853027,1.0579999685287476,1.0640000104904175,424190976.0,453058080.0,610349.375
2023-08-31,1.062999963760376,1.062999963760376,1.0479999780654907,1.0509999990463257,349144896.0,367720960.0,610349.375
2023-09-01,1.0520000457763672,1.0570000410079956,1.0470000505447388,1.0499999523162842,190638384.0,200196464.0,610349.375
2023-09-04,1.0529999732971191,1.0609999895095825,1.0399999618530273,1.0570000410079956,360947040.0,379765600.0,610349.375
2023-09-05,1.0549999475479126,1.0740000009536743,1.0449999570846558,1.065999984741211,491114304.0,521401952.0,610349.375
2023-09-06,1.059999942779541,1.0640000104904175,1.0470000505447388,1.0540000200271606,414715584.0,436958656.0,610349.375
2023-09-07,1.0499999523162842,1.0499999523162842,1.0210000276565552,1.0219999551773071,651117824.0,671203776.0,610349.375
2023-09-08,1.0190000534057617,1.0240000486373901,1.0069999694824219,1.0099999904632568,353290624.0,357404896.0,610349.375
2023-09-11,1.0110000371932983,1.024999976158142,1.003000020980835,1.0190000534057617,303801792.0,308656192.0,610349.375
2023-09-12,1.0169999599456787,1.027999997138977,1.0099999904632568,1.0210000276565552,297705408.0,303502848.0,610349.375
2023-09-13,1.0180000066757202,1.0230000019073486,1.003000020980835,1.0089999437332153,373687392.0,377394976.0,610349.375
2023-09-14,1.0069999694824219,1.0080000162124634,0.9950000047683716,0.9959999918937683,382924096.0,382697056.0,610349.375
2023-09-15,1.0,1.003999948501587,0.9879999756813049,0.9909999966621399,324943808.0,323095616.0,610349.375
2023-09-18,0.9869999885559082,1.0069999694824219,0.9810000061988831,0.9980000257492065,396807392.0,395118688.0,610349.375
2023-09-19,0.9950000047683716,0.996999979019165,0.9789999723434448,0.9819999933242798,370164800.0,364734976.0,610349.375
2023-09-20,0.9810000061988831,0.9829999804496765,0.9710000157356262,0.972000002861023,297475392.0,290231648.0,610349.375
2023-09-21,0.9670000076293945,0.9739999771118164,0.9610000252723694,0.9610000252723694,319221504.0,308518912.0,610349.375
2023-09-22,0.9589999914169312,0.9800000190734863,0.9580000042915344,0.9789999723434448,403001472.0,390948160.0,610349.375
2023-09-25,0.9750000238418579,0.984000027179718,0.9649999737739563,0.9789999723434448,386269952.0,376244448.0,610349.375
2023-09-26,0.9789999723434448,0.984000027179718,0.9729999899864197,0.9760000109672546,314172416.0,307205120.0,610349.375
2023-09-27,0.9769999980926514,1.0180000066757202,0.9769999980926514,1.0099999904632568,724103872.0,726884160.0,610349.375
2023-09-28,1.003999948501587,1.0149999856948853,1.003000020980835,1.0110000371932983,317537952.0,320619616.0,610349.375
2023-10-09,1.0080000162124634,1.0089999437332153,0.9959999918937683,1.0049999952316284,336995776.0,337761376.0,610349.375
2023-10-10,1.0049999952316284,1.0080000162124634,0.9890000224113464,0.9919999837875366,288348672.0,287498240.0,610349.375
2023-10-11,0.9980000257492065,1.0099999904632568,0.9879999756813049,0.9940000176429749,342843584.0,342468128.0,610349.375
2023-10-12,0.9990000128746033,1.0099999904632568,0.9909999966621399,1.0069999694824219,488526272.0,489102048.0,610349.375
2023-10-13,0.9990000128746033,1.0,0.9800000190734863,0.9879999756813049,408331808.0,402999040.0,610349.375
2023-10-16,0.9850000143051147,0.9900000095367432,0.9620000123977661,0.9670000076293945,341132384.0,331605632.0,610349.375
2023-10-17,0.968999981880188,0.9750000238418579,0.9599999785423279,0.9679999947547913,258574800.0,250205024.0,610349.375
2023-10-18,0.9649999737739563,0.9660000205039978,0.949999988079071,0.9509999752044678,295269888.0,282104672.0,610349.375
2023-10-19,0.9480000138282776,0.9549999833106995,0.9390000104904175,0.9449999928474426,386406112.0,365723744.0,610349.375
2023-10-20,0.9390000104904175,0.9589999914169312,0.9359999895095825,0.9459999799728394,417429184.0,396592608.0,610349.375
2023-10-23,0.9430000185966492,0.9449999928474426,0.9110000133514404,0.9139999747276306,552066432.0,510172128.0,610349.375
2023-10-24,0.9179999828338623,0.925000011920929,0.9070000052452087,0.921999990940094,360421920.0,330686656.0,610349.375
2023-10-25,0.9269999861717224,0.9359999895095825,0.9129999876022339,0.9160000085830688,472135360.0,435774624.0,610349.375
2023-10-26,0.9049999713897705,0.9049999713897705,0.8809999823570251,0.8980000019073486,539683520.0,481171520.0,610349.375
2023-10-27,0.890999972820282,0.9340000152587891,0.8899999856948853,0.9290000200271606,645505024.0,589927424.0,610349.375
2023-10-30,0.9229999780654907,0.9419999718666077,0.9200000166893005,0.9390000104904175,519307904.0,483278752.0,610349.375
2023-10-31,0.9309999942779541,0.9369999766349792,0.9150000214576721,0.921999990940094,366480896.0,338493568.0,610349.375
2023-11-01,0.9229999780654907,0.9240000247955322,0.9049999713897705,0.9079999923706055,340888096.0,310724320.0,610349.375
2023-11-02,0.9070000052452087,0.9110000133514404,0.8849999904632568,0.8870000243186951,404320032.0,362392288.0,610349.375
2023-11-03,0.8880000114440918,0.9089999794960022,0.8880000114440918,0.906000018119812,492330208.0,444502112.0,610349.375
2023-11-06,0.9100000262260437,0.9390000104904175,0.9079999923706055,0.9350000023841858,575093312.0,534765184.0,610349.375
2023-11-07,0.9300000071525574,0.9390000104904175,0.921999990940094,0.9359999895095825,308308352.0,286832096.0,610349.375
2023-11-08,0.9319999814033508,0.9440000057220459,0.9290000200271606,0.9359999895095825,787449024.0,737595264.0,610349.375
2023-11-09,0.9359999895095825,0.9649999737739563,0.9330000281333923,0.9589999914169312,849652544.0,811766400.0,610349.375
2023-11-10,0.9520000219345093,0.9520000219345093,0.9359999895095825,0.9409999847412109,427063008.0,402157920.0,610349.375
2023-11-13,0.9449999928474426,0.953000009059906,0.9390000104904175,0.949999988079071,338325344.0,319980320.0,610349.375
2023-11-14,0.953000009059906,0.9580000042915344,0.9409999847412109,0.9459999799728394,513361120.0,486312352.0,610349.375
2023-11-15,0.9599999785423279,0.9710000157356262,0.9539999961853027,0.9620000123977661,666759104.0,641584128.0,610349.375
2023-11-16,0.9589999914169312,0.9589999914169312,0.9319999814033508,0.9319999814033508,781526720.0,734112832.0,610349.375
2023-11-17,0.9259999990463257,0.9380000233650208,0.9259999990463257,0.9340000152587891,363772192.0,339038528.0,610349.375
2023-11-20,0.9350000023841858,0.9390000104904175,0.921999990940094,0.9350000023841858,337431616.0,313731456.0,610349.375
2023-11-21,0.9380000233650208,0.9419999718666077,0.9259999990463257,0.9269999861717224,301657344.0,282047360.0,610349.375
2023-11-22,0.9229999780654907,0.9259999990463257,0.9070000052452087,0.9079999923706055,307029728.0,281342720.0,610349.375
2023-11-23,0.9079999923706055,0.9139999747276306,0.9039999842643738,0.9129999876022339,311133312.0,282986528.0,610349.375
2023-11-24,0.9110000133514404,0.9110000133514404,0.8960000276565552,0.8960000276565552,357756256.0,322494656.0,610349.375
2023-11-27,0.8949999809265137,0.8960000276565552,0.8790000081062317,0.8820000290870667,438069888.0,387207104.0,610349.375
2023-11-28,0.8820000290870667,0.8889999985694885,0.8769999742507935,0.8849999904632568,277977600.0,245345728.0,610349.375
2023-11-29,0.8840000033378601,0.8859999775886536,0.8709999918937683,0.8730000257492065,337108640.0,295683008.0,610349.375
2023-11-30,0.8759999871253967,0.878000020980835,0.8640000224113464,0.8650000095367432,356128064.0,309877312.0,610349.375
2023-12-01,0.8650000095367432,0.8659999966621399,0.8519999980926514,0.8619999885559082,408317920.0,350919104.0,610349.375
2023-12-04,0.8640000224113464,0.8650000095367432,0.8489999771118164,0.8500000238418579,333794528.0,285752512.0,610349.375
2023-12-05,0.8479999899864197,0.8569999933242798,0.8330000042915344,0.8330000042915344,402972896.0,341064928.0,610349.375
2023-12-06,0.8320000171661377,0.8529999852180481,0.828000009059906,0.8460000157356262,423513120.0,357981248.0,610349.375
2023-12-07,0.8420000076293945,0.8429999947547913,0.828000009059906,0.8349999785423279,380598656.0,317340864.0,610349.375
2023-12-08,0.8379999995231628,0.8420000076293945,0.8309999704360962,0.8349999785423279,289616736.0,242303056.0,610349.375
2023-12-11,0.8299999833106995,0.8379999995231628,0.8169999718666077,0.8379999995231628,393641088.0,324751584.0,610349.375
2023-12-12,0.8330000042915344,0.8379999995231628,0.8270000219345093,0.8299999833106995,301242592.0,250424832.0,610349.375
2023-12-13,0.8259999752044678,0.8259999752044678,0.8080000281333923,0.8080000281333923,413869568.0,337354048.0,610349.375
2023-12-14,0.8119999766349792,0.8220000267028809,0.8050000071525574,0.8069999814033508,335776800.0,272736032.0,610349.375
2023-12-15,0.8119999766349792,0.8270000219345093,0.8080000281333923,0.8119999766349792,580796992.0,474475744.0,610349.375
2023-12-18,0.8059999942779541,0.8119999766349792,0.7900000214576721,0.7910000085830688,401919008.0,321401184.0,610349.375
2023-12-19,0.7900000214576721,0.8100000023841858,0.7879999876022339,0.8019999861717224,605249984.0,484619680.0,610349.375
2023-12-20,0.8050000071525574,0.8050000071525574,0.7929999828338623,0.7940000295639038,295989792.0,236447264.0,610349.375
2023-12-21,0.7910000085830688,0.828000009059906,0.7879999876022339,0.8220000267028809,1040384320.0,844291968.0,610349.375
2023-12-22,0.8169999718666077,0.8429999947547913,0.8090000152587891,0.8339999914169312,995094720.0,822040960.0,610349.375
2023-12-25,0.8289999961853027,0.8399999737739563,0.828000009059906,0.8339999914169312,329056960.0,274123328.0,610349.375
2023-12-26,0.8330000042915344,0.8389999866485596,0.8270000219345093,0.8339999914169312,433762432.0,361158912.0,610349.375
2023-12-27,0.8349999785423279,0.8360000252723694,0.8199999928474426,0.8289999961853027,516783232.0,426781120.0,610349.375
2023-12-28,0.8270000219345093,0.9020000100135803,0.8240000009536743,0.9010000228881836,1581537152.0,1388936448.0,610349.375
2023-12-29,0.8930000066757202,0.8949999809265137,0.8830000162124634,0.8899999856948853,878246208.0,780743680.0,610349.375
2024-01-02,0.8859999775886536,0.8880000114440918,0.8709999918937683,0.871999979019165,582445184.0,511128576.0,610349.375
2024-01-03,0.8700000047683716,0.8799999952316284,0.8659999966621399,0.8759999871253967,553443584.0,482769344.0,610349.375
2024-01-04,0.871999979019165,0.871999979019165,0.8510000109672546,0.8569999933242798,584044800.0,502302048.0,610349.375
2024-01-05,0.8550000190734863,0.8700000047683716,0.8360000252723694,0.843999981880188,669834560.0,570570880.0,610349.375
2024-01-08,0.8399999737739563,0.8560000061988831,0.8349999785423279,0.8379999995231628,580872448.0,490727424.0,610349.375
2024-01-09,0.8399999737739563,0.8740000128746033,0.8270000219345093,0.8550000190734863,882530048.0,752064960.0,610349.375
2024-01-10,0.8460000157356262,0.8830000162124634,0.8429999947547913,0.8669999837875366,1009422272.0,876539520.0,610349.375
2024-01-11,0.8629999756813049,0.8820000290870667,0.8610000014305115,0.8790000081062317,803832256.0,702004608.0,610349.375
2024-01-12,0.8769999742507935,0.902999997138977,0.8700000047683716,0.8799999952316284,1074109952.0,954838528.0,610349.375
2024-01-15,0.8740000128746033,0.8870000243186951,0.8679999709129333,0.871999979019165,569188224.0,498538976.0,610349.375
2024-01-16,0.8700000047683716,0.8920000195503235,0.8619999885559082,0.8880000114440918,782721152.0,688998144.0,610349.375
2024-01-17,0.8830000162124634,0.8849999904632568,0.8560000061988831,0.8569999933242798,626402752.0,544698048.0,610349.375
2024-01-18,0.8500000238418579,0.8970000147819519,0.8450000286102295,0.8960000276565552,1206897664.0,1056691968.0,610349.375
2024-01-19,0.8949999809265137,0.902999997138977,0.871999979019165,0.871999979019165,967566336.0,855433920.0,610349.375
2024-01-22,0.8669999837875366,0.875,0.8410000205039978,0.847000002861023,879158336.0,753532224.0,610349.375
2024-01-23,0.847000002861023,0.8799999952316284,0.8399999737739563,0.8640000224113464,972391232.0,839639744.0,610349.375
2024-01-24,0.8650000095367432,0.8669999837875366,0.828000009059906,0.8550000190734863,839711616.0,710926976.0,610349.375
2024-01-25,0.8479999899864197,0.8640000224113464,0.8299999833106995,0.8629999756813049,950682432.0,807347520.0,610349.375
2024-01-26,0.8539999723434448,0.8659999966621399,0.843999981880188,0.8460000157356262,647344896.0,553050368.0,610349.375
2024-01-29,0.8389999866485596,0.8399999737739563,0.7910000085830688,0.7919999957084656,1052718720.0,851745472.0,610349.375
2024-01-30,0.7850000262260437,0.7990000247955322,0.7749999761581421,0.7760000228881836,730414336.0,575295872.0,610349.375
2024-01-31,0.7720000147819519,0.7860000133514404,0.7559999823570251,0.7570000290870667,613503104.0,472033088.0,610349.375
2024-02-01,0.7519999742507935,0.7860000133514404,0.7509999871253967,0.7710000276565552,695717696.0,537562752.0,610349.375
2024-02-02,0.7670000195503235,0.7720000147819519,0.7179999947547913,0.7390000224113464,639063488.0,477912224.0,610349.375
2024-02-05,0.7319999933242798,0.7379999756813049,0.6899999976158142,0.7179999947547913,593549888.0,426647040.0,610349.375
2024-02-06,0.7110000252723694,0.765999972820282,0.7080000042915344,0.7649999856948853,692576832.0,515191424.0,610349.375
2024-02-07,0.765999972820282,0.7910000085830688,0.7649999856948853,0.7829999923706055,493891040.0,386203840.0,610349.375
2024-02-08,0.7960000038146973,0.8050000071525574,0.7850000262260437,0.8009999990463257,425386624.0,339441280.0,610349.375
2024-02-19,0.8009999990463257,0.8040000200271606,0.7910000085830688,0.800000011920929,331363840.0,264464336.0,610349.375
2024-02-20,0.7950000166893005,0.7960000038146973,0.7820000052452087,0.7940000295639038,249333632.0,196716736.0,610349.375
2024-02-21,0.7870000004768372,0.8209999799728394,0.7839999794960022,0.8050000071525574,443231840.0,357737088.0,610349.375
2024-02-22,0.8029999732971191,0.824999988079071,0.8029999732971191,0.8130000233650208,412584224.0,335331456.0,610349.375
2024-02-23,0.8190000057220459,0.8320000171661377,0.8149999976158142,0.8240000009536743,570945536.0,470333312.0,610349.375
2024-02-26,0.8220000267028809,0.8289999961853027,0.8109999895095825,0.8180000185966492,351869696.0,288034368.0,610349.375
2024-02-27,0.8140000104904175,0.8320000171661377,0.8119999766349792,0.8320000171661377,429481600.0,353537056.0,610349.375
2024-02-28,0.8379999995231628,0.8640000224113464,0.8149999976158142,0.8169999718666077,906777216.0,763001792.0,610349.375
2024-02-29,0.8100000023841858,0.8450000286102295,0.8059999942779541,0.843999981880188,573796928.0,476696704.0,610349.375
2024-03-01,0.8460000157356262,0.8579999804496765,0.8349999785423279,0.8579999804496765,547099072.0,464258208.0,610349.375
2024-03-04,0.8579999804496765,0.8700000047683716,0.8529999852180481,0.8619999885559082,424387328.0,364995904.0,610349.375
2024-03-05,0.8550000190734863,0.8560000061988831,0.843999981880188,0.8500000238418579,364286304.0,309413376.0,610349.375
2024-03-06,0.8460000157356262,0.8899999856948853,0.843999981880188,0.8740000128746033,773831488.0,673463936.0,610349.375
2024-03-07,0.8709999918937683,0.8740000128746033,0.8489999771118164,0.8500000238418579,557540992.0,480488864.0,610349.375
2024-03-08,0.8519999980926514,0.8830000162124634,0.8519999980926514,0.8820000290870667,713721280.0,624355840.0,610349.375
2024-03-11,0.8980000019073486,0.9179999828338623,0.890999972820282,0.9169999957084656,971618048.0,877703040.0,610349.375
2024-03-12,0.9169999957084656,0.925000011920929,0.9070000052452087,0.9110000133514404,605503232.0,552830208.0,610349.375
2024-03-13,0.9089999794960022,0.9100000262260437,0.8980000019073486,0.9020000100135803,436981792.0,394514592.0,610349.375
2024-03-14,0.8989999890327454,0.9039999842643738,0.8820000290870667,0.8899999856948853,457069056.0,408427008.0,610349.375
2024-03-15,0.8849999904632568,0.8899999856948853,0.8700000047683716,0.8840000033378601,418101632.0,367354048.0,610349.375
2024-03-18,0.8880000114440918,0.8999999761581421,0.8830000162124634,0.8999999761581421,438654752.0,390679328.0,610349.375
2024-03-19,0.8999999761581421,0.9089999794960022,0.8849999904632568,0.8859999775886536,515495296.0,462274304.0,610349.375
2024-03-20,0.8859999775886536,0.8989999890327454,0.8809999823570251,0.8870000243186951,436454528.0,386955200.0,610349.375
2024-03-21,0.8849999904632568,0.8889999985694885,0.8709999918937683,0.8740000128746033,417879232.0,366335328.0,610349.375
2024-03-22,0.8709999918937683,0.871999979019165,0.8489999771118164,0.8500000238418579,540748544.0,462556928.0,610349.375
2024-03-25,0.847000002861023,0.8619999885559082,0.8410000205039978,0.8420000076293945,343375328.0,291818080.0,610349.375
2024-03-26,0.8399999737739563,0.8560000061988831,0.8360000252723694,0.8529999852180481,416446016.0,352245728.0,610349.375
2024-03-27,0.8479999899864197,0.8510000109672546,0.8259999752044678,0.8270000219345093,396316704.0,332651104.0,610349.375
2024-03-28,0.8270000219345093,0.843999981880188,0.8259999752044678,0.8330000042915344,424407488.0,354290976.0,610349.375
2024-03-29,0.8330000042915344,0.8410000205039978,0.8270000219345093,0.8349999785423279,289085472.0,240895600.0,610349.375
2024-04-01,0.8399999737739563,0.8700000047683716,0.8379999995231628,0.8690000176429749,542287872.0,466066144.0,610349.375
2024-04-02,0.8690000176429749,0.8690000176429749,0.8560000061988831,0.8610000014305115,286833120.0,246941136.0,610349.375
2024-04-03,0.8600000143051147,0.8610000014305115,0.8500000238418579,0.8569999933242798,235077328.0,200994176.0,610349.375
2024-04-08,0.8550000190734863,0.8550000190734863,0.8330000042915344,0.8330000042915344,289567296.0,243890432.0,610349.375
2024-04-09,0.8320000171661377,0.8420000076293945,0.8289999961853027,0.8389999866485596,219387104.0,183525536.0,610349.375
2024-04-10,0.8399999737739563,0.8399999737739563,0.8180000185966492,0.8230000138282776,256917648.0,212070144.0,610349.375
2024-04-11,0.8180000185966492,0.8299999833106995,0.8130000233650208,0.8220000267028809,287413312.0,236602736.0,610349.375
2024-04-12,0.8220000267028809,0.824999988079071,0.7990000247955322,0.8009999990463257,336787104.0,272767264.0,610349.375
2024-04-15,0.800000011920929,0.8199999928474426,0.7990000247955322,0.8109999895095825,356241312.0,289236544.0,610349.375
2024-04-16,0.8059999942779541,0.8109999895095825,0.7879999876022339,0.7889999747276306,302482720.0,241336288.0,610349.375
2024-04-17,0.7919999957084656,0.8100000023841858,0.7919999957084656,0.8090000152587891,300672736.0,241343808.0,610349.375
2024-04-18,0.8059999942779541,0.8140000104904175,0.7960000038146973,0.8050000071525574,240707472.0,194121408.0,610349.375
2024-04-19,0.800000011920929,0.8009999990463257,0.777999997138977,0.7820000052452087,301468896.0,236759616.0,610349.375
2024-04-22,0.7820000052452087,0.800000011920929,0.781000018119812,0.7860000133514404,281890848.0,222651376.0,610349.375
2024-04-23,0.7910000085830688,0.7979999780654907,0.7730000019073486,0.7770000100135803,275290208.0,214804448.0,610349.375
2024-04-24,0.7760000228881836,0.777999997138977,0.7609999775886536,0.7689999938011169,283356288.0,217462320.0,610349.375
2024-04-25,0.7649999856948853,0.7760000228881836,0.7570000290870667,0.7670000195503235,352511104.0,270590880.0,610349.375
2024-04-26,0.7620000243186951,0.7860000133514404,0.7620000243186951,0.7850000262260437,362404928.0,282030816.0,610349.375
2024-04-29,0.7850000262260437,0.8199999928474426,0.7829999923706055,0.8119999766349792,624065728.0,502680992.0,610349.375
2024-04-30,0.8029999732971191,0.8090000152587891,0.7910000085830688,0.7929999828338623,436754848.0,347626784.0,610349.375
2024-05-06,0.8009999990463257,0.8109999895095825,0.8009999990463257,0.8050000071525574,416383488.0,335378464.0,610349.375
2024-05-07,0.8029999732971191,0.8090000152587891,0.7960000038146973,0.8059999942779541,336708416.0,270765120.0,610349.375
2024-05-08,0.8019999861717224,0.8040000200271606,0.7919999957084656,0.7929999828338623,308717504.0,245982704.0,610349.375
2024-05-09,0.7960000038146973,0.8240000009536743,0.7960000038146973,0.8140000104904175,609567808.0,496132352.0,610349.375
2024-05-10,0.8140000104904175,0.8149999976158142,0.7990000247955322,0.8100000023841858,401873088.0,323884544.0,610349.375
2024-05-13,0.8009999990463257,0.8169999718666077,0.7960000038146973,0.8090000152587891,405863008.0,328124256.0,610349.375
2024-05-14,0.8090000152587891,0.8119999766349792,0.800000011920929,0.8009999990463257,310598400.0,249630944.0,610349.375
2024-05-15,0.8059999942779541,0.8140000104904175,0.7910000085830688,0.7929999828338623,429854496.0,344069888.0,610349.375
2024-05-16,0.7919999957084656,0.800000011920929,0.7870000004768372,0.7910000085830688,416318208.0,330315616.0,610349.375
2024-05-17,0.7839999794960022,0.7910000085830688,0.7760000228881836,0.7900000214576721,573224640.0,448260288.0,610349.375
2024-05-20,0.7860000133514404,0.7979999780654907,0.7860000133514404,0.7919999957084656,322822496.0,255335264.0,610349.375
2024-05-21,0.7879999876022339,0.7889999747276306,0.777999997138977,0.7799999713897705,297215808.0,232397744.0,610349.375
2024-05-22,0.7860000133514404,0.8349999785423279,0.7860000133514404,0.8289999961853027,1302766720.0,1058808576.0,610349.375
2024-05-23,0.8209999799728394,0.8230000138282776,0.8040000200271606,0.8069999814033508,838206080.0,680850048.0,610349.375
2024-05-24,0.8069999814033508,0.8199999928474426,0.7979999780654907,0.7990000247955322,640540032.0,518648864.0,610349.375
2024-05-27,0.800000011920929,0.8019999861717224,0.781000018119812,0.7950000166893005,524385888.0,413528128.0,610349.375
2024-05-28,0.7900000214576721,0.8019999861717224,0.7870000004768372,0.7900000214576721,539852032.0,427800352.0,610349.375
2024-05-29,0.7960000038146973,0.8240000009536743,0.7960000038146973,0.8080000281333923,1107992960.0,901415488.0,610349.375
2024-05-30,0.8149999976158142,0.8190000057220459,0.8029999732971191,0.8050000071525574,738152128.0,597278464.0,610349.375
2024-05-31,0.8050000071525574,0.8090000152587891,0.7919999957084656,0.7940000295639038,548893376.0,438912992.0,610349.375
2024-06-03,0.7900000214576721,0.7919999957084656,0.7799999713897705,0.7879999876022339,518976992.0,407353664.0,610349.375
2024-06-04,0.7850000262260437,0.8019999861717224,0.7799999713897705,0.800000011920929,499976800.0,395926848.0,610349.375
2024-06-05,0.796999990940094,0.8009999990463257,0.7879999876022339,0.7889999747276306,434523712.0,345588800.0,610349.375
2024-06-06,0.7879999876022339,0.7960000038146973,0.7670000195503235,0.7689999938011169,711176192.0,553713664.0,610349.375
2024-06-07,0.7689999938011169,0.7730000019073486,0.75,0.7580000162124634,588805632.0,447395584.0,610349.375
2024-06-11,0.7540000081062317,0.7649999856948853,0.7480000257492065,0.7630000114440918,363616000.0,275120640.0,610349.375
2024-06-12,0.7609999775886536,0.7620000243186951,0.7559999823570251,0.7599999904632568,284010400.0,215519792.0,610349.375
2024-06-13,0.7609999775886536,0.7649999856948853,0.7570000290870667,0.7580000162124634,318130112.0,242121376.0,610349.375
2024-06-14,0.7570000290870667,0.7599999904632568,0.7480000257492065,0.7549999952316284,383976512.0,289760032.0,610349.375
2024-06-17,0.75,0.7570000290870667,0.7429999709129333,0.753000020980835,404083008.0,303504224.0,610349.375
2024-06-18,0.7519999742507935,0.7649999856948853,0.75,0.7590000033378601,476030784.0,360935392.0,610349.375
2024-06-19,0.7570000290870667,0.7599999904632568,0.7419999837875366,0.7429999709129333,454459008.0,338945600.0,610349.375
2024-06-20,0.7419999837875366,0.7419999837875366,0.722000002861023,0.7229999899864197,484727616.0,353480800.0,610349.375
2024-06-21,0.7260000109672546,0.7329999804496765,0.718999981880188,0.7229999899864197,473328608.0,343299008.0,610349.375
2024-06-24,0.7160000205039978,0.7170000076293945,0.7039999961853027,0.7049999833106995,444141696.0,315571200.0,610349.375
2024-06-25,0.7059999704360962,0.7080000042915344,0.6840000152587891,0.6880000233650208,505463712.0,350508224.0,610349.375
2024-06-26,0.6880000233650208,0.6990000009536743,0.6809999942779541,0.6990000009536743,653953472.0,451433344.0,610349.375
2024-06-27,0.6940000057220459,0.6949999928474426,0.6809999942779541,0.6819999814033508,386686496.0,265627360.0,610349.375
2024-06-28,0.6819999814033508,0.6909999847412109,0.6769999861717224,0.6800000071525574,384514336.0,263619616.0,610349.375
2024-07-01,0.6819999814033508,0.6909999847412109,0.6769999861717224,0.6869999766349792,398276800.0,272195104.0,610349.375
2024-07-02,0.6819999814033508,0.6830000281333923,0.6700000166893005,0.6710000038146973,493225408.0,332859456.0,610349.375
2024-07-03,0.6710000038146973,0.675000011920929,0.6639999747276306,0.6700000166893005,411755712.0,275719264.0,610349.375
2024-07-04,0.6710000038146973,0.671999990940094,0.652999997138977,0.6549999713897705,453687008.0,299965120.0,610349.375
2024-07-05,0.652999997138977,0.6650000214576721,0.6520000100135803,0.6610000133514404,477726304.0,314749952.0,610349.375
2024-07-08,0.6549999713897705,0.6570000052452087,0.6370000243186951,0.6399999856948853,410813088.0,265122720.0,610349.375
2024-07-09,0.6380000114440918,0.6460000276565552,0.6290000081062317,0.6430000066757202,492445312.0,313586592.0,610349.375
2024-07-10,0.6330000162124634,0.6579999923706055,0.6299999952316284,0.6439999938011169,476782112.0,308816928.0,610349.375
2024-07-11,0.6499999761581421,0.6729999780654907,0.6489999890327454,0.6679999828338623,626188736.0,414419648.0,610349.375
2024-07-12,0.6669999957084656,0.6809999942779541,0.6650000214576721,0.671999990940094,558420800.0,375940384.0,610349.375
2024-07-15,0.6690000295639038,0.6710000038146973,0.6620000004768372,0.6629999876022339,330510496.0,219926768.0,610349.375
2024-07-16,0.6620000004768372,0.6800000071525574,0.6610000133514404,0.6790000200271606,457289216.0,306702848.0,610349.375
2024-07-17,0.6859999895095825,0.6899999976158142,0.6769999861717224,0.6779999732971191,400740800.0,273567616.0,610349.375
2024-07-18,0.6710000038146973,0.6869999766349792,0.6639999747276306,0.6809999942779541,464065632.0,313725696.0,610349.375
2024-07-19,0.6759999990463257,0.6930000185966492,0.6759999990463257,0.6919999718666077,448234432.0,307390144.0,610349.375
2024-07-22,0.6880000233650208,0.6990000009536743,0.6869999766349792,0.6919999718666077,385324512.0,266676128.0,610349.375
2024-07-23,0.6880000233650208,0.6909999847412109,0.6729999780654907,0.6729999780654907,497104128.0,339800064.0,610349.375
2024-07-24,0.6710000038146973,0.6759999990463257,0.6600000262260437,0.6610000133514404,335044800.0,223198576.0,610349.375
2024-07-25,0.6600000262260437,0.6890000104904175,0.6579999923706055,0.6790000200271606,607987520.0,411148224.0,610349.375
2024-07-26,0.675000011920929,0.6830000281333923,0.6729999780654907,0.6809999942779541,362966784.0,246621968.0,610349.375
2024-07-29,0.6800000071525574,0.6809999942779541,0.6660000085830688,0.6669999957084656,267608112.0,179369568.0,610349.375
2024-07-30,0.6650000214576721,0.671999990940094,0.6600000262260437,0.6650000214576721,286604416.0,190355776.0,610349.375
2024-07-31,0.6660000085830688,0.6909999847412109,0.6579999923706055,0.6899999976158142,467702080.0,317489120.0,610349.375
2024-08-01,0.6890000104904175,0.6899999976158142,0.6800000071525574,0.6819999814033508,350718400.0,240255936.0,610349.375
2024-08-02,0.6790000200271606,0.6850000023841858,0.6700000166893005,0.6710000038146973,336428192.0,228106800.0,610349.375
2024-08-05,0.6690000295639038,0.6880000233650208,0.6620000004768372,0.6639999747276306,382974112.0,259401968.0,610349.375
2024-08-06,0.6710000038146973,0.6909999847412109,0.6710000038146973,0.6890000104904175,557112320.0,381604256.0,610349.375
2024-08-07,0.6850000023841858,0.6919999718666077,0.6809999942779541,0.6869999766349792,322303616.0,221118752.0,610349.375
2024-08-08,0.6850000023841858,0.6890000104904175,0.6790000200271606,0.6840000152587891,275584192.0,188497280.0,610349.375
2024-08-09,0.6859999895095825,0.6880000233650208,0.6729999780654907,0.6740000247955322,347246496.0,235894560.0,610349.375
2024-08-12,0.6819999814033508,0.6850000023841858,0.6690000295639038,0.671999990940094,302224992.0,203739344.0,610349.375
2024-08-13,0.6679999828338623,0.6769999861717224,0.6620000004768372,0.671999990940094,330022368.0,220652544.0,610349.375
2024-08-14,0.675000011920929,0.6809999942779541,0.6639999747276306,0.6650000214576721,271323296.0,181805904.0,610349.375
2024-08-15,0.6620000004768372,0.6819999814033508,0.6589999794960022,0.6740000247955322,362636992.0,243176864.0,610349.375
2024-08-16,0.6729999780654907,0.6729999780654907,0.6639999747276306,0.6650000214576721,234402208.0,156598096.0,610349.375
2024-08-19,0.6629999876022339,0.6660000085830688,0.6570000052452087,0.6579999923706055,221093904.0,146041840.0,610349.375
2024-08-20,0.6579999923706055,0.6589999794960022,0.6460000276565552,0.6489999890327454,246247808.0,160610144.0,610349.375
2024-08-21,0.6460000276565552,0.6499999761581421,0.6420000195503235,0.6430000066757202,239084704.0,154494384.0,610349.375
2024-08-22,0.6439999938011169,0.6460000276565552,0.6299999952316284,0.6320000290870667,234684000.0,149073552.0,610349.375
2024-08-23,0.6299999952316284,0.6359999775886536,0.628000020980835,0.6299999952316284,189643296.0,119828432.0,610349.375
2024-08-26,0.6309999823570251,0.6470000147819519,0.6309999823570251,0.6389999985694885,281110688.0,179915776.0,610349.375
2024-08-27,0.6370000243186951,0.6399999856948853,0.6240000128746033,0.6309999823570251,357541888.0,225987872.0,610349.375
2024-08-28,0.6299999952316284,0.6359999775886536,0.6259999871253967,0.6330000162124634,253383200.0,159875120.0,610349.375
2024-08-29,0.6309999823570251,0.6629999876022339,0.6290000081062317,0.6579999923706055,545536128.0,355008160.0,610349.375
2024-08-30,0.6539999842643738,0.675000011920929,0.6520000100135803,0.6660000085830688,443059104.0,294214368.0,610349.375
2024-09-02,0.6620000004768372,0.6710000038146973,0.6489999890327454,0.6499999761581421,388008096.0,255667600.0,610349.375
2024-09-03,0.6510000228881836,0.6639999747276306,0.6460000276565552,0.6600000262260437,339449504.0,222906560.0,610349.375
2024-09-04,0.6539999842643738,0.6700000166893005,0.6539999842643738,0.6600000262260437,291821408.0,193328016.0,610349.375
2024-09-05,0.6600000262260437,0.6740000247955322,0.6589999794960022,0.6660000085830688,315019104.0,210196112.0,610349.375
2024-09-06,0.6650000214576721,0.6650000214576721,0.6499999761581421,0.6510000228881836,217066208.0,142211760.0,610349.375
2024-09-09,0.6480000019073486,0.6539999842643738,0.640999972820282,0.6439999938011169,239620896.0,155096752.0,610349.375
2024-09-10,0.6460000276565552,0.6480000019073486,0.6359999775886536,0.6449999809265137,296358368.0,190344032.0,610349.375
2024-09-11,0.6420000195503235,0.6570000052452087,0.6399999856948853,0.6539999842643738,328682464.0,214028160.0,610349.375
2024-09-12,0.6549999713897705,0.6740000247955322,0.652999997138977,0.6549999713897705,328735360.0,218072576.0,610349.375
2024-09-13,0.652999997138977,0.6570000052452087,0.6420000195503235,0.6430000066757202,234007696.0,151714352.0,610349.375
2024-09-18,0.6420000195503235,0.6420000195503235,0.6320000290870667,0.6380000114440918,249506496.0,158947472.0,610349.375
2024-09-19,0.640999972820282,0.656000018119812,0.6349999904632568,0.6470000147819519,316768896.0,204652336.0,610349.375
2024-09-20,0.6439999938011169,0.6449999809265137,0.6309999823570251,0.6370000243186951,379652416.0,240901168.0,610349.375
2024-09-23,0.6340000033378601,0.6380000114440918,0.6259999871253967,0.628000020980835,282194400.0,177943040.0,610349.375
2024-09-24,0.6299999952316284,0.6539999842643738,0.6259999871253967,0.6539999842643738,595373248.0,381240512.0,610349.375
2024-09-25,0.6589999794960022,0.6769999861717224,0.6579999923706055,0.6589999794960022,587961088.0,392098880.0,610349.375
2024-09-26,0.6570000052452087,0.6869999766349792,0.6520000100135803,0.6869999766349792,502278912.0,335813888.0,610349.375
2024-09-27,0.6970000267028809,0.7450000047683716,0.6959999799728394,0.7450000047683716,598910592.0,430157536.0,610349.375
2024-09-30,0.7879999876022339,0.8199999928474426,0.7599999904632568,0.8199999928474426,1129998464.0,898218880.0,610349.375
2024-10-08,0.9020000100135803,0.9020000100135803,0.8500000238418579,0.9020000100135803,1731733248.0,1547411712.0,610349.375
2024-10-09,0.8799999952316284,0.8870000243186951,0.8119999766349792,0.8130000233650208,1022270208.0,867125184.0,610349.375
2024-10-10,0.8130000233650208,0.8379999995231628,0.8009999990463257,0.8140000104904175,684898240.0,562557312.0,610349.375
2024-10-11,0.8069999814033508,0.8069999814033508,0.765999972820282,0.7760000228881836,498648800.0,390383648.0,610349.375
2024-10-14,0.7770000100135803,0.7950000166893005,0.765999972820282,0.7900000214576721,604029504.0,471639616.0,610349.375
2024-10-15,0.7789999842643738,0.7919999957084656,0.7689999938011169,0.7699999809265137,467894464.0,364870816.0,610349.375
2024-10-16,0.7580000162124634,0.7639999985694885,0.7450000047683716,0.75,410463424.0,309861920.0,610349.375
2024-10-17,0.753000020980835,0.7580000162124634,0.7379999756813049,0.7390000224113464,378394112.0,283307456.0,610349.375
2024-10-18,0.7360000014305115,0.7929999828338623,0.734000027179718,0.7730000019073486,747309120.0,566410880.0,610349.375
2024-10-21,0.7820000052452087,0.8220000267028809,0.7820000052452087,0.800000011920929,1065398272.0,852112064.0,610349.375
2024-10-22,0.7879999876022339,0.8259999752044678,0.777999997138977,0.8190000057220459,1354902144.0,1090829824.0,610349.375
2024-10-23,0.8149999976158142,0.8889999985694885,0.8090000152587891,0.8610000014305115,2776579328.0,2378372352.0,610349.375
2024-10-24,0.8529999852180481,0.8539999723434448,0.8270000219345093,0.8289999961853027,1287524224.0,1079095936.0,610349.375
2024-10-25,0.8270000219345093,0.9120000004768372,0.8270000219345093,0.9049999713897705,3028648448.0,2692523776.0,610349.375
2024-10-28,0.9049999713897705,0.9049999713897705,0.8700000047683716,0.890999972820282,2069967488.0,1830386048.0,610349.375
2024-10-29,0.9120000004768372,0.9300000071525574,0.8659999966621399,0.8659999966621399,1607212544.0,1433557888.0,610349.375
2024-10-30,0.8519999980926514,0.8870000243186951,0.847000002861023,0.8759999871253967,954678400.0,834811008.0,610349.375
2024-10-31,0.8989999890327454,0.9190000295639038,0.8880000114440918,0.9049999713897705,1177790848.0,1065982336.0,610349.375
2024-11-01,0.9039999842643738,0.906000018119812,0.8700000047683716,0.878000020980835,882876608.0,783245120.0,610349.375
2024-11-04,0.8730000257492065,0.8939999938011169,0.8709999918937683,0.8849999904632568,730775168.0,646686208.0,610349.375
2024-11-05,0.8859999775886536,0.906000018119812,0.8730000257492065,0.9049999713897705,991492608.0,887747328.0,610349.375
2024-11-06,0.9049999713897705,0.9259999990463257,0.8880000114440918,0.8949999809265137,1159915776.0,1051465152.0,610349.375
2024-11-07,0.8700000047683716,0.890999972820282,0.8529999852180481,0.8889999985694885,1170861312.0,1019672576.0,610349.375
2024-11-08,0.8920000195503235,0.906000018119812,0.8889999985694885,0.8939999938011169,1084697472.0,974180352.0,610349.375
2024-11-11,0.8870000243186951,0.9200000166893005,0.8820000290870667,0.9160000085830688,876951616.0,795946240.0,610349.375
2024-11-12,0.9190000295639038,0.9350000023841858,0.8949999809265137,0.9020000100135803,923277376.0,848645248.0,610349.375
2024-11-13,0.8949999809265137,0.9089999794960022,0.8889999985694885,0.9079999923706055,619273024.0,556749376.0,610349.375
2024-11-14,0.9100000262260437,0.9150000214576721,0.8799999952316284,0.8820000290870667,566825664.0,509851232.0,610349.375
2024-11-15,0.878000020980835,0.8859999775886536,0.8500000238418579,0.8510000109672546,778649088.0,675475584.0,610349.375
2024-11-18,0.8450000286102295,0.8560000061988831,0.828000009059906,0.8330000042915344,482347104.0,406039264.0,610349.375
2024-11-19,0.8399999737739563,0.8569999933242798,0.8289999961853027,0.8569999933242798,450825888.0,381647584.0,610349.375
2024-11-20,0.8539999723434448,0.8560000061988831,0.8420000076293945,0.8529999852180481,416476192.0,353834272.0,610349.375
2024-11-21,0.8669999837875366,0.871999979019165,0.8460000157356262,0.8529999852180481,531444512.0,455063616.0,610349.375
2024-11-22,0.8460000157356262,0.8479999899864197,0.8140000104904175,0.8149999976158142,463768800.0,386523744.0,610349.375
2024-11-25,0.8100000023841858,0.8209999799728394,0.8069999814033508,0.8180000185966492,339116000.0,276147488.0,610349.375
2024-11-26,0.8199999928474426,0.8370000123977661,0.8130000233650208,0.8159999847412109,482270944.0,397200864.0,610349.375
2024-11-27,0.8130000233650208,0.8349999785423279,0.8050000071525574,0.8339999914169312,367508448.0,300894752.0,610349.375
2024-11-28,0.8320000171661377,0.843999981880188,0.828000009059906,0.8309999704360962,360508128.0,301287520.0,610349.375
2024-11-29,0.8299999833106995,0.8479999899864197,0.824999988079071,0.8420000076293945,432991616.0,363151712.0,610349.375
2024-12-02,0.8299999833106995,0.847000002861023,0.8180000185966492,0.8460000157356262,453405184.0,379093984.0,610349.375
2024-12-03,0.847000002861023,0.8519999980926514,0.8370000123977661,0.847000002861023,464533984.0,391795392.0,610349.375
2024-12-04,0.843999981880188,0.8450000286102295,0.8199999928474426,0.8230000138282776,432792896.0,358809440.0,610349.375
2024-12-05,0.8220000267028809,0.824999988079071,0.8159999847412109,0.8230000138282776,348725088.0,286230720.0,610349.375
2024-12-06,0.8220000267028809,0.828000009059906,0.8019999861717224,0.8270000219345093,663909888.0,541181440.0,610349.375
2024-12-09,0.8240000009536743,0.824999988079071,0.8109999895095825,0.8149999976158142,392347584.0,320747072.0,610349.375
2024-12-10,0.8360000252723694,0.8399999737739563,0.8149999976158142,0.8169999718666077,434647104.0,359405408.0,610349.375
2024-12-11,0.8169999718666077,0.8240000009536743,0.8140000104904175,0.8220000267028809,249676896.0,204744704.0,610349.375
2024-12-12,0.8230000138282776,0.828000009059906,0.8149999976158142,0.824999988079071,263024608.0,215996848.0,610349.375
2024-12-13,0.8209999799728394,0.8220000267028809,0.8009999990463257,0.8019999861717224,402380416.0,325495840.0,610349.375
2024-12-16,0.8009999990463257,0.8029999732971191,0.7850000262260437,0.7889999747276306,293935296.0,232494560.0,610349.375
2024-12-17,0.7870000004768372,0.7940000295639038,0.7820000052452087,0.7839999794960022,266631904.0,209951392.0,610349.375
2024-12-18,0.7860000133514404,0.7889999747276306,0.7799999713897705,0.7829999923706055,263750304.0,206674496.0,610349.375
2024-12-19,0.7749999761581421,0.7820000052452087,0.7699999809265137,0.781000018119812,319320608.0,247954912.0,610349.375
2024-12-20,0.781000018119812,0.7839999794960022,0.7749999761581421,0.7760000228881836,297894592.0,231954016.0,610349.375
2024-12-23,0.7760000228881836,0.7919999957084656,0.7749999761581421,0.7770000100135803,489832000.0,383613920.0,610349.375
2024-12-24,0.777999997138977,0.7929999828338623,0.7770000100135803,0.7889999747276306,418060224.0,329376768.0,610349.375
2024-12-25,0.7960000038146973,0.7979999780654907,0.777999997138977,0.7829999923706055,501055488.0,392996320.0,610349.375
2024-12-26,0.7850000262260437,0.7860000133514404,0.7789999842643738,0.7829999923706055,359974496.0,281716960.0,610349.375
2024-12-27,0.7789999842643738,0.7870000004768372,0.7739999890327454,0.7770000100135803,465782624.0,363241664.0,610349.375
2024-12-30,0.7739999890327454,0.781000018119812,0.7710000276565552,0.777999997138977,357432608.0,277452352.0,610349.375
2024-12-31,0.7770000100135803,0.7860000133514404,0.7559999823570251,0.7570000290870667,522265312.0,401068224.0,610349.375
2025-01-02,0.7570000290870667,0.7599999904632568,0.7329999804496765,0.7390000224113464,428615904.0,320218304.0,610349.375
2025-01-03,0.7419999837875366,0.7450000047683716,0.7200000286102295,0.7210000157356262,421530592.0,309162464.0,610349.375
2025-01-06,0.7210000157356262,0.734000027179718,0.7170000076293945,0.7250000238418579,398886912.0,289615808.0,610349.375
2025-01-07,0.7239999771118164,0.7300000190734863,0.718999981880188,0.7279999852180481,295362400.0,214037392.0,610349.375
2025-01-08,0.7279999852180481,0.7329999804496765,0.7120000123977661,0.7269999980926514,326373408.0,236302368.0,610349.375
2025-01-09,0.722000002861023,0.7360000014305115,0.7210000157356262,0.7229999899864197,342307296.0,249040480.0,610349.375
2025-01-10,0.722000002861023,0.7229999899864197,0.6980000138282776,0.6980000138282776,464250912.0,329110016.0,610349.375
2025-01-13,0.6949999928474426,0.7070000171661377,0.6919999718666077,0.699999988079071,291208704.0,203969712.0,610349.375
2025-01-14,0.7020000219345093,0.7269999980926514,0.6990000009536743,0.7250000238418579,448054336.0,320268128.0,610349.375
2025-01-15,0.7239999771118164,0.7419999837875366,0.7139999866485596,0.7310000061988831,597409216.0,434752928.0,610349.375
2025-01-16,0.7279999852180481,0.7459999918937683,0.7279999852180481,0.7379999756813049,445527008.0,328307072.0,610349.375
2025-01-17,0.7329999804496765,0.7419999837875366,0.7289999723434448,0.7360000014305115,310062784.0,227996544.0,610349.375
2025-01-20,0.7390000224113464,0.7480000257492065,0.7379999756813049,0.7400000095367432,332771904.0,247211248.0,610349.375
2025-01-21,0.7429999709129333,0.7450000047683716,0.7260000109672546,0.7300000190734863,316063200.0,230952832.0,610349.375
2025-01-22,0.7260000109672546,0.7269999980926514,0.7149999737739563,0.718999981880188,277926784.0,200165184.0,610349.375
2025-01-23,0.7250000238418579,0.7310000061988831,0.7160000205039978,0.7170000076293945,328954208.0,238274928.0,610349.375
2025-01-24,0.7160000205039978,0.7310000061988831,0.7120000123977661,0.7289999723434448,424138592.0,307995072.0,610349.375
2025-01-27,0.7269999980926514,0.734000027179718,0.7160000205039978,0.7160000205039978,259101600.0,187325264.0,610349.375
2025-02-05,0.718999981880188,0.7250000238418579,0.7089999914169312,0.7149999737739563,266856368.0,191152176.0,610349.375
2025-02-06,0.7139999866485596,0.7350000143051147,0.7089999914169312,0.7329999804496765,494021312.0,355893472.0,610349.375
2025-02-07,0.7310000061988831,0.7689999938011169,0.7289999723434448,0.7590000033378601,1095007232.0,825162240.0,610349.375
2025-02-10,0.7559999823570251,0.7580000162124634,0.7409999966621399,0.7519999742507935,942014592.0,702859200.0,610349.375
2025-02-11,0.75,0.7509999871253967,0.7329999804496765,0.7369999885559082,589082944.0,434572320.0,610349.375
2025-02-12,0.7360000014305115,0.7429999709129333,0.7300000190734863,0.7429999709129333,513176992.0,377860704.0,610349.375
2025-02-13,0.7409999966621399,0.7419999837875366,0.7319999933242798,0.7329999804496765,617215872.0,455430816.0,610349.375
2025-02-14,0.7329999804496765,0.7419999837875366,0.7310000061988831,0.7379999756813049,513636032.0,378900480.0,610349.375
2025-02-17,0.7390000224113464,0.7459999918937683,0.734000027179718,0.7450000047683716,574298368.0,425107264.0,610349.375
2025-02-18,0.7450000047683716,0.753000020980835,0.7279999852180481,0.7300000190734863,718286080.0,533600864.0,610349.375
2025-02-19,0.7250000238418579,0.7419999837875366,0.7239999771118164,0.7409999966621399,615100416.0,451634208.0,610349.375
2025-02-20,0.7390000224113464,0.7390000224113464,0.7289999723434448,0.734000027179718,473363904.0,347112544.0,610349.375
2025-02-21,0.734000027179718,0.7409999966621399,0.7260000109672546,0.7409999966621399,549049024.0,403741216.0,610349.375
2025-02-24,0.7379999756813049,0.7480000257492065,0.7319999933242798,0.746999979019165,730967808.0,543181888.0,610349.375
2025-02-25,0.7400000095367432,0.753000020980835,0.7360000014305115,0.746999979019165,634017024.0,473344576.0,610349.375
2025-02-26,0.7480000257492065,0.7720000147819519,0.7480000257492065,0.7710000276565552,1385702912.0,1054433728.0,610349.375
2025-02-27,0.7710000276565552,0.7710000276565552,0.7509999871253967,0.7599999904632568,940301440.0,714612992.0,610349.375
2025-02-28,0.7580000162124634,0.765999972820282,0.7429999709129333,0.7459999918937683,1002945344.0,759855872.0,610349.375
2025-03-03,0.7450000047683716,0.7630000114440918,0.7450000047683716,0.7519999742507935,990965504.0,748840512.0,610349.375
2025-03-04,0.7450000047683716,0.7509999871253967,0.7379999756813049,0.75,578083392.0,430556800.0,610349.375
2025-03-05,0.7490000128746033,0.7490000128746033,0.7319999933242798,0.7369999885559082,757908224.0,558300160.0,610349.375
2025-03-06,0.7390000224113464,0.7519999742507935,0.7360000014305115,0.7509999871253967,756756672.0,563862976.0,610349.375
2025-03-07,0.746999979019165,0.753000020980835,0.7369999885559082,0.7440000176429749,828737536.0,616830080.0,610349.375
2025-03-10,0.7440000176429749,0.753000020980835,0.7419999837875366,0.7490000128746033,521643392.0,389875392.0,610349.375
2025-03-11,0.7419999837875366,0.7509999871253967,0.7369999885559082,0.7509999871253967,832573376.0,619284672.0,610349.375
2025-03-12,0.7519999742507935,0.7559999823570251,0.7490000128746033,0.7509999871253967,511272384.0,384783808.0,610349.375
2025-03-13,0.7509999871253967,0.7540000081062317,0.7390000224113464,0.7440000176429749,519797088.0,387580256.0,610349.375
2025-03-14,0.7440000176429749,0.7599999904632568,0.7409999966621399,0.7580000162124634,711294336.0,536085056.0,610349.375
2025-03-17,0.7620000243186951,0.7699999809265137,0.7590000033378601,0.7620000243186951,840952128.0,642499968.0,610349.375
2025-03-18,0.7630000114440918,0.7670000195503235,0.7599999904632568,0.7670000195503235,543340480.0,415349376.0,610349.375
2025-03-19,0.7639999985694885,0.7689999938011169,0.7549999952316284,0.7609999775886536,730585920.0,555355008.0,610349.375
2025-03-20,0.7599999904632568,0.7620000243186951,0.7519999742507935,0.753000020980835,474204192.0,358966528.0,610349.375
2025-03-21,0.7519999742507935,0.7580000162124634,0.7429999709129333,0.7440000176429749,673127296.0,504765664.0,610349.375
2025-03-24,0.7440000176429749,0.7480000257492065,0.7310000061988831,0.7400000095367432,523881888.0,386984000.0,610349.375
2025-03-25,0.7400000095367432,0.753000020980835,0.7390000224113464,0.7480000257492065,776654528.0,580293888.0,610349.375
2025-03-26,0.7450000047683716,0.7649999856948853,0.7429999709129333,0.7559999823570251,958100736.0,724641600.0,610349.375
2025-03-27,0.7540000081062317,0.7540000081062317,0.7419999837875366,0.7450000047683716,559892096.0,418022432.0,610349.375
2025-03-28,0.7459999918937683,0.7540000081062317,0.7369999885559082,0.7379999756813049,510014816.0,379381664.0,610349.375
2025-03-31,0.7360000014305115,0.7369999885559082,0.7120000123977661,0.7160000205039978,626970304.0,452869120.0,610349.375
2025-04-01,0.7160000205039978,0.7319999933242798,0.7149999737739563,0.7250000238418579,449797472.0,325975072.0,610349.375
2025-04-02,0.7229999899864197,0.7289999723434448,0.718999981880188,0.7229999899864197,320723584.0,232249904.0,610349.375
2025-04-03,0.7160000205039978,0.718999981880188,0.7049999833106995,0.7080000042915344,662357120.0,470406944.0,610349.375
2025-04-07,0.6690000295639038,0.6690000295639038,0.6370000243186951,0.6370000243186951,559269312.0,361424128.0,610349.375
2025-04-08,0.6309999823570251,0.6380000114440918,0.6169999837875366,0.6259999871253967,800254528.0,500825536.0,610349.375
2025-04-09,0.6150000095367432,0.6340000033378601,0.5989999771118164,0.6309999823570251,570700288.0,353796288.0,610349.375
2025-04-10,0.6520000100135803,0.6579999923706055,0.6460000276565552,0.6480000019073486,633526656.0,412809504.0,610349.375
2025-04-11,0.6430000066757202,0.6549999713897705,0.6420000195503235,0.6499999761581421,326859104.0,212044032.0,610349.375
2025-04-14,0.6570000052452087,0.6610000133514404,0.652999997138977,0.6539999842643738,315727392.0,207520448.0,610349.375
2025-04-15,0.6539999842643738,0.6549999713897705,0.6460000276565552,0.6510000228881836,224225392.0,145515424.0,610349.375
2025-04-16,0.6480000019073486,0.6480000019073486,0.6349999904632568,0.6449999809265137,305624512.0,195986576.0,610349.375
2025-04-17,0.6420000195503235,0.6489999890327454,0.640999972820282,0.6439999938011169,255977792.0,165264960.0,610349.375
2025-04-18,0.6430000066757202,0.6439999938011169,0.6380000114440918,0.6420000195503235,258613904.0,165680656.0,610349.375
2025-04-21,0.6420000195503235,0.6449999809265137,0.6359999775886536,0.6449999809265137,235429792.0,151168784.0,610349.375
2025-04-22,0.6430000066757202,0.6470000147819519,0.6389999985694885,0.6430000066757202,359219392.0,230815392.0,610349.375
2025-04-23,0.6449999809265137,0.6520000100135803,0.6420000195503235,0.6460000276565552,472364800.0,305218784.0,610349.375
2025-04-24,0.6449999809265137,0.6470000147819519,0.6370000243186951,0.6389999985694885,372491712.0,238791904.0,610349.375
2025-04-25,0.6389999985694885,0.6470000147819519,0.6380000114440918,0.6430000066757202,368638304.0,237165536.0,610349.375
2025-04-28,0.6449999809265137,0.6499999761581421,0.6420000195503235,0.6430000066757202,326623840.0,210847648.0,610349.375
2025-04-29,0.6430000066757202,0.6480000019073486,0.6399999856948853,0.640999972820282,250936400.0,161500928.0,610349.375
2025-04-30,0.6389999985694885,0.6480000019073486,0.6380000114440918,0.6420000195503235,281586560.0,181403872.0,610349.375
2025-05-06,0.6449999809265137,0.6579999923706055,0.6439999938011169,0.6579999923706055,420716192.0,274459008.0,610349.375
2025-05-07,0.6660000085830688,0.6679999828338623,0.6539999842643738,0.6579999923706055,358602592.0,236753760.0,610349.375
2025-05-08,0.6570000052452087,0.671999990940094,0.656000018119812,0.6700000166893005,596758528.0,398058272.0,610349.375
2025-05-09,0.6700000166893005,0.6700000166893005,0.656000018119812,0.6589999794960022,326667936.0,215533552.0,610349.375
2025-05-12,0.6639999747276306,0.6779999732971191,0.6639999747276306,0.6769999861717224,1035995584.0,697968960.0,610349.375
2025-05-13,0.6850000023841858,0.703000009059906,0.6819999814033508,0.6869999766349792,1458201600.0,1009240384.0,610349.375
2025-05-14,0.6830000281333923,0.6840000152587891,0.6729999780654907,0.6809999942779541,617026560.0,418277536.0,610349.375
2025-05-15,0.6790000200271606,0.6790000200271606,0.6639999747276306,0.6660000085830688,491840512.0,328923840.0,610349.375
2025-05-16,0.6650000214576721,0.6729999780654907,0.6639999747276306,0.6679999828338623,318218208.0,212872144.0,610349.375
2025-05-19,0.6669999957084656,0.6669999957084656,0.6589999794960022,0.6669999957084656,222977296.0,148079600.0,610349.375
2025-05-20,0.6669999957084656,0.6679999828338623,0.6610000133514404,0.6669999957084656,310664384.0,206542496.0,610349.375
2025-05-21,0.6669999957084656,0.6700000166893005,0.6650000214576721,0.6660000085830688,234560704.0,156460336.0,610349.375
2025-05-22,0.6639999747276306,0.6669999957084656,0.6579999923706055,0.6589999794960022,301276192.0,199278016.0,610349.375
2025-05-23,0.6579999923706055,0.6620000004768372,0.6489999890327454,0.6510000228881836,395556096.0,259289968.0,610349.375
2025-05-26,0.6499999761581421,0.656000018119812,0.6489999890327454,0.6520000100135803,232805600.0,151920528.0,610349.375
2025-05-27,0.6520000100135803,0.652999997138977,0.6430000066757202,0.6470000147819519,261591200.0,169010112.0,610349.375
2025-05-28,0.6470000147819519,0.6480000019073486,0.6399999856948853,0.6420000195503235,190904992.0,122777368.0,610349.375
2025-05-29,0.6420000195503235,0.6480000019073486,0.6420000195503235,0.6480000019073486,245584000.0,158711456.0,610349.375
2025-05-30,0.6470000147819519,0.6470000147819519,0.6389999985694885,0.6399999856948853,258723440.0,165840064.0,610349.375
2025-06-03,0.6380000114440918,0.6399999856948853,0.6349999904632568,0.6380000114440918,276882304.0,176608160.0,610349.375
2025-06-04,0.6399999856948853,0.6460000276565552,0.6389999985694885,0.6449999809265137,313366624.0,201675264.0,610349.375
2025-06-05,0.6460000276565552,0.6489999890327454,0.640999972820282,0.6489999890327454,348474336.0,224970176.0,610349.375
2025-06-06,0.6489999890327454,0.6499999761581421,0.6449999809265137,0.6470000147819519,209210496.0,135378208.0,610349.375
2025-06-09,0.6470000147819519,0.6549999713897705,0.6449999809265137,0.6549999713897705,441205920.0,287610240.0,610349.375
2025-06-10,0.6549999713897705,0.6570000052452087,0.6439999938011169,0.6480000019073486,428433376.0,278979840.0,610349.375
2025-06-11,0.6480000019073486,0.6579999923706055,0.6470000147819519,0.656000018119812,368829184.0,241765472.0,610349.375
2025-06-12,0.6539999842643738,0.6549999713897705,0.6499999761581421,0.652999997138977,229910288.0,149957648.0,610349.375
2025-06-13,0.6520000100135803,0.652999997138977,0.6420000195503235,0.6430000066757202,330391296.0,213437088.0,610349.375
2025-06-16,0.6420000195503235,0.6489999890327454,0.640999972820282,0.6460000276565552,285370496.0,184223856.0,610349.375
2025-06-17,0.6470000147819519,0.6480000019073486,0.6420000195503235,0.6460000276565552,326791392.0,210611424.0,610349.375
2025-06-18,0.6449999809265137,0.6510000228881836,0.6439999938011169,0.6480000019073486,223934512.0,145220480.0,610349.375
2025-06-19,0.6470000147819519,0.6499999761581421,0.6349999904632568,0.6370000243186951,398688160.0,255667968.0,610349.375
2025-06-20,0.6380000114440918,0.6499999761581421,0.6370000243186951,0.6389999985694885,446959328.0,287965312.0,610349.375
2025-06-23,0.6349999904632568,0.6430000066757202,0.6320000290870667,0.6420000195503235,339088800.0,216546928.0,610349.375
2025-06-24,0.6420000195503235,0.652999997138977,0.640999972820282,0.6520000100135803,411217696.0,266737936.0,610349.375
2025-06-25,0.652999997138977,0.6589999794960022,0.6470000147819519,0.6589999794960022,623268480.0,407260800.0,610349.375
2025-06-26,0.6579999923706055,0.6620000004768372,0.6510000228881836,0.6520000100135803,412887744.0,271127360.0,610349.375
2025-06-27,0.652999997138977,0.6620000004768372,0.652999997138977,0.6579999923706055,954908480.0,629204096.0,610349.375
2025-06-30,0.6639999747276306,0.6740000247955322,0.6639999747276306,0.6740000247955322,1073525504.0,718621056.0,610349.375
2025-07-01,0.671999990940094,0.6729999780654907,0.6650000214576721,0.6710000038146973,918419328.0,614618368.0,610349.375
2025-07-02,0.6729999780654907,0.6919999718666077,0.671999990940094,0.6899999976158142,1743968384.0,1190474240.0,610349.375
2025-07-03,0.6880000233650208,0.6940000057220459,0.6809999942779541,0.6909999847412109,915069888.0,630167488.0,610349.375
2025-07-04,0.6980000138282776,0.699999988079071,0.6840000152587891,0.6869999766349792,1031567680.0,711032896.0,610349.375
2025-07-07,0.6830000281333923,0.6890000104904175,0.6819999814033508,0.6840000152587891,480820704.0,328806816.0,610349.375
2025-07-08,0.6850000023841858,0.7229999899864197,0.6830000281333923,0.7200000286102295,2043098880.0,1454714624.0,610349.375
2025-07-09,0.7170000076293945,0.7250000238418579,0.7139999866485596,0.7149999737739563,1214272512.0,872780288.0,610349.375
2025-07-10,0.7149999737739563,0.7390000224113464,0.7149999737739563,0.7289999723434448,1424569472.0,1038944640.0,610349.375
2025-07-11,0.7300000190734863,0.7329999804496765,0.7229999899864197,0.7260000109672546,1187525632.0,863413056.0,610349.375
2025-07-14,0.7250000238418579,0.7300000190734863,0.7210000157356262,0.7250000238418579,857235648.0,621936064.0,610349.375
2025-07-15,0.722000002861023,0.7279999852180481,0.7099999785423279,0.7170000076293945,843809472.0,605535040.0,610349.375
2025-07-16,0.7160000205039978,0.7179999947547913,0.7089999914169312,0.7179999947547913,1054991360.0,753201536.0,610349.375
2025-07-17,0.7229999899864197,0.7300000190734863,0.7170000076293945,0.7239999771118164,1256177152.0,908940608.0,610349.375
2025-07-18,0.7250000238418579,0.7329999804496765,0.7149999737739563,0.718999981880188,815632192.0,587606848.0,610349.375
2025-07-21,0.7179999947547913,0.7300000190734863,0.7179999947547913,0.7300000190734863,870003520.0,631395904.0,610349.375
2025-07-22,0.7300000190734863,0.75,0.7239999771118164,0.7490000128746033,1693168256.0,1254312960.0,610349.375
2025-07-23,0.7540000081062317,0.7559999823570251,0.7360000014305115,0.7369999885559082,1349058176.0,1005858560.0,610349.375
2025-07-24,0.7329999804496765,0.7540000081062317,0.7310000061988831,0.7540000081062317,957599808.0,712753536.0,610349.375
2025-07-25,0.7540000081062317,0.7540000081062317,0.7419999837875366,0.7450000047683716,977842048.0,729823360.0,610349.375
2025-07-28,0.7390000224113464,0.7440000176429749,0.7329999804496765,0.7379999756813049,914926720.0,675431744.0,610349.375
2025-07-29,0.7360000014305115,0.7490000128746033,0.7310000061988831,0.7480000257492065,952642368.0,704409856.0,610349.375
2025-07-30,0.7459999918937683,0.753000020980835,0.7360000014305115,0.7390000224113464,1083182592.0,805476544.0,610349.375
2025-07-31,0.7350000143051147,0.7400000095367432,0.7120000123977661,0.7160000205039978,2053606912.0,1485666176.0,610349.375
2025-08-01,0.7160000205039978,0.7369999885559082,0.7160000205039978,0.7289999723434448,1070474048.0,779801472.0,610349.375
2025-08-04,0.7239999771118164,0.7239999771118164,0.7149999737739563,0.7229999899864197,510294912.0,366688608.0,610349.375
2025-08-05,0.7229999899864197,0.7310000061988831,0.722000002861023,0.7300000190734863,425672288.0,309241568.0,610349.375
2025-08-06,0.7289999723434448,0.7350000143051147,0.7260000109672546,0.7329999804496765,597741248.0,436567776.0,610349.375
2025-08-07,0.7329999804496765,0.7350000143051147,0.7210000157356262,0.7269999980926514,500904000.0,363856608.0,610349.375
2025-08-08,0.7250000238418579,0.7440000176429749,0.7229999899864197,0.7319999933242798,885096064.0,650972992.0,610349.375
2025-08-11,0.7350000143051147,0.7519999742507935,0.734000027179718,0.7490000128746033,885496448.0,658856512.0,610349.375
2025-08-12,0.7480000257492065,0.7480000257492065,0.7369999885559082,0.746999979019165,651735360.0,483943232.0,610349.375
2025-08-13,0.7480000257492065,0.7590000033378601,0.7450000047683716,0.7570000290870667,835219008.0,627521920.0,610349.375
2025-08-14,0.7570000290870667,0.7580000162124634,0.7400000095367432,0.7459999918937683,952744896.0,715098176.0,610349.375
2025-08-15,0.7419999837875366,0.777999997138977,0.7419999837875366,0.7760000228881836,1278348672.0,979156352.0,610349.375
2025-08-18,0.7799999713897705,0.7929999828338623,0.7770000100135803,0.7850000262260437,1285781504.0,1009567936.0,610349.375
2025-08-19,0.7860000133514404,0.7940000295639038,0.777999997138977,0.7829999923706055,712740416.0,560500992.0,610349.375
2025-08-20,0.7870000004768372,0.7910000085830688,0.7730000019073486,0.7889999747276306,926324928.0,725175168.0,610349.375
2025-08-21,0.7870000004768372,0.7950000166893005,0.7839999794960022,0.7879999876022339,983720192.0,777309184.0,610349.375
2025-08-22,0.7860000133514404,0.8090000152587891,0.7839999794960022,0.8080000281333923,1191394944.0,953929792.0,610349.375
2025-08-25,0.8130000233650208,0.8299999833106995,0.8119999766349792,0.8259999752044678,1102231040.0,903818752.0,610349.375
2025-08-26,0.8259999752044678,0.8299999833106995,0.8130000233650208,0.8190000057220459,668223424.0,548945664.0,610349.375
2025-08-27,0.8159999847412109,0.8289999961853027,0.8009999990463257,0.8009999990463257,893819712.0,731229248.0,610349.375
2025-08-28,0.7979999780654907,0.8270000219345093,0.7979999780654907,0.8270000219345093,1309049856.0,1067949824.0,610349.375
2025-08-29,0.828000009059906,0.8399999737739563,0.8199999928474426,0.8309999704360962,1370580864.0,1137160832.0,610349.375
2025-09-01,0.8320000171661377,0.8379999995231628,0.8199999928474426,0.8360000252723694,1205144576.0,1000156992.0,610349.375
2025-09-02,0.8370000123977661,0.8539999723434448,0.8140000104904175,0.8190000057220459,1265121664.0,1053019456.0,610349.375
2025-09-03,0.8230000138282776,0.8500000238418579,0.8180000185966492,0.8410000205039978,1455459200.0,1214720256.0,610349.375
2025-09-04,0.847000002861023,0.8799999952316284,0.8320000171661377,0.8460000157356262,2287078144.0,1963485440.0,610349.375
2025-09-05,0.8429999947547913,0.9129999876022339,0.8429999947547913,0.9110000133514404,2251862528.0,1994486656.0,610349.375
2025-09-08,0.9210000038146973,0.9259999990463257,0.8999999761581421,0.9129999876022339,1777165824.0,1616314368.0,610349.375
2025-09-09,0.8999999761581421,0.9089999794960022,0.8859999775886536,0.890999972820282,1101225472.0,986898112.0,610349.375
2025-09-10,0.8820000290870667,0.8849999904632568,0.8619999885559082,0.875,1879327616.0,1638919296.0,610349.375
2025-09-11,0.8690000176429749,0.9039999842643738,0.8669999837875366,0.902999997138977,1416082176.0,1255859328.0,610349.375
2025-09-12,0.9020000100135803,0.9079999923706055,0.8889999985694885,0.8920000195503235,1356779648.0,1216076672.0,610349.375
2025-09-15,0.8920000195503235,0.9160000085830688,0.8920000195503235,0.8949999809265137,1048614016.0,947953216.0,610349.375
2025-09-16,0.8949999809265137,0.9089999794960022,0.8820000290870667,0.8989999890327454,826248640.0,739596992.0,610349.375
2025-09-17,0.8980000019073486,0.9169999957084656,0.8899999856948853,0.9120000004768372,1055993856.0,958996160.0,610349.375
2025-09-18,0.9120000004768372,0.9160000085830688,0.8840000033378601,0.8970000147819519,1139285248.0,1029060672.0,610349.375
2025-09-19,0.8920000195503235,0.9010000228881836,0.8870000243186951,0.8899999856948853,707912576.0,633343040.0,610349.375
2025-09-22,0.8889999985694885,0.890999972820282,0.871999979019165,0.8820000290870667,809948992.0,711656064.0,610349.375
2025-09-23,0.8820000290870667,0.8970000147819519,0.8640000224113464,0.8849999904632568,890259520.0,782622720.0,610349.375
2025-09-24,0.8820000290870667,0.9200000166893005,0.878000020980835,0.9179999828338623,1125135360.0,1017053824.0,610349.375
2025-09-25,0.9200000166893005,0.9430000185966492,0.9160000085830688,0.9340000152587891,836117568.0,779857024.0,610349.375
2025-09-26,0.9300000071525574,0.9409999847412109,0.9229999780654907,0.9240000247955322,549650304.0,511233600.0,610349.375
2025-09-29,0.9300000071525574,0.953000009059906,0.9269999861717224,0.9419999718666077,698502272.0,656938688.0,610349.375
2025-09-30,0.9419999718666077,0.9629999995231628,0.9390000104904175,0.9539999961853027,520598560.0,496201216.0,610349.375
2025-10-09,0.9570000171661377,0.9940000176429749,0.9570000171661377,0.9819999933242798,758704704.0,742240384.0,610349.375
2025-10-10,0.9760000109672546,0.9800000190734863,0.9330000281333923,0.9399999976158142,694459904.0,662869568.0,610349.375
2025-10-13,0.8999999761581421,0.9279999732971191,0.8980000019073486,0.9229999780654907,722840448.0,659757440.0,610349.375
2025-10-14,0.9300000071525574,0.9800000190734863,0.9259999990463257,0.9319999814033508,1614079744.0,1540594432.0,610349.375
2025-10-15,0.9259999990463257,0.9589999914169312,0.9120000004768372,0.9580000042915344,1248678784.0,1173550080.0,610349.375
2025-10-16,0.953000009059906,0.9739999771118164,0.9490000009536743,0.9679999947547913,1037836288.0,1000064832.0,610349.375
2025-10-17,0.9589999914169312,0.9649999737739563,0.9070000052452087,0.9120000004768372,1118866304.0,1036301120.0,610349.375
2025-10-20,0.9190000295639038,0.9290000200271606,0.9070000052452087,0.9129999876022339,741814336.0,681075712.0,610349.375
2025-10-21,0.9150000214576721,0.9309999942779541,0.9089999794960022,0.925000011920929,451456864.0,416337952.0,610349.375
2025-10-22,0.9190000295639038,0.9240000247955322,0.906000018119812,0.9089999794960022,540286464.0,491980864.0,610349.375
2025-10-23,0.9039999842643738,0.9169999957084656,0.8889999985694885,0.9169999957084656,696332992.0,629191232.0,610349.375
2025-10-24,0.9200000166893005,0.9359999895095825,0.9190000295639038,0.9330000281333923,516391520.0,480114688.0,610349.375
2025-10-27,0.9399999976158142,0.9520000219345093,0.9290000200271606,0.9409999847412109,560433536.0,526896128.0,610349.375
2025-10-28,0.9409999847412109,0.9449999928474426,0.9279999732971191,0.9330000281333923,424707424.0,397943712.0,610349.375
2025-10-29,0.9350000023841858,1.0160000324249268,0.9350000023841858,1.0099999904632568,1828481152.0,1803405824.0,610349.375
2025-10-30,1.0080000162124634,1.027999997138977,1.003999948501587,1.0069999694824219,1241882752.0,1262522112.0,610349.375
2025-10-31,1.0,1.0290000438690186,0.9900000095367432,0.9940000176429749,1061004800.0,1069793536.0,610349.375
2025-11-03,0.9980000257492065,1.0299999713897705,0.9900000095367432,1.0290000438690186,1197576192.0,1213260416.0,610349.375
2025-11-04,1.0329999923706055,1.034999966621399,0.9959999918937683,1.0019999742507935,875020928.0,885909120.0,610349.375
2025-11-05,0.9819999933242798,1.0540000200271606,0.9800000190734863,1.0479999780654907,1318986624.0,1353284480.0,610349.375
2025-11-06,1.0499999523162842,1.0829999446868896,1.0490000247955322,1.0640000104904175,1259338496.0,1338749184.0,610349.375
2025-11-07,1.0570000410079956,1.090999960899353,1.0499999523162842,1.0800000429153442,1693793920.0,1829923840.0,610349.375
2025-11-10,1.093000054359436,1.0989999771118164,1.0740000009536743,1.0820000171661377,1041079488.0,1129316096.0,610349.375
2025-11-11,1.0889999866485596,1.1069999933242798,1.0720000267028809,1.0770000219345093,837953600.0,912028416.0,610349.375
2025-11-12,1.0640000104904175,1.0729999542236328,1.0149999856948853,1.034999966621399,1616169856.0,1671550336.0,610349.375
2025-11-13,1.034999966621399,1.069000005722046,1.034999966621399,1.0549999475479126,1007936256.0,1061019392.0,610349.375
2025-11-14,1.0399999618530273,1.0820000171661377,1.0329999923706055,1.0449999570846558,1055718720.0,1114581376.0,610349.375
2025-11-17,1.0390000343322754,1.0490000247955322,1.0169999599456787,1.0299999713897705,723411456.0,744447168.0,610349.375
2025-11-18,1.024999976158142,1.0360000133514404,0.9959999918937683,1.003000020980835,949768192.0,958663360.0,610349.375
2025-11-19,1.0010000467300415,1.0119999647140503,0.9869999885559082,1.0019999742507935,605623296.0,604115200.0,610349.375
2025-11-20,1.0089999437332153,1.0119999647140503,0.9800000190734863,0.9819999933242798,656301952.0,654075200.0,610349.375
2025-11-21,0.9599999785423279,0.9670000076293945,0.9259999990463257,0.9279999732971191,856411584.0,806998528.0,610349.375
2025-11-24,0.9340000152587891,0.9369999766349792,0.9169999957084656,0.9269999861717224,646556224.0,599672384.0,610349.375
2025-11-25,0.9390000104904175,0.9589999914169312,0.9340000152587891,0.9440000057220459,720295936.0,680905152.0,610349.375
2025-11-26,0.9459999799728394,0.9660000205039978,0.9359999895095825,0.9520000219345093,595086656.0,566460288.0,610349.375
2025-11-27,0.9539999961853027,0.972000002861023,0.9440000057220459,0.9459999799728394,542375104.0,520195072.0,610349.375
2025-11-28,0.9399999976158142,0.9610000252723694,0.9399999976158142,0.9580000042915344,364295616.0,347199584.0,610349.375
2025-12-01,0.9589999914169312,0.9610000252723694,0.9430000185966492,0.9589999914169312,425290848.0,405216288.0,610349.375
2025-12-02,0.9549999833106995,0.9549999833106995,0.9390000104904175,0.9430000185966492,593377024.0,560859776.0,610349.375
2025-12-03,0.9440000057220459,0.9520000219345093,0.9340000152587891,0.9390000104904175,398937152.0,376008576.0,610349.375
2025-12-04,0.9359999895095825,0.9380000233650208,0.9259999990463257,0.9350000023841858,366924288.0,342063968.0,610349.375
2025-12-05,0.9350000023841858,0.9549999833106995,0.9269999861717224,0.953000009059906,624201664.0,590488192.0,610349.375
2025-12-08,0.953000009059906,0.972000002861023,0.9480000138282776,0.9660000205039978,502551168.0,483695008.0,610349.375
2025-12-09,0.9610000252723694,0.9769999980926514,0.9559999704360962,0.9700000286102295,542584128.0,523728800.0,610349.375
2025-12-10,0.972000002861023,0.972000002861023,0.9419999718666077,0.9580000042915344,461061696.0,439282208.0,610349.375
2025-12-11,0.9559999704360962,0.972000002861023,0.9459999799728394,0.9470000267028809,424969888.0,408521856.0,610349.375
2025-12-12,0.9480000138282776,0.9660000205039978,0.9449999928474426,0.9649999737739563,361946112.0,346432768.0,610349.375
2025-12-15,0.9589999914169312,0.9700000286102295,0.953000009059906,0.9549999833106995,428953568.0,412114400.0,610349.375
2025-12-16,0.949999988079071,0.9520000219345093,0.9210000038146973,0.9269999861717224,611419008.0,568070336.0,610349.375
2025-12-17,0.925000011920929,0.9470000267028809,0.9229999780654907,0.9459999799728394,453592480.0,423158368.0,610349.375
2025-12-18,0.9380000233650208,0.9409999847412109,0.9279999732971191,0.9290000200271606,280169600.0,261756384.0,610349.375
2025-12-19,0.9319999814033508,0.9440000057220459,0.9309999942779541,0.9380000233650208,355491392.0,333418368.0,610349.375
2025-12-22,0.9380000233650208,0.949999988079071,0.9380000233650208,0.9459999799728394,285361568.0,269863040.0,610349.375
2025-12-23,0.9470000267028809,0.9559999704360962,0.9409999847412109,0.949999988079071,334942176.0,317694368.0,610349.375
2025-12-24,0.9470000267028809,0.9660000205039978,0.9380000233650208,0.9639999866485596,649062720.0,622005248.0,610349.375
2025-12-25,0.9599999785423279,0.972000002861023,0.9559999704360962,0.9700000286102295,478730560.0,461813056.0,610349.375
2025-12-26,0.9800000190734863,0.9980000257492065,0.9769999980926514,0.9879999756813049,874356736.0,864156608.0,610349.375
2025-12-29,0.9879999756813049,0.9959999918937683,0.9779999852180481,0.984000027179718,497981952.0,492082656.0,610349.375
2025-12-30,0.9760000109672546,0.9810000061988831,0.9710000157356262,0.972000002861023,365734784.0,356513952.0,610349.375
2025-12-31,0.9729999899864197,0.9769999980926514,0.9599999785423279,0.9620000123977661,328020672.0,316718656.0,610349.375
2026-01-05,0.9660000205039978,0.9810000061988831,0.9660000205039978,0.9779999852180481,414121248.0,403860896.0,610349.375
2026-01-06,0.9789999723434448,1.00600004196167,0.9779999852180481,1.003999948501587,539241728.0,537399936.0,610349.375
2026-01-07,1.003000020980835,1.0110000371932983,0.9959999918937683,1.0089999437332153,472940928.0,474656576.0,610349.375
2026-01-08,1.003999948501587,1.024999976158142,0.9980000257492065,1.0199999809265137,538147840.0,546497792.0,610349.375
2026-01-09,1.0119999647140503,1.034999966621399,1.0099999904632568,1.0180000066757202,784100160.0,799857600.0,610349.375
2026-01-12,1.0130000114440918,1.0440000295639038,1.0119999647140503,1.0369999408721924,1020749312.0,1053085376.0,610349.375
2026-01-13,1.034999966621399,1.0490000247955322,1.0049999952316284,1.031999945640564,903108672.0,922967168.0,610349.375
2026-01-14,1.0360000133514404,1.0720000267028809,1.0260000228881836,1.0360000133514404,1145747328.0,1200489600.0,610349.375
2026-01-15,1.0260000228881836,1.0499999523162842,1.024999976158142,1.0449999570846558,476318528.0,494828256.0,610349.375
2026-01-16,1.0670000314712524,1.0679999589920044,1.0490000247955322,1.0579999685287476,536095264.0,567405632.0,610349.375
2026-01-19,1.0479999780654907,1.0800000429153442,1.0440000295639038,1.0789999961853027,548231296.0,584938816.0,610349.375
2026-01-20,1.0750000476837158,1.0800000429153442,1.0429999828338623,1.0499999523162842,611637440.0,646219392.0,610349.375
2026-01-21,1.0399999618530273,1.0570000410079956,1.034999966621399,1.0449999570846558,518813440.0,543383168.0,610349.375
2026-01-22,1.0440000295639038,1.0640000104904175,1.0410000085830688,1.0579999685287476,461732288.0,485930624.0,610349.375
2026-01-23,1.0670000314712524,1.159999966621399,1.0670000314712524,1.1549999713897705,1779955200.0,2013211776.0,610349.375
2026-01-26,1.156000018119812,1.159000039100647,1.1139999628067017,1.121999979019165,1620108928.0,1843626496.0,610349.375
2026-01-27,1.1019999980926514,1.1380000114440918,1.0820000171661377,1.1299999952316284,958856896.0,1061962112.0,610349.375
2026-01-28,1.1200000047683716,1.125,1.0959999561309814,1.1039999723434448,666184512.0,737697728.0,610349.375
2026-01-29,1.100000023841858,1.1239999532699585,1.0880000591278076,1.093999981880188,652617728.0,720388864.0,610349.375
2026-01-30,1.0809999704360962,1.0920000076293945,1.034999966621399,1.0679999589920044,699727744.0,743588800.0,610349.375
2026-02-02,1.0770000219345093,1.0920000076293945,1.0570000410079956,1.0579999685287476,612130432.0,659041536.0,610349.375
2026-02-03,1.0740000009536743,1.125,1.0740000009536743,1.121999979019165,966850176.0,1068421824.0,610349.375
2026-02-04,1.1160000562667847,1.159999966621399,1.1119999885559082,1.156999945640564,1302188672.0,1479348992.0,610349.375
2026-02-05,1.1430000066757202,1.1430000066757202,1.0880000591278076,1.093999981880188,1009836736.0,1115322624.0,610349.375
2026-02-06,1.0750000476837158,1.11899995803833,1.0679999589920044,1.1019999980926514,701667200.0,769239552.0,610349.375
2026-02-09,1.13100004196167,1.159000039100647,1.1200000047683716,1.1440000534057617,1044984960.0,1195632384.0,610349.375
2026-02-10,1.1339999437332153,1.1440000534057617,1.121000051498413,1.125,713647424.0,805523392.0,610349.375
2026-02-11,1.121000051498413,1.1360000371932983,1.1130000352859497,1.1139999628067017,491277280.0,550634432.0,610349.375
2026-02-12,1.1130000352859497,1.1319999694824219,1.1109999418258667,1.128000020980835,434503520.0,487735392.0,610349.375
2026-02-13,1.1160000562667847,1.11899995803833,1.0920000076293945,1.093999981880188,588970816.0,649959808.0,610349.375
2026-02-24,1.1050000190734863,1.121000051498413,1.1009999513626099,1.1100000143051147,427889600.0,475498112.0,610349.375
2026-02-25,1.1050000190734863,1.128999948501587,1.1039999723434448,1.1230000257492065,492352128.0,549597568.0,610349.375
2026-02-26,1.121000051498413,1.121000051498413,1.1009999513626099,1.1180000305175781,502441920.0,559125248.0,610349.375
2026-02-27,1.1089999675750732,1.1369999647140503,1.1080000400543213,1.1360000371932983,525373728.0,593079040.0,610349.375
2026-03-02,1.11899995803833,1.156999945640564,1.1119999885559082,1.1360000371932983,560368832.0,638102464.0,610349.375
2026-03-03,1.1419999599456787,1.1629999876022339,1.1069999933242798,1.1100000143051147,868960128.0,986382208.0,610349.375
2026-03-04,1.090000033378601,1.128999948501587,1.0789999961853027,1.1100000143051147,576351936.0,640385472.0,610349.375
2026-03-05,1.1239999532699585,1.1319999694824219,1.1160000562667847,1.125,391978304.0,440879200.0,610349.375
2026-03-06,1.121000051498413,1.1390000581741333,1.1080000400543213,1.1269999742507935,437789824.0,492896704.0,610349.375
2026-03-09,1.1100000143051147,1.1519999504089355,1.1089999675750732,1.1490000486373901,960268992.0,1092169344.0,610349.375
2026-03-10,1.1460000276565552,1.1629999876022339,1.1339999437332153,1.1619999408721924,678400064.0,781990464.0,610349.375
2026-03-11,1.156999945640564,1.1979999542236328,1.152999997138977,1.1799999475479126,817345920.0,964694528.0,610349.375
2026-03-12,1.1799999475479126,1.187999963760376,1.156000018119812,1.1829999685287476,870254464.0,1021221952.0,610349.375
2026-03-13,1.1759999990463257,1.1920000314712524,1.159999966621399,1.1640000343322754,688414784.0,809319552.0,610349.375
2026-03-16,1.1629999876022339,1.1729999780654907,1.1299999952316284,1.1349999904632568,794870784.0,904319488.0,610349.375
2026-03-17,1.1349999904632568,1.156000018119812,1.1130000352859497,1.1150000095367432,758936896.0,861518592.0,610349.375
2026-03-18,1.1150000095367432,1.128000020980835,1.0989999771118164,1.1200000047683716,549927296.0,613155776.0,610349.375
2026-03-19,1.1039999723434448,1.1269999742507935,1.0989999771118164,1.1050000190734863,517911456.0,576042624.0,610349.375
2026-03-20,1.1050000190734863,1.1799999475479126,1.1050000190734863,1.1380000114440918,1188701824.0,1356984960.0,610349.375
2026-03-23,1.1299999952316284,1.1549999713897705,1.1080000400543213,1.121999979019165,1022247552.0,1157803264.0,610349.375
2026-03-24,1.13100004196167,1.1330000162124634,1.069000005722046,1.1239999532699585,878806336.0,970104512.0,610349.375
2026-03-25,1.121999979019165,1.1469999551773071,1.11899995803833,1.1360000371932983,619442560.0,702393856.0,610349.375
2026-03-26,1.1369999647140503,1.1369999647140503,1.1019999980926514,1.1080000400543213,520008544.0,580126464.0,610349.375
2026-03-27,1.0920000076293945,1.1169999837875366,1.0880000591278076,1.1069999933242798,387584992.0,426894208.0,610349.375
2026-03-30,1.0920000076293945,1.0980000495910645,1.0499999523162842,1.0670000314712524,701474432.0,748356160.0,610349.375
2026-03-31,1.059999942779541,1.0729999542236328,1.0329999923706055,1.034000039100647,509760384.0,535312032.0,610349.375
2026-04-01,1.0420000553131104,1.0549999475479126,1.024999976158142,1.0410000085830688,499990016.0,519034176.0,610349.375
2026-04-02,1.031000018119812,1.0379999876022339,1.0010000467300415,1.0069999694824219,451152032.0,458018528.0,610349.375
2026-04-03,1.0069999694824219,1.0110000371932983,0.9810000061988831,0.9819999933242798,480357376.0,475965792.0,610349.375
2026-04-07,0.9800000190734863,0.9950000047683716,0.9769999980926514,0.984000027179718,283326304.0,279132416.0,610349.375
2026-04-08,1.003000020980835,1.031000018119812,1.0019999742507935,1.031000018119812,434770048.0,442238912.0,610349.375
2026-04-09,1.0190000534057617,1.0199999809265137,1.0019999742507935,1.0169999599456787,378512256.0,383342336.0,610349.375
2026-04-10,1.0240000486373901,1.0479999780654907,1.0240000486373901,1.0369999408721924,416110784.0,431954848.0,610349.375
2026-04-13,1.027999997138977,1.065000057220459,1.024999976158142,1.055999994277954,632417216.0,663460224.0,610349.375
2026-04-14,1.059999942779541,1.065999984741211,1.0479999780654907,1.0640000104904175,353369600.0,373417856.0,610349.375
2026-04-15,1.065999984741211,1.0720000267028809,1.0529999732971191,1.0579999685287476,343828512.0,365255552.0,610349.375
2026-04-16,1.0549999475479126,1.0720000267028809,1.0470000505447388,1.0700000524520874,364995488.0,387920288.0,610349.375
2026-04-17,1.0640000104904175,1.0750000476837158,1.0609999895095825,1.0709999799728394,287800992.0,307567488.0,610349.375
2026-04-20,1.0709999799728394,1.0880000591278076,1.065999984741211,1.0859999656677246,292461312.0,315754848.0,610349.375
2026-04-21,1.0859999656677246,1.090000033378601,1.0729999542236328,1.0820000171661377,282360384.0,305297568.0,610349.375
2026-04-22,1.0750000476837158,1.0870000123977661,1.0720000267028809,1.0850000381469727,306855488.0,331588224.0,610349.375
2026-04-23,1.0889999866485596,1.0950000286102295,1.065000057220459,1.0779999494552612,427997184.0,461396544.0,610349.375
2026-04-24,1.0729999542236328,1.0759999752044678,1.0570000410079956,1.062000036239624,303137952.0,322813024.0,610349.375
2026-04-27,1.0529999732971191,1.062000036239624,1.0440000295639038,1.0529999732971191,276648928.0,291786240.0,610349.375
2026-04-28,1.0449999570846558,1.0570000410079956,1.034999966621399,1.0399999618530273,252282400.0,263462640.0,610349.375
2026-04-29,1.027999997138977,1.0640000104904175,1.0219999551773071,1.059000015258789,347216800.0,363916864.0,610349.375
2026-04-30,1.055999994277954,1.0670000314712524,1.0520000457763672,1.062999963760376,424413792.0,449930368.0,610349.375
2026-05-06,1.0679999589920044,1.0889999866485596,1.0609999895095825,1.0859999656677246,565918336.0,610909440.0,610349.375
2026-05-07,1.093999981880188,1.1059999465942383,1.090999960899353,1.1009999513626099,388363776.0,427113152.0,610349.375
2026-05-08,1.0920000076293945,1.1030000448226929,1.0829999446868896,1.0959999561309814,302238496.0,330524544.0,610349.375
2026-05-11,1.0989999771118164,1.1330000162124634,1.0989999771118164,1.1230000257492065,550077184.0,615980928.0,610349.375
2026-05-12,1.1260000467300415,1.1360000371932983,1.1080000400543213,1.121999979019165,469834272.0,526804544.0,610349.375
2026-05-13,1.1150000095367432,1.1480000019073486,1.1139999628067017,1.1460000276565552,636610048.0,724348672.0,610349.375
2026-05-14,1.156000018119812,1.1670000553131104,1.128000020980835,1.128000020980835,739544064.0,849193920.0,610349.375
2026-05-15,1.125,1.128999948501587,1.0800000429153442,1.1080000400543213,960439808.0,1054837504.0,610349.375
2026-05-18,1.097000002861023,1.1180000305175781,1.090999960899353,1.1009999513626099,334686624.0,369105792.0,610349.375
2026-05-19,1.1019999980926514,1.1180000305175781,1.090000033378601,1.1169999837875366,445299104.0,491441120.0,610349.375
2026-05-20,1.1100000143051147,1.13100004196167,1.1019999980926514,1.1260000467300415,465555680.0,520351392.0,610349.375
2026-05-21,1.1330000162124634,1.1449999809265137,1.0880000591278076,1.093000054359436,631746240.0,708463616.0,610349.375
2026-05-22,1.093999981880188,1.1150000095367432,1.0889999866485596,1.1109999418258667,375027520.0,413440576.0,610349.375
2026-05-25,1.1160000562667847,1.125,1.1030000448226929,1.1230000257492065,351844160.0,392529152.0,610349.375
2026-05-26,1.1160000562667847,1.1260000467300415,1.1009999513626099,1.1139999628067017,359152352.0,399692096.0,610349.375
2026-05-27,1.1150000095367432,1.1579999923706055,1.1150000095367432,1.1200000047683716,602782784.0,684816000.0,610349.375
2026-05-28,1.1160000562667847,1.13100004196167,1.1050000190734863,1.128000020980835,578327680.0,646779520.0,610349.375
2026-05-29,1.128000020980835,1.1299999952316284,1.0679999589920044,1.0750000476837158,579237632.0,631900608.0,610349.375
2026-06-01,1.0779999494552612,1.0989999771118164,1.0640000104904175,1.065999984741211,506589472.0,546256576.0,610349.375
2026-06-02,1.0640000104904175,1.0729999542236328,1.024999976158142,1.0549999475479126,349611680.0,366257344.0,610349.375
2026-06-03,1.0540000200271606,1.0829999446868896,1.0540000200271606,1.065000057220459,461790688.0,494880384.0,610349.375
2026-06-04,1.0529999732971191,1.0729999542236328,1.0440000295639038,1.065999984741211,361273792.0,383774304.0,610349.375
2026-06-05,1.059999942779541,1.065999984741211,1.034999966621399,1.0399999618530273,325803712.0,341763552.0,610349.375
2026-06-08,1.0180000066757202,1.0260000228881836,0.9779999852180481,0.9869999885559082,351594048.0,352775168.0,610349.375
2026-06-09,0.9959999918937683,1.0149999856948853,0.9760000109672546,1.0140000581741333,286150144.0,285613056.0,610349.375
2026-06-10,0.9990000128746033,1.0069999694824219,0.9710000157356262,1.0010000467300415,455472608.0,449250496.0,610349.375
2026-06-11,0.9879999756813049,1.0019999742507935,0.9829999804496765,0.9980000257492065,288218944.0,286040992.0,610349.375
2026-06-12,1.0089999437332153,1.0240000486373901,0.9929999709129333,0.9959999918937683,390720544.0,394680768.0,610349.375
2026-06-15,1.0,1.0180000066757202,0.9900000095367432,1.0180000066757202,248073792.0,249932880.0,610349.375
2026-06-16,1.0160000324249268,1.0399999618530273,1.0110000371932983,1.034000039100647,354471584.0,365553504.0,610349.375
2026-06-17,1.034000039100647,1.0440000295639038,1.0199999809265137,1.0269999504089355,335549792.0,345585248.0,610349.375
2026-06-18,1.0199999809265137,1.024999976158142,1.0110000371932983,1.0169999599456787,260410304.0,265221200.0,610349.375
2026-06-22,1.0160000324249268,1.0440000295639038,1.0110000371932983,1.0429999828338623,334974464.0,344408576.0,610349.375
2026-06-23,1.0379999876022339,1.0379999876022339,0.9919999837875366,0.9980000257492065,309058624.0,312720128.0,610349.375
2026-06-24,0.9900000095367432,1.0019999742507935,0.9750000238418579,0.9980000257492065,254517792.0,251525760.0,610349.375
2026-06-25,0.9940000176429749,1.0119999647140503,0.9869999885559082,1.0080000162124634,234469296.0,234299968.0,610349.375
2026-06-26,1.00600004196167,1.0360000133514404,1.0010000467300415,1.003000020980835,368441088.0,374504832.0,610349.375
2026-06-29,1.0,1.0130000114440918,0.9919999837875366,1.0110000371932983,364020672.0,364757408.0,610349.375
2026-06-30,1.0089999437332153,1.0440000295639038,1.0069999694824219,1.0420000553131104,317808256.0,327529792.0,610349.375
2026-07-01,1.034999966621399,1.0390000343322754,1.00600004196167,1.0240000486373901,308747392.0,314663424.0,610349.375
2026-07-02,1.0130000114440918,1.0130000114440918,0.968999981880188,0.9789999723434448,385849312.0,381618240.0,610349.375
2026-07-03,0.9710000157356262,0.9800000190734863,0.9559999704360962,0.9570000171661377,301255616.0,290234208.0,610349.375
2026-07-06,0.9570000171661377,0.9679999947547913,0.9319999814033508,0.9359999895095825,277089088.0,262730736.0,610349.375
2026-07-07,0.9319999814033508,0.9419999718666077,0.9210000038146973,0.9269999861717224,211298896.0,197032304.0,610349.375
2026-07-08,0.9259999990463257,0.9319999814033508,0.8970000147819519,0.8989999890327454,250447424.0,227326240.0,610349.375
2026-07-09,0.9020000100135803,0.9139999747276306,0.875,0.9129999876022339,317638752.0,283976384.0,610349.375
2026-07-10,0.9110000133514404,0.9279999732971191,0.8970000147819519,0.8970000147819519,262315744.0,240040704.0,610349.375
2026-07-13,0.8889999985694885,0.8930000066757202,0.8479999899864197,0.8489999771118164,255915328.0,221591984.0,610349.375
2026-07-14,0.8450000286102295,0.8550000190734863,0.828000009059906,0.8539999723434448,258922000.0,218613984.0,610349.375
2026-07-15,0.8539999723434448,0.8690000176429749,0.8460000157356262,0.8500000238418579,341811296.0,293193856.0,610349.375
2026-07-16,0.843999981880188,0.8489999771118164,0.8220000267028809,0.8259999752044678,355195168.0,297544928.0,610349.375
2026-07-17,0.8209999799728394,0.8259999752044678,0.7889999747276306,0.796999990940094,393339712.0,319238944.0,610349.375
2026-07-20,0.7990000247955322,0.8080000281333923,0.7699999809265137,0.7850000262260437,383729984.0,304229088.0,610349.375
2026-07-21,0.7879999876022339,0.8159999847412109,0.7710000276565552,0.8149999976158142,591249408.0,470567616.0,610349.375
2026-07-22,0.8080000281333923,0.8320000171661377,0.8050000071525574,0.8199999928474426,312074656.0,256582352.0,610349.375
2026-07-23,0.8159999847412109,0.8420000076293945,0.8159999847412109,0.8389999866485596,311641920.0,259175840.0,610349.375
2026-07-24,0.8299999833106995,0.8360000252723694,0.8100000023841858,0.8109999895095825,272583648.0,223638048.0,610349.375
2026-07-27,0.8109999895095825,0.8320000171661377,0.8109999895095825,0.8299999833106995,212205856.0,174337008.0,610349.375
2026-07-28,0.8209999799728394,0.828000009059906,0.8069999814033508,0.8130000233650208,189622656.0,154856512.0,610349.375
2026-07-29,0.8109999895095825,0.8199999928474426,0.7910000085830688,0.8159999847412109,276039616.0,222358656.0,610349.375
2026-07-30,0.8040000200271606,0.8220000267028809,0.7960000038146973,0.8040000200271606,260195568.0,210355536.0,610349.375
2026-07-31,0.8140000104904175,0.8289999961853027,0.8130000233650208,0.8159999847412109,237834944.0,195197152.0,610349.375
2026-08-03,0.8149999976158142,0.8330000042915344,0.8119999766349792,0.8320000171661377,347309056.0,286932576.0,610349.375
2026-08-04,0.8320000171661377,0.8450000286102295,0.8299999833106995,0.8420000076293945,254090912.0,212852720.0,610349.375
