datetime,open,high,low,close,vol,amount,float_shares
2021-03-17,0.9829999804496765,0.9990000128746033,0.9710000157356262,0.9929999709129333,48732300.0,48136024.0,368057.6875
2021-03-18,0.9929999709129333,0.9990000128746033,0.9710000157356262,0.9710000157356262,29534100.0,28930794.0,368057.6875
2021-03-19,0.9679999947547913,0.9779999852180481,0.9509999752044678,0.9670000076293945,31199900.0,30182714.0,368057.6875
2021-03-22,0.9639999866485596,0.9860000014305115,0.9580000042915344,0.9769999980926514,30323300.0,29547910.0,368057.6875
2021-03-23,0.9800000190734863,0.9850000143051147,0.9290000200271606,0.9359999895095825,41310800.0,39230232.0,368057.6875
2021-03-24,0.9210000038146973,0.9330000281333923,0.9039999842643738,0.9070000052452087,29318400.0,26807676.0,368057.6875
2021-03-25,0.9070000052452087,0.9229999780654907,0.902999997138977,0.9110000133514404,29211400.0,26732360.0,368057.6875
2021-03-26,0.9150000214576721,0.9380000233650208,0.9100000262260437,0.9319999814033508,37019700.0,34246396.0,368057.6875
2021-03-29,0.9300000071525574,0.9390000104904175,0.9200000166893005,0.9269999861717224,30075100.0,27953336.0,368057.6875
2021-03-30,0.9290000200271606,0.9610000252723694,0.9150000214576721,0.9539999961853027,46127300.0,43259792.0,368057.6875
2021-03-31,0.9490000009536743,0.9490000009536743,0.9210000038146973,0.9290000200271606,32601500.0,30282346.0,368057.6875
2021-04-01,0.9240000247955322,0.9350000023841858,0.9210000038146973,0.9300000071525574,26387300.0,24526414.0,368057.6875
2021-04-02,0.9309999942779541,0.9309999942779541,0.9139999747276306,0.9210000038146973,29342700.0,27034228.0,368057.6875
2021-04-06,0.9190000295639038,0.9380000233650208,0.9179999828338623,0.9309999942779541,35928800.0,33441592.0,368057.6875
2021-04-07,0.9309999942779541,0.9470000267028809,0.9179999828338623,0.9449999928474426,40118700.0,37407040.0,368057.6875
2021-04-08,0.9440000057220459,0.9559999704360962,0.9300000071525574,0.9430000185966492,37359500.0,35289400.0,368057.6875
2021-04-09,0.9449999928474426,0.9559999704360962,0.9350000023841858,0.9470000267028809,34256700.0,32444480.0,368057.6875
2021-04-12,0.949999988079071,0.9539999961853027,0.9179999828338623,0.9200000166893005,34768200.0,32358188.0,368057.6875
2021-04-13,0.9190000295639038,0.9190000295639038,0.8970000147819519,0.902999997138977,44183600.0,39900008.0,368057.6875
2021-04-14,0.9010000228881836,0.9110000133514404,0.8999999761581421,0.9100000262260437,26096400.0,23649408.0,368057.6875
2021-04-15,0.9089999794960022,0.9179999828338623,0.8980000019073486,0.9150000214576721,34593800.0,31439804.0,368057.6875
2021-04-16,0.9150000214576721,0.9190000295639038,0.9089999794960022,0.9150000214576721,36824000.0,33676808.0,368057.6875
2021-04-19,0.9160000085830688,0.9390000104904175,0.9079999923706055,0.9369999766349792,48665100.0,45384156.0,368057.6875
2021-04-20,0.9300000071525574,0.9649999737739563,0.9300000071525574,0.9490000009536743,52763500.0,49975624.0,368057.6875
2021-04-21,0.9470000267028809,0.9490000009536743,0.9350000023841858,0.9399999976158142,27062500.0,25476388.0,368057.6875
2021-04-22,0.9430000185966492,0.9470000267028809,0.9359999895095825,0.9419999718666077,34224600.0,32252168.0,368057.6875
2021-04-23,0.9419999718666077,0.9440000057220459,0.9279999732971191,0.9409999847412109,28511100.0,26722774.0,368057.6875
2021-04-26,0.9390000104904175,0.9549999833106995,0.9330000281333923,0.9350000023841858,32681900.0,30940204.0,368057.6875
2021-04-27,0.9350000023841858,0.9399999976158142,0.9139999747276306,0.9259999990463257,45048100.0,41670324.0,368057.6875
2021-04-28,0.9240000247955322,0.9369999766349792,0.9169999957084656,0.9369999766349792,31944100.0,29689284.0,368057.6875
2021-04-29,0.9369999766349792,0.9369999766349792,0.9190000295639038,0.9279999732971191,30954300.0,28651914.0,368057.6875
2021-04-30,0.9330000281333923,0.9350000023841858,0.9110000133514404,0.9200000166893005,37953200.0,35018336.0,368057.6875
2021-05-06,0.9210000038146973,0.9350000023841858,0.9190000295639038,0.9340000152587891,34959200.0,32467160.0,368057.6875
2021-05-07,0.9350000023841858,0.9750000238418579,0.9340000152587891,0.9599999785423279,52613300.0,50463500.0,368057.6875
2021-05-10,0.9599999785423279,0.9940000176429749,0.9599999785423279,0.9909999966621399,57713000.0,56483076.0,368057.6875
2021-05-11,0.9819999933242798,0.9819999933242798,0.9470000267028809,0.9660000205039978,33607000.0,32234712.0,368057.6875
2021-05-12,0.9670000076293945,0.9789999723434448,0.9599999785423279,0.9739999771118164,29361500.0,28445632.0,368057.6875
2021-05-13,0.9700000286102295,0.9700000286102295,0.9340000152587891,0.9380000233650208,37742500.0,35812768.0,368057.6875
2021-05-14,0.9390000104904175,0.9459999799728394,0.9279999732971191,0.9449999928474426,33525300.0,31474632.0,368057.6875
2021-05-17,0.9409999847412109,0.9570000171661377,0.9380000233650208,0.9539999961853027,37173700.0,35271044.0,368057.6875
2021-05-18,0.953000009059906,0.9580000042915344,0.9490000009536743,0.9549999833106995,30400600.0,28981660.0,368057.6875
2021-05-19,0.953000009059906,0.9639999866485596,0.9399999976158142,0.9599999785423279,39580500.0,37701796.0,368057.6875
2021-05-20,0.9470000267028809,0.9480000138282776,0.9330000281333923,0.9409999847412109,29570300.0,27804602.0,368057.6875
2021-05-21,0.9430000185966492,0.9490000009536743,0.9340000152587891,0.9399999976158142,32659300.0,30707148.0,368057.6875
2021-05-24,0.9449999928474426,0.9449999928474426,0.9229999780654907,0.9279999732971191,34549600.0,32069278.0,368057.6875
2021-05-25,0.9259999990463257,0.9390000104904175,0.9210000038146973,0.9380000233650208,31365000.0,29217280.0,368057.6875
2021-05-26,0.9350000023841858,0.9580000042915344,0.9350000023841858,0.9509999752044678,42395500.0,40056084.0,368057.6875
2021-05-27,0.9430000185966492,0.9589999914169312,0.9430000185966492,0.9549999833106995,36004300.0,34358288.0,368057.6875
2021-05-28,0.9539999961853027,0.968999981880188,0.9520000219345093,0.9559999704360962,41091100.0,39550084.0,368057.6875
2021-05-31,0.9589999914169312,0.9919999837875366,0.9589999914169312,0.9890000224113464,67273696.0,66264808.0,368057.6875
2021-06-01,0.9800000190734863,0.9900000095367432,0.9739999771118164,0.9890000224113464,34789500.0,34179680.0,368057.6875
2021-06-02,0.9900000095367432,1.0010000467300415,0.9800000190734863,0.9819999933242798,40931700.0,40585628.0,368057.6875
2021-06-03,0.9819999933242798,1.0240000486373901,0.9800000190734863,1.00600004196167,80906800.0,81581352.0,368057.6875
2021-06-04,0.996999979019165,1.0149999856948853,0.9909999966621399,1.0089999437332153,44115300.0,44230700.0,368057.6875
2021-06-07,1.0080000162124634,1.0169999599456787,0.996999979019165,1.0069999694824219,28330300.0,28584052.0,368057.6875
2021-06-08,1.0069999694824219,1.0130000114440918,0.9879999756813049,0.9919999837875366,29786300.0,29806496.0,368057.6875
2021-06-09,0.9909999966621399,0.996999979019165,0.9869999885559082,0.9909999966621399,27683400.0,27452136.0,368057.6875
2021-06-10,0.9890000224113464,0.996999979019165,0.9850000143051147,0.9919999837875366,33865900.0,33501332.0,368057.6875
2021-06-11,0.9919999837875366,0.9919999837875366,0.968999981880188,0.9760000109672546,31344600.0,30598178.0,368057.6875
2021-06-15,0.9760000109672546,0.9810000061988831,0.9509999752044678,0.9539999961853027,32419700.0,31005884.0,368057.6875
2021-06-16,0.9610000252723694,0.9610000252723694,0.9229999780654907,0.9259999990463257,34608800.0,32461940.0,368057.6875
2021-06-17,0.9259999990463257,0.9359999895095825,0.925000011920929,0.9350000023841858,28128100.0,26208932.0,368057.6875
2021-06-18,0.9330000281333923,0.9539999961853027,0.9200000166893005,0.9539999961853027,33738936.0,31667208.0,368057.6875
2021-06-21,0.9480000138282776,0.968999981880188,0.9399999976158142,0.9610000252723694,33248300.0,31910244.0,368057.6875
2021-06-22,0.9639999866485596,0.9890000224113464,0.9570000171661377,0.9819999933242798,49331800.0,47984452.0,368057.6875
2021-06-23,0.9850000143051147,0.9940000176429749,0.9710000157356262,0.9879999756813049,42809700.0,42177272.0,368057.6875
2021-06-24,0.9879999756813049,1.0069999694824219,0.984000027179718,0.9990000128746033,41701500.0,41586048.0,368057.6875
2021-06-25,0.9990000128746033,1.0049999952316284,0.9869999885559082,1.0010000467300415,37462200.0,37346248.0,368057.6875
2021-06-28,0.9990000128746033,1.00600004196167,0.9909999966621399,0.9959999918937683,31662600.0,31636898.0,368057.6875
2021-06-29,0.9980000257492065,1.0080000162124634,0.9950000047683716,0.9959999918937683,31755400.0,31788868.0,368057.6875
2021-06-30,0.9959999918937683,1.0149999856948853,0.9919999837875366,1.0119999647140503,49382700.0,49928180.0,368057.6875
2021-07-01,1.0119999647140503,1.0149999856948853,0.9810000061988831,0.9819999933242798,34565300.0,34450376.0,368057.6875
2021-07-02,0.9769999980926514,1.0269999504089355,0.9769999980926514,1.0080000162124634,50281000.0,50968884.0,368057.6875
2021-07-05,1.0130000114440918,1.0479999780654907,1.0119999647140503,1.0470000505447388,57160000.0,59426512.0,368057.6875
2021-07-06,1.0449999570846558,1.0609999895095825,1.027999997138977,1.0529999732971191,50525200.0,52962792.0,368057.6875
2021-07-07,1.0490000247955322,1.1169999837875366,1.034000039100647,1.1100000143051147,74190400.0,80532104.0,368057.6875
2021-07-08,1.1109999418258667,1.1540000438690186,1.1109999418258667,1.1269999742507935,58265500.0,66427344.0,368057.6875
2021-07-09,1.121999979019165,1.215999960899353,1.121999979019165,1.2130000591278076,70979296.0,82797352.0,368057.6875
2021-07-12,1.24399995803833,1.2599999904632568,1.1979999542236328,1.215999960899353,107707296.0,132353576.0,368057.6875
2021-07-13,1.2000000476837158,1.2289999723434448,1.1950000524520874,1.225000023841858,54516900.0,66152128.0,368057.6875
2021-07-14,1.218000054359436,1.2269999980926514,1.190999984741211,1.1929999589920044,47994100.0,57930624.0,368057.6875
2021-07-15,1.180999994277954,1.2640000581741333,1.152999997138977,1.2619999647140503,74136304.0,89770952.0,368057.6875
2021-07-16,1.25,1.2940000295639038,1.2319999933242798,1.24399995803833,68598800.0,86202464.0,368057.6875
2021-07-19,1.2419999837875366,1.2960000038146973,1.2319999933242798,1.2419999837875366,56599300.0,71607696.0,368057.6875
2021-07-20,1.225000023841858,1.2719999551773071,1.215000033378601,1.2599999904632568,49210400.0,61596880.0,368057.6875
2021-07-21,1.2649999856948853,1.3339999914169312,1.2569999694824219,1.3289999961853027,56712800.0,73883176.0,368057.6875
2021-07-22,1.3359999656677246,1.3819999694824219,1.3209999799728394,1.371999979019165,57427400.0,77704872.0,368057.6875
2021-07-23,1.3700000047683716,1.4179999828338623,1.3480000495910645,1.371000051498413,63900900.0,88362464.0,368057.6875
2021-07-26,1.3639999628067017,1.3919999599456787,1.3140000104904175,1.371999979019165,64042400.0,87074248.0,368057.6875
2021-07-27,1.371999979019165,1.4170000553131104,1.2960000038146973,1.315000057220459,72400096.0,99543208.0,368057.6875
2021-07-28,1.277999997138977,1.3350000381469727,1.2400000095367432,1.2879999876022339,63531900.0,81850536.0,368057.6875
2021-07-29,1.3250000476837158,1.3990000486373901,1.309999942779541,1.3969999551773071,73729904.0,99758896.0,368057.6875
2021-07-30,1.406000018119812,1.4429999589920044,1.3630000352859497,1.440999984741211,76706304.0,107099720.0,368057.6875
2021-08-02,1.4500000476837158,1.4730000495910645,1.38100004196167,1.4299999475479126,82218304.0,117483872.0,368057.6875
2021-08-03,1.4160000085830688,1.4240000247955322,1.3270000219345093,1.3480000495910645,74010096.0,101444968.0,368057.6875
2021-08-04,1.3359999656677246,1.4359999895095825,1.3329999446868896,1.4279999732971191,77807504.0,108857904.0,368057.6875
2021-08-05,1.4259999990463257,1.444000005722046,1.378999948501587,1.4040000438690186,58984600.0,82880224.0,368057.6875
2021-08-06,1.4049999713897705,1.465000033378601,1.4040000438690186,1.4620000123977661,81738600.0,118203496.0,368057.6875
2021-08-09,1.4620000123977661,1.4620000123977661,1.3990000486373901,1.4429999589920044,60136600.0,85778664.0,368057.6875
2021-08-10,1.4320000410079956,1.4670000076293945,1.399999976158142,1.4390000104904175,55503300.0,79698952.0,368057.6875
2021-08-11,1.437999963760376,1.4900000095367432,1.4190000295639038,1.472000002861023,67754704.0,98299704.0,368057.6875
2021-08-12,1.4709999561309814,1.4900000095367432,1.4420000314712524,1.4739999771118164,46445600.0,68195904.0,368057.6875
2021-08-13,1.472000002861023,1.5089999437332153,1.4550000429153442,1.4809999465942383,49609200.0,73931952.0,368057.6875
2021-08-16,1.4450000524520874,1.4589999914169312,1.399999976158142,1.4079999923706055,57730400.0,82008856.0,368057.6875
2021-08-17,1.406000018119812,1.4249999523162842,1.3569999933242798,1.3760000467300415,40138100.0,55989084.0,368057.6875
2021-08-18,1.3730000257492065,1.406999945640564,1.3669999837875366,1.3880000114440918,41372900.0,57430384.0,368057.6875
2021-08-19,1.371000051498413,1.409999966621399,1.3459999561309814,1.3919999599456787,44906100.0,61747940.0,368057.6875
2021-08-20,1.3890000581741333,1.4249999523162842,1.3609999418258667,1.4149999618530273,45617400.0,63443752.0,368057.6875
2021-08-23,1.4199999570846558,1.4869999885559082,1.409999966621399,1.4780000448226929,52600500.0,76095344.0,368057.6875
2021-08-24,1.4800000190734863,1.5360000133514404,1.4700000286102295,1.4980000257492065,49777900.0,75091664.0,368057.6875
2021-08-25,1.4900000095367432,1.5399999618530273,1.4859999418258667,1.5329999923706055,48290400.0,73225456.0,368057.6875
2021-08-26,1.5299999713897705,1.5779999494552612,1.5110000371932983,1.555999994277954,43220600.0,66467936.0,368057.6875
2021-08-27,1.555999994277954,1.5989999771118164,1.534000039100647,1.5859999656677246,50080100.0,78479192.0,368057.6875
2021-08-30,1.590000033378601,1.649999976158142,1.5789999961853027,1.6299999952316284,44919800.0,72437872.0,368057.6875
2021-08-31,1.6399999856948853,1.7100000381469727,1.6069999933242798,1.7050000429153442,54667600.0,89875712.0,368057.6875
2021-09-01,1.7330000400543213,1.7480000257492065,1.590000033378601,1.5920000076293945,72259904.0,119557848.0,368057.6875
2021-09-02,1.5709999799728394,1.6619999408721924,1.5570000410079956,1.6440000534057617,52435300.0,84579960.0,368057.6875
2021-09-03,1.6349999904632568,1.6720000505447388,1.5609999895095825,1.5829999446868896,47409400.0,76447544.0,368057.6875
2021-09-06,1.590000033378601,1.5950000286102295,1.5130000114440918,1.5829999446868896,43130400.0,67211992.0,368057.6875
2021-09-07,1.5800000429153442,1.6610000133514404,1.562999963760376,1.6480000019073486,49415300.0,79590296.0,368057.6875
2021-09-08,1.6480000019073486,1.684999942779541,1.6390000581741333,1.656999945640564,38930600.0,64737356.0,368057.6875
2021-09-09,1.6540000438690186,1.6959999799728394,1.6460000276565552,1.694000005722046,37799700.0,62992684.0,368057.6875
2021-09-10,1.694000005722046,1.725000023841858,1.6729999780654907,1.715000033378601,45449300.0,77452264.0,368057.6875
2021-09-13,1.715000033378601,1.753000020980835,1.6890000104904175,1.7280000448226929,35795100.0,61772596.0,368057.6875
2021-09-14,1.694000005722046,1.753000020980835,1.6619999408721924,1.7130000591278076,36761400.0,62794508.0,368057.6875
2021-09-15,1.7089999914169312,1.718999981880188,1.6829999685287476,1.7020000219345093,34322400.0,58505704.0,368057.6875
2021-09-16,1.7050000429153442,1.7239999771118164,1.6269999742507935,1.6349999904632568,41082400.0,69352760.0,368057.6875
2021-09-17,1.621999979019165,1.6469999551773071,1.534000039100647,1.5889999866485596,37492200.0,60120052.0,368057.6875
2021-09-22,1.565000057220459,1.6019999980926514,1.5299999713897705,1.593999981880188,34597500.0,54842988.0,368057.6875
2021-09-23,1.6039999723434448,1.63100004196167,1.5839999914169312,1.6019999980926514,33328400.0,53560688.0,368057.6875
2021-09-24,1.6390000581741333,1.659000039100647,1.5640000104904175,1.5779999494552612,44093400.0,71170864.0,368057.6875
2021-09-27,1.565000057220459,1.565000057220459,1.4329999685287476,1.4429999589920044,51371600.0,75420240.0,368057.6875
2021-09-28,1.4420000314712524,1.4479999542236328,1.4040000438690186,1.440000057220459,40054500.0,57040728.0,368057.6875
2021-09-29,1.434999942779541,1.434999942779541,1.3609999418258667,1.3669999837875366,38454400.0,53726740.0,368057.6875
2021-09-30,1.3650000095367432,1.4119999408721924,1.3650000095367432,1.406000018119812,38140700.0,53275800.0,368057.6875
2021-10-08,1.440000057220459,1.440000057220459,1.3830000162124634,1.3969999551773071,51059500.0,71663416.0,368057.6875
2021-10-11,1.3980000019073486,1.3980000019073486,1.340999960899353,1.3839999437332153,37331600.0,51196320.0,368057.6875
2021-10-12,1.3760000467300415,1.3910000324249268,1.3040000200271606,1.3339999914169312,38453800.0,51867448.0,368057.6875
2021-10-13,1.3329999446868896,1.3739999532699585,1.3289999961853027,1.3630000352859497,35547000.0,47802300.0,368057.6875
2021-10-14,1.3489999771118164,1.38100004196167,1.343000054359436,1.3619999885559082,38349800.0,52168604.0,368057.6875
2021-10-15,1.3660000562667847,1.3869999647140503,1.350000023841858,1.3799999952316284,41854700.0,57303728.0,368057.6875
2021-10-18,1.3919999599456787,1.4079999923706055,1.3660000562667847,1.4049999713897705,39274612.0,54483204.0,368057.6875
2021-10-19,1.402999997138977,1.4140000343322754,1.3760000467300415,1.402999997138977,35588100.0,49597992.0,368057.6875
2021-10-20,1.3980000019073486,1.4459999799728394,1.3730000257492065,1.4329999685287476,78861200.0,111722616.0,368057.6875
2021-10-21,1.437000036239624,1.4800000190734863,1.4199999570846558,1.4579999446868896,73649296.0,106372504.0,368057.6875
2021-10-22,1.444000005722046,1.465000033378601,1.4170000553131104,1.4240000247955322,56925000.0,82345552.0,368057.6875
2021-10-25,1.4190000295639038,1.472000002861023,1.409000039100647,1.465999960899353,39729300.0,57093008.0,368057.6875
2021-10-26,1.4759999513626099,1.50600004196167,1.4630000591278076,1.4950000047683716,41363100.0,61541608.0,368057.6875
2021-10-27,1.49399995803833,1.5,1.4700000286102295,1.4880000352859497,59817500.0,89034672.0,368057.6875
2021-10-28,1.4859999418258667,1.4900000095367432,1.4129999876022339,1.4229999780654907,37183100.0,54166384.0,368057.6875
2021-10-29,1.4229999780654907,1.4420000314712524,1.409999966621399,1.437000036239624,41040900.0,58708064.0,368057.6875
2021-11-01,1.430999994277954,1.4490000009536743,1.4140000343322754,1.4179999828338623,32105100.0,45836028.0,368057.6875
2021-11-02,1.4270000457763672,1.4279999732971191,1.3680000305175781,1.3830000162124634,37629900.0,52548892.0,368057.6875
2021-11-03,1.3830000162124634,1.399999976158142,1.3569999933242798,1.399999976158142,34413900.0,47457812.0,368057.6875
2021-11-04,1.3980000019073486,1.4299999475479126,1.3899999856948853,1.4279999732971191,39121800.0,55181908.0,368057.6875
2021-11-05,1.4320000410079956,1.444000005722046,1.4129999876022339,1.4140000343322754,32252200.0,46131548.0,368057.6875
2021-11-08,1.4140000343322754,1.4600000381469727,1.406000018119812,1.4579999446868896,40769400.0,58496936.0,368057.6875
2021-11-09,1.4630000591278076,1.465000033378601,1.4429999589920044,1.4570000171661377,45564400.0,66275792.0,368057.6875
2021-11-10,1.4550000429153442,1.4550000429153442,1.399999976158142,1.434999942779541,36207300.0,51870176.0,368057.6875
2021-11-11,1.4320000410079956,1.434000015258789,1.406999945640564,1.4279999732971191,34098400.0,48546848.0,368057.6875
2021-11-12,1.4279999732971191,1.4609999656677246,1.4249999523162842,1.4429999589920044,36895400.0,53439800.0,368057.6875
2021-11-15,1.4420000314712524,1.4420000314712524,1.402999997138977,1.4129999876022339,38155800.0,54152824.0,368057.6875
2021-11-16,1.4199999570846558,1.4290000200271606,1.3960000276565552,1.399999976158142,33252700.0,47031536.0,368057.6875
2021-11-17,1.406000018119812,1.468000054359436,1.4049999713897705,1.4670000076293945,51278200.0,73897304.0,368057.6875
2021-11-18,1.4670000076293945,1.5,1.4520000219345093,1.472000002861023,79381104.0,116940096.0,368057.6875
2021-11-19,1.465000033378601,1.4759999513626099,1.4509999752044678,1.4759999513626099,103829696.0,152438896.0,368057.6875
2021-11-22,1.4769999980926514,1.5360000133514404,1.4759999513626099,1.5329999923706055,63445500.0,95409304.0,368057.6875
2021-11-23,1.5740000009536743,1.5959999561309814,1.5509999990463257,1.5570000410079956,119603504.0,187714048.0,368057.6875
2021-11-24,1.5410000085830688,1.621000051498413,1.5410000085830688,1.6080000400543213,159528496.0,253626160.0,368057.6875
2021-11-25,1.6100000143051147,1.6449999809265137,1.5839999914169312,1.6150000095367432,138078208.0,222248224.0,368057.6875
2021-11-26,1.593000054359436,1.680999994277954,1.593000054359436,1.6660000085830688,112983024.0,186081264.0,368057.6875
2021-11-29,1.649999976158142,1.687999963760376,1.6319999694824219,1.687000036239624,92011928.0,153665680.0,368057.6875
2021-11-30,1.6929999589920044,1.7120000123977661,1.6399999856948853,1.656000018119812,94545528.0,157810128.0,368057.6875
2021-12-01,1.6399999856948853,1.6490000486373901,1.6109999418258667,1.6390000581741333,50122128.0,81839136.0,368057.6875
2021-12-02,1.6299999952316284,1.6859999895095825,1.6169999837875366,1.6699999570846558,62849800.0,103359088.0,368057.6875
2021-12-03,1.6540000438690186,1.659000039100647,1.6069999933242798,1.6419999599456787,53238200.0,86902456.0,368057.6875
2021-12-06,1.6380000114440918,1.6670000553131104,1.6319999694824219,1.6410000324249268,47702200.0,78607184.0,368057.6875
2021-12-07,1.6440000534057617,1.6579999923706055,1.5670000314712524,1.5980000495910645,48353900.0,77864448.0,368057.6875
2021-12-08,1.5959999561309814,1.6299999952316284,1.593999981880188,1.621000051498413,46254700.0,74494768.0,368057.6875
2021-12-09,1.6130000352859497,1.6460000276565552,1.6130000352859497,1.6150000095367432,48928800.0,79568544.0,368057.6875
2021-12-10,1.6109999418258667,1.6319999694824219,1.5980000495910645,1.6260000467300415,40334584.0,65103676.0,368057.6875
2021-12-13,1.6260000467300415,1.6390000581741333,1.5980000495910645,1.6380000114440918,43857100.0,70799672.0,368057.6875
2021-12-14,1.6380000114440918,1.6419999599456787,1.590999960899353,1.6009999513626099,61090200.0,98048744.0,368057.6875
2021-12-15,1.5980000495910645,1.621000051498413,1.590000033378601,1.600000023841858,48517372.0,78207568.0,368057.6875
2021-12-16,1.6030000448226929,1.6119999885559082,1.5800000429153442,1.6119999885559082,38790800.0,61950668.0,368057.6875
2021-12-17,1.6119999885559082,1.6119999885559082,1.5679999589920044,1.569000005722046,42571952.0,67759544.0,368057.6875
2021-12-20,1.5679999589920044,1.5959999561309814,1.5470000505447388,1.5679999589920044,39065100.0,61247056.0,368057.6875
2021-12-21,1.5679999589920044,1.5700000524520874,1.5420000553131104,1.5570000410079956,42819416.0,66461864.0,368057.6875
2021-12-22,1.562999963760376,1.565000057220459,1.5410000085830688,1.5579999685287476,30439900.0,47339024.0,368057.6875
2021-12-23,1.5889999866485596,1.5920000076293945,1.5509999990463257,1.562999963760376,45154100.0,70797456.0,368057.6875
2021-12-24,1.5640000104904175,1.569000005722046,1.50600004196167,1.5099999904632568,41577900.0,63562524.0,368057.6875
2021-12-27,1.496999979019165,1.5169999599456787,1.4800000190734863,1.4989999532699585,34805956.0,52297264.0,368057.6875
2021-12-28,1.5,1.5219999551773071,1.4910000562667847,1.5210000276565552,36937100.0,55599512.0,368057.6875
2021-12-29,1.5160000324249268,1.531000018119812,1.5089999437332153,1.5099999904632568,40042100.0,60802400.0,368057.6875
2021-12-30,1.5160000324249268,1.5379999876022339,1.5160000324249268,1.5269999504089355,37321800.0,57044448.0,368057.6875
2021-12-31,1.5190000534057617,1.5390000343322754,1.5190000534057617,1.524999976158142,34804400.0,53268672.0,368057.6875
2022-01-04,1.5240000486373901,1.5329999923706055,1.4869999885559082,1.4989999532699585,36112600.0,54209332.0,368057.6875
2022-01-05,1.496000051498413,1.496000051498413,1.4290000200271606,1.437999963760376,46364800.0,67783328.0,368057.6875
2022-01-06,1.4229999780654907,1.4709999561309814,1.4229999780654907,1.4600000381469727,39105400.0,56704504.0,368057.6875
2022-01-07,1.4539999961853027,1.4609999656677246,1.4259999990463257,1.4320000410079956,35403900.0,51045740.0,368057.6875
2022-01-10,1.4320000410079956,1.440000057220459,1.4149999618530273,1.430999994277954,31916300.0,45611040.0,368057.6875
2022-01-11,1.4320000410079956,1.4359999895095825,1.4110000133514404,1.4140000343322754,35016300.0,49890808.0,368057.6875
2022-01-12,1.4160000085830688,1.4359999895095825,1.4160000085830688,1.434999942779541,36367400.0,51811528.0,368057.6875
2022-01-13,1.4390000104904175,1.4390000104904175,1.3969999551773071,1.399999976158142,45532000.0,64252212.0,368057.6875
2022-01-14,1.3969999551773071,1.4249999523162842,1.3899999856948853,1.409999966621399,42826500.0,60257384.0,368057.6875
2022-01-17,1.409000039100647,1.4140000343322754,1.3910000324249268,1.409999966621399,27973100.0,39237948.0,368057.6875
2022-01-18,1.409999966621399,1.4190000295639038,1.3980000019073486,1.409000039100647,32905900.0,46398712.0,368057.6875
2022-01-19,1.4079999923706055,1.4079999923706055,1.3669999837875366,1.3739999532699585,39207300.0,54489652.0,368057.6875
2022-01-20,1.3739999532699585,1.3830000162124634,1.3309999704360962,1.3320000171661377,51136800.0,69378128.0,368057.6875
2022-01-21,1.3329999446868896,1.3389999866485596,1.3209999799728394,1.3259999752044678,38948600.0,51829184.0,368057.6875
2022-01-24,1.315999984741211,1.3539999723434448,1.3109999895095825,1.3480000495910645,37800900.0,50366428.0,368057.6875
2022-01-25,1.3459999561309814,1.3600000143051147,1.3079999685287476,1.309999942779541,43144900.0,57653440.0,368057.6875
2022-01-26,1.319000005722046,1.3279999494552612,1.2999999523162842,1.3220000267028809,40025000.0,52712996.0,368057.6875
2022-01-27,1.3200000524520874,1.3309999704360962,1.281000018119812,1.281999945640564,39292500.0,51410268.0,368057.6875
2022-01-28,1.2879999876022339,1.2999999523162842,1.2410000562667847,1.2690000534057617,37589600.0,47741392.0,368057.6875
2022-02-07,1.2860000133514404,1.3300000429153442,1.2860000133514404,1.3200000524520874,44065500.0,58041720.0,368057.6875
2022-02-08,1.3270000219345093,1.3270000219345093,1.2879999876022339,1.3240000009536743,38997500.0,50977456.0,368057.6875
2022-02-09,1.3300000429153442,1.3580000400543213,1.3179999589920044,1.3539999723434448,50344800.0,67316680.0,368057.6875
2022-02-10,1.3530000448226929,1.3609999418258667,1.3370000123977661,1.3489999771118164,46239800.0,62457788.0,368057.6875
2022-02-11,1.3450000286102295,1.3550000190734863,1.3229999542236328,1.3259999752044678,39501200.0,53044696.0,368057.6875
2022-02-14,1.3259999752044678,1.3509999513626099,1.3200000524520874,1.3329999446868896,44924800.0,60073784.0,368057.6875
2022-02-15,1.3359999656677246,1.3530000448226929,1.3300000429153442,1.3530000448226929,48205300.0,64758496.0,368057.6875
2022-02-16,1.3569999933242798,1.3960000276565552,1.3559999465942383,1.3830000162124634,61673700.0,85148624.0,368057.6875
2022-02-17,1.3799999952316284,1.4179999828338623,1.3680000305175781,1.406999945640564,78052600.0,108710480.0,368057.6875
2022-02-18,1.4010000228881836,1.4049999713897705,1.3880000114440918,1.4040000438690186,53757300.0,74996928.0,368057.6875
2022-02-21,1.406000018119812,1.406999945640564,1.378000020980835,1.399999976158142,65037600.0,90729176.0,368057.6875
2022-02-22,1.3980000019073486,1.4110000133514404,1.3910000324249268,1.406999945640564,44028800.0,61712824.0,368057.6875
2022-02-23,1.406999945640564,1.434000015258789,1.4019999504089355,1.430999994277954,53825200.0,76458944.0,368057.6875
2022-02-24,1.430999994277954,1.4550000429153442,1.3849999904632568,1.409000039100647,59902800.0,85538288.0,368057.6875
2022-02-25,1.4129999876022339,1.4579999446868896,1.4129999876022339,1.4320000410079956,80867600.0,116467512.0,368057.6875
2022-02-28,1.4320000410079956,1.4559999704360962,1.4190000295639038,1.4509999752044678,74601104.0,107279944.0,368057.6875
2022-03-01,1.4520000219345093,1.4570000171661377,1.4220000505447388,1.4290000200271606,42940800.0,61666440.0,368057.6875
2022-03-02,1.4279999732971191,1.4420000314712524,1.4149999618530273,1.434999942779541,37013500.0,52951856.0,368057.6875
2022-03-03,1.437000036239624,1.4429999589920044,1.4149999618530273,1.4179999828338623,55612600.0,79405240.0,368057.6875
2022-03-04,1.4140000343322754,1.4240000247955322,1.3860000371932983,1.3930000066757202,47238100.0,66592416.0,368057.6875
2022-03-07,1.3760000467300415,1.38100004196167,1.3459999561309814,1.3550000190734863,46622700.0,63752696.0,368057.6875
2022-03-08,1.347000002861023,1.3619999885559082,1.2860000133514404,1.3020000457763672,54063300.0,71572352.0,368057.6875
2022-03-09,1.3009999990463257,1.309999942779541,1.2139999866485596,1.2699999809265137,61128400.0,78121328.0,368057.6875
2022-03-10,1.2910000085830688,1.3170000314712524,1.284000039100647,1.3049999475479126,54603288.0,70854456.0,368057.6875
2022-03-11,1.2730000019073486,1.2990000247955322,1.2549999952316284,1.2979999780654907,59470000.0,75852816.0,368057.6875
2022-03-14,1.284999966621399,1.2899999618530273,1.2569999694824219,1.2610000371932983,53791900.0,68708624.0,368057.6875
2022-03-15,1.25,1.2580000162124634,1.190000057220459,1.1920000314712524,58853400.0,72652400.0,368057.6875
2022-03-16,1.2000000476837158,1.2389999628067017,1.1619999408721924,1.2339999675750732,65163500.0,78118360.0,368057.6875
2022-03-17,1.246000051498413,1.2899999618530273,1.246000051498413,1.2669999599456787,73017504.0,93147168.0,368057.6875
2022-03-18,1.2669999599456787,1.2730000019073486,1.2510000467300415,1.2680000066757202,69078896.0,87193392.0,368057.6875
2022-03-21,1.2680000066757202,1.2920000553131104,1.2640000581741333,1.2799999713897705,41684400.0,53406932.0,368057.6875
2022-03-22,1.274999976158142,1.2890000343322754,1.2690000534057617,1.2760000228881836,41740600.0,53423572.0,368057.6875
2022-03-23,1.2790000438690186,1.2910000085830688,1.2740000486373901,1.277999997138977,52692000.0,67501240.0,368057.6875
2022-03-24,1.277999997138977,1.277999997138977,1.25,1.2690000534057617,51777300.0,65430080.0,368057.6875
2022-03-25,1.2680000066757202,1.2790000438690186,1.246999979019165,1.2480000257492065,72698304.0,91857440.0,368057.6875
2022-03-28,1.2389999628067017,1.2430000305175781,1.2079999446868896,1.2309999465942383,66824700.0,81669256.0,368057.6875
2022-03-29,1.2430000305175781,1.2430000305175781,1.2100000381469727,1.218000054359436,50312300.0,61623312.0,368057.6875
2022-03-30,1.225000023841858,1.2510000467300415,1.225000023841858,1.25,38959600.0,48284168.0,368057.6875
2022-03-31,1.2480000257492065,1.2480000257492065,1.2209999561309814,1.2259999513626099,37646800.0,46445548.0,368057.6875
2022-04-01,1.2230000495910645,1.2350000143051147,1.2139999866485596,1.2289999723434448,40484100.0,49514236.0,368057.6875
2022-04-06,1.2300000190734863,1.2300000190734863,1.2020000219345093,1.218000054359436,39916000.0,48392052.0,368057.6875
2022-04-07,1.2100000381469727,1.2200000286102295,1.1970000267028809,1.1979999542236328,50121000.0,60614276.0,368057.6875
2022-04-08,1.1979999542236328,1.2029999494552612,1.1660000085830688,1.194000005722046,49789300.0,59050280.0,368057.6875
2022-04-11,1.180999994277954,1.1829999685287476,1.11899995803833,1.1239999532699585,61670000.0,70475712.0,368057.6875
2022-04-12,1.1169999837875366,1.1519999504089355,1.1169999837875366,1.149999976158142,60646600.0,68493760.0,368057.6875
2022-04-13,1.149999976158142,1.1610000133514404,1.1349999904632568,1.1440000534057617,74788200.0,85784072.0,368057.6875
2022-04-14,1.149999976158142,1.1579999923706055,1.1440000534057617,1.1480000019073486,71937200.0,82825624.0,368057.6875
2022-04-15,1.1510000228881836,1.1510000228881836,1.121000051498413,1.1260000467300415,65004600.0,73653920.0,368057.6875
2022-04-18,1.1319999694824219,1.1319999694824219,1.093000054359436,1.1299999952316284,64073700.0,71287024.0,368057.6875
2022-04-19,1.1360000371932983,1.1579999923706055,1.13100004196167,1.1460000276565552,76195296.0,87584496.0,368057.6875
2022-04-20,1.1519999504089355,1.1519999504089355,1.1119999885559082,1.1160000562667847,77667200.0,88344136.0,368057.6875
2022-04-21,1.1059999465942383,1.1169999837875366,1.0609999895095825,1.0670000314712524,93479504.0,102684400.0,368057.6875
2022-04-22,1.065999984741211,1.065999984741211,1.0399999618530273,1.0490000247955322,77725104.0,81575848.0,368057.6875
2022-04-25,1.031999945640564,1.031999945640564,0.9570000171661377,0.9610000252723694,88350896.0,88408672.0,368057.6875
2022-04-26,0.953000009059906,0.9670000076293945,0.925000011920929,0.9279999732971191,85284304.0,80782928.0,368057.6875
2022-04-27,0.9190000295639038,1.0,0.9100000262260437,0.9980000257492065,109761000.0,102771168.0,368057.6875
2022-04-28,0.9850000143051147,1.0019999742507935,0.9660000205039978,0.9879999756813049,126161696.0,125193880.0,368057.6875
2022-04-29,0.9879999756813049,1.0449999570846558,0.9879999756813049,1.0390000343322754,86205696.0,86772224.0,368057.6875
2022-05-05,1.0399999618530273,1.069000005722046,1.0290000438690186,1.0520000457763672,127169104.0,133639592.0,368057.6875
2022-05-06,1.0140000581741333,1.0399999618530273,1.0140000581741333,1.0230000019073486,96685504.0,99214672.0,368057.6875
2022-05-09,1.0219999551773071,1.0679999589920044,1.0199999809265137,1.062000036239624,100701600.0,105818440.0,368057.6875
2022-05-10,1.0509999990463257,1.0820000171661377,1.0360000133514404,1.0750000476837158,107651600.0,114780952.0,368057.6875
2022-05-11,1.0750000476837158,1.1349999904632568,1.0740000009536743,1.1069999933242798,101612400.0,111321824.0,368057.6875
2022-05-12,1.090999960899353,1.1080000400543213,1.0809999704360962,1.0989999771118164,122805600.0,134876256.0,368057.6875
2022-05-13,1.0989999771118164,1.1069999933242798,1.0870000123977661,1.1030000448226929,87675104.0,96212440.0,368057.6875
2022-05-16,1.1089999675750732,1.1260000467300415,1.097000002861023,1.1019999980926514,84779696.0,94162952.0,368057.6875
2022-05-17,1.0989999771118164,1.13100004196167,1.0950000286102295,1.128000020980835,89493800.0,99612544.0,368057.6875
2022-05-18,1.1390000581741333,1.1449999809265137,1.1260000467300415,1.1339999437332153,83152704.0,94463664.0,368057.6875
2022-05-19,1.1230000257492065,1.159999966621399,1.1150000095367432,1.159000039100647,132558200.0,150615200.0,368057.6875
2022-05-20,1.1649999618530273,1.2009999752044678,1.1469999551773071,1.1990000009536743,111333192.0,129971432.0,368057.6875
2022-05-23,1.2009999752044678,1.218000054359436,1.180999994277954,1.215000033378601,95734496.0,114541032.0,368057.6875
2022-05-24,1.2100000381469727,1.2200000286102295,1.1690000295639038,1.1699999570846558,106303296.0,127825736.0,368057.6875
2022-05-25,1.1640000343322754,1.180999994277954,1.156000018119812,1.180999994277954,97602200.0,114073024.0,368057.6875
2022-05-26,1.1799999475479126,1.187999963760376,1.152999997138977,1.180999994277954,71246000.0,83570376.0,368057.6875
2022-05-27,1.187999963760376,1.1979999542236328,1.1640000343322754,1.1779999732971191,68904496.0,81636560.0,368057.6875
2022-05-30,1.1779999732971191,1.190000057220459,1.1720000505447388,1.187999963760376,67513400.0,79657752.0,368057.6875
2022-05-31,1.187999963760376,1.1979999542236328,1.1619999408721924,1.1959999799728394,81896800.0,96737248.0,368057.6875
2022-06-01,1.190000057220459,1.1970000267028809,1.1770000457763672,1.187999963760376,69023112.0,81912944.0,368057.6875
2022-06-02,1.1829999685287476,1.2339999675750732,1.1799999475479126,1.2280000448226929,86562712.0,105166864.0,368057.6875
2022-06-06,1.2330000400543213,1.2769999504089355,1.2289999723434448,1.2699999809265137,121606896.0,151649376.0,368057.6875
2022-06-07,1.2669999599456787,1.2760000228881836,1.246999979019165,1.2619999647140503,73335400.0,92478352.0,368057.6875
2022-06-08,1.2660000324249268,1.2829999923706055,1.2450000047683716,1.281000018119812,61504000.0,77930800.0,368057.6875
2022-06-09,1.274999976158142,1.281000018119812,1.25,1.2630000114440918,70943904.0,90301776.0,368057.6875
2022-06-10,1.253000020980835,1.315000057220459,1.2450000047683716,1.3070000410079956,149072096.0,192607328.0,368057.6875
2022-06-13,1.3040000200271606,1.347000002861023,1.2970000505447388,1.3380000591278076,184044992.0,244711808.0,368057.6875
2022-06-14,1.315000057220459,1.343999981880188,1.2970000505447388,1.343999981880188,138586704.0,182809392.0,368057.6875
2022-06-15,1.3370000123977661,1.3509999513626099,1.315999984741211,1.3170000314712524,132989504.0,177644560.0,368057.6875
2022-06-16,1.309999942779541,1.3489999771118164,1.3079999685287476,1.3259999752044678,76260096.0,101942864.0,368057.6875
2022-06-17,1.3209999799728394,1.3589999675750732,1.3140000104904175,1.3550000190734863,114985504.0,154236000.0,368057.6875
2022-06-20,1.3650000095367432,1.36899995803833,1.347000002861023,1.3600000143051147,140184608.0,190416800.0,368057.6875
2022-06-21,1.3519999980926514,1.3589999675750732,1.2960000038146973,1.3109999895095825,221588304.0,292674336.0,368057.6875
2022-06-22,1.3079999685287476,1.3329999446868896,1.3029999732971191,1.3079999685287476,95443504.0,125472800.0,368057.6875
2022-06-23,1.2979999780654907,1.343000054359436,1.2829999923706055,1.3420000076293945,177997104.0,234193632.0,368057.6875
2022-06-24,1.3350000381469727,1.3639999628067017,1.3329999446868896,1.3619999885559082,152741792.0,206435008.0,368057.6875
2022-06-27,1.3650000095367432,1.3919999599456787,1.3519999980926514,1.3860000371932983,146181408.0,201214352.0,368057.6875
2022-06-28,1.3860000371932983,1.4149999618530273,1.3830000162124634,1.4119999408721924,100014096.0,140063536.0,368057.6875
2022-06-29,1.4119999408721924,1.4129999876022339,1.3489999771118164,1.3519999980926514,150311200.0,207747664.0,368057.6875
2022-06-30,1.3519999980926514,1.4019999504089355,1.3519999980926514,1.3869999647140503,126758896.0,175158240.0,368057.6875
2022-07-01,1.3890000581741333,1.406000018119812,1.3760000467300415,1.3930000066757202,75390320.0,104758768.0,368057.6875
2022-07-04,1.3839999437332153,1.4190000295639038,1.3799999952316284,1.4160000085830688,140103296.0,196291808.0,368057.6875
2022-07-05,1.4140000343322754,1.434999942779541,1.3980000019073486,1.4220000505447388,103377296.0,146938832.0,368057.6875
2022-07-06,1.406999945640564,1.4229999780654907,1.38100004196167,1.3969999551773071,91771800.0,129146864.0,368057.6875
2022-07-07,1.3899999856948853,1.4220000505447388,1.3819999694824219,1.4160000085830688,89245400.0,125084120.0,368057.6875
2022-07-08,1.4160000085830688,1.4390000104904175,1.3990000486373901,1.3990000486373901,99326704.0,141258336.0,368057.6875
2022-07-11,1.399999976158142,1.406999945640564,1.350000023841858,1.3660000562667847,83791200.0,114918976.0,368057.6875
2022-07-12,1.3600000143051147,1.3700000047683716,1.3300000429153442,1.3320000171661377,141887200.0,190811168.0,368057.6875
2022-07-13,1.3350000381469727,1.3580000400543213,1.3200000524520874,1.3519999980926514,104675296.0,140352528.0,368057.6875
2022-07-14,1.3459999561309814,1.378999948501587,1.3420000076293945,1.371999979019165,118328896.0,161396464.0,368057.6875
2022-07-15,1.3660000562667847,1.3930000066757202,1.3609999418258667,1.3669999837875366,122308096.0,169067872.0,368057.6875
2022-07-18,1.3660000562667847,1.4040000438690186,1.3660000562667847,1.4019999504089355,125152496.0,172945312.0,368057.6875
2022-07-19,1.3969999551773071,1.4240000247955322,1.378999948501587,1.406000018119812,147891504.0,207790848.0,368057.6875
2022-07-20,1.406000018119812,1.4160000085830688,1.3949999809265137,1.4149999618530273,123282704.0,173390224.0,368057.6875
2022-07-21,1.4119999408721924,1.4129999876022339,1.3890000581741333,1.3949999809265137,113858896.0,159765008.0,368057.6875
2022-07-22,1.3949999809265137,1.402999997138977,1.3700000047683716,1.3849999904632568,110882400.0,153716288.0,368057.6875
2022-07-25,1.3839999437332153,1.3899999856948853,1.3559999465942383,1.3569999933242798,99614800.0,136915440.0,368057.6875
2022-07-26,1.3530000448226929,1.3860000371932983,1.350000023841858,1.3799999952316284,93118304.0,127291328.0,368057.6875
2022-07-27,1.3830000162124634,1.409999966621399,1.3660000562667847,1.4079999923706055,108218496.0,150775776.0,368057.6875
2022-07-28,1.4170000553131104,1.4249999523162842,1.3990000486373901,1.4199999570846558,120892600.0,170741600.0,368057.6875
2022-07-29,1.4190000295639038,1.4270000457763672,1.409000039100647,1.409000039100647,122330496.0,173523808.0,368057.6875
2022-08-01,1.399999976158142,1.4179999828338623,1.38100004196167,1.4140000343322754,94770096.0,132240184.0,368057.6875
2022-08-02,1.4019999504089355,1.4019999504089355,1.3389999866485596,1.3559999465942383,112143696.0,153329840.0,368057.6875
2022-08-03,1.3519999980926514,1.3949999809265137,1.3519999980926514,1.3650000095367432,108844704.0,150124592.0,368057.6875
2022-08-04,1.3619999885559082,1.378999948501587,1.3420000076293945,1.3609999418258667,120807400.0,164791680.0,368057.6875
2022-08-05,1.3609999418258667,1.3930000066757202,1.3459999561309814,1.3930000066757202,115305696.0,157509024.0,368057.6875
2022-08-08,1.3899999856948853,1.4079999923706055,1.375,1.406999945640564,90941648.0,126750368.0,368057.6875
2022-08-09,1.4079999923706055,1.4249999523162842,1.3990000486373901,1.4220000505447388,114331448.0,161914832.0,368057.6875
2022-08-10,1.4220000505447388,1.4320000410079956,1.4129999876022339,1.4210000038146973,150614096.0,214243936.0,368057.6875
2022-08-11,1.4220000505447388,1.4320000410079956,1.4079999923706055,1.4299999475479126,108971104.0,154544784.0,368057.6875
2022-08-12,1.4290000200271606,1.4559999704360962,1.4190000295639038,1.4229999780654907,95947800.0,138199216.0,368057.6875
2022-08-15,1.4170000553131104,1.4579999446868896,1.409999966621399,1.4579999446868896,104853104.0,151102304.0,368057.6875
2022-08-16,1.4570000171661377,1.4600000381469727,1.4299999475479126,1.4329999685287476,97351800.0,140527296.0,368057.6875
2022-08-17,1.434000015258789,1.434999942779541,1.4079999923706055,1.4240000247955322,64536000.0,91782976.0,368057.6875
2022-08-18,1.4240000247955322,1.440999984741211,1.4199999570846558,1.437000036239624,73959800.0,106131632.0,368057.6875
2022-08-19,1.4299999475479126,1.434999942779541,1.3890000581741333,1.3919999599456787,82817904.0,116957744.0,368057.6875
2022-08-22,1.3869999647140503,1.4110000133514404,1.3660000562667847,1.409999966621399,76828600.0,106245280.0,368057.6875
2022-08-23,1.402999997138977,1.4160000085830688,1.402999997138977,1.409999966621399,68679952.0,96845032.0,368057.6875
2022-08-24,1.4049999713897705,1.4129999876022339,1.343999981880188,1.3509999513626099,104023504.0,143493824.0,368057.6875
2022-08-25,1.3509999513626099,1.3530000448226929,1.3140000104904175,1.3350000381469727,82984576.0,110549680.0,368057.6875
2022-08-26,1.3350000381469727,1.3799999952316284,1.3350000381469727,1.3550000190734863,78534704.0,106814848.0,368057.6875
2022-08-29,1.3370000123977661,1.3550000190734863,1.3209999799728394,1.3489999771118164,144319808.0,193667232.0,368057.6875
2022-08-30,1.3489999771118164,1.3519999980926514,1.3270000219345093,1.3329999446868896,76865296.0,103121256.0,368057.6875
2022-08-31,1.3300000429153442,1.3300000429153442,1.274999976158142,1.277999997138977,85515088.0,111479544.0,368057.6875
2022-09-01,1.2740000486373901,1.2940000295639038,1.2660000324249268,1.2690000534057617,82413456.0,105603320.0,368057.6875
2022-09-02,1.2669999599456787,1.2860000133514404,1.2589999437332153,1.2769999504089355,92920000.0,118225616.0,368057.6875
2022-09-05,1.2640000581741333,1.2879999876022339,1.2640000581741333,1.2760000228881836,75774400.0,96604192.0,368057.6875
2022-09-06,1.274999976158142,1.312000036239624,1.2730000019073486,1.3109999895095825,79132200.0,101979280.0,368057.6875
2022-09-07,1.309000015258789,1.3300000429153442,1.3009999990463257,1.3270000219345093,74869800.0,98864064.0,368057.6875
2022-09-08,1.3259999752044678,1.3339999914169312,1.309000015258789,1.309999942779541,85119456.0,112630096.0,368057.6875
2022-09-09,1.305999994277954,1.3170000314712524,1.2949999570846558,1.3140000104904175,63581600.0,83153752.0,368057.6875
2022-09-13,1.3170000314712524,1.3270000219345093,1.3079999685287476,1.3200000524520874,63507900.0,83659824.0,368057.6875
2022-09-14,1.2999999523162842,1.309999942779541,1.2879999876022339,1.2940000295639038,78294464.0,101627008.0,368057.6875
2022-09-15,1.2940000295639038,1.3029999732971191,1.2289999723434448,1.2419999837875366,98684896.0,124686240.0,368057.6875
2022-09-16,1.2419999837875366,1.2430000305175781,1.2029999494552612,1.2039999961853027,90326304.0,110664576.0,368057.6875
2022-09-19,1.2039999961853027,1.215000033378601,1.1799999475479126,1.190999984741211,100684496.0,120906360.0,368057.6875
2022-09-20,1.2000000476837158,1.2350000143051147,1.1929999589920044,1.222000002861023,84031104.0,102576896.0,368057.6875
2022-09-21,1.2230000495910645,1.2519999742507935,1.218999981880188,1.246999979019165,102734000.0,126732728.0,368057.6875
2022-09-22,1.2309999465942383,1.2589999437332153,1.222000002861023,1.2400000095367432,80986096.0,100836080.0,368057.6875
2022-09-23,1.2410000562667847,1.2450000047683716,1.2029999494552612,1.2200000286102295,91189696.0,111842312.0,368057.6875
2022-09-26,1.2059999704360962,1.225000023841858,1.1950000524520874,1.2100000381469727,97342600.0,117734056.0,368057.6875
2022-09-27,1.2120000123977661,1.2200000286102295,1.190000057220459,1.2170000076293945,85215504.0,102833408.0,368057.6875
2022-09-28,1.2170000076293945,1.2170000076293945,1.1610000133514404,1.1619999408721924,100682096.0,118994640.0,368057.6875
2022-09-29,1.1670000553131104,1.1799999475479126,1.159999966621399,1.1690000295639038,90999296.0,106543088.0,368057.6875
2022-09-30,1.1649999618530273,1.1729999780654907,1.1440000534057617,1.1469999551773071,87538096.0,101466808.0,368057.6875
2022-10-10,1.1469999551773071,1.1540000438690186,1.1119999885559082,1.1180000305175781,81383800.0,92382544.0,368057.6875
2022-10-11,1.1180000305175781,1.1430000066757202,1.1180000305175781,1.1369999647140503,82438400.0,93312016.0,368057.6875
2022-10-12,1.1380000114440918,1.1690000295639038,1.1039999723434448,1.1690000295639038,90746016.0,102490824.0,368057.6875
2022-10-13,1.1610000133514404,1.1970000267028809,1.1579999923706055,1.1829999685287476,105991600.0,125866016.0,368057.6875
2022-10-14,1.1950000524520874,1.2139999866485596,1.180999994277954,1.2089999914169312,80811000.0,96765464.0,368057.6875
2022-10-17,1.2009999752044678,1.2089999914169312,1.1890000104904175,1.2089999914169312,107290800.0,128445264.0,368057.6875
2022-10-18,1.2109999656677246,1.2200000286102295,1.2000000476837158,1.2050000429153442,74187104.0,89692832.0,368057.6875
2022-10-19,1.2050000429153442,1.218000054359436,1.1890000104904175,1.190999984741211,72727800.0,87640160.0,368057.6875
2022-10-20,1.1890000104904175,1.1929999589920044,1.156999945640564,1.1759999990463257,83568096.0,98085832.0,368057.6875
2022-10-21,1.1759999990463257,1.187000036239624,1.1670000553131104,1.1729999780654907,78502896.0,92639152.0,368057.6875
2022-10-24,1.1720000505447388,1.1990000009536743,1.156000018119812,1.1710000038146973,83459904.0,98989976.0,368057.6875
2022-10-25,1.1729999780654907,1.1770000457763672,1.13100004196167,1.1619999408721924,80584304.0,92426072.0,368057.6875
2022-10-26,1.159000039100647,1.190999984741211,1.159000039100647,1.184000015258789,86572824.0,101510376.0,368057.6875
2022-10-27,1.180999994277954,1.190999984741211,1.1729999780654907,1.1729999780654907,77363104.0,91659440.0,368057.6875
2022-10-28,1.1640000343322754,1.1660000085830688,1.1150000095367432,1.1200000047683716,80328992.0,92092832.0,368057.6875
2022-10-31,1.1130000352859497,1.1299999952316284,1.1009999513626099,1.121000051498413,92132192.0,102698776.0,368057.6875
2022-11-01,1.1160000562667847,1.1740000247955322,1.1160000562667847,1.1729999780654907,96235904.0,110586168.0,368057.6875
2022-11-02,1.1640000343322754,1.2059999704360962,1.1619999408721924,1.1959999799728394,79386592.0,94212872.0,368057.6875
2022-11-03,1.184000015258789,1.2050000429153442,1.1799999475479126,1.1920000314712524,84265696.0,100984008.0,368057.6875
2022-11-04,1.1990000009536743,1.2400000095367432,1.1920000314712524,1.2389999628067017,91150600.0,110853696.0,368057.6875
2022-11-07,1.2380000352859497,1.25600004196167,1.2100000381469727,1.2450000047683716,99443800.0,124154960.0,368057.6875
2022-11-08,1.2380000352859497,1.253000020980835,1.2330000400543213,1.2450000047683716,84300704.0,104700112.0,368057.6875
2022-11-09,1.246000051498413,1.2549999952316284,1.2300000190734863,1.2300000190734863,69094200.0,85659968.0,368057.6875
2022-11-10,1.2280000448226929,1.2280000448226929,1.2079999446868896,1.2120000123977661,68754200.0,83776016.0,368057.6875
2022-11-11,1.2430000305175781,1.2480000257492065,1.2130000591278076,1.2170000076293945,83853800.0,102685896.0,368057.6875
2022-11-14,1.2120000123977661,1.222000002861023,1.184999942779541,1.1920000314712524,72641104.0,87646384.0,368057.6875
2022-11-15,1.1920000314712524,1.2230000495910645,1.1829999685287476,1.2209999561309814,75758704.0,91253360.0,368057.6875
2022-11-16,1.2200000286102295,1.2230000495910645,1.1970000267028809,1.1979999542236328,73941696.0,89182664.0,368057.6875
2022-11-17,1.2009999752044678,1.2009999752044678,1.1740000247955322,1.1890000104904175,71926200.0,85038432.0,368057.6875
2022-11-18,1.1859999895095825,1.1929999589920044,1.1729999780654907,1.1749999523162842,63824800.0,75618672.0,368057.6875
2022-11-21,1.1679999828338623,1.1829999685287476,1.1629999876022339,1.1829999685287476,69591400.0,81781160.0,368057.6875
2022-11-22,1.1779999732971191,1.187000036239624,1.1679999828338623,1.1740000247955322,66560200.0,78326288.0,368057.6875
2022-11-23,1.1729999780654907,1.184999942779541,1.159000039100647,1.184000015258789,76328600.0,89477144.0,368057.6875
2022-11-24,1.184000015258789,1.2009999752044678,1.1829999685287476,1.1920000314712524,68924496.0,82134120.0,368057.6875
2022-11-25,1.1890000104904175,1.1890000104904175,1.1660000085830688,1.1679999828338623,73594800.0,86307920.0,368057.6875
2022-11-28,1.149999976158142,1.159999966621399,1.1349999904632568,1.1579999923706055,66080100.0,75824928.0,368057.6875
2022-11-29,1.1519999504089355,1.1749999523162842,1.1519999504089355,1.1740000247955322,59748964.0,69631800.0,368057.6875
2022-11-30,1.1740000247955322,1.184999942779541,1.159999966621399,1.1729999780654907,70243256.0,82674296.0,368057.6875
2022-12-01,1.1859999895095825,1.1959999799728394,1.184999942779541,1.190999984741211,71475944.0,85142432.0,368057.6875
2022-12-02,1.190000057220459,1.194000005722046,1.180999994277954,1.184999942779541,63758016.0,75686144.0,368057.6875
2022-12-05,1.187000036239624,1.2130000591278076,1.1820000410079956,1.2120000123977661,82292704.0,98770696.0,368057.6875
2022-12-06,1.2029999494552612,1.2100000381469727,1.194000005722046,1.2059999704360962,69794496.0,84000288.0,368057.6875
2022-12-07,1.2039999961853027,1.2120000123977661,1.1950000524520874,1.2020000219345093,75594736.0,91141720.0,368057.6875
2022-12-08,1.2000000476837158,1.2039999961853027,1.1859999895095825,1.190000057220459,63893900.0,76304720.0,368057.6875
2022-12-09,1.184000015258789,1.2000000476837158,1.184000015258789,1.2000000476837158,68493296.0,81612960.0,368057.6875
2022-12-12,1.1929999589920044,1.1990000009536743,1.1710000038146973,1.1729999780654907,62577444.0,73769968.0,368057.6875
2022-12-13,1.1759999990463257,1.1959999799728394,1.1759999990463257,1.1799999475479126,77581200.0,92196832.0,368057.6875
2022-12-14,1.180999994277954,1.1929999589920044,1.1720000505447388,1.1770000457763672,54290700.0,64159568.0,368057.6875
2022-12-15,1.1770000457763672,1.1829999685287476,1.1670000553131104,1.1820000410079956,61280400.0,71866512.0,368057.6875
2022-12-16,1.1759999990463257,1.1770000457763672,1.152999997138977,1.156999945640564,55335500.0,64294056.0,368057.6875
2022-12-19,1.156999945640564,1.1710000038146973,1.1319999694824219,1.1360000371932983,62536000.0,72190952.0,368057.6875
2022-12-20,1.13100004196167,1.1460000276565552,1.128999948501587,1.1380000114440918,60097600.0,68371592.0,368057.6875
2022-12-21,1.1380000114440918,1.1410000324249268,1.1169999837875366,1.1239999532699585,60965700.0,68882984.0,368057.6875
2022-12-22,1.1260000467300415,1.1319999694824219,1.097000002861023,1.1009999513626099,53259800.0,59418216.0,368057.6875
2022-12-23,1.0950000286102295,1.1039999723434448,1.0889999866485596,1.100000023841858,47672600.0,52304768.0,368057.6875
2022-12-26,1.0959999561309814,1.1230000257492065,1.0959999561309814,1.1230000257492065,49353500.0,54895016.0,368057.6875
2022-12-27,1.125,1.1460000276565552,1.1230000257492065,1.1440000534057617,44803700.0,50739560.0,368057.6875
2022-12-28,1.1360000371932983,1.1469999551773071,1.128000020980835,1.1339999437332153,49798000.0,56614652.0,368057.6875
2022-12-29,1.1260000467300415,1.1390000581741333,1.1230000257492065,1.1239999532699585,53322460.0,60330680.0,368057.6875
2022-12-30,1.1339999437332153,1.1349999904632568,1.1180000305175781,1.11899995803833,63073000.0,71016240.0,368057.6875
2023-01-03,1.11899995803833,1.149999976158142,1.11899995803833,1.1469999551773071,64874300.0,73485336.0,368057.6875
2023-01-04,1.1440000534057617,1.1490000486373901,1.1260000467300415,1.1319999694824219,46581500.0,52961524.0,368057.6875
2023-01-05,1.1319999694824219,1.1490000486373901,1.128000020980835,1.1460000276565552,58134000.0,66123820.0,368057.6875
2023-01-06,1.1449999809265137,1.1729999780654907,1.1410000324249268,1.1640000343322754,76268896.0,88626440.0,368057.6875
2023-01-09,1.1649999618530273,1.1859999895095825,1.1649999618530273,1.1799999475479126,73881600.0,86793672.0,368057.6875
2023-01-10,1.1759999990463257,1.1770000457763672,1.1610000133514404,1.1670000553131104,68152400.0,79511328.0,368057.6875
2023-01-11,1.1679999828338623,1.1790000200271606,1.159999966621399,1.1619999408721924,68233200.0,79858400.0,368057.6875
2023-01-12,1.1629999876022339,1.1759999990463257,1.1610000133514404,1.1640000343322754,68708200.0,80215872.0,368057.6875
2023-01-13,1.1649999618530273,1.1740000247955322,1.1549999713897705,1.1660000085830688,60556500.0,70495296.0,368057.6875
2023-01-16,1.1610000133514404,1.1859999895095825,1.1610000133514404,1.1790000200271606,55741800.0,65524756.0,368057.6875
2023-01-17,1.1790000200271606,1.190000057220459,1.1759999990463257,1.1890000104904175,67261600.0,79506384.0,368057.6875
2023-01-18,1.1799999475479126,1.194000005722046,1.1799999475479126,1.1890000104904175,80615696.0,95798920.0,368057.6875
2023-01-19,1.184999942779541,1.1959999799728394,1.1779999732971191,1.1950000524520874,62351400.0,73789744.0,368057.6875
2023-01-20,1.1950000524520874,1.2280000448226929,1.190999984741211,1.2259999513626099,78320000.0,95158752.0,368057.6875
2023-01-30,1.2480000257492065,1.2640000581741333,1.2430000305175781,1.253000020980835,77008400.0,96665408.0,368057.6875
2023-01-31,1.246000051498413,1.2660000324249268,1.2450000047683716,1.2619999647140503,80218600.0,100880968.0,368057.6875
2023-02-01,1.2640000581741333,1.3109999895095825,1.2640000581741333,1.3079999685287476,113964376.0,147205312.0,368057.6875
2023-02-02,1.305999994277954,1.305999994277954,1.2890000343322754,1.2949999570846558,73121400.0,94803984.0,368057.6875
2023-02-03,1.2920000553131104,1.2929999828338623,1.2589999437332153,1.2790000438690186,60629600.0,77058920.0,368057.6875
2023-02-06,1.2790000438690186,1.2790000438690186,1.2580000162124634,1.2710000276565552,56034100.0,70893328.0,368057.6875
2023-02-07,1.2669999599456787,1.2799999713897705,1.2610000371932983,1.277999997138977,61215600.0,77697816.0,368057.6875
2023-02-08,1.2730000019073486,1.2799999713897705,1.2610000371932983,1.2619999647140503,57874200.0,73627624.0,368057.6875
2023-02-09,1.2599999904632568,1.2799999713897705,1.25600004196167,1.2799999713897705,63288856.0,80514880.0,368057.6875
2023-02-10,1.2769999504089355,1.2799999713897705,1.2630000114440918,1.2660000324249268,97062352.0,123498624.0,368057.6875
2023-02-13,1.2669999599456787,1.2829999923706055,1.2660000324249268,1.2760000228881836,91824952.0,117282736.0,368057.6875
2023-02-14,1.274999976158142,1.2929999828338623,1.2740000486373901,1.2879999876022339,59993600.0,77037408.0,368057.6875
2023-02-15,1.2869999408721924,1.2910000085830688,1.274999976158142,1.277999997138977,89691800.0,115093752.0,368057.6875
2023-02-16,1.2740000486373901,1.277999997138977,1.2289999723434448,1.2410000562667847,66932100.0,84739312.0,368057.6875
2023-02-17,1.2410000562667847,1.253000020980835,1.2280000448226929,1.2319999933242798,79887800.0,99205872.0,368057.6875
2023-02-20,1.2300000190734863,1.2519999742507935,1.222000002861023,1.2510000467300415,95694400.0,118421640.0,368057.6875
2023-02-21,1.246999979019165,1.277999997138977,1.246999979019165,1.2760000228881836,107912704.0,136546464.0,368057.6875
2023-02-22,1.2680000066757202,1.2730000019073486,1.2610000371932983,1.2680000066757202,62413800.0,79041448.0,368057.6875
2023-02-23,1.2669999599456787,1.2710000276565552,1.2589999437332153,1.2699999809265137,63904300.0,80860960.0,368057.6875
2023-02-24,1.2669999599456787,1.2690000534057617,1.24399995803833,1.2549999952316284,73490200.0,92129840.0,368057.6875
2023-02-27,1.2519999742507935,1.25600004196167,1.2410000562667847,1.2430000305175781,70200704.0,87610784.0,368057.6875
2023-02-28,1.2430000305175781,1.2549999952316284,1.2350000143051147,1.253999948501587,63954400.0,79578256.0,368057.6875
2023-03-01,1.246000051498413,1.2599999904632568,1.2450000047683716,1.2589999437332153,67184000.0,84245496.0,368057.6875
2023-03-02,1.25,1.25,1.2269999980926514,1.2330000400543213,162277504.0,199982896.0,368057.6875
2023-03-03,1.2309999465942383,1.2339999675750732,1.222000002861023,1.2330000400543213,117294000.0,144138512.0,368057.6875
2023-03-06,1.2309999465942383,1.2330000400543213,1.2120000123977661,1.225000023841858,94552560.0,115395328.0,368057.6875
2023-03-07,1.225000023841858,1.2280000448226929,1.2020000219345093,1.2059999704360962,68051864.0,82851240.0,368057.6875
2023-03-08,1.2000000476837158,1.2029999494552612,1.1929999589920044,1.2029999494552612,48655500.0,58315944.0,368057.6875
2023-03-09,1.2059999704360962,1.2109999656677246,1.1929999589920044,1.1979999542236328,67909696.0,81398760.0,368057.6875
2023-03-10,1.1890000104904175,1.1920000314712524,1.1749999523162842,1.1770000457763672,113177904.0,133709296.0,368057.6875
2023-03-13,1.1740000247955322,1.1829999685287476,1.1649999618530273,1.1759999990463257,74521600.0,87306088.0,368057.6875
2023-03-14,1.1759999990463257,1.1779999732971191,1.149999976158142,1.1660000085830688,59887700.0,69758184.0,368057.6875
2023-03-15,1.1699999570846558,1.184000015258789,1.1690000295639038,1.1770000457763672,57146600.0,67371072.0,368057.6875
2023-03-16,1.1749999523162842,1.1749999523162842,1.1440000534057617,1.1460000276565552,75456096.0,87559536.0,368057.6875
2023-03-17,1.156000018119812,1.1629999876022339,1.1490000486373901,1.1540000438690186,59913800.0,69299096.0,368057.6875
2023-03-20,1.1579999923706055,1.1619999408721924,1.1460000276565552,1.1610000133514404,52580200.0,60684192.0,368057.6875
2023-03-21,1.159999966621399,1.1759999990463257,1.156999945640564,1.1759999990463257,59186200.0,68964280.0,368057.6875
2023-03-22,1.1779999732971191,1.184000015258789,1.1619999408721924,1.1710000038146973,69181000.0,80924056.0,368057.6875
2023-03-23,1.1699999570846558,1.1759999990463257,1.1619999408721924,1.1749999523162842,54462400.0,63600004.0,368057.6875
2023-03-24,1.1699999570846558,1.1770000457763672,1.1690000295639038,1.1729999780654907,67227504.0,78856808.0,368057.6875
2023-03-27,1.1759999990463257,1.1770000457763672,1.1649999618530273,1.1710000038146973,56908100.0,66672308.0,368057.6875
2023-03-28,1.1699999570846558,1.1720000505447388,1.1519999504089355,1.1579999923706055,53198300.0,61782572.0,368057.6875
2023-03-29,1.156000018119812,1.159999966621399,1.1480000019073486,1.1510000228881836,51608700.0,59579200.0,368057.6875
2023-03-30,1.1510000228881836,1.152999997138977,1.1380000114440918,1.152999997138977,58387400.0,66820540.0,368057.6875
2023-03-31,1.1549999713897705,1.1649999618530273,1.1519999504089355,1.1619999408721924,66932200.0,77691640.0,368057.6875
2023-04-03,1.1629999876022339,1.180999994277954,1.159000039100647,1.1799999475479126,66083100.0,77390768.0,368057.6875
2023-04-04,1.1799999475479126,1.1799999475479126,1.1629999876022339,1.1690000295639038,62560100.0,73061360.0,368057.6875
2023-04-06,1.1690000295639038,1.1790000200271606,1.159000039100647,1.1779999732971191,74625504.0,86950688.0,368057.6875
2023-04-07,1.1790000200271606,1.1790000200271606,1.1710000038146973,1.1770000457763672,57039900.0,66985684.0,368057.6875
2023-04-10,1.1770000457763672,1.1799999475479126,1.1679999828338623,1.1729999780654907,66051100.0,77536368.0,368057.6875
2023-04-11,1.1729999780654907,1.184999942779541,1.1629999876022339,1.184000015258789,98483400.0,115765288.0,368057.6875
2023-04-12,1.187000036239624,1.1929999589920044,1.1790000200271606,1.1920000314712524,60974300.0,72297376.0,368057.6875
2023-04-13,1.190999984741211,1.1990000009536743,1.1770000457763672,1.1779999732971191,77099504.0,91864064.0,368057.6875
2023-04-14,1.1770000457763672,1.194000005722046,1.1770000457763672,1.194000005722046,71751400.0,85402120.0,368057.6875
2023-04-17,1.194000005722046,1.2039999961853027,1.187000036239624,1.2020000219345093,46571600.0,55640964.0,368057.6875
2023-04-18,1.2020000219345093,1.2059999704360962,1.187999963760376,1.1929999589920044,54000100.0,64600424.0,368057.6875
2023-04-19,1.1950000524520874,1.1950000524520874,1.1799999475479126,1.180999994277954,75394304.0,89365632.0,368057.6875
2023-04-20,1.1790000200271606,1.1790000200271606,1.156000018119812,1.1660000085830688,73327696.0,85254232.0,368057.6875
2023-04-21,1.1640000343322754,1.1649999618530273,1.1319999694824219,1.1339999437332153,55310500.0,63664172.0,368057.6875
2023-04-24,1.128999948501587,1.1339999437332153,1.1180000305175781,1.1239999532699585,47332800.0,53298560.0,368057.6875
2023-04-25,1.1239999532699585,1.1269999742507935,1.0859999656677246,1.097000002861023,66426700.0,73202584.0,368057.6875
2023-04-26,1.0980000495910645,1.1239999532699585,1.090999960899353,1.1160000562667847,53420500.0,59487840.0,368057.6875
2023-04-27,1.1160000562667847,1.1169999837875366,1.1039999723434448,1.1100000143051147,53145000.0,59012200.0,368057.6875
2023-04-28,1.1109999418258667,1.1239999532699585,1.1109999418258667,1.121000051498413,46969200.0,52461176.0,368057.6875
2023-05-04,1.1100000143051147,1.11899995803833,1.1059999465942383,1.1100000143051147,54059000.0,60161816.0,368057.6875
2023-05-05,1.1100000143051147,1.1100000143051147,1.0839999914169312,1.090000033378601,82625904.0,90211088.0,368057.6875
2023-05-08,1.090000033378601,1.1069999933242798,1.090000033378601,1.1039999723434448,67835200.0,74557368.0,368057.6875
2023-05-09,1.1039999723434448,1.128000020980835,1.0920000076293945,1.1089999675750732,51551000.0,57084692.0,368057.6875
2023-05-10,1.1089999675750732,1.1169999837875366,1.100000023841858,1.1119999885559082,47317500.0,52499792.0,368057.6875
2023-05-11,1.1139999628067017,1.1150000095367432,1.1059999465942383,1.1139999628067017,45077500.0,50111836.0,368057.6875
2023-05-12,1.1119999885559082,1.1119999885559082,1.0850000381469727,1.0870000123977661,45270100.0,49585464.0,368057.6875
2023-05-15,1.0820000171661377,1.1130000352859497,1.0820000171661377,1.1109999418258667,50967500.0,56024848.0,368057.6875
2023-05-16,1.1180000305175781,1.1180000305175781,1.1019999980926514,1.1069999933242798,52430220.0,58115508.0,368057.6875
2023-05-17,1.1069999933242798,1.1130000352859497,1.1019999980926514,1.1109999418258667,38659800.0,42789044.0,368057.6875
2023-05-18,1.1160000562667847,1.1180000305175781,1.1030000448226929,1.1089999675750732,35650300.0,39589576.0,368057.6875
2023-05-19,1.1050000190734863,1.1109999418258667,1.097000002861023,1.1039999723434448,32957100.0,36359592.0,368057.6875
2023-05-22,1.1080000400543213,1.1089999675750732,1.100000023841858,1.1059999465942383,42374500.0,46766720.0,368057.6875
2023-05-23,1.1030000448226929,1.1050000190734863,1.090999960899353,1.090999960899353,43147600.0,47429704.0,368057.6875
2023-05-24,1.0880000591278076,1.0980000495910645,1.0839999914169312,1.0880000591278076,38081000.0,41490548.0,368057.6875
2023-05-25,1.0829999446868896,1.0920000076293945,1.0720000267028809,1.0820000171661377,43128300.0,46654576.0,368057.6875
2023-05-26,1.0820000171661377,1.0820000171661377,1.065000057220459,1.0770000219345093,47142500.0,50500036.0,368057.6875
2023-05-29,1.0789999961853027,1.0809999704360962,1.0670000314712524,1.0720000267028809,126442000.0,135581312.0,368057.6875
2023-05-30,1.069000005722046,1.0759999752044678,1.055999994277954,1.0709999799728394,68970896.0,73532056.0,368057.6875
2023-05-31,1.0700000524520874,1.0740000009536743,1.065999984741211,1.0729999542236328,59766400.0,63939156.0,368057.6875
2023-06-01,1.0740000009536743,1.0850000381469727,1.0670000314712524,1.0820000171661377,57952600.0,62455080.0,368057.6875
2023-06-02,1.0789999961853027,1.0989999771118164,1.0770000219345093,1.0980000495910645,77913800.0,85226368.0,368057.6875
2023-06-05,1.0980000495910645,1.1009999513626099,1.0839999914169312,1.0870000123977661,38059900.0,41472152.0,368057.6875
2023-06-06,1.0880000591278076,1.0880000591278076,1.062999963760376,1.065999984741211,49203300.0,52889116.0,368057.6875
2023-06-07,1.0670000314712524,1.069000005722046,1.0570000410079956,1.059999942779541,56645600.0,60248592.0,368057.6875
2023-06-08,1.059999942779541,1.069000005722046,1.0570000410079956,1.0640000104904175,59928700.0,63730712.0,368057.6875
2023-06-09,1.0640000104904175,1.0720000267028809,1.062999963760376,1.0709999799728394,54769300.0,58389284.0,368057.6875
2023-06-12,1.0670000314712524,1.0800000429153442,1.0670000314712524,1.0750000476837158,38966500.0,41779960.0,368057.6875
2023-06-13,1.0759999752044678,1.0800000429153442,1.0729999542236328,1.0759999752044678,42232800.0,45440824.0,368057.6875
2023-06-14,1.0820000171661377,1.0820000171661377,1.0729999542236328,1.0750000476837158,39092900.0,42067896.0,368057.6875
2023-06-15,1.0779999494552612,1.0950000286102295,1.0729999542236328,1.093999981880188,31796100.0,34533100.0,368057.6875
2023-06-16,1.0959999561309814,1.1069999933242798,1.0859999656677246,1.1059999465942383,48326400.0,53125588.0,368057.6875
2023-06-19,1.1059999465942383,1.1059999465942383,1.097000002861023,1.100000023841858,59060400.0,65001848.0,368057.6875
2023-06-20,1.1009999513626099,1.1039999723434448,1.093000054359436,1.0980000495910645,39967000.0,43811972.0,368057.6875
2023-06-21,1.1009999513626099,1.1059999465942383,1.0829999446868896,1.0839999914169312,36225800.0,39664912.0,368057.6875
2023-06-26,1.0789999961853027,1.090999960899353,1.0740000009536743,1.0759999752044678,34781500.0,37665628.0,368057.6875
2023-06-27,1.0770000219345093,1.090000033378601,1.0740000009536743,1.0889999866485596,32313500.0,34960736.0,368057.6875
2023-06-28,1.090999960899353,1.090999960899353,1.0670000314712524,1.0839999914169312,40745300.0,43995724.0,368057.6875
2023-06-29,1.0820000171661377,1.1089999675750732,1.0789999961853027,1.1080000400543213,49009600.0,53636968.0,368057.6875
2023-06-30,1.1089999675750732,1.121999979019165,1.1039999723434448,1.1200000047683716,57244200.0,63731720.0,368057.6875
2023-07-03,1.1269999742507935,1.13100004196167,1.1200000047683716,1.1200000047683716,48496300.0,54577708.0,368057.6875
2023-07-04,1.1399999856948853,1.1410000324249268,1.1230000257492065,1.1299999952316284,49358500.0,55879716.0,368057.6875
2023-07-05,1.1239999532699585,1.1699999570846558,1.11899995803833,1.1690000295639038,125556304.0,144509632.0,368057.6875
2023-07-06,1.1660000085830688,1.1660000085830688,1.1380000114440918,1.1460000276565552,117304304.0,134170120.0,368057.6875
2023-07-07,1.1390000581741333,1.1449999809265137,1.1260000467300415,1.1349999904632568,69646704.0,79031600.0,368057.6875
2023-07-10,1.1339999437332153,1.1430000066757202,1.125,1.1269999742507935,54573800.0,61785992.0,368057.6875
2023-07-11,1.128000020980835,1.1399999856948853,1.121000051498413,1.1390000581741333,75875696.0,85544704.0,368057.6875
2023-07-12,1.1349999904632568,1.1360000371932983,1.121999979019165,1.125,60869000.0,68720832.0,368057.6875
2023-07-13,1.128000020980835,1.1419999599456787,1.128000020980835,1.1360000371932983,248279904.0,282725152.0,368057.6875
2023-07-14,1.1339999437332153,1.1369999647140503,1.125,1.128000020980835,71959832.0,81297264.0,368057.6875
2023-07-17,1.1180000305175781,1.1200000047683716,1.0959999561309814,1.100000023841858,70705904.0,77985280.0,368057.6875
2023-07-18,1.100000023841858,1.1080000400543213,1.097000002861023,1.1059999465942383,46362500.0,51044724.0,368057.6875
2023-07-19,1.1050000190734863,1.1080000400543213,1.093000054359436,1.0989999771118164,46195300.0,50774792.0,368057.6875
2023-07-20,1.0989999771118164,1.1059999465942383,1.090999960899353,1.0920000076293945,41847900.0,46070428.0,368057.6875
2023-07-21,1.0920000076293945,1.0950000286102295,1.0839999914169312,1.0880000591278076,54664700.0,59629744.0,368057.6875
2023-07-24,1.0880000591278076,1.0880000591278076,1.0740000009536743,1.0770000219345093,75549104.0,81609032.0,368057.6875
2023-07-25,1.0829999446868896,1.100000023841858,1.0829999446868896,1.0980000495910645,85842304.0,93916200.0,368057.6875
2023-07-26,1.0980000495910645,1.0980000495910645,1.0850000381469727,1.090999960899353,76469904.0,83380848.0,368057.6875
2023-07-27,1.0920000076293945,1.097000002861023,1.0809999704360962,1.0829999446868896,71257000.0,77678904.0,368057.6875
2023-07-28,1.0839999914169312,1.0950000286102295,1.0740000009536743,1.093000054359436,83961104.0,91180912.0,368057.6875
2023-07-31,1.0959999561309814,1.1109999418258667,1.0959999561309814,1.1039999723434448,57888400.0,64006296.0,368057.6875
2023-08-01,1.1039999723434448,1.1089999675750732,1.100000023841858,1.1089999675750732,54574600.0,60278128.0,368057.6875
2023-08-02,1.1119999885559082,1.1139999628067017,1.1009999513626099,1.1039999723434448,41326300.0,45760784.0,368057.6875
2023-08-03,1.100000023841858,1.1050000190734863,1.097000002861023,1.1039999723434448,44297700.0,48753108.0,368057.6875
2023-08-04,1.1089999675750732,1.1130000352859497,1.1030000448226929,1.1059999465942383,44533400.0,49331816.0,368057.6875
2023-08-07,1.1069999933242798,1.1200000047683716,1.1030000448226929,1.1119999885559082,82515600.0,91636320.0,368057.6875
2023-08-08,1.1119999885559082,1.1119999885559082,1.0989999771118164,1.1100000143051147,88862704.0,98242800.0,368057.6875
2023-08-09,1.1069999933242798,1.1080000400543213,1.093999981880188,1.097000002861023,92380600.0,101705744.0,368057.6875
2023-08-10,1.097000002861023,1.1030000448226929,1.093000054359436,1.097000002861023,64723300.0,71011248.0,368057.6875
2023-08-11,1.0959999561309814,1.0980000495910645,1.0740000009536743,1.0750000476837158,61311400.0,66575648.0,368057.6875
2023-08-14,1.069000005722046,1.0729999542236328,1.055999994277954,1.0700000524520874,62113500.0,66025608.0,368057.6875
2023-08-15,1.069000005722046,1.0720000267028809,1.0520000457763672,1.0579999685287476,61036500.0,64868736.0,368057.6875
2023-08-16,1.0570000410079956,1.0609999895095825,1.0460000038146973,1.0470000505447388,57715600.0,60854004.0,368057.6875
2023-08-17,1.0410000085830688,1.055999994277954,1.034000039100647,1.0549999475479126,92820304.0,97233888.0,368057.6875
2023-08-18,1.0540000200271606,1.0570000410079956,1.0369999408721924,1.0379999876022339,50351600.0,52838844.0,368057.6875
2023-08-21,1.034000039100647,1.0429999828338623,1.0260000228881836,1.0269999504089355,42241000.0,43804864.0,368057.6875
2023-08-22,1.031999945640564,1.0360000133514404,1.0069999694824219,1.024999976158142,50270100.0,51302556.0,368057.6875
2023-08-23,1.024999976158142,1.0260000228881836,0.996999979019165,0.9980000257492065,49380400.0,49872572.0,368057.6875
2023-08-24,1.0049999952316284,1.0099999904632568,0.9929999709129333,0.9980000257492065,64702400.0,64843636.0,368057.6875
2023-08-25,0.9980000257492065,1.0,0.9810000061988831,0.9850000143051147,46722100.0,46406796.0,368057.6875
2023-08-28,1.0140000581741333,1.0329999923706055,0.9940000176429749,0.9980000257492065,45465800.0,46112836.0,368057.6875
2023-08-29,0.9959999918937683,1.024999976158142,0.9940000176429749,1.0219999551773071,53056200.0,53702996.0,368057.6875
2023-08-30,1.0199999809265137,1.034000039100647,1.0169999599456787,1.0210000276565552,38754400.0,39753880.0,368057.6875
2023-08-31,1.0230000019073486,1.0230000019073486,1.0089999437332153,1.0140000581741333,43728400.0,44377392.0,368057.6875
2023-09-01,1.0149999856948853,1.0269999504089355,1.0130000114440918,1.0230000019073486,35670400.0,36336004.0,368057.6875
2023-09-04,1.0299999713897705,1.0509999990463257,1.0240000486373901,1.0499999523162842,73029296.0,75808728.0,368057.6875
2023-09-05,1.0460000038146973,1.0490000247955322,1.0399999618530273,1.0470000505447388,43865900.0,45831920.0,368057.6875
2023-09-06,1.0479999780654907,1.0490000247955322,1.0369999408721924,1.0479999780654907,40884000.0,42642184.0,368057.6875
2023-09-07,1.0460000038146973,1.0460000038146973,1.027999997138977,1.027999997138977,44193500.0,45715400.0,368057.6875
2023-09-08,1.0260000228881836,1.0299999713897705,1.0219999551773071,1.024999976158142,33675300.0,34553148.0,368057.6875
2023-09-11,1.0219999551773071,1.0390000343322754,1.0219999551773071,1.034999966621399,45393500.0,46869660.0,368057.6875
2023-09-12,1.0410000085830688,1.0420000553131104,1.031999945640564,1.0369999408721924,44767300.0,46402424.0,368057.6875
2023-09-13,1.0390000343322754,1.0390000343322754,1.0199999809265137,1.0240000486373901,88287400.0,90781040.0,368057.6875
2023-09-14,1.0190000534057617,1.0240000486373901,1.0160000324249268,1.0210000276565552,62489480.0,63751264.0,368057.6875
2023-09-15,1.0210000276565552,1.0269999504089355,1.0160000324249268,1.0199999809265137,53417104.0,54495752.0,368057.6875
2023-09-18,1.0210000276565552,1.031999945640564,1.0099999904632568,1.027999997138977,43776100.0,44774464.0,368057.6875
2023-09-19,1.0290000438690186,1.0290000438690186,1.0099999904632568,1.0140000581741333,43255500.0,43944700.0,368057.6875
2023-09-20,1.0099999904632568,1.0119999647140503,1.0010000467300415,1.0019999742507935,38344100.0,38637280.0,368057.6875
2023-09-21,1.0019999742507935,1.0049999952316284,0.9919999837875366,0.9940000176429749,48258700.0,48172760.0,368057.6875
2023-09-22,0.9900000095367432,1.0089999437332153,0.9900000095367432,1.0080000162124634,43679900.0,43576108.0,368057.6875
2023-09-25,1.0099999904632568,1.0099999904632568,0.9950000047683716,0.9980000257492065,36193800.0,36218624.0,368057.6875
2023-09-26,0.9940000176429749,0.9980000257492065,0.9869999885559082,0.9890000224113464,37573500.0,37270264.0,368057.6875
2023-09-27,0.9890000224113464,1.003000020980835,0.9819999933242798,0.9909999966621399,70646200.0,70183376.0,368057.6875
2023-09-28,0.9909999966621399,1.0019999742507935,0.9909999966621399,0.996999979019165,38813500.0,38720632.0,368057.6875
2023-10-09,0.9959999918937683,1.0010000467300415,0.9900000095367432,0.996999979019165,61547400.0,61348744.0,368057.6875
2023-10-10,1.0,1.0080000162124634,0.9980000257492065,0.9990000128746033,50063900.0,50183544.0,368057.6875
2023-10-11,1.0049999952316284,1.00600004196167,0.996999979019165,1.0,53058600.0,53070264.0,368057.6875
2023-10-12,1.0010000467300415,1.0149999856948853,0.9990000128746033,1.0140000581741333,50235600.0,50589192.0,368057.6875
2023-10-13,1.0099999904632568,1.0099999904632568,1.0,1.003000020980835,46215500.0,46317748.0,368057.6875
2023-10-16,1.003000020980835,1.003000020980835,0.9810000061988831,0.9850000143051147,41931800.0,41471056.0,368057.6875
2023-10-17,0.9829999804496765,0.9879999756813049,0.9779999852180481,0.9819999933242798,57730000.0,56659280.0,368057.6875
2023-10-18,0.9800000190734863,0.9800000190734863,0.9599999785423279,0.9610000252723694,56463700.0,54546524.0,368057.6875
2023-10-19,0.9589999914169312,0.9670000076293945,0.9490000009536743,0.9509999752044678,44949000.0,43003828.0,368057.6875
2023-10-20,0.9480000138282776,0.9580000042915344,0.9449999928474426,0.9490000009536743,46399900.0,44109020.0,368057.6875
2023-10-23,0.9430000185966492,0.9490000009536743,0.9110000133514404,0.9169999957084656,55878100.0,51781720.0,368057.6875
2023-10-24,0.9200000166893005,0.9459999799728394,0.9129999876022339,0.9369999766349792,71680304.0,66416604.0,368057.6875
2023-10-25,0.9319999814033508,0.9480000138282776,0.9319999814033508,0.9419999718666077,37944200.0,35816040.0,368057.6875
2023-10-26,0.9419999718666077,0.9509999752044678,0.9290000200271606,0.949999988079071,45796600.0,42966640.0,368057.6875
2023-10-27,0.9490000009536743,0.968999981880188,0.9430000185966492,0.9660000205039978,50234000.0,48132848.0,368057.6875
2023-10-30,0.9660000205039978,0.9769999980926514,0.9620000123977661,0.9739999771118164,67082800.0,65285072.0,368057.6875
2023-10-31,0.9739999771118164,0.9810000061988831,0.9679999947547913,0.9739999771118164,56967400.0,55428816.0,368057.6875
2023-11-01,0.9750000238418579,0.9779999852180481,0.9679999947547913,0.9750000238418579,38159500.0,37109428.0,368057.6875
2023-11-02,0.9750000238418579,0.9789999723434448,0.9629999995231628,0.9639999866485596,54632900.0,52992628.0,368057.6875
2023-11-03,0.9629999995231628,0.9810000061988831,0.9629999995231628,0.9760000109672546,53463400.0,52113208.0,368057.6875
2023-11-06,0.984000027179718,0.9980000257492065,0.984000027179718,0.9959999918937683,79032704.0,78411920.0,368057.6875
2023-11-07,0.9959999918937683,1.0,0.9879999756813049,0.996999979019165,51354400.0,50978872.0,368057.6875
2023-11-08,0.996999979019165,0.996999979019165,0.9850000143051147,0.9909999966621399,50964700.0,50616020.0,368057.6875
2023-11-09,0.9869999885559082,0.996999979019165,0.9869999885559082,0.9929999709129333,61337400.0,60920344.0,368057.6875
2023-11-10,0.9879999756813049,0.9909999966621399,0.9829999804496765,0.9869999885559082,50149880.0,49500492.0,368057.6875
2023-11-13,0.9879999756813049,0.9950000047683716,0.9869999885559082,0.9929999709129333,69551600.0,68865272.0,368057.6875
2023-11-14,0.9950000047683716,1.0,0.9900000095367432,0.9950000047683716,50459700.0,50210932.0,368057.6875
2023-11-15,1.0,1.0110000371932983,1.0,1.0089999437332153,55249000.0,55598184.0,368057.6875
2023-11-16,1.0089999437332153,1.0089999437332153,0.9940000176429749,0.9940000176429749,52675300.0,52590056.0,368057.6875
2023-11-17,0.9900000095367432,1.0010000467300415,0.9900000095367432,0.9990000128746033,52986500.0,52785260.0,368057.6875
2023-11-20,1.0,1.0089999437332153,0.9919999837875366,1.0080000162124634,61578500.0,61497700.0,368057.6875
2023-11-21,1.0080000162124634,1.0140000581741333,0.9990000128746033,1.0010000467300415,33070100.0,33312972.0,368057.6875
2023-11-22,0.9980000257492065,0.9990000128746033,0.9800000190734863,0.9810000061988831,45391700.0,44915540.0,368057.6875
2023-11-23,0.9750000238418579,0.9900000095367432,0.9750000238418579,0.9879999756813049,36537300.0,35869184.0,368057.6875
2023-11-24,0.984000027179718,0.9900000095367432,0.9739999771118164,0.9760000109672546,47750300.0,46720488.0,368057.6875
2023-11-27,0.9710000157356262,0.9750000238418579,0.9629999995231628,0.968999981880188,37473000.0,36260888.0,368057.6875
2023-11-28,0.9739999771118164,0.9750000238418579,0.9629999995231628,0.9750000238418579,33018900.0,31972746.0,368057.6875
2023-11-29,0.9750000238418579,0.9810000061988831,0.9700000286102295,0.9739999771118164,44893300.0,43833776.0,368057.6875
2023-11-30,0.9800000190734863,0.9800000190734863,0.9610000252723694,0.9670000076293945,37712700.0,36432704.0,368057.6875
2023-12-01,0.9639999866485596,0.9670000076293945,0.9549999833106995,0.9629999995231628,44756700.0,42972744.0,368057.6875
2023-12-04,0.9670000076293945,0.9710000157356262,0.9620000123977661,0.9639999866485596,44422000.0,42973740.0,368057.6875
2023-12-05,0.9670000076293945,0.9670000076293945,0.9449999928474426,0.9459999799728394,37829200.0,36175596.0,368057.6875
2023-12-06,0.9449999928474426,0.968999981880188,0.9440000057220459,0.9599999785423279,47622000.0,45819848.0,368057.6875
2023-12-07,0.9599999785423279,0.9599999785423279,0.9470000267028809,0.9549999833106995,39435600.0,37526236.0,368057.6875
2023-12-08,0.9549999833106995,0.9589999914169312,0.9509999752044678,0.9520000219345093,34905900.0,33277946.0,368057.6875
2023-12-11,0.9549999833106995,0.9580000042915344,0.9380000233650208,0.9559999704360962,30874800.0,29149422.0,368057.6875
2023-12-12,0.9549999833106995,0.9559999704360962,0.949999988079071,0.9539999961853027,31885300.0,30378216.0,368057.6875
2023-12-13,0.9559999704360962,0.9559999704360962,0.9409999847412109,0.9419999718666077,34980300.0,33146940.0,368057.6875
2023-12-14,0.9419999718666077,0.9520000219345093,0.9319999814033508,0.9319999814033508,33615900.0,31669728.0,368057.6875
2023-12-15,0.9359999895095825,0.9419999718666077,0.9279999732971191,0.9290000200271606,30530400.0,28544476.0,368057.6875
2023-12-18,0.9290000200271606,0.9290000200271606,0.9100000262260437,0.9120000004768372,29881700.0,27445064.0,368057.6875
2023-12-19,0.9169999957084656,0.9169999957084656,0.9020000100135803,0.9089999794960022,38141200.0,34681336.0,368057.6875
2023-12-20,0.9089999794960022,0.9100000262260437,0.8960000276565552,0.8980000019073486,36554000.0,33076446.0,368057.6875
2023-12-21,0.8949999809265137,0.9120000004768372,0.8889999985694885,0.9079999923706055,36203100.0,32581016.0,368057.6875
2023-12-22,0.9070000052452087,0.9269999861717224,0.8999999761581421,0.9190000295639038,43688100.0,39856504.0,368057.6875
2023-12-25,0.9190000295639038,0.9269999861717224,0.9160000085830688,0.9259999990463257,30736500.0,28369436.0,368057.6875
2023-12-26,0.9279999732971191,0.9279999732971191,0.9110000133514404,0.9139999747276306,32647400.0,29924056.0,368057.6875
2023-12-27,0.9100000262260437,0.9200000166893005,0.9070000052452087,0.9190000295639038,31923400.0,29161272.0,368057.6875
2023-12-28,0.9160000085830688,0.9480000138282776,0.9160000085830688,0.9440000057220459,48331900.0,45280432.0,368057.6875
2023-12-29,0.9480000138282776,0.953000009059906,0.9430000185966492,0.9509999752044678,32708000.0,31044388.0,368057.6875
2024-01-02,0.9539999961853027,0.9549999833106995,0.9470000267028809,0.9509999752044678,37926500.0,36117192.0,368057.6875
2024-01-03,0.9490000009536743,0.9509999752044678,0.9350000023841858,0.9409999847412109,38781000.0,36508752.0,368057.6875
2024-01-04,0.9369999766349792,0.9399999976158142,0.9210000038146973,0.9269999861717224,35085200.0,32585740.0,368057.6875
2024-01-05,0.925000011920929,0.9369999766349792,0.9110000133514404,0.9150000214576721,29958400.0,27719112.0,368057.6875
2024-01-08,0.9100000262260437,0.9160000085830688,0.8930000066757202,0.8930000066757202,36908228.0,33306236.0,368057.6875
2024-01-09,0.8920000195503235,0.9049999713897705,0.8889999985694885,0.8960000276565552,32836000.0,29366520.0,368057.6875
2024-01-10,0.8949999809265137,0.9070000052452087,0.8830000162124634,0.8939999938011169,34320700.0,30708284.0,368057.6875
2024-01-11,0.890999972820282,0.9150000214576721,0.8899999856948853,0.9100000262260437,34709500.0,31299122.0,368057.6875
2024-01-12,0.9079999923706055,0.9179999828338623,0.9039999842643738,0.9039999842643738,30999000.0,28168764.0,368057.6875
2024-01-15,0.9049999713897705,0.906000018119812,0.8930000066757202,0.8970000147819519,27213500.0,24483078.0,368057.6875
2024-01-16,0.8960000276565552,0.902999997138977,0.8820000290870667,0.8939999938011169,32260700.0,28795500.0,368057.6875
2024-01-17,0.890999972820282,0.890999972820282,0.8700000047683716,0.8700000047683716,30891600.0,27276492.0,368057.6875
2024-01-18,0.8679999709129333,0.8700000047683716,0.8410000205039978,0.8659999966621399,40872600.0,34974056.0,368057.6875
2024-01-19,0.8700000047683716,0.8790000081062317,0.8610000014305115,0.8619999885559082,32752700.0,28443452.0,368057.6875
2024-01-22,0.8600000143051147,0.8600000143051147,0.8119999766349792,0.8190000057220459,41001200.0,34423480.0,368057.6875
2024-01-23,0.8190000057220459,0.8330000042915344,0.8059999942779541,0.8289999961853027,40226800.0,33099156.0,368057.6875
2024-01-24,0.8309999704360962,0.8420000076293945,0.8100000023841858,0.8410000205039978,36217700.0,30017504.0,368057.6875
2024-01-25,0.8360000252723694,0.8690000176429749,0.8360000252723694,0.8690000176429749,42635800.0,36525848.0,368057.6875
2024-01-26,0.871999979019165,0.875,0.8600000143051147,0.8629999756813049,38487500.0,33399700.0,368057.6875
2024-01-29,0.8629999756813049,0.8679999709129333,0.847000002861023,0.8510000109672546,33701600.0,28897024.0,368057.6875
2024-01-30,0.8429999947547913,0.8479999899864197,0.8220000267028809,0.8230000138282776,32414700.0,27259400.0,368057.6875
2024-01-31,0.8180000185966492,0.824999988079071,0.7979999780654907,0.8009999990463257,35332500.0,28679700.0,368057.6875
2024-02-01,0.7940000295639038,0.8059999942779541,0.777999997138977,0.7879999876022339,43935700.0,34777384.0,368057.6875
2024-02-02,0.7889999747276306,0.7950000166893005,0.7310000061988831,0.7559999823570251,62664100.0,48057280.0,368057.6875
2024-02-05,0.753000020980835,0.753000020980835,0.6990000009536743,0.718999981880188,57358900.0,41645512.0,368057.6875
2024-02-06,0.7110000252723694,0.7789999842643738,0.7099999785423279,0.7749999761581421,75093104.0,56523820.0,368057.6875
2024-02-07,0.7770000100135803,0.8529999852180481,0.7770000100135803,0.8510000109672546,121551400.0,100612320.0,368057.6875
2024-02-08,0.8569999933242798,0.875,0.8429999947547913,0.8479999899864197,83122600.0,71046112.0,368057.6875
2024-02-19,0.8399999737739563,0.8529999852180481,0.8349999785423279,0.8460000157356262,72958096.0,61524380.0,368057.6875
2024-02-20,0.843999981880188,0.843999981880188,0.8309999704360962,0.8399999737739563,42804800.0,35815320.0,368057.6875
2024-02-21,0.8379999995231628,0.8659999966621399,0.8320000171661377,0.8450000286102295,32478000.0,27749646.0,368057.6875
2024-02-22,0.843999981880188,0.8560000061988831,0.8410000205039978,0.8560000061988831,26615600.0,22618164.0,368057.6875
2024-02-23,0.859000027179718,0.8629999756813049,0.847000002861023,0.8629999756813049,24846100.0,21236300.0,368057.6875
2024-02-26,0.859000027179718,0.878000020980835,0.859000027179718,0.8669999837875366,30897000.0,26897116.0,368057.6875
2024-02-27,0.8659999966621399,0.8840000033378601,0.8619999885559082,0.8830000162124634,31693300.0,27622096.0,368057.6875
2024-02-28,0.8799999952316284,0.906000018119812,0.8560000061988831,0.8560000061988831,38320888.0,33997724.0,368057.6875
2024-02-29,0.8500000238418579,0.8820000290870667,0.8479999899864197,0.8820000290870667,39134600.0,34093064.0,368057.6875
2024-03-01,0.878000020980835,0.8930000066757202,0.8769999742507935,0.8899999856948853,26291300.0,23325032.0,368057.6875
2024-03-04,0.8949999809265137,0.9010000228881836,0.8840000033378601,0.8899999856948853,27338000.0,24354380.0,368057.6875
2024-03-05,0.8859999775886536,0.9049999713897705,0.8809999823570251,0.8889999985694885,25432200.0,22678252.0,368057.6875
2024-03-06,0.8889999985694885,0.8989999890327454,0.8769999742507935,0.8920000195503235,23855500.0,21252572.0,368057.6875
2024-03-07,0.8920000195503235,0.9269999861717224,0.8920000195503235,0.9039999842643738,57529300.0,52403896.0,368057.6875
2024-03-08,0.9039999842643738,0.9079999923706055,0.8899999856948853,0.9079999923706055,42884000.0,38535708.0,368057.6875
2024-03-11,0.9079999923706055,0.925000011920929,0.9079999923706055,0.9229999780654907,30296600.0,27736432.0,368057.6875
2024-03-12,0.9259999990463257,0.9259999990463257,0.9079999923706055,0.9150000214576721,20186100.0,18454976.0,368057.6875
2024-03-13,0.9139999747276306,0.921999990940094,0.9089999794960022,0.9139999747276306,211521504.0,193657856.0,368057.6875
2024-03-14,0.9129999876022339,0.9300000071525574,0.902999997138977,0.9129999876022339,25282300.0,23216676.0,368057.6875
2024-03-15,0.9100000262260437,0.9390000104904175,0.9010000228881836,0.9390000104904175,35297100.0,32585234.0,368057.6875
2024-03-18,0.9419999718666077,0.9559999704360962,0.9390000104904175,0.9539999961853027,33553700.0,31797420.0,368057.6875
2024-03-19,0.9580000042915344,0.984000027179718,0.9509999752044678,0.9670000076293945,43475300.0,42220016.0,368057.6875
2024-03-20,0.9649999737739563,0.9679999947547913,0.9580000042915344,0.9670000076293945,37630200.0,36227624.0,368057.6875
2024-03-21,0.968999981880188,0.9739999771118164,0.9580000042915344,0.968999981880188,31386300.0,30326330.0,368057.6875
2024-03-22,0.9649999737739563,0.9649999737739563,0.9419999718666077,0.9459999799728394,28626100.0,27241772.0,368057.6875
2024-03-25,0.9380000233650208,0.9570000171661377,0.9319999814033508,0.9319999814033508,31004200.0,29346588.0,368057.6875
2024-03-26,0.9319999814033508,0.9369999766349792,0.9139999747276306,0.9290000200271606,31371100.0,29085440.0,368057.6875
2024-03-27,0.9240000247955322,0.9290000200271606,0.8989999890327454,0.8999999761581421,33095500.0,30210898.0,368057.6875
2024-03-28,0.902999997138977,0.9290000200271606,0.8999999761581421,0.9200000166893005,34902800.0,31966452.0,368057.6875
2024-03-29,0.9190000295639038,0.9380000233650208,0.9190000295639038,0.9369999766349792,34117800.0,31784830.0,368057.6875
2024-04-01,0.9440000057220459,0.9580000042915344,0.9369999766349792,0.9539999961853027,25615700.0,24386496.0,368057.6875
2024-04-02,0.9570000171661377,0.9639999866485596,0.949999988079071,0.9629999995231628,24167800.0,23106544.0,368057.6875
2024-04-03,0.9620000123977661,0.9890000224113464,0.9559999704360962,0.9789999723434448,52514900.0,51327396.0,368057.6875
2024-04-08,0.9800000190734863,0.9929999709129333,0.9610000252723694,0.9610000252723694,60498300.0,59448720.0,368057.6875
2024-04-09,0.9580000042915344,1.0010000467300415,0.9559999704360962,0.9980000257492065,75381104.0,74228376.0,368057.6875
2024-04-10,0.9959999918937683,0.9959999918937683,0.9580000042915344,0.9679999947547913,65959100.0,63972512.0,368057.6875
2024-04-11,0.9580000042915344,0.9789999723434448,0.9480000138282776,0.9620000123977661,76634496.0,73929800.0,368057.6875
2024-04-12,0.9620000123977661,0.968999981880188,0.953000009059906,0.9549999833106995,29168900.0,28043656.0,368057.6875
2024-04-15,0.9549999833106995,0.9580000042915344,0.9229999780654907,0.9470000267028809,62901200.0,59445104.0,368057.6875
2024-04-16,0.9369999766349792,0.9459999799728394,0.9039999842643738,0.906000018119812,39028400.0,36092984.0,368057.6875
2024-04-17,0.9039999842643738,0.9419999718666077,0.9039999842643738,0.9409999847412109,40109500.0,37285472.0,368057.6875
2024-04-18,0.9409999847412109,0.949999988079071,0.9269999861717224,0.9430000185966492,30784800.0,28950416.0,368057.6875
2024-04-19,0.9390000104904175,0.9459999799728394,0.9179999828338623,0.9240000247955322,61830800.0,57279680.0,368057.6875
2024-04-22,0.925000011920929,0.9300000071525574,0.9100000262260437,0.9110000133514404,57851200.0,53260796.0,368057.6875
2024-04-23,0.9049999713897705,0.9100000262260437,0.8859999775886536,0.8870000243186951,35829000.0,32079676.0,368057.6875
2024-04-24,0.8859999775886536,0.9129999876022339,0.8840000033378601,0.9120000004768372,29550500.0,26528474.0,368057.6875
2024-04-25,0.9079999923706055,0.9229999780654907,0.9010000228881836,0.9160000085830688,35420512.0,32414918.0,368057.6875
2024-04-26,0.9129999876022339,0.9330000281333923,0.9089999794960022,0.9309999942779541,17926200.0,16549078.0,368057.6875
2024-04-29,0.9369999766349792,0.9520000219345093,0.9279999732971191,0.9490000009536743,25308700.0,23842772.0,368057.6875
2024-04-30,0.9490000009536743,0.949999988079071,0.9269999861717224,0.9300000071525574,31294900.0,29182512.0,368057.6875
2024-05-06,0.9380000233650208,0.9520000219345093,0.9369999766349792,0.9470000267028809,30033200.0,28363524.0,368057.6875
2024-05-07,0.949999988079071,0.9610000252723694,0.949999988079071,0.9549999833106995,33619000.0,32115228.0,368057.6875
2024-05-08,0.953000009059906,0.9539999961853027,0.9399999976158142,0.9459999799728394,46336600.0,43838860.0,368057.6875
2024-05-09,0.9459999799728394,0.9760000109672546,0.9459999799728394,0.9710000157356262,31713400.0,30632456.0,368057.6875
2024-05-10,0.9750000238418579,0.9779999852180481,0.9549999833106995,0.9639999866485596,38403800.0,36946896.0,368057.6875
2024-05-13,0.9549999833106995,0.9549999833106995,0.9380000233650208,0.9459999799728394,32539200.0,30775486.0,368057.6875
2024-05-14,0.9470000267028809,0.9559999704360962,0.9409999847412109,0.9440000057220459,27372500.0,25910334.0,368057.6875
2024-05-15,0.9399999976158142,0.9470000267028809,0.9290000200271606,0.9300000071525574,21361000.0,20014876.0,368057.6875
2024-05-16,0.9309999942779541,0.9409999847412109,0.9229999780654907,0.9259999990463257,23867300.0,22269528.0,368057.6875
2024-05-17,0.9279999732971191,0.9399999976158142,0.9210000038146973,0.9390000104904175,22238300.0,20638336.0,368057.6875
2024-05-20,0.9430000185966492,0.9570000171661377,0.9430000185966492,0.9549999833106995,40773000.0,38817288.0,368057.6875
2024-05-21,0.9570000171661377,0.9570000171661377,0.9330000281333923,0.9350000023841858,31131200.0,29269968.0,368057.6875
2024-05-22,0.9380000233650208,0.9440000057220459,0.9350000023841858,0.9430000185966492,23246000.0,21846572.0,368057.6875
2024-05-23,0.9350000023841858,0.9419999718666077,0.9120000004768372,0.9150000214576721,32687300.0,30082032.0,368057.6875
2024-05-24,0.9089999794960022,0.9190000295639038,0.9049999713897705,0.906000018119812,30002900.0,27388220.0,368057.6875
2024-05-27,0.906000018119812,0.9150000214576721,0.8989999890327454,0.9139999747276306,22785200.0,20602288.0,368057.6875
2024-05-28,0.9110000133514404,0.9240000247955322,0.9100000262260437,0.9120000004768372,31811600.0,29179628.0,368057.6875
2024-05-29,0.9120000004768372,0.9330000281333923,0.9110000133514404,0.9259999990463257,26075000.0,24119780.0,368057.6875
2024-05-30,0.9290000200271606,0.9319999814033508,0.9129999876022339,0.9160000085830688,32142700.0,29607530.0,368057.6875
2024-05-31,0.9150000214576721,0.9179999828338623,0.9100000262260437,0.9120000004768372,23039290.0,21065200.0,368057.6875
2024-06-03,0.9120000004768372,0.9120000004768372,0.8840000033378601,0.8899999856948853,34172400.0,30620832.0,368057.6875
2024-06-04,0.8920000195503235,0.8970000147819519,0.8830000162124634,0.8960000276565552,26189800.0,23333004.0,368057.6875
2024-06-05,0.8949999809265137,0.8949999809265137,0.8809999823570251,0.8820000290870667,25974500.0,23067844.0,368057.6875
2024-06-06,0.8849999904632568,0.8920000195503235,0.8640000224113464,0.8669999837875366,35829700.0,31314764.0,368057.6875
2024-06-07,0.8700000047683716,0.8759999871253967,0.8600000143051147,0.8690000176429749,25787200.0,22404428.0,368057.6875
2024-06-11,0.8629999756813049,0.8700000047683716,0.8539999723434448,0.8679999709129333,28218100.0,24288168.0,368057.6875
2024-06-12,0.8690000176429749,0.8790000081062317,0.8659999966621399,0.8759999871253967,26418100.0,23104206.0,368057.6875
2024-06-13,0.8790000081062317,0.8790000081062317,0.8619999885559082,0.8659999966621399,28542600.0,24774812.0,368057.6875
2024-06-14,0.8690000176429749,0.871999979019165,0.859000027179718,0.8709999918937683,27303900.0,23634280.0,368057.6875
2024-06-17,0.871999979019165,0.8769999742507935,0.8650000095367432,0.8690000176429749,23769600.0,20716344.0,368057.6875
2024-06-18,0.871999979019165,0.8840000033378601,0.8700000047683716,0.8820000290870667,23468500.0,20606006.0,368057.6875
2024-06-19,0.8830000162124634,0.8870000243186951,0.8709999918937683,0.871999979019165,22758376.0,19973072.0,368057.6875
2024-06-20,0.875,0.875,0.8519999980926514,0.8519999980926514,26438800.0,22795058.0,368057.6875
2024-06-21,0.8500000238418579,0.8569999933242798,0.8460000157356262,0.8489999771118164,21858768.0,18607586.0,368057.6875
2024-06-24,0.8500000238418579,0.8519999980926514,0.8240000009536743,0.8270000219345093,28505232.0,23770426.0,368057.6875
2024-06-25,0.8240000009536743,0.8339999914169312,0.8209999799728394,0.8270000219345093,26925500.0,22320440.0,368057.6875
2024-06-26,0.8270000219345093,0.8500000238418579,0.8169999718666077,0.8500000238418579,29531200.0,24548160.0,368057.6875
2024-06-27,0.8529999852180481,0.8529999852180481,0.8330000042915344,0.8339999914169312,28071600.0,23650820.0,368057.6875
2024-06-28,0.8330000042915344,0.8600000143051147,0.8320000171661377,0.8489999771118164,40780000.0,34665448.0,368057.6875
2024-07-01,0.8709999918937683,0.8830000162124634,0.8610000014305115,0.8679999709129333,45090400.0,39201452.0,368057.6875
2024-07-02,0.8619999885559082,0.8650000095367432,0.8460000157356262,0.8500000238418579,33214700.0,28371136.0,368057.6875
2024-07-03,0.8519999980926514,0.8519999980926514,0.8379999995231628,0.8399999737739563,29148000.0,24574846.0,368057.6875
2024-07-04,0.8379999995231628,0.8450000286102295,0.8199999928474426,0.8240000009536743,29128700.0,24209754.0,368057.6875
2024-07-05,0.8199999928474426,0.8360000252723694,0.8130000233650208,0.8330000042915344,31569600.0,26042352.0,368057.6875
2024-07-08,0.8299999833106995,0.8349999785423279,0.8190000057220459,0.8230000138282776,34144900.0,28242352.0,368057.6875
2024-07-09,0.8230000138282776,0.8420000076293945,0.8119999766349792,0.8389999866485596,44896900.0,37078160.0,368057.6875
2024-07-10,0.8389999866485596,0.843999981880188,0.8270000219345093,0.8289999961853027,28059200.0,23486712.0,368057.6875
2024-07-11,0.8349999785423279,0.8569999933242798,0.8349999785423279,0.8560000061988831,35870100.0,30483212.0,368057.6875
2024-07-12,0.8579999804496765,0.8579999804496765,0.8420000076293945,0.8450000286102295,29580500.0,25077988.0,368057.6875
2024-07-15,0.8450000286102295,0.8450000286102295,0.8339999914169312,0.8379999995231628,25159800.0,21089314.0,368057.6875
2024-07-16,0.8349999785423279,0.8450000286102295,0.8330000042915344,0.8450000286102295,30897400.0,25930036.0,368057.6875
2024-07-17,0.8450000286102295,0.8479999899864197,0.8299999833106995,0.8309999704360962,25100400.0,20937136.0,368057.6875
2024-07-18,0.828000009059906,0.8299999833106995,0.8140000104904175,0.8289999961853027,30523000.0,25067344.0,368057.6875
2024-07-19,0.8240000009536743,0.8360000252723694,0.8190000057220459,0.8309999704360962,25949300.0,21494656.0,368057.6875
2024-07-22,0.8330000042915344,0.8339999914169312,0.824999988079071,0.8320000171661377,25707700.0,21341222.0,368057.6875
2024-07-23,0.8289999961853027,0.8320000171661377,0.8059999942779541,0.8069999814033508,23390600.0,19195308.0,368057.6875
2024-07-24,0.8029999732971191,0.8119999766349792,0.796999990940094,0.7979999780654907,26753100.0,21475582.0,368057.6875
2024-07-25,0.7929999828338623,0.8080000281333923,0.7919999957084656,0.800000011920929,26963200.0,21536362.0,368057.6875
2024-07-26,0.7990000247955322,0.8220000267028809,0.7990000247955322,0.8220000267028809,36462600.0,29799262.0,368057.6875
2024-07-29,0.8230000138282776,0.8240000009536743,0.8140000104904175,0.8199999928474426,24663000.0,20198524.0,368057.6875
2024-07-30,0.8180000185966492,0.8209999799728394,0.8100000023841858,0.8169999718666077,34622600.0,28215476.0,368057.6875
2024-07-31,0.8199999928474426,0.8479999899864197,0.8169999718666077,0.8479999899864197,35988400.0,30095204.0,368057.6875
2024-08-01,0.8489999771118164,0.8550000190734863,0.8399999737739563,0.8460000157356262,35866500.0,30409338.0,368057.6875
2024-08-02,0.8450000286102295,0.8460000157356262,0.8320000171661377,0.8349999785423279,30327700.0,25442156.0,368057.6875
2024-08-05,0.8330000042915344,0.8399999737739563,0.8119999766349792,0.8119999766349792,57766400.0,47762952.0,368057.6875
2024-08-06,0.8159999847412109,0.8259999752044678,0.8119999766349792,0.8209999799728394,30674300.0,25144276.0,368057.6875
2024-08-07,0.8230000138282776,0.8240000009536743,0.8149999976158142,0.8199999928474426,30345200.0,24880824.0,368057.6875
2024-08-08,0.8159999847412109,0.8230000138282776,0.8069999814033508,0.8169999718666077,37304200.0,30446324.0,368057.6875
2024-08-09,0.8180000185966492,0.8270000219345093,0.8130000233650208,0.8130000233650208,37813600.0,30974862.0,368057.6875
2024-08-12,0.8130000233650208,0.8149999976158142,0.8059999942779541,0.8100000023841858,28709700.0,23276040.0,368057.6875
2024-08-13,0.8080000281333923,0.8159999847412109,0.8059999942779541,0.8140000104904175,22341000.0,18089380.0,368057.6875
2024-08-14,0.8140000104904175,0.8149999976158142,0.8040000200271606,0.8059999942779541,18024200.0,14585751.0,368057.6875
2024-08-15,0.8029999732971191,0.8180000185966492,0.8009999990463257,0.8109999895095825,27745600.0,22428428.0,368057.6875
2024-08-16,0.8149999976158142,0.8159999847412109,0.8050000071525574,0.8059999942779541,25654600.0,20808974.0,368057.6875
2024-08-19,0.8080000281333923,0.8199999928474426,0.8069999814033508,0.8069999814033508,29036200.0,23587840.0,368057.6875
2024-08-20,0.8090000152587891,0.8100000023841858,0.7919999957084656,0.7950000166893005,26980900.0,21585016.0,368057.6875
2024-08-21,0.7960000038146973,0.8050000071525574,0.7900000214576721,0.8019999861717224,24965400.0,19924232.0,368057.6875
2024-08-22,0.7990000247955322,0.8040000200271606,0.7879999876022339,0.7900000214576721,24131000.0,19184392.0,368057.6875
2024-08-23,0.7919999957084656,0.7919999957084656,0.7820000052452087,0.7870000004768372,19231600.0,15121486.0,368057.6875
2024-08-26,0.7879999876022339,0.8080000281333923,0.7879999876022339,0.8040000200271606,29338200.0,23544460.0,368057.6875
2024-08-27,0.8080000281333923,0.8080000281333923,0.7889999747276306,0.7900000214576721,34044700.0,27019488.0,368057.6875
2024-08-28,0.7850000262260437,0.800000011920929,0.7850000262260437,0.7950000166893005,20801900.0,16510898.0,368057.6875
2024-08-29,0.7960000038146973,0.8169999718666077,0.7889999747276306,0.8140000104904175,38975900.0,31445568.0,368057.6875
2024-08-30,0.8130000233650208,0.8370000123977661,0.8130000233650208,0.8270000219345093,39604700.0,32754276.0,368057.6875
2024-09-02,0.8289999961853027,0.8299999833106995,0.8130000233650208,0.8130000233650208,53600200.0,44001884.0,368057.6875
2024-09-03,0.8140000104904175,0.8289999961853027,0.8119999766349792,0.8220000267028809,32131000.0,26334028.0,368057.6875
2024-09-04,0.8199999928474426,0.8220000267028809,0.8109999895095825,0.8140000104904175,29177800.0,23788552.0,368057.6875
2024-09-05,0.8140000104904175,0.824999988079071,0.8119999766349792,0.8149999976158142,29160800.0,23798210.0,368057.6875
2024-09-06,0.8169999718666077,0.8169999718666077,0.7990000247955322,0.7990000247955322,22585900.0,18226432.0,368057.6875
2024-09-09,0.7990000247955322,0.8009999990463257,0.7910000085830688,0.7929999828338623,24935300.0,19843032.0,368057.6875
2024-09-10,0.796999990940094,0.796999990940094,0.7789999842643738,0.7919999957084656,30228300.0,23867886.0,368057.6875
2024-09-11,0.7870000004768372,0.8009999990463257,0.7870000004768372,0.7960000038146973,29915400.0,23772892.0,368057.6875
2024-09-12,0.7929999828338623,0.8050000071525574,0.7900000214576721,0.7910000085830688,32529600.0,25862808.0,368057.6875
2024-09-13,0.7900000214576721,0.7940000295639038,0.777999997138977,0.7789999842643738,33766200.0,26526764.0,368057.6875
2024-09-18,0.7789999842643738,0.7799999713897705,0.765999972820282,0.7749999761581421,30426400.0,23501760.0,368057.6875
2024-09-19,0.7760000228881836,0.800000011920929,0.7720000147819519,0.796999990940094,29842000.0,23540902.0,368057.6875
2024-09-20,0.8019999861717224,0.8019999861717224,0.7900000214576721,0.7950000166893005,29799400.0,23644392.0,368057.6875
2024-09-23,0.7950000166893005,0.800000011920929,0.7889999747276306,0.7910000085830688,30105100.0,23867948.0,368057.6875
2024-09-24,0.7919999957084656,0.8220000267028809,0.7919999957084656,0.8209999799728394,48941900.0,39580320.0,368057.6875
2024-09-25,0.8289999961853027,0.8489999771118164,0.824999988079071,0.8270000219345093,47353600.0,39647000.0,368057.6875
2024-09-26,0.8289999961853027,0.8579999804496765,0.824999988079071,0.8560000061988831,70987504.0,59476212.0,368057.6875
2024-09-27,0.8640000224113464,0.8980000019073486,0.8640000224113464,0.8980000019073486,13603600.0,12002691.0,368057.6875
2024-09-30,0.9290000200271606,0.9879999756813049,0.9290000200271606,0.9879999756813049,64940900.0,62746740.0,368057.6875
2024-10-08,1.0870000123977661,1.0870000123977661,1.0010000467300415,1.065000057220459,90966000.0,95752656.0,368057.6875
2024-10-09,1.0549999475479126,1.0549999475479126,0.9639999866485596,0.9639999866485596,58954700.0,58751568.0,368057.6875
2024-10-10,0.9610000252723694,1.0089999437332153,0.9559999704360962,0.9810000061988831,90933104.0,89541744.0,368057.6875
2024-10-11,0.9810000061988831,0.9810000061988831,0.9290000200271606,0.9390000104904175,34583500.0,32847792.0,368057.6875
2024-10-14,0.9380000233650208,0.9639999866485596,0.9300000071525574,0.9620000123977661,43491300.0,41000288.0,368057.6875
2024-10-15,0.9629999995231628,0.9660000205039978,0.9390000104904175,0.9390000104904175,35323900.0,33539328.0,368057.6875
2024-10-16,0.9290000200271606,0.9459999799728394,0.925000011920929,0.9330000281333923,26969036.0,25189904.0,368057.6875
2024-10-17,0.9309999942779541,0.9480000138282776,0.925000011920929,0.9259999990463257,32720600.0,30619048.0,368057.6875
2024-10-18,0.925000011920929,0.9779999852180481,0.921999990940094,0.9599999785423279,42359500.0,40121960.0,368057.6875
2024-10-21,0.9660000205039978,0.9879999756813049,0.9570000171661377,0.9760000109672546,34000000.0,33058982.0,368057.6875
2024-10-22,0.9760000109672546,1.0049999952316284,0.972000002861023,1.0,52695700.0,52351800.0,368057.6875
2024-10-23,0.9980000257492065,1.0219999551773071,0.9879999756813049,1.0089999437332153,41229000.0,41446920.0,368057.6875
2024-10-24,1.00600004196167,1.00600004196167,0.9869999885559082,0.9919999837875366,36354400.0,36041140.0,368057.6875
2024-10-25,0.9890000224113464,1.0390000343322754,0.9890000224113464,1.0240000486373901,61314000.0,62583832.0,368057.6875
2024-10-28,1.0240000486373901,1.0379999876022339,1.0240000486373901,1.0369999408721924,45715500.0,47167360.0,368057.6875
2024-10-29,1.034999966621399,1.0420000553131104,1.0160000324249268,1.0210000276565552,52007400.0,53437460.0,368057.6875
2024-10-30,1.0260000228881836,1.0299999713897705,1.0080000162124634,1.0219999551773071,43116800.0,43917908.0,368057.6875
2024-10-31,1.0210000276565552,1.0579999685287476,1.0140000581741333,1.0499999523162842,48816100.0,50806328.0,368057.6875
2024-11-01,1.0579999685287476,1.1549999713897705,1.0509999990463257,1.1399999856948853,314432512.0,356393568.0,368057.6875
2024-11-04,1.156999945640564,1.156999945640564,1.0850000381469727,1.1119999885559082,248586896.0,275684768.0,368057.6875
2024-11-05,1.0870000123977661,1.1829999685287476,1.0850000381469727,1.1660000085830688,139324800.0,158156400.0,368057.6875
2024-11-06,1.1640000343322754,1.215999960899353,1.1449999809265137,1.190000057220459,130404200.0,154450192.0,368057.6875
2024-11-07,1.187999963760376,1.2009999752044678,1.1649999618530273,1.1859999895095825,78285400.0,92590368.0,368057.6875
2024-11-08,1.187000036239624,1.2109999656677246,1.1710000038146973,1.1740000247955322,74329400.0,88603776.0,368057.6875
2024-11-11,1.159999966621399,1.194000005722046,1.156000018119812,1.190999984741211,62229700.0,73480624.0,368057.6875
2024-11-12,1.194000005722046,1.2039999961853027,1.1610000133514404,1.1729999780654907,69576704.0,82189472.0,368057.6875
2024-11-13,1.1679999828338623,1.2000000476837158,1.1649999618530273,1.1829999685287476,60147100.0,71084800.0,368057.6875
2024-11-14,1.1710000038146973,1.1790000200271606,1.1269999742507935,1.1299999952316284,73952200.0,85462624.0,368057.6875
2024-11-15,1.1269999742507935,1.1339999437332153,1.0950000286102295,1.097000002861023,85577400.0,94827744.0,368057.6875
2024-11-18,1.0980000495910645,1.1080000400543213,1.0679999589920044,1.0740000009536743,53294848.0,58100168.0,368057.6875
2024-11-19,1.0720000267028809,1.097000002861023,1.059000015258789,1.093999981880188,59920900.0,64448080.0,368057.6875
2024-11-20,1.093999981880188,1.1139999628067017,1.0920000076293945,1.1089999675750732,29933300.0,33060104.0,368057.6875
2024-11-21,1.1089999675750732,1.1169999837875366,1.0980000495910645,1.1100000143051147,27150700.0,30122300.0,368057.6875
2024-11-22,1.1069999933242798,1.1399999856948853,1.0950000286102295,1.1069999933242798,59879200.0,66773672.0,368057.6875
2024-11-25,1.0980000495910645,1.121000051498413,1.093999981880188,1.1130000352859497,60420500.0,66879528.0,368057.6875
2024-11-26,1.1109999418258667,1.1109999418258667,1.0740000009536743,1.0770000219345093,31383800.0,34160104.0,368057.6875
2024-11-27,1.0679999589920044,1.090000033378601,1.0410000085830688,1.0889999866485596,42515700.0,45246656.0,368057.6875
2024-11-28,1.0870000123977661,1.090000033378601,1.0549999475479126,1.0729999542236328,29980200.0,32397172.0,368057.6875
2024-11-29,1.0700000524520874,1.0989999771118164,1.0640000104904175,1.093000054359436,44626100.0,48475516.0,368057.6875
2024-12-02,1.093000054359436,1.1160000562667847,1.0889999866485596,1.1160000562667847,76585000.0,84857440.0,368057.6875
2024-12-03,1.1160000562667847,1.1260000467300415,1.1089999675750732,1.1200000047683716,58815500.0,65768376.0,368057.6875
2024-12-04,1.1510000228881836,1.1510000228881836,1.1100000143051147,1.1180000305175781,53076400.0,59420608.0,368057.6875
2024-12-05,1.1059999465942383,1.1150000095367432,1.1009999513626099,1.1109999418258667,30771300.0,34103676.0,368057.6875
2024-12-06,1.1089999675750732,1.1180000305175781,1.0959999561309814,1.1160000562667847,27787000.0,30836416.0,368057.6875
2024-12-09,1.1119999885559082,1.121999979019165,1.0959999561309814,1.1019999980926514,19842200.0,22031312.0,368057.6875
2024-12-10,1.121000051498413,1.1399999856948853,1.1080000400543213,1.1089999675750732,52658400.0,59210392.0,368057.6875
2024-12-11,1.1080000400543213,1.121000051498413,1.1019999980926514,1.11899995803833,38201500.0,42622144.0,368057.6875
2024-12-12,1.1180000305175781,1.1180000305175781,1.0989999771118164,1.1130000352859497,28148000.0,31218276.0,368057.6875
2024-12-13,1.1109999418258667,1.1109999418258667,1.0859999656677246,1.0870000123977661,33791344.0,36971220.0,368057.6875
2024-12-16,1.0870000123977661,1.0870000123977661,1.065000057220459,1.069000005722046,20612700.0,22108220.0,368057.6875
2024-12-17,1.065999984741211,1.0779999494552612,1.0579999685287476,1.0609999895095825,23721200.0,25348166.0,368057.6875
2024-12-18,1.0609999895095825,1.0709999799728394,1.059000015258789,1.062999963760376,32629800.0,34767044.0,368057.6875
2024-12-19,1.0549999475479126,1.069000005722046,1.0449999570846558,1.0670000314712524,23441500.0,24777928.0,368057.6875
2024-12-20,1.0670000314712524,1.0759999752044678,1.062999963760376,1.0700000524520874,32943900.0,35299360.0,368057.6875
2024-12-23,1.069000005722046,1.0700000524520874,1.0460000038146973,1.0490000247955322,23462500.0,24759432.0,368057.6875
2024-12-24,1.0479999780654907,1.065999984741211,1.0479999780654907,1.0640000104904175,48439000.0,51316756.0,368057.6875
2024-12-25,1.0709999799728394,1.0709999799728394,1.0420000553131104,1.0479999780654907,24936000.0,26157714.0,368057.6875
2024-12-26,1.0449999570846558,1.065999984741211,1.0449999570846558,1.059000015258789,20469210.0,21701658.0,368057.6875
2024-12-27,1.059999942779541,1.0770000219345093,1.0570000410079956,1.0640000104904175,29816600.0,31857388.0,368057.6875
2024-12-30,1.062000036239624,1.0700000524520874,1.055999994277954,1.062999963760376,22338724.0,23721244.0,368057.6875
2024-12-31,1.062000036239624,1.0670000314712524,1.0269999504089355,1.027999997138977,41426600.0,43131304.0,368057.6875
2025-01-02,1.0290000438690186,1.034000039100647,0.9909999966621399,1.0,27809100.0,28299082.0,368057.6875
2025-01-03,1.0,1.0169999599456787,0.9829999804496765,0.9850000143051147,30612100.0,30651748.0,368057.6875
2025-01-06,0.9819999933242798,1.0160000324249268,0.9769999980926514,1.0010000467300415,45223300.0,45212008.0,368057.6875
2025-01-07,0.9990000128746033,1.0230000019073486,0.9929999709129333,1.0199999809265137,40388500.0,40957536.0,368057.6875
2025-01-08,1.0149999856948853,1.0149999856948853,0.9779999852180481,1.003999948501587,43314200.0,43127444.0,368057.6875
2025-01-09,0.9990000128746033,1.0210000276565552,0.996999979019165,1.0130000114440918,23777200.0,24116060.0,368057.6875
2025-01-10,1.0110000371932983,1.027999997138977,1.00600004196167,1.0089999437332153,53449100.0,54115344.0,368057.6875
2025-01-13,1.0,1.024999976158142,0.9940000176429749,1.0169999599456787,25022100.0,25365240.0,368057.6875
2025-01-14,1.0169999599456787,1.059000015258789,1.0099999904632568,1.059000015258789,44984200.0,46914704.0,368057.6875
2025-01-15,1.0579999685287476,1.0640000104904175,1.0399999618530273,1.0549999475479126,35300200.0,37107992.0,368057.6875
2025-01-16,1.055999994277954,1.0720000267028809,1.0470000505447388,1.0570000410079956,30705200.0,32560332.0,368057.6875
2025-01-17,1.0540000200271606,1.062999963760376,1.0470000505447388,1.0609999895095825,21637400.0,22822406.0,368057.6875
2025-01-20,1.065000057220459,1.065000057220459,1.0499999523162842,1.0529999732971191,25753800.0,27183740.0,368057.6875
2025-01-21,1.0529999732971191,1.0609999895095825,1.0379999876022339,1.0479999780654907,25877700.0,27038928.0,368057.6875
2025-01-22,1.0479999780654907,1.0509999990463257,1.0379999876022339,1.0429999828338623,23153700.0,24174288.0,368057.6875
2025-01-23,1.0540000200271606,1.0670000314712524,1.0399999618530273,1.0410000085830688,30192200.0,31935042.0,368057.6875
2025-01-24,1.0379999876022339,1.062000036239624,1.0360000133514404,1.0609999895095825,28864600.0,30331264.0,368057.6875
2025-01-27,1.0640000104904175,1.0640000104904175,1.034999966621399,1.0360000133514404,19938500.0,20853844.0,368057.6875
2025-02-05,1.0540000200271606,1.0609999895095825,1.0399999618530273,1.0570000410079956,28332400.0,29827324.0,368057.6875
2025-02-06,1.0520000457763672,1.1100000143051147,1.0520000457763672,1.1059999465942383,43046900.0,46750888.0,368057.6875
2025-02-07,1.1059999465942383,1.1230000257492065,1.100000023841858,1.1130000352859497,75726600.0,84314872.0,368057.6875
2025-02-10,1.1130000352859497,1.1150000095367432,1.1009999513626099,1.1139999628067017,58614976.0,64889640.0,368057.6875
2025-02-11,1.1100000143051147,1.1139999628067017,1.1009999513626099,1.1039999723434448,24728500.0,27339034.0,368057.6875
2025-02-12,1.100000023841858,1.1109999418258667,1.093999981880188,1.1100000143051147,27610200.0,30456378.0,368057.6875
2025-02-13,1.1069999933242798,1.1130000352859497,1.0850000381469727,1.0850000381469727,35698800.0,39132624.0,368057.6875
2025-02-14,1.0839999914169312,1.0989999771118164,1.0789999961853027,1.0859999656677246,45373700.0,49325232.0,368057.6875
2025-02-17,1.0859999656677246,1.090000033378601,1.0770000219345093,1.090000033378601,38435300.0,41651160.0,368057.6875
2025-02-18,1.090000033378601,1.090999960899353,1.0670000314712524,1.0740000009536743,48094200.0,52104280.0,368057.6875
2025-02-19,1.0709999799728394,1.1089999675750732,1.069000005722046,1.1089999675750732,43284100.0,47361692.0,368057.6875
2025-02-20,1.1139999628067017,1.13100004196167,1.1130000352859497,1.1239999532699585,56547700.0,63550256.0,368057.6875
2025-02-21,1.1169999837875366,1.1319999694824219,1.1150000095367432,1.128000020980835,53145700.0,59814552.0,368057.6875
2025-02-24,1.128000020980835,1.1380000114440918,1.1169999837875366,1.1319999694824219,47372000.0,53546368.0,368057.6875
2025-02-25,1.125,1.1319999694824219,1.1139999628067017,1.1200000047683716,29999200.0,33682784.0,368057.6875
2025-02-26,1.11899995803833,1.1430000066757202,1.11899995803833,1.1349999904632568,39105900.0,44336256.0,368057.6875
2025-02-27,1.1360000371932983,1.1430000066757202,1.1080000400543213,1.1239999532699585,42338500.0,47634216.0,368057.6875
2025-02-28,1.1150000095367432,1.121000051498413,1.093999981880188,1.0980000495910645,32594764.0,36077136.0,368057.6875
2025-03-03,1.1059999465942383,1.1390000581741333,1.1059999465942383,1.1200000047683716,96093600.0,108148104.0,368057.6875
2025-03-04,1.1160000562667847,1.13100004196167,1.1089999675750732,1.128999948501587,62641700.0,70246480.0,368057.6875
2025-03-05,1.121000051498413,1.1260000467300415,1.1039999723434448,1.1180000305175781,28627700.0,31838648.0,368057.6875
2025-03-06,1.1169999837875366,1.1349999904632568,1.1169999837875366,1.1330000162124634,49213400.0,55559324.0,368057.6875
2025-03-07,1.13100004196167,1.152999997138977,1.125,1.1410000324249268,107839504.0,123181736.0,368057.6875
2025-03-10,1.1440000534057617,1.1540000438690186,1.1380000114440918,1.1469999551773071,72331000.0,83018784.0,368057.6875
2025-03-11,1.1369999647140503,1.1740000247955322,1.1330000162124634,1.1740000247955322,55373600.0,64028544.0,368057.6875
2025-03-12,1.1829999685287476,1.1829999685287476,1.1629999876022339,1.1660000085830688,48284900.0,56490120.0,368057.6875
2025-03-13,1.1660000085830688,1.1690000295639038,1.1369999647140503,1.1490000486373901,34101500.0,39172904.0,368057.6875
2025-03-14,1.149999976158142,1.1679999828338623,1.1430000066757202,1.159999966621399,46416796.0,53576292.0,368057.6875
2025-03-17,1.1610000133514404,1.1640000343322754,1.1510000228881836,1.156999945640564,34734000.0,40138372.0,368057.6875
2025-03-18,1.156000018119812,1.1740000247955322,1.156000018119812,1.1690000295639038,34567900.0,40398644.0,368057.6875
2025-03-19,1.1670000553131104,1.1690000295639038,1.1519999504089355,1.1679999828338623,55921900.0,64860176.0,368057.6875
2025-03-20,1.1649999618530273,1.1690000295639038,1.156999945640564,1.1579999923706055,29323900.0,34137448.0,368057.6875
2025-03-21,1.1510000228881836,1.1549999713897705,1.1269999742507935,1.128999948501587,67242848.0,76774144.0,368057.6875
2025-03-24,1.1260000467300415,1.1360000371932983,1.1139999628067017,1.1360000371932983,56764768.0,63750016.0,368057.6875
2025-03-25,1.1360000371932983,1.1490000486373901,1.128000020980835,1.1330000162124634,35809668.0,40691652.0,368057.6875
2025-03-26,1.128000020980835,1.1649999618530273,1.128000020980835,1.1579999923706055,50007300.0,57714388.0,368057.6875
2025-03-27,1.1510000228881836,1.152999997138977,1.1349999904632568,1.1399999856948853,37121100.0,42416564.0,368057.6875
2025-03-28,1.1390000581741333,1.1410000324249268,1.1160000562667847,1.1349999904632568,41123500.0,46445976.0,368057.6875
2025-03-31,1.1269999742507935,1.1269999742507935,1.0950000286102295,1.1030000448226929,76448400.0,84860576.0,368057.6875
2025-04-01,1.1009999513626099,1.1130000352859497,1.0989999771118164,1.1080000400543213,21008000.0,23253028.0,368057.6875
2025-04-02,1.1050000190734863,1.121999979019165,1.1030000448226929,1.1139999628067017,35870800.0,40050944.0,368057.6875
2025-04-03,1.1180000305175781,1.121000051498413,1.0989999771118164,1.1069999933242798,83841200.0,92690144.0,368057.6875
2025-04-07,1.0759999752044678,1.0880000591278076,1.0,1.0019999742507935,129243296.0,135982144.0,368057.6875
2025-04-08,1.0,1.0290000438690186,0.9819999933242798,1.0290000438690186,58567600.0,58958896.0,368057.6875
2025-04-09,1.0130000114440918,1.0540000200271606,0.9810000061988831,1.0460000038146973,61318300.0,62873144.0,368057.6875
2025-04-10,1.0509999990463257,1.0800000429153442,1.0479999780654907,1.0579999685287476,102766200.0,109085344.0,368057.6875
2025-04-11,1.0549999475479126,1.062999963760376,1.0440000295639038,1.0549999475479126,38764000.0,40839100.0,368057.6875
2025-04-14,1.055999994277954,1.0750000476837158,1.055999994277954,1.0609999895095825,28455700.0,30298202.0,368057.6875
2025-04-15,1.062000036239624,1.0670000314712524,1.0449999570846558,1.0499999523162842,41270500.0,43434224.0,368057.6875
2025-04-16,1.0499999523162842,1.0509999990463257,1.0329999923706055,1.0399999618530273,40901484.0,42658824.0,368057.6875
2025-04-17,1.0399999618530273,1.0449999570846558,1.034000039100647,1.0360000133514404,63313900.0,65821900.0,368057.6875
2025-04-18,1.031000018119812,1.0329999923706055,1.0169999599456787,1.0269999504089355,32195966.0,32975064.0,368057.6875
2025-04-21,1.0269999504089355,1.0449999570846558,1.0219999551773071,1.0429999828338623,34520500.0,35789712.0,368057.6875
2025-04-22,1.0429999828338623,1.0440000295639038,1.031999945640564,1.034999966621399,29505100.0,30554704.0,368057.6875
2025-04-23,1.0360000133514404,1.062000036239624,1.0360000133514404,1.0570000410079956,55402000.0,58320344.0,368057.6875
2025-04-24,1.059000015258789,1.059000015258789,1.0379999876022339,1.0420000553131104,43922300.0,45961360.0,368057.6875
2025-04-25,1.0449999570846558,1.0499999523162842,1.0369999408721924,1.0440000295639038,27128600.0,28322490.0,368057.6875
2025-04-28,1.0460000038146973,1.0529999732971191,1.0420000553131104,1.0440000295639038,23230000.0,24294824.0,368057.6875
2025-04-29,1.0390000343322754,1.0490000247955322,1.034999966621399,1.0440000295639038,22596400.0,23584888.0,368057.6875
2025-04-30,1.0499999523162842,1.0570000410079956,1.0470000505447388,1.0529999732971191,23011700.0,24236908.0,368057.6875
2025-05-06,1.065999984741211,1.1100000143051147,1.065999984741211,1.1080000400543213,77922704.0,85372960.0,368057.6875
2025-05-07,1.1080000400543213,1.1100000143051147,1.090000033378601,1.0989999771118164,48630200.0,53502468.0,368057.6875
2025-05-08,1.0950000286102295,1.1059999465942383,1.090000033378601,1.1050000190734863,58818800.0,64672916.0,368057.6875
2025-05-09,1.1030000448226929,1.1030000448226929,1.090000033378601,1.0959999561309814,41000000.0,44929060.0,368057.6875
2025-05-12,1.1009999513626099,1.121000051498413,1.0989999771118164,1.11899995803833,54095300.0,60126984.0,368057.6875
2025-05-13,1.1260000467300415,1.1330000162124634,1.1039999723434448,1.1059999465942383,38922800.0,43300504.0,368057.6875
2025-05-14,1.1069999933242798,1.1269999742507935,1.1039999723434448,1.1180000305175781,42173800.0,47146008.0,368057.6875
2025-05-15,1.11899995803833,1.1319999694824219,1.1150000095367432,1.1180000305175781,72289984.0,81334000.0,368057.6875
2025-05-16,1.1109999418258667,1.128000020980835,1.1089999675750732,1.1130000352859497,44283784.0,49530684.0,368057.6875
2025-05-19,1.1130000352859497,1.1150000095367432,1.0920000076293945,1.1039999723434448,36784100.0,40475624.0,368057.6875
2025-05-20,1.1030000448226929,1.1139999628067017,1.093999981880188,1.1080000400543213,28342100.0,31289220.0,368057.6875
2025-05-21,1.1039999723434448,1.1069999933242798,1.097000002861023,1.1039999723434448,29162700.0,32112204.0,368057.6875
2025-05-22,1.0989999771118164,1.1019999980926514,1.0829999446868896,1.0859999656677246,31929900.0,34918840.0,368057.6875
2025-05-23,1.0820000171661377,1.0980000495910645,1.0779999494552612,1.0800000429153442,59744500.0,65191084.0,368057.6875
2025-05-26,1.0770000219345093,1.0889999866485596,1.0759999752044678,1.0870000123977661,23318200.0,25238880.0,368057.6875
2025-05-27,1.0870000123977661,1.0870000123977661,1.069000005722046,1.0750000476837158,27725200.0,29751436.0,368057.6875
2025-05-28,1.0740000009536743,1.0770000219345093,1.0679999589920044,1.0720000267028809,20049900.0,21490180.0,368057.6875
2025-05-29,1.0720000267028809,1.090000033378601,1.0720000267028809,1.0889999866485596,40466900.0,43950684.0,368057.6875
2025-05-30,1.0850000381469727,1.0850000381469727,1.0679999589920044,1.0720000267028809,27080656.0,29023642.0,368057.6875
2025-06-03,1.0709999799728394,1.090000033378601,1.0700000524520874,1.0880000591278076,26562856.0,28803886.0,368057.6875
2025-06-04,1.0880000591278076,1.1150000095367432,1.0859999656677246,1.1119999885559082,49315000.0,54527708.0,368057.6875
2025-06-05,1.1100000143051147,1.128000020980835,1.1089999675750732,1.121000051498413,92393000.0,103356912.0,368057.6875
2025-06-06,1.1230000257492065,1.1260000467300415,1.1119999885559082,1.1180000305175781,56477400.0,63153472.0,368057.6875
2025-06-09,1.128999948501587,1.149999976158142,1.121999979019165,1.1440000534057617,109714200.0,125049448.0,368057.6875
2025-06-10,1.1469999551773071,1.152999997138977,1.1269999742507935,1.1430000066757202,101663696.0,116104960.0,368057.6875
2025-06-11,1.1430000066757202,1.1990000009536743,1.1390000581741333,1.1820000410079956,191255200.0,224542432.0,368057.6875
2025-06-12,1.184999942779541,1.1859999895095825,1.1640000343322754,1.1799999475479126,214972304.0,252832448.0,368057.6875
2025-06-13,1.1790000200271606,1.180999994277954,1.159000039100647,1.1679999828338623,149326592.0,175046832.0,368057.6875
2025-06-16,1.1660000085830688,1.187000036239624,1.156999945640564,1.180999994277954,120918304.0,142170912.0,368057.6875
2025-06-17,1.1779999732971191,1.1890000104904175,1.1679999828338623,1.1690000295639038,65839000.0,77481856.0,368057.6875
2025-06-18,1.1679999828338623,1.1679999828338623,1.1419999599456787,1.1519999504089355,93175296.0,107109272.0,368057.6875
2025-06-19,1.1449999809265137,1.1480000019073486,1.125,1.128000020980835,95028000.0,107955672.0,368057.6875
2025-06-20,1.128999948501587,1.1390000581741333,1.1239999532699585,1.125,68751200.0,77909560.0,368057.6875
2025-06-23,1.1180000305175781,1.1380000114440918,1.1150000095367432,1.1380000114440918,59827000.0,67644200.0,368057.6875
2025-06-24,1.1380000114440918,1.1579999923706055,1.1330000162124634,1.156999945640564,74066496.0,85275632.0,368057.6875
2025-06-25,1.156999945640564,1.1640000343322754,1.1519999504089355,1.1640000343322754,60795000.0,70383016.0,368057.6875
2025-06-26,1.1640000343322754,1.1640000343322754,1.1480000019073486,1.149999976158142,97296496.0,112600192.0,368057.6875
2025-06-27,1.1540000438690186,1.1720000505447388,1.1540000438690186,1.1629999876022339,122111816.0,142352352.0,368057.6875
2025-06-30,1.1670000553131104,1.190000057220459,1.1629999876022339,1.187999963760376,119061104.0,140574128.0,368057.6875
2025-07-01,1.187999963760376,1.1890000104904175,1.1720000505447388,1.187999963760376,124688976.0,146885072.0,368057.6875
2025-07-02,1.187000036239624,1.190000057220459,1.1749999523162842,1.1820000410079956,150886112.0,178109520.0,368057.6875
2025-07-03,1.1790000200271606,1.187999963760376,1.1720000505447388,1.184999942779541,190216608.0,224761296.0,368057.6875
2025-07-04,1.184999942779541,1.184999942779541,1.1619999408721924,1.1690000295639038,81855368.0,95654712.0,368057.6875
2025-07-07,1.1690000295639038,1.1710000038146973,1.1579999923706055,1.1690000295639038,126300200.0,146791792.0,368057.6875
2025-07-08,1.1660000085830688,1.1920000314712524,1.1649999618530273,1.190000057220459,212148000.0,251703680.0,368057.6875
2025-07-09,1.190999984741211,1.1970000267028809,1.1710000038146973,1.1749999523162842,162522016.0,191904656.0,368057.6875
2025-07-10,1.2000000476837158,1.218000054359436,1.1859999895095825,1.215000033378601,216638640.0,260939856.0,368057.6875
2025-07-11,1.2400000095367432,1.3040000200271606,1.2319999933242798,1.2910000085830688,291110304.0,369859968.0,368057.6875
2025-07-14,1.2960000038146973,1.315999984741211,1.2730000019073486,1.2790000438690186,196087296.0,253546544.0,368057.6875
2025-07-15,1.2690000534057617,1.2990000247955322,1.253999948501587,1.2619999647140503,250710400.0,317634592.0,368057.6875
2025-07-16,1.2599999904632568,1.2740000486373901,1.2519999742507935,1.2580000162124634,111786680.0,141139872.0,368057.6875
2025-07-17,1.25600004196167,1.281000018119812,1.2410000562667847,1.2730000019073486,250658992.0,317336384.0,368057.6875
2025-07-18,1.2730000019073486,1.3370000123977661,1.2699999809265137,1.3200000524520874,346919648.0,455409696.0,368057.6875
2025-07-21,1.3240000009536743,1.371999979019165,1.312000036239624,1.3650000095367432,279646112.0,378078624.0,368057.6875
2025-07-22,1.3530000448226929,1.3730000257492065,1.3489999771118164,1.3660000562667847,233724160.0,318196928.0,368057.6875
2025-07-23,1.3580000400543213,1.3919999599456787,1.3420000076293945,1.3660000562667847,259302784.0,355308352.0,368057.6875
2025-07-24,1.3600000143051147,1.4550000429153442,1.3519999980926514,1.444000005722046,297682432.0,422543040.0,368057.6875
2025-07-25,1.437999963760376,1.4600000381469727,1.4199999570846558,1.4459999799728394,331816256.0,476460160.0,368057.6875
2025-07-28,1.437000036239624,1.472000002861023,1.434000015258789,1.4670000076293945,265028688.0,384839936.0,368057.6875
2025-07-29,1.4559999704360962,1.468000054359436,1.4420000314712524,1.4600000381469727,286146944.0,416315616.0,368057.6875
2025-07-30,1.4609999656677246,1.4639999866485596,1.409000039100647,1.434999942779541,351888096.0,507288768.0,368057.6875
2025-07-31,1.4190000295639038,1.4249999523162842,1.3869999647140503,1.3969999551773071,227351392.0,320760224.0,368057.6875
2025-08-01,1.3869999647140503,1.3960000276565552,1.3660000562667847,1.36899995803833,113030016.0,155717056.0,368057.6875
2025-08-04,1.3619999885559082,1.38100004196167,1.3600000143051147,1.38100004196167,130386496.0,178704400.0,368057.6875
2025-08-05,1.3860000371932983,1.3919999599456787,1.378999948501587,1.3899999856948853,167674256.0,232379216.0,368057.6875
2025-08-06,1.3919999599456787,1.402999997138977,1.38100004196167,1.402999997138977,215716896.0,300711872.0,368057.6875
2025-08-07,1.4040000438690186,1.4589999914169312,1.3730000257492065,1.4470000267028809,411162816.0,580757440.0,368057.6875
2025-08-08,1.434999942779541,1.465000033378601,1.4270000457763672,1.444000005722046,220044192.0,317998496.0,368057.6875
2025-08-11,1.4509999752044678,1.465000033378601,1.434000015258789,1.4579999446868896,239797696.0,347695040.0,368057.6875
2025-08-12,1.4500000476837158,1.4500000476837158,1.4229999780654907,1.4320000410079956,212929792.0,305370944.0,368057.6875
2025-08-13,1.4329999685287476,1.4600000381469727,1.4290000200271606,1.4559999704360962,136514096.0,196890592.0,368057.6875
2025-08-14,1.4539999961853027,1.468999981880188,1.440000057220459,1.4559999704360962,267376704.0,388279968.0,368057.6875
2025-08-15,1.4450000524520874,1.5260000228881836,1.4450000524520874,1.5199999809265137,271189152.0,403171008.0,368057.6875
2025-08-18,1.5269999504089355,1.6019999980926514,1.5,1.5870000123977661,340282432.0,530444800.0,368057.6875
2025-08-19,1.5880000591278076,1.6390000581741333,1.5789999961853027,1.600000023841858,371613888.0,597025472.0,368057.6875
2025-08-20,1.5829999446868896,1.6490000486373901,1.5829999446868896,1.6260000467300415,275617408.0,447004352.0,368057.6875
2025-08-21,1.6150000095367432,1.6519999504089355,1.5850000381469727,1.593999981880188,284048640.0,458821664.0,368057.6875
2025-08-22,1.5859999656677246,1.6399999856948853,1.5829999446868896,1.63100004196167,390335936.0,634325184.0,368057.6875
2025-08-25,1.659000039100647,1.7640000581741333,1.6540000438690186,1.7419999837875366,374970112.0,645195904.0,368057.6875
2025-08-26,1.7359999418258667,1.7369999885559082,1.687000036239624,1.6970000267028809,446753280.0,759882496.0,368057.6875
2025-08-27,1.7130000591278076,1.7690000534057617,1.6959999799728394,1.718999981880188,595623616.0,1032717824.0,368057.6875
2025-08-28,1.7100000381469727,1.7899999618530273,1.7000000476837158,1.7890000343322754,563558272.0,989350336.0,368057.6875
2025-08-29,1.7879999876022339,1.8289999961853027,1.7649999856948853,1.8049999475479126,388116768.0,701994048.0,368057.6875
2025-09-01,1.8109999895095825,1.8179999589920044,1.7660000324249268,1.7979999780654907,385365664.0,690630848.0,368057.6875
2025-09-02,1.7920000553131104,1.7940000295639038,1.7209999561309814,1.7389999628067017,473560384.0,828185984.0,368057.6875
2025-09-03,1.7400000095367432,1.75600004196167,1.6929999589920044,1.7089999914169312,238799312.0,412475808.0,368057.6875
2025-09-04,1.7050000429153442,1.7350000143051147,1.5950000286102295,1.63100004196167,310592256.0,520103712.0,368057.6875
2025-09-05,1.6169999837875366,1.7000000476837158,1.6160000562667847,1.6929999589920044,412021344.0,683953408.0,368057.6875
2025-09-08,1.6959999799728394,1.7079999446868896,1.6770000457763672,1.7050000429153442,166079792.0,281548992.0,368057.6875
2025-09-09,1.684999942779541,1.7139999866485596,1.6670000553131104,1.6770000457763672,143114112.0,242118800.0,368057.6875
2025-09-10,1.6579999923706055,1.6959999799728394,1.6469999551773071,1.6629999876022339,120779520.0,201626608.0,368057.6875
2025-09-11,1.6579999923706055,1.722000002861023,1.6490000486373901,1.718999981880188,158788000.0,269472640.0,368057.6875
2025-09-12,1.7230000495910645,1.7680000066757202,1.7100000381469727,1.7649999856948853,218174448.0,380430592.0,368057.6875
2025-09-15,1.774999976158142,1.7760000228881836,1.74399995803833,1.7519999742507935,250746688.0,439889408.0,368057.6875
2025-09-16,1.746999979019165,1.746999979019165,1.690000057220459,1.7300000190734863,384880320.0,661409600.0,368057.6875
2025-09-17,1.7230000495910645,1.7630000114440918,1.690999984741211,1.7599999904632568,290593952.0,507305696.0,368057.6875
2025-09-18,1.7599999904632568,1.7690000534057617,1.6929999589920044,1.7259999513626099,154074368.0,267579696.0,368057.6875
2025-09-19,1.7050000429153442,1.722000002861023,1.687000036239624,1.687999963760376,123069312.0,209715120.0,368057.6875
2025-09-22,1.6779999732971191,1.7120000123977661,1.6740000247955322,1.7070000171661377,112411016.0,190351200.0,368057.6875
2025-09-23,1.7059999704360962,1.715000033378601,1.6430000066757202,1.6720000505447388,223046400.0,373136288.0,368057.6875
2025-09-24,1.6629999876022339,1.690000057220459,1.652999997138977,1.6890000104904175,198531024.0,331870336.0,368057.6875
2025-09-25,1.687000036239624,1.7109999656677246,1.684000015258789,1.7020000219345093,422771872.0,717856256.0,368057.6875
2025-09-26,1.7089999914169312,1.722000002861023,1.680999994277954,1.6829999685287476,312670688.0,533884480.0,368057.6875
2025-09-29,1.687000036239624,1.7239999771118164,1.6829999685287476,1.7230000495910645,174409664.0,297430080.0,368057.6875
2025-09-30,1.7309999465942383,1.7699999809265137,1.7230000495910645,1.7569999694824219,230808944.0,404854176.0,368057.6875
2025-10-09,1.7910000085830688,1.8880000114440918,1.7769999504089355,1.8860000371932983,427630464.0,783136320.0,368057.6875
2025-10-10,1.9049999713897705,1.906999945640564,1.8109999895095825,1.8250000476837158,222050176.0,411983424.0,368057.6875
2025-10-13,1.88100004196167,1.9609999656677246,1.8389999866485596,1.9520000219345093,705869568.0,1332396928.0,368057.6875
2025-10-14,1.9600000381469727,2.0190000534057617,1.8819999694824219,1.8969999551773071,566034560.0,1104351104.0,368057.6875
2025-10-15,1.906999945640564,1.930999994277954,1.843000054359436,1.8919999599456787,952322880.0,1806524928.0,368057.6875
2025-10-16,1.8589999675750732,1.8849999904632568,1.8309999704360962,1.8359999656677246,705552064.0,1313466752.0,368057.6875
2025-10-17,1.8350000381469727,1.8760000467300415,1.784000039100647,1.7910000085830688,420767520.0,773044224.0,368057.6875
2025-10-20,1.7910000085830688,1.8140000104904175,1.7710000276565552,1.7910000085830688,201067120.0,360204480.0,368057.6875
2025-10-21,1.7910000085830688,1.8170000314712524,1.7760000228881836,1.815000057220459,209256752.0,377194976.0,368057.6875
2025-10-22,1.7879999876022339,1.8009999990463257,1.7569999694824219,1.784000039100647,187602016.0,333971840.0,368057.6875
2025-10-23,1.7769999504089355,1.784000039100647,1.7380000352859497,1.7769999504089355,164866928.0,289463904.0,368057.6875
2025-10-24,1.781999945640564,1.819000005722046,1.781000018119812,1.8179999589920044,200621104.0,362352992.0,368057.6875
2025-10-27,1.8370000123977661,1.878000020980835,1.8300000429153442,1.8680000305175781,233098384.0,433095744.0,368057.6875
2025-10-28,1.8669999837875366,1.8700000047683716,1.8270000219345093,1.8380000591278076,218237200.0,404010272.0,368057.6875
2025-10-29,1.8359999656677246,1.8860000371932983,1.8329999446868896,1.8849999904632568,176769120.0,328311008.0,368057.6875
2025-10-30,1.8849999904632568,1.937000036239624,1.8700000047683716,1.9019999504089355,313787168.0,595935424.0,368057.6875
2025-10-31,1.8899999856948853,1.8940000534057617,1.8450000286102295,1.8450000286102295,246628336.0,459684800.0,368057.6875
2025-11-03,1.8459999561309814,1.8539999723434448,1.784000039100647,1.8229999542236328,189570784.0,342699264.0,368057.6875
2025-11-04,1.819000005722046,1.8309999704360962,1.784000039100647,1.7990000247955322,86510656.0,156267024.0,368057.6875
2025-11-05,1.7660000324249268,1.8049999475479126,1.7569999694824219,1.7940000295639038,119910024.0,213418256.0,368057.6875
2025-11-06,1.7929999828338623,1.8240000009536743,1.7920000553131104,1.8220000267028809,147796480.0,267944112.0,368057.6875
2025-11-07,1.8179999589920044,1.8359999656677246,1.7929999828338623,1.815999984741211,145848560.0,264539664.0,368057.6875
2025-11-10,1.8320000171661377,1.8339999914169312,1.7829999923706055,1.7949999570846558,117900720.0,212329440.0,368057.6875
2025-11-11,1.7960000038146973,1.8040000200271606,1.7699999809265137,1.7740000486373901,83899840.0,149980272.0,368057.6875
2025-11-12,1.7710000276565552,1.7710000276565552,1.725000023841858,1.746000051498413,132033416.0,230744944.0,368057.6875
2025-11-13,1.74399995803833,1.7949999570846558,1.7389999628067017,1.7860000133514404,142063824.0,251794784.0,368057.6875
2025-11-14,1.7619999647140503,1.781999945640564,1.7480000257492065,1.7599999904632568,345468096.0,611500992.0,368057.6875
2025-11-17,1.75600004196167,1.781000018119812,1.75600004196167,1.7680000066757202,231384944.0,408961056.0,368057.6875
2025-11-18,1.7660000324249268,1.774999976158142,1.7239999771118164,1.7350000143051147,119307088.0,207760320.0,368057.6875
2025-11-19,1.7300000190734863,1.7510000467300415,1.7170000076293945,1.7480000257492065,106871888.0,185815312.0,368057.6875
2025-11-20,1.7510000467300415,1.7799999713897705,1.7419999837875366,1.7480000257492065,126323824.0,222527968.0,368057.6875
2025-11-21,1.7139999866485596,1.715000033378601,1.6579999923706055,1.659000039100647,267273968.0,448255584.0,368057.6875
2025-11-24,1.6579999923706055,1.6790000200271606,1.6330000162124634,1.6710000038146973,97858376.0,161806880.0,368057.6875
2025-11-25,1.6710000038146973,1.7039999961853027,1.6710000038146973,1.687999963760376,147162320.0,248181776.0,368057.6875
2025-11-26,1.687999963760376,1.7009999752044678,1.6740000247955322,1.680999994277954,89863112.0,151572560.0,368057.6875
2025-11-27,1.687000036239624,1.7100000381469727,1.6749999523162842,1.6770000457763672,76315088.0,129159024.0,368057.6875
2025-11-28,1.6749999523162842,1.7070000171661377,1.6690000295639038,1.7059999704360962,81895704.0,138299840.0,368057.6875
2025-12-01,1.7239999771118164,1.7480000257492065,1.7209999561309814,1.746000051498413,124451904.0,216079808.0,368057.6875
2025-12-02,1.7400000095367432,1.7400000095367432,1.7059999704360962,1.718000054359436,74200760.0,127276144.0,368057.6875
2025-12-03,1.718000054359436,1.7400000095367432,1.7120000123977661,1.718999981880188,78262200.0,134996512.0,368057.6875
2025-12-04,1.718000054359436,1.722000002861023,1.6929999589920044,1.7050000429153442,82632896.0,141060528.0,368057.6875
2025-12-05,1.7059999704360962,1.7569999694824219,1.6990000009536743,1.74399995803833,126849648.0,219308832.0,368057.6875
2025-12-08,1.7489999532699585,1.7640000581741333,1.7339999675750732,1.7599999904632568,115531296.0,201824848.0,368057.6875
2025-12-09,1.753999948501587,1.753999948501587,1.7239999771118164,1.7339999675750732,113247984.0,197037488.0,368057.6875
2025-12-10,1.7350000143051147,1.7389999628067017,1.7100000381469727,1.7350000143051147,61133880.0,105322648.0,368057.6875
2025-12-11,1.7430000305175781,1.7510000467300415,1.722000002861023,1.7259999513626099,77657880.0,134812960.0,368057.6875
2025-12-12,1.7269999980926514,1.7419999837875366,1.7109999656677246,1.7400000095367432,66643008.0,115179112.0,368057.6875
2025-12-15,1.7330000400543213,1.7430000305175781,1.718999981880188,1.7209999561309814,77165320.0,133200936.0,368057.6875
2025-12-16,1.7139999866485596,1.7139999866485596,1.6610000133514404,1.6720000505447388,108148992.0,181244320.0,368057.6875
2025-12-17,1.6720000505447388,1.718999981880188,1.6679999828338623,1.7109999656677246,71096392.0,120397608.0,368057.6875
2025-12-18,1.7020000219345093,1.7280000448226929,1.6890000104904175,1.690999984741211,78084944.0,133468032.0,368057.6875
2025-12-19,1.7000000476837158,1.7319999933242798,1.7000000476837158,1.7280000448226929,97714264.0,167852352.0,368057.6875
2025-12-22,1.7400000095367432,1.7660000324249268,1.7369999885559082,1.7619999647140503,116573184.0,204499120.0,368057.6875
2025-12-23,1.7630000114440918,1.7769999504089355,1.7489999532699585,1.7640000581741333,141092096.0,248505520.0,368057.6875
2025-12-24,1.7660000324249268,1.7740000486373901,1.75600004196167,1.7730000019073486,124123200.0,218885984.0,368057.6875
2025-12-25,1.7669999599456787,1.7979999780654907,1.7589999437332153,1.7929999828338623,142982656.0,253715456.0,368057.6875
2025-12-26,1.7970000505447388,1.8170000314712524,1.7869999408721924,1.809999942779541,163819216.0,295571456.0,368057.6875
2025-12-29,1.8179999589920044,1.8359999656677246,1.8049999475479126,1.809000015258789,167958384.0,305504096.0,368057.6875
2025-12-30,1.7910000085830688,1.8300000429153442,1.781999945640564,1.8200000524520874,88658544.0,160596576.0,368057.6875
2025-12-31,1.8209999799728394,1.8339999914169312,1.8079999685287476,1.8250000476837158,101571320.0,185082384.0,368057.6875
2026-01-05,1.8380000591278076,1.8700000047683716,1.8380000591278076,1.8660000562667847,113248832.0,210994256.0,368057.6875
2026-01-06,1.8669999837875366,1.9210000038146973,1.8669999837875366,1.9179999828338623,196938240.0,375190464.0,368057.6875
2026-01-07,1.940000057220459,1.9980000257492065,1.937999963760376,1.9830000400543213,351199328.0,690843072.0,368057.6875
2026-01-08,1.9609999656677246,1.9739999771118164,1.934000015258789,1.9570000171661377,214147232.0,419719392.0,368057.6875
2026-01-09,1.9630000591278076,2.0450000762939453,1.9630000591278076,2.0329999923706055,242263504.0,489807552.0,368057.6875
2026-01-12,2.062000036239624,2.1480000019073486,2.0429999828338623,2.1429998874664307,149912448.0,311757632.0,368057.6875
2026-01-13,2.1429998874664307,2.1429998874664307,2.0399999618530273,2.052999973297119,362620128.0,754494336.0,368057.6875
2026-01-14,2.0439999103546143,2.0999999046325684,2.00600004196167,2.0320000648498535,244310896.0,505657152.0,368057.6875
2026-01-15,2.0160000324249268,2.046999931335449,1.9950000047683716,2.01200008392334,316937600.0,640686016.0,368057.6875
2026-01-16,2.013000011444092,2.0399999618530273,2.006999969482422,2.0230000019073486,111231696.0,225244160.0,368057.6875
2026-01-19,2.0,2.0480000972747803,1.9839999675750732,2.0339999198913574,155613888.0,315615488.0,368057.6875
2026-01-20,2.0380001068115234,2.0480000972747803,1.9630000591278076,2.0,152026192.0,303595296.0,368057.6875
2026-01-21,1.9800000190734863,2.0420000553131104,1.9800000190734863,2.0320000648498535,99420128.0,201436144.0,368057.6875
2026-01-22,2.0290000438690186,2.0739998817443848,2.0290000438690186,2.055999994277954,84094160.0,172451664.0,368057.6875
2026-01-23,2.059999942779541,2.115000009536743,2.059000015258789,2.11299991607666,121666944.0,253812192.0,368057.6875
2026-01-26,2.119999885559082,2.1440000534057617,2.0999999046325684,2.118000030517578,127424352.0,270805472.0,368057.6875
2026-01-27,2.0999999046325684,2.134000062942505,2.059999942779541,2.0850000381469727,142131120.0,298687200.0,368057.6875
2026-01-28,2.0820000171661377,2.1429998874664307,2.0399999618530273,2.1389999389648438,137445792.0,286601152.0,368057.6875
2026-01-29,2.1419999599456787,2.2230000495910645,2.0940001010894775,2.1500000953674316,301740864.0,653253056.0,368057.6875
2026-01-30,2.0880000591278076,2.0929999351501465,1.968999981880188,2.0199999809265137,264652032.0,537790080.0,368057.6875
2026-02-02,1.9500000476837158,2.003999948501587,1.9160000085830688,1.9179999828338623,234879856.0,463181824.0,368057.6875
2026-02-03,1.9520000219345093,2.01200008392334,1.937999963760376,2.01200008392334,236204032.0,462154592.0,368057.6875
2026-02-04,2.0199999809265137,2.0239999294281006,1.9850000143051147,2.01200008392334,106135968.0,212954160.0,368057.6875
2026-02-05,1.9869999885559082,1.9910000562667847,1.9129999876022339,1.9279999732971191,128992848.0,251203264.0,368057.6875
2026-02-06,1.8899999856948853,1.9809999465942383,1.8860000371932983,1.9579999446868896,136365632.0,264202272.0,368057.6875
2026-02-09,1.9809999465942383,2.0329999923706055,1.9809999465942383,2.0220000743865967,113689064.0,229128112.0,368057.6875
2026-02-10,2.0280001163482666,2.0439999103546143,2.007999897003174,2.0409998893737793,109595984.0,222470208.0,368057.6875
2026-02-11,2.0350000858306885,2.118000030517578,2.0339999198913574,2.0869998931884766,260807424.0,545212288.0,368057.6875
2026-02-12,2.0869998931884766,2.13700008392334,2.0799999237060547,2.128000020980835,334073632.0,707633856.0,368057.6875
2026-02-13,2.0999999046325684,2.1070001125335693,2.062000036239624,2.063999891281128,150885248.0,314932192.0,368057.6875
2026-02-24,2.109999895095825,2.127000093460083,2.0950000286102295,2.1070001125335693,131982984.0,278482976.0,368057.6875
2026-02-25,2.114000082015991,2.259000062942505,2.114000082015991,2.234999895095825,413446272.0,917181760.0,368057.6875
2026-02-26,2.2360000610351562,2.236999988555908,2.2070000171661377,2.2160000801086426,212463472.0,471808768.0,368057.6875
2026-02-27,2.2149999141693115,2.309999942779541,2.2109999656677246,2.306999921798706,351176032.0,798995200.0,368057.6875
2026-03-02,2.312000036239624,2.319000005722046,2.236999988555908,2.3010001182556152,315651488.0,721165888.0,368057.6875
2026-03-03,2.2860000133514404,2.2890000343322754,2.1389999389648438,2.1429998874664307,639948864.0,1423991936.0,368057.6875
2026-03-04,2.1010000705718994,2.2249999046325684,2.0940001010894775,2.1700000762939453,460788608.0,1005532416.0,368057.6875
2026-03-05,2.193000078201294,2.2139999866485596,2.13700008392334,2.1610000133514404,247599584.0,537296320.0,368057.6875
2026-03-06,2.1440000534057617,2.180000066757202,2.119999885559082,2.1419999599456787,177180416.0,379603040.0,368057.6875
2026-03-09,2.11899995803833,2.128000020980835,2.0490000247955322,2.118000030517578,188593088.0,394205568.0,368057.6875
2026-03-10,2.125999927520752,2.1559998989105225,2.122999906539917,2.1410000324249268,127640416.0,273012992.0,368057.6875
2026-03-11,2.132999897003174,2.1510000228881836,2.1089999675750732,2.121000051498413,106053016.0,225313104.0,368057.6875
2026-03-12,2.1110000610351562,2.127000093460083,2.0759999752044678,2.115000009536743,297732992.0,626221056.0,368057.6875
2026-03-13,2.1029999256134033,2.130000114440918,2.061000108718872,2.068000078201294,193559600.0,404508960.0,368057.6875
2026-03-16,2.059999942779541,2.068000078201294,1.9930000305175781,2.0230000019073486,301323808.0,605825216.0,368057.6875
2026-03-17,2.0230000019073486,2.0350000858306885,1.965999960899353,1.968000054359436,173491808.0,345013888.0,368057.6875
2026-03-18,1.9639999866485596,1.9839999675750732,1.934000015258789,1.9800000190734863,136885120.0,268481120.0,368057.6875
2026-03-19,1.9429999589920044,1.9429999589920044,1.8760000467300415,1.8869999647140503,211085904.0,403389120.0,368057.6875
2026-03-20,1.8819999694824219,1.9049999713897705,1.8480000495910645,1.8489999771118164,158879968.0,299516288.0,368057.6875
2026-03-23,1.805999994277954,1.8660000562667847,1.7799999713897705,1.7899999618530273,306434848.0,561630848.0,368057.6875
2026-03-24,1.8229999542236328,1.8279999494552612,1.7569999694824219,1.8240000009536743,277370112.0,497434432.0,368057.6875
2026-03-25,1.840000033378601,1.878000020980835,1.840000033378601,1.8760000467300415,107274896.0,199756720.0,368057.6875
2026-03-26,1.8739999532699585,1.8819999694824219,1.8380000591278076,1.8480000495910645,113812896.0,212323680.0,368057.6875
2026-03-27,1.819000005722046,1.8990000486373901,1.8140000104904175,1.8860000371932983,152343904.0,285018752.0,368057.6875
2026-03-30,1.8700000047683716,1.8830000162124634,1.8420000076293945,1.8760000467300415,138028192.0,256502064.0,368057.6875
2026-03-31,1.8730000257492065,1.8880000114440918,1.843000054359436,1.8459999561309814,160250400.0,298552288.0,368057.6875
2026-04-01,1.8769999742507935,1.8799999952316284,1.850000023841858,1.86899995803833,75857400.0,141375712.0,368057.6875
2026-04-02,1.8580000400543213,1.8619999885559082,1.809999942779541,1.8229999542236328,98546496.0,180396896.0,368057.6875
2026-04-03,1.8240000009536743,1.8300000429153442,1.7979999780654907,1.8049999475479126,75374304.0,136520448.0,368057.6875
2026-04-07,1.8049999475479126,1.8489999771118164,1.8029999732971191,1.843999981880188,80293312.0,146634256.0,368057.6875
2026-04-08,1.8799999952316284,1.9240000247955322,1.8799999952316284,1.9220000505447388,185515504.0,354050368.0,368057.6875
2026-04-09,1.9010000228881836,1.9520000219345093,1.8980000019073486,1.934999942779541,177603808.0,343848000.0,368057.6875
2026-04-10,1.9479999542236328,1.968999981880188,1.937000036239624,1.9459999799728394,123986304.0,241466656.0,368057.6875
2026-04-13,1.9550000429153442,1.9780000448226929,1.9470000267028809,1.968000054359436,105409112.0,206763696.0,368057.6875
2026-04-14,1.9769999980926514,1.9859999418258667,1.944000005722046,1.9739999771118164,117209600.0,229540624.0,368057.6875
2026-04-15,1.9759999513626099,1.9910000562667847,1.9290000200271606,1.937000036239624,128757512.0,252559360.0,368057.6875
2026-04-16,1.940000057220459,1.9859999418258667,1.940000057220459,1.9809999465942383,173201904.0,340786976.0,368057.6875
2026-04-17,1.9819999933242798,2.006999969482422,1.972000002861023,2.0,134947536.0,269642560.0,368057.6875
2026-04-20,2.0,2.059000015258789,1.9830000400543213,2.0510001182556152,292271104.0,592351808.0,368057.6875
2026-04-21,2.046999931335449,2.046999931335449,2.0160000324249268,2.0360000133514404,147121408.0,298747136.0,368057.6875
2026-04-22,2.0209999084472656,2.0429999828338623,2.0139999389648438,2.0390000343322754,128065248.0,260113680.0,368057.6875
2026-04-23,2.0369999408721924,2.0399999618530273,1.9459999799728394,1.9539999961853027,351006368.0,689209856.0,368057.6875
2026-04-24,1.9420000314712524,1.968999981880188,1.9279999732971191,1.9559999704360962,176915840.0,343757696.0,368057.6875
2026-04-27,1.9500000476837158,1.965999960899353,1.9420000314712524,1.9520000219345093,93100720.0,181960896.0,368057.6875
2026-04-28,1.9520000219345093,1.9520000219345093,1.906999945640564,1.9160000085830688,167306640.0,321420992.0,368057.6875
2026-04-29,1.9119999408721924,2.0299999713897705,1.9110000133514404,2.0280001163482666,269647040.0,538021760.0,368057.6875
2026-04-30,2.015000104904175,2.046999931335449,2.009999990463257,2.0460000038146973,225473072.0,457693312.0,368057.6875
2026-05-06,2.0490000247955322,2.1040000915527344,2.0360000133514404,2.1029999256134033,157527856.0,327013952.0,368057.6875
2026-05-07,2.109999895095825,2.115000009536743,2.0810000896453857,2.1059999465942383,148925984.0,312244192.0,368057.6875
2026-05-08,2.0950000286102295,2.1089999675750732,2.075000047683716,2.1050000190734863,175226240.0,366909408.0,368057.6875
2026-05-11,2.1110000610351562,2.1630001068115234,2.1089999675750732,2.1619999408721924,353047840.0,756278400.0,368057.6875
2026-05-12,2.1649999618530273,2.1670000553131104,2.0759999752044678,2.0910000801086426,220855280.0,465152576.0,368057.6875
2026-05-13,2.069999933242798,2.128000020980835,2.069999933242798,2.11899995803833,233390016.0,492935008.0,368057.6875
2026-05-14,2.11899995803833,2.125,2.049999952316284,2.0510001182556152,165842368.0,344936896.0,368057.6875
2026-05-15,2.0390000343322754,2.0969998836517334,2.0209999084472656,2.0350000858306885,223019392.0,455738144.0,368057.6875
2026-05-18,2.015000104904175,2.0320000648498535,1.9869999885559082,2.005000114440918,150936976.0,303134048.0,368057.6875
2026-05-19,1.996999979019165,2.002000093460083,1.9420000314712524,1.9759999513626099,205267328.0,403979552.0,368057.6875
2026-05-20,1.9529999494552612,2.010999917984009,1.9359999895095825,1.996999979019165,179525424.0,352928000.0,368057.6875
2026-05-21,1.9989999532699585,2.0320000648498535,1.9450000524520874,1.9470000267028809,165982896.0,332176704.0,368057.6875
2026-05-22,1.9450000524520874,2.002000093460083,1.9429999589920044,1.996999979019165,131112800.0,259150320.0,368057.6875
2026-05-25,2.000999927520752,2.0179998874664307,1.9730000495910645,2.006999969482422,124042880.0,247248656.0,368057.6875
2026-05-26,1.9889999628067017,2.015000104904175,1.9700000286102295,2.015000104904175,178411808.0,355490880.0,368057.6875
2026-05-27,2.015000104904175,2.0230000019073486,1.940000057220459,1.9539999961853027,141869664.0,281274112.0,368057.6875
2026-05-28,1.937999963760376,2.003999948501587,1.937999963760376,1.996999979019165,149257520.0,294560064.0,368057.6875
2026-05-29,1.9910000562667847,2.0,1.899999976158142,1.9119999408721924,158678096.0,307249408.0,368057.6875
2026-06-01,1.902999997138977,1.934000015258789,1.8869999647140503,1.8949999809265137,123398096.0,235644352.0,368057.6875
2026-06-02,1.8839999437332153,1.9270000457763672,1.8480000495910645,1.9179999828338623,91436320.0,172540176.0,368057.6875
2026-06-03,1.9119999408721924,1.9850000143051147,1.9010000228881836,1.9630000591278076,149805504.0,293554336.0,368057.6875
2026-06-04,1.944000005722046,1.9700000286102295,1.9140000343322754,1.968999981880188,127344160.0,247050224.0,368057.6875
2026-06-05,1.9559999704360962,2.007999897003174,1.9390000104904175,1.968999981880188,146559888.0,289552608.0,368057.6875
2026-06-08,1.9140000343322754,1.944000005722046,1.8600000143051147,1.875,149276880.0,283827200.0,368057.6875
2026-06-09,1.8899999856948853,1.9529999494552612,1.871999979019165,1.9470000267028809,170435584.0,326468736.0,368057.6875
2026-06-10,1.9220000505447388,1.9570000171661377,1.9010000228881836,1.9149999618530273,136081504.0,262502160.0,368057.6875
2026-06-11,1.899999976158142,1.9470000267028809,1.8969999551773071,1.930999994277954,140980032.0,271515424.0,368057.6875
2026-06-12,1.9620000123977661,2.0390000343322754,1.9509999752044678,1.9759999513626099,140489232.0,279458592.0,368057.6875
2026-06-15,2.007999897003174,2.0390000343322754,1.975000023841858,2.0380001068115234,142220816.0,285115168.0,368057.6875
2026-06-16,2.049999952316284,2.124000072479248,2.0190000534057617,2.1019999980926514,237567296.0,497912224.0,368057.6875
2026-06-17,2.0940001010894775,2.0989999771118164,2.052999973297119,2.0820000171661377,279855808.0,580922112.0,368057.6875
2026-06-18,2.055000066757202,2.1540000438690186,2.053999900817871,2.1470000743865967,185489024.0,393872832.0,368057.6875
2026-06-22,2.183000087738037,2.236999988555908,2.1410000324249268,2.234999895095825,302246496.0,656880320.0,368057.6875
2026-06-23,2.2339999675750732,2.2339999675750732,2.071000099182129,2.0880000591278076,304232416.0,646618240.0,368057.6875
2026-06-24,2.061000108718872,2.0999999046325684,2.0260000228881836,2.0920000076293945,215539200.0,444635552.0,368057.6875
2026-06-25,2.0799999237060547,2.118000030517578,2.053999900817871,2.0989999771118164,138115344.0,289930080.0,368057.6875
2026-06-26,2.0850000381469727,2.0950000286102295,2.010999917984009,2.0169999599456787,133121312.0,273316736.0,368057.6875
2026-06-29,2.003999948501587,2.0260000228881836,1.9420000314712524,1.9859999418258667,163629968.0,325488096.0,368057.6875
2026-06-30,1.9800000190734863,2.053999900817871,1.9709999561309814,2.049999952316284,96520088.0,194359840.0,368057.6875
2026-07-01,2.049999952316284,2.0769999027252197,2.0320000648498535,2.0460000038146973,102336912.0,210190128.0,368057.6875
2026-07-02,2.0260000228881836,2.0999999046325684,1.9869999885559082,2.0339999198913574,192155248.0,395259968.0,368057.6875
2026-07-03,2.055000066757202,2.0799999237060547,2.0169999599456787,2.0490000247955322,173388000.0,355282688.0,368057.6875
2026-07-06,2.062999963760376,2.075000047683716,1.9709999561309814,1.9739999771118164,157466816.0,315422016.0,368057.6875
2026-07-07,1.9589999914169312,2.01200008392334,1.944000005722046,1.9550000429153442,72398096.0,142604864.0,368057.6875
2026-07-08,1.9470000267028809,1.9529999494552612,1.8630000352859497,1.8660000562667847,133989952.0,253281408.0,368057.6875
2026-07-09,1.850000023841858,1.8680000305175781,1.7619999647140503,1.8350000381469727,138631008.0,250986992.0,368057.6875
2026-07-10,1.8179999589920044,1.8799999952316284,1.815999984741211,1.8370000123977661,136949184.0,253701808.0,368057.6875
2026-07-13,1.8029999732971191,1.8259999752044678,1.7050000429153442,1.7100000381469727,169516448.0,294159936.0,368057.6875
2026-07-14,1.7009999752044678,1.7589999437332153,1.6859999895095825,1.7589999437332153,127486216.0,218542272.0,368057.6875
2026-07-15,1.7599999904632568,1.7660000324249268,1.7109999656677246,1.7170000076293945,102990024.0,178615968.0,368057.6875
2026-07-16,1.694000005722046,1.7170000076293945,1.6649999618530273,1.6740000247955322,85965320.0,145227024.0,368057.6875
2026-07-17,1.6740000247955322,1.6740000247955322,1.5800000429153442,1.590999960899353,129987384.0,210901168.0,368057.6875
2026-07-20,1.5980000495910645,1.6180000305175781,1.5240000486373901,1.5470000505447388,84680648.0,133512616.0,368057.6875
2026-07-21,1.5499999523162842,1.625,1.5240000486373901,1.6239999532699585,94286328.0,148577152.0,368057.6875
2026-07-22,1.6119999885559082,1.6399999856948853,1.5980000495910645,1.6100000143051147,74660024.0,121104848.0,368057.6875
2026-07-23,1.6109999418258667,1.6619999408721924,1.6059999465942383,1.659000039100647,93110576.0,152844112.0,368057.6875
2026-07-24,1.6440000534057617,1.6440000534057617,1.6009999513626099,1.6030000448226929,85978096.0,139103664.0,368057.6875
