date,company,field,selected_source_hash,selected_source,alternative_source_hash,alternative_source,alternative_value,reverse_order_recovers_field
2026-08-11,长城科技,turnover,a489901c48a391a4ce8146b5f48deba28ca3cc21d9fcbdec977d8c99f819ef5c,ths_hot_reason,83072a5ccd8527c97fcb0248b0a883bde6da0e40d24b4bb863fe87ded59c47db,eastmoney_limit_up,316157744.0,True
2026-08-11,凯迪股份,turnover,dfbbc778b46d415a11e458a4d3de77e940c94244a500c707f387b552ecd2b7dc,ths_hot_reason,e54fe7a100a722acd9d2ad0d7e2c953331aafd71a2283e6a124037448db27bc9,eastmoney_limit_up,218278837.0,True
2026-08-11,万邦医药,turnover,6fe3409396810dcab9fd785854d03188897fdedeb1e9d312278c31adcab1aeeb,ths_hot_reason,4230fe1b466f5dd72a9fb465f54890e3c3663993191f9e290c9eefda1e8343ee,eastmoney_limit_up,1404170944.0,True
2026-08-11,武汉凡谷,turnover,c200faf0d45eb2cc5f793089d150a53bb3e6ec190f91fe5db346639f114ee8f2,ths_hot_reason,7de7adc789dc05a2522ae997933967910156ed0265c82a0048c6ccc5a660da64,eastmoney_limit_up,782053952.0,True
2026-08-11,立新能源,turnover,37d3056127aca38132d48a33e99deeccafd2eeb58fc36b6976ff352d3148f548,ths_hot_reason,e3c62bb37c161afa490b098e972d50665c2a6fc7d0ed01ee6c0bab1ccda62ee4,eastmoney_limit_up,3628988256.0,True
2026-08-11,第一医药,turnover,a514746c7abcd0885ceb6ce54964fac2dbdc29cb062c7499115cba86a08937a3,ths_hot_reason,eac830bf6b7a7ff25dd8d57c8f2ec2221fccc30b6d01b80739a931a9b69ce37d,eastmoney_limit_up,446405968.0,True
2026-08-11,华能蒙电,turnover,4ed4e5fe3f4afd6b31913c3ba415bbdfa3a1420deddf6e698f1e9e33cae345a5,ths_hot_reason,c1529f7b90fd94bedd12416c45419abb155a88697b01582b9dcb12049547a890,eastmoney_limit_up,1102493072.0,True
2026-08-11,华智数媒,turnover,c06b404f1aaec26f355c6a81d3b3193f9fbca82237e9fb56de1dd4f63f3d0f82,ths_hot_reason,f49e90d5eecbf9570cb6e046ba988009293985187f94b3a73bbdb8d8862c45b0,eastmoney_limit_up,421059216.0,True
2026-08-11,哈药股份,turnover,f14e2e32d47c58bae13d53eb32815c9f6d1cfa5779db249037866c0be4a9e265,ths_hot_reason,b58d7c8210c1dd02e5b9509afb07025245b6813284676b8167cf86cb5d8bfc39,eastmoney_limit_up,5494869248.0,True
2026-08-11,杭钢股份,turnover,a951f827fe9e27e5629c2ccc0340f73129280126352673280f4070990e320fc2,ths_hot_reason,324877a35d6ff20ecca0d784dde072189a827567f1ffb6e8654f35da1a52a2d9,eastmoney_limit_up,1115980112.0,True
2026-08-11,文投控股,turnover,b402ee7851c430a5cdde7846018e713d3f2e1aa2fcf306269e1917a14b1a8eb4,ths_hot_reason,c26c8b5b35a037c317b3d03ac7d9b2bc6d97dbf2c2d9ccc375930f4cecc5e009,eastmoney_limit_up,155548064.0,True
2026-08-11,华东重机,turnover,3ec71d30b3f1084346afb93aaa27b8dd55de94d54444a546f3679f019b54015a,ths_hot_reason,4efaa831996bb04a68aa1c22a31d3aa6e514c3abc3769f92c2a87118f8e83dba,eastmoney_limit_up,340266336.0,True
2026-08-11,香江控股,turnover,37a27934457521bda1bef5b9f78a1c109b8683748a8fab1dc26c31b41b8ca353,ths_hot_reason,de7ce1dab92b38bdd3a30196173efea74a4b33a9a1f34ceae3922ff60df82cd0,eastmoney_limit_up,400355936.0,True
2026-08-11,兆新股份,turnover,e749557e112627fc4f6e00dec13b7f27afd8a7e271c9c6ed15c362d63a061896,ths_hot_reason,1d187f126d5205ff39a0e938ac2511cbbc413a8ad9ba44d96691e950825f2446,eastmoney_limit_up,327544752.0,True
2026-08-11,开开实业,turnover,3cbb2f0923556e42bd815ea58a6c204ae0e729d8f9e99028ffb90af2a9201f7a,ths_hot_reason,ac90560d2c85353ae3d06b69be69c0d69cc5ffa27349abc314ae10e9583ffbe7,eastmoney_limit_up,752039616.0,True
2026-08-11,百花医药,turnover,20abfdc206a7aec11654c6247053e4b33941c6c711b136e0f1135b074f2d8868,ths_hot_reason,7cad4d6e8fcccabcc66f007b09d7244479d480dd50089a8b5da4d2e522b8d908,eastmoney_limit_up,851697296.0,True
2026-08-11,京投发展,turnover,1d6c37b5ee2c86e4671d547dc009cc3b36d05318c474fe99995e096d9cf50239,ths_hot_reason,87f04d602771d178a1d98212d554cb51ff29a43f05b0ecb85f4aaf5313f633ba,eastmoney_limit_up,103497216.0,True
2026-08-11,北京文化,turnover,c5a099e830cfb0317db0dff30f60d1c3cd6836722523e1a579f8564625afb76b,ths_hot_reason,6b607fa13910542b79b438905ac5766fc52aa2a870bd80a7cb95921d20fec5b6,eastmoney_limit_up,254059151.0,True
2026-08-12,长城科技,turnover,f608c58097ce52005b189859aee4422d15b9dac1358cef95d0e0e2893afecc32,ths_hot_reason,a40db04c650a430047fbae94e36b8890eb8475a697a7e3bd7321781888b43544,eastmoney_limit_up,1030141952.0,True
2026-08-12,康恩贝,turnover,31cd3d5b03a1de7c17e8b4216601fafdf6c8f9c41ba205016d6d768f7e3bb4fc,ths_hot_reason,b9603146d119e50b16c45708492d80c33a8151008ffafa68e1a41317516a46e9,eastmoney_limit_up,899269616.0,True
2026-08-12,长进光子,turnover,6a3d417a80a9a2a4abcb97de9ae5cbf0cc04cb8c1cba823b0403aafe8267ac03,ths_hot_reason,fb6e831e6eadb22933cbddf391f8f65691613c60ddca7f9c2b2abaf8af2cc656,eastmoney_limit_up,1256980448.0,True
2026-08-12,首开股份,turnover,bdcd7b60b71b9061dc532c49be5f5f1ccba01f4215c05eb1e44ca9178cd8a8f8,ths_hot_reason,f30232f11ef5a38bac7aefccbd1a51b66366d0846324b3402269083a9990ef37,eastmoney_limit_up,1043388336.0,True
2026-08-12,新城控股,turnover,5ebe7b6a60728bf74094f3a1ff444b21d447f5f0f7b534c21a902b8fb9b7e2f7,ths_hot_reason,8e52ef04c6d5e1fea022417a187c71a28ef5f4c1b02b62ad42634410bbbb6447,eastmoney_limit_up,545589280.0,True
2026-08-12,滨江集团,turnover,35054ff69842b6d39b0ffcb26d6d8dd10e28dc6f49d97a47137a61a1a3b863f1,ths_hot_reason,79017913ec32303e1bfe484fb20698093aec93c1dd0eee6b860ae75a049e0f6c,eastmoney_limit_up,540867808.0,True
2026-08-12,今世缘,turnover,424b85b73b7a7ca2da7c016617dbb41d3a0e734157899a319f24ad3752670b4a,ths_hot_reason,42eb50d8ffb0e394460444dbb2426021a1fde9e7c64e0ceb0319649e0d924d5a,eastmoney_limit_up,1366879888.0,True
2026-08-12,中交发展,turnover,c61b7a96e37b6dc2a391a72ce0bf4fdb27e6fca0ec97b34fbe95f641c05818b3,ths_hot_reason,a8e108e47252edd7053545f06cb1749fd3d70e7b0b35f79044c5a17da53b453f,eastmoney_limit_up,167812541.0,True
2026-08-12,城建发展,turnover,ff44e2814e8b736b660666cfab5f62792649ba535fe810a8a728e0c3c38647dc,ths_hot_reason,54d3bf18b57b133daa35b462b198af47e4f79d907a1fef37135d97d58a8c1a61,eastmoney_limit_up,473982112.0,True
2026-08-12,瑞康医药,turnover,8ad28a0b67d04a95c1c122bb6836809e8d24ed63dbb0793878255bf5eb9f44b8,ths_hot_reason,f2aac1f7222be5cb6ef70166534ea5f8049fc8cbcd54de395d5d36419758ac87,eastmoney_limit_up,823234416.0,True
2026-08-12,通宇通讯,turnover,78851c0613957fb3e8e28279bf840f786ba55437f9f591a7bee10a5559ba13d2,ths_hot_reason,f74f83ecf2bc7af38fd141d3a68ddcff8d88ec16001605fdd1141aedde755dbe,eastmoney_limit_up,3280191856.0,True
2026-08-12,可川科技,turnover,78739294377b41e9db747054d5d0197be2e2266e9215dbdc4c4cbd6631a1c40b,ths_hot_reason,bef91d9f4d96785c76123d5c2e196b5d4f25d10c51bfc8de3e2cc771c040e68f,eastmoney_limit_up,218412164.0,True
2026-08-12,澳洋健康,turnover,2bc566d239e590f8c8b4b006356ab29c3b9f239779737ae16b7211e242f45f16,ths_hot_reason,5bf1e310050144457bd65db13f324897e5b9958c2c730baef5da65873ed23225,eastmoney_limit_up,195547428.0,True
2026-08-12,永鼎股份,turnover,8d704440000ff835e8b8064839b2aef7e67927ff4db3e4dd4005475963c22a4a,ths_hot_reason,741524501ad7c2839eea266c6461a3d6bc816b3f496c1da23920a50d71806169,eastmoney_limit_up,8165109760.0,True
2026-08-12,风范股份,turnover,56206f142ce076939b8a59f8f6057defeacba21e9b5e50cc9daba58c6d539293,ths_hot_reason,1689cb506a2eeebcd3118be63dc56e94e355ed72aa0324e3cac28df867c3a4b2,eastmoney_limit_up,1186776832.0,True
2026-08-12,浙江医药,turnover,4e433475c7df9f78632792489664e6fe7f34a9bd83f264ade6a52cdd67916724,ths_hot_reason,6912d7299da1bd68f1aded525d9cc61eaa3e15699fe4602822d89620469ef0e9,eastmoney_limit_up,908486960.0,True
2026-08-12,金辰股份,turnover,a4a5d1aace9ff9018182b584c75a9547f60f03488867f9d19eb4258a6eb8da70,ths_hot_reason,036df7457b27cf52d227d27390db21cdb32fe5d7feabb90137f29b205f3b222d,eastmoney_limit_up,158694513.0,True
2026-08-12,宝光股份,turnover,004ce46ad3533448f2fd145e2b5c84767eb26b95369affe61bb052cbb40f5324,ths_hot_reason,2fa20dba0461847bc3675be46e50b3e4b2616e41cf34b53552e73f983be25e55,eastmoney_limit_up,415051328.0,True
2026-08-12,德豪润达,turnover,7dd3d3784448f9c90de099c596b28f89a4b305b92441e78bfcce3a572bd9a0ad,ths_hot_reason,ea0d8089cad96f79edf88d7e69886c2bea84285c3337e854687420f86f4985fb,eastmoney_limit_up,85493485.0,True
2026-08-12,京基智农,turnover,6705f28d2e528aae112cd561c7c967da351222a4f20822715f2aa013556916a6,ths_hot_reason,fc0d4867e0518e9a9ef40247ad31d134e15b8bc3dd6a58c893bd3a70605dc3a9,eastmoney_limit_up,602957728.0,True
2026-08-12,超研股份,turnover,f5aef66427bd97602eb478036c54118ccfeeacfafa6113d77fbcd3da08c69e4e,ths_hot_reason,9b009cfc77186a87407bafd478b4775c6d892d836166876ae532759756c4a376,eastmoney_limit_up,226785824.0,True
2026-08-12,百花医药,turnover,428e168766ecb0868f1bac4e791f02e234a5ee23598e57bc317d6080be1b2212,ths_hot_reason,23dbdf1d0b903fb27344c6b100314eda34b493e03bb29a440ee15c55aa033f87,eastmoney_limit_up,1840794640.0,True
2026-08-12,香江控股,turnover,dc54fea07670eca361562e09011524f3454290d21ca09ce8110af29e33c85e65,ths_hot_reason,8d8c40f74bc5a512fefca7ab56a1124ba005809516fab3bee3fe01c6c8ac6ba8,eastmoney_limit_up,789468112.0,True
2026-08-13,大唐发电,turnover,f2b32e2ece9a7893089e736ec1a96f0f3da90d19ca37522d977cd14047303657,ths_hot_reason,82764939d4aea18af4b7295107376e0f405e954948cfdac12cb8a97102b71136,eastmoney_limit_up,5966665984.0,True
2026-08-13,望变电气,turnover,b029740636e681bb0e53cfefff2b2a3949ff87ee7cdf9b63a05e4aa9d27f0ec9,ths_hot_reason,2f1172700012cad3bba6bf10885f51eff192debac9ce85025aea1b786a6ae137,eastmoney_limit_up,626222064.0,True
2026-08-13,深振业A,turnover,3982b1c13a619465d441cab070253cff4a2b4e964fff48ea2522ff0c5b693d9d,ths_hot_reason,a08db1365868137284cccfca80a7991ee6b864369d26a72bddd9c0373aa9fd70,eastmoney_limit_up,284308688.0,True
2026-08-13,方盛制药,turnover,8fc20c95ea57688d867ad03dd8475875592a83684b34333ca1cce011553d9547,ths_hot_reason,e2d26b7b067fda56f8a9a2f1b47d92c5f8af992e368db69492ce4776a554583b,eastmoney_limit_up,414457088.0,True
2026-08-13,春秋电子,turnover,f543febfdaf04a4301d9ff9cbbd6724b6442279a07735f41910939ea9074ee4a,ths_hot_reason,ae6719a47e0e180150eac6c87caaca4fa114d79bbcf3211cfa92a06357fe6dea,eastmoney_limit_up,768265952.0,True
2026-08-13,兰卫医学,turnover,1daf65cd0c542beb7d0d813f57abf7d306a29428b28b07343a46dfb8f00ab625,ths_hot_reason,cda34d430e95adef24f1755b6877fec6842c5a37e237ad02c6ee43f06e5e5755,eastmoney_limit_up,426154368.0,True
2026-08-13,滨海能源,turnover,b65ec1bf5ed3cfe224c309cbd2f1934d526c71ed95f1779bee26986d2f30acb9,ths_hot_reason,3c0acf62491022fc884840f5d3ea5042a94c0a6a75ea9c1fca17e3b9afdde661,eastmoney_limit_up,238451984.0,True
2026-08-13,药易购,turnover,b87f6e7374ba5603ec41963b26d893b81d9d2bb595d2b925f718105de0a895b2,ths_hot_reason,82ea46c6bddeca3ea6b06769231188aa4923b5e582cc57f55a17b7093c0a1e5c,eastmoney_limit_up,553077440.0,True
2026-08-13,陇神戎发,turnover,df3d44e9f5f9a66344fa2d2c80caafd67ebd69accf5fb344f3f5ac0cb298d4da,ths_hot_reason,b058ff153734ba39d2a72f4823f9c46539505d8f09a80a3183ec6ad6a648522a,eastmoney_limit_up,1730725296.0,True
2026-08-13,万邦医药,turnover,48cff1b8b115d5b0088e15b88d1feb473c552f6a4d9c50f4a11162fe05d9382d,ths_hot_reason,1eda34da81b1a1437bc716718b8338bd477d3bac00cfc44504eed76d4ebdee92,eastmoney_limit_up,1276425648.0,True
2026-08-13,道生天合,turnover,6df2b95f02d77af7cccea532cdc30bb9873292a38c1abb26dab70ab44820bd4a,ths_hot_reason,eb855cb830ae458624172bc331b2db6e4475f1e9c13b621c743598eb348263a6,eastmoney_limit_up,215261794.0,True
2026-08-13,佛慈制药,turnover,a7781d815f99591d7bdb6c229cc0f323b9d853a7ea90f02691c461886cdec5f2,ths_hot_reason,212926184a1241fcb6feabf9cabbf69d8ae4b1c318ce9585bf7516138ed0bb05,eastmoney_limit_up,221910328.0,True
2026-08-13,南模生物,turnover,7a7db4496e5ab4459c1e1f2d855b90e13394c39670debfda9f229a42efa936f8,ths_hot_reason,a7f085bc4a64fdc8bdd6f7ceadb8fc9e831e6890e3238ccebcfa970525d9c241,eastmoney_limit_up,288832128.0,True
2026-08-13,星网锐捷,turnover,dab9b3f5b740182118d1f86a59f5b6990050a238eea284e6793913bda1e2587c,ths_hot_reason,9f7be084681e640d8551eec4bc522fd86ecdde9ba88e7d0a22f2be77331df896,eastmoney_limit_up,3500496320.0,True
2026-08-13,瑞泰科技,turnover,86f4bec3d733d108c524a222ff462872677716e6fc885cbb39697543bd2a66a3,ths_hot_reason,180cc36ad17cc4fbd9459dab8f98418b1ceb755905a32b82f7c56ccdb65ae3e7,eastmoney_limit_up,220075324.0,True
2026-08-13,良信股份,turnover,4b368e4999a7d777555a6ff3e987d32a83ad06f301e2939713257a6278d534d3,ths_hot_reason,e12722ada38c5ca39ac7d666b7417912bc84bbb61d127d0ea61655d4d66dc454,eastmoney_limit_up,669327440.0,True
2026-08-13,神奇制药,turnover,2927038e3f4b74a0daec1329c8251cdb938d319a42810bd4e4544eb3612399eb,ths_hot_reason,2b3dd122e7c11b958d4f7a65344547961641c514b4aa69bc7d797fb3f27d5eda,eastmoney_limit_up,131927351.0,True
2026-08-13,新里程,turnover,db8c1066de0a04dc5a2cc7884e446588cba00d2cf167b0565566d0af36f7c284,ths_hot_reason,8167419d85f970ee032e3d7495af6e1b96514c8dcf01bde93522613e3d871d90,eastmoney_limit_up,599082640.0,True
2026-08-13,博济医药,turnover,c87c9968db63143773ccf249bde2abbd3c129cd6bf4a1c50bf31caf89c0ce993,ths_hot_reason,7e69c80e00bf606b9c9797d8ecbbd42e805c6ef86ece787a444868009019f914,eastmoney_limit_up,822925504.0,True
2026-08-13,会稽山,turnover,3f31c788fbec1cdc5b68e5af45f49ea0ee8d0bf8288172b71d6afd277ae314f5,ths_hot_reason,0373e2c8614754ea84beecd82a3a53fb2872195c833540520e28f0772c8cdfeb,eastmoney_limit_up,325595200.0,True
2026-08-13,出版传媒,turnover,c401c961ef1e105470e15b34e4b97eb96efd7a2d59f9778f8d11c14863c9b8ce,ths_hot_reason,0c2f026f8451299b1d70934ad3ae53667521b4c9e723a9f472cda964b7c88854,eastmoney_limit_up,204019781.0,True
2026-08-13,誉衡药业,turnover,26a1e969c13f9520b6727ef4dd0b3266eca28d650c805310b0c3bb3b0529d177,ths_hot_reason,57b400a4d163bcd71c8fb8eeb2b1bacc1dd9fb378c4a957a5a36cd5dc9ede680,eastmoney_limit_up,1954086352.0,True
2026-08-13,华电能源,turnover,77182ac97a66df03cd79e216329230be5230ba3205f8e93c5b458c334016aff7,ths_hot_reason,66988e10e84bd8a31a756ac9124534e0679c45868f1ac4bae6b18b47a77ebe70,eastmoney_limit_up,955907808.0,True
2026-08-13,共进股份,turnover,25c4c86d3992080428a754bed5faa570a9d6e3ccce2901d29c0b3bed3a310657,ths_hot_reason,8099e154c06d4e87bc280c8e529c7984b90d5c8e4c76c0f30cdcbe5756949623,eastmoney_limit_up,1724498048.0,True
2026-08-13,惠天热电,turnover,644d88338e3fb6e19a3084b9671b13a477da79fca99f4141835cd65c43a48a07,ths_hot_reason,d403df8aa078f52e27e86148a1731a7d31cf17a62ddd680a4e309b3dd4f7bf0c,eastmoney_limit_up,211175964.0,True
2026-08-13,游族网络,turnover,22073724b9c09a99bedbd38582c1c9d0b113a058b4e0f8d7d072a4d80e91c318,ths_hot_reason,50f845693773c2072a3cf47e69349e999a7e5af0b92a8cda7bc2f592b2067d22,eastmoney_limit_up,413420400.0,True
2026-08-13,移远通信,turnover,ef75144629c52d589cef810ba3223468e703d34b855c41aadcc81244cfc564d9,ths_hot_reason,16a95c327f344d58f4c2e62fa8228ba4e426924ea40711c78738ebe0c4b8b455,eastmoney_limit_up,528639712.0,True
2026-08-13,京投发展,turnover,9cf8ecbc644b79fb19ab656640f6d9e1ade7fe27466cbdaaf5c8379feb898bcf,ths_hot_reason,2a8a3eefe7d3f0eb9b64376b6d943a7d5eb062cdd99e18d39b02e325f4a6155c,eastmoney_limit_up,24367878.0,True
2026-08-13,澳洋健康,turnover,f47fa56c2c21d2434f5061d9983695f41cd81a2a2f81dcebe8ca834bcf9dc2fe,ths_hot_reason,79b7a29a86f4cf2bb459d08c96e35b01bcf8e9c579a1e04a525df55e15187034,eastmoney_limit_up,96348778.0,True
2026-08-13,北京文化,turnover,5ffe94332822b29ae18236e2bfb3ca0e26dea7bf0a5d4279494300f534bfea70,ths_hot_reason,96308e31e4991b7ed7e1385bd8e8d284d33bdbf9338c6a40b28f53b7207aaa69,eastmoney_limit_up,851181584.0,True
2026-08-14,亨通光电,turnover,da463669f8dc4d862e340eac53d64132ccdc12dd38bbbffedc5f056c61ac9153,ths_hot_reason,b9fa17904ea7bd96af65cdd096a0fd948afaa3b0b526e751fc9dbd503f9ae866,eastmoney_limit_up,19196727552.0,True
2026-08-14,人民同泰,turnover,f7d22f9f76057ca043af4b0a66f6c9050efd0875a0cfcb047cf268ed2aecfda1,ths_hot_reason,0302d0dd25b2965baaca693c381348ac2ef53fc9a537a553eab8ec94d6c75afc,eastmoney_limit_up,565271888.0,True
2026-08-14,豪美新材,turnover,6ffb8621616fbd4605ee64179abce7e0bd543fa6a6f4c907edb1a4bc061cd72b,ths_hot_reason,4f1ff1fb183cf62a4bffafba0ae8c3ce27f0b255bed20db4d3195e5d7bd630fd,eastmoney_limit_up,134563035.0,True
2026-08-14,中瓷电子,turnover,138c01d317dc79cd2237855adc9949eee69a6b17bf851197490e22a62c5a90b0,ths_hot_reason,36669a92482fcbadda6d1761c3d4716a500df3260c3d227b5cb1e2208784d98a,eastmoney_limit_up,1631796080.0,True
2026-08-14,厦工股份,turnover,22b6241cd0fceb679916ed04dd38bd77aa6ada98cb53415e78205e69e0fbaebf,ths_hot_reason,30a992b1ada70c8cbc4f5ac5b52f8fdef9ec231d8a8b084180c4c051b8648dcc,eastmoney_limit_up,429874256.0,True
2026-08-14,利通电子,turnover,63911048dc98f70683812ed75446d4013a290da5ba323627a5a828b5755eeee4,ths_hot_reason,f01d42250c83117bff8346e7b75d26434fd112f164fe39441052936434578670,eastmoney_limit_up,8869939456.0,True
2026-08-14,中国稀土,turnover,4f7f12d32d876b3022787974193bdd9071ba99b1ad63464176dc0bdc45dcfb82,ths_hot_reason,02bc6c495cbf20e0f4fe50d0cc82c3a299bba925e646134af1f1abe5a84950ba,eastmoney_limit_up,5416567552.0,True
2026-08-14,金戈新材,turnover,8ad40e8c35dbf793f7eb25ebbf97ea442061315ac302ef714b3e92b106189464,ths_hot_reason,8aee4dfd0bdfcf9a215938023cd073f8da51a5ebdf056721591a1a349be706aa,eastmoney_limit_up,327160848.0,True
2026-08-14,敏芯股份,turnover,d26c29b738d106eb1110a25c40056cb28bb7d23614c26eb4c171f3836e22f921,ths_hot_reason,ea38bf809ff8a79eb432babbc6173407fe4f8c74790610da11519e21a4aeff9a,eastmoney_limit_up,615181952.0,True
2026-08-14,数据港,turnover,a6c12fb2b70e270003318e953eed72205c4bc1d51b76e83a10447d594bf62c70,ths_hot_reason,0b6f903b64e8bbd0851c3516bcc7d4127001994e086d80670e20c13eca63c7cc,eastmoney_limit_up,2801935888.0,True
2026-08-14,剑桥科技,turnover,ac28f3cd5e455c65049f65b8551c9cc382254f883d17390abcdfb43702fa858a,ths_hot_reason,e8e5254c791ca21ce9579b065e64e7da47f779f30ec3a9ff1589b7b8ffd8b579,eastmoney_limit_up,7130649344.0,True
2026-08-14,盈新发展,turnover,6b5f4c15308f5fc568a6e9906ce6400f6563023e0ac48ca63bb57fd8dd9ebc4f,ths_hot_reason,c5731ea307f055ab66e2eda34944a62a4fac90168f0533965f934404d2c51ec8,eastmoney_limit_up,1582394880.0,True
2026-08-14,杭电股份,turnover,316af3ab19c478da2dcd419a54bce4156302dbba8267aff5cc9584336b15687c,ths_hot_reason,7733a72919bee78a3906287216671dd5f8971427c01c3f45860283b6240b465d,eastmoney_limit_up,3281343152.0,True
2026-08-14,阿莱德,turnover,b1c655eed71bfdf2c49d3a763c89af3e1ae2c51ab8fdf0749531931fd728600d,ths_hot_reason,9b424cca0addf2d92abefd0a92cb09489051ac423ba38d61c46399276e50c36b,eastmoney_limit_up,437866176.0,True
2026-08-14,西点药业,turnover,20ab898d959d87ffdd5886442e01b5cae5ff2bf3f495aa3922ae84eebd06c327,ths_hot_reason,8cd67b9fcc5c0ab240b6e75fe122ef766b98a6a4550e9583292ecb3312790bb2,eastmoney_limit_up,319398208.0,True
2026-08-14,金田股份,turnover,ada4616d02350a75a2af8f44760e137323ad4f363d35bf0de59f894605cca61f,ths_hot_reason,756e12ec68063aff7bb7e1b18715a978e51c8b4de1da3726c15b8f2532018845,eastmoney_limit_up,636052608.0,True
2026-08-14,重药控股,turnover,b3893ea8e41dabdbe4cab18373115aaa896e4abd8f6cedd3d75513efff4601e4,ths_hot_reason,225db7ecd1d98ccda8a9d6dd25de096076c609d9a9545a6b20a0d26509be3b59,eastmoney_limit_up,370880608.0,True
2026-08-14,开开实业,turnover,e10ae411f77497796f28f9785c7e830ddd5dae979e18d4b412ab5c8fc733be8f,ths_hot_reason,a52869078966e94d5a85c810931fed0fd6d02b339672ab69fc6c157bb25aaa90,eastmoney_limit_up,765437952.0,True
2026-08-14,大唐电信,turnover,1df33a6e013b4621b991f0fdad26ce59207b9e05e3647b286cffa6f0b19e5015,ths_hot_reason,2894119cb45279859b8d5cc26f45329ab374eb18d4b1b4ee54fc60f39555b741,eastmoney_limit_up,416085824.0,True
2026-08-14,博济医药,turnover,2c81a96b6aeec56c0ec60eabf2451e7ed29d69ad08183fb3e7849e6072e44344,ths_hot_reason,e175835ecf500c9607e791cb74a1ff1fdc2bd2725562cae3d1cc600b1e2899f0,eastmoney_limit_up,1320038768.0,True
2026-08-14,共进股份,turnover,8cdf7fa084988e03a42117e295c3f177068dbc92dc181426abbb4ef37ae83134,ths_hot_reason,ec794e1e647dc93ed862993292ee7f1ae4711cdbd9884c8e7cc344ffe3f10283,eastmoney_limit_up,1949605840.0,True
2026-08-14,康盛股份,turnover,a45609e8c2935c7f5fce35b6250cec4ead3a8fcc0297dac8fe9929aefedee42b,ths_hot_reason,88b6dfcdfd91b0228cd15cd016937b861d0d2804461f1ed3feee661be5878c09,eastmoney_limit_up,327087280.0,True
2026-08-14,大豪科技,turnover,cc5afa4bb116367bdc7b0386794a9187b1cab41b918dfc9b6f819ca1b538ff18,ths_hot_reason,4a39d5af371a331d97eeb0650f25b2a157154e99ba016edda47ebfd92a7d8afe,eastmoney_limit_up,315161424.0,True
2026-08-14,神奇制药,turnover,f1bdcfc7ca66451a6c002c40f021fc0fd4c90c0ad0d1849a7d53a23a42444bba,ths_hot_reason,db8a7b4e2cda7b6e87bb984360935caf12c29ba67aea724706b9f43e8e10f70c,eastmoney_limit_up,80085303.0,True
2026-08-14,华森制药,turnover,7814cbf46a8da49aaabb0b5c8565a44d199a2d2e36c9bf61036aae38cf3a0e89,ths_hot_reason,17b76ecbc81ecdf14ccfca1a1e367ba91ad946f663db2662c29932b3107bb5f8,eastmoney_limit_up,82440807.0,True
2026-08-14,澳洋健康,turnover,174812a592a0ffeffff0a0ac1357a14f7beebaed38adac13e8e639a479e31cf4,ths_hot_reason,84153d6e3b93f453ac039620cbf3e06fb8cbc060c4e5c39185ad9bd9150aa230,eastmoney_limit_up,86716415.0,True
2026-08-17,神马电力,turnover,5ff96c3f8abd897e13e26543755f443f9ac7157b0f6f7a5ce3795139ccbef6f1,ths_hot_reason,248e7da6eed0b0e9954412cb2f88048d9e437beb1ab100785a2014d9ac4a1cc1,eastmoney_limit_up,394648176.0,True
2026-08-17,太龙药业,turnover,6058c112c096e57b4eff9c0946e182b3209d5ca7629613cd42770d82bd6113a1,ths_hot_reason,32f6e74801186ebf581b1763367f0dc154c17ef6f0b1adde8a8e114b3114b324,eastmoney_limit_up,556597808.0,True
2026-08-17,新中港,turnover,ed7dc94da493b3e318ef1d5ea9b018f048bab3b2c7dcf6c0a3e3630454bca67f,ths_hot_reason,5949670f9d63f512f0decef0ad4ea54c7cbb585e46eba7f2723a34a532a07b7c,eastmoney_limit_up,280452096.0,True
2026-08-17,闽发铝业,turnover,d2a65022754a37f753a3d693d74b1e40f73e70f6c4bb2235e6c98ca7d9a3a0cb,ths_hot_reason,a7d88e2811e40a1b198dcb0a90f49109f9f180131d5f76fc82216d55965c7369,eastmoney_limit_up,202160693.0,True
2026-08-17,华阳新材,turnover,6bec877de579d5920426dc4fda0a4009b8e61b7c1438513ca2ee4f02e0d1b7bc,ths_hot_reason,28a8ec50ff9ef5004acf51da0d72914d3db347889e289be46fdf14a88e512aae,eastmoney_limit_up,76973117.0,True
2026-08-17,天准科技,turnover,56e0b8ec639fbb4604fb7ca317fb898d1ae449e16181814d1a1dcaf8ddd3211f,ths_hot_reason,7cb204815f794b30005d93ccb75022d2349db12ee0377e357540d65a72b3723b,eastmoney_limit_up,1100106416.0,True
2026-08-17,电连技术,turnover,680a42b64df883109af2f0337a0de8597242205d3892625a27b718520d4cbb5c,ths_hot_reason,b7d99d217a041cb2c0c6fbcf4f3c2c193d62556c88e35c6fb0ccd89d90976dd0,eastmoney_limit_up,1774712448.0,True
2026-08-17,海泰新光,turnover,57057232150776b2ce1e214c1ec28d7bd83f6d042f3d6fa42dd9d3114f376d91,ths_hot_reason,d8bdca75d921980c2e84bd3dcaef17079601254482c0df7313d9c7e999b64e90,eastmoney_limit_up,1305941536.0,True
2026-08-17,中瓷电子,turnover,de1cdc0536da67aececbdadadfb72a35ba5581c5ea1bd9b36d6d235a48454245,ths_hot_reason,269165c4ffa2a8cb428997339e1c8bd90184ea87859e6aa1e2a70809ecd1e2ad,eastmoney_limit_up,2387348160.0,True
2026-08-17,贵研铂业,turnover,60a0cf983306b1cd4531adc6f242d15ea98a13ea4cf3cdf3b3a50ae986dd7724,ths_hot_reason,52b422d1b3c4d3edd7efacd1a81d49dd86b9d30d860789133f61cf3c2cdd0bbe,eastmoney_limit_up,1102668464.0,True
2026-08-17,聚和材料,turnover,50b7a8d33e46cffcdb019579deb9dfae70035eb87017ccdfc4088cfe5e34cb0b,ths_hot_reason,e6eb17c1e39813f79f48143cc9153437ad818ffd5b1bb9a654b5051bace8226f,eastmoney_limit_up,2540248432.0,True
2026-08-17,华民股份,turnover,92368161fd14539d110f9bd49f87827bd3749f12782f567c66ccca87d22aafe0,ths_hot_reason,c55dd8a7ca68fa2bac3eb140b554732054a35b19ee3b2ba45f06448e6bc50ca5,eastmoney_limit_up,1077370416.0,True
2026-08-17,北方铜业,turnover,f7eeb18ef72a40f5b0e400dfb8cc3008fd9c7895a0de180175f025c41e5a6cb6,ths_hot_reason,1e19d7dda051aeb8d049cc4e81970a31020e0ab20c93eb25a42d96d180d294e5,eastmoney_limit_up,2020297264.0,True
2026-08-17,联德股份,turnover,7447887d95bb08ffdef40e4eb38b1fa410d7bebe9be5540fa2d0d90e0aa5c69e,ths_hot_reason,1a94a8557e50937877374a58d58292578a68b8951c744ec7c6e84cdd0f718ab9,eastmoney_limit_up,224813850.0,True
2026-08-17,苏州天脉,turnover,3d18dee018a30262082ab4d633ebaae6cd71e716a411ca6dada874145d44a334,ths_hot_reason,cf55d0d96f27d6bf381cb4b18126b88ff671d9f6c7ccd59f727ee30d6488f4c6,eastmoney_limit_up,1234891872.0,True
2026-08-17,中广天择,turnover,3edd76459f1b52ba3fc779d3e6518a6816399688224affbd97ef3355bff054f2,ths_hot_reason,cbb86fdcce60828165e145a511cd46f2ab97524e0a8760d8522be4eb6257f61a,eastmoney_limit_up,177368555.0,True
2026-08-17,太辰光,turnover,0aee067791a50108b986a62a41a9bc771daea9e3dee6303c351c1924abdd7262,ths_hot_reason,4c47f31b23ee843ba928869d436ca4b4890fead74835ddc3eb9868239637a720,eastmoney_limit_up,4508005632.0,True
2026-08-17,供销大集,turnover,8f3fa8454ac579937cac8efad13c2c6f10196032125d87be4c583f3ca4ee20e9,ths_hot_reason,bb4588943c823a5edf9aca3896029bb82102f8e691f393ff41f84752914a6615,eastmoney_limit_up,959527744.0,True
2026-08-17,南卫股份,turnover,ab85bbfadc52ba3f3ede82c83431c23e7ecb0147c89eba21ea0c9c3f8b36f518,ths_hot_reason,060b76010294ea1a6c712fa33ebf4c5921ff3cc9f290e34e23219226fbcc6112,eastmoney_limit_up,173300238.0,True
2026-08-17,TCL智家,turnover,9fe7304514998c4c20fb5eb54c722bf715b18e81a298e81811640ff1a41ac7a5,ths_hot_reason,0e556b6cb6174441d2cc110405a05e0d93260d48854abd738d55e08051db21f4,eastmoney_limit_up,610794256.0,True
2026-08-17,北自科技,turnover,4e61262355c9ea25d6beea5a9ba1adf51d5c84dde2e034d01fbf1ae9571e7f2b,ths_hot_reason,96111468f9eb5f01a79b2bd41ecbc03184abf720ed09467a2d0bf8e42f954ff3,eastmoney_limit_up,211372436.0,True
2026-08-17,益民集团,turnover,e57a2560018c00dd05edc871a6d744d18e50d35b21b85c759bd18e3b3bcbb8c6,ths_hot_reason,a7b8e537b4fd4ab0eed7f0c48d4fcb09fe1334fc8b1010821e5a418190c641e8,eastmoney_limit_up,130838825.0,True
2026-08-17,思源电气,turnover,d9a421fc34f5d5a65609e8dbfe9b35f7f5a1709ab18101ccc858e09cf1eec52d,ths_hot_reason,c4361778683b1cdc7b48561327c98bdfd8929c38ac4c099550015d605e53ab52,eastmoney_limit_up,2376629792.0,True
2026-08-17,利群股份,turnover,a9d82f79f6e68ee46b6bdb991bd96c42d7c97cfaafe82ad1e330401b39dbc5f4,ths_hot_reason,5a140e887ccadfea60416f73b0b77502060caf6da5a88a774aa870cdc0630117,eastmoney_limit_up,104989725.0,True
2026-08-17,风范股份,turnover,48a6bbe9b4c53d7e73d4c0a43cadfa2a242e55330779d86fcb85318c0fa6b92e,ths_hot_reason,5526f4ed17ce6244b0256f476a77102017ddf35bd7a487e8adf0322892deb07b,eastmoney_limit_up,1289058736.0,True
2026-08-17,誉衡药业,turnover,609076e7c25d3b6a707bca11551e89cfaa7cdf8f2b2385ce5477a30bfee2c3b9,ths_hot_reason,3324d4db051dfc6ed0cb636c74fce4d74faf58a6eb3908a499120fb2cbc15922,eastmoney_limit_up,2964663728.0,True
2026-08-17,苏博特,turnover,3305a4ed7384160acb2345218de7a0a477ce0224e5996f290b36cd3269cbb57e,ths_hot_reason,3d31c3fede228ea437c1acace523be501916ec4aa3691938d3e1d371d9966104,eastmoney_limit_up,348226752.0,True
2026-08-17,罗牛山,turnover,c22dbcd1e6abd26aab4fb52a6b3a17b14279261b3d45b7e26ac26977a6b66fd0,ths_hot_reason,d53643f671a6feacc8eb650b48638db4710ca768a14562e4b3871a8012ee00e8,eastmoney_limit_up,480537104.0,True
2026-08-17,冀衡医药,turnover,9320eba030ca71c927bc00b9947a80f73107f3e5c8d871237fb935869c61696f,ths_hot_reason,a872051cd200287b7d99d5ff4e99ed68ec139cb6c37a55b21f0fc7c7ff01c50f,eastmoney_limit_up,121754246.0,True
2026-08-17,澳洋健康,turnover,fe2309cb307cf807c8d6d053bf32a0dc2c7d74437c1c810093127dc13c0eb603,ths_hot_reason,dce699e39f00be5169a5a5d9cf556264b39f275e7663bcda0ab9c1aa4952a179,eastmoney_limit_up,980026096.0,True
2026-08-17,有研新材,turnover,4befd7ca0cf7dba927c890f49f961da701abbb126955e48af27f9932279514dd,ths_hot_reason,19b67f31d0eadbe29bd803259bcf77f656e9affc30afff2c95cbbbf11ea46cb7,eastmoney_limit_up,3736260832.0,True
2026-08-17,戴维医疗,turnover,fe5c9a8a60906aea88bc920086e007a64459a13eed06d05a767a09406133d4c7,ths_hot_reason,3b610b356dd1f547aaca66325f7be3001cc01073b4c9498f7fa5b000156f9c80,eastmoney_limit_up,376000048.0,True
2026-08-17,春光科技,turnover,49b2ade74c1f9f5e5f7b071fbbe2b7bfbc30206be13e9a4b587d898de57e3384,ths_hot_reason,cc875c7ee002a8419319bb48b507a5a75e888f1dcff5b6416f6f8258e32de90d,eastmoney_limit_up,64921953.0,True
2026-08-17,华森制药,turnover,ebe37f0f8d095050939a61fc131c6bd477700ec70a5e8dc8ad0065fdc05155a4,ths_hot_reason,4557c806045c642724d5178923896fafa3cf0f6152657ec469ac9a1a49ed9574,eastmoney_limit_up,312853552.0,True
2026-08-17,深深房A,turnover,bfd12c6feaa1cb28372b8e197038e268046342bafed741cf5c68cc212019fc86,ths_hot_reason,c9f9f3d6c93647390317f0f5d703c93e932cc18f01dc4bfa58d788c5049e3b8b,eastmoney_limit_up,93949612.0,True
2026-08-17,共进股份,turnover,92df842640da74d62d7c9b809d9efe2b3fe579bb345ab31fc10b4579f0fc2496,ths_hot_reason,e17e5154d1d3f20305c4b1455ad899042fe807ebfe697dca7763e833ccf76aee,eastmoney_limit_up,2022067456.0,True
2026-08-17,神奇制药,turnover,10e986d124e247e88e7d73847a4b3ce538506e4091bf397d45c41e8da69bfe08,ths_hot_reason,7373e64304d0d59e94e8870ea74c3a3f4bc01a89ab83f8cf6181c14fc5cd97f0,eastmoney_limit_up,273824912.0,True
2026-08-18,大北农,turnover,29d4b40562e79ab8e999ef7e9f920682b5a61f2910a81ad798182cd818227a08,ths_hot_reason,af5ed462efc56a4dd622f1eef9d4c7e0a5e00668938b3d6d66762421c4ce42ff,eastmoney_limit_up,1049420944.0,True
2026-08-18,开开实业,turnover,a325bdac42dcb72319cd496f0a7456a6be7a0edb2fa150c61efcc2bdd7b9dcbe,ths_hot_reason,ada0b16473276c221931b8bfad1b72c537f72199cad142a527ce346d3836ff43,eastmoney_limit_up,1131763216.0,True
2026-08-18,航天电器,turnover,605fff548dd79312f3e31efafba39d40f038561ab3afc1e809b06aa61ca05662,ths_hot_reason,4a5a6b67fefa8bb8cc1df6d7e7b30941c12b6b54cbc88efb96bcbd32fa7f9471,eastmoney_limit_up,1964882080.0,True
2026-08-18,华峰铝业,turnover,a2c2489c374b6dfdad51cf10d982822296572a1810b87a2f533f667a7040d6d8,ths_hot_reason,65953185553595e3b8c0032ea816f588d210a61de69bd266c5c43ab5a5deb86e,eastmoney_limit_up,409830816.0,True
2026-08-18,华亚智能,turnover,1e92b59fe42abd0872a5364337aad96e703740d1e42bb914bd4c9b96bcfffc88,ths_hot_reason,a056f44b0b049a60413ae4de348cb71c1b9605c74e84c4b50b8adc05c511a0e2,eastmoney_limit_up,651033136.0,True
2026-08-18,华翔股份,turnover,c3575f18ecbaf8c280dd3dc162a99cad9c0ebe90a33387026f1e3190fbf36da2,ths_hot_reason,d5e486396a03e57179bfa5dd7314f920a6720710cbcc31ad49750d4f186e6fb6,eastmoney_limit_up,320392224.0,True
2026-08-18,全新好,turnover,461ade4c488b62e4f2438bcf5dd01fb6f582c12f7e81915536010fb12308f6ea,ths_hot_reason,fcd06eb7713143cf631ed0da18153ef6af0929dcc04d6f9f0e40d864e2b1a479,eastmoney_limit_up,126807213.0,True
2026-08-18,东北制药,turnover,8b2c5ef2b35000d8041ea843d7e129d745c1b5a0ec453b5f47c46ad79aaf0a88,ths_hot_reason,8e993a6c57bfc1e24320d9ce2bb1a6a1062f0a5726b68184fa25210512147e64,eastmoney_limit_up,441210320.0,True
2026-08-18,南方路机,turnover,9c80989e419faf5b288aec9534edfc9775c3cb422af47ba2eca11573965f1b01,ths_hot_reason,2a2c17da75f3eb1bc3bd885f22b56aff93d981025cf5d5262d74d90c48c1a84d,eastmoney_limit_up,160333534.0,True
2026-08-18,金牛化工,turnover,49145348b6180da42d8c8c926f7896a874f0c0c01bd8f2aa5a6fb2d70ed8517f,ths_hot_reason,f61ce2109872fd00b8ce781a583e399678e9dad8b8068b50f70d0a5d967577d4,eastmoney_limit_up,1598030880.0,True
2026-08-18,播恩集团,turnover,b1c920b947a63d195e26836dcf406941ebc5419234b3a0f4f9793afaa803511c,ths_hot_reason,0e4192f31f53fcde4525bc1b9a034c2a5757e66f070afade4a0fae8e15032d06,eastmoney_limit_up,60022417.0,True
2026-08-18,三江购物,turnover,efd71360aaeab5fad97ef71814a33a546552ddddd91750f371076105b7355c2f,ths_hot_reason,488c5f2c0b2cf9753271e376a64c45addd2864b57615b040d3eac303eaf71dc1,eastmoney_limit_up,278596848.0,True
2026-08-18,石化机械,turnover,e00f0dfab4e133df134cbf8ade5cf4ea8a6f42ea038080d33535e41fe329a175,ths_hot_reason,0822f3e7a19db3313c98a5a3ba48c1de409393e9811a1552045aa81f942a4a87,eastmoney_limit_up,162804627.0,True
2026-08-18,龙版传媒,turnover,923419e70f5f40c7dd210f54bf9907914d3c84f4f3f9ff2cdfe25482e3f95d26,ths_hot_reason,c6b968b7c94619d7a90a60f7e6f32a5e60c4db95c64bd1eb0e241d52af864ecb,eastmoney_limit_up,118868379.0,True
2026-08-18,罗牛山,turnover,e2b08041a1fd8c808df892747613841f7907648566257b619f1039f772c0a29a,ths_hot_reason,91e418e748a6ab893bcfa2fd23894b14501afcd7b3683d8f6f397a1a2c1b4313,eastmoney_limit_up,706971856.0,True
2026-08-18,天邦食品,turnover,f48eb17d6bb1a1d39fb0b319cef57a7c727e395e69c0972984a094d35310dd94,ths_hot_reason,77b2aa25c0a10254b9cc0f1d9a88f233e3a34685833170a21eb22a1b3112b3b5,eastmoney_limit_up,258215622.0,True
2026-08-18,家家悦,turnover,114ad94525aa8945ae38165f146515c03e10d5bc1e194938a671d9d288801cc5,ths_hot_reason,39f83091723bd331a8305112fbad8945cc85511ed72e4d7848ece1dda0f65bf4,eastmoney_limit_up,209247176.0,True
2026-08-18,永安药业,turnover,ae61a615c833933453c73996736b58ce04699fb6415c679789ac2742d1a34ea9,ths_hot_reason,8f5c82ba2ffc0ca601c49dd63b1a2eace50dc90c62613df04bc64519ca3fefc4,eastmoney_limit_up,340236880.0,True
2026-08-18,神奇制药,turnover,730183ec848efd3acf552bc2c95b51a9689b8223dd18a9a964c6c7ed3bbf01e7,ths_hot_reason,e93ef59538e8e71d02ee86518d1ea0eeea7fdaaec2a169befbf3e8c9dac38e7d,eastmoney_limit_up,560836352.0,True
2026-08-18,日丰股份,turnover,5ecdaa27c4c8c83abea4e36c225c7db0adb693eda4f6d6a7b247081a736a835f,ths_hot_reason,cc64f59a741cec85a179550e6c13d4cff227f7766185dd94bdf978d7a3511f91,eastmoney_limit_up,62896804.0,True
2026-08-18,盈新发展,turnover,5e3048a2b87a4155203579b3a74fbe42570238a12331361a7c20f31ba6d95e85,ths_hot_reason,7c8290d3cf1dbffa3de86ebab47e3a15a9439c5163683924c07cdd097507242c,eastmoney_limit_up,1213375824.0,True
2026-08-18,丰原药业,turnover,900e122f5b2c54164a20774761c23472e58dbb412ab173dfa3362edfdaa5461b,ths_hot_reason,701ea4f2cdb26b70a32bacecb43da1789e10ff771d06fd50e8a3addcbe9d370a,eastmoney_limit_up,70646077.0,True
2026-08-19,陕西黑猫,turnover,4f04ae25c9bb139dbbde5be7e5bada833628ac8f87e104203003b4adb1169d30,ths_hot_reason,fdae75f8712cb6281dcfb40613deca74b00a09ba5d98e8a3363d42f478625f4d,eastmoney_limit_up,565578256.0,True
2026-08-19,金利华电,turnover,2f2be50f93f553ad2b55caf688b510ca6e47aca95e725cb416a8886f52f60dde,ths_hot_reason,7d767bba3685c6b504c927dfa23b3a9b9fec603c4e9ff64f214ec9c544b91509,eastmoney_limit_up,615058704.0,True
2026-08-19,斯达半导,turnover,f266aa4efb4998f8ab9d36b3ae2bafd82061be0deb87925350727e8aba797103,ths_hot_reason,1e0350b8a93490fd39f6b9bf52eb5d23124b0cf32785f6f4cac8ccf03a2bff0d,eastmoney_limit_up,2055796656.0,True
2026-08-19,大有能源,turnover,0a98d49d668f093378a325967ab24432bff58fdd5d2388b0e6c016003e9a7429,ths_hot_reason,cded0b10f1ae1dccacdc6518a24a211da19c38fdeea20c47aae268bee97eace8,eastmoney_limit_up,825534992.0,True
2026-08-19,西点药业,turnover,2010cc3042df4e963b834e75aef142d57c6924e210e4a27d6e4cde81d4e4e87b,ths_hot_reason,70bf90e8e472779572d9af2f96fe15c21615636156e2e7c682cadf167365c2fa,eastmoney_limit_up,531752816.0,True
2026-08-19,美锦能源,turnover,7baeadcb06512d91873d18c0aca6e68777722cde40532eb533cfadce487e83e9,ths_hot_reason,199f4d2c31d1289d9a38424de9e814d3bde911dc177e14599062b9b7e46fe064,eastmoney_limit_up,713626176.0,True
2026-08-19,亨迪药业,turnover,89fe8ad628eff92bc2afdfdbdc006b114ac6cd57ebf903a578c82e0fd9f563fa,ths_hot_reason,50bd10cd7af3c2d5899d7227ae2e8c4dc34aff4dbd1f75e37f1e7c605cfbc627,eastmoney_limit_up,804175808.0,True
2026-08-19,汉森制药,turnover,8bf1c36af33e7bd3be90e14a8b6a0235e4cd07d0a4593d0c3e777c436ec40b4b,ths_hot_reason,0a54c19333b7f32e96bd40cd7a74f8390c482b746b2646cc9977348177b5bc01,eastmoney_limit_up,262158048.0,True
2026-08-19,我爱我家,turnover,2e046639bb65469ad9cfa30a7385c73222f0b9328e3a2e160e2991e91855f9c7,ths_hot_reason,6c497f74771f458772b4869ce53892ca23aa686a7bfe89bc6a9b1d5da6871538,eastmoney_limit_up,1011651408.0,True
2026-08-19,哈三联,turnover,4119f36bc8e68f8ac4eef2d993b5592ec63d3eafc14f3fbeeeae77cd739cad6e,ths_hot_reason,8712a51fe165713d5297b3ae37893e59105017fe0346f36985514a5e96e7ce63,eastmoney_limit_up,321354304.0,True
2026-08-19,中交发展,turnover,d7c614a712ef7adc57639eead4c91d2952023e3e5ed7c120b724717ad727805f,ths_hot_reason,e34e789b7936af27af1807b97bd2935b495f18a930258886f56badb782389e33,eastmoney_limit_up,160065190.0,True
2026-08-19,宝泰隆,turnover,a22042064f24551e62c963edd661648328c5946804f687479083e0da0142b7b3,ths_hot_reason,fa48240d36ccca70606b29d5b1aacfaaa29948acab647dfdb0b16307ed1066a6,eastmoney_limit_up,220941870.0,True
2026-08-19,南都物业,turnover,dd9189c327b309de9810ac2ae90fdb26536aa87a790a9e3846535d55b07b9b11,ths_hot_reason,818170e398796650bb108358b99c9856dc3099ffb880efb49bc0520133c97827,eastmoney_limit_up,89193465.0,True
2026-08-19,日丰股份,turnover,1c7577263d44be76f1e414680a742292c5cf8f324ea19035229195ea51efd28d,ths_hot_reason,49cd84e31da0edf258d9815191b1847b2ec611ae36eab816ff85802b62dcb858,eastmoney_limit_up,274830864.0,True
2026-08-19,罗普斯金,turnover,74c7fb4f3ded98f187e4c4aae6433affb1a9b3102e858cb66687bc66b01ee236,ths_hot_reason,06b67c93b31cdf37a98d6b5b99cb2c5cb61483922bd7d5b5a27a4553b4ded22a,eastmoney_limit_up,89434468.0,True
2026-08-20,亿嘉和,turnover,99ae785e9a7ee79f63d95cdbf00af763d8fdc4f0845e43db2492b4f0543225e7,ths_hot_reason,e7c1668b58ef5006ea416c96cd560e0cd074eb5df2127631f5e4c5cb35921e30,eastmoney_limit_up,160637436.0,True
2026-08-20,澳洋健康,turnover,ead7efb38f521964144b926b970a126355eaf93500875214211faa9ecd476afc,ths_hot_reason,7fe159aa00d639935cf4e8b83b2092b52b32a7afb33af638a93c767da9991433,eastmoney_limit_up,829644048.0,True
2026-08-20,京投发展,turnover,27cc27a92e13bf7b9e90bf9bc9ffc46e1d55f5636ef9d4891e2a032f28621080,ths_hot_reason,8a231231336be2cea0eec2f941dd07989039be20f5ee214edb4c53c05137fa10,eastmoney_limit_up,795905648.0,True
2026-08-20,日海智能,turnover,67b88548213fd4e1c64bcb2f8f7027c6c0c0a27815e45ff50c35f97f38e88e8f,ths_hot_reason,6832f4a6f57044f1732bf728a0d4efe0653d4186077db2afccd8028517f2e693,eastmoney_limit_up,179593968.0,True
2026-08-20,大东方,turnover,b28a9aef0a830c79eab93bd194db5e7028e2e730a168524324dc59a9ff5d7d47,ths_hot_reason,9627c3e16a28ab751066856e39a3cb8223f7ee90ada7c047893bf36fad46f276,eastmoney_limit_up,215283196.0,True
2026-08-20,科森科技,turnover,0af1f970208a716a4239824c3e3840e4af796eee79c70ed1feba53ddb5541965,ths_hot_reason,b07e6c8eae7cb1ea8fc8c259c80f96d14f06457b45fe488ac6940195ef029ba6,eastmoney_limit_up,814107504.0,True
2026-08-20,万隆光电,turnover,7e4d0150296fd2302f5fef6392dbf0a6234a9caa5bc06708d92f5b2972f39f77,ths_hot_reason,ba6d065080b23e0bbd7f0209237565c96498fe410ef042488a44d0a8b091df56,eastmoney_limit_up,201260048.0,True
2026-08-20,三星新材,turnover,05a4f13d9eece6aabbcf180ff2fbfd1d0552d6b8e7924af86baf70c8a0bd17a6,ths_hot_reason,4a19972d29a1b0ab40f975925d25c494a4a38689cb6f1a75206bf3fbfcbc1bee,eastmoney_limit_up,75630301.0,True
2026-08-20,南京商旅,turnover,d2f738f8087ef1e083266b6354a0cc4012598210d1a4915743447fa2f7ab7dd8,ths_hot_reason,ad66e20a8c699b35b92a0c26b9e6b4eaba8a803848cfd9ffe6cccec2d33a86f3,eastmoney_limit_up,248528336.0,True
2026-08-20,新宏泰,turnover,828d5393931db8a211bf2da9e50171884913b7c82169142caa95dc4dbc0ea4f0,ths_hot_reason,f2253ed8eff2846f85898664dd7a79f8b487538a61e89542b4e1fe42b693aaff,eastmoney_limit_up,157191578.0,True
2026-08-20,狮头股份,turnover,51362fb4e27e46f1a41c99a0e72042df84a42572ea8523e94f74aeb944e005c4,ths_hot_reason,16ffb0db12e80be270d0554aec1846d2bfed4afbde4c58ba3a4b0823b030f4f4,eastmoney_limit_up,432388000.0,True
2026-08-20,永安药业,turnover,153592d245a54a189a9d104fb5b06af38232d893ad0d41f996c7add7bf68c14e,ths_hot_reason,c9634c9e9626869d9630176b198e8a75f2c5b4282d06e6d0ff8a00f75c546acc,eastmoney_limit_up,1141291968.0,True
2026-08-20,奥锐特,turnover,7c41c007c4bd12b3466a8bb128b7ee3aed5d862a10d671f4a4620f3537be4886,ths_hot_reason,723f61a2418227569e2fb62aaa000faaf7bbd8813a1c752f88ff9f9279a27cb0,eastmoney_limit_up,175428024.0,True
2026-08-20,石药创新,turnover,7776a7557f14055489913e0e0088c40eb23b4f0c410e2c6f9f4a52cb997d53cf,ths_hot_reason,926c2674aef03a0e42a9c99353424163a9325e22ca3ae306ad6445e20a911279,eastmoney_limit_up,3228159920.0,True
2026-08-20,全新好,turnover,bd984e767131b831d07e8253b6af82e6f810098bac91ea97334899b99be4dd89,ths_hot_reason,84c4c0bfade1ff5ed42439be8285f86f61ac463f821e9245a27ea3b708caef5c,eastmoney_limit_up,214508937.0,True
2026-08-20,塞力医疗,turnover,e792fd60b1b51850d0e2e75212678ee54d801f343305a14eabec295d865523f3,ths_hot_reason,645a5c5424514cd8c624a92aa60079f068e3ad9632d46700d006ae69e918b122,eastmoney_limit_up,350012624.0,True
2026-08-20,誉衡药业,turnover,b9b9613fbbb329f7bd4dc2497069071e819e5ba4b2dbcd0bfc51d7b66b258d76,ths_hot_reason,0e55e08967c17857945e2284be36452f73d3312b0e75d92feb285464cb0688ca,eastmoney_limit_up,2222111536.0,True
2026-08-20,博腾股份,turnover,b5e8249b226a06abe912170b1c29ea699400da721a34b4061888d8867666a6e6,ths_hot_reason,638b4b879242d5d11ef982d705f5de3d1ce886c40e0d70c3020c934e10faa7ef,eastmoney_limit_up,1283285648.0,True
2026-08-20,立霸股份,turnover,99b4ff9445612de79a07ba157d61ba4cc05985878312028bb567915a81d3e89d,ths_hot_reason,c93fd75e5eb3cb9ef1e33ef3283d06f8f1a0287bab629bf6ab0db8b08eb3ce4f,eastmoney_limit_up,333642624.0,True
2026-08-20,金域医学,turnover,b16df37798f8ab2ffedc241536866bff1deaca71d73f76df1f0c09c2c38863c3,ths_hot_reason,3cf0f20f52e329949a6f44bb1a769de4561e8066ef10fb17ab129f115aa54eec,eastmoney_limit_up,331003648.0,True
2026-08-20,正泰电器,turnover,7eea11c6e7a6f579c5451bab39bc5fd9f09d21ec48c98729d06d992db035a5fb,ths_hot_reason,2057cb18d76308a57ec25aad9e2697a690ac1af82837359304b89fb7e302ac9d,eastmoney_limit_up,1034728768.0,True
2026-08-20,万泰生物,turnover,2d143d7384fa1907eb385f2363a7d6fc9d4cf6af05ccf79dafc11220f07874a1,ths_hot_reason,c6b19d09761a62584b2f61bfd2154a870545db771baa4e047fcfb9922fe1e2c4,eastmoney_limit_up,208890650.0,True
2026-08-20,华大智造,turnover,a37458c960fc50bf93706c254675f26b071d285b998085b4e71176b6b45d2a4a,ths_hot_reason,5c013d9e533d931753ceb260bb1260c3f80dadffdff0b72a8d2810a731952aeb,eastmoney_limit_up,467601056.0,True
2026-08-20,金房能源,turnover,5a296fb39f5836a3c4b3320c88201644c6e8ab9ceb11b113ec61ae9705a7b294,ths_hot_reason,127cec54e7f4cefc20a340a1d01cda2813b086b4b489c2041e39e254653807d9,eastmoney_limit_up,145946381.0,True
2026-08-20,风范股份,turnover,26d2a9e559c210d00bfba91b555f1095efe6ad8f3cb725940050df1ad4820027,ths_hot_reason,e18d1a3a7be71ec26fa825fbd7dac930bc8984d34f32136c9747bafafb5e8962,eastmoney_limit_up,612844896.0,True
2026-08-20,贝瑞基因,turnover,ba7ca5d68dceecb36005575e6f29e4fb77e6c41819beee8e1a46be6ca10ab469,ths_hot_reason,9cb2b89ffe7ef4a60473823a7564ac7a79e71bc4b29661eb3a1f4bb6ba541741,eastmoney_limit_up,142630809.0,True
2026-08-20,昂利康,turnover,27adeb6a834b971c2a4b5b0736b91597483fa49fdffe4cf97e5c83d572eb2ef2,ths_hot_reason,4ffc0da87598cbe99b2f1ea5306fcac7e1b38c5b2ee76f75934c814c8dbb372d,eastmoney_limit_up,520697280.0,True
2026-08-20,古汉医药,turnover,c5596294b53206814bd3dd4623f3b175b5e2a0e6227e1f1f2f7993b60b2bd5a5,ths_hot_reason,a5e0ad223bacd4cd98b97e8f124c39c97e517af1e237ebecb9b1ab73bec8444e,eastmoney_limit_up,33544631.0,True
2026-08-20,神奇制药,turnover,1b18a62ff5d91b057ea22a3a1539b05a9f27b8e51017b953c5a1912158a5d9cd,ths_hot_reason,76b0b3b3b51f32f4f8834c9a04cc007d4c3041e714a3a9b5ab61f92a05117a0c,eastmoney_limit_up,514941968.0,True
2026-08-20,海普瑞,turnover,6a6196217fea046705d1ab026badccd92bcade6261f965ef3b091b2edab64cfd,ths_hot_reason,9bdeefbb1b7e8b3de8b8d85b2507211ad05634b073cddbf4c25cd41e22889629,eastmoney_limit_up,98805010.0,True
2026-08-20,悦康药业,turnover,4bd7556826741777a71c1a1770578974bee62396710ec25b3bd0e1263dbb8373,ths_hot_reason,e16ba1d1bb7fc5847d1b2e92c0c8c2e854c1ffec76e4d91b0cac76261c762e9a,eastmoney_limit_up,205507689.0,True
2026-08-20,莱美药业,turnover,46de6b15dd37e08c9b23dff09508fa1a1a7a9eea59993f7b02244453752db7b5,ths_hot_reason,5639cef32dd37aef7a97ebbaa73742055189d561797f6253a088e6baea7a9ae8,eastmoney_limit_up,332679168.0,True
2026-08-20,双鹭药业,turnover,a9356724541232dc887450cac9d2096ae5efb28d671f4be4e17fcd9f50d36985,ths_hot_reason,b3f62c1d6b2fddbff1bfc3f56609b1ba9ed26d719bb6b2f0d5a9df4a1dffd756,eastmoney_limit_up,109523779.0,True
2026-08-20,键凯科技,turnover,2c9b5777ca8b73643c8587cc5dca18329474fd0ac1a4e7fb6948166b3643d711,ths_hot_reason,0c06f22bed022b0d6f154b98cb6e941d415fee882bf44a21d0bf2eed4a8e44ae,eastmoney_limit_up,51894775.0,True
2026-08-20,汉森制药,turnover,1dd394f24a610714149672bf438cf7f094806140b5b8e41f2d12d6fca0e5c653,ths_hot_reason,34ec3dbf480bff6b466aa89e79a9b3321c071a9f60a23e3a69b76b00f5abbefb,eastmoney_limit_up,40263425.0,True
2026-08-20,中关村,turnover,9d0193854aa3b3346a79743163088eaa0f7bf23c5e2a609490a5abaf47eb35bc,ths_hot_reason,2a98e72b24d2d032d65caf82c9eb093be09227b597f2e89f42cc8128922d4c3e,eastmoney_limit_up,53753740.0,True
2026-08-21,北陆药业,turnover,9dcf9bc5aedc99e52c8efd91646c86e9e39228c10b44993ae97e9ae82a579edf,ths_hot_reason,87025a65f7decb69aeb1720a278427268c3e91e799bc62137ac346990c645e99,eastmoney_limit_up,1230292512.0,True
2026-08-21,通鼎互联,turnover,b1e2b0056c494d4eed1c3dc89c5d36d549c5e1d923327a755e5b590f735a525b,ths_hot_reason,86cd7ccdefe514b00af0d76c1072fb2c74f37ecc5760d720fe9a8f728985b427,eastmoney_limit_up,7263185920.0,True
2026-08-21,国光电器,turnover,df31d0ec7a13b9baa62f6f81ec64e19fa4ed197acfba0dbc89031ae807bed826,ths_hot_reason,c4dec1b45b8348f70336bc2379e621524fbcf4d829999c643429c5da25fda530,eastmoney_limit_up,490236848.0,True
2026-08-21,盛达资源,turnover,f230bc44cc086d44dbb65ef81e4768db3a102ce0998696c8b97ea61b5a606553,ths_hot_reason,3676e4738e1b69c9a9d299e5b0d164fe9c56a81bcba4b69899737693f583183e,eastmoney_limit_up,3354818496.0,True
2026-08-21,诺德股份,turnover,dd16a6b8249cee120f7976717d01b0070ae37369a800b631a0e4fbce8075aeed,ths_hot_reason,61912db2b241ed29c532bb2fe0c966f2b86c214725bf7a94bd3691ae4df57fb7,eastmoney_limit_up,2285226624.0,True
2026-08-21,中瓷电子,turnover,f4b9193cb6fa1ec6e6cf259494f702fd905b28b86f53211a667c022d6e4febb6,ths_hot_reason,cfb7f1b65937befa8a72c0039cda5ae186a7d04ef16545e73184566368e372a9,eastmoney_limit_up,2202510032.0,True
2026-08-21,精达股份,turnover,3b5e1dc295ae4e752e877ca14664a1321d65495ccb95f4a027079a9eb59b58dd,ths_hot_reason,e0167a689410af12df8b3b976ce39f64c59549136cd06a84eaf0b9e7ed9bd1d1,eastmoney_limit_up,1025608080.0,True
2026-08-21,福达合金,turnover,e5c741e460fd440f51c7b676e5b9e9fa08da2b28db7ed7e62e6c0ab26aab4794,ths_hot_reason,985e14fe8e1df7dda4f11523ee00896623eff461ed104b60ad688c45034247d9,eastmoney_limit_up,477820944.0,True
2026-08-21,豪美新材,turnover,0919f5e23aaa46fe5936c1055338c79562f2fea13af8f81c15baa8690ef469f7,ths_hot_reason,19df0ae2c82748cfc41604a230129e9ca1a9bb5950381562ac94b18ce11c0395,eastmoney_limit_up,280388784.0,True
2026-08-21,共达电声,turnover,ab0a03965870464334a528c917a2003815f6aacb4f6d31b6b010968ec586690a,ths_hot_reason,9924e07913f3588e33c846dcd4415593939cce8c06b339c57ff6570fb8ddd0df,eastmoney_limit_up,1201894592.0,True
2026-08-21,白银有色,turnover,dc942fe8ed48b7544857d14878e01ad8d425c3d5bad265d6961b6c5a044866b6,ths_hot_reason,b2b7ac46cff7ecc9467921984a6529ac9fc1449657256d200674d67564f9117e,eastmoney_limit_up,2015909280.0,True
2026-08-21,东信和平,turnover,079b7fcbe810d40e56f09fd940439dc0318c1e9d325e60fe2246a560fc4e5e7f,ths_hot_reason,62ce184379aef61bd4d2efc097224ab2514554cb4dad63e7daf7e2bf6872dd5d,eastmoney_limit_up,470577312.0,True
2026-08-21,星网锐捷,turnover,9be7e04e71f5bc2e72c8665c271f4ffc7f1718b69c5f95adf840551418eb3696,ths_hot_reason,62e5c5921392ed77cc7a6dd66f7f59cd54522e73ff52dd38898826a7e0ff2f33,eastmoney_limit_up,2406313232.0,True
2026-08-21,瑞斯康达,turnover,422fdb9328aa263d3aa8c5d9c328f402f912b41fff3db22864f8a97dd9043520,ths_hot_reason,d71db4f0b4497b1b9437f405b8ddee04667322fe622dfdd8711c2767071a7531,eastmoney_limit_up,261119318.0,True
2026-08-21,可川科技,turnover,ed0f8cbd26eeeb4cf41fb04fc53a8e40919ed633fb93a3e69b2b30bed394f222,ths_hot_reason,857321af066971ead1b9c5826bde3e8119e89ef5526b3c7a17978c11d66fa941,eastmoney_limit_up,271758768.0,True
2026-08-21,士兰微,turnover,1d30ffa28529591c7cd4c66fd5acdaf923852234738be0762f9dd2e2f9e908a5,ths_hot_reason,49c10c275237053462459e17f0bc9f645b1396c9225676cc4e6e0ff80781e8a1,eastmoney_limit_up,2699276816.0,True
2026-08-21,科森科技,turnover,60cd4f6147327056a5b40b803e6cc5e0405e792330e2f2ed12d8db37ba92b063,ths_hot_reason,5c7bf69a2ee64cb2e654290b9a26be121cbe2242767762ccbce80f9eefa9bd8b,eastmoney_limit_up,800520928.0,True
2026-08-21,楚天龙,turnover,c6639196afa9004c1db02e089fd649870f6e934162c52adfd7d45d3104a791f9,ths_hot_reason,6521e13ace0cb79635cff7fce4cde96674f962095e4ab070a42194a9651a8e83,eastmoney_limit_up,397633808.0,True
2026-08-21,中关村,turnover,9f38b72717bb19c10b5bdb5ac146b8a1893f60a073c72adfec119a045747bb38,ths_hot_reason,d237e9e24aa7c4e1e37fe3b15b75fc543b68727163df1f64cdb9b5ec1e3d6e03,eastmoney_limit_up,318517408.0,True
2026-08-21,贝瑞基因,turnover,f4e81cf5d8099b2d62475b0908ee697aaf625c52ca9cd50963911cb65ab3516a,ths_hot_reason,361b3a981b56afecd2737fe6d45db5be591f43d413f6c33cd1ee055fb3a6aead,eastmoney_limit_up,591543040.0,True
2026-08-21,键凯科技,turnover,1a4b07eed3000d4ee7ed98582e13503c1b08e6dfd7be1a1ef3a7908025b24935,ths_hot_reason,cb670d47a529b742a8c16d5c0064284f97ebd5c449284830d0560d141577b624,eastmoney_limit_up,351028208.0,True
2026-08-21,汉森制药,turnover,f27f6274d4e2728fbcfa9ff2e3e78c2e5edd9c03d43d7cd3e28d9b391174f4e7,ths_hot_reason,dd618e094d4fa15f8c5dc5b4f1372ad30f98679a99dfe84709a8b280956c2bd9,eastmoney_limit_up,229530341.0,True
2026-08-21,双鹭药业,turnover,021671c3fe6a5b29bf29fab95a671371d8a3665245ba8e4cf6d3e749b3eb483d,ths_hot_reason,0268e23d016c5890b6015c6cef7697b2cc50e8945fb1e2da60ba5139fe44faeb,eastmoney_limit_up,414613840.0,True
2026-08-21,新华百货,turnover,415378a84536231b330d33db38ea4b6b9115f57b30dcfea07f9fc95e2cd69f0f,ths_hot_reason,4a21509b4c39952fe5cf87b521ef2299ab562d093070de129c2efa43428b27c4,eastmoney_limit_up,49663325.0,True
2026-08-24,大有能源,turnover,aadea989fc2a177bf55b98a849f7e21944cdfb54c66a083a4694a4534d541297,ths_hot_reason,3ae7fc478888409fd0dce3a79e5a26314e992f7497a0d7ff669e10e8240e1478,eastmoney_limit_up,1039822368.0,True
2026-08-24,开开实业,turnover,20ef7aebbf1c08f2f8981daa5486663a4df5e161cac4967328a8103cbf9113d9,ths_hot_reason,e3869675b4fd48b4a34a41b048353d3dfefbdf1071c68e2b3d8a3762a8f5adf8,eastmoney_limit_up,884506560.0,True
2026-08-24,澳洋健康,turnover,a537578069bc3c8c3fb29a5f81f281e6648454046976c7349bf659b375bff29b,ths_hot_reason,667beb72d82451b99b720e0abdacebc9457c93d0213f24da363ce75ba871f69b,eastmoney_limit_up,519433216.0,True
2026-08-24,风范股份,turnover,d7a44a00eb2a2f7e0f237f0bdb8749b88140699d3d5bf9eba20d3844ef42d38e,ths_hot_reason,25dfbd283b29e2afbc4fe2bcb680bd05bbf6ea70f6d208f51ef20ecf4d61afd3,eastmoney_limit_up,1221491328.0,True
2026-08-24,上海能源,turnover,28071a5c70c2d92f27972f5f9c6e4f120472abdf5d4bb43eecb4f26792bd66fa,ths_hot_reason,53d2871d9f05355753684ba52f31c94b32fa88bf2a9e1096d68efd4595eccca4,eastmoney_limit_up,346728224.0,True
2026-08-24,芯能科技,turnover,6100840595edc662a623c806f55c256078327b6147a2c4881aa40a37175f4e37,ths_hot_reason,a765bd6b3c1c2c841e1bddd7c3d92a096a22b5eab94a3a5bc29155359b72ef71,eastmoney_limit_up,249264831.0,True
2026-08-24,南网能源,turnover,a278939c510a608056bd29b591ec815fb39fcdf4cb4627d2401e2250a8562e3d,ths_hot_reason,4961e3dcea9d77d30750db12c62602712d08a9720638afa3dd1ebb5169b9633d,eastmoney_limit_up,467651808.0,True
2026-08-24,美锦能源,turnover,24840dde89bbe452426a95bdc26dcaabbfdd32956a9bd6bd493fb402aefd43ae,ths_hot_reason,d024c02f77b5dad95eaf7c5a6952e262b3ff5d17d5b669b3ff2f3b309033b4a4,eastmoney_limit_up,697970720.0,True
2026-08-24,金龙羽,turnover,0994b74dc72cd4f28ed5aebe96b0f251c4a90da03d0d3822c2bdf67b3d60d97a,ths_hot_reason,b7762cbb55485f848932286388e3999a7a3990522c818199afd32ed144cf5247,eastmoney_limit_up,332816752.0,True
2026-08-24,圣阳股份,turnover,f138aca1ed8633bac697d362de1327f509a00df6c7142261e4ebee404f49b20d,ths_hot_reason,33ce55c063d4889318bb3f21726f4105759cf32fcaaed5e41f5014882f457c91,eastmoney_limit_up,1205842672.0,True
2026-08-24,德新科技,turnover,237aaff4f30c387a0d5907d8da4f4be073513e532e7b44e9102f4179a6060216,ths_hot_reason,62b9d931c5a17098cc7c5152a5fd8676b51b011adc340c5e86b0becde4d985d8,eastmoney_limit_up,171616655.0,True
2026-08-24,天力锂能,turnover,2a0a742d0dbf58bb398571fac455f1a10c12701e09f187ca0beedb5cbdf16ffd,ths_hot_reason,4908502de73eab26b0878863777a8560c6eabcab0d789050c7254ae5653f35b3,eastmoney_limit_up,324645248.0,True
2026-08-24,益佰制药,turnover,173f5cde5343305a76ec259dd68e9631a884c4943cb9aeaee0daa9b70f144c75,ths_hot_reason,0b1df92e5e6c152c99e90666ea25e14834427c29776794e4a0f6913b84d36f38,eastmoney_limit_up,209386557.0,True
2026-08-24,友阿股份,turnover,677b40fac3b619283c892cdbbf2e00c665c5c0a620865144a6bcbce52b11f8ac,ths_hot_reason,8ec67d4263c4e5e2e8054b8cc7139acc2672f52c2068fa58f8d23f875076fb94,eastmoney_limit_up,530373392.0,True
2026-08-24,盈新发展,turnover,ad06289877fc26240c8e9fc2d9c48ad3450c3be2e6c92e5d583b7bdc76175aa8,ths_hot_reason,11c3a86d18ede2095d2b4d44e72c49127295a171c5c27393905b3ac317b89d3e,eastmoney_limit_up,1456230544.0,True
2026-08-24,楚天龙,turnover,598baff6118616e88fc428d5d747695f88f32ef6ff83b11dfe47d92b8ee8f4e0,ths_hot_reason,b18940c6561605cc2dd79db676f8a3dc5f747586388ceea8c79b6ea9342ddfae,eastmoney_limit_up,700507536.0,True
2026-08-24,白银有色,turnover,2f2c6d5d5100ebc8cc2dc7c3d3b2e8c0b31550c515a7f501edc47239c4c3163f,ths_hot_reason,c7586e66b0c065ab266558a2ca053f2df80ff1ca427bd0019192b91f2f19b7f0,eastmoney_limit_up,1457887760.0,True
2026-08-24,汉森制药,turnover,08f20570411ca696c0c127ecd2424cb466f832620a7d130e3064ac5f8eb97807,ths_hot_reason,24092f0dc865aec25301e292cc4c1eb7a2af7cd1ab27aab84d088cd9ba56928b,eastmoney_limit_up,403946816.0,True
2026-08-24,东信和平,turnover,c1761613dc76a20ff67e019556be8248106b40b4e45ea325ebf05b935a03fe84,ths_hot_reason,0a7751b3544f8521d7be8fd19e74f52711a932be34e934125021c3389e2a6dee,eastmoney_limit_up,684374144.0,True
2026-08-24,协鑫能科,turnover,9fc386b649e2d4411c838b46f21cfdd060ab01eff3a5e9e3926ebf38a62163ba,ths_hot_reason,dbd5048fd37d8fcfb44a0bd02cead2fa46af253b5db524c8959b7196e4da940e,eastmoney_limit_up,494260512.0,True
2026-08-24,新华百货,turnover,44eabc95a389ac3f31c5617c91234aa6866074d6722e789113f415dd4c79c908,ths_hot_reason,74bf7f0c4b046c39c8b9195ec93cd70c3d82c92951ace7d6e033b38ac8207834,eastmoney_limit_up,169637652.0,True
2026-08-25,汇通能源,turnover,e0333bdaf2551cc37088f6d11d1e39f15644d86ebe953cbd5482c3500294be5d,ths_hot_reason,63a343db26c790a998e08b653d8dfea036c1dbc059a5f0bf11d2fbb65c9cb51e,eastmoney_limit_up,206951566.0,True
2026-08-25,新华百货,turnover,6c9d959dcf2bc845b8a59e4290bba111ead8434a5b599d159da12a42d245686b,ths_hot_reason,2d6837ba2c5b8cd53edcfbcd59391a27e068a4696e5ca39b93e3e7f6f9ba1208,eastmoney_limit_up,783600368.0,True
2026-08-25,凯莱英,turnover,ace615c89a5e3f51232d642002c12350ce3beebda6cbdb73cd7e12ae2c20002e,ths_hot_reason,ba499681da295a634a94138d690affca17fd1b47cd0952cc5a4eb37b2bff95b9,eastmoney_limit_up,2807272416.0,True
2026-08-25,捷荣技术,turnover,61910e8930108f62f6048dddb25699832b186589d103705566e73567128f9fbb,ths_hot_reason,d7c71cc7723b9a0bfdc85776b745ff172ebc9fe1492bc229924737a8dba44500,eastmoney_limit_up,50633745.0,True
2026-08-25,我爱我家,turnover,1809778b94bc2f80332024730c2ab483c6e54152579059b9605b2737c567fd7d,ths_hot_reason,2713bba6ffa743f8c8a88ac9e1f87f483bd2d8b8e4f30b459382387588f65884,eastmoney_limit_up,657564176.0,True
2026-08-25,人民同泰,turnover,5f4e2701a5fb19d1390f490499cad33ac238f7c030140d6aad2f2e417e9ed3ed,ths_hot_reason,cdc07758f26b0fc720359102bafbb031983ce68cc15870aa18e1693c18d44591,eastmoney_limit_up,416052672.0,True
2026-08-25,恒铭达,turnover,86f7fb035b4453496ba698b8ab4b03b50c55b50d45ab9b24e25a7d82843dc825,ths_hot_reason,cfb43920ba72b781aaca1afa7f94ee5bb32ed82be641313f0bffd064e98a2ff3,eastmoney_limit_up,687782592.0,True
2026-08-25,特发信息,turnover,39d05155e30bb9dea979b08d1dc24e4c151b217778272e5698e40a2d219d62ab,ths_hot_reason,5e167b3f130dfedf24c3f0b6e45e483213690fddefe7712f5bcb57991462e989,eastmoney_limit_up,833419104.0,True
2026-08-25,康盛股份,turnover,c2bfc84e5a353c6d2971b27943be0d5f621123bd42f71341d35132c447828528,ths_hot_reason,33a1551b9a2fd43e8931559ebc0cff86b8e01468005f499339ca98e665f111e8,eastmoney_limit_up,374789456.0,True
2026-08-25,石头科技,turnover,9c0171e7581db097f8d6b62ff98450a3a117ead985386a4c3e5b1e4a1cd005d3,ths_hot_reason,6a738d583ddbe2da35089c206485b64bb7c143334dd0c44bdd794c43af6fe496,eastmoney_limit_up,2557389040.0,True
2026-08-25,海南海药,turnover,6f08e2bf9d673d81b465000942c67f4091da9f7ff2f91321cec0c8ef496ec7fa,ths_hot_reason,2b3986c7e29bff9ffe5fd3c49a332099728c28f2f6782701b0222982c85868c4,eastmoney_limit_up,489612704.0,True
2026-08-25,华森制药,turnover,70e4be377e338f0dfdf01022904865ec240f60f62d0c59ef30f3cc742ade5407,ths_hot_reason,74f2b90787d2007720de4de20e096dca4ef116af764125e4f583570e6474139a,eastmoney_limit_up,254303035.0,True
2026-08-25,汉森制药,turnover,3eb2e7ad71c109aa57d84b1811bb40d5728a99a0c592934216a7f6b962ca934f,ths_hot_reason,11f0cdba7b0dcce096bf499a0c36492e00b59cf6838c8facd54f0fcaf35b7147,eastmoney_limit_up,1236227040.0,True
2026-08-25,冀衡医药,turnover,45480073838f38cc7abfa315b13ca087c8bd8a852175ec8fdebdb557388761d7,ths_hot_reason,49fede8988f1f20ed41776538f16bbf626ba5343349a58131f011448b8479dd7,eastmoney_limit_up,221288284.0,True
2026-08-25,华阳新材,turnover,7c4ea0b8cb95e72de7da81dcc836ad6785191af261b66578e1d195d38aa2ead2,ths_hot_reason,a68d088e5e32e3fba85fa6e57968e2f1c0ca22333b9ef3b46397111dd8e8aea9,eastmoney_limit_up,158661819.0,True
2026-08-25,上海九百,turnover,2da95d23e00fb8eeea5ffd95016e36d5c6416995739d8bcde109050b5c0b8729,ths_hot_reason,5322663027561646ff26996eae657bf8126e995a71dfc50c76f2c68d6ceb828c,eastmoney_limit_up,110387309.0,True
2026-08-25,六国化工,turnover,d01d09b697d4b26e71de583840f40093ddbc0c82c7ca73ec944fa33b95dd737e,ths_hot_reason,df26b481b4d9b40dbfbecc302b70bea93d68a8f93f37cebe3a2d32876b066d00,eastmoney_limit_up,206076496.0,True
2026-08-25,凯撒旅业,turnover,b340a5c06acb19e7355ac30087491aed785af7b70df68e157d1b8cdb9a7df564,ths_hot_reason,19447ad338fc582aa208dcee41256b975d0884534235daa3a8384b65d1d550ea,eastmoney_limit_up,167037951.0,True
2026-08-25,华天酒店,turnover,33fcc4223afeb865a8ecd4234f5d25fb1c854f5f6fd328823357b6bfb511ff7b,ths_hot_reason,7a53908164ee3fdaf863569d7f0e4902dd587d95ff38624286e66a38819db452,eastmoney_limit_up,76787310.0,True
2026-08-25,上海能源,turnover,c9883c506a62e43625c4227b382ff87f6908e8c23281a18753c70a96a6d0518b,ths_hot_reason,4ff453b04307d2141a35eec519d3ccec6927633c96950226def23fc9629c48af,eastmoney_limit_up,423240480.0,True
2026-08-25,建设机械,turnover,e5c3702797184a7b1b7dbd3b1905d17b37d776b1781f8ca62fa57cb06a6272c4,ths_hot_reason,46a071b7037d87be84c6cdba574a1e5dbb65841d6fa2bbc4e0411eb053e65efe,eastmoney_limit_up,68324152.0,True
2026-08-26,立新能源,turnover,874a9444968dfdec226cc1a0891c4cdf038278d260d08fa8ca350a2f6436798c,ths_hot_reason,413ae55c388320ec40c8e0bc283b53ca1db0428a7687a99dd473cb7138fbc4b0,eastmoney_limit_up,1586435696.0,True
2026-08-26,共进股份,turnover,c4de72192038acbb09cfb23cf6b0cff930d07843106458c630aa1d55a8bf283d,ths_hot_reason,c818ebf762e4614174d663c5e5b781b1a59eb389c6a51a64153838fae23896fb,eastmoney_limit_up,2171553472.0,True
2026-08-26,顺钠股份,turnover,e45ed00f982848611ca2611885b08767a7d35ddd6fb1d6ebf30889cbd2c28e36,ths_hot_reason,902cc458c6901bf8f8714edd595dd7afbad2a18cb644a9b313eaa12b84d194c5,eastmoney_limit_up,872307984.0,True
2026-08-26,郴电国际,turnover,eab0736b1c03ed9e34612dd101a260479f7808f998a656e0dca176ff0be504b6,ths_hot_reason,cdb9e6dedadcd73379d0550bdef1a3f8c606a005d4e0cfa123c86b75f16ae073,eastmoney_limit_up,151658055.0,True
2026-08-26,剑桥科技,turnover,1c43ca3571ebc11e6927764aeeb84c7be6a96169f11ed012c3e81335e28b4ea5,ths_hot_reason,5ebd497d1b59e78a2dc46a2749398c866123676f34e6755b724d6434b99d122d,eastmoney_limit_up,4995730432.0,True
2026-08-26,楚天龙,turnover,58484420503d3474236dca29853314c13ec30ea11cc85cd4536f12df50be919c,ths_hot_reason,f05f3bbfbc61272226a79d04b3b7aaea42bc45986b6e5b48c1df249772c3a343,eastmoney_limit_up,1769610160.0,True
2026-08-26,白银有色,turnover,1be9aa687ca5aace0a45f5f9c3fa882269427bcca69db1895ea8e6596ebe9dfe,ths_hot_reason,9fca0ba4c70a014a0f82fe137b67604a69a032252616bddb39c9349600029ec0,eastmoney_limit_up,4031968832.0,True
2026-08-26,湘财股份,turnover,4e642357390a63ea0db78fb3e8f61b01f54dc7c1e2d8d0e041ef1d18269eea64,ths_hot_reason,8feb5196e4ad69961f63ba5420034233e809316ba0d270a03b97f13debf6f82e,eastmoney_limit_up,685897776.0,True
2026-08-26,江西铜业,turnover,91032f5047eefb6ae249ea914ac7d9726502065245df6c74a8e461860e8f113e,ths_hot_reason,67108baf148fcf2721fa60ef80f89536f56ae3d552aafb67ac1130a3d887f13f,eastmoney_limit_up,4149840400.0,True
2026-08-26,金诚信,turnover,1685c51667dbd80c7ecf2032ea95184b8e62e15941ae748600aa493548e8ad03,ths_hot_reason,9947084e68ed6f3a175382fa8e1f2da66633fa19190dfc60c9ddb520a5bd62bb,eastmoney_limit_up,513267616.0,True
2026-08-26,精艺股份,turnover,10db41a8884af0ebdf3e04fa263c4429488c718cc9a04f1ed941bc5002b21c67,ths_hot_reason,6ec48489835229d6cebf7f36d02a83ba12dee8e5e8b224ce186cc9af61674e0b,eastmoney_limit_up,66118341.0,True
2026-08-26,锦龙股份,turnover,5842fdaf00c27c825bc337fd4ec83333408284949108a969c204fd3a5384ee9e,ths_hot_reason,25621c5471d72315b39fb4a2c7e264bb56a71219cf5bd7caee9a159641168c76,eastmoney_limit_up,508504992.0,True
2026-08-26,开开实业,turnover,49ed327a7fab0411215f0ff7e4072d4a2530c47da386c36e3a8c3f3b336f5b2e,ths_hot_reason,3269b1922560d64684f2ca9a5a0073da87ac990dbb523bf23a12eff0a541d894,eastmoney_limit_up,1142225840.0,True
2026-08-26,华天酒店,turnover,0a145764722579a2799ef22853664507d1dc89741d3930a4b70a4e1dc0902ff8,ths_hot_reason,2cb8f60284dc623be8c9e6777a8dc3d3c4f4f9407e249318ef37a354aef91ec3,eastmoney_limit_up,212861590.0,True
2026-08-26,新中港,turnover,7b5fdcd5c372ac09386ce89f0b511a9de49d30e9383448f60b536a1334259e4f,ths_hot_reason,5be175a2064de5968ab3f594cdc55eba1434895970ba98de43b1b2045aa4301a,eastmoney_limit_up,261407473.0,True
2026-08-26,万泰生物,turnover,edf939fda51c7ab47490c3ea9cafb124630af54e510afcfe5705cbf5aa306c7f,ths_hot_reason,8e80b3e9fb2832c337d5f5db85350558d542bf6467d4f7ca426c030a309e85ec,eastmoney_limit_up,244864110.0,True
2026-08-26,华阳国际,turnover,4094efd4df1b3b4e8fb02bffb96567c9d4a4acde61f320df1140742a52124da0,ths_hot_reason,5afc40d261071a37a9b2652d3700a17a93937018b0b9e057e8ae7dae41484ed6,eastmoney_limit_up,290601696.0,True
2026-08-26,杭电股份,turnover,74440711d4f27e7345dd500ee2f404f0b4cfa4ee54e67f75fce62f3f1df93fa5,ths_hot_reason,090730c4c070522237f15d7b3ef764ab4ea628f844a4654c0d77c9cb4d2e93a9,eastmoney_limit_up,2521501088.0,True
2026-08-26,康希诺,turnover,f9e26f8c9a49af07b05bea685fe49804f120dd81daff58d6b4c2ea7afa4568cb,ths_hot_reason,bc0f5e937ccb8899365a3a8fb2f5580b206f7b4c9d98902917d1ce63dc972880,eastmoney_limit_up,466118176.0,True
2026-08-26,同宇新材,turnover,e8889eec4ad82ffe29c1420226dc6377a251f02adf77e3d9e3877567129b9453,ths_hot_reason,9a7de7b3497f0ad71e46ba5cb3b7b51ade0d862a15473fd34c8d4fbcbab02a14,eastmoney_limit_up,873589280.0,True
2026-08-26,百利电气,turnover,a18454a64d443ddb5ae89135f8037d938f2454d306b3601bc209e4bd233316f2,ths_hot_reason,3f49b554a6e3829ef4b389a8719101233ad23cb5922e205f911d263fccfd46e4,eastmoney_limit_up,293780928.0,True
2026-08-26,千金药业,turnover,24941b5834e3ce9bca2895513aa3a0f9220915e2971491d1cfa47bdc7ff08c85,ths_hot_reason,5a69ff53ed0243aa079ebb99d011fc3b7eab3ac5350376e1048e605f7f0b3614,eastmoney_limit_up,245578988.0,True
2026-08-26,金辰股份,turnover,684a6cf541d6efb26495fbaf855a913fdd454abbd4ad04dad09713fd52b72c2d,ths_hot_reason,592b13562d69d849a2bd27f5e7a152158967172067b7abcb08dfad2e63cdf3b4,eastmoney_limit_up,115390295.0,True
2026-08-26,冀衡医药,turnover,33e4b6341195be0b873add80a9cca6c4a23989c5b55113d732a08d361d8f7880,ths_hot_reason,e552689a8113d45b5a9e3cc17b8146920968bae97f0eddb128a7579737b5aaf9,eastmoney_limit_up,66286556.0,True
2026-08-26,融发核电,turnover,32429eca5846ddff425ece7004c1f8ac1f744ca6582580ad761607fdaa6f867a,ths_hot_reason,21e3b16e63c51a340d9db51cc6dede2b6621211f0fad9cae2a7c4cb0d8857d6f,eastmoney_limit_up,499945952.0,True
2026-08-27,长江通信,turnover,b173bec2807fce28b8ee70a0c2ed7e2e8ec48219e2c9e5efb4eb0653c302c901,ths_hot_reason,e0af73e71a6c61422e38519ed15dba3198b9e380a722d3f175500743a674333c,eastmoney_limit_up,925162400.0,True
2026-08-27,星网锐捷,turnover,67e43a27990d1d546b682a13f7c3c9beeaee4e44b4372b2e2e19d6ac35fa30fc,ths_hot_reason,05906888657425482b8cac3244f1737d5089776de58de060fff0470cfd639dfd,eastmoney_limit_up,3237273232.0,True
2026-08-27,晶丰明源,turnover,b4372deba7fd26fc2c407d757c4879eb484239a7c029634e81e6f8729aaa5149,ths_hot_reason,f45e2139288f66113ef4cd95560940b434fad20093c250c83f51d1a0394a7adf,eastmoney_limit_up,794789888.0,True
2026-08-27,德明利,turnover,13e5482b2d78f5752a1bf37d7df669ea6f0f30de8e81881195b4856eff0f6fe4,ths_hot_reason,5d68b8270d2c499c4eedf4e1b76369a4437540a2cfe401f897853f3bee19e818,eastmoney_limit_up,8762050048.0,True
2026-08-27,桐昆股份,turnover,d1397f2e45a9f09f7e0369237decab7bd8b65ceb025d035449257bad65e803c0,ths_hot_reason,687c56107c6fd361fdf4b13edd4e50d51223b6b9085a85758d4977b97ac55180,eastmoney_limit_up,1683373696.0,True
2026-08-27,成都路桥,turnover,1cf2c465fd69977480a1e568515041cc1227037bee9764eb8e5aa3a425158a26,ths_hot_reason,04a93d23931215699a46ff413fe5ee2da23e695deb5154bb950f1b928f3b1442,eastmoney_limit_up,402978240.0,True
2026-08-27,和胜股份,turnover,5a594a4af417db7558919043220c26f6e900b6c699e1f410a8c44a7789e5d3a3,ths_hot_reason,4ba470450e950e345124c5d54f203bc675d8918f7360c07d61464176b3e34fc2,eastmoney_limit_up,601256576.0,True
2026-08-27,先导基电,turnover,459feac2c47a7976d003ccf2405de14c528cfef95067bc786abbe968a6e25802,ths_hot_reason,d20996b7a61faff19fc6d4c7360755856f562399b68b4499c820a59be641ff7b,eastmoney_limit_up,1955765904.0,True
2026-08-27,天通股份,turnover,796542a5853a0f9bc9f630828b6bffbafa46f7b46cfc142a776d9ad6a95aad25,ths_hot_reason,2e956067be161d5f6630b9cb1c7f36a243257900ae0f135bc99d506f2eef1d0a,eastmoney_limit_up,3703383328.0,True
2026-08-27,东方钽业,turnover,69f97442fc77c432141068acd1abb7fe2d513c9ece6c83d8c5767b7c76194a0e,ths_hot_reason,cab17cf3464ddf5f79ed8d84c458bfc382881368e6acf2c6545f37ea76a77d07,eastmoney_limit_up,1944087376.0,True
2026-08-27,华盛昌,turnover,7cbdb32f91a070f1ef04487fe3635580c498dd090f96e28638b5bf3d025d68eb,ths_hot_reason,c87079e83b17e581b0f12fb87aba169a2c78dd5253a592050d503e16a11fca10,eastmoney_limit_up,1112099584.0,True
2026-08-27,成飞集成,turnover,daceb100d62d7c5a4054a9769f88577f0f8ba097483e1967494efefc29775503,ths_hot_reason,9c1fdaf7894a8e8aa507eed7529bfc43c1ee04478332e62ef5b27a69625fe87f,eastmoney_limit_up,561663456.0,True
2026-08-27,嘉德利,turnover,27e9e5b70e2c9b90d79e30a42f8228c81e6dd72577a6d33d8d5125345a7b3a33,ths_hot_reason,d2b727c5fc79fc61f90fa2b793579a0cac58a441e25adcf474f6706e2cc6ee16,eastmoney_limit_up,184840163.0,True
2026-08-27,赛微电子,turnover,f0bba1f51bd8b5add6ed92ca9e6ac03cbbba6e77c3bf277c87a9c97ebe8ba937,ths_hot_reason,0d10616536678ec546f4cc8fcd92f4069bc28d782416dd8f596e02df70d4c00c,eastmoney_limit_up,2873362736.0,True
2026-08-27,郴电国际,turnover,a8a2450c13dbcadafe15b2819ca75620b2529e9363c62298db35fb7082a64a09,ths_hot_reason,566ee3ebd3251d1efa0422ec8f828bf356ec0a853cc509d1e1fd300ea00e3772,eastmoney_limit_up,367645168.0,True
2026-08-27,汇源通信,turnover,8c9384b608241be7eff2822f60808553ad7fceab14d514887293865c480b1afc,ths_hot_reason,f0c1135d9e7cd77d74102236ddd10eb291f44794a360ae6d72f5e77a8eb391f8,eastmoney_limit_up,146846822.0,True
2026-08-27,宏昌电子,turnover,f9988cdd01c40ed8f627551dbda3235bdb2c6308adc342733bb60bac997ea53c,ths_hot_reason,85ce0b61be55ee6d6c4df2f99f7c87ad971c162b6e69d2bb58fe245fa0c1345a,eastmoney_limit_up,966065520.0,True
2026-08-27,日丰股份,turnover,848da383bcadcb138c1a9f31e09016bff92a75fa04a3dcad50bf2066ed407454,ths_hot_reason,af5aa2e5f334f960a9424831776c90abc70a728f44371332d291fe005827d957,eastmoney_limit_up,216500101.0,True
2026-08-27,长飞光纤,turnover,dd8090f097d16ac75182a69fd33134f5e9823ee7a6b490a0dea97aebf79180bc,ths_hot_reason,f2b3373b8d90102917c4477af16ad14921a8dff47c2593c79034de9fc2cab9c0,eastmoney_limit_up,6145393408.0,True
2026-08-27,三孚股份,turnover,455bbfc26ccaeaa99dcaa861549bb97bfb6ef83630f7b41b6d03d4b809dbe2e0,ths_hot_reason,5ed2c3126e1d9d9b9bf7863d3e6a14d65ebe8fabedfe01f05f84fa9997b661b4,eastmoney_limit_up,573853728.0,True
2026-08-27,湘财股份,turnover,8c246793afc6c5e918dc5fb6adac6251b349f1a931145b2882ee5af4f2a32ca0,ths_hot_reason,81c36c6c2240e30f03d5c8db0b84f86c3ad5e0ac6a8c87097263ac2b60e5be25,eastmoney_limit_up,1916435920.0,True
2026-08-27,杭电股份,turnover,3f0d85d63c9cfb67d5cb67441eac9beb6cbbb8d4cb6555d777ee592d73a582db,ths_hot_reason,c10b28ce83eeca36db65e35719094f9f4d518cf7448571225c72eabc803fd42c,eastmoney_limit_up,2296869920.0,True
2026-08-27,立航科技,turnover,48a0997b0ca176a1df2c845f89fe9fd52b0437a83be866d6206054670c02f423,ths_hot_reason,67f9bd0d2420625a52600d3ce5b629255338bdb90fe536dc879ca3fa521bedad,eastmoney_limit_up,100856416.0,True
2026-08-27,百花医药,turnover,b8aa5de8dcf126db7b308aef932626490b112221a30512dda0bd4cd08d8ccf62,ths_hot_reason,8ae1d2ac0e14e4dee261886fe46ff7ef1c280293c5a34a397b83513f86784396,eastmoney_limit_up,2746713040.0,True
2026-08-27,千金药业,turnover,87f4cee106300b00657b9e055e87a8c29d58d51876ab0a8bab2564b38a6ca383,ths_hot_reason,5bd84d96a8f8bb9195e496737387aab3e518e2d56b4dd3ff7097f80d122ca964,eastmoney_limit_up,1300882240.0,True
2026-08-27,楚天龙,turnover,d6fdf1d7046f32aaf47cd129c75b9b455970ed3a4c994d55f2f9c39bb92e3c38,ths_hot_reason,77003d670ccfc1fdcdeb3b409743bf0aad8803da080126b60ffa571d2e0ed118,eastmoney_limit_up,1759884208.0,True
2026-08-27,昊华科技,turnover,44bc67041a3651ddbaa035aa6d5e7ffa8819ca2dddcd61e313b23565ada4f95f,ths_hot_reason,b78f7b1e6b16c3cbdc2d279d4f6a04bee2e2faa527b914608233caca1d5d3683,eastmoney_limit_up,1436979568.0,True
2026-08-27,湖南黄金,turnover,1276a4c340d773038ad84d122475448c9ff55650de46d78969105c89b7ebe921,ths_hot_reason,7a907b7851de209152312ec03f522fb25dca84f695ccd5024aff146e5694b34c,eastmoney_limit_up,383632336.0,True
2026-08-27,神奇制药,turnover,be84e2aebb1402aa871006dfeb9e1b99614c5cf7456018a8c1cedc96b7e0dba1,ths_hot_reason,6abac08746536071bf1015440029e58ef57a1ad93a1fc319ebd5b76a7636f14e,eastmoney_limit_up,677314640.0,True
2026-08-27,冀衡医药,turnover,11d182ff755e77362eee9b4891a82f12863f801fed6a8f6489a5a95779b2d327,ths_hot_reason,3c67a69c7e0def1791474da057a4edc8d15444a12ba771724f5645b6492cbb89,eastmoney_limit_up,56422737.0,True
2026-08-27,锦龙股份,turnover,bac7590250df02626f2cb9d70b1fe55387045c2ba45b8d41b8951a7cd26b07da,ths_hot_reason,00d68dc56b1d569860a1cc4590baeb3e2353a4af41c0e63eccdf4570358f464b,eastmoney_limit_up,158057696.0,True
2026-08-28,誉衡药业,turnover,953cf00d23494a7b96660244f2fd3291073931fa447aa2a5804b2294043b764f,ths_hot_reason,364be5ce19795a8b108e6b3b48d32725b8a48a54c2a1585a0ef9048a31b4d9aa,eastmoney_limit_up,3612936944.0,True
2026-08-28,厦工股份,turnover,f1bc16f398e7cc0e951e0cd2e7b888fab969efe5a9030abb5b8205d3a9dc4e69,ths_hot_reason,c6a9629031c7057f7e6300b2f108203d109267f3b00f2753221f57f8bb060b40,eastmoney_limit_up,776321120.0,True
2026-08-28,金牛化工,turnover,0c89804fb618b9ffa27446055154f39e403cee07461baed64ece9ab2eba0bdff,ths_hot_reason,00ba2b9e12340cbcda208c417e9813b8f27176f49bacc575eaeb25532ac4e112,eastmoney_limit_up,2059541728.0,True
2026-08-28,金辰股份,turnover,5a070b61804783ee46860358bed930922221f79c7ff20b8d93394be2e3dbdf54,ths_hot_reason,a74de49209c144a245d89478f60a76db3573bc590d51799709091600d9b8aca4,eastmoney_limit_up,478784752.0,True
2026-08-28,国光连锁,turnover,b6ca2d3bb523b62600aec0eb5302bf14d1921c4dc96c391f4fbcd83e315b2938,ths_hot_reason,19ef9466a3d8ac32dee1f5ef48be4f28bbed8934ef6beebc5ed163dd8b3121ba,eastmoney_limit_up,150446212.0,True
2026-08-28,闽发铝业,turnover,a5a8c9eb572459781e371439a13124e18af0e0e21a7e3e7f86ebcb0690e17e77,ths_hot_reason,2d6915d3f29b3f95e4f40099c21985e50f0e012a7f19d627474194b669171514,eastmoney_limit_up,265696348.0,True
2026-08-28,百通能源,turnover,314f75077f0573a96d8cbd36fdf0d4e8c5cf491b1d0adef7d654f62204188af1,ths_hot_reason,13cc88b269cbf00153416b0425f43ccd516144ddf385c3ce7490885b3ba37822,eastmoney_limit_up,250299088.0,True
2026-08-28,林洋能源,turnover,c8a9b73cb200f473e73f3d67eae11072dbb5c9e199b045275b1213f0c4d5b87a,ths_hot_reason,69baa1eb4a4b5d7876d808847e9334b54c64069bd3aa43bbbb22e609a75921c3,eastmoney_limit_up,593354032.0,True
2026-08-28,深物业A,turnover,91c39412ad36f05893f101473e49894a81b6a98af2bf8a8026f6645143ab38c3,ths_hot_reason,d5c3b5c23c83c605b00240866e1323c5c7631efc383bf034526e9cc06e0bec9e,eastmoney_limit_up,107880201.0,True
2026-08-28,风范股份,turnover,647b27a421770287498469d4824b43467c1ccfeb2ce3da7216f2857525d8afc4,ths_hot_reason,5d93db584a35c326ada0d6dccf146dc70bbdb01d44a12d399c04d28ac1643161,eastmoney_limit_up,1622739440.0,True
2026-08-28,精华制药,turnover,f7a205e0b45dbf13d47ca38a9807ff7afc46067bebde17c0d6baf3fb3f856d0d,ths_hot_reason,d5f6ea3a68702a93233637e4051192ceb23a98b99eeca8fe7ef7cf5d8f45d225,eastmoney_limit_up,325503408.0,True
2026-08-28,沃华医药,turnover,c8b1b1ff2845336393cc905b5adbf1a182bb68305c75ecc1988a207df8d61275,ths_hot_reason,e734be8bb5ad6552faa31212b4f3c4f16a8c5e3bacf42cc880e1cd4b3c913b9e,eastmoney_limit_up,219031210.0,True
2026-08-28,山东玻纤,turnover,a0fc13bdce0e9b195ddc7a1448ed7d7ddc42e4178d4f624b6398909757d1f1e2,ths_hot_reason,dc26e81548d4ac8b7930fd3aabba66b1e6e807b477cf7dc41ac2f39ba50201a6,eastmoney_limit_up,633943584.0,True
2026-08-28,中通国脉,turnover,bee930963cc2419f510ab672f238e7e1f9a08bac46d07c2ecbfafcdd3e03b987,ths_hot_reason,abcbf9e5ed454b2d1fe1f9146dc343cbc20245a4805834023efca1c5f98aea63,eastmoney_limit_up,266944404.0,True
2026-08-28,北自科技,turnover,1e1c2313b75bf2d99e0fe254d5c4d9b3cb131fb20a58a86cc6a23750a469fcee,ths_hot_reason,b5a4fce0a5230575c4e8bea3e05b061b4c10d664fe5d6a8a1e064bc21775ef09,eastmoney_limit_up,304034128.0,True
2026-08-28,新宏泰,turnover,b82647a0153d251473bcdb62309801d2e6399df940f71748e9fd111a232598ea,ths_hot_reason,75339d6c96014d5662cac4d3de711557e57b2e85f689ad2eee1c19e73ca61c45,eastmoney_limit_up,118415842.0,True
2026-08-28,国晟科技,turnover,c62abcaec5e5255c07ca0e6d28a46ffce843515d46df256d315035660e8fc370,ths_hot_reason,a5b4302f61f833434b794b4492ef69955af50a7ed385247564f2a0d5b5393daa,eastmoney_limit_up,464618400.0,True
2026-08-28,我爱我家,turnover,df07eb4efe1c1adf9a083c58db2fca0b9d420334403cca80c6fd756f1f03908c,ths_hot_reason,9e4af2cc923c363df237fc6310d08f7d0da3d9336498f49aea095e023fd2c55a,eastmoney_limit_up,642316336.0,True
2026-08-28,国芳集团,turnover,a873e005936be702c00a87fc268718f92f3d115f36623d76de20959b207d8aac,ths_hot_reason,1ae19c3398fecf09b39ec32eafa3ac1f19bfe048f01e61761b44f01abaa1fced,eastmoney_limit_up,147100140.0,True
2026-08-28,星网锐捷,turnover,7fba3e4eb714dd7ca5a2d0e89108f4ad6e2532849c9e7306e0741aeb0efb2e2d,ths_hot_reason,a87aada8ab988c14f3325e9608f15864205210982aa8b6322c89ab5e03eb22cf,eastmoney_limit_up,4141078928.0,True
2026-08-28,福达合金,turnover,19dcdd6fbc5905d570caca5f974cdd053aed8d428fd6bf50f02db0c3ea049e77,ths_hot_reason,2da8a07d1dfb24ed7c3895116aea9af2ac9bdc885e2f22d8c065713ca9e0155e,eastmoney_limit_up,380340752.0,True
2026-08-28,千金药业,turnover,7a09194aa909eb35fdb7ac6fbfe5b63a2735c50869afd3dc24dddf3a99b53eca,ths_hot_reason,6ac6cbeb3c5df630b7d8d51b0e698702bb972929ee43ecb8dd1b126349c2563c,eastmoney_limit_up,1392000800.0,True
2026-08-28,香江控股,turnover,8b9509763315121f12ce07d219502a802013eccbcc45cd7e72580f280e19d5e4,ths_hot_reason,0b9bd266f42477690afe9e2305844e13ecd4d98449423ea12a606939eef6bc98,eastmoney_limit_up,811039168.0,True
2026-08-28,冀衡医药,turnover,159bec9e2cd4313eb08ac11125957a8e7ad95c6dd00c33cc2e26ea59c465e5f9,ths_hot_reason,f6a782e9b05acc33942ce0159658dda137f78ed971d6a228ac41ea91ebbf3616,eastmoney_limit_up,1345116192.0,True
2026-08-28,天娱数科,turnover,0567b05837143bb7ec0cade514011a35431b3250735163fd8a6a0c9ab8f98630,ths_hot_reason,9e489863582cce81598cc207f2131264b1260634d71ba6975bed4db6937d84db,eastmoney_limit_up,718716592.0,True
2026-08-28,时代出版,turnover,10d4889d43964f69d7375e5a60b3aded825fb81f66277537c4e9ba4c3e088f8f,ths_hot_reason,88289b5f3ee592b6585acc636e5cd4b4d0a0c6c7bc15a514e171e8b95defb788,eastmoney_limit_up,138324673.0,True
2026-08-28,锦龙股份,turnover,72b351dfb698ca1bb6587d4051767ddc6ad3e3a937a3a2d36752cd671d89d7a2,ths_hot_reason,1d12a26d6d32f5255cea18f3a1965a429e603006ff8afcaac28c9a3c36a9761c,eastmoney_limit_up,178845225.0,True
2026-08-31,首创证券,turnover,ddfb9d54abbdf00a932c511f4580db917ac3742bccf968b7cbff7a4ba13decf6,ths_hot_reason,516adddd43e6d157359998908dc46281ba94e950d85fb6623f10819c3f29953f,eastmoney_limit_up,639914624.0,True
2026-08-31,移远通信,turnover,32646d5ae009f63f64654dd8c6a4ecae4ad1a496d7f3df3863e5455806e0fa04,ths_hot_reason,1cc04b374879c2bd10c413cbce1c11ef6abcc04c20d63ac2576622325f687754,eastmoney_limit_up,1383246080.0,True
2026-08-31,大族激光,turnover,b6e9cfc46f1369b375f21e9c1d92234e691b53a30155e54b17cdc593626e0f0b,ths_hot_reason,900ead11aeb830656464fdbc6f4ea2b30c09eec0bc2d23330709ef239defde27,eastmoney_limit_up,5336748544.0,True
2026-08-31,星网锐捷,turnover,a64ada89e6bfe502b82b3acc3bc53d3f423a4e17ff45f7698bd16d003134a321,ths_hot_reason,988444d1fd79acbf85ffe826310e559d7029b3d236a2e7b343329fe7d051d8d1,eastmoney_limit_up,5255444224.0,True
2026-08-31,天目药业,turnover,2401734ae393ea03d84a02aa4ddf2fc4da718fe7aabe0e41a5059433079a4756,ths_hot_reason,8bc881e35313b57641da2139542ffd48ecac9675f0b86e9af94487629861dbc9,eastmoney_limit_up,240374806.0,True
2026-08-31,金牛化工,turnover,961552f44838238fb830c89d54f6728fb7d8b36818314711b68762bf81ef5707,ths_hot_reason,5daae5a5b8625b9c18a7aa4cf16353265442cda3d510e9521ac399add3d0b24d,eastmoney_limit_up,2635581408.0,True
2026-08-31,万通发展,turnover,221bf4fd25d0b08deba5f9a00feebdfb854c8fdfd113821a287a62e27ae3993c,ths_hot_reason,598b047a8cdd54d6da75fbc5d8e47edfc8fc13364ba392ec0c2e1263fea6d25c,eastmoney_limit_up,1892625360.0,True
2026-08-31,博通集成,turnover,b773070f7f57a3359702a7a3567a78690eb68af0260e19f0e746a812fc86298d,ths_hot_reason,4f8a637ab6f5dbf60488bd6b20dc5ad506d4074cbe9d590ed1c060b1b0253418,eastmoney_limit_up,645400848.0,True
2026-08-31,大晟文化,turnover,b5110a10317139f78928f062c1a0926c85ed7a5a9e9604c1d7c903d5d3b66e61,ths_hot_reason,19b2427c682bb68cc9f1da9e2ab74588b1c092df6fab44b4410cb5ae83dd9fe7,eastmoney_limit_up,247648951.0,True
2026-08-31,时代出版,turnover,169c3b1702bd434d6817cf77ec6b44f78e6a12470f9ddedbedca33fc0c70af27,ths_hot_reason,d07b2a8fbb6477704a7e5cc5cae53ee30fff679608d25d9312e7a585c7208d94,eastmoney_limit_up,340864944.0,True
2026-08-31,康惠股份,turnover,1643e912abed5a331659d7093b9f37f642f8387a20197035ed24bad51defbe88,ths_hot_reason,4475c7ccc8ec26a43fa7a5f4745d73b1fb622cf1bf9f6cbe50193a6cd2c82730,eastmoney_limit_up,225218645.0,True
2026-08-31,海看股份,turnover,58acb7ece0735c2625a1bf3aec99ba49606d35440a894505be20dc0d8affb387,ths_hot_reason,65f6f65b20f55fcb3bad616d36c5b3b24e7f6c129093ae301e92b851671a044c,eastmoney_limit_up,736961648.0,True
2026-08-31,吉视传媒,turnover,28a112a8c2b30f0269952904ec05efacf3f539410ce1538cc36b060c57b5fe92,ths_hot_reason,f936e4a34b43d713590a08070acede1ad4d8acf5da6d5aca20869a5bdf2673a5,eastmoney_limit_up,516461952.0,True
2026-08-31,博纳影业,turnover,854322747a7e9941a442ac5709dd3fb18851323898001deaed2aa2e2777e03f4,ths_hot_reason,4b2fbcf7665b081596c413bcfbd0759ab6120ee8d2477ada535b2c4df6d7eb39,eastmoney_limit_up,702824656.0,True
2026-08-31,龙版传媒,turnover,35cc26bbc95771887ee1c36e7f6e5ce0ab406377461c341e22df3e2c16db5652,ths_hot_reason,46871f9b242355903a90481392fc45e274a11af95183261089c8123d34f042a0,eastmoney_limit_up,133946298.0,True
2026-08-31,上海电影,turnover,a30f87f52f34031a776ad0922584c081f06b79c3477ea626dff7c51dcd814e8c,ths_hot_reason,bec5a757806f89cee726abcad3970577fd4addbe0cdf09a357956f8cd0f210c1,eastmoney_limit_up,302904736.0,True
2026-08-31,荣信文化,turnover,533977c52b4815f656a9bb7aba23a14f42f6d1295d020f2346e0e6ae60b3cf99,ths_hot_reason,47b929954f9b2da80e637e5c59d9333651bef534e7650c55d8c196b2ef8b2711,eastmoney_limit_up,374774752.0,True
2026-08-31,茂硕电源,turnover,7c0a2bd63003ce717824b0ac20cc1f495fa6a346fd44f9e21ab45f184c0e31f3,ths_hot_reason,af5631592a20859f1468c1c367652182e131839c96857e7a04dbe8b7b3d6c98a,eastmoney_limit_up,215427689.0,True
2026-08-31,中通国脉,turnover,033a81bdb71b8f54ba8e7172a5738dec1a04565138bd4a4034a3f906192a97ef,ths_hot_reason,1683269bc01eb8d45a18469c54ed1a31f61de6392066e60adc1a52220c1a8694,eastmoney_limit_up,435460496.0,True
2026-08-31,郑州煤电,turnover,0a9c6de291b7c35a2008133cea2f9418d5bec94b68a41b395fa3783db6f66e0b,ths_hot_reason,f63790e88960f2d38f58339b1cf066dc72e66da4dbed11f86cdfe9b6591950db,eastmoney_limit_up,596686928.0,True
2026-08-31,美格智能,turnover,803e04a7a2e266bfd4669ad4bc771e8a668f27b6de5f15f4cc1ec0158f0788ff,ths_hot_reason,77e8542fa6ec97ddcccb801eb8c5a6c133045f6a0700cd3326261394b2fd241b,eastmoney_limit_up,774107440.0,True
2026-08-31,深圳新星,turnover,ba2000cb48e3a52b882f54f57762bcf3c980f7a5703971f79069ff55a806a711,ths_hot_reason,3bec315b949534555b5acfc828f362b5af18e9872eb28a3aa19ab3b9df92970e,eastmoney_limit_up,459661488.0,True
2026-08-31,瑞芯微,turnover,be5bc2adee867cd639df62c642b5b8393fe37c969a0ae03ead288ee2bfd38795,ths_hot_reason,d8314309f47574eb8ce1a1990c04a64d11c340d0cd60c3a26934e1c2f7bc28e4,eastmoney_limit_up,3436081936.0,True
2026-08-31,中广天择,turnover,fc50ad8ad50528348328d74cf95c35ac792c27e093752490a691b0efdcf24fe1,ths_hot_reason,6c67858885fa50475810741a8669705b36d16f7de1dd0f0dcc9130fde3bdb4d5,eastmoney_limit_up,100222873.0,True
2026-08-31,欢瑞世纪,turnover,ea6e314a90adae1b7fdf8327a749097f5b8d479b5957ff0abd855c3d65fbd970,ths_hot_reason,54207a0859c72bce337d72eaef2eefec1e47c3a75745c52c08dbf78da42d05d1,eastmoney_limit_up,226322636.0,True
2026-08-31,诺德股份,turnover,c92a4d709fbbf03ad3b97f043c55350f40d69d7c7cc4f3cc19726efff259668c,ths_hot_reason,26d21e864e35c05f2cdd21c89cab352bd2c709c7b953209e2c028db7d7524e67,eastmoney_limit_up,1699415664.0,True
2026-08-31,智光电气,turnover,d5320eb311c0b453c122c8af6f4a18677fa6e1dffcb9a9c0f4f25a7a6863ee49,ths_hot_reason,1f001ecc178dc0e9336ad18ce4e22964a6da4ccf2c1e525ab0fab1e81a89e225,eastmoney_limit_up,309032640.0,True
2026-08-31,锦龙股份,turnover,80cb35db9078c63add54fac82332b573e425b055a86abb38e834c62714126730,ths_hot_reason,b9fb6bff786fd8c93a32f77aa306a8f31eaa4c4173fecf1e734dd8802ed3f1ee,eastmoney_limit_up,3119349440.0,True
2026-08-31,国芳集团,turnover,0fdaf37c0b3062fc2f3ae9eeed415d73aa925137431d7eeffb878ba49f7772a6,ths_hot_reason,cf392c3e1903e74b50fab28687337b3b9f4551be269d735804af01362a86c48d,eastmoney_limit_up,232455626.0,True
2026-08-31,广宇集团,turnover,bfa924dee2532c6cbcf24e8db1bd90a450c05a5b43876401cb595f3a437429f8,ths_hot_reason,1a7f2de2d23c11c0aad920ce56833281a961b796986f446a5fba21717101a807,eastmoney_limit_up,96606416.0,True
2026-08-31,天保基建,turnover,c0107018756e02351cd77a26d5ae8e18b41fbea0513a3e94c1d7a9b7bf0858ce,ths_hot_reason,5e5b9f79e40330c4d7e9f29000961ac7a4f11d692f151b65191fcd87db8c1242,eastmoney_limit_up,480043392.0,True
2026-08-31,我爱我家,turnover,c10c10143955e59b5cb15a2efcc1f791ee73012285e456fb8d56ba01394eb923,ths_hot_reason,2f6fbba85725c7202aa99c903ea2266b0da699e572a2b1ca216766f871a66571,eastmoney_limit_up,185611600.0,True
2026-08-31,深物业A,turnover,cb5b37543612a30a32071deecb138dfcb5ac81914f0a14239d2ce5947299f347,ths_hot_reason,3eca99b4dbfdcf31787f5061d965b309a90996990cdb29fd72e4641b0b8ec58a,eastmoney_limit_up,115646357.0,True
2026-09-01,波导股份,turnover,1b1510371fe723b65ad7cee4a0ac0c708974bca1f08b2afc8648eb30b69a6e19,ths_hot_reason,7f6d9ac25ced25bd1683db801c24da00c914cbad7ffaa7da65707db868a19f67,eastmoney_limit_up,198137063.0,True
2026-09-01,瑞康医药,turnover,cddb45571c01ccb6b81365d11429193122b65ee880b20e1c472d6e3c83bab72c,ths_hot_reason,1fba491156308a4084046c7bd07d1cdb9b8f3c562fc00c59499f84ab9b4b14ef,eastmoney_limit_up,491491536.0,True
2026-09-01,千金药业,turnover,67393848e2bb85be4f1b55fc7a20e4559222645e75b551d82dca2eaae9288a13,ths_hot_reason,3c46ed139a144d06c3443cbb273b2d4896d5829c439ea984ed4fcab7de25776c,eastmoney_limit_up,1345867664.0,True
2026-09-01,沃华医药,turnover,e3811f5c3ee48a0ad48d3e0c8a89c40ee9e3522e9c6a9c9316f72ccd15f5c98f,ths_hot_reason,abb5d8bd45422651f4abb390b6121190cfef208813ea4bc401b534cce8751570,eastmoney_limit_up,312204336.0,True
2026-09-01,精华制药,turnover,f4c45dac4ab55af4f2e64376b24070dede0560ea0ddd0a02d201510e588d3bfc,ths_hot_reason,4f8bd615d87e0ab9757e56723bf68fded630f5f46cfdd3216c61acabc717d934,eastmoney_limit_up,715408000.0,True
2026-09-01,遥望科技,turnover,a91bfaa70171413f78f726c38029aa6398bab15b633343712a1fd0870331bbab,ths_hot_reason,c13bc6367b8c4afdc09175c65f8d58e9dd90760a14bc7ff0176f7928eb659123,eastmoney_limit_up,650672192.0,True
2026-09-01,博纳影业,turnover,6a1eb385e1de095934790ec59d451f357f11284679a34ea7a6563a61ed402666,ths_hot_reason,37680e7ded4ed542f61ca9cc2ffeb0144862ebf75dcfa029865d13fe6256d9a0,eastmoney_limit_up,1425893104.0,True
2026-09-01,小方制药,turnover,259d94d980ffb8522edebc05d1d408a1886b11136555b0342398984ecd863a71,ths_hot_reason,e4312b524110f23532dae781263808b7dd48c3fdecb15edc2bbde41b89087e58,eastmoney_limit_up,148207910.0,True
2026-09-01,古井贡酒,turnover,e929cd1938db5d0011e7f947fc6c1dc83e0d52c5dc0d47cc66be3a55ac02b964,ths_hot_reason,a30bb14d18b7e7b2a8068c4671fc42997a5007b67b756fdbb5d5f31a1702a979,eastmoney_limit_up,760872752.0,True
2026-09-01,云煤能源,turnover,a5c1f08d5ac21d2ed4290b87d5343313496d799e9c067e211d25dfe57c849470,ths_hot_reason,d4567879bd32a7fbd61ed7c9c52292c7d837529546a2c44de755b19cac382d71,eastmoney_limit_up,241344884.0,True
2026-09-01,楚天龙,turnover,db5101eab1d76e60425587d3d92efce4357b807a3f969983054e2905ab746442,ths_hot_reason,2a60ab2d67e5800da3cc641770e6fb7a7e5f62e758fa2e4fc0046661a2785160,eastmoney_limit_up,1751302544.0,True
2026-09-01,郑州煤电,turnover,0985adf5e933f7c741459dc4b9dd291c7e04c9b59b15de1fd0f4a68d756b60e8,ths_hot_reason,1447c2bd340cd906e16902a21f5d21fe4e07c226950d749d2edd9c9a4310d5a2,eastmoney_limit_up,1273877328.0,True
2026-09-01,华林证券,turnover,a70daaf8aa426703826dc2769941e956b9f75211b6431b31abb82da27d1791e3,ths_hot_reason,9aede2d8439f2cb578ed79898bee498d91cdf5261e1c4b3ac92331c365045c42,eastmoney_limit_up,856969744.0,True
2026-09-01,金龙羽,turnover,7be44cb8fa3e8a2fbab2712ffd758457bdd11592837a83be7f53ae23e7052088,ths_hot_reason,aa40836f316e423a523674636686c4c2bfb32be7b83f921a4a1f59628af7391a,eastmoney_limit_up,458236576.0,True
2026-09-01,我爱我家,turnover,a4eed9c5dc9642ba48e889bc2ad2ef6593d0a116b6c7db4a6f5bf5adc54793be,ths_hot_reason,8243683d14db4a61101a452162a5e9fefc452806a2ecf957e05962efbce5b751,eastmoney_limit_up,2721501088.0,True
2026-09-01,新华百货,turnover,e4ae39de1612c51cd1a5faa3bfc3ef90ab6a0ca32d38f35558ec7f94a2f1472d,ths_hot_reason,104b7560362ee58e19d708ed3d95a1d0898aacc81518b1f8b352809628b41e30,eastmoney_limit_up,716662896.0,True
2026-09-01,供销大集,turnover,f4041d71e337efce452fa5e589326b5c7c96fed9c13ce82628fa1479aab03f87,ths_hot_reason,11543881bd777d9ed88ca40896a3fb9980f0ac3de7402d75d28a115285a9487f,eastmoney_limit_up,773429264.0,True
2026-09-01,国光连锁,turnover,999b6caac08a6ca8cac83bc6ec3ff6f830d10629dd8044c455353aedcc6d4fa6,ths_hot_reason,8f183ea02a57a7ea5d410bb15d3206e3270f1a099cd1bbe5e8a4414502602be7,eastmoney_limit_up,437708464.0,True
2026-09-01,茂业商业,turnover,b378540843394a03083f2ac520f45d05a7a3bfc0b81a80f255c92964bd3a1033,ths_hot_reason,305302b5490ef4171e9e6fd682767257a1cd0f8d58046f69be390f98ebc3a406,eastmoney_limit_up,69808245.0,True
2026-09-01,澳洋健康,turnover,9a42faad0fe966e43cef9df53284827b89006a6044fa6177ced9fed64a16ec29,ths_hot_reason,60552440a8934494d9607b671b4dee45917d4acdfbe66098bb1eba0f5557ae8c,eastmoney_limit_up,653856544.0,True
2026-09-01,东百集团,turnover,db4e1be6c1820870dc14af162601b7a41845f40b733cded43070b79ff77c6d74,ths_hot_reason,c9f7c40915e882c323ba0b98e4bcef94f32297565ca2d218ae88f83d51579b0f,eastmoney_limit_up,452469552.0,True
2026-09-01,粤传媒,turnover,1a871d101b38e704f6b127ff9f0c77cb53d8ae639016a18687c1fd553979ddd7,ths_hot_reason,49a60889df94ccab35b458b68de428a41406aa21d4b4e7930ffafe88dec2cc4a,eastmoney_limit_up,387024752.0,True
2026-09-01,百洋股份,turnover,0c082db5dfa1280d4b7d91e667ad19a2d2e3a38c09e7078641eda30538241401,ths_hot_reason,53c4af09ba4d616e68028793ee8e357f315eab0de92dd37124d422b1573a59e8,eastmoney_limit_up,129349637.0,True
2026-09-01,国芳集团,turnover,aa8319b9b3218afeb10ae6786de17f2811e05cec3d6313926ff3d4ccd18c3dae,ths_hot_reason,1d48b22b5f301abe726bbeb73fc1b618d4648ffc103e041d4ad313bab2a34205,eastmoney_limit_up,303981648.0,True
2026-09-01,时代出版,turnover,218be8a71c6d426a717931d1037a691bf45516ec7e824153b107f971ca048f5e,ths_hot_reason,c89d02e978548667a05febd247e9db62d54b6a7f7f264acd61fc3bc4cfe4809a,eastmoney_limit_up,976363280.0,True
2026-09-01,凯撒文化,turnover,204fae3913e49e7129a713d7e2333ff1d36dbbe902fea013092abaadd05a6bbf,ths_hot_reason,adca25d61b9eba1fba715e316eaeb4894a7cc12e11e8ad963616c2dd57f6b6c4,eastmoney_limit_up,362100768.0,True
2026-09-01,龙版传媒,turnover,8a20018df2d414185a033218b313dd700300a32f187e260d004a7173d069d438,ths_hot_reason,03d3d1080d9264310cbcf97b66ac289f28b4a8cae8224dadc5869fca464731a6,eastmoney_limit_up,298788848.0,True
2026-09-01,精艺股份,turnover,77eafda56c4611d1b76df51695bd2558c831a241005d4284099c5df2745e9091,ths_hot_reason,f506e5a15e76f67e1bcd28f72a1d80a8104e2906dbdbdf98edad13d42660fff6,eastmoney_limit_up,232531749.0,True
2026-09-01,中广天择,turnover,653d20b6a807967b9e1e45d569262c4f2ef61551601bebd04cfc014f7a54ae59,ths_hot_reason,f5dad14e281dd3e8e68a2ed37ab27f1f808bc2ddc96293b9cd07f5ab5a177701,eastmoney_limit_up,102022900.0,True
2026-09-01,大晟文化,turnover,0a561898607cdde840267ac41941c3a672821fd8b490d3bd7ea9dd180bfd4c8a,ths_hot_reason,e3a3473e86058722de693a95c614e84fefbbab170972514cad343c5102a85861,eastmoney_limit_up,39115710.0,True
2026-09-01,欢瑞世纪,turnover,42850930c579bd3dc257ff2f30b03912c317f53e6b915987b723d5166b0c69c8,ths_hot_reason,0a16358e42151efebbb6d87dbcaffb7086223a953bb90e1a9a415285f014bb58,eastmoney_limit_up,61566148.0,True
2026-09-02,播恩集团,turnover,9f8e30563097247f3b06f447214449d34844e9eebddf4d803ff2e4f896a25f69,ths_hot_reason,e3903faceba30f56d08dcabf47ead107b63a525d981007ec9fdcaab2d9694dd7,eastmoney_limit_up,121655961.0,True
2026-09-02,杭电股份,turnover,fe38d6ed94c37c82e6658c0155ec709c5aee50e97202bc939ab5d241a270f01e,ths_hot_reason,7d4dba1248a91490ae331ccc8fec1ccf09189232066c8120c7566429ec515a80,eastmoney_limit_up,4721844992.0,True
2026-09-02,盛景微,turnover,5e8a9205a1ba657a50335b918ed6eb2be3d2bb06de6585fa3e5099234bedc246,ths_hot_reason,f9dd063b8c2c8759d373ce8a9ea06f4b0a97e180b2b2ad4c5f8090b65437957c,eastmoney_limit_up,148700747.0,True
2026-09-02,信达地产,turnover,7e3e06688458a4a7e070b0a77707145e1e91f82e6d8cd4cb83239938cd5bd4df,ths_hot_reason,d6ec7cafe3af63bc1134abc95af0808da719000fcd5cc7f32fb2d96c654f840d,eastmoney_limit_up,363209888.0,True
2026-09-02,神马电力,turnover,22bd975040e44dc430062c2fbb17f357316f67e1169f7085fb76913bdeec67e0,ths_hot_reason,d1ff48de21f67a628c28efa8f4eb532a996ea11bc455f2fc8dee3331e12528b5,eastmoney_limit_up,393086560.0,True
2026-09-02,国晟科技,turnover,7dfb93b8d342c4c41f625e9d5d5a78122c951e28cdd863abb9056f6a9c1a410f,ths_hot_reason,8120ded87afc6316fb35df015c3849815a977c683b850383974cf629499e138d,eastmoney_limit_up,837168608.0,True
2026-09-02,智新电子,turnover,693fa0aae640a6d396f8fa15763734c84edcbd8c36be3f01b1d0da46badd98fa,ths_hot_reason,95aca07b481594e6622030eabe05d2b94261928846eb96263511b84d530346f3,eastmoney_limit_up,133003701.0,True
2026-09-02,太阳电缆,turnover,f6afcdc2c8f4ce2f7d4219dc6c8394cf271f083b143c16dcdecbb42b081209af,ths_hot_reason,7ee837dae216429cab5eb77df2feceb619c1950ee6abc2a1ab64398bfbd96681,eastmoney_limit_up,423822608.0,True
2026-09-02,九鼎新材,turnover,1ea6035fff5b0f95af301308e7e9ee431c4a45bc37ae1bc3d1aab4e7c862ee24,ths_hot_reason,8ebc54b5f0580bf5874d4f8f1d7e7a480ce735c0f6a6f24bce2cf3b64cdc4ea4,eastmoney_limit_up,386601792.0,True
2026-09-02,山东玻纤,turnover,6bccdb71e6a2de54c3e665efaed007c74877b0389ad4f156564afdc2f3c3ad9a,ths_hot_reason,2c8e5130387294a67daf3bc71627c8365cca288c8ea87bc0e5bd89f1a3fe6850,eastmoney_limit_up,962478368.0,True
2026-09-02,远东股份,turnover,35dca708699d6a43aa039ee95354ad951b5ef81722aa9c1d20f73135ef796069,ths_hot_reason,9e6f0cc2f4e6cd6ea1fc4b9686823fd15296420e10eb04c3407d729a70af7cad,eastmoney_limit_up,3431846864.0,True
2026-09-02,龙版传媒,turnover,e175dfa661ca186edd53d4f39a0f78ecdda5ec6fda7fbb1fa97494ca2e89207e,ths_hot_reason,2cc3e292b6e4b6cec27d8a26096e45645b25776f1539056801f894cd75708a09,eastmoney_limit_up,325715264.0,True
2026-09-02,深圳新星,turnover,cd8c034220b82db79aaf9e7f1deb84fc14775bfb0e857274a339698846b08e7f,ths_hot_reason,5b65333b2f33b44e94b0f12592ace1fe34735288b064284223ce8582b123f393,eastmoney_limit_up,415413232.0,True
2026-09-02,长城军工,turnover,ed6c6c04145b27594fe06bd32d2b2a0ae35d851ff208cf34c92d219c8caf4561,ths_hot_reason,d00eac6dcab7d135cea74e8251b04d001d14ca82b14b57e3dd208f4cbc903cc4,eastmoney_limit_up,2140114928.0,True
2026-09-02,石化机械,turnover,39b379cf07dab991f3b19742625c2eb86abcb4fc573dc041cce509525461fea2,ths_hot_reason,cac557f1f71c978ea05fdffc38647cd77e62d9e4a68627d7cf423610326a4e9e,eastmoney_limit_up,348293120.0,True
2026-09-02,小方制药,turnover,64eee86ab20171dcf58bac9959c69529a6a3bb194dc6219d833d302abd5ec6d8,ths_hot_reason,39f5c9553e84ff89ca1b72b223e92edfd97e6d8e9b4b86ed1e6671bb84dfb888,eastmoney_limit_up,365592000.0,True
2026-09-02,国芳集团,turnover,d3e5278b1f97a4fe9e35ed9f1cba350bd3aec76c10c98a79e5aec45fd0b450ee,ths_hot_reason,8d4f622592b4e184f0881968946c5033d0a16837f8271b2dbcea3a42848a0c42,eastmoney_limit_up,64402200.0,True
2026-09-02,大晟文化,turnover,18c73a8bdc538399396b6c78884de95f0ea8a070428b194c8ddf031bcb4c91f0,ths_hot_reason,7f470568c4ad1631a1f4803a4cbd0a32348d318adbaeae46b0253befe1fc76ba,eastmoney_limit_up,60004530.0,True
2026-09-02,茂业商业,turnover,acd5e295ad0024798fab260be4e2b5ccb10d0d6681c189d21190dc3035a2120e,ths_hot_reason,db74a1316331f98a008e275f5e6ba5e264cf535978a4675d442e8d55d94b9f9a,eastmoney_limit_up,218277726.0,True
2026-09-02,华昌化工,turnover,31c8004078edbc59f99a9802e2637f5de9c69fe637b471451185690fc77d817c,ths_hot_reason,0a27c9e236c6b34ce62cc5e31709d9bb1569335424f78db3a937546e5fe006dc,eastmoney_limit_up,657312768.0,True
2026-09-02,欢瑞世纪,turnover,9bb7165bb97f5c6e2611622856c7b09d5f6a7a974a5863fe4289528f7c608e59,ths_hot_reason,b67f8faf6f66ad3ae1d2fa695c1cd70072c11145bfd0ee14c355240f5b5cf1d2,eastmoney_limit_up,113256255.0,True
2026-09-03,千金药业,turnover,5fa5aefe09241184f877881acb7c91f21cbe3dd7e2606cf5244bc60819397896,ths_hot_reason,d9f68cca8b8c8a969dc8dfb92c2ebbf8ab5cb510201f2027b40f8f447231ae47,eastmoney_limit_up,1633855968.0,True
2026-09-03,德展健康,turnover,42ff3d8869172108fde81d39a3c6bb3788acb92d56d045f03e70c77a46aa4339,ths_hot_reason,c20cab75ee72774292ceffd722911cfb2323eb99870f97c7cdd676fc50393ea8,eastmoney_limit_up,403057216.0,True
2026-09-03,凯迪股份,turnover,d114d2b125327cd9ab17d4aae059f9a218b7b8f136fa33a55bf023b50c2af60c,ths_hot_reason,7dbc4f68f323799d3ffebfd5ee331afe394ef12e473555e9e8acdf82dba60ddb,eastmoney_limit_up,256122575.0,True
2026-09-03,白银有色,turnover,138e2932aa88dd4896bf492661210ab56bed6b61b1c9dc752e115d4acc1403cb,ths_hot_reason,6156304435181c410d9428a370566afd9bfb70963988f785441fa71f903c5da8,eastmoney_limit_up,4162293840.0,True
2026-09-03,东百集团,turnover,dda03849356e87062817ef16f3d13300087da5579059ab4e2d28b1f1bdc2600c,ths_hot_reason,e6370151a50bb65db7e0b66ece6d08f69d00aae2f498c7c0b335d5ace3b2b7ca,eastmoney_limit_up,1563928144.0,True
2026-09-03,信达地产,turnover,6cd872c46bdc9da4c29ef9b548b3d5cd8e213eeb9f4c8ae31a840dfce076a86f,ths_hot_reason,78113c9ea9263114c5e426740872820369246f16bef925a7735b3b98cbb2a81e,eastmoney_limit_up,414701312.0,True
2026-09-03,美诺华,turnover,ed3f4cd45b403dcd9f354190fedb00b6b067638318c161447b0c6eac7fdef682,ths_hot_reason,b5ccf961eceaba6cdff6cece2f4c1d8ce488d16ee7ff18b87f3bb8ce51cb8088,eastmoney_limit_up,1798824928.0,True
2026-09-03,百大集团,turnover,53a1a47da313a6d409e0a6cf31171ac87bc486e59ed677ecdbcd22675e595ff4,ths_hot_reason,d5408b9fb6b8dfc9f02fe92714054a1a17d4dd523e7751ebccac808c9aabe571,eastmoney_limit_up,246986051.0,True
2026-09-03,郴电国际,turnover,e9a60e95d253909a54065c698bfd680dff3447eba1cce6f0a9ee90a6e5e2a823,ths_hot_reason,3fe50d476c60c86b8766525ba9d1c0a4b5d53d88d97714435236ae3b2efc4be3,eastmoney_limit_up,201792173.0,True
2026-09-03,恒盛能源,turnover,bfbbbcd6a88bc34cea8b2a3d17734a75bcf69f02d69388468d5a3c618d6b5281,ths_hot_reason,639b2e08139641b6b25feb7c0360ec7ab8ae35570353bd4a46b1cde91d7a0c2b,eastmoney_limit_up,159683685.0,True
2026-09-03,珠免集团,turnover,be52699e7eb909eae665c1b4ea66f49936faf4b26df2af2d6cf2cdc33bd15773,ths_hot_reason,4bb094d1b793e17bfe159a12e2a72322fa526b368d04f9f197fa01fa5b9143a7,eastmoney_limit_up,289260752.0,True
2026-09-03,华盛昌,turnover,31ce4470e22d3febd1182b9f3a37cfc8d8b7e7c65698012d78a63da1803c5a10,ths_hot_reason,082e637995a5bce8bb96a68a40d44e0787f3d2e28d89b64f678f05184234dca0,eastmoney_limit_up,1558886128.0,True
2026-09-03,龙版传媒,turnover,5c08816719014d19b2b72c54628abf6c109cbf318d40716333cf61003adc5e16,ths_hot_reason,b93347a39d436b10c8ad92f3615618aaa05ec495e4aaa55f7907970ed4c959f2,eastmoney_limit_up,675954656.0,True
2026-09-03,太阳电缆,turnover,70e3e6a43f44d7c468b764d7aff3bd645c4c6b022ce3d03e5bd7e2fea9bd120e,ths_hot_reason,e59ed933f08c0445f72285a94ae1d9497386a94fdc0c81c6f6eaa37a473dfa85,eastmoney_limit_up,486964768.0,True
2026-09-03,国芳集团,turnover,d4adf878da13d53bc7efbf7956bc19c855d19859dd1697fa13cc503c3c13644f,ths_hot_reason,0047547bdd1dde13dab18866347ece20e442dc5a3cc2f26f0049d639b049c190,eastmoney_limit_up,712550784.0,True
2026-09-08,出版传媒,turnover,ad57c722dcb4b015dc12ac010b4776de10548bd8321bbf285b439f941cf77224,ths_hot_reason,e1183641d2b64c6e4089d852d83d874407f7f0b7c490456dd733116bdecf90c6,eastmoney_limit_up,606279264.0,True
2026-09-08,金牛化工,turnover,3d41d9ca36e00ad11142e9351c16f3d14111b46e265ee0657ae147d14f1e2748,ths_hot_reason,bdcb8ced8f29ef6d37bc264ea002063ef818076f48f76e4dbcb9e34403984a3c,eastmoney_limit_up,2969451968.0,True
2026-09-08,大连友谊,turnover,691e5b9b50f1fe1abd482f2036ae04355d36ce68c74b4e26c8d547a2a2f7b2b7,ths_hot_reason,f6a3fd89c69509db08170c919761cb2b55483b619faaec539ee240c92fb9bf59,eastmoney_limit_up,110322664.0,True
2026-09-08,中曼石油,turnover,d6b19b478b7a2cb313aae7b5438c75bdaf1e39c1245dc07400dbc3a21650b16c,ths_hot_reason,7132243c142ddf744e8c0da0134f525ef3e2711947288b72aae701a2911bd585,eastmoney_limit_up,1139521968.0,True
2026-09-08,澳洋健康,turnover,041e121ea48e9232bd617cc32fcaf09be508b58880a7efa77fa7d38fe387cb85,ths_hot_reason,82226fe69f1a50ac63dff526808f6fd82901312a3a9f372c2e7ad05f0ad585ad,eastmoney_limit_up,816754592.0,True
2026-09-08,合众思壮,turnover,892ff28c106b33dc8aef53c8f6b740056c6e0a2b5af3ca6d4a405f1950589fe8,ths_hot_reason,9e7cf2181ac1bcc0c0144b3e9f4d9a948f7596f1e32e1098558879d2c388b55c,eastmoney_limit_up,282833520.0,True
2026-09-08,精华制药,turnover,a73ddffae792f1289a8cf0f8e699064a62206a0b6ffe2731887c4e32a5d0f9af,ths_hot_reason,75b5729ac9a32a1c11d271e0449d2ab22db703d0dfaca508c8ba4868390a9c37,eastmoney_limit_up,670654640.0,True
2026-09-08,世联行,turnover,0d25dcded35bec1a34161c0a5ccdd58a1b076fad9af55aa1d6926531010f7b34,ths_hot_reason,e1bb12574216024eb5e5cc60c85e4901117d583027b759f0c76652b9e787739e,eastmoney_limit_up,394771728.0,True
2026-09-08,华昌化工,turnover,c4108af2c5c4ac6e8d02042fa938e6a5090ab435af9f8cfc5df192fe474f6b6c,ths_hot_reason,66cf000e4a3dc88493dc6b756995b435f7eb5a659a70cecd808029d38f1ca6be,eastmoney_limit_up,498583872.0,True
2026-09-08,上海电影,turnover,eacc56e3de7a608321daf21ed190f65302c24cda804cdf1b3b5aa6caeec3e5a3,ths_hot_reason,b84665de0d6fff01279da3282b7576d1eeb13eabdeaf28131c72e4353636a810,eastmoney_limit_up,1010296640.0,True
2026-09-08,我爱我家,turnover,0df570893b19b2a1b497f4289859272848d8e9cacd6794460465550eea127719,ths_hot_reason,82bd75eef01f7a9a712b62de70f5299b09ead22bffb20684c4d72cd6d6cda675,eastmoney_limit_up,2179212480.0,True
2026-09-08,盈新发展,turnover,072e5fd4c3383031f3e44c2cd673ba8b88cd9c8fcf3615d01fdfecd65a9ea320,ths_hot_reason,e836e2689141aca526326dabb3e574308a7d3f774d43e75245a67f358fb263df,eastmoney_limit_up,1826275840.0,True
2026-09-08,和顺石油,turnover,440f728d13decd22f816637b1c18b350a9af952020df9d3e55d449ef51f714db,ths_hot_reason,ab759804f4a3518f0fc7ce986aacaacb5e1e50c9eccd332324a7b2d0d342db24,eastmoney_limit_up,501227472.0,True
2026-09-08,香江控股,turnover,dbc929cef913a9b1809637b84411f48732d4129179bb1f2799fe9b54f504a9d7,ths_hot_reason,5cc7bc82ecdbc3704ee00958d9c8d46dc5f983af25f972af12c0ff3dd7de5e8d,eastmoney_limit_up,974427216.0,True
2026-09-08,云煤能源,turnover,ff84b1c3cfc75db5d568d0247f788794728448b759796844c2d08fba3dffb09a,ths_hot_reason,00aba784e23f46ec34462cb6db215b4a11794b4ff8054a6253985af2c689d946,eastmoney_limit_up,215516085.0,True
2026-09-08,华盛昌,turnover,e3598d390a1677c7147ffb72bb1ca32dbff301e2d56e80f33419400ea1a73b60,ths_hot_reason,cfaed0b692edc96ffc2926415d8d3186bb1e02b8be9ac135f85b763fdb8067cb,eastmoney_limit_up,2288500800.0,True
2026-09-08,慈文传媒,turnover,2107a488f4e7936724a4f47aff5defd3e7b3d2f6663f29f47eec6b3efbf0afb2,ths_hot_reason,ff1613e76d2d7a3593fe33f35df0bd6b25d345492b8030888e19652fa61464d1,eastmoney_limit_up,280410624.0,True
2026-09-08,深物业A,turnover,fabf7fd2371661b1193dafe9884b870a9a8a98611258bd7b4b28f417f1416e06,ths_hot_reason,d6b478b34328c1b494eb7b7ffc614501b07bec0833372a6d0c4059a267eba91d,eastmoney_limit_up,322931840.0,True
2026-09-08,新华都,turnover,181358bcb9ffa2ebe1ede24f04b45255d2b0ff3b56cee42b551af35b5f38a6c1,ths_hot_reason,3149f6591d874fb1e53abb4674b46cf1627721ec813e9fe6ebbdc36f907a9d3c,eastmoney_limit_up,312197680.0,True
2026-09-08,武汉凡谷,turnover,cc186f06e921a7d161a26fbb0a718ecd3bbee65c19223f8501a3efbebfbd4731,ths_hot_reason,acec66b54e09839c41d268b30134ab50a503406885dbeaf4317dbebe995a59a7,eastmoney_limit_up,572503984.0,True
2026-09-08,热威股份,turnover,09e0bf1f5eba53446c0c498b419ef7117105105030368914734c8547656bbf44,ths_hot_reason,bedd4141eb74cabc942f90fec61b30749e5b901b82adc3f87ca5b2ee90a1ae49,eastmoney_limit_up,120839226.0,True
2026-09-08,中信出版,turnover,d4741497d2dbf6006b7fef3eb12450b5693df9e997a975e06777c1680de9e78f,ths_hot_reason,4efe56a29f55bfa1cc202456f477c52fcfe5cc2426e5c8eabb871ad83d8a3f63,eastmoney_limit_up,474235856.0,True
2026-09-08,精艺股份,turnover,689d22d32d2b54760ddbaf6aa866f24a4ca0688032ecd7614ec9d939b7d2b081,ths_hot_reason,88e782576d9d27fd38fb0d2f030a543c811d431b8bc8e15aabd4624784f5b47f,eastmoney_limit_up,180588436.0,True
2026-09-08,中国出版,turnover,937cf3defab8dfebbffdbfe0aa96c1d4fb9b4534e357fea72d715f02fc3346ed,ths_hot_reason,267f7db33e8de99a1f0fc541b7335f979be377660f0b029558d54a789ddfda40,eastmoney_limit_up,378918384.0,True
2026-09-08,中百集团,turnover,d8a80050d7611bcbf142d2733568cbce18a326be744f714661ba365c61dc04c1,ths_hot_reason,22ebd7c3f2b7927f9ec01d4758ca5015ba2137696d0bfbefd75faa7c2d1152a4,eastmoney_limit_up,454765152.0,True
2026-09-08,桂林旅游,turnover,73d85eb36dd926bc160ce92be109854501ba2825f540a73c8b7221d127f2548b,ths_hot_reason,e3a32eb6d4a1aabeb1a80d4ebef68f9b2814526bfc0366df7ef3f9bcda613992,eastmoney_limit_up,204578866.0,True
2026-09-08,华脉科技,turnover,03618a92da1ad2284eb2ebc3880f2dea3f1124d984867cdc8a0285b59b1071e6,ths_hot_reason,ec0e2adbf974feac8986629a31c846f9c1f82e0f738c1dc0de01820bdad1c08e,eastmoney_limit_up,112590112.0,True
2026-09-08,百大集团,turnover,96640e0c7ecd85a9b0e801d61f5dfa39d3774bda239eadf55a46cf15138c7513,ths_hot_reason,1946bf593d7ecaf7780e1eb3e41865f2de5255e990c7467f325a5976cb423060,eastmoney_limit_up,58836892.0,True
2026-09-08,爱仕达,turnover,417040dc5658f8d48bd801662efcd4544bbe8088f55c4de0f9046d165cb16435,ths_hot_reason,781bb7a3d33a5203ecbf1c43b05772c414ef9b0b30876fd9a2b36d8a7fbd629e,eastmoney_limit_up,592205184.0,True
2026-09-08,读者传媒,turnover,48edadc8cabc9472e557c771b07bb1c0581007ed6b1b5a343b8575c48e2c613a,ths_hot_reason,b93a67b521143106357f2c14374dad259f2a96522d7788af84ee66affffdc5c3,eastmoney_limit_up,69140110.0,True
2026-09-09,远东股份,turnover,b1586f008a052d94106fdceab966cbd136d1873f842a26adad80d63ab187d2d4,ths_hot_reason,ba2b3399a79a2138d968e08b9e791b23588f9df31e14f3ed4d243cc5980e6918,eastmoney_limit_up,7371147008.0,True
2026-09-09,湖南黄金,turnover,774de1046f31511e40440fc70e024dc5140a8122ed1fb770c4d5d636765997c6,ths_hot_reason,5073ed5246abd7fdf66dce1278d50dba9a29b11798698b319f984a92b64cc296,eastmoney_limit_up,4053062624.0,True
2026-09-09,新中港,turnover,e1d0ec8b67f8979604df5d217d418a4075041a8fffd55855a92d1a139859b263,ths_hot_reason,1cc333d52f011a5a425de757d155a2cf48b281367c8504b352957ae24e17ef2d,eastmoney_limit_up,697972960.0,True
2026-09-09,桂林旅游,turnover,84674f417ab289db0b036411053f7b7d8857453ba8fa1a802a5f19b009e217cc,ths_hot_reason,907945d3e14cfc83446476a262ba0301b14b5065240723f6cb88350a2882f681,eastmoney_limit_up,1009111008.0,True
2026-09-09,郑州煤电,turnover,78c763847c63eca7d5373b907d87afd0ff768a2e8c045120e38ec1fd4d0b0cfa,ths_hot_reason,85a574720f2b8326f7dc3ee341d39148e6c652c66fd09bce630cfd93fed51f78,eastmoney_limit_up,1165089408.0,True
2026-09-09,闽东电力,turnover,3c65bc81d99174477bab653b83e8f49003acd761cebe04faf6f4e985ff0b0452,ths_hot_reason,ac8e024d36ae52f50d2a45bffc04edf67afcd2a45d3f052983e567e89bc3b66b,eastmoney_limit_up,327480752.0,True
2026-09-09,云煤能源,turnover,6aff221fccb46b58723ee9f2e278212becc5d7b4d0c08e196cd2f2d727c98ea7,ths_hot_reason,5d365a996185c55928cc9f590a3ca825677c64e73e5d1efa74e2a5e7cbee60a4,eastmoney_limit_up,539145008.0,True
2026-09-09,长城电工,turnover,e39e0c7c5a3a198b5fad4172fedd78c111290982537da7ce3a9972a8ab788723,ths_hot_reason,0a252240cb2536882af7937339e2281eacfbca74c86ac4eff51ba0b6a88714f4,eastmoney_limit_up,237057143.0,True
2026-09-09,友好集团,turnover,0684b0ec0c4839a42fc2f0a4dde1a70ea4f0638a24bb4cdd9f2f5c54e4a975b7,ths_hot_reason,b52838df2e74096f1432cf6366a99ebe739e78d11e2b9594dbc05224b4186288,eastmoney_limit_up,285223952.0,True
2026-09-09,大有能源,turnover,1aff632cf3ba6b72a91e77fa1b9fd7f6be96a9f643f373995e618e3266e04bbc,ths_hot_reason,c1f8ce624648afe4df67fd24ca82eab5e6c37693dba907d52a596c85bb2a2b73,eastmoney_limit_up,1083284272.0,True
2026-09-09,中百集团,turnover,81461cf3c8c778cc2dcdeb638e08415eecde374e820fcb6e798991aec5096e7f,ths_hot_reason,34a966288bdbb3402df4725513a26b4eb661139d445828ee12485987576e7aa6,eastmoney_limit_up,1541911504.0,True
2026-09-09,会稽山,turnover,7bfdf2917ee4ece14c1c0fa464c59a6ab9177e78117fdc672d4b66383f7e0a33,ths_hot_reason,46a27390443d4919fdb922903f88a0a0f9f43910206b86a9daf5c0db2c8d8793,eastmoney_limit_up,819278144.0,True
2026-09-09,精华制药,turnover,3864dd97dcbda7a79b51c72c31cbe8b2204ceca0a3208119e40e8bdfc22ee0d6,ths_hot_reason,242549e14866693db7e1ae8eae2ead3a69a0217be1d27cf2d840e25b26b30920,eastmoney_limit_up,1083827408.0,True
2026-09-09,鑫科材料,turnover,8de6fdaa00d311f8e590c31ec80e424de7d656f903ad409f8687d68fc7b4977b,ths_hot_reason,225523376fc07fb4fc72c0995786937b4fd82b368c06e3d9a76ae3b72d571e07,eastmoney_limit_up,595074368.0,True
2026-09-09,百大集团,turnover,c40abd83c369bf673e0960080f76c51c5cfeed519f52176c5a95b5d89e38032f,ths_hot_reason,9c9c25607b01f22053cb0a65c5a377adc04f0b1fe1684df6ae4b3ca169632fb8,eastmoney_limit_up,1038728608.0,True
2026-09-09,鼎信通讯,turnover,37e9d1c03f9378ceeae57b4516334f8c8a0631e4c3fcc04c8f6d6b4b380dfd2c,ths_hot_reason,c2fe8be6f054da4f38921634d99f8206516896e33851b475e7910edbc876ba89,eastmoney_limit_up,176790298.0,True
2026-09-09,大港股份,turnover,3301e442e711809b18bbfc8f86e6e2218f03f73623b5d4fe3e84942430babac3,ths_hot_reason,b14fde20f92d19e7c5857bd227848bac260d3d85cbec85aa6b8b69bf010dd70a,eastmoney_limit_up,1129163504.0,True
2026-09-09,精艺股份,turnover,41e2e740d54279086886ed2c984b70fc7052be9450ca9057cbf5f471951f57f7,ths_hot_reason,8426015abbb94997b9fc94433331867d35ab4286a4b72735ebfa2d493851b242,eastmoney_limit_up,84449026.0,True
2026-09-09,华脉科技,turnover,af6c142fbbb8e262f7c121ba76c94b7e48d21849a3a78433792f6d011dec604b,ths_hot_reason,a504b844273089843e7eca73a3e92026cb5a156cbf75904d5e47b94f0bf59912,eastmoney_limit_up,85302857.0,True
2026-09-10,华金资本,turnover,2f8082f81a3def411b56779a9b210e8452138cce9fb234816b7a2eebee678ac9,ths_hot_reason,76d332ac6c8ab465b7d2429d482661e31841e6a3d80cd16c879c585055c0013d,eastmoney_limit_up,148934013.0,False
2026-09-10,京基智农,turnover,febe9eb1ec568b3b05fc4c27510b464e00e113baf4819e355b2a1fbdeadfa644,ths_hot_reason,0a9e791ca15b114a7547792dcd0acc493ab595a4c9f0478514c405c659b13258,eastmoney_limit_up,624024576.0,True
2026-09-10,乐山电力,turnover,e450cc7f7d52ec16ba9a77074aee16c6cbe3ba99557d53686cbce0e3ed489894,ths_hot_reason,4e0778098dfc362af69dd78fc68c84f336f1f33abed99c8948e235f9a208591b,eastmoney_limit_up,763723520.0,True
2026-09-10,南宁百货,turnover,72607cc3a098ff019fa416c25d79eb4590bb438255a2836aff4ce5282a42a9de,ths_hot_reason,c2061f2e35059bd805028b77f74defd67cbb753a4a32154406bc4870ca3de9ca,eastmoney_limit_up,464736352.0,True
2026-09-10,天顺风能,turnover,7d4871110e1214f2641d6581cabc418a3e063442c470bdd782971bf52e87d743,ths_hot_reason,0c77327d5a2d7d0aeb3b61a057f4210c849225b772374280e18dc8b83ee816a7,eastmoney_limit_up,486529232.0,True
2026-09-10,游族网络,turnover,b397c3de53a4d4dca733aef9e888e945705294c87ed08e531c9f98db1c1220d8,ths_hot_reason,78ecb92631319bd65bcbfc4241434175084d163ac0208593e7f1b6bc48e5a79e,eastmoney_limit_up,1298613680.0,True
2026-09-10,华银电力,turnover,63058266082c548dd13cb74fca47bef913212c71f0e7061df393477b2d5b10e7,ths_hot_reason,6612ee0758e3535e1961859f7af9d41f12befe6554bd24745d43bdc6fa8b67b0,eastmoney_limit_up,1336745376.0,True
2026-09-10,百迈科,turnover,13d0fa9bcce241b669e003374f250de6e57634e23210ffb8cc263b1cce5cf1d5,ths_hot_reason,f295563e90e5f0515dc731f028a06156cc3a702e4111fbc4dd743ebfe46aa2ce,eastmoney_limit_up,261700744.0,True
2026-09-10,湖南发展,turnover,ac7944cbb84a3735102cc0a847714f608dac01ea2373906191a6e650a360c2a1,ths_hot_reason,be21b5c6a9fdb3a998891ccd6ae0f3f37e2441b4ee148c7908101885f8a5621e,eastmoney_limit_up,455220144.0,True
2026-09-10,芯能科技,turnover,05e30bd632612118b9431c5444ba81184a2503bc950d7995bde686d2795f50f1,ths_hot_reason,9eb7b4629bf80804710c1d951135343a9337c8730f25a628fe5c496af004a87e,eastmoney_limit_up,256112593.0,True
2026-09-10,环旭电子,turnover,3fb5568478902191c956d2ba12125048e4074745583a40846ff03f2f25b6c502,ths_hot_reason,424a669cd0906e9ab5ed981c231fc5fddf863bc590f53c55e2d684b51516ce29,eastmoney_limit_up,1025159552.0,True
2026-09-10,闽东电力,turnover,f27013e05de4a2454629d254eb56e9f2bbfa1b810fadcf8df89b47d349d6159d,ths_hot_reason,f0bb2555b2305f3e75f6a1cba18c16fed8bc82b566076ef085b92885288f0568,eastmoney_limit_up,678574304.0,True
2026-09-10,鼎信通讯,turnover,2e8ad5373f820c06939923a258887b1c1ec36d23e0186b2b7569bc46fec3220c,ths_hot_reason,39e8ff7b71c2223ea40bf69a40eddea31489eb645e1aefd411a48c86952abc60,eastmoney_limit_up,326814896.0,True
2026-09-10,诚邦股份,turnover,d5c4de48db0abdf23f942f949e7835d8cdfd42d52f2ec1941c56f7818da19c66,ths_hot_reason,f80714fd208d0c1fa5cac4c2ae272076179ace8e21f2d0fab8f9a6dc566b845c,eastmoney_limit_up,287249280.0,True
2026-09-10,克明食品,turnover,0fe56e76d6ff170c9d2ba62f2c0911d8c517699dcf91ac235ea81b0b2620db56,ths_hot_reason,c8c51f7095e26453c7b29eb015ceca28ee494d434354f006f278ca9fbc7cd42d,eastmoney_limit_up,388581056.0,True
2026-09-10,云煤能源,turnover,94f7bde10c56d37f3b64eadcc264e8739545aa1b27b8862f31f0230f4ea24a24,ths_hot_reason,1704c3aad4c1f01a1f172542e747eda3f117867a59155ef1e16122fab5fef132,eastmoney_limit_up,833949008.0,True
2026-09-10,长城电工,turnover,3c57d9c0c5e6a1d40fad4929d856eb6a909cf872c1000963fde05ebca92dc3ba,ths_hot_reason,a7ead9777b68590a61518a152d3a099eb86651bf4a695fb9085d91c9767516cf,eastmoney_limit_up,420774928.0,True
2026-09-10,新农开发,turnover,791a00f5c57bf174dd82eab3b82ffc75112ebf4dba997bb94bd47ffd1f4a29e7,ths_hot_reason,5362535782ad26f9e61cd1f7a43134ba82495ed20eaac58007a528791a240c96,eastmoney_limit_up,385379648.0,True
2026-09-10,新力金融,turnover,52536670199ad147fc92ae1269fefa6f171b6ee50291c0f100409c0af47d437d,ths_hot_reason,04c85c254ea0debc60f456d092ebdb5ad875d5c8adf1691a606da62f97d1b7bf,eastmoney_limit_up,920574928.0,True
2026-09-10,津药药业,turnover,7fb888af5d6051e9a497ca8cc3a03d37a9fc6195fdceb07919448aa10f964539,ths_hot_reason,b60a7054df9be87a77d62b98c9c8c71d4c06329aecd91bc73418733369045a3e,eastmoney_limit_up,1110881584.0,True
2026-09-10,桂林旅游,turnover,9e9b6078a60e7c61c69b2701959fc3812addfe3dfed9ba9df760bbc365a8daee,ths_hot_reason,383926a9bd2b9cde336e0e5df83b45922015b0c2558377a576858f3e7035eaec,eastmoney_limit_up,771858384.0,True
