,baseline,rank5_1d,rank5_2d,gap3_1d,gap3_2d,gap5_1d,gap5_2d,gap10_1d,gap10_2d,rank8_gap5_1d,rank8_gap5_2d,top1_gap5_1d,top1_gap5_2d
2018-07-02,100000.0,100000.0,100000.0,100000.0,100000.0,100000.0,100000.0,100000.0,100000.0,100000.0,100000.0,100000.0,100000.0
2018-07-03,100003.07849315068,100003.07849315068,100003.07849315068,100003.07849315068,100003.07849315068,100003.07849315068,100003.07849315068,100003.07849315068,100003.07849315068,100003.07849315068,100003.07849315068,100003.07849315068,100003.07849315068
2018-07-04,100006.18808219177,100006.18808219177,100006.18808219177,100006.18808219177,100006.18808219177,100006.18808219177,100006.18808219177,100006.18808219177,100006.18808219177,100006.18808219177,100006.18808219177,100006.18808219177,100006.18808219177
2018-07-05,100009.29767123287,100009.29767123287,100009.29767123287,100009.29767123287,100009.29767123287,100009.29767123287,100009.29767123287,100009.29767123287,100009.29767123287,100009.29767123287,100009.29767123287,100009.29767123287,100009.29767123287
2018-07-06,100012.40726027396,100012.40726027396,100012.40726027396,100012.40726027396,100012.40726027396,100012.40726027396,100012.40726027396,100012.40726027396,100012.40726027396,100012.40726027396,100012.40726027396,100012.40726027396,100012.40726027396
2018-07-09,100023.73602739724,100023.73602739724,100023.73602739724,100023.73602739724,100023.73602739724,100023.73602739724,100023.73602739724,100023.73602739724,100023.73602739724,100023.73602739724,100023.73602739724,100023.73602739724,100023.73602739724
2018-07-10,100026.84561643834,100026.84561643834,100026.84561643834,100026.84561643834,100026.84561643834,100026.84561643834,100026.84561643834,100026.84561643834,100026.84561643834,100026.84561643834,100026.84561643834,100026.84561643834,100026.84561643834
2018-07-11,100029.95520547943,100029.95520547943,100029.95520547943,100029.95520547943,100029.95520547943,100029.95520547943,100029.95520547943,100029.95520547943,100029.95520547943,100029.95520547943,100029.95520547943,100029.95520547943,100029.95520547943
2018-07-12,100033.06479452053,100033.06479452053,100033.06479452053,100033.06479452053,100033.06479452053,100033.06479452053,100033.06479452053,100033.06479452053,100033.06479452053,100033.06479452053,100033.06479452053,100033.06479452053,100033.06479452053
2018-07-13,100036.17438356162,100036.17438356162,100036.17438356162,100036.17438356162,100036.17438356162,100036.17438356162,100036.17438356162,100036.17438356162,100036.17438356162,100036.17438356162,100036.17438356162,100036.17438356162,100036.17438356162
2018-07-16,100047.5031506849,100047.5031506849,100047.5031506849,100047.5031506849,100047.5031506849,100047.5031506849,100047.5031506849,100047.5031506849,100047.5031506849,100047.5031506849,100047.5031506849,100047.5031506849,100047.5031506849
2018-07-17,100050.612739726,100050.612739726,100050.612739726,100050.612739726,100050.612739726,100050.612739726,100050.612739726,100050.612739726,100050.612739726,100050.612739726,100050.612739726,100050.612739726,100050.612739726
2018-07-18,100053.7223287671,100053.7223287671,100053.7223287671,100053.7223287671,100053.7223287671,100053.7223287671,100053.7223287671,100053.7223287671,100053.7223287671,100053.7223287671,100053.7223287671,100053.7223287671,100053.7223287671
2018-07-19,100056.83191780819,100056.83191780819,100056.83191780819,100056.83191780819,100056.83191780819,100056.83191780819,100056.83191780819,100056.83191780819,100056.83191780819,100056.83191780819,100056.83191780819,100056.83191780819,100056.83191780819
2018-07-20,100059.94150684928,100059.94150684928,100059.94150684928,100059.94150684928,100059.94150684928,100059.94150684928,100059.94150684928,100059.94150684928,100059.94150684928,100059.94150684928,100059.94150684928,100059.94150684928,100059.94150684928
2018-07-23,100071.27027397256,100071.27027397256,100071.27027397256,100071.27027397256,100071.27027397256,100071.27027397256,100071.27027397256,100071.27027397256,100071.27027397256,100071.27027397256,100071.27027397256,100071.27027397256,100071.27027397256
2018-07-24,100074.37986301366,100074.37986301366,100074.37986301366,100074.37986301366,100074.37986301366,100074.37986301366,100074.37986301366,100074.37986301366,100074.37986301366,100074.37986301366,100074.37986301366,100074.37986301366,100074.37986301366
2018-07-25,100077.48945205475,100077.48945205475,100077.48945205475,100077.48945205475,100077.48945205475,100077.48945205475,100077.48945205475,100077.48945205475,100077.48945205475,100077.48945205475,100077.48945205475,100077.48945205475,100077.48945205475
2018-07-26,100080.59904109585,100080.59904109585,100080.59904109585,100080.59904109585,100080.59904109585,100080.59904109585,100080.59904109585,100080.59904109585,100080.59904109585,100080.59904109585,100080.59904109585,100080.59904109585,100080.59904109585
2018-07-27,100083.70863013694,100083.70863013694,100083.70863013694,100083.70863013694,100083.70863013694,100083.70863013694,100083.70863013694,100083.70863013694,100083.70863013694,100083.70863013694,100083.70863013694,100083.70863013694,100083.70863013694
2018-07-30,100095.03739726022,100095.03739726022,100095.03739726022,100095.03739726022,100095.03739726022,100095.03739726022,100095.03739726022,100095.03739726022,100095.03739726022,100095.03739726022,100095.03739726022,100095.03739726022,100095.03739726022
2018-07-31,100098.14698630132,100098.14698630132,100098.14698630132,100098.14698630132,100098.14698630132,100098.14698630132,100098.14698630132,100098.14698630132,100098.14698630132,100098.14698630132,100098.14698630132,100098.14698630132,100098.14698630132
2018-08-01,100101.25657534241,100101.25657534241,100101.25657534241,100101.25657534241,100101.25657534241,100101.25657534241,100101.25657534241,100101.25657534241,100101.25657534241,100101.25657534241,100101.25657534241,100101.25657534241,100101.25657534241
2018-08-02,100104.36616438351,100104.36616438351,100104.36616438351,100104.36616438351,100104.36616438351,100104.36616438351,100104.36616438351,100104.36616438351,100104.36616438351,100104.36616438351,100104.36616438351,100104.36616438351,100104.36616438351
2018-08-03,100107.4757534246,100107.4757534246,100107.4757534246,100107.4757534246,100107.4757534246,100107.4757534246,100107.4757534246,100107.4757534246,100107.4757534246,100107.4757534246,100107.4757534246,100107.4757534246,100107.4757534246
2018-08-06,100118.80452054788,100118.80452054788,100118.80452054788,100118.80452054788,100118.80452054788,100118.80452054788,100118.80452054788,100118.80452054788,100118.80452054788,100118.80452054788,100118.80452054788,100118.80452054788,100118.80452054788
2018-08-07,100121.91410958898,100121.91410958898,100121.91410958898,100121.91410958898,100121.91410958898,100121.91410958898,100121.91410958898,100121.91410958898,100121.91410958898,100121.91410958898,100121.91410958898,100121.91410958898,100121.91410958898
2018-08-08,100125.02369863007,100125.02369863007,100125.02369863007,100125.02369863007,100125.02369863007,100125.02369863007,100125.02369863007,100125.02369863007,100125.02369863007,100125.02369863007,100125.02369863007,100125.02369863007,100125.02369863007
2018-08-09,100128.13328767117,100128.13328767117,100128.13328767117,100128.13328767117,100128.13328767117,100128.13328767117,100128.13328767117,100128.13328767117,100128.13328767117,100128.13328767117,100128.13328767117,100128.13328767117,100128.13328767117
2018-08-10,100131.24287671226,100131.24287671226,100131.24287671226,100131.24287671226,100131.24287671226,100131.24287671226,100131.24287671226,100131.24287671226,100131.24287671226,100131.24287671226,100131.24287671226,100131.24287671226,100131.24287671226
2018-08-13,100142.57164383554,100142.57164383554,100142.57164383554,100142.57164383554,100142.57164383554,100142.57164383554,100142.57164383554,100142.57164383554,100142.57164383554,100142.57164383554,100142.57164383554,100142.57164383554,100142.57164383554
2018-08-14,100145.68123287664,100145.68123287664,100145.68123287664,100145.68123287664,100145.68123287664,100145.68123287664,100145.68123287664,100145.68123287664,100145.68123287664,100145.68123287664,100145.68123287664,100145.68123287664,100145.68123287664
2018-08-15,100148.79082191773,100148.79082191773,100148.79082191773,100148.79082191773,100148.79082191773,100148.79082191773,100148.79082191773,100148.79082191773,100148.79082191773,100148.79082191773,100148.79082191773,100148.79082191773,100148.79082191773
2018-08-16,100151.90041095883,100151.90041095883,100151.90041095883,100151.90041095883,100151.90041095883,100151.90041095883,100151.90041095883,100151.90041095883,100151.90041095883,100151.90041095883,100151.90041095883,100151.90041095883,100151.90041095883
2018-08-17,100155.00999999992,100155.00999999992,100155.00999999992,100155.00999999992,100155.00999999992,100155.00999999992,100155.00999999992,100155.00999999992,100155.00999999992,100155.00999999992,100155.00999999992,100155.00999999992,100155.00999999992
2018-08-20,100166.3387671232,100166.3387671232,100166.3387671232,100166.3387671232,100166.3387671232,100166.3387671232,100166.3387671232,100166.3387671232,100166.3387671232,100166.3387671232,100166.3387671232,100166.3387671232,100166.3387671232
2018-08-21,100169.4483561643,100169.4483561643,100169.4483561643,100169.4483561643,100169.4483561643,100169.4483561643,100169.4483561643,100169.4483561643,100169.4483561643,100169.4483561643,100169.4483561643,100169.4483561643,100169.4483561643
2018-08-22,100172.5579452054,100172.5579452054,100172.5579452054,100172.5579452054,100172.5579452054,100172.5579452054,100172.5579452054,100172.5579452054,100172.5579452054,100172.5579452054,100172.5579452054,100172.5579452054,100172.5579452054
2018-08-23,100175.66753424649,100175.66753424649,100175.66753424649,100175.66753424649,100175.66753424649,100175.66753424649,100175.66753424649,100175.66753424649,100175.66753424649,100175.66753424649,100175.66753424649,100175.66753424649,100175.66753424649
2018-08-24,100178.77712328758,100178.77712328758,100178.77712328758,100178.77712328758,100178.77712328758,100178.77712328758,100178.77712328758,100178.77712328758,100178.77712328758,100178.77712328758,100178.77712328758,100178.77712328758,100178.77712328758
2018-08-27,100190.10589041086,100190.10589041086,100190.10589041086,100190.10589041086,100190.10589041086,100190.10589041086,100190.10589041086,100190.10589041086,100190.10589041086,100190.10589041086,100190.10589041086,100190.10589041086,100190.10589041086
2018-08-28,100193.21547945196,100193.21547945196,100193.21547945196,100193.21547945196,100193.21547945196,100193.21547945196,100193.21547945196,100193.21547945196,100193.21547945196,100193.21547945196,100193.21547945196,100193.21547945196,100193.21547945196
2018-08-29,100196.32506849305,100196.32506849305,100196.32506849305,100196.32506849305,100196.32506849305,100196.32506849305,100196.32506849305,100196.32506849305,100196.32506849305,100196.32506849305,100196.32506849305,100196.32506849305,100196.32506849305
2018-08-30,100199.43465753415,100199.43465753415,100199.43465753415,100199.43465753415,100199.43465753415,100199.43465753415,100199.43465753415,100199.43465753415,100199.43465753415,100199.43465753415,100199.43465753415,100199.43465753415,100199.43465753415
2018-08-31,100202.54424657524,100202.54424657524,100202.54424657524,100202.54424657524,100202.54424657524,100202.54424657524,100202.54424657524,100202.54424657524,100202.54424657524,100202.54424657524,100202.54424657524,100202.54424657524,100202.54424657524
2018-09-03,100213.87301369853,100213.87301369853,100213.87301369853,100213.87301369853,100213.87301369853,100213.87301369853,100213.87301369853,100213.87301369853,100213.87301369853,100213.87301369853,100213.87301369853,100213.87301369853,100213.87301369853
2018-09-04,100216.98260273962,100216.98260273962,100216.98260273962,100216.98260273962,100216.98260273962,100216.98260273962,100216.98260273962,100216.98260273962,100216.98260273962,100216.98260273962,100216.98260273962,100216.98260273962,100216.98260273962
2018-09-05,100220.09219178071,100220.09219178071,100220.09219178071,100220.09219178071,100220.09219178071,100220.09219178071,100220.09219178071,100220.09219178071,100220.09219178071,100220.09219178071,100220.09219178071,100220.09219178071,100220.09219178071
2018-09-06,100223.20178082181,100223.20178082181,100223.20178082181,100223.20178082181,100223.20178082181,100223.20178082181,100223.20178082181,100223.20178082181,100223.20178082181,100223.20178082181,100223.20178082181,100223.20178082181,100223.20178082181
2018-09-07,100226.3113698629,100226.3113698629,100226.3113698629,100226.3113698629,100226.3113698629,100226.3113698629,100226.3113698629,100226.3113698629,100226.3113698629,100226.3113698629,100226.3113698629,100226.3113698629,100226.3113698629
2018-09-10,100237.64013698619,100237.64013698619,100237.64013698619,100237.64013698619,100237.64013698619,100237.64013698619,100237.64013698619,100237.64013698619,100237.64013698619,100237.64013698619,100237.64013698619,100237.64013698619,100237.64013698619
2018-09-11,100240.74972602728,100240.74972602728,100240.74972602728,100240.74972602728,100240.74972602728,100240.74972602728,100240.74972602728,100240.74972602728,100240.74972602728,100240.74972602728,100240.74972602728,100240.74972602728,100240.74972602728
2018-09-12,100243.85931506837,100243.85931506837,100243.85931506837,100243.85931506837,100243.85931506837,100243.85931506837,100243.85931506837,100243.85931506837,100243.85931506837,100243.85931506837,100243.85931506837,100243.85931506837,100243.85931506837
2018-09-13,100246.96890410947,100246.96890410947,100246.96890410947,100246.96890410947,100246.96890410947,100246.96890410947,100246.96890410947,100246.96890410947,100246.96890410947,100246.96890410947,100246.96890410947,100246.96890410947,100246.96890410947
2018-09-14,100250.07849315056,100250.07849315056,100250.07849315056,100250.07849315056,100250.07849315056,100250.07849315056,100250.07849315056,100250.07849315056,100250.07849315056,100250.07849315056,100250.07849315056,100250.07849315056,100250.07849315056
2018-09-17,100261.40726027385,100261.40726027385,100261.40726027385,100261.40726027385,100261.40726027385,100261.40726027385,100261.40726027385,100261.40726027385,100261.40726027385,100261.40726027385,100261.40726027385,100261.40726027385,100261.40726027385
2018-09-18,100264.51684931494,100264.51684931494,100264.51684931494,100264.51684931494,100264.51684931494,100264.51684931494,100264.51684931494,100264.51684931494,100264.51684931494,100264.51684931494,100264.51684931494,100264.51684931494,100264.51684931494
2018-09-19,100267.62643835603,100267.62643835603,100267.62643835603,100267.62643835603,100267.62643835603,100267.62643835603,100267.62643835603,100267.62643835603,100267.62643835603,100267.62643835603,100267.62643835603,100267.62643835603,100267.62643835603
2018-09-20,100270.73602739713,100270.73602739713,100270.73602739713,100270.73602739713,100270.73602739713,100270.73602739713,100270.73602739713,100270.73602739713,100270.73602739713,100270.73602739713,100270.73602739713,100270.73602739713,100270.73602739713
2018-09-21,101212.37011856727,101212.37011856727,101212.37011856727,101212.37011856727,101212.37011856727,101212.37011856727,101212.37011856727,101212.37011856727,101212.37011856727,101212.37011856727,101212.37011856727,101212.37011856727,101212.37011856727
2018-09-25,100930.14634522356,100930.14634522356,100930.14634522356,100930.14634522356,100930.14634522356,100930.14634522356,100930.14634522356,100930.14634522356,100930.14634522356,100930.14634522356,100930.14634522356,100930.14634522356,100930.14634522356
2018-09-26,101738.72160268482,101738.72160268482,101738.72160268482,101738.72160268482,101738.72160268482,101738.72160268482,101738.72160268482,101738.72160268482,101738.72160268482,101738.72160268482,101738.72160268482,101738.72160268482,101738.72160268482
2018-09-27,101456.38846842574,101456.38846842574,101456.38846842574,101456.38846842574,101456.38846842574,101456.38846842574,101456.38846842574,101456.38846842574,101456.38846842574,101456.38846842574,101456.38846842574,101456.38846842574,101456.38846842574
2018-09-28,102886.93481946518,102886.93481946518,102886.93481946518,102886.93481946518,102886.93481946518,102886.93481946518,102886.93481946518,102886.93481946518,102886.93481946518,102886.93481946518,102886.93481946518,102886.93481946518,102886.93481946518
2018-10-08,99139.33963442376,99139.33963442376,99139.33963442376,99139.33963442376,99139.33963442376,99139.33963442376,99139.33963442376,99139.33963442376,99139.33963442376,99139.33963442376,99139.33963442376,99139.33963442376,99139.33963442376
2018-10-09,99139.33963442376,99139.33963442376,99139.33963442376,99139.33963442376,99139.33963442376,99139.33963442376,99139.33963442376,99139.33963442376,99139.33963442376,99139.33963442376,99139.33963442376,99139.33963442376,99139.33963442376
2018-10-10,99555.73427343897,99555.73427343897,99555.73427343897,99555.73427343897,99555.73427343897,99555.73427343897,99555.73427343897,99555.73427343897,99555.73427343897,99555.73427343897,99555.73427343897,99555.73427343897,99555.73427343897
2018-10-11,95808.13908839753,95808.13908839753,95808.13908839753,95808.13908839753,95808.13908839753,95808.13908839753,95808.13908839753,95808.13908839753,95808.13908839753,95808.13908839753,95808.13908839753,95808.13908839753,95808.13908839753
2018-10-12,97416.23070540244,97416.23070540244,97416.23070540244,97416.23070540244,97416.23070540244,97416.23070540244,97416.23070540244,97416.23070540244,97416.23070540244,97416.23070540244,97416.23070540244,97416.23070540244,97416.23070540244
2018-10-15,96800.89111528106,96800.89111528106,96800.89111528106,96800.89111528106,96800.89111528106,96800.89111528106,96800.89111528106,96800.89111528106,96800.89111528106,96800.89111528106,96800.89111528106,96800.89111528106,96800.89111528106
2018-10-16,96954.88703520519,96954.88703520519,96954.88703520519,96954.88703520519,96954.88703520519,96954.88703520519,96954.88703520519,96954.88703520519,96954.88703520519,96954.88703520519,96954.88703520519,96954.88703520519,96954.88703520519
2018-10-17,97104.47638333612,97104.47638333612,97104.47638333612,97104.47638333612,97104.47638333612,97104.47638333612,97104.47638333612,97104.47638333612,97104.47638333612,97104.47638333612,97104.47638333612,97104.47638333612,97104.47638333612
2018-10-18,97107.49268470598,97107.49268470598,97107.49268470598,97107.49268470598,97107.49268470598,97107.49268470598,97107.49268470598,97107.49268470598,97107.49268470598,97107.49268470598,97107.49268470598,97107.49268470598,97107.49268470598
2018-10-19,97110.50898607585,97110.50898607585,97110.50898607585,97110.50898607585,97110.50898607585,97110.50898607585,97110.50898607585,97110.50898607585,97110.50898607585,97110.50898607585,97110.50898607585,97110.50898607585,97110.50898607585
2018-10-22,97121.49789018543,97121.49789018543,97121.49789018543,97121.49789018543,97121.49789018543,97121.49789018543,97121.49789018543,97121.49789018543,97121.49789018543,97121.49789018543,97121.49789018543,97121.49789018543,97121.49789018543
2018-10-23,97124.5141915553,97124.5141915553,97124.5141915553,97124.5141915553,97124.5141915553,97124.5141915553,97124.5141915553,97124.5141915553,97124.5141915553,97124.5141915553,97124.5141915553,97124.5141915553,97124.5141915553
2018-10-24,97127.53049292516,97127.53049292516,97127.53049292516,97127.53049292516,97127.53049292516,97127.53049292516,97127.53049292516,97127.53049292516,97127.53049292516,97127.53049292516,97127.53049292516,97127.53049292516,97127.53049292516
2018-10-25,97130.54679429502,97130.54679429502,97130.54679429502,97130.54679429502,97130.54679429502,97130.54679429502,97130.54679429502,97130.54679429502,97130.54679429502,97130.54679429502,97130.54679429502,97130.54679429502,97130.54679429502
2018-10-26,97133.56309566488,97133.56309566488,97133.56309566488,97133.56309566488,97133.56309566488,97133.56309566488,97133.56309566488,97133.56309566488,97133.56309566488,97133.56309566488,97133.56309566488,97133.56309566488,97133.56309566488
2018-10-29,97144.55199977447,97144.55199977447,97144.55199977447,97144.55199977447,97144.55199977447,97144.55199977447,97144.55199977447,97144.55199977447,97144.55199977447,97144.55199977447,97144.55199977447,97144.55199977447,97144.55199977447
2018-10-30,97147.56830114433,97147.56830114433,97147.56830114433,97147.56830114433,97147.56830114433,97147.56830114433,97147.56830114433,97147.56830114433,97147.56830114433,97147.56830114433,97147.56830114433,97147.56830114433,97147.56830114433
2018-10-31,97150.5846025142,97150.5846025142,97150.5846025142,97150.5846025142,97150.5846025142,97150.5846025142,97150.5846025142,97150.5846025142,97150.5846025142,97150.5846025142,97150.5846025142,97150.5846025142,97150.5846025142
2018-11-01,97153.60090388406,97153.60090388406,97153.60090388406,97153.60090388406,97153.60090388406,97153.60090388406,97153.60090388406,97153.60090388406,97153.60090388406,97153.60090388406,97153.60090388406,97153.60090388406,97153.60090388406
2018-11-02,97156.61720525392,97156.61720525392,97156.61720525392,97156.61720525392,97156.61720525392,97156.61720525392,97156.61720525392,97156.61720525392,97156.61720525392,97156.61720525392,97156.61720525392,97156.61720525392,97156.61720525392
2018-11-05,97167.6061093635,97167.6061093635,97167.6061093635,97167.6061093635,97167.6061093635,97167.6061093635,97167.6061093635,97167.6061093635,97167.6061093635,97167.6061093635,97167.6061093635,97167.6061093635,97167.6061093635
2018-11-06,96851.70036823169,96851.70036823169,96851.70036823169,96851.70036823169,96851.70036823169,96851.70036823169,96851.70036823169,96851.70036823169,96851.70036823169,96851.70036823169,96851.70036823169,96851.70036823169,96851.70036823169
2018-11-07,96396.49355049666,96396.49355049666,96396.49355049666,96396.49355049666,96396.49355049666,96396.49355049666,96396.49355049666,96396.49355049666,96396.49355049666,96396.49355049666,96396.49355049666,96396.49355049666,96396.49355049666
2018-11-08,97189.69515796239,97189.69515796239,97189.69515796239,97189.69515796239,97189.69515796239,97189.69515796239,97189.69515796239,97189.69515796239,97189.69515796239,97189.69515796239,97189.69515796239,97189.69515796239,97189.69515796239
2018-11-09,94215.19208486612,94215.19208486612,94215.19208486612,94215.19208486612,94215.19208486612,94215.19208486612,94215.19208486612,94215.19208486612,94215.19208486612,94215.19208486612,94215.19208486612,94215.19208486612,94215.19208486612
2018-11-12,93943.14977467107,93943.14977467107,93943.14977467107,93943.14977467107,93943.14977467107,93943.14977467107,93943.14977467107,93943.14977467107,93943.14977467107,93943.14977467107,93943.14977467107,93943.14977467107,93943.14977467107
2018-11-13,93608.37400158298,93608.37400158298,93608.37400158298,93608.37400158298,93608.37400158298,93608.37400158298,93608.37400158298,93608.37400158298,93608.37400158298,93608.37400158298,93608.37400158298,93608.37400158298,93608.37400158298
2018-11-14,93611.2659193912,93611.2659193912,93611.2659193912,93611.2659193912,93611.2659193912,93611.2659193912,93611.2659193912,93611.2659193912,93611.2659193912,93611.2659193912,93611.2659193912,93611.2659193912,93611.2659193912
2018-11-15,93614.15783719941,93614.15783719941,93614.15783719941,93614.15783719941,93614.15783719941,93614.15783719941,93614.15783719941,93614.15783719941,93614.15783719941,93614.15783719941,93614.15783719941,93614.15783719941,93614.15783719941
2018-11-16,93617.04975500763,93617.04975500763,93617.04975500763,93617.04975500763,93617.04975500763,93617.04975500763,93617.04975500763,93617.04975500763,93617.04975500763,93617.04975500763,93617.04975500763,93617.04975500763,93617.04975500763
2018-11-19,93627.58550843228,93627.58550843228,93627.58550843228,93627.58550843228,93627.58550843228,93627.58550843228,93627.58550843228,93627.58550843228,93627.58550843228,93627.58550843228,93627.58550843228,93627.58550843228,93627.58550843228
2018-11-20,93630.4774262405,93630.4774262405,93630.4774262405,93630.4774262405,93630.4774262405,93630.4774262405,93630.4774262405,93630.4774262405,93630.4774262405,93630.4774262405,93630.4774262405,93630.4774262405,93630.4774262405
2018-11-21,93633.36934404871,93633.36934404871,93633.36934404871,93633.36934404871,93633.36934404871,93633.36934404871,93633.36934404871,93633.36934404871,93633.36934404871,93633.36934404871,93633.36934404871,93633.36934404871,93633.36934404871
2018-11-22,93636.26126185693,93636.26126185693,93636.26126185693,93636.26126185693,93636.26126185693,93636.26126185693,93636.26126185693,93636.26126185693,93636.26126185693,93636.26126185693,93636.26126185693,93636.26126185693,93636.26126185693
2018-11-23,93639.15317966514,93639.15317966514,93639.15317966514,93639.15317966514,93639.15317966514,93639.15317966514,93639.15317966514,93639.15317966514,93639.15317966514,93639.15317966514,93639.15317966514,93639.15317966514,93639.15317966514
2018-11-26,93649.6889330898,93649.6889330898,93649.6889330898,93649.6889330898,93649.6889330898,93649.6889330898,93649.6889330898,93649.6889330898,93649.6889330898,93649.6889330898,93649.6889330898,93649.6889330898,93649.6889330898
2018-11-27,93652.58085089801,93652.58085089801,93652.58085089801,93652.58085089801,93652.58085089801,93652.58085089801,93652.58085089801,93652.58085089801,93652.58085089801,93652.58085089801,93652.58085089801,93652.58085089801,93652.58085089801
2018-11-28,93655.47276870623,93655.47276870623,93655.47276870623,93655.47276870623,93655.47276870623,93655.47276870623,93655.47276870623,93655.47276870623,93655.47276870623,93655.47276870623,93655.47276870623,93655.47276870623,93655.47276870623
2018-11-29,93658.36468651444,93658.36468651444,93658.36468651444,93658.36468651444,93658.36468651444,93658.36468651444,93658.36468651444,93658.36468651444,93658.36468651444,93658.36468651444,93658.36468651444,93658.36468651444,93658.36468651444
2018-11-30,93661.25660432265,93661.25660432265,93661.25660432265,93661.25660432265,93661.25660432265,93661.25660432265,93661.25660432265,93661.25660432265,93661.25660432265,93661.25660432265,93661.25660432265,93661.25660432265,93661.25660432265
2018-12-03,93671.79235774731,93671.79235774731,93671.79235774731,93671.79235774731,93671.79235774731,93671.79235774731,93671.79235774731,93671.79235774731,93671.79235774731,93671.79235774731,93671.79235774731,93671.79235774731,93671.79235774731
2018-12-04,93674.68427555553,93674.68427555553,93674.68427555553,93674.68427555553,93674.68427555553,93674.68427555553,93674.68427555553,93674.68427555553,93674.68427555553,93674.68427555553,93674.68427555553,93674.68427555553,93674.68427555553
2018-12-05,93677.57619336374,93677.57619336374,93677.57619336374,93677.57619336374,93677.57619336374,93677.57619336374,93677.57619336374,93677.57619336374,93677.57619336374,93677.57619336374,93677.57619336374,93677.57619336374,93677.57619336374
2018-12-06,93680.46811117195,93680.46811117195,93680.46811117195,93680.46811117195,93680.46811117195,93680.46811117195,93680.46811117195,93680.46811117195,93680.46811117195,93680.46811117195,93680.46811117195,93680.46811117195,93680.46811117195
2018-12-07,93683.36002898017,93683.36002898017,93683.36002898017,93683.36002898017,93683.36002898017,93683.36002898017,93683.36002898017,93683.36002898017,93683.36002898017,93683.36002898017,93683.36002898017,93683.36002898017,93683.36002898017
2018-12-10,93693.89578240483,93693.89578240483,93693.89578240483,93693.89578240483,93693.89578240483,93693.89578240483,93693.89578240483,93693.89578240483,93693.89578240483,93693.89578240483,93693.89578240483,93693.89578240483,93693.89578240483
2018-12-11,93696.78770021304,93696.78770021304,93696.78770021304,93696.78770021304,93696.78770021304,93696.78770021304,93696.78770021304,93696.78770021304,93696.78770021304,93696.78770021304,93696.78770021304,93696.78770021304,93696.78770021304
2018-12-12,93699.67961802126,93699.67961802126,93699.67961802126,93699.67961802126,93699.67961802126,93699.67961802126,93699.67961802126,93699.67961802126,93699.67961802126,93699.67961802126,93699.67961802126,93699.67961802126,93699.67961802126
2018-12-13,93702.57153582947,93702.57153582947,93702.57153582947,93702.57153582947,93702.57153582947,93702.57153582947,93702.57153582947,93702.57153582947,93702.57153582947,93702.57153582947,93702.57153582947,93702.57153582947,93702.57153582947
2018-12-14,93705.46345363768,93705.46345363768,93705.46345363768,93705.46345363768,93705.46345363768,93705.46345363768,93705.46345363768,93705.46345363768,93705.46345363768,93705.46345363768,93705.46345363768,93705.46345363768,93705.46345363768
2018-12-17,93715.99920706234,93715.99920706234,93715.99920706234,93715.99920706234,93715.99920706234,93715.99920706234,93715.99920706234,93715.99920706234,93715.99920706234,93715.99920706234,93715.99920706234,93715.99920706234,93715.99920706234
2018-12-18,93718.89112487056,93718.89112487056,93718.89112487056,93718.89112487056,93718.89112487056,93718.89112487056,93718.89112487056,93718.89112487056,93718.89112487056,93718.89112487056,93718.89112487056,93718.89112487056,93718.89112487056
2018-12-19,93721.78304267877,93721.78304267877,93721.78304267877,93721.78304267877,93721.78304267877,93721.78304267877,93721.78304267877,93721.78304267877,93721.78304267877,93721.78304267877,93721.78304267877,93721.78304267877,93721.78304267877
2018-12-20,93724.67496048698,93724.67496048698,93724.67496048698,93724.67496048698,93724.67496048698,93724.67496048698,93724.67496048698,93724.67496048698,93724.67496048698,93724.67496048698,93724.67496048698,93724.67496048698,93724.67496048698
2018-12-21,93727.5668782952,93727.5668782952,93727.5668782952,93727.5668782952,93727.5668782952,93727.5668782952,93727.5668782952,93727.5668782952,93727.5668782952,93727.5668782952,93727.5668782952,93727.5668782952,93727.5668782952
2018-12-24,93738.10263171986,93738.10263171986,93738.10263171986,93738.10263171986,93738.10263171986,93738.10263171986,93738.10263171986,93738.10263171986,93738.10263171986,93738.10263171986,93738.10263171986,93738.10263171986,93738.10263171986
2018-12-25,93740.99454952807,93740.99454952807,93740.99454952807,93740.99454952807,93740.99454952807,93740.99454952807,93740.99454952807,93740.99454952807,93740.99454952807,93740.99454952807,93740.99454952807,93740.99454952807,93740.99454952807
2018-12-26,93743.88646733628,93743.88646733628,93743.88646733628,93743.88646733628,93743.88646733628,93743.88646733628,93743.88646733628,93743.88646733628,93743.88646733628,93743.88646733628,93743.88646733628,93743.88646733628,93743.88646733628
2018-12-27,93746.7783851445,93746.7783851445,93746.7783851445,93746.7783851445,93746.7783851445,93746.7783851445,93746.7783851445,93746.7783851445,93746.7783851445,93746.7783851445,93746.7783851445,93746.7783851445,93746.7783851445
2018-12-28,93749.67030295271,93749.67030295271,93749.67030295271,93749.67030295271,93749.67030295271,93749.67030295271,93749.67030295271,93749.67030295271,93749.67030295271,93749.67030295271,93749.67030295271,93749.67030295271,93749.67030295271
2019-01-02,93767.84989199381,93767.84989199381,93767.84989199381,93767.84989199381,93767.84989199381,93767.84989199381,93767.84989199381,93767.84989199381,93767.84989199381,93767.84989199381,93767.84989199381,93767.84989199381,93767.84989199381
2019-01-03,93770.74180980203,93770.74180980203,93770.74180980203,93770.74180980203,93770.74180980203,93770.74180980203,93770.74180980203,93770.74180980203,93770.74180980203,93770.74180980203,93770.74180980203,93770.74180980203,93770.74180980203
2019-01-04,93773.63372761024,93773.63372761024,93773.63372761024,93773.63372761024,93773.63372761024,93773.63372761024,93773.63372761024,93773.63372761024,93773.63372761024,93773.63372761024,93773.63372761024,93773.63372761024,93773.63372761024
2019-01-07,93784.1694810349,93784.1694810349,93784.1694810349,93784.1694810349,93784.1694810349,93784.1694810349,93784.1694810349,93784.1694810349,93784.1694810349,93784.1694810349,93784.1694810349,93784.1694810349,93784.1694810349
2019-01-08,93787.06139884311,93787.06139884311,93787.06139884311,93787.06139884311,93787.06139884311,93787.06139884311,93787.06139884311,93787.06139884311,93787.06139884311,93787.06139884311,93787.06139884311,93787.06139884311,93787.06139884311
2019-01-09,93789.95331665133,93789.95331665133,93789.95331665133,93789.95331665133,93789.95331665133,93789.95331665133,93789.95331665133,93789.95331665133,93789.95331665133,93789.95331665133,93789.95331665133,93789.95331665133,93789.95331665133
2019-01-10,93792.84523445954,93792.84523445954,93792.84523445954,93792.84523445954,93792.84523445954,93792.84523445954,93792.84523445954,93792.84523445954,93792.84523445954,93792.84523445954,93792.84523445954,93792.84523445954,93792.84523445954
2019-01-11,93795.73715226776,93795.73715226776,93795.73715226776,93795.73715226776,93795.73715226776,93795.73715226776,93795.73715226776,93795.73715226776,93795.73715226776,93795.73715226776,93795.73715226776,93795.73715226776,93795.73715226776
2019-01-14,93806.27290569241,93806.27290569241,93806.27290569241,93806.27290569241,93806.27290569241,93806.27290569241,93806.27290569241,93806.27290569241,93806.27290569241,93806.27290569241,93806.27290569241,93806.27290569241,93806.27290569241
2019-01-15,93809.16482350063,93809.16482350063,93809.16482350063,93809.16482350063,93809.16482350063,93809.16482350063,93809.16482350063,93809.16482350063,93809.16482350063,93809.16482350063,93809.16482350063,93809.16482350063,93809.16482350063
2019-01-16,93812.05674130884,93812.05674130884,93812.05674130884,93812.05674130884,93812.05674130884,93812.05674130884,93812.05674130884,93812.05674130884,93812.05674130884,93812.05674130884,93812.05674130884,93812.05674130884,93812.05674130884
2019-01-17,93814.94865911706,93814.94865911706,93814.94865911706,93814.94865911706,93814.94865911706,93814.94865911706,93814.94865911706,93814.94865911706,93814.94865911706,93814.94865911706,93814.94865911706,93814.94865911706,93814.94865911706
2019-01-18,93817.84057692527,93817.84057692527,93817.84057692527,93817.84057692527,93817.84057692527,93817.84057692527,93817.84057692527,93817.84057692527,93817.84057692527,93817.84057692527,93817.84057692527,93817.84057692527,93817.84057692527
2019-01-21,93828.37633034993,93828.37633034993,93828.37633034993,93828.37633034993,93828.37633034993,93828.37633034993,93828.37633034993,93828.37633034993,93828.37633034993,93828.37633034993,93828.37633034993,93828.37633034993,93828.37633034993
2019-01-22,93831.26824815814,93831.26824815814,93831.26824815814,93831.26824815814,93831.26824815814,93831.26824815814,93831.26824815814,93831.26824815814,93831.26824815814,93831.26824815814,93831.26824815814,93831.26824815814,93831.26824815814
2019-01-23,93834.16016596636,93834.16016596636,93834.16016596636,93834.16016596636,93834.16016596636,93834.16016596636,93834.16016596636,93834.16016596636,93834.16016596636,93834.16016596636,93834.16016596636,93834.16016596636,93834.16016596636
2019-01-24,93837.05208377457,93837.05208377457,93837.05208377457,93837.05208377457,93837.05208377457,93837.05208377457,93837.05208377457,93837.05208377457,93837.05208377457,93837.05208377457,93837.05208377457,93837.05208377457,93837.05208377457
2019-01-25,93839.94400158279,93839.94400158279,93839.94400158279,93839.94400158279,93839.94400158279,93839.94400158279,93839.94400158279,93839.94400158279,93839.94400158279,93839.94400158279,93839.94400158279,93839.94400158279,93839.94400158279
2019-01-28,93733.94731142982,93733.94731142982,93733.94731142982,93733.94731142982,93733.94731142982,93733.94731142982,93733.94731142982,93733.94731142982,93733.94731142982,93733.94731142982,93733.94731142982,93733.94731142982,93733.94731142982
2019-01-29,94083.33812410972,94083.33812410972,94083.33812410972,94083.33812410972,94083.33812410972,94083.33812410972,94083.33812410972,94083.33812410972,94083.33812410972,94083.33812410972,94083.33812410972,94083.33812410972,94083.33812410972
2019-01-30,93762.64077532201,93762.64077532201,93762.64077532201,93762.64077532201,93762.64077532201,93762.64077532201,93762.64077532201,93762.64077532201,93762.64077532201,93762.64077532201,93762.64077532201,93762.64077532201,93762.64077532201
2019-01-31,94518.03684893351,94518.03684893351,94518.03684893351,94518.03684893351,94518.03684893351,94518.03684893351,94518.03684893351,94518.03684893351,94518.03684893351,94518.03684893351,94518.03684893351,94518.03684893351,94518.03684893351
2019-02-01,95734.17919044603,95734.17919044603,95734.17919044603,95734.17919044603,95734.17919044603,95734.17919044603,95734.17919044603,95734.17919044603,95734.17919044603,95734.17919044603,95734.17919044603,95734.17919044603,95734.17919044603
2019-02-11,96587.678376485,96587.678376485,96587.678376485,96587.678376485,96587.678376485,96587.678376485,96587.678376485,96587.678376485,96587.678376485,96587.678376485,96587.678376485,96587.678376485,96587.678376485
2019-02-12,97668.77463226426,97668.77463226426,97668.77463226426,97668.77463226426,97668.77463226426,97668.77463226426,97668.77463226426,97668.77463226426,97668.77463226426,97668.77463226426,97668.77463226426,97668.77463226426,97668.77463226426
2019-02-13,99432.67566328157,99432.67566328157,99432.67566328157,99432.67566328157,99432.67566328157,99432.67566328157,99432.67566328157,99432.67566328157,99432.67566328157,99432.67566328157,99432.67566328157,99432.67566328157,99432.67566328157
2019-02-14,99717.17539196124,99717.17539196124,99717.17539196124,99717.17539196124,99717.17539196124,99717.17539196124,99717.17539196124,99717.17539196124,99717.17539196124,99717.17539196124,99717.17539196124,99717.17539196124,99717.17539196124
2019-02-15,97498.08022146333,97498.08022146333,97498.08022146333,97498.08022146333,97498.08022146333,97498.08022146333,97498.08022146333,97498.08022146333,97498.08022146333,97498.08022146333,97498.08022146333,97498.08022146333,97498.08022146333
2019-02-18,100912.07696561921,100912.07696561921,100912.07696561921,100912.07696561921,100912.07696561921,100912.07696561921,100912.07696561921,100912.07696561921,100912.07696561921,100912.07696561921,100912.07696561921,100912.07696561921,100912.07696561921
2019-02-19,100684.4798958789,100684.4798958789,100684.4798958789,100684.4798958789,100684.4798958789,100684.4798958789,100684.4798958789,100684.4798958789,100684.4798958789,100684.4798958789,100684.4798958789,100684.4798958789,100684.4798958789
2019-02-20,100855.17430667985,100855.17430667985,100855.17430667985,100855.17430667985,100855.17430667985,100855.17430667985,100855.17430667985,100855.17430667985,100855.17430667985,100855.17430667985,100855.17430667985,100855.17430667985,100855.17430667985
2019-02-21,99830.97392683137,99830.97392683137,99830.97392683137,99830.97392683137,99830.97392683137,99830.97392683137,99830.97392683137,99830.97392683137,99830.97392683137,99830.97392683137,99830.97392683137,99830.97392683137,99830.97392683137
2019-02-22,101424.17376403917,101424.17376403917,101424.17376403917,101424.17376403917,101424.17376403917,101424.17376403917,101424.17376403917,101424.17376403917,101424.17376403917,101424.17376403917,101424.17376403917,101424.17376403917,101424.17376403917
2019-02-25,106303.47398277231,106303.47398277231,106303.47398277231,106303.47398277231,106303.47398277231,106303.47398277231,106303.47398277231,106303.47398277231,106303.47398277231,106303.47398277231,106303.47398277231,106303.47398277231,106303.47398277231
2019-02-26,105722.19282247082,105722.19282247082,105722.19282247082,105722.19282247082,105722.19282247082,105722.19282247082,105722.19282247082,105722.19282247082,105722.19282247082,105722.19282247082,105722.19282247082,105722.19282247082,105722.19282247082
2019-02-27,105533.68834572921,105533.68834572921,105533.68834572921,105533.68834572921,105533.68834572921,105533.68834572921,105533.68834572921,105533.68834572921,105533.68834572921,105533.68834572921,105533.68834572921,105533.68834572921,105533.68834572921
2019-02-28,105501.28658079478,105501.28658079478,105501.28658079478,105501.28658079478,105501.28658079478,105501.28658079478,105501.28658079478,105501.28658079478,105501.28658079478,105501.28658079478,105501.28658079478,105501.28658079478,105501.28658079478
2019-03-01,105504.55164928794,105504.55164928794,105504.55164928794,105504.55164928794,105504.55164928794,105504.55164928794,105504.55164928794,105504.55164928794,105504.55164928794,105504.55164928794,105504.55164928794,105504.55164928794,105504.55164928794
2019-03-04,105516.44685476739,105516.44685476739,105516.44685476739,105516.44685476739,105516.44685476739,105516.44685476739,105516.44685476739,105516.44685476739,105516.44685476739,105516.44685476739,105516.44685476739,105516.44685476739,105516.44685476739
2019-03-05,105519.71192326055,105519.71192326055,105519.71192326055,105519.71192326055,105519.71192326055,105519.71192326055,105519.71192326055,105519.71192326055,105519.71192326055,105519.71192326055,105519.71192326055,105519.71192326055,105519.71192326055
2019-03-06,105522.9769917537,105522.9769917537,105522.9769917537,105522.9769917537,105522.9769917537,105522.9769917537,105522.9769917537,105522.9769917537,105522.9769917537,105522.9769917537,105522.9769917537,105522.9769917537,105522.9769917537
2019-03-07,105526.24206024686,105526.24206024686,105526.24206024686,105526.24206024686,105526.24206024686,105526.24206024686,105526.24206024686,105526.24206024686,105526.24206024686,105526.24206024686,105526.24206024686,105526.24206024686,105526.24206024686
2019-03-08,105529.50712874002,105529.50712874002,105529.50712874002,105529.50712874002,105529.50712874002,105529.50712874002,105529.50712874002,105529.50712874002,105529.50712874002,105529.50712874002,105529.50712874002,105529.50712874002,105529.50712874002
2019-03-11,105541.40233421947,105541.40233421947,105541.40233421947,105541.40233421947,105541.40233421947,105541.40233421947,105541.40233421947,105541.40233421947,105541.40233421947,105541.40233421947,105541.40233421947,105541.40233421947,105541.40233421947
2019-03-12,105544.66740271263,105544.66740271263,105544.66740271263,105544.66740271263,105544.66740271263,105544.66740271263,105544.66740271263,105544.66740271263,105544.66740271263,105544.66740271263,105544.66740271263,105544.66740271263,105544.66740271263
2019-03-13,105547.93247120579,105547.93247120579,105547.93247120579,105547.93247120579,105547.93247120579,105547.93247120579,105547.93247120579,105547.93247120579,105547.93247120579,105547.93247120579,105547.93247120579,105547.93247120579,105547.93247120579
2019-03-14,105551.19753969894,105551.19753969894,105551.19753969894,105551.19753969894,105551.19753969894,105551.19753969894,105551.19753969894,105551.19753969894,105551.19753969894,105551.19753969894,105551.19753969894,105551.19753969894,105551.19753969894
2019-03-15,105554.4626081921,105554.4626081921,105554.4626081921,105554.4626081921,105554.4626081921,105554.4626081921,105554.4626081921,105554.4626081921,105554.4626081921,105554.4626081921,105554.4626081921,105554.4626081921,105554.4626081921
2019-03-18,105566.35781367155,105566.35781367155,105566.35781367155,105566.35781367155,105566.35781367155,105566.35781367155,105566.35781367155,105566.35781367155,105566.35781367155,105566.35781367155,105566.35781367155,105566.35781367155,105566.35781367155
2019-03-19,105569.62288216471,105569.62288216471,105569.62288216471,105569.62288216471,105569.62288216471,105569.62288216471,105569.62288216471,105569.62288216471,105569.62288216471,105569.62288216471,105569.62288216471,105569.62288216471,105569.62288216471
2019-03-20,105572.88795065787,105572.88795065787,105572.88795065787,105572.88795065787,105572.88795065787,105572.88795065787,105572.88795065787,105572.88795065787,105572.88795065787,105572.88795065787,105572.88795065787,105572.88795065787,105572.88795065787
2019-03-21,105576.15301915102,105576.15301915102,105576.15301915102,105576.15301915102,105576.15301915102,105576.15301915102,105576.15301915102,105576.15301915102,105576.15301915102,105576.15301915102,105576.15301915102,105576.15301915102,105576.15301915102
2019-03-22,105579.41808764418,105579.41808764418,105579.41808764418,105579.41808764418,105579.41808764418,105579.41808764418,105579.41808764418,105579.41808764418,105579.41808764418,105579.41808764418,105579.41808764418,105579.41808764418,105579.41808764418
2019-03-25,105591.31329312363,105591.31329312363,105591.31329312363,105591.31329312363,105591.31329312363,105591.31329312363,105591.31329312363,105591.31329312363,105591.31329312363,105591.31329312363,105591.31329312363,105591.31329312363,105591.31329312363
2019-03-26,105594.57836161679,105594.57836161679,105594.57836161679,105594.57836161679,105594.57836161679,105594.57836161679,105594.57836161679,105594.57836161679,105594.57836161679,105594.57836161679,105594.57836161679,105594.57836161679,105594.57836161679
2019-03-27,105597.84343010995,105597.84343010995,105597.84343010995,105597.84343010995,105597.84343010995,105597.84343010995,105597.84343010995,105597.84343010995,105597.84343010995,105597.84343010995,105597.84343010995,105597.84343010995,105597.84343010995
2019-03-28,105601.1084986031,105601.1084986031,105601.1084986031,105601.1084986031,105601.1084986031,105601.1084986031,105601.1084986031,105601.1084986031,105601.1084986031,105601.1084986031,105601.1084986031,105601.1084986031,105601.1084986031
2019-03-29,105604.37356709626,105604.37356709626,105604.37356709626,105604.37356709626,105604.37356709626,105604.37356709626,105604.37356709626,105604.37356709626,105604.37356709626,105604.37356709626,105604.37356709626,105604.37356709626,105604.37356709626
2019-04-01,105616.26877257571,105616.26877257571,105616.26877257571,105616.26877257571,105616.26877257571,105616.26877257571,105616.26877257571,105616.26877257571,105616.26877257571,105616.26877257571,105616.26877257571,105616.26877257571,105616.26877257571
2019-04-02,105619.53384106887,105619.53384106887,105619.53384106887,105619.53384106887,105619.53384106887,105619.53384106887,105619.53384106887,105619.53384106887,105619.53384106887,105619.53384106887,105619.53384106887,105619.53384106887,105619.53384106887
2019-04-03,105622.79890956203,105622.79890956203,105622.79890956203,105622.79890956203,105622.79890956203,105622.79890956203,105622.79890956203,105622.79890956203,105622.79890956203,105622.79890956203,105622.79890956203,105622.79890956203,105622.79890956203
2019-04-04,105626.06397805519,105626.06397805519,105626.06397805519,105626.06397805519,105626.06397805519,105626.06397805519,105626.06397805519,105626.06397805519,105626.06397805519,105626.06397805519,105626.06397805519,105626.06397805519,105626.06397805519
2019-04-08,105642.27425202778,105642.27425202778,105642.27425202778,105642.27425202778,105642.27425202778,105642.27425202778,105642.27425202778,105642.27425202778,105642.27425202778,105642.27425202778,105642.27425202778,105642.27425202778,105642.27425202778
2019-04-09,105645.53932052094,105645.53932052094,105645.53932052094,105645.53932052094,105645.53932052094,105645.53932052094,105645.53932052094,105645.53932052094,105645.53932052094,105645.53932052094,105645.53932052094,105645.53932052094,105645.53932052094
2019-04-10,105648.8043890141,105648.8043890141,105648.8043890141,105648.8043890141,105648.8043890141,105648.8043890141,105648.8043890141,105648.8043890141,105648.8043890141,105648.8043890141,105648.8043890141,105648.8043890141,105648.8043890141
2019-04-11,105652.06945750726,105652.06945750726,105652.06945750726,105652.06945750726,105652.06945750726,105652.06945750726,105652.06945750726,105652.06945750726,105652.06945750726,105652.06945750726,105652.06945750726,105652.06945750726,105652.06945750726
2019-04-12,105655.33452600041,105655.33452600041,105655.33452600041,105655.33452600041,105655.33452600041,105655.33452600041,105655.33452600041,105655.33452600041,105655.33452600041,105655.33452600041,105655.33452600041,105655.33452600041,105655.33452600041
2019-04-15,105667.22973147986,105667.22973147986,105667.22973147986,105667.22973147986,105667.22973147986,105667.22973147986,105667.22973147986,105667.22973147986,105667.22973147986,105667.22973147986,105667.22973147986,105667.22973147986,105667.22973147986
2019-04-16,105670.49479997302,105670.49479997302,105670.49479997302,105670.49479997302,105670.49479997302,105670.49479997302,105670.49479997302,105670.49479997302,105670.49479997302,105670.49479997302,105670.49479997302,105670.49479997302,105670.49479997302
2019-04-17,105673.75986846618,105673.75986846618,105673.75986846618,105673.75986846618,105673.75986846618,105673.75986846618,105673.75986846618,105673.75986846618,105673.75986846618,105673.75986846618,105673.75986846618,105673.75986846618,105673.75986846618
2019-04-18,105677.02493695934,105677.02493695934,105677.02493695934,105677.02493695934,105677.02493695934,105677.02493695934,105677.02493695934,105677.02493695934,105677.02493695934,105677.02493695934,105677.02493695934,105677.02493695934,105677.02493695934
2019-04-19,105680.2900054525,105680.2900054525,105680.2900054525,105680.2900054525,105680.2900054525,105680.2900054525,105680.2900054525,105680.2900054525,105680.2900054525,105680.2900054525,105680.2900054525,105680.2900054525,105680.2900054525
2019-04-22,105692.18521093194,105692.18521093194,105692.18521093194,105692.18521093194,105692.18521093194,105692.18521093194,105692.18521093194,105692.18521093194,105692.18521093194,105692.18521093194,105692.18521093194,105692.18521093194,105692.18521093194
2019-04-23,105695.4502794251,105695.4502794251,105695.4502794251,105695.4502794251,105695.4502794251,105695.4502794251,105695.4502794251,105695.4502794251,105695.4502794251,105695.4502794251,105695.4502794251,105695.4502794251,105695.4502794251
2019-04-24,105698.71534791826,105698.71534791826,105698.71534791826,105698.71534791826,105698.71534791826,105698.71534791826,105698.71534791826,105698.71534791826,105698.71534791826,105698.71534791826,105698.71534791826,105698.71534791826,105698.71534791826
2019-04-25,105701.98041641142,105701.98041641142,105701.98041641142,105701.98041641142,105701.98041641142,105701.98041641142,105701.98041641142,105701.98041641142,105701.98041641142,105701.98041641142,105701.98041641142,105701.98041641142,105701.98041641142
2019-04-26,105705.24548490458,105705.24548490458,105705.24548490458,105705.24548490458,105705.24548490458,105705.24548490458,105705.24548490458,105705.24548490458,105705.24548490458,105705.24548490458,105705.24548490458,105705.24548490458,105705.24548490458
2019-04-29,105717.14069038403,105717.14069038403,105717.14069038403,105717.14069038403,105717.14069038403,105717.14069038403,105717.14069038403,105717.14069038403,105717.14069038403,105717.14069038403,105717.14069038403,105717.14069038403,105717.14069038403
2019-04-30,105720.40575887718,105720.40575887718,105720.40575887718,105720.40575887718,105720.40575887718,105720.40575887718,105720.40575887718,105720.40575887718,105720.40575887718,105720.40575887718,105720.40575887718,105720.40575887718,105720.40575887718
2019-05-06,105745.24616983609,105745.24616983609,105745.24616983609,105745.24616983609,105745.24616983609,105745.24616983609,105745.24616983609,105745.24616983609,105745.24616983609,105745.24616983609,105745.24616983609,105745.24616983609,105745.24616983609
2019-05-07,105748.51123832924,105748.51123832924,105748.51123832924,105748.51123832924,105748.51123832924,105748.51123832924,105748.51123832924,105748.51123832924,105748.51123832924,105748.51123832924,105748.51123832924,105748.51123832924,105748.51123832924
2019-05-08,105751.7763068224,105751.7763068224,105751.7763068224,105751.7763068224,105751.7763068224,105751.7763068224,105751.7763068224,105751.7763068224,105751.7763068224,105751.7763068224,105751.7763068224,105751.7763068224,105751.7763068224
2019-05-09,105755.04137531556,105755.04137531556,105755.04137531556,105755.04137531556,105755.04137531556,105755.04137531556,105755.04137531556,105755.04137531556,105755.04137531556,105755.04137531556,105755.04137531556,105755.04137531556,105755.04137531556
2019-05-10,105758.30644380872,105758.30644380872,105758.30644380872,105758.30644380872,105758.30644380872,105758.30644380872,105758.30644380872,105758.30644380872,105758.30644380872,105758.30644380872,105758.30644380872,105758.30644380872,105758.30644380872
2019-05-13,105770.20164928817,105770.20164928817,105770.20164928817,105770.20164928817,105770.20164928817,105770.20164928817,105770.20164928817,105770.20164928817,105770.20164928817,105770.20164928817,105770.20164928817,105770.20164928817,105770.20164928817
2019-05-14,105773.46671778132,105773.46671778132,105773.46671778132,105773.46671778132,105773.46671778132,105773.46671778132,105773.46671778132,105773.46671778132,105773.46671778132,105773.46671778132,105773.46671778132,105773.46671778132,105773.46671778132
2019-05-15,105776.73178627448,105776.73178627448,105776.73178627448,105776.73178627448,105776.73178627448,105776.73178627448,105776.73178627448,105776.73178627448,105776.73178627448,105776.73178627448,105776.73178627448,105776.73178627448,105776.73178627448
2019-05-16,105779.99685476764,105779.99685476764,105779.99685476764,105779.99685476764,105779.99685476764,105779.99685476764,105779.99685476764,105779.99685476764,105779.99685476764,105779.99685476764,105779.99685476764,105779.99685476764,105779.99685476764
2019-05-17,105783.2619232608,105783.2619232608,105783.2619232608,105783.2619232608,105783.2619232608,105783.2619232608,105783.2619232608,105783.2619232608,105783.2619232608,105783.2619232608,105783.2619232608,105783.2619232608,105783.2619232608
2019-05-20,105364.61944188886,105364.61944188886,105364.61944188886,105364.61944188886,105364.61944188886,105364.61944188886,105364.61944188886,105364.61944188886,105364.61944188886,105364.61944188886,105364.61944188886,105364.61944188886,105364.61944188886
2019-05-21,104907.4185153466,104907.4185153466,104907.4185153466,104907.4185153466,104907.4185153466,104907.4185153466,104907.4185153466,104907.4185153466,104907.4185153466,104907.4185153466,104907.4185153466,104907.4185153466,104907.4185153466
2019-05-22,105136.02238502319,105136.02238502319,105136.02238502319,105136.02238502319,105136.02238502319,105136.02238502319,105136.02238502319,105136.02238502319,105136.02238502319,105136.02238502319,105136.02238502319,105136.02238502319,105136.02238502319
2019-05-23,104335.91906037147,104335.91906037147,104335.91906037147,104335.91906037147,104335.91906037147,104335.91906037147,104335.91906037147,104335.91906037147,104335.91906037147,104335.91906037147,104335.91906037147,104335.91906037147,104335.91906037147
2019-05-24,103764.41960539635,103764.41960539635,103764.41960539635,103764.41960539635,103764.41960539635,103764.41960539635,103764.41960539635,103764.41960539635,103764.41960539635,103764.41960539635,103764.41960539635,103764.41960539635,103764.41960539635
2019-05-27,103453.49327637925,103453.49327637925,103453.49327637925,103453.49327637925,103453.49327637925,103453.49327637925,103453.49327637925,103453.49327637925,103453.49327637925,103453.49327637925,103453.49327637925,103453.49327637925,103453.49327637925
2019-05-28,103456.69615309157,103456.69615309157,103456.69615309157,103456.69615309157,103456.69615309157,103456.69615309157,103456.69615309157,103456.69615309157,103456.69615309157,103456.69615309157,103456.69615309157,103456.69615309157,103456.69615309157
2019-05-29,103459.8990298039,103459.8990298039,103459.8990298039,103459.8990298039,103459.8990298039,103459.8990298039,103459.8990298039,103459.8990298039,103459.8990298039,103459.8990298039,103459.8990298039,103459.8990298039,103459.8990298039
2019-05-30,103463.10190651623,103463.10190651623,103463.10190651623,103463.10190651623,103463.10190651623,103463.10190651623,103463.10190651623,103463.10190651623,103463.10190651623,103463.10190651623,103463.10190651623,103463.10190651623,103463.10190651623
2019-05-31,103466.30478322855,103466.30478322855,103466.30478322855,103466.30478322855,103466.30478322855,103466.30478322855,103466.30478322855,103466.30478322855,103466.30478322855,103466.30478322855,103466.30478322855,103466.30478322855,103466.30478322855
2019-06-03,103477.97341336554,103477.97341336554,103477.97341336554,103477.97341336554,103477.97341336554,103477.97341336554,103477.97341336554,103477.97341336554,103477.97341336554,103477.97341336554,103477.97341336554,103477.97341336554,103477.97341336554
2019-06-04,103481.17629007787,103481.17629007787,103481.17629007787,103481.17629007787,103481.17629007787,103481.17629007787,103481.17629007787,103481.17629007787,103481.17629007787,103481.17629007787,103481.17629007787,103481.17629007787,103481.17629007787
2019-06-05,103484.3791667902,103484.3791667902,103484.3791667902,103484.3791667902,103484.3791667902,103484.3791667902,103484.3791667902,103484.3791667902,103484.3791667902,103484.3791667902,103484.3791667902,103484.3791667902,103484.3791667902
2019-06-06,103487.58204350252,103487.58204350252,103487.58204350252,103487.58204350252,103487.58204350252,103487.58204350252,103487.58204350252,103487.58204350252,103487.58204350252,103487.58204350252,103487.58204350252,103487.58204350252,103487.58204350252
2019-06-10,103503.48355035184,103503.48355035184,103503.48355035184,103503.48355035184,103503.48355035184,103503.48355035184,103503.48355035184,103503.48355035184,103503.48355035184,103503.48355035184,103503.48355035184,103503.48355035184,103503.48355035184
2019-06-11,103506.68642706417,103506.68642706417,103506.68642706417,103506.68642706417,103506.68642706417,103506.68642706417,103506.68642706417,103506.68642706417,103506.68642706417,103506.68642706417,103506.68642706417,103506.68642706417,103506.68642706417
2019-06-12,103509.8893037765,103509.8893037765,103509.8893037765,103509.8893037765,103509.8893037765,103509.8893037765,103509.8893037765,103509.8893037765,103509.8893037765,103509.8893037765,103509.8893037765,103509.8893037765,103509.8893037765
2019-06-13,102980.74229258526,102980.74229258526,102980.74229258526,102980.74229258526,102980.74229258526,102980.74229258526,102980.74229258526,102980.74229258526,102980.74229258526,102980.74229258526,102980.74229258526,102980.74229258526,102980.74229258526
2019-06-14,103426.33655566206,103426.33655566206,103426.33655566206,103426.33655566206,103426.33655566206,103426.33655566206,103426.33655566206,103426.33655566206,103426.33655566206,103426.33655566206,103426.33655566206,103426.33655566206,103426.33655566206
2019-06-17,103649.14032715786,103649.14032715786,103649.14032715786,103649.14032715786,103649.14032715786,103649.14032715786,103649.14032715786,103649.14032715786,103649.14032715786,103649.14032715786,103649.14032715786,103649.14032715786,103649.14032715786
2019-06-18,103426.33655566206,103426.33655566206,103426.33655566206,103426.33655566206,103426.33655566206,103426.33655566206,103426.33655566206,103426.33655566206,103426.33655566206,103426.33655566206,103426.33655566206,103426.33655566206,103426.33655566206
2019-06-19,104317.53836173045,104317.53836173045,104317.53836173045,104317.53836173045,104317.53836173045,104317.53836173045,104317.53836173045,104317.53836173045,104317.53836173045,104317.53836173045,104317.53836173045,104317.53836173045,104317.53836173045
2019-06-20,104449.07608552126,104449.07608552126,104449.07608552126,104449.07608552126,104449.07608552126,104449.07608552126,104449.07608552126,104449.07608552126,104449.07608552126,104449.07608552126,104449.07608552126,104449.07608552126,104449.07608552126
2019-06-21,104452.310058124,104452.310058124,104452.310058124,104452.310058124,104452.310058124,104452.310058124,104452.310058124,104452.310058124,104452.310058124,104452.310058124,104452.310058124,104452.310058124,104452.310058124
2019-06-24,104464.09197593221,104464.09197593221,104464.09197593221,104464.09197593221,104464.09197593221,104464.09197593221,104464.09197593221,104464.09197593221,104464.09197593221,104464.09197593221,104464.09197593221,104464.09197593221,104464.09197593221
2019-06-25,104467.32594853496,104467.32594853496,104467.32594853496,104467.32594853496,104467.32594853496,104467.32594853496,104467.32594853496,104467.32594853496,104467.32594853496,104467.32594853496,104467.32594853496,104467.32594853496,104467.32594853496
2019-06-26,104470.5599211377,104470.5599211377,104470.5599211377,104470.5599211377,104470.5599211377,104470.5599211377,104470.5599211377,104470.5599211377,104470.5599211377,104470.5599211377,104470.5599211377,104470.5599211377,104470.5599211377
2019-06-27,104473.79389374044,104473.79389374044,104473.79389374044,104473.79389374044,104473.79389374044,104473.79389374044,104473.79389374044,104473.79389374044,104473.79389374044,104473.79389374044,104473.79389374044,104473.79389374044,104473.79389374044
2019-06-28,104477.02786634318,104477.02786634318,104477.02786634318,104477.02786634318,104477.02786634318,104477.02786634318,104477.02786634318,104477.02786634318,104477.02786634318,104477.02786634318,104477.02786634318,104477.02786634318,104477.02786634318
2019-07-01,104488.8097841514,104488.8097841514,104488.8097841514,104488.8097841514,104488.8097841514,104488.8097841514,104488.8097841514,104488.8097841514,104488.8097841514,104488.8097841514,104488.8097841514,104488.8097841514,104488.8097841514
2019-07-02,104179.51298902529,104179.51298902529,104179.51298902529,104179.51298902529,104179.51298902529,104179.51298902529,104179.51298902529,104179.51298902529,104179.51298902529,104179.51298902529,104179.51298902529,104179.51298902529,104179.51298902529
2019-07-03,104507.70876358052,104507.70876358052,104507.70876358052,104507.70876358052,104507.70876358052,104507.70876358052,104507.70876358052,104507.70876358052,104507.70876358052,104507.70876358052,104507.70876358052,104507.70876358052,104507.70876358052
2019-07-04,105382.910537224,105382.910537224,105382.910537224,105382.910537224,105382.910537224,105382.910537224,105382.910537224,105382.910537224,105382.910537224,105382.910537224,105382.910537224,105382.910537224,105382.910537224
2019-07-05,105164.1133541872,105164.1133541872,105164.1133541872,105164.1133541872,105164.1133541872,105164.1133541872,105164.1133541872,105164.1133541872,105164.1133541872,105164.1133541872,105164.1133541872,105164.1133541872,105164.1133541872
2019-07-08,104617.10735509891,104617.10735509891,104617.10735509891,104617.10735509891,104617.10735509891,104617.10735509891,104617.10735509891,104617.10735509891,104617.10735509891,104617.10735509891,104617.10735509891,104617.10735509891,104617.10735509891
2019-07-09,104194.36239542646,104194.36239542646,104194.36239542646,104194.36239542646,104194.36239542646,104194.36239542646,104194.36239542646,104194.36239542646,104194.36239542646,104194.36239542646,104194.36239542646,104194.36239542646,104194.36239542646
2019-07-10,104197.5963680292,104197.5963680292,104197.5963680292,104197.5963680292,104197.5963680292,104197.5963680292,104197.5963680292,104197.5963680292,104197.5963680292,104197.5963680292,104197.5963680292,104197.5963680292,104197.5963680292
2019-07-11,104200.83034063195,104200.83034063195,104200.83034063195,104200.83034063195,104200.83034063195,104200.83034063195,104200.83034063195,104200.83034063195,104200.83034063195,104200.83034063195,104200.83034063195,104200.83034063195,104200.83034063195
2019-07-12,104204.06431323469,104204.06431323469,104204.06431323469,104204.06431323469,104204.06431323469,104204.06431323469,104204.06431323469,104204.06431323469,104204.06431323469,104204.06431323469,104204.06431323469,104204.06431323469,104204.06431323469
2019-07-15,104215.8462310429,104215.8462310429,104215.8462310429,104215.8462310429,104215.8462310429,104215.8462310429,104215.8462310429,104215.8462310429,104215.8462310429,104215.8462310429,104215.8462310429,104215.8462310429,104215.8462310429
2019-07-16,104219.08020364564,104219.08020364564,104219.08020364564,104219.08020364564,104219.08020364564,104219.08020364564,104219.08020364564,104219.08020364564,104219.08020364564,104219.08020364564,104219.08020364564,104219.08020364564,104219.08020364564
2019-07-17,103695.53084979106,103695.53084979106,103695.53084979106,103695.53084979106,103695.53084979106,103695.53084979106,103695.53084979106,103695.53084979106,103695.53084979106,103695.53084979106,103695.53084979106,103695.53084979106,103695.53084979106
2019-07-18,102727.13049063733,102727.13049063733,102727.13049063733,102727.13049063733,102727.13049063733,102727.13049063733,102727.13049063733,102727.13049063733,102727.13049063733,102727.13049063733,102727.13049063733,102727.13049063733,102727.13049063733
2019-07-19,103803.12946448375,103803.12946448375,103803.12946448375,103803.12946448375,103803.12946448375,103803.12946448375,103803.12946448375,103803.12946448375,103803.12946448375,103803.12946448375,103803.12946448375,103803.12946448375,103803.12946448375
2019-07-22,103265.12997756053,103265.12997756053,103265.12997756053,103265.12997756053,103265.12997756053,103265.12997756053,103265.12997756053,103265.12997756053,103265.12997756053,103265.12997756053,103265.12997756053,103265.12997756053,103265.12997756053
2019-07-23,103695.53084979106,103695.53084979106,103695.53084979106,103695.53084979106,103695.53084979106,103695.53084979106,103695.53084979106,103695.53084979106,103695.53084979106,103695.53084979106,103695.53084979106,103695.53084979106,103695.53084979106
2019-07-24,104233.53033671426,104233.53033671426,104233.53033671426,104233.53033671426,104233.53033671426,104233.53033671426,104233.53033671426,104233.53033671426,104233.53033671426,104233.53033671426,104233.53033671426,104233.53033671426,104233.53033671426
2019-07-25,104771.52982363748,104771.52982363748,104771.52982363748,104771.52982363748,104771.52982363748,104771.52982363748,104771.52982363748,104771.52982363748,104771.52982363748,104771.52982363748,104771.52982363748,104771.52982363748,104771.52982363748
2019-07-26,104448.73397955945,104448.73397955945,104448.73397955945,104448.73397955945,104448.73397955945,104448.73397955945,104448.73397955945,104448.73397955945,104448.73397955945,104448.73397955945,104448.73397955945,104448.73397955945,104448.73397955945
2019-07-29,104986.73346648266,104986.73346648266,104986.73346648266,104986.73346648266,104986.73346648266,104986.73346648266,104986.73346648266,104986.73346648266,104986.73346648266,104986.73346648266,104986.73346648266,104986.73346648266,104986.73346648266
2019-07-30,104986.73346648266,104986.73346648266,104986.73346648266,104986.73346648266,104986.73346648266,104986.73346648266,104986.73346648266,104986.73346648266,104986.73346648266,104986.73346648266,104986.73346648266,104986.73346648266,104986.73346648266
2019-07-31,104879.12843833018,104879.12843833018,104879.12843833018,104879.12843833018,104879.12843833018,104879.12843833018,104879.12843833018,104879.12843833018,104879.12843833018,104879.12843833018,104879.12843833018,104879.12843833018,104879.12843833018
2019-08-01,103695.53084979106,103695.53084979106,103695.53084979106,103695.53084979106,103695.53084979106,103695.53084979106,103695.53084979106,103695.53084979106,103695.53084979106,103695.53084979106,103695.53084979106,103695.53084979106,103695.53084979106
2019-08-02,102606.3167599504,102606.3167599504,102606.3167599504,102606.3167599504,102606.3167599504,102606.3167599504,102606.3167599504,102606.3167599504,102606.3167599504,102606.3167599504,102606.3167599504,102606.3167599504,102606.3167599504
2019-08-05,102579.5240933261,102579.5240933261,102579.5240933261,102579.5240933261,102579.5240933261,102579.5240933261,102579.5240933261,102579.5240933261,102579.5240933261,102579.5240933261,102579.5240933261,102579.5240933261,102579.5240933261
2019-08-06,102582.695874148,102582.695874148,102582.695874148,102582.695874148,102582.695874148,102582.695874148,102582.695874148,102582.695874148,102582.695874148,102582.695874148,102582.695874148,102582.695874148,102582.695874148
2019-08-07,102585.86765496992,102585.86765496992,102585.86765496992,102585.86765496992,102585.86765496992,102585.86765496992,102585.86765496992,102585.86765496992,102585.86765496992,102585.86765496992,102585.86765496992,102585.86765496992,102585.86765496992
2019-08-08,102589.03943579183,102589.03943579183,102589.03943579183,102589.03943579183,102589.03943579183,102589.03943579183,102589.03943579183,102589.03943579183,102589.03943579183,102589.03943579183,102589.03943579183,102589.03943579183,102589.03943579183
2019-08-09,102592.21121661374,102592.21121661374,102592.21121661374,102592.21121661374,102592.21121661374,102592.21121661374,102592.21121661374,102592.21121661374,102592.21121661374,102592.21121661374,102592.21121661374,102592.21121661374,102592.21121661374
2019-08-12,102603.7665590795,102603.7665590795,102603.7665590795,102603.7665590795,102603.7665590795,102603.7665590795,102603.7665590795,102603.7665590795,102603.7665590795,102603.7665590795,102603.7665590795,102603.7665590795,102603.7665590795
2019-08-13,102606.9383399014,102606.9383399014,102606.9383399014,102606.9383399014,102606.9383399014,102606.9383399014,102606.9383399014,102606.9383399014,102606.9383399014,102606.9383399014,102606.9383399014,102606.9383399014,102606.9383399014
2019-08-14,102610.11012072332,102610.11012072332,102610.11012072332,102610.11012072332,102610.11012072332,102610.11012072332,102610.11012072332,102610.11012072332,102610.11012072332,102610.11012072332,102610.11012072332,102610.11012072332,102610.11012072332
2019-08-15,102613.28190154523,102613.28190154523,102613.28190154523,102613.28190154523,102613.28190154523,102613.28190154523,102613.28190154523,102613.28190154523,102613.28190154523,102613.28190154523,102613.28190154523,102613.28190154523,102613.28190154523
2019-08-16,102616.45368236714,102616.45368236714,102616.45368236714,102616.45368236714,102616.45368236714,102616.45368236714,102616.45368236714,102616.45368236714,102616.45368236714,102616.45368236714,102616.45368236714,102616.45368236714,102616.45368236714
2019-08-19,102628.00902483289,102628.00902483289,102628.00902483289,102628.00902483289,102628.00902483289,102628.00902483289,102628.00902483289,102628.00902483289,102628.00902483289,102628.00902483289,102628.00902483289,102628.00902483289,102628.00902483289
2019-08-20,101692.8119650937,101692.8119650937,101692.8119650937,101692.8119650937,101692.8119650937,101692.8119650937,101692.8119650937,101692.8119650937,101692.8119650937,101692.8119650937,101692.8119650937,101692.8119650937,101692.8119650937
2019-08-21,101431.21533308992,101431.21533308992,101431.21533308992,101431.21533308992,101431.21533308992,101431.21533308992,101431.21533308992,101431.21533308992,101431.21533308992,101431.21533308992,101431.21533308992,101431.21533308992,101431.21533308992
2019-08-22,101758.21502123841,101758.21502123841,101758.21502123841,101758.21502123841,101758.21502123841,101758.21502123841,101758.21502123841,101758.21502123841,101758.21502123841,101758.21502123841,101758.21502123841,101758.21502123841,101758.21502123841
2019-08-23,101823.61028109559,101823.61028109559,101823.61028109559,101823.61028109559,101823.61028109559,101823.61028109559,101823.61028109559,101823.61028109559,101823.61028109559,101823.61028109559,101823.61028109559,101823.61028109559,101823.61028109559
2019-08-26,100842.61121665008,100842.61121665008,100842.61121665008,100842.61121665008,100842.61121665008,100842.61121665008,100842.61121665008,100842.61121665008,100842.61121665008,100842.61121665008,100842.61121665008,100842.61121665008,100842.61121665008
2019-08-27,102608.41576968202,102608.41576968202,102608.41576968202,102608.41576968202,102608.41576968202,102608.41576968202,102608.41576968202,102608.41576968202,102608.41576968202,102608.41576968202,102608.41576968202,102608.41576968202,102608.41576968202
2019-08-28,102477.61745368013,102477.61745368013,102477.61745368013,102477.61745368013,102477.61745368013,102477.61745368013,102477.61745368013,102477.61745368013,102477.61745368013,102477.61745368013,102477.61745368013,102477.61745368013,102477.61745368013
2019-08-29,102019.8116532422,102019.8116532422,102019.8116532422,102019.8116532422,102019.8116532422,102019.8116532422,102019.8116532422,102019.8116532422,102019.8116532422,102019.8116532422,102019.8116532422,102019.8116532422,102019.8116532422
2019-08-30,102585.33212565871,102585.33212565871,102585.33212565871,102585.33212565871,102585.33212565871,102585.33212565871,102585.33212565871,102585.33212565871,102585.33212565871,102585.33212565871,102585.33212565871,102585.33212565871,102585.33212565871
2019-09-02,102596.88746812446,102596.88746812446,102596.88746812446,102596.88746812446,102596.88746812446,102596.88746812446,102596.88746812446,102596.88746812446,102596.88746812446,102596.88746812446,102596.88746812446,102596.88746812446,102596.88746812446
2019-09-03,102600.05924894637,102600.05924894637,102600.05924894637,102600.05924894637,102600.05924894637,102600.05924894637,102600.05924894637,102600.05924894637,102600.05924894637,102600.05924894637,102600.05924894637,102600.05924894637,102600.05924894637
2019-09-04,102603.23102976829,102603.23102976829,102603.23102976829,102603.23102976829,102603.23102976829,102603.23102976829,102603.23102976829,102603.23102976829,102603.23102976829,102603.23102976829,102603.23102976829,102603.23102976829,102603.23102976829
2019-09-05,102606.4028105902,102606.4028105902,102606.4028105902,102606.4028105902,102606.4028105902,102606.4028105902,102606.4028105902,102606.4028105902,102606.4028105902,102606.4028105902,102606.4028105902,102606.4028105902,102606.4028105902
2019-09-06,102609.5745914121,102609.5745914121,102609.5745914121,102609.5745914121,102609.5745914121,102609.5745914121,102609.5745914121,102609.5745914121,102609.5745914121,102609.5745914121,102609.5745914121,102609.5745914121,102609.5745914121
2019-09-09,104404.93048283037,104404.93048283037,104404.93048283037,104404.93048283037,104404.93048283037,104404.93048283037,104404.93048283037,104404.93048283037,104404.93048283037,104404.93048283037,104404.93048283037,104404.93048283037,104404.93048283037
2019-09-10,103842.43399950441,103842.43399950441,103842.43399950441,103842.43399950441,103842.43399950441,103842.43399950441,103842.43399950441,103842.43399950441,103842.43399950441,103842.43399950441,103842.43399950441,103842.43399950441,103842.43399950441
2019-09-11,102404.93388029512,102404.93388029512,102404.93388029512,102404.93388029512,102404.93388029512,102404.93388029512,102404.93388029512,102404.93388029512,102404.93388029512,102404.93388029512,102404.93388029512,102404.93388029512,102404.93388029512
2019-09-12,102904.93489357409,102904.93489357409,102904.93489357409,102904.93489357409,102904.93489357409,102904.93489357409,102904.93489357409,102904.93489357409,102904.93489357409,102904.93489357409,102904.93489357409,102904.93489357409,102904.93489357409
2019-09-16,103154.93167492327,103154.93167492327,103154.93167492327,103154.93167492327,103154.93167492327,103154.93167492327,103154.93167492327,103154.93167492327,103154.93167492327,103154.93167492327,103154.93167492327,103154.93167492327,103154.93167492327
2019-09-17,101154.935072388,101154.935072388,101154.935072388,101154.935072388,101154.935072388,101154.935072388,101154.935072388,101154.935072388,101154.935072388,101154.935072388,101154.935072388,101154.935072388,101154.935072388
2019-09-18,101092.43215176043,101092.43215176043,101092.43215176043,101092.43215176043,101092.43215176043,101092.43215176043,101092.43215176043,101092.43215176043,101092.43215176043,101092.43215176043,101092.43215176043,101092.43215176043,101092.43215176043
2019-09-19,102654.9306616443,102654.9306616443,102654.9306616443,102654.9306616443,102654.9306616443,102654.9306616443,102654.9306616443,102654.9306616443,102654.9306616443,102654.9306616443,102654.9306616443,102654.9306616443,102654.9306616443
2019-09-20,102404.93388029512,102404.93388029512,102404.93388029512,102404.93388029512,102404.93388029512,102404.93388029512,102404.93388029512,102404.93388029512,102404.93388029512,102404.93388029512,102404.93388029512,102404.93388029512,102404.93388029512
2019-09-23,101279.93346306261,101279.93346306261,101279.93346306261,101279.93346306261,101279.93346306261,101279.93346306261,101279.93346306261,101279.93346306261,101279.93346306261,101279.93346306261,101279.93346306261,101279.93346306261,101279.93346306261
2019-09-24,101842.42994638857,101842.42994638857,101842.42994638857,101842.42994638857,101842.42994638857,101842.42994638857,101842.42994638857,101842.42994638857,101842.42994638857,101842.42994638857,101842.42994638857,101842.42994638857,101842.42994638857
2019-09-25,100717.42952915606,100717.42952915606,100717.42952915606,100717.42952915606,100717.42952915606,100717.42952915606,100717.42952915606,100717.42952915606,100717.42952915606,100717.42952915606,100717.42952915606,100717.42952915606,100717.42952915606
2019-09-26,97592.43250938828,97592.43250938828,97592.43250938828,97592.43250938828,97592.43250938828,97592.43250938828,97592.43250938828,97592.43250938828,97592.43250938828,97592.43250938828,97592.43250938828,97592.43250938828,97592.43250938828
2019-09-27,97315.59013503799,97315.59013503799,97315.59013503799,97315.59013503799,97315.59013503799,97315.59013503799,97315.59013503799,97315.59013503799,97315.59013503799,97315.59013503799,97315.59013503799,97315.59013503799,97315.59013503799
2019-09-30,97118.59267133483,97118.59267133483,97118.59267133483,97118.59267133483,97118.59267133483,97118.59267133483,97118.59267133483,97118.59267133483,97118.59267133483,97118.59267133483,97118.59267133483,97118.59267133483,97118.59267133483
2019-10-08,96232.09234255561,96232.09234255561,96232.09234255561,96232.09234255561,96232.09234255561,96232.09234255561,96232.09234255561,96232.09234255561,96232.09234255561,96232.09234255561,96232.09234255561,96232.09234255561,96232.09234255561
2019-10-09,95050.08994716415,95050.08994716415,95050.08994716415,95050.08994716415,95050.08994716415,95050.08994716415,95050.08994716415,95050.08994716415,95050.08994716415,95050.08994716415,95050.08994716415,95050.08994716415,95050.08994716415
2019-10-10,94877.3716037146,94877.3716037146,94877.3716037146,94877.3716037146,94877.3716037146,94877.3716037146,94877.3716037146,94877.3716037146,94877.3716037146,94877.3716037146,94877.3716037146,94877.3716037146,94877.3716037146
2019-10-11,94968.38448699703,94968.38448699703,94968.38448699703,94968.38448699703,94968.38448699703,94968.38448699703,94968.38448699703,94968.38448699703,94968.38448699703,94968.38448699703,94968.38448699703,94968.38448699703,94968.38448699703
2019-10-14,94979.03352809293,94979.03352809293,94979.03352809293,94979.03352809293,94979.03352809293,94979.03352809293,94979.03352809293,94979.03352809293,94979.03352809293,94979.03352809293,94979.03352809293,94979.03352809293,94979.03352809293
2019-10-15,94981.95654179156,94981.95654179156,94981.95654179156,94981.95654179156,94981.95654179156,94981.95654179156,94981.95654179156,94981.95654179156,94981.95654179156,94981.95654179156,94981.95654179156,94981.95654179156,94981.95654179156
2019-10-16,94984.87955549019,94984.87955549019,94984.87955549019,94984.87955549019,94984.87955549019,94984.87955549019,94984.87955549019,94984.87955549019,94984.87955549019,94984.87955549019,94984.87955549019,94984.87955549019,94984.87955549019
2019-10-17,94987.80256918882,94987.80256918882,94987.80256918882,94987.80256918882,94987.80256918882,94987.80256918882,94987.80256918882,94987.80256918882,94987.80256918882,94987.80256918882,94987.80256918882,94987.80256918882,94987.80256918882
2019-10-18,94990.72558288745,94990.72558288745,94990.72558288745,94990.72558288745,94990.72558288745,94990.72558288745,94990.72558288745,94990.72558288745,94990.72558288745,94990.72558288745,94990.72558288745,94990.72558288745,94990.72558288745
2019-10-21,95001.37462398334,95001.37462398334,95001.37462398334,95001.37462398334,95001.37462398334,95001.37462398334,95001.37462398334,95001.37462398334,95001.37462398334,95001.37462398334,95001.37462398334,95001.37462398334,95001.37462398334
2019-10-22,95004.32873357239,95004.32873357239,95004.32873357239,95004.32873357239,95004.32873357239,95004.32873357239,95004.32873357239,95004.32873357239,95004.32873357239,95004.32873357239,95004.32873357239,95004.32873357239,95004.32873357239
2019-10-23,95007.28284316143,95007.28284316143,95007.28284316143,95007.28284316143,95007.28284316143,95007.28284316143,95007.28284316143,95007.28284316143,95007.28284316143,95007.28284316143,95007.28284316143,95007.28284316143,95007.28284316143
2019-10-24,95010.23695275048,95010.23695275048,95010.23695275048,95010.23695275048,95010.23695275048,95010.23695275048,95010.23695275048,95010.23695275048,95010.23695275048,95010.23695275048,95010.23695275048,95010.23695275048,95010.23695275048
2019-10-25,95013.19106233952,95013.19106233952,95013.19106233952,95013.19106233952,95013.19106233952,95013.19106233952,95013.19106233952,95013.19106233952,95013.19106233952,95013.19106233952,95013.19106233952,95013.19106233952,95013.19106233952
2019-10-28,95023.95339110665,95023.95339110665,95023.95339110665,95023.95339110665,95023.95339110665,95023.95339110665,95023.95339110665,95023.95339110665,95023.95339110665,95023.95339110665,95023.95339110665,95023.95339110665,95023.95339110665
2019-10-29,95026.9075006957,95026.9075006957,95026.9075006957,95026.9075006957,95026.9075006957,95026.9075006957,95026.9075006957,95026.9075006957,95026.9075006957,95026.9075006957,95026.9075006957,95026.9075006957,95026.9075006957
2019-10-30,95029.86161028474,95029.86161028474,95029.86161028474,95029.86161028474,95029.86161028474,95029.86161028474,95029.86161028474,95029.86161028474,95029.86161028474,95029.86161028474,95029.86161028474,95029.86161028474,95029.86161028474
2019-10-31,95032.81571987379,95032.81571987379,95032.81571987379,95032.81571987379,95032.81571987379,95032.81571987379,95032.81571987379,95032.81571987379,95032.81571987379,95032.81571987379,95032.81571987379,95032.81571987379,95032.81571987379
2019-11-01,95835.98247492044,95835.98247492044,95835.98247492044,95835.98247492044,95835.98247492044,95835.98247492044,95835.98247492044,95835.98247492044,95835.98247492044,95835.98247492044,95835.98247492044,95835.98247492044,95835.98247492044
2019-11-04,96366.07916080681,96366.07916080681,96366.07916080681,96366.07916080681,96366.07916080681,96366.07916080681,96366.07916080681,96366.07916080681,96366.07916080681,96366.07916080681,96366.07916080681,96366.07916080681,96366.07916080681
2019-11-05,97249.5853396627,97249.5853396627,97249.5853396627,97249.5853396627,97249.5853396627,97249.5853396627,97249.5853396627,97249.5853396627,97249.5853396627,97249.5853396627,97249.5853396627,97249.5853396627,97249.5853396627
2019-11-06,96601.68314897745,96601.68314897745,96601.68314897745,96601.68314897745,96601.68314897745,96601.68314897745,96601.68314897745,96601.68314897745,96601.68314897745,96601.68314897745,96601.68314897745,96601.68314897745,96601.68314897745
2019-11-07,97367.38382303446,97367.38382303446,97367.38382303446,97367.38382303446,97367.38382303446,97367.38382303446,97367.38382303446,97367.38382303446,97367.38382303446,97367.38382303446,97367.38382303446,97367.38382303446,97367.38382303446
2019-11-08,97013.9813514921,97013.9813514921,97013.9813514921,97013.9813514921,97013.9813514921,97013.9813514921,97013.9813514921,97013.9813514921,97013.9813514921,97013.9813514921,97013.9813514921,97013.9813514921,97013.9813514921
2019-11-11,94952.4833174917,94952.4833174917,94952.4833174917,94952.4833174917,94952.4833174917,94952.4833174917,94952.4833174917,94952.4833174917,94952.4833174917,94952.4833174917,94952.4833174917,94952.4833174917,94952.4833174917
2019-11-12,95011.37904846399,95011.37904846399,95011.37904846399,95011.37904846399,95011.37904846399,95011.37904846399,95011.37904846399,95011.37904846399,95011.37904846399,95011.37904846399,95011.37904846399,95011.37904846399,95011.37904846399
2019-11-13,95541.48275577753,95541.48275577753,95541.48275577753,95541.48275577753,95541.48275577753,95541.48275577753,95541.48275577753,95541.48275577753,95541.48275577753,95541.48275577753,95541.48275577753,95541.48275577753,95541.48275577753
2019-11-14,96130.48219406336,96130.48219406336,96130.48219406336,96130.48219406336,96130.48219406336,96130.48219406336,96130.48219406336,96130.48219406336,96130.48219406336,96130.48219406336,96130.48219406336,96130.48219406336,96130.48219406336
2019-11-15,95188.08028423517,95188.08028423517,95188.08028423517,95188.08028423517,95188.08028423517,95188.08028423517,95188.08028423517,95188.08028423517,95188.08028423517,95188.08028423517,95188.08028423517,95188.08028423517,95188.08028423517
2019-11-18,94986.71020219811,94986.71020219811,94986.71020219811,94986.71020219811,94986.71020219811,94986.71020219811,94986.71020219811,94986.71020219811,94986.71020219811,94986.71020219811,94986.71020219811,94986.71020219811,94986.71020219811
2019-11-19,95180.35282127427,95180.35282127427,95180.35282127427,95180.35282127427,95180.35282127427,95180.35282127427,95180.35282127427,95180.35282127427,95180.35282127427,95180.35282127427,95180.35282127427,95180.35282127427,95180.35282127427
2019-11-20,94541.22838138946,94541.22838138946,94541.22838138946,94541.22838138946,94541.22838138946,94541.22838138946,94541.22838138946,94541.22838138946,94541.22838138946,94541.22838138946,94541.22838138946,94541.22838138946,94541.22838138946
2019-11-21,93964.31883460117,93964.31883460117,93964.31883460117,93964.31883460117,93964.31883460117,93964.31883460117,93964.31883460117,93964.31883460117,93964.31883460117,93964.31883460117,93964.31883460117,93964.31883460117,93964.31883460117
2019-11-22,94005.83893169754,94005.83893169754,94005.83893169754,94005.83893169754,94005.83893169754,94005.83893169754,94005.83893169754,94005.83893169754,94005.83893169754,94005.83893169754,94005.83893169754,94005.83893169754,94005.83893169754
2019-11-25,94515.37836648412,94515.37836648412,94515.37836648412,94515.37836648412,94515.37836648412,94515.37836648412,94515.37836648412,94515.37836648412,94515.37836648412,94515.37836648412,94515.37836648412,94515.37836648412,94515.37836648412
2019-11-26,95252.97986127326,95252.97986127326,95252.97986127326,95252.97986127326,95252.97986127326,95252.97986127326,95252.97986127326,95252.97986127326,95252.97986127326,95252.97986127326,95252.97986127326,95252.97986127326,95252.97986127326
2019-11-27,95529.58179570622,95529.58179570622,95529.58179570622,95529.58179570622,95529.58179570622,95529.58179570622,95529.58179570622,95529.58179570622,95529.58179570622,95529.58179570622,95529.58179570622,95529.58179570622,95529.58179570622
2019-11-28,95990.58135606236,95990.58135606236,95990.58135606236,95990.58135606236,95990.58135606236,95990.58135606236,95990.58135606236,95990.58135606236,95990.58135606236,95990.58135606236,95990.58135606236,95990.58135606236,95990.58135606236
2019-11-29,96082.78566457219,96082.78566457219,96082.78566457219,96082.78566457219,96082.78566457219,96082.78566457219,96082.78566457219,96082.78566457219,96082.78566457219,96082.78566457219,96082.78566457219,96082.78566457219,96082.78566457219
2019-12-02,97189.18241120763,97189.18241120763,97189.18241120763,97189.18241120763,97189.18241120763,97189.18241120763,97189.18241120763,97189.18241120763,97189.18241120763,97189.18241120763,97189.18241120763,97189.18241120763,97189.18241120763
2019-12-03,95621.77511311955,95621.77511311955,95621.77511311955,95621.77511311955,95621.77511311955,95621.77511311955,95621.77511311955,95621.77511311955,95621.77511311955,95621.77511311955,95621.77511311955,95621.77511311955,95621.77511311955
2019-12-04,94515.37836648412,94515.37836648412,94515.37836648412,94515.37836648412,94515.37836648412,94515.37836648412,94515.37836648412,94515.37836648412,94515.37836648412,94515.37836648412,94515.37836648412,94515.37836648412,94515.37836648412
2019-12-05,94607.58267499394,94607.58267499394,94607.58267499394,94607.58267499394,94607.58267499394,94607.58267499394,94607.58267499394,94607.58267499394,94607.58267499394,94607.58267499394,94607.58267499394,94607.58267499394,94607.58267499394
2019-12-06,94884.18460942693,94884.18460942693,94884.18460942693,94884.18460942693,94884.18460942693,94884.18460942693,94884.18460942693,94884.18460942693,94884.18460942693,94884.18460942693,94884.18460942693,94884.18460942693,94884.18460942693
2019-12-09,95806.18373013921,95806.18373013921,95806.18373013921,95806.18373013921,95806.18373013921,95806.18373013921,95806.18373013921,95806.18373013921,95806.18373013921,95806.18373013921,95806.18373013921,95806.18373013921,95806.18373013921
2019-12-10,95437.3774871964,95437.3774871964,95437.3774871964,95437.3774871964,95437.3774871964,95437.3774871964,95437.3774871964,95437.3774871964,95437.3774871964,95437.3774871964,95437.3774871964,95437.3774871964,95437.3774871964
2019-12-11,95345.18416978307,95345.18416978307,95345.18416978307,95345.18416978307,95345.18416978307,95345.18416978307,95345.18416978307,95345.18416978307,95345.18416978307,95345.18416978307,95345.18416978307,95345.18416978307,95345.18416978307
2019-12-12,95898.37704755252,95898.37704755252,95898.37704755252,95898.37704755252,95898.37704755252,95898.37704755252,95898.37704755252,95898.37704755252,95898.37704755252,95898.37704755252,95898.37704755252,95898.37704755252,95898.37704755252
2019-12-13,96174.97898198552,96174.97898198552,96174.97898198552,96174.97898198552,96174.97898198552,96174.97898198552,96174.97898198552,96174.97898198552,96174.97898198552,96174.97898198552,96174.97898198552,96174.97898198552,96174.97898198552
2019-12-16,96359.37660790868,96359.37660790868,96359.37660790868,96359.37660790868,96359.37660790868,96359.37660790868,96359.37660790868,96359.37660790868,96359.37660790868,96359.37660790868,96359.37660790868,96359.37660790868,96359.37660790868
2019-12-17,96662.99343196939,96662.99343196939,96662.99343196939,96662.99343196939,96662.99343196939,96662.99343196939,96662.99343196939,96662.99343196939,96662.99343196939,96662.99343196939,96662.99343196939,96662.99343196939,96662.99343196939
2019-12-18,96483.22835748678,96483.22835748678,96483.22835748678,96483.22835748678,96483.22835748678,96483.22835748678,96483.22835748678,96483.22835748678,96483.22835748678,96483.22835748678,96483.22835748678,96483.22835748678,96483.22835748678
2019-12-19,96486.21356296622,96486.21356296622,96486.21356296622,96486.21356296622,96486.21356296622,96486.21356296622,96486.21356296622,96486.21356296622,96486.21356296622,96486.21356296622,96486.21356296622,96486.21356296622,96486.21356296622
2019-12-20,96344.66488390556,96344.66488390556,96344.66488390556,96344.66488390556,96344.66488390556,96344.66488390556,96344.66488390556,96344.66488390556,96344.66488390556,96344.66488390556,96344.66488390556,96344.66488390556,96344.66488390556
2019-12-23,95327.05776720634,95327.05776720634,95327.05776720634,95327.05776720634,95327.05776720634,95327.05776720634,95327.05776720634,95327.05776720634,95327.05776720634,95327.05776720634,95327.05776720634,95327.05776720634,95327.05776720634
2019-12-24,95835.86132555595,95835.86132555595,95835.86132555595,95835.86132555595,95835.86132555595,95835.86132555595,95835.86132555595,95835.86132555595,95835.86132555595,95835.86132555595,95835.86132555595,95835.86132555595,95835.86132555595
2019-12-25,95666.26350908866,95666.26350908866,95666.26350908866,95666.26350908866,95666.26350908866,95666.26350908866,95666.26350908866,95666.26350908866,95666.26350908866,95666.26350908866,95666.26350908866,95666.26350908866,95666.26350908866
2019-12-26,96344.66488390556,96344.66488390556,96344.66488390556,96344.66488390556,96344.66488390556,96344.66488390556,96344.66488390556,96344.66488390556,96344.66488390556,96344.66488390556,96344.66488390556,96344.66488390556,96344.66488390556
2019-12-27,94225.21049825235,94225.21049825235,94225.21049825235,94225.21049825235,94225.21049825235,94225.21049825235,94225.21049825235,94225.21049825235,94225.21049825235,94225.21049825235,94225.21049825235,94225.21049825235,94225.21049825235
2019-12-30,95831.81292859597,95831.81292859597,95831.81292859597,95831.81292859597,95831.81292859597,95831.81292859597,95831.81292859597,95831.81292859597,95831.81292859597,95831.81292859597,95831.81292859597,95831.81292859597,95831.81292859597
2019-12-31,95998.01409093423,95998.01409093423,95998.01409093423,95998.01409093423,95998.01409093423,95998.01409093423,95998.01409093423,95998.01409093423,95998.01409093423,95998.01409093423,95998.01409093423,95998.01409093423,95998.01409093423
2020-01-02,97937.01224175973,97937.01224175973,97937.01224175973,97937.01224175973,97937.01224175973,97937.01224175973,97937.01224175973,97937.01224175973,97937.01224175973,97937.01224175973,97937.01224175973,97937.01224175973,97937.01224175973
2020-01-03,97881.61625711007,97881.61625711007,97881.61625711007,97881.61625711007,97881.61625711007,97881.61625711007,97881.61625711007,97881.61625711007,97881.61625711007,97881.61625711007,97881.61625711007,97881.61625711007,97881.61625711007
2020-01-06,97292.52677711743,97292.52677711743,97292.52677711743,97292.52677711743,97292.52677711743,97292.52677711743,97292.52677711743,97292.52677711743,97292.52677711743,97292.52677711743,97292.52677711743,97292.52677711743,97292.52677711743
2020-01-07,97295.54307848729,97295.54307848729,97295.54307848729,97295.54307848729,97295.54307848729,97295.54307848729,97295.54307848729,97295.54307848729,97295.54307848729,97295.54307848729,97295.54307848729,97295.54307848729,97295.54307848729
2020-01-08,97298.55937985715,97298.55937985715,97298.55937985715,97298.55937985715,97298.55937985715,97298.55937985715,97298.55937985715,97298.55937985715,97298.55937985715,97298.55937985715,97298.55937985715,97298.55937985715,97298.55937985715
2020-01-09,97301.57568122701,97301.57568122701,97301.57568122701,97301.57568122701,97301.57568122701,97301.57568122701,97301.57568122701,97301.57568122701,97301.57568122701,97301.57568122701,97301.57568122701,97301.57568122701,97301.57568122701
2020-01-10,97304.59198259687,97304.59198259687,97304.59198259687,97304.59198259687,97304.59198259687,97304.59198259687,97304.59198259687,97304.59198259687,97304.59198259687,97304.59198259687,97304.59198259687,97304.59198259687,97304.59198259687
2020-01-13,97315.58088670646,97315.58088670646,97315.58088670646,97315.58088670646,97315.58088670646,97315.58088670646,97315.58088670646,97315.58088670646,97315.58088670646,97315.58088670646,97315.58088670646,97315.58088670646,97315.58088670646
2020-01-14,97318.59718807632,97318.59718807632,97318.59718807632,97318.59718807632,97318.59718807632,97318.59718807632,97318.59718807632,97318.59718807632,97318.59718807632,97318.59718807632,97318.59718807632,97318.59718807632,97318.59718807632
2020-01-15,97321.61348944619,97321.61348944619,97321.61348944619,97321.61348944619,97321.61348944619,97321.61348944619,97321.61348944619,97321.61348944619,97321.61348944619,97321.61348944619,97321.61348944619,97321.61348944619,97321.61348944619
2020-01-16,97324.62979081605,97324.62979081605,97324.62979081605,97324.62979081605,97324.62979081605,97324.62979081605,97324.62979081605,97324.62979081605,97324.62979081605,97324.62979081605,97324.62979081605,97324.62979081605,97324.62979081605
2020-01-17,97327.64609218591,97327.64609218591,97327.64609218591,97327.64609218591,97327.64609218591,97327.64609218591,97327.64609218591,97327.64609218591,97327.64609218591,97327.64609218591,97327.64609218591,97327.64609218591,97327.64609218591
2020-01-20,97338.6349962955,97338.6349962955,97338.6349962955,97338.6349962955,97338.6349962955,97338.6349962955,97338.6349962955,97338.6349962955,97338.6349962955,97338.6349962955,97338.6349962955,97338.6349962955,97338.6349962955
2020-01-21,97341.65129766536,97341.65129766536,97341.65129766536,97341.65129766536,97341.65129766536,97341.65129766536,97341.65129766536,97341.65129766536,97341.65129766536,97341.65129766536,97341.65129766536,97341.65129766536,97341.65129766536
2020-01-22,97344.66759903522,97344.66759903522,97344.66759903522,97344.66759903522,97344.66759903522,97344.66759903522,97344.66759903522,97344.66759903522,97344.66759903522,97344.66759903522,97344.66759903522,97344.66759903522,97344.66759903522
2020-01-23,97347.68390040509,97347.68390040509,97347.68390040509,97347.68390040509,97347.68390040509,97347.68390040509,97347.68390040509,97347.68390040509,97347.68390040509,97347.68390040509,97347.68390040509,97347.68390040509,97347.68390040509
2020-02-03,97390.56321547358,97390.56321547358,97390.56321547358,97390.56321547358,97390.56321547358,97390.56321547358,97390.56321547358,97390.56321547358,97390.56321547358,97390.56321547358,97390.56321547358,97390.56321547358,97390.56321547358
2020-02-04,97393.57951684344,97393.57951684344,97393.57951684344,97393.57951684344,97393.57951684344,97393.57951684344,97393.57951684344,97393.57951684344,97393.57951684344,97393.57951684344,97393.57951684344,97393.57951684344,97393.57951684344
2020-02-05,97396.5958182133,97396.5958182133,97396.5958182133,97396.5958182133,97396.5958182133,97396.5958182133,97396.5958182133,97396.5958182133,97396.5958182133,97396.5958182133,97396.5958182133,97396.5958182133,97396.5958182133
2020-02-06,97399.61211958317,97399.61211958317,97399.61211958317,97399.61211958317,97399.61211958317,97399.61211958317,97399.61211958317,97399.61211958317,97399.61211958317,97399.61211958317,97399.61211958317,97399.61211958317,97399.61211958317
2020-02-07,97402.62842095303,97402.62842095303,97402.62842095303,97402.62842095303,97402.62842095303,97402.62842095303,97402.62842095303,97402.62842095303,97402.62842095303,97402.62842095303,97402.62842095303,97402.62842095303,97402.62842095303
2020-02-10,97413.61732506262,97413.61732506262,97413.61732506262,97413.61732506262,97413.61732506262,97413.61732506262,97413.61732506262,97413.61732506262,97413.61732506262,97413.61732506262,97413.61732506262,97413.61732506262,97413.61732506262
2020-02-11,97416.63362643248,97416.63362643248,97416.63362643248,97416.63362643248,97416.63362643248,97416.63362643248,97416.63362643248,97416.63362643248,97416.63362643248,97416.63362643248,97416.63362643248,97416.63362643248,97416.63362643248
2020-02-12,97419.64992780234,97419.64992780234,97419.64992780234,97419.64992780234,97419.64992780234,97419.64992780234,97419.64992780234,97419.64992780234,97419.64992780234,97419.64992780234,97419.64992780234,97419.64992780234,97419.64992780234
2020-02-13,97422.6662291722,97422.6662291722,97422.6662291722,97422.6662291722,97422.6662291722,97422.6662291722,97422.6662291722,97422.6662291722,97422.6662291722,97422.6662291722,97422.6662291722,97422.6662291722,97422.6662291722
2020-02-14,97425.68253054206,97425.68253054206,97425.68253054206,97425.68253054206,97425.68253054206,97425.68253054206,97425.68253054206,97425.68253054206,97425.68253054206,97425.68253054206,97425.68253054206,97425.68253054206,97425.68253054206
2020-02-17,97436.67143465165,97436.67143465165,97436.67143465165,97436.67143465165,97436.67143465165,97436.67143465165,97436.67143465165,97436.67143465165,97436.67143465165,97436.67143465165,97436.67143465165,97436.67143465165,97436.67143465165
2020-02-18,97439.68773602151,97439.68773602151,97439.68773602151,97439.68773602151,97439.68773602151,97439.68773602151,97439.68773602151,97439.68773602151,97439.68773602151,97439.68773602151,97439.68773602151,97439.68773602151,97439.68773602151
2020-02-19,97442.70403739138,97442.70403739138,97442.70403739138,97442.70403739138,97442.70403739138,97442.70403739138,97442.70403739138,97442.70403739138,97442.70403739138,97442.70403739138,97442.70403739138,97442.70403739138,97442.70403739138
2020-02-20,97445.72033876124,97445.72033876124,97445.72033876124,97445.72033876124,97445.72033876124,97445.72033876124,97445.72033876124,97445.72033876124,97445.72033876124,97445.72033876124,97445.72033876124,97445.72033876124,97445.72033876124
2020-02-21,97448.7366401311,97448.7366401311,97448.7366401311,97448.7366401311,97448.7366401311,97448.7366401311,97448.7366401311,97448.7366401311,97448.7366401311,97448.7366401311,97448.7366401311,97448.7366401311,97448.7366401311
2020-02-24,97459.72554424069,97459.72554424069,97459.72554424069,97459.72554424069,97459.72554424069,97459.72554424069,97459.72554424069,97459.72554424069,97459.72554424069,97459.72554424069,97459.72554424069,97459.72554424069,97459.72554424069
2020-02-25,97462.74184561055,97462.74184561055,97462.74184561055,97462.74184561055,97462.74184561055,97462.74184561055,97462.74184561055,97462.74184561055,97462.74184561055,97462.74184561055,97462.74184561055,97462.74184561055,97462.74184561055
2020-02-26,97465.75814698041,97465.75814698041,97465.75814698041,97465.75814698041,97465.75814698041,97465.75814698041,97465.75814698041,97465.75814698041,97465.75814698041,97465.75814698041,97465.75814698041,97465.75814698041,97465.75814698041
2020-02-27,97468.77444835028,97468.77444835028,97468.77444835028,97468.77444835028,97468.77444835028,97468.77444835028,97468.77444835028,97468.77444835028,97468.77444835028,97468.77444835028,97468.77444835028,97468.77444835028,97468.77444835028
2020-02-28,97471.79074972014,97471.79074972014,97471.79074972014,97471.79074972014,97471.79074972014,97471.79074972014,97471.79074972014,97471.79074972014,97471.79074972014,97471.79074972014,97471.79074972014,97471.79074972014,97471.79074972014
2020-03-02,97482.77965382973,97482.77965382973,97482.77965382973,97482.77965382973,97482.77965382973,97482.77965382973,97482.77965382973,97482.77965382973,97482.77965382973,97482.77965382973,97482.77965382973,97482.77965382973,97482.77965382973
2020-03-03,97485.79595519959,97485.79595519959,97485.79595519959,97485.79595519959,97485.79595519959,97485.79595519959,97485.79595519959,97485.79595519959,97485.79595519959,97485.79595519959,97485.79595519959,97485.79595519959,97485.79595519959
2020-03-04,97488.81225656945,97488.81225656945,97488.81225656945,97488.81225656945,97488.81225656945,97488.81225656945,97488.81225656945,97488.81225656945,97488.81225656945,97488.81225656945,97488.81225656945,97488.81225656945,97488.81225656945
2020-03-05,97491.82855793931,97491.82855793931,97491.82855793931,97491.82855793931,97491.82855793931,97491.82855793931,97491.82855793931,97491.82855793931,97491.82855793931,97491.82855793931,97491.82855793931,97491.82855793931,97491.82855793931
2020-03-06,97494.84485930917,97494.84485930917,97494.84485930917,97494.84485930917,97494.84485930917,97494.84485930917,97494.84485930917,97494.84485930917,97494.84485930917,97494.84485930917,97494.84485930917,97494.84485930917,97494.84485930917
2020-03-09,97505.83376341876,97505.83376341876,97505.83376341876,97505.83376341876,97505.83376341876,97505.83376341876,97505.83376341876,97505.83376341876,97505.83376341876,97505.83376341876,97505.83376341876,97505.83376341876,97505.83376341876
2020-03-10,97508.85006478862,97508.85006478862,97508.85006478862,97508.85006478862,97508.85006478862,97508.85006478862,97508.85006478862,97508.85006478862,97508.85006478862,97508.85006478862,97508.85006478862,97508.85006478862,97508.85006478862
2020-03-11,97511.86636615849,97511.86636615849,97511.86636615849,97511.86636615849,97511.86636615849,97511.86636615849,97511.86636615849,97511.86636615849,97511.86636615849,97511.86636615849,97511.86636615849,97511.86636615849,97511.86636615849
2020-03-12,97514.88266752835,97514.88266752835,97514.88266752835,97514.88266752835,97514.88266752835,97514.88266752835,97514.88266752835,97514.88266752835,97514.88266752835,97514.88266752835,97514.88266752835,97514.88266752835,97514.88266752835
2020-03-13,97517.89896889821,97517.89896889821,97517.89896889821,97517.89896889821,97517.89896889821,97517.89896889821,97517.89896889821,97517.89896889821,97517.89896889821,97517.89896889821,97517.89896889821,97517.89896889821,97517.89896889821
2020-03-16,97528.8878730078,97528.8878730078,97528.8878730078,97528.8878730078,97528.8878730078,97528.8878730078,97528.8878730078,97528.8878730078,97528.8878730078,97528.8878730078,97528.8878730078,97528.8878730078,97528.8878730078
2020-03-17,97531.90417437766,97531.90417437766,97531.90417437766,97531.90417437766,97531.90417437766,97531.90417437766,97531.90417437766,97531.90417437766,97531.90417437766,97531.90417437766,97531.90417437766,97531.90417437766,97531.90417437766
2020-03-18,97534.92047574752,97534.92047574752,97534.92047574752,97534.92047574752,97534.92047574752,97534.92047574752,97534.92047574752,97534.92047574752,97534.92047574752,97534.92047574752,97534.92047574752,97534.92047574752,97534.92047574752
2020-03-19,97537.93677711739,97537.93677711739,97537.93677711739,97537.93677711739,97537.93677711739,97537.93677711739,97537.93677711739,97537.93677711739,97537.93677711739,97537.93677711739,97537.93677711739,97537.93677711739,97537.93677711739
2020-03-20,97540.95307848725,97540.95307848725,97540.95307848725,97540.95307848725,97540.95307848725,97540.95307848725,97540.95307848725,97540.95307848725,97540.95307848725,97540.95307848725,97540.95307848725,97540.95307848725,97540.95307848725
2020-03-23,97551.94198259684,97551.94198259684,97551.94198259684,97551.94198259684,97551.94198259684,97551.94198259684,97551.94198259684,97551.94198259684,97551.94198259684,97551.94198259684,97551.94198259684,97551.94198259684,97551.94198259684
2020-03-24,97554.9582839667,97554.9582839667,97554.9582839667,97554.9582839667,97554.9582839667,97554.9582839667,97554.9582839667,97554.9582839667,97554.9582839667,97554.9582839667,97554.9582839667,97554.9582839667,97554.9582839667
2020-03-25,97557.97458533656,97557.97458533656,97557.97458533656,97557.97458533656,97557.97458533656,97557.97458533656,97557.97458533656,97557.97458533656,97557.97458533656,97557.97458533656,97557.97458533656,97557.97458533656,97557.97458533656
2020-03-26,97560.99088670642,97560.99088670642,97560.99088670642,97560.99088670642,97560.99088670642,97560.99088670642,97560.99088670642,97560.99088670642,97560.99088670642,97560.99088670642,97560.99088670642,97560.99088670642,97560.99088670642
2020-03-27,97564.00718807628,97564.00718807628,97564.00718807628,97564.00718807628,97564.00718807628,97564.00718807628,97564.00718807628,97564.00718807628,97564.00718807628,97564.00718807628,97564.00718807628,97564.00718807628,97564.00718807628
2020-03-30,97574.99609218587,97574.99609218587,97574.99609218587,97574.99609218587,97574.99609218587,97574.99609218587,97574.99609218587,97574.99609218587,97574.99609218587,97574.99609218587,97574.99609218587,97574.99609218587,97574.99609218587
2020-03-31,97578.01239355573,97578.01239355573,97578.01239355573,97578.01239355573,97578.01239355573,97578.01239355573,97578.01239355573,97578.01239355573,97578.01239355573,97578.01239355573,97578.01239355573,97578.01239355573,97578.01239355573
2020-04-01,97581.0286949256,97581.0286949256,97581.0286949256,97581.0286949256,97581.0286949256,97581.0286949256,97581.0286949256,97581.0286949256,97581.0286949256,97581.0286949256,97581.0286949256,97581.0286949256,97581.0286949256
2020-04-02,97584.04499629546,97584.04499629546,97584.04499629546,97584.04499629546,97584.04499629546,97584.04499629546,97584.04499629546,97584.04499629546,97584.04499629546,97584.04499629546,97584.04499629546,97584.04499629546,97584.04499629546
2020-04-03,97587.06129766532,97587.06129766532,97587.06129766532,97587.06129766532,97587.06129766532,97587.06129766532,97587.06129766532,97587.06129766532,97587.06129766532,97587.06129766532,97587.06129766532,97587.06129766532,97587.06129766532
2020-04-07,97602.03650314477,97602.03650314477,97602.03650314477,97602.03650314477,97602.03650314477,97602.03650314477,97602.03650314477,97602.03650314477,97602.03650314477,97602.03650314477,97602.03650314477,97602.03650314477,97602.03650314477
2020-04-08,97605.05280451463,97605.05280451463,97605.05280451463,97605.05280451463,97605.05280451463,97605.05280451463,97605.05280451463,97605.05280451463,97605.05280451463,97605.05280451463,97605.05280451463,97605.05280451463,97605.05280451463
2020-04-09,97608.0691058845,97608.0691058845,97608.0691058845,97608.0691058845,97608.0691058845,97608.0691058845,97608.0691058845,97608.0691058845,97608.0691058845,97608.0691058845,97608.0691058845,97608.0691058845,97608.0691058845
2020-04-10,97611.08540725436,97611.08540725436,97611.08540725436,97611.08540725436,97611.08540725436,97611.08540725436,97611.08540725436,97611.08540725436,97611.08540725436,97611.08540725436,97611.08540725436,97611.08540725436,97611.08540725436
2020-04-13,97622.07431136395,97622.07431136395,97622.07431136395,97622.07431136395,97622.07431136395,97622.07431136395,97622.07431136395,97622.07431136395,97622.07431136395,97622.07431136395,97622.07431136395,97622.07431136395,97622.07431136395
2020-04-14,97625.09061273381,97625.09061273381,97625.09061273381,97625.09061273381,97625.09061273381,97625.09061273381,97625.09061273381,97625.09061273381,97625.09061273381,97625.09061273381,97625.09061273381,97625.09061273381,97625.09061273381
2020-04-15,97628.10691410367,97628.10691410367,97628.10691410367,97628.10691410367,97628.10691410367,97628.10691410367,97628.10691410367,97628.10691410367,97628.10691410367,97628.10691410367,97628.10691410367,97628.10691410367,97628.10691410367
2020-04-16,97631.12321547353,97631.12321547353,97631.12321547353,97631.12321547353,97631.12321547353,97631.12321547353,97631.12321547353,97631.12321547353,97631.12321547353,97631.12321547353,97631.12321547353,97631.12321547353,97631.12321547353
2020-04-17,97634.1395168434,97634.1395168434,97634.1395168434,97634.1395168434,97634.1395168434,97634.1395168434,97634.1395168434,97634.1395168434,97634.1395168434,97634.1395168434,97634.1395168434,97634.1395168434,97634.1395168434
2020-04-20,97645.12842095298,97645.12842095298,97645.12842095298,97645.12842095298,97645.12842095298,97645.12842095298,97645.12842095298,97645.12842095298,97645.12842095298,97645.12842095298,97645.12842095298,97645.12842095298,97645.12842095298
2020-04-21,97648.14472232285,97648.14472232285,97648.14472232285,97648.14472232285,97648.14472232285,97648.14472232285,97648.14472232285,97648.14472232285,97648.14472232285,97648.14472232285,97648.14472232285,97648.14472232285,97648.14472232285
2020-04-22,97651.16102369271,97651.16102369271,97651.16102369271,97651.16102369271,97651.16102369271,97651.16102369271,97651.16102369271,97651.16102369271,97651.16102369271,97651.16102369271,97651.16102369271,97651.16102369271,97651.16102369271
2020-04-23,97654.17732506257,97654.17732506257,97654.17732506257,97654.17732506257,97654.17732506257,97654.17732506257,97654.17732506257,97654.17732506257,97654.17732506257,97654.17732506257,97654.17732506257,97654.17732506257,97654.17732506257
2020-04-24,97657.19362643243,97657.19362643243,97657.19362643243,97657.19362643243,97657.19362643243,97657.19362643243,97657.19362643243,97657.19362643243,97657.19362643243,97657.19362643243,97657.19362643243,97657.19362643243,97657.19362643243
2020-04-27,97668.18253054202,97668.18253054202,97668.18253054202,97668.18253054202,97668.18253054202,97668.18253054202,97668.18253054202,97668.18253054202,97668.18253054202,97668.18253054202,97668.18253054202,97668.18253054202,97668.18253054202
2020-04-28,97671.19883191188,97671.19883191188,97671.19883191188,97671.19883191188,97671.19883191188,97671.19883191188,97671.19883191188,97671.19883191188,97671.19883191188,97671.19883191188,97671.19883191188,97671.19883191188,97671.19883191188
2020-04-29,97674.21513328174,97674.21513328174,97674.21513328174,97674.21513328174,97674.21513328174,97674.21513328174,97674.21513328174,97674.21513328174,97674.21513328174,97674.21513328174,97674.21513328174,97674.21513328174,97674.21513328174
2020-04-30,97677.2314346516,97677.2314346516,97677.2314346516,97677.2314346516,97677.2314346516,97677.2314346516,97677.2314346516,97677.2314346516,97677.2314346516,97677.2314346516,97677.2314346516,97677.2314346516,97677.2314346516
2020-05-06,97700.17924287078,97700.17924287078,97700.17924287078,97700.17924287078,97700.17924287078,97700.17924287078,97700.17924287078,97700.17924287078,97700.17924287078,97700.17924287078,97700.17924287078,97700.17924287078,97700.17924287078
2020-05-07,97703.19554424065,97703.19554424065,97703.19554424065,97703.19554424065,97703.19554424065,97703.19554424065,97703.19554424065,97703.19554424065,97703.19554424065,97703.19554424065,97703.19554424065,97703.19554424065,97703.19554424065
2020-05-08,97706.21184561051,97706.21184561051,97706.21184561051,97706.21184561051,97706.21184561051,97706.21184561051,97706.21184561051,97706.21184561051,97706.21184561051,97706.21184561051,97706.21184561051,97706.21184561051,97706.21184561051
2020-05-11,97717.2007497201,97717.2007497201,97717.2007497201,97717.2007497201,97717.2007497201,97717.2007497201,97717.2007497201,97717.2007497201,97717.2007497201,97717.2007497201,97717.2007497201,97717.2007497201,97717.2007497201
2020-05-12,97720.21705108996,97720.21705108996,97720.21705108996,97720.21705108996,97720.21705108996,97720.21705108996,97720.21705108996,97720.21705108996,97720.21705108996,97720.21705108996,97720.21705108996,97720.21705108996,97720.21705108996
2020-05-13,97723.23335245982,97723.23335245982,97723.23335245982,97723.23335245982,97723.23335245982,97723.23335245982,97723.23335245982,97723.23335245982,97723.23335245982,97723.23335245982,97723.23335245982,97723.23335245982,97723.23335245982
2020-05-14,97726.24965382968,97726.24965382968,97726.24965382968,97726.24965382968,97726.24965382968,97726.24965382968,97726.24965382968,97726.24965382968,97726.24965382968,97726.24965382968,97726.24965382968,97726.24965382968,97726.24965382968
2020-05-15,97729.26595519955,97729.26595519955,97729.26595519955,97729.26595519955,97729.26595519955,97729.26595519955,97729.26595519955,97729.26595519955,97729.26595519955,97729.26595519955,97729.26595519955,97729.26595519955,97729.26595519955
2020-05-18,97740.25485930913,97740.25485930913,97740.25485930913,97740.25485930913,97740.25485930913,97740.25485930913,97740.25485930913,97740.25485930913,97740.25485930913,97740.25485930913,97740.25485930913,97740.25485930913,97740.25485930913
2020-05-19,97743.271160679,97743.271160679,97743.271160679,97743.271160679,97743.271160679,97743.271160679,97743.271160679,97743.271160679,97743.271160679,97743.271160679,97743.271160679,97743.271160679,97743.271160679
2020-05-20,97746.28746204886,97746.28746204886,97746.28746204886,97746.28746204886,97746.28746204886,97746.28746204886,97746.28746204886,97746.28746204886,97746.28746204886,97746.28746204886,97746.28746204886,97746.28746204886,97746.28746204886
2020-05-21,97749.30376341872,97749.30376341872,97749.30376341872,97749.30376341872,97749.30376341872,97749.30376341872,97749.30376341872,97749.30376341872,97749.30376341872,97749.30376341872,97749.30376341872,97749.30376341872,97749.30376341872
2020-05-22,97752.32006478858,97752.32006478858,97752.32006478858,97752.32006478858,97752.32006478858,97752.32006478858,97752.32006478858,97752.32006478858,97752.32006478858,97752.32006478858,97752.32006478858,97752.32006478858,97752.32006478858
2020-05-25,97763.30896889817,97763.30896889817,97763.30896889817,97763.30896889817,97763.30896889817,97763.30896889817,97763.30896889817,97763.30896889817,97763.30896889817,97763.30896889817,97763.30896889817,97763.30896889817,97763.30896889817
2020-05-26,97766.32527026803,97766.32527026803,97766.32527026803,97766.32527026803,97766.32527026803,97766.32527026803,97766.32527026803,97766.32527026803,97766.32527026803,97766.32527026803,97766.32527026803,97766.32527026803,97766.32527026803
2020-05-27,97769.3415716379,97769.3415716379,97769.3415716379,97769.3415716379,97769.3415716379,97769.3415716379,97769.3415716379,97769.3415716379,97769.3415716379,97769.3415716379,97769.3415716379,97769.3415716379,97769.3415716379
2020-05-28,97772.35787300776,97772.35787300776,97772.35787300776,97772.35787300776,97772.35787300776,97772.35787300776,97772.35787300776,97772.35787300776,97772.35787300776,97772.35787300776,97772.35787300776,97772.35787300776,97772.35787300776
2020-05-29,97775.37417437762,97775.37417437762,97775.37417437762,97775.37417437762,97775.37417437762,97775.37417437762,97775.37417437762,97775.37417437762,97775.37417437762,97775.37417437762,97775.37417437762,97775.37417437762,97775.37417437762
2020-06-01,97786.36307848721,97786.36307848721,97786.36307848721,97786.36307848721,97786.36307848721,97786.36307848721,97786.36307848721,97786.36307848721,97786.36307848721,97786.36307848721,97786.36307848721,97786.36307848721,97786.36307848721
2020-06-02,97789.37937985707,97789.37937985707,97789.37937985707,97789.37937985707,97789.37937985707,97789.37937985707,97789.37937985707,97789.37937985707,97789.37937985707,97789.37937985707,97789.37937985707,97789.37937985707,97789.37937985707
2020-06-03,97792.39568122693,97792.39568122693,97792.39568122693,97792.39568122693,97792.39568122693,97792.39568122693,97792.39568122693,97792.39568122693,97792.39568122693,97792.39568122693,97792.39568122693,97792.39568122693,97792.39568122693
2020-06-04,97776.9500472772,97776.9500472772,97776.9500472772,97776.9500472772,97776.9500472772,97776.9500472772,97776.9500472772,97776.9500472772,97776.9500472772,97776.9500472772,97776.9500472772,97776.9500472772,97776.9500472772
2020-06-05,97700.44951226591,97700.44951226591,97700.44951226591,97700.44951226591,97700.44951226591,97700.44951226591,97700.44951226591,97700.44951226591,97700.44951226591,97700.44951226591,97700.44951226591,97700.44951226591,97700.44951226591
2020-06-08,96300.81171302653,96300.81171302653,96300.81171302653,96300.81171302653,96300.81171302653,96300.81171302653,96300.81171302653,96300.81171302653,96300.81171302653,96300.81171302653,96300.81171302653,96300.81171302653,96300.81171302653
2020-06-09,96506.11689038281,96506.11689038281,96506.11689038281,96506.11689038281,96506.11689038281,96506.11689038281,96506.11689038281,96506.11689038281,96506.11689038281,96506.11689038281,96506.11689038281,96506.11689038281,96506.11689038281
2020-06-10,97538.15030062717,97538.15030062717,97538.15030062717,97538.15030062717,97538.15030062717,97538.15030062717,97538.15030062717,97538.15030062717,97538.15030062717,97538.15030062717,97538.15030062717,97538.15030062717,97538.15030062717
2020-06-11,96656.65114129108,96656.65114129108,96656.65114129108,96656.65114129108,96656.65114129108,96656.65114129108,96656.65114129108,96656.65114129108,96656.65114129108,96656.65114129108,96656.65114129108,96656.65114129108,96656.65114129108
2020-06-12,94012.1536632828,94012.1536632828,94012.1536632828,94012.1536632828,94012.1536632828,94012.1536632828,94012.1536632828,94012.1536632828,94012.1536632828,94012.1536632828,94012.1536632828,94012.1536632828,94012.1536632828
2020-06-15,91720.25164568942,91720.25164568942,91720.25164568942,91720.25164568942,91720.25164568942,91720.25164568942,91720.25164568942,91720.25164568942,91720.25164568942,91720.25164568942,91720.25164568942,91720.25164568942,91720.25164568942
2020-06-16,95775.15198195499,95775.15198195499,95775.15198195499,95775.15198195499,95775.15198195499,95775.15198195499,95775.15198195499,95775.15198195499,95775.15198195499,95775.15198195499,95775.15198195499,95775.15198195499,95775.15198195499
2020-06-17,97185.55484021228,97185.55484021228,97185.55484021228,97185.55484021228,97185.55484021228,97185.55484021228,97185.55484021228,97185.55484021228,97185.55484021228,97185.55484021228,97185.55484021228,97185.55484021228,97185.55484021228
2020-06-18,97009.25711000484,97009.25711000484,97009.25711000484,97009.25711000484,97009.25711000484,97009.25711000484,97009.25711000484,97009.25711000484,97009.25711000484,97009.25711000484,97009.25711000484,97009.25711000484,97009.25711000484
2020-06-19,97714.45853913348,97714.45853913348,97714.45853913348,97714.45853913348,97714.45853913348,97714.45853913348,97714.45853913348,97714.45853913348,97714.45853913348,97714.45853913348,97714.45853913348,97714.45853913348,97714.45853913348
2020-06-22,97185.55484021228,97185.55484021228,97185.55484021228,97185.55484021228,97185.55484021228,97185.55484021228,97185.55484021228,97185.55484021228,97185.55484021228,97185.55484021228,97185.55484021228,97185.55484021228,97185.55484021228
2020-06-23,97736.20368428002,97736.20368428002,97736.20368428002,97736.20368428002,97736.20368428002,97736.20368428002,97736.20368428002,97736.20368428002,97736.20368428002,97736.20368428002,97736.20368428002,97736.20368428002,97736.20368428002
2020-06-24,98111.65783463538,98111.65783463538,98111.65783463538,98111.65783463538,98111.65783463538,98111.65783463538,98111.65783463538,98111.65783463538,98111.65783463538,98111.65783463538,98111.65783463538,98111.65783463538,98111.65783463538
2020-06-29,97118.80911210726,97118.80911210726,97118.80911210726,97118.80911210726,97118.80911210726,97118.80911210726,97118.80911210726,97118.80911210726,97118.80911210726,97118.80911210726,97118.80911210726,97118.80911210726,97118.80911210726
2020-06-30,97129.87233070342,97129.87233070342,97129.87233070342,97129.87233070342,97129.87233070342,97129.87233070342,97129.87233070342,97129.87233070342,97129.87233070342,97129.87233070342,97129.87233070342,97129.87233070342,97129.87233070342
2020-07-01,97132.88863207329,97132.88863207329,97132.88863207329,97132.88863207329,97132.88863207329,97132.88863207329,97132.88863207329,97132.88863207329,97132.88863207329,97132.88863207329,97132.88863207329,97132.88863207329,97132.88863207329
2020-07-02,97135.90493344315,97135.90493344315,97135.90493344315,97135.90493344315,97135.90493344315,97135.90493344315,97135.90493344315,97135.90493344315,97135.90493344315,97135.90493344315,97135.90493344315,97135.90493344315,97135.90493344315
2020-07-03,97138.92123481301,97138.92123481301,97138.92123481301,97138.92123481301,97138.92123481301,97138.92123481301,97138.92123481301,97138.92123481301,97138.92123481301,97138.92123481301,97138.92123481301,97138.92123481301,97138.92123481301
2020-07-06,97149.9101389226,97149.9101389226,97149.9101389226,97149.9101389226,97149.9101389226,97149.9101389226,97149.9101389226,97149.9101389226,97149.9101389226,97149.9101389226,97149.9101389226,97149.9101389226,97149.9101389226
2020-07-07,97152.92644029246,97152.92644029246,97152.92644029246,97152.92644029246,97152.92644029246,97152.92644029246,97152.92644029246,97152.92644029246,97152.92644029246,97152.92644029246,97152.92644029246,97152.92644029246,97152.92644029246
2020-07-08,97155.94274166232,97155.94274166232,97155.94274166232,97155.94274166232,97155.94274166232,97155.94274166232,97155.94274166232,97155.94274166232,97155.94274166232,97155.94274166232,97155.94274166232,97155.94274166232,97155.94274166232
2020-07-09,97158.95904303218,97158.95904303218,97158.95904303218,97158.95904303218,97158.95904303218,97158.95904303218,97158.95904303218,97158.95904303218,97158.95904303218,97158.95904303218,97158.95904303218,97158.95904303218,97158.95904303218
2020-07-10,97161.97534440205,97161.97534440205,97161.97534440205,97161.97534440205,97161.97534440205,97161.97534440205,97161.97534440205,97161.97534440205,97161.97534440205,97161.97534440205,97161.97534440205,97161.97534440205,97161.97534440205
2020-07-13,97172.96424851163,97172.96424851163,97172.96424851163,97172.96424851163,97172.96424851163,97172.96424851163,97172.96424851163,97172.96424851163,97172.96424851163,97172.96424851163,97172.96424851163,97172.96424851163,97172.96424851163
2020-07-14,97175.9805498815,97175.9805498815,97175.9805498815,97175.9805498815,97175.9805498815,97175.9805498815,97175.9805498815,97175.9805498815,97175.9805498815,97175.9805498815,97175.9805498815,97175.9805498815,97175.9805498815
2020-07-15,97178.99685125136,97178.99685125136,97178.99685125136,97178.99685125136,97178.99685125136,97178.99685125136,97178.99685125136,97178.99685125136,97178.99685125136,97178.99685125136,97178.99685125136,97178.99685125136,97178.99685125136
2020-07-16,97182.01315262122,97182.01315262122,97182.01315262122,97182.01315262122,97182.01315262122,97182.01315262122,97182.01315262122,97182.01315262122,97182.01315262122,97182.01315262122,97182.01315262122,97182.01315262122,97182.01315262122
2020-07-17,97185.02945399108,97185.02945399108,97185.02945399108,97185.02945399108,97185.02945399108,97185.02945399108,97185.02945399108,97185.02945399108,97185.02945399108,97185.02945399108,97185.02945399108,97185.02945399108,97185.02945399108
2020-07-20,97196.01835810067,97196.01835810067,97196.01835810067,97196.01835810067,97196.01835810067,97196.01835810067,97196.01835810067,97196.01835810067,97196.01835810067,97196.01835810067,97196.01835810067,97196.01835810067,97196.01835810067
2020-07-21,97199.03465947053,97199.03465947053,97199.03465947053,97199.03465947053,97199.03465947053,97199.03465947053,97199.03465947053,97199.03465947053,97199.03465947053,97199.03465947053,97199.03465947053,97199.03465947053,97199.03465947053
2020-07-22,97202.0509608404,97202.0509608404,97202.0509608404,97202.0509608404,97202.0509608404,97202.0509608404,97202.0509608404,97202.0509608404,97202.0509608404,97202.0509608404,97202.0509608404,97202.0509608404,97202.0509608404
2020-07-23,97205.06726221026,97205.06726221026,97205.06726221026,97205.06726221026,97205.06726221026,97205.06726221026,97205.06726221026,97205.06726221026,97205.06726221026,97205.06726221026,97205.06726221026,97205.06726221026,97205.06726221026
2020-07-24,97208.08356358012,97208.08356358012,97208.08356358012,97208.08356358012,97208.08356358012,97208.08356358012,97208.08356358012,97208.08356358012,97208.08356358012,97208.08356358012,97208.08356358012,97208.08356358012,97208.08356358012
2020-07-27,97219.07246768971,97219.07246768971,97219.07246768971,97219.07246768971,97219.07246768971,97219.07246768971,97219.07246768971,97219.07246768971,97219.07246768971,97219.07246768971,97219.07246768971,97219.07246768971,97219.07246768971
2020-07-28,97222.08876905957,97222.08876905957,97222.08876905957,97222.08876905957,97222.08876905957,97222.08876905957,97222.08876905957,97222.08876905957,97222.08876905957,97222.08876905957,97222.08876905957,97222.08876905957,97222.08876905957
2020-07-29,97225.10507042943,97225.10507042943,97225.10507042943,97225.10507042943,97225.10507042943,97225.10507042943,97225.10507042943,97225.10507042943,97225.10507042943,97225.10507042943,97225.10507042943,97225.10507042943,97225.10507042943
2020-07-30,97228.1213717993,97228.1213717993,97228.1213717993,97228.1213717993,97228.1213717993,97228.1213717993,97228.1213717993,97228.1213717993,97228.1213717993,97228.1213717993,97228.1213717993,97228.1213717993,97228.1213717993
2020-07-31,97231.13767316916,97231.13767316916,97231.13767316916,97231.13767316916,97231.13767316916,97231.13767316916,97231.13767316916,97231.13767316916,97231.13767316916,97231.13767316916,97231.13767316916,97231.13767316916,97231.13767316916
2020-08-03,97242.12657727874,97242.12657727874,97242.12657727874,97242.12657727874,97242.12657727874,97242.12657727874,97242.12657727874,97242.12657727874,97242.12657727874,97242.12657727874,97242.12657727874,97242.12657727874,97242.12657727874
2020-08-04,97245.1428786486,97245.1428786486,97245.1428786486,97245.1428786486,97245.1428786486,97245.1428786486,97245.1428786486,97245.1428786486,97245.1428786486,97245.1428786486,97245.1428786486,97245.1428786486,97245.1428786486
2020-08-05,97248.15918001847,97248.15918001847,97248.15918001847,97248.15918001847,97248.15918001847,97248.15918001847,97248.15918001847,97248.15918001847,97248.15918001847,97248.15918001847,97248.15918001847,97248.15918001847,97248.15918001847
2020-08-06,97251.17548138833,97251.17548138833,97251.17548138833,97251.17548138833,97251.17548138833,97251.17548138833,97251.17548138833,97251.17548138833,97251.17548138833,97251.17548138833,97251.17548138833,97251.17548138833,97251.17548138833
2020-08-07,97254.1917827582,97254.1917827582,97254.1917827582,97254.1917827582,97254.1917827582,97254.1917827582,97254.1917827582,97254.1917827582,97254.1917827582,97254.1917827582,97254.1917827582,97254.1917827582,97254.1917827582
2020-08-10,97265.18068686778,97265.18068686778,97265.18068686778,97265.18068686778,97265.18068686778,97265.18068686778,97265.18068686778,97265.18068686778,97265.18068686778,97265.18068686778,97265.18068686778,97265.18068686778,97265.18068686778
2020-08-11,97268.19698823764,97268.19698823764,97268.19698823764,97268.19698823764,97268.19698823764,97268.19698823764,97268.19698823764,97268.19698823764,97268.19698823764,97268.19698823764,97268.19698823764,97268.19698823764,97268.19698823764
2020-08-12,97271.2132896075,97271.2132896075,97271.2132896075,97271.2132896075,97271.2132896075,97271.2132896075,97271.2132896075,97271.2132896075,97271.2132896075,97271.2132896075,97271.2132896075,97271.2132896075,97271.2132896075
2020-08-13,97274.22959097737,97274.22959097737,97274.22959097737,97274.22959097737,97274.22959097737,97274.22959097737,97274.22959097737,97274.22959097737,97274.22959097737,97274.22959097737,97274.22959097737,97274.22959097737,97274.22959097737
2020-08-14,97277.24589234723,97277.24589234723,97277.24589234723,97277.24589234723,97277.24589234723,97277.24589234723,97277.24589234723,97277.24589234723,97277.24589234723,97277.24589234723,97277.24589234723,97277.24589234723,97277.24589234723
2020-08-17,97288.23479645682,97288.23479645682,97288.23479645682,97288.23479645682,97288.23479645682,97288.23479645682,97288.23479645682,97288.23479645682,97288.23479645682,97288.23479645682,97288.23479645682,97288.23479645682,97288.23479645682
2020-08-18,97291.25109782668,97291.25109782668,97291.25109782668,97291.25109782668,97291.25109782668,97291.25109782668,97291.25109782668,97291.25109782668,97291.25109782668,97291.25109782668,97291.25109782668,97291.25109782668,97291.25109782668
2020-08-19,97294.26739919654,97294.26739919654,97294.26739919654,97294.26739919654,97294.26739919654,97294.26739919654,97294.26739919654,97294.26739919654,97294.26739919654,97294.26739919654,97294.26739919654,97294.26739919654,97294.26739919654
2020-08-20,97297.2837005664,97297.2837005664,97297.2837005664,97297.2837005664,97297.2837005664,97297.2837005664,97297.2837005664,97297.2837005664,97297.2837005664,97297.2837005664,97297.2837005664,97297.2837005664,97297.2837005664
2020-08-21,97300.30000193627,97300.30000193627,97300.30000193627,97300.30000193627,97300.30000193627,97300.30000193627,97300.30000193627,97300.30000193627,97300.30000193627,97300.30000193627,97300.30000193627,97300.30000193627,97300.30000193627
2020-08-24,97311.28890604585,97311.28890604585,97311.28890604585,97311.28890604585,97311.28890604585,97311.28890604585,97311.28890604585,97311.28890604585,97311.28890604585,97311.28890604585,97311.28890604585,97311.28890604585,97311.28890604585
2020-08-25,97314.30520741572,97314.30520741572,97314.30520741572,97314.30520741572,97314.30520741572,97314.30520741572,97314.30520741572,97314.30520741572,97314.30520741572,97314.30520741572,97314.30520741572,97314.30520741572,97314.30520741572
2020-08-26,97317.32150878558,97317.32150878558,97317.32150878558,97317.32150878558,97317.32150878558,97317.32150878558,97317.32150878558,97317.32150878558,97317.32150878558,97317.32150878558,97317.32150878558,97317.32150878558,97317.32150878558
2020-08-27,97320.33781015544,97320.33781015544,97320.33781015544,97320.33781015544,97320.33781015544,97320.33781015544,97320.33781015544,97320.33781015544,97320.33781015544,97320.33781015544,97320.33781015544,97320.33781015544,97320.33781015544
2020-08-28,97323.3541115253,97323.3541115253,97323.3541115253,97323.3541115253,97323.3541115253,97323.3541115253,97323.3541115253,97323.3541115253,97323.3541115253,97323.3541115253,97323.3541115253,97323.3541115253,97323.3541115253
2020-08-31,97334.34301563489,97334.34301563489,97334.34301563489,97334.34301563489,97334.34301563489,97334.34301563489,97334.34301563489,97334.34301563489,97334.34301563489,97334.34301563489,97334.34301563489,97334.34301563489,97334.34301563489
2020-09-01,97337.35931700475,97337.35931700475,97337.35931700475,97337.35931700475,97337.35931700475,97337.35931700475,97337.35931700475,97337.35931700475,97337.35931700475,97337.35931700475,97337.35931700475,97337.35931700475,97337.35931700475
2020-09-02,97340.37561837462,97340.37561837462,97340.37561837462,97340.37561837462,97340.37561837462,97340.37561837462,97340.37561837462,97340.37561837462,97340.37561837462,97340.37561837462,97340.37561837462,97340.37561837462,97340.37561837462
2020-09-03,97343.39191974448,97343.39191974448,97343.39191974448,97343.39191974448,97343.39191974448,97343.39191974448,97343.39191974448,97343.39191974448,97343.39191974448,97343.39191974448,97343.39191974448,97343.39191974448,97343.39191974448
2020-09-04,97346.40822111434,97346.40822111434,97346.40822111434,97346.40822111434,97346.40822111434,97346.40822111434,97346.40822111434,97346.40822111434,97346.40822111434,97346.40822111434,97346.40822111434,97346.40822111434,97346.40822111434
2020-09-07,97357.39712522393,97357.39712522393,97357.39712522393,97357.39712522393,97357.39712522393,97357.39712522393,97357.39712522393,97357.39712522393,97357.39712522393,97357.39712522393,97357.39712522393,97357.39712522393,97357.39712522393
2020-09-08,97360.41342659379,97360.41342659379,97360.41342659379,97360.41342659379,97360.41342659379,97360.41342659379,97360.41342659379,97360.41342659379,97360.41342659379,97360.41342659379,97360.41342659379,97360.41342659379,97360.41342659379
2020-09-09,97363.42972796365,97363.42972796365,97363.42972796365,97363.42972796365,97363.42972796365,97363.42972796365,97363.42972796365,97363.42972796365,97363.42972796365,97363.42972796365,97363.42972796365,97363.42972796365,97363.42972796365
2020-09-10,97366.44602933351,97366.44602933351,97366.44602933351,97366.44602933351,97366.44602933351,97366.44602933351,97366.44602933351,97366.44602933351,97366.44602933351,97366.44602933351,97366.44602933351,97366.44602933351,97366.44602933351
2020-09-11,97369.46233070338,97369.46233070338,97369.46233070338,97369.46233070338,97369.46233070338,97369.46233070338,97369.46233070338,97369.46233070338,97369.46233070338,97369.46233070338,97369.46233070338,97369.46233070338,97369.46233070338
2020-09-14,97380.45123481296,97380.45123481296,97380.45123481296,97380.45123481296,97380.45123481296,97380.45123481296,97380.45123481296,97380.45123481296,97380.45123481296,97380.45123481296,97380.45123481296,97380.45123481296,97380.45123481296
2020-09-15,97383.46753618283,97383.46753618283,97383.46753618283,97383.46753618283,97383.46753618283,97383.46753618283,97383.46753618283,97383.46753618283,97383.46753618283,97383.46753618283,97383.46753618283,97383.46753618283,97383.46753618283
2020-09-16,97386.48383755269,97386.48383755269,97386.48383755269,97386.48383755269,97386.48383755269,97386.48383755269,97386.48383755269,97386.48383755269,97386.48383755269,97386.48383755269,97386.48383755269,97386.48383755269,97386.48383755269
2020-09-17,97389.50013892255,97389.50013892255,97389.50013892255,97389.50013892255,97389.50013892255,97389.50013892255,97389.50013892255,97389.50013892255,97389.50013892255,97389.50013892255,97389.50013892255,97389.50013892255,97389.50013892255
2020-09-18,97392.51644029241,97392.51644029241,97392.51644029241,97392.51644029241,97392.51644029241,97392.51644029241,97392.51644029241,97392.51644029241,97392.51644029241,97392.51644029241,97392.51644029241,97392.51644029241,97392.51644029241
2020-09-21,97403.505344402,97403.505344402,97403.505344402,97403.505344402,97403.505344402,97403.505344402,97403.505344402,97403.505344402,97403.505344402,97403.505344402,97403.505344402,97403.505344402,97403.505344402
2020-09-22,97406.52164577186,97406.52164577186,97406.52164577186,97406.52164577186,97406.52164577186,97406.52164577186,97406.52164577186,97406.52164577186,97406.52164577186,97406.52164577186,97406.52164577186,97406.52164577186,97406.52164577186
2020-09-23,97409.53794714173,97409.53794714173,97409.53794714173,97409.53794714173,97409.53794714173,97409.53794714173,97409.53794714173,97409.53794714173,97409.53794714173,97409.53794714173,97409.53794714173,97409.53794714173,97409.53794714173
2020-09-24,97412.55424851159,97412.55424851159,97412.55424851159,97412.55424851159,97412.55424851159,97412.55424851159,97412.55424851159,97412.55424851159,97412.55424851159,97412.55424851159,97412.55424851159,97412.55424851159,97412.55424851159
2020-09-25,97415.57054988145,97415.57054988145,97415.57054988145,97415.57054988145,97415.57054988145,97415.57054988145,97415.57054988145,97415.57054988145,97415.57054988145,97415.57054988145,97415.57054988145,97415.57054988145,97415.57054988145
2020-09-28,97426.55945399104,97426.55945399104,97426.55945399104,97426.55945399104,97426.55945399104,97426.55945399104,97426.55945399104,97426.55945399104,97426.55945399104,97426.55945399104,97426.55945399104,97426.55945399104,97426.55945399104
2020-09-29,97429.5757553609,97429.5757553609,97429.5757553609,97429.5757553609,97429.5757553609,97429.5757553609,97429.5757553609,97429.5757553609,97429.5757553609,97429.5757553609,97429.5757553609,97429.5757553609,97429.5757553609
2020-09-30,97432.59205673076,97432.59205673076,97432.59205673076,97432.59205673076,97432.59205673076,97432.59205673076,97432.59205673076,97432.59205673076,97432.59205673076,97432.59205673076,97432.59205673076,97432.59205673076,97432.59205673076
2020-10-09,97467.49876905953,97467.49876905953,97467.49876905953,97467.49876905953,97467.49876905953,97467.49876905953,97467.49876905953,97467.49876905953,97467.49876905953,97467.49876905953,97467.49876905953,97467.49876905953,97467.49876905953
2020-10-12,97478.48767316912,97478.48767316912,97478.48767316912,97478.48767316912,97478.48767316912,97478.48767316912,97478.48767316912,97478.48767316912,97478.48767316912,97478.48767316912,97478.48767316912,97478.48767316912,97478.48767316912
2020-10-13,97481.50397453898,97481.50397453898,97481.50397453898,97481.50397453898,97481.50397453898,97481.50397453898,97481.50397453898,97481.50397453898,97481.50397453898,97481.50397453898,97481.50397453898,97481.50397453898,97481.50397453898
2020-10-14,97484.52027590884,97484.52027590884,97484.52027590884,97484.52027590884,97484.52027590884,97484.52027590884,97484.52027590884,97484.52027590884,97484.52027590884,97484.52027590884,97484.52027590884,97484.52027590884,97484.52027590884
2020-10-15,97487.5365772787,97487.5365772787,97487.5365772787,97487.5365772787,97487.5365772787,97487.5365772787,97487.5365772787,97487.5365772787,97487.5365772787,97487.5365772787,97487.5365772787,97487.5365772787,97487.5365772787
2020-10-16,97490.55287864857,97490.55287864857,97490.55287864857,97490.55287864857,97490.55287864857,97490.55287864857,97490.55287864857,97490.55287864857,97490.55287864857,97490.55287864857,97490.55287864857,97490.55287864857,97490.55287864857
2020-10-19,97501.54178275816,97501.54178275816,97501.54178275816,97501.54178275816,97501.54178275816,97501.54178275816,97501.54178275816,97501.54178275816,97501.54178275816,97501.54178275816,97501.54178275816,97501.54178275816,97501.54178275816
2020-10-20,97504.55808412802,97504.55808412802,97504.55808412802,97504.55808412802,97504.55808412802,97504.55808412802,97504.55808412802,97504.55808412802,97504.55808412802,97504.55808412802,97504.55808412802,97504.55808412802,97504.55808412802
2020-10-21,97507.57438549788,97507.57438549788,97507.57438549788,97507.57438549788,97507.57438549788,97507.57438549788,97507.57438549788,97507.57438549788,97507.57438549788,97507.57438549788,97507.57438549788,97507.57438549788,97507.57438549788
2020-10-22,97510.59068686774,97510.59068686774,97510.59068686774,97510.59068686774,97510.59068686774,97510.59068686774,97510.59068686774,97510.59068686774,97510.59068686774,97510.59068686774,97510.59068686774,97510.59068686774,97510.59068686774
2020-10-23,97513.6069882376,97513.6069882376,97513.6069882376,97513.6069882376,97513.6069882376,97513.6069882376,97513.6069882376,97513.6069882376,97513.6069882376,97513.6069882376,97513.6069882376,97513.6069882376,97513.6069882376
2020-10-26,97524.59589234719,97524.59589234719,97524.59589234719,97524.59589234719,97524.59589234719,97524.59589234719,97524.59589234719,97524.59589234719,97524.59589234719,97524.59589234719,97524.59589234719,97524.59589234719,97524.59589234719
2020-10-27,97527.61219371705,97527.61219371705,97527.61219371705,97527.61219371705,97527.61219371705,97527.61219371705,97527.61219371705,97527.61219371705,97527.61219371705,97527.61219371705,97527.61219371705,97527.61219371705,97527.61219371705
2020-10-28,97530.62849508692,97530.62849508692,97530.62849508692,97530.62849508692,97530.62849508692,97530.62849508692,97530.62849508692,97530.62849508692,97530.62849508692,97530.62849508692,97530.62849508692,97530.62849508692,97530.62849508692
2020-10-29,97533.64479645678,97533.64479645678,97533.64479645678,97533.64479645678,97533.64479645678,97533.64479645678,97533.64479645678,97533.64479645678,97533.64479645678,97533.64479645678,97533.64479645678,97533.64479645678,97533.64479645678
2020-10-30,97536.66109782664,97536.66109782664,97536.66109782664,97536.66109782664,97536.66109782664,97536.66109782664,97536.66109782664,97536.66109782664,97536.66109782664,97536.66109782664,97536.66109782664,97536.66109782664,97536.66109782664
2020-11-02,97547.65000193623,97547.65000193623,97547.65000193623,97547.65000193623,97547.65000193623,97547.65000193623,97547.65000193623,97547.65000193623,97547.65000193623,97547.65000193623,97547.65000193623,97547.65000193623,97547.65000193623
2020-11-03,97638.11132614424,97638.11132614424,97638.11132614424,97638.11132614424,97638.11132614424,97638.11132614424,97638.11132614424,97638.11132614424,97638.11132614424,97638.11132614424,97638.11132614424,97638.11132614424,97638.11132614424
2020-11-04,97959.12670090124,97959.12670090124,97959.12670090124,97959.12670090124,97959.12670090124,97959.12670090124,97959.12670090124,97959.12670090124,97959.12670090124,97959.12670090124,97959.12670090124,97959.12670090124,97959.12670090124
2020-11-05,99267.63834891259,99267.63834891259,99267.63834891259,99267.63834891259,99267.63834891259,99267.63834891259,99267.63834891259,99267.63834891259,99267.63834891259,99267.63834891259,99267.63834891259,99267.63834891259,99267.63834891259
2020-11-06,99237.12130987832,99237.12130987832,99237.12130987832,99237.12130987832,99237.12130987832,99237.12130987832,99237.12130987832,99237.12130987832,99237.12130987832,99237.12130987832,99237.12130987832,99237.12130987832,99237.12130987832
2020-11-09,98197.92436564156,98197.92436564156,98197.92436564156,98197.92436564156,98197.92436564156,98197.92436564156,98197.92436564156,98197.92436564156,98197.92436564156,98197.92436564156,98197.92436564156,98197.92436564156,98197.92436564156
2020-11-10,98550.94838335052,98550.94838335052,98550.94838335052,98550.94838335052,98550.94838335052,98550.94838335052,98550.94838335052,98550.94838335052,98550.94838335052,98550.94838335052,98550.94838335052,98550.94838335052,98550.94838335052
2020-11-11,100547.07539538344,100547.07539538344,100547.07539538344,100547.07539538344,100547.07539538344,100547.07539538344,100547.07539538344,100547.07539538344,100547.07539538344,100547.07539538344,100547.07539538344,100547.07539538344,100547.07539538344
2020-11-12,100293.26084397007,100293.26084397007,100293.26084397007,100293.26084397007,100293.26084397007,100293.26084397007,100293.26084397007,100293.26084397007,100293.26084397007,100293.26084397007,100293.26084397007,100293.26084397007,100293.26084397007
2020-11-13,100300.66912276906,100300.66912276906,100300.66912276906,100300.66912276906,100300.66912276906,100300.66912276906,100300.66912276906,100300.66912276906,100300.66912276906,100300.66912276906,100300.66912276906,100300.66912276906,100300.66912276906
2020-11-16,100311.99788989234,100311.99788989234,100311.99788989234,100311.99788989234,100311.99788989234,100311.99788989234,100311.99788989234,100311.99788989234,100311.99788989234,100311.99788989234,100311.99788989234,100311.99788989234,100311.99788989234
2020-11-17,100315.10747893344,100315.10747893344,100315.10747893344,100315.10747893344,100315.10747893344,100315.10747893344,100315.10747893344,100315.10747893344,100315.10747893344,100315.10747893344,100315.10747893344,100315.10747893344,100315.10747893344
2020-11-18,100318.21706797453,100318.21706797453,100318.21706797453,100318.21706797453,100318.21706797453,100318.21706797453,100318.21706797453,100318.21706797453,100318.21706797453,100318.21706797453,100318.21706797453,100318.21706797453,100318.21706797453
2020-11-19,100321.32665701563,100321.32665701563,100321.32665701563,100321.32665701563,100321.32665701563,100321.32665701563,100321.32665701563,100321.32665701563,100321.32665701563,100321.32665701563,100321.32665701563,100321.32665701563,100321.32665701563
2020-11-20,100324.43624605672,100324.43624605672,100324.43624605672,100324.43624605672,100324.43624605672,100324.43624605672,100324.43624605672,100324.43624605672,100324.43624605672,100324.43624605672,100324.43624605672,100324.43624605672,100324.43624605672
2020-11-23,100335.76501318,100335.76501318,100335.76501318,100335.76501318,100335.76501318,100335.76501318,100335.76501318,100335.76501318,100335.76501318,100335.76501318,100335.76501318,100335.76501318,100335.76501318
2020-11-24,100338.8746022211,100338.8746022211,100338.8746022211,100338.8746022211,100338.8746022211,100338.8746022211,100338.8746022211,100338.8746022211,100338.8746022211,100338.8746022211,100338.8746022211,100338.8746022211,100338.8746022211
2020-11-25,100341.98419126219,100341.98419126219,100341.98419126219,100341.98419126219,100341.98419126219,100341.98419126219,100341.98419126219,100341.98419126219,100341.98419126219,100341.98419126219,100341.98419126219,100341.98419126219,100341.98419126219
2020-11-26,100345.09378030329,100345.09378030329,100345.09378030329,100345.09378030329,100345.09378030329,100345.09378030329,100345.09378030329,100345.09378030329,100345.09378030329,100345.09378030329,100345.09378030329,100345.09378030329,100345.09378030329
2020-11-27,100348.20336934438,100348.20336934438,100348.20336934438,100348.20336934438,100348.20336934438,100348.20336934438,100348.20336934438,100348.20336934438,100348.20336934438,100348.20336934438,100348.20336934438,100348.20336934438,100348.20336934438
2020-11-30,100359.53213646766,100359.53213646766,100359.53213646766,100359.53213646766,100359.53213646766,100359.53213646766,100359.53213646766,100359.53213646766,100359.53213646766,100359.53213646766,100359.53213646766,100359.53213646766,100359.53213646766
2020-12-01,100362.64172550876,100362.64172550876,100362.64172550876,100362.64172550876,100362.64172550876,100362.64172550876,100362.64172550876,100362.64172550876,100362.64172550876,100362.64172550876,100362.64172550876,100362.64172550876,100362.64172550876
2020-12-02,100365.75131454985,100365.75131454985,100365.75131454985,100365.75131454985,100365.75131454985,100365.75131454985,100365.75131454985,100365.75131454985,100365.75131454985,100365.75131454985,100365.75131454985,100365.75131454985,100365.75131454985
2020-12-03,100368.86090359095,100368.86090359095,100368.86090359095,100368.86090359095,100368.86090359095,100368.86090359095,100368.86090359095,100368.86090359095,100368.86090359095,100368.86090359095,100368.86090359095,100368.86090359095,100368.86090359095
2020-12-04,100371.97049263204,100371.97049263204,100371.97049263204,100371.97049263204,100371.97049263204,100371.97049263204,100371.97049263204,100371.97049263204,100371.97049263204,100371.97049263204,100371.97049263204,100371.97049263204,100371.97049263204
2020-12-07,100383.29925975532,100383.29925975532,100383.29925975532,100383.29925975532,100383.29925975532,100383.29925975532,100383.29925975532,100383.29925975532,100383.29925975532,100383.29925975532,100383.29925975532,100383.29925975532,100383.29925975532
2020-12-08,100386.40884879642,100386.40884879642,100386.40884879642,100386.40884879642,100386.40884879642,100386.40884879642,100386.40884879642,100386.40884879642,100386.40884879642,100386.40884879642,100386.40884879642,100386.40884879642,100386.40884879642
2020-12-09,100389.51843783751,100389.51843783751,100389.51843783751,100389.51843783751,100389.51843783751,100389.51843783751,100389.51843783751,100389.51843783751,100389.51843783751,100389.51843783751,100389.51843783751,100389.51843783751,100389.51843783751
2020-12-10,100392.6280268786,100392.6280268786,100392.6280268786,100392.6280268786,100392.6280268786,100392.6280268786,100392.6280268786,100392.6280268786,100392.6280268786,100392.6280268786,100392.6280268786,100392.6280268786,100392.6280268786
2020-12-11,100395.7376159197,100395.7376159197,100395.7376159197,100395.7376159197,100395.7376159197,100395.7376159197,100395.7376159197,100395.7376159197,100395.7376159197,100395.7376159197,100395.7376159197,100395.7376159197,100395.7376159197
2020-12-14,100407.06638304298,100407.06638304298,100407.06638304298,100407.06638304298,100407.06638304298,100407.06638304298,100407.06638304298,100407.06638304298,100407.06638304298,100407.06638304298,100407.06638304298,100407.06638304298,100407.06638304298
2020-12-15,100410.17597208408,100410.17597208408,100410.17597208408,100410.17597208408,100410.17597208408,100410.17597208408,100410.17597208408,100410.17597208408,100410.17597208408,100410.17597208408,100410.17597208408,100410.17597208408,100410.17597208408
2020-12-16,100413.28556112517,100413.28556112517,100413.28556112517,100413.28556112517,100413.28556112517,100413.28556112517,100413.28556112517,100413.28556112517,100413.28556112517,100413.28556112517,100413.28556112517,100413.28556112517,100413.28556112517
2020-12-17,100416.39515016627,100416.39515016627,100416.39515016627,100416.39515016627,100416.39515016627,100416.39515016627,100416.39515016627,100416.39515016627,100416.39515016627,100416.39515016627,100416.39515016627,100416.39515016627,100416.39515016627
2020-12-18,100419.50473920736,100419.50473920736,100419.50473920736,100419.50473920736,100419.50473920736,100419.50473920736,100419.50473920736,100419.50473920736,100419.50473920736,100419.50473920736,100419.50473920736,100419.50473920736,100419.50473920736
2020-12-21,100430.83350633064,100430.83350633064,100430.83350633064,100430.83350633064,100430.83350633064,100430.83350633064,100430.83350633064,100430.83350633064,100430.83350633064,100430.83350633064,100430.83350633064,100430.83350633064,100430.83350633064
2020-12-22,100433.94309537174,100433.94309537174,100433.94309537174,100433.94309537174,100433.94309537174,100433.94309537174,100433.94309537174,100433.94309537174,100433.94309537174,100433.94309537174,100433.94309537174,100433.94309537174,100433.94309537174
2020-12-23,100437.05268441283,100437.05268441283,100437.05268441283,100437.05268441283,100437.05268441283,100437.05268441283,100437.05268441283,100437.05268441283,100437.05268441283,100437.05268441283,100437.05268441283,100437.05268441283,100437.05268441283
2020-12-24,100440.16227345393,100440.16227345393,100440.16227345393,100440.16227345393,100440.16227345393,100440.16227345393,100440.16227345393,100440.16227345393,100440.16227345393,100440.16227345393,100440.16227345393,100440.16227345393,100440.16227345393
2020-12-25,100443.27186249502,100443.27186249502,100443.27186249502,100443.27186249502,100443.27186249502,100443.27186249502,100443.27186249502,100443.27186249502,100443.27186249502,100443.27186249502,100443.27186249502,100443.27186249502,100443.27186249502
2020-12-28,100454.6006296183,100454.6006296183,100454.6006296183,100454.6006296183,100454.6006296183,100454.6006296183,100454.6006296183,100454.6006296183,100454.6006296183,100454.6006296183,100454.6006296183,100454.6006296183,100454.6006296183
2020-12-29,100457.7102186594,100457.7102186594,100457.7102186594,100457.7102186594,100457.7102186594,100457.7102186594,100457.7102186594,100457.7102186594,100457.7102186594,100457.7102186594,100457.7102186594,100457.7102186594,100457.7102186594
2020-12-30,100460.81980770049,100460.81980770049,100460.81980770049,100460.81980770049,100460.81980770049,100460.81980770049,100460.81980770049,100460.81980770049,100460.81980770049,100460.81980770049,100460.81980770049,100460.81980770049,100460.81980770049
2020-12-31,100463.92939674159,100463.92939674159,100463.92939674159,100463.92939674159,100463.92939674159,100463.92939674159,100463.92939674159,100463.92939674159,100463.92939674159,100463.92939674159,100463.92939674159,100463.92939674159,100463.92939674159
2021-01-04,100479.36775290596,100479.36775290596,100479.36775290596,100479.36775290596,100479.36775290596,100479.36775290596,100479.36775290596,100479.36775290596,100479.36775290596,100479.36775290596,100479.36775290596,100479.36775290596,100479.36775290596
2021-01-05,100482.47734194706,100482.47734194706,100482.47734194706,100482.47734194706,100482.47734194706,100482.47734194706,100482.47734194706,100482.47734194706,100482.47734194706,100482.47734194706,100482.47734194706,100482.47734194706,100482.47734194706
2021-01-06,100485.58693098815,100485.58693098815,100485.58693098815,100485.58693098815,100485.58693098815,100485.58693098815,100485.58693098815,100485.58693098815,100485.58693098815,100485.58693098815,100485.58693098815,100485.58693098815,100485.58693098815
2021-01-07,100488.69652002925,100488.69652002925,100488.69652002925,100488.69652002925,100488.69652002925,100488.69652002925,100488.69652002925,100488.69652002925,100488.69652002925,100488.69652002925,100488.69652002925,100488.69652002925,100488.69652002925
2021-01-08,100491.80610907034,100491.80610907034,100491.80610907034,100491.80610907034,100491.80610907034,100491.80610907034,100491.80610907034,100491.80610907034,100491.80610907034,100491.80610907034,100491.80610907034,100491.80610907034,100491.80610907034
2021-01-11,100503.13487619362,100503.13487619362,100503.13487619362,100503.13487619362,100503.13487619362,100503.13487619362,100503.13487619362,100503.13487619362,100503.13487619362,100503.13487619362,100503.13487619362,100503.13487619362,100503.13487619362
2021-01-12,100506.24446523472,100506.24446523472,100506.24446523472,100506.24446523472,100506.24446523472,100506.24446523472,100506.24446523472,100506.24446523472,100506.24446523472,100506.24446523472,100506.24446523472,100506.24446523472,100506.24446523472
2021-01-13,100509.35405427581,100509.35405427581,100509.35405427581,100509.35405427581,100509.35405427581,100509.35405427581,100509.35405427581,100509.35405427581,100509.35405427581,100509.35405427581,100509.35405427581,100509.35405427581,100509.35405427581
2021-01-14,100512.4636433169,100512.4636433169,100512.4636433169,100512.4636433169,100512.4636433169,100512.4636433169,100512.4636433169,100512.4636433169,100512.4636433169,100512.4636433169,100512.4636433169,100512.4636433169,100512.4636433169
2021-01-15,100515.573232358,100515.573232358,100515.573232358,100515.573232358,100515.573232358,100515.573232358,100515.573232358,100515.573232358,100515.573232358,100515.573232358,100515.573232358,100515.573232358,100515.573232358
2021-01-18,100526.90199948128,100526.90199948128,100526.90199948128,100526.90199948128,100526.90199948128,100526.90199948128,100526.90199948128,100526.90199948128,100526.90199948128,100526.90199948128,100526.90199948128,100526.90199948128,100526.90199948128
2021-01-19,100530.01158852238,100530.01158852238,100530.01158852238,100530.01158852238,100530.01158852238,100530.01158852238,100530.01158852238,100530.01158852238,100530.01158852238,100530.01158852238,100530.01158852238,100530.01158852238,100530.01158852238
2021-01-20,100533.12117756347,100533.12117756347,100533.12117756347,100533.12117756347,100533.12117756347,100533.12117756347,100533.12117756347,100533.12117756347,100533.12117756347,100533.12117756347,100533.12117756347,100533.12117756347,100533.12117756347
2021-01-21,100536.23076660457,100536.23076660457,100536.23076660457,100536.23076660457,100536.23076660457,100536.23076660457,100536.23076660457,100536.23076660457,100536.23076660457,100536.23076660457,100536.23076660457,100536.23076660457,100536.23076660457
2021-01-22,100539.34035564566,100539.34035564566,100539.34035564566,100539.34035564566,100539.34035564566,100539.34035564566,100539.34035564566,100539.34035564566,100539.34035564566,100539.34035564566,100539.34035564566,100539.34035564566,100539.34035564566
2021-01-25,100550.66912276894,100550.66912276894,100550.66912276894,100550.66912276894,100550.66912276894,100550.66912276894,100550.66912276894,100550.66912276894,100550.66912276894,100550.66912276894,100550.66912276894,100550.66912276894,100550.66912276894
2021-01-26,100553.77871181004,100553.77871181004,100553.77871181004,100553.77871181004,100553.77871181004,100553.77871181004,100553.77871181004,100553.77871181004,100553.77871181004,100553.77871181004,100553.77871181004,100553.77871181004,100553.77871181004
2021-01-27,100556.88830085113,100556.88830085113,100556.88830085113,100556.88830085113,100556.88830085113,100556.88830085113,100556.88830085113,100556.88830085113,100556.88830085113,100556.88830085113,100556.88830085113,100556.88830085113,100556.88830085113
2021-01-28,100559.99788989223,100559.99788989223,100559.99788989223,100559.99788989223,100559.99788989223,100559.99788989223,100559.99788989223,100559.99788989223,100559.99788989223,100559.99788989223,100559.99788989223,100559.99788989223,100559.99788989223
2021-01-29,100563.10747893332,100563.10747893332,100563.10747893332,100563.10747893332,100563.10747893332,100563.10747893332,100563.10747893332,100563.10747893332,100563.10747893332,100563.10747893332,100563.10747893332,100563.10747893332,100563.10747893332
2021-02-01,100574.4362460566,100574.4362460566,100574.4362460566,100574.4362460566,100574.4362460566,100574.4362460566,100574.4362460566,100574.4362460566,100574.4362460566,100574.4362460566,100574.4362460566,100574.4362460566,100574.4362460566
2021-02-02,100577.5458350977,100577.5458350977,100577.5458350977,100577.5458350977,100577.5458350977,100577.5458350977,100577.5458350977,100577.5458350977,100577.5458350977,100577.5458350977,100577.5458350977,100577.5458350977,100577.5458350977
2021-02-03,100580.6554241388,100580.6554241388,100580.6554241388,100580.6554241388,100580.6554241388,100580.6554241388,100580.6554241388,100580.6554241388,100580.6554241388,100580.6554241388,100580.6554241388,100580.6554241388,100580.6554241388
2021-02-04,100583.76501317989,100583.76501317989,100583.76501317989,100583.76501317989,100583.76501317989,100583.76501317989,100583.76501317989,100583.76501317989,100583.76501317989,100583.76501317989,100583.76501317989,100583.76501317989,100583.76501317989
2021-02-05,100586.87460222098,100586.87460222098,100586.87460222098,100586.87460222098,100586.87460222098,100586.87460222098,100586.87460222098,100586.87460222098,100586.87460222098,100586.87460222098,100586.87460222098,100586.87460222098,100586.87460222098
2021-02-08,100598.20336934426,100598.20336934426,100598.20336934426,100598.20336934426,100598.20336934426,100598.20336934426,100598.20336934426,100598.20336934426,100598.20336934426,100598.20336934426,100598.20336934426,100598.20336934426,100598.20336934426
2021-02-09,100601.31295838536,100601.31295838536,100601.31295838536,100601.31295838536,100601.31295838536,100601.31295838536,100601.31295838536,100601.31295838536,100601.31295838536,100601.31295838536,100601.31295838536,100601.31295838536,100601.31295838536
2021-02-10,100604.42254742645,100604.42254742645,100604.42254742645,100604.42254742645,100604.42254742645,100604.42254742645,100604.42254742645,100604.42254742645,100604.42254742645,100604.42254742645,100604.42254742645,100604.42254742645,100604.42254742645
2021-02-18,100636.29925975522,100636.29925975522,100636.29925975522,100636.29925975522,100636.29925975522,100636.29925975522,100636.29925975522,100636.29925975522,100636.29925975522,100636.29925975522,100636.29925975522,100636.29925975522,100636.29925975522
2021-02-19,100639.40884879632,100639.40884879632,100639.40884879632,100639.40884879632,100639.40884879632,100639.40884879632,100639.40884879632,100639.40884879632,100639.40884879632,100639.40884879632,100639.40884879632,100639.40884879632,100639.40884879632
2021-02-22,100650.7376159196,100650.7376159196,100650.7376159196,100650.7376159196,100650.7376159196,100650.7376159196,100650.7376159196,100650.7376159196,100650.7376159196,100650.7376159196,100650.7376159196,100650.7376159196,100650.7376159196
2021-02-23,100653.8472049607,100653.8472049607,100653.8472049607,100653.8472049607,100653.8472049607,100653.8472049607,100653.8472049607,100653.8472049607,100653.8472049607,100653.8472049607,100653.8472049607,100653.8472049607,100653.8472049607
2021-02-24,100656.95679400179,100656.95679400179,100656.95679400179,100656.95679400179,100656.95679400179,100656.95679400179,100656.95679400179,100656.95679400179,100656.95679400179,100656.95679400179,100656.95679400179,100656.95679400179,100656.95679400179
2021-02-25,100660.06638304288,100660.06638304288,100660.06638304288,100660.06638304288,100660.06638304288,100660.06638304288,100660.06638304288,100660.06638304288,100660.06638304288,100660.06638304288,100660.06638304288,100660.06638304288,100660.06638304288
2021-02-26,100663.17597208398,100663.17597208398,100663.17597208398,100663.17597208398,100663.17597208398,100663.17597208398,100663.17597208398,100663.17597208398,100663.17597208398,100663.17597208398,100663.17597208398,100663.17597208398,100663.17597208398
2021-03-01,100674.50473920726,100674.50473920726,100674.50473920726,100674.50473920726,100674.50473920726,100674.50473920726,100674.50473920726,100674.50473920726,100674.50473920726,100674.50473920726,100674.50473920726,100674.50473920726,100674.50473920726
2021-03-02,100677.61432824835,100677.61432824835,100677.61432824835,100677.61432824835,100677.61432824835,100677.61432824835,100677.61432824835,100677.61432824835,100677.61432824835,100677.61432824835,100677.61432824835,100677.61432824835,100677.61432824835
2021-03-03,100680.72391728945,100680.72391728945,100680.72391728945,100680.72391728945,100680.72391728945,100680.72391728945,100680.72391728945,100680.72391728945,100680.72391728945,100680.72391728945,100680.72391728945,100680.72391728945,100680.72391728945
2021-03-04,100683.83350633054,100683.83350633054,100683.83350633054,100683.83350633054,100683.83350633054,100683.83350633054,100683.83350633054,100683.83350633054,100683.83350633054,100683.83350633054,100683.83350633054,100683.83350633054,100683.83350633054
2021-03-05,100686.94309537164,100686.94309537164,100686.94309537164,100686.94309537164,100686.94309537164,100686.94309537164,100686.94309537164,100686.94309537164,100686.94309537164,100686.94309537164,100686.94309537164,100686.94309537164,100686.94309537164
2021-03-08,100698.27186249492,100698.27186249492,100698.27186249492,100698.27186249492,100698.27186249492,100698.27186249492,100698.27186249492,100698.27186249492,100698.27186249492,100698.27186249492,100698.27186249492,100698.27186249492,100698.27186249492
2021-03-09,100701.38145153601,100701.38145153601,100701.38145153601,100701.38145153601,100701.38145153601,100701.38145153601,100701.38145153601,100701.38145153601,100701.38145153601,100701.38145153601,100701.38145153601,100701.38145153601,100701.38145153601
2021-03-10,100704.49104057711,100704.49104057711,100704.49104057711,100704.49104057711,100704.49104057711,100704.49104057711,100704.49104057711,100704.49104057711,100704.49104057711,100704.49104057711,100704.49104057711,100704.49104057711,100704.49104057711
2021-03-11,100707.6006296182,100707.6006296182,100707.6006296182,100707.6006296182,100707.6006296182,100707.6006296182,100707.6006296182,100707.6006296182,100707.6006296182,100707.6006296182,100707.6006296182,100707.6006296182,100707.6006296182
2021-03-12,100710.7102186593,100710.7102186593,100710.7102186593,100710.7102186593,100710.7102186593,100710.7102186593,100710.7102186593,100710.7102186593,100710.7102186593,100710.7102186593,100710.7102186593,100710.7102186593,100710.7102186593
2021-03-15,100722.03898578258,100722.03898578258,100722.03898578258,100722.03898578258,100722.03898578258,100722.03898578258,100722.03898578258,100722.03898578258,100722.03898578258,100722.03898578258,100722.03898578258,100722.03898578258,100722.03898578258
2021-03-16,100725.14857482367,100725.14857482367,100725.14857482367,100725.14857482367,100725.14857482367,100725.14857482367,100725.14857482367,100725.14857482367,100725.14857482367,100725.14857482367,100725.14857482367,100725.14857482367,100725.14857482367
2021-03-17,100728.25816386477,100728.25816386477,100728.25816386477,100728.25816386477,100728.25816386477,100728.25816386477,100728.25816386477,100728.25816386477,100728.25816386477,100728.25816386477,100728.25816386477,100728.25816386477,100728.25816386477
2021-03-18,100731.36775290586,100731.36775290586,100731.36775290586,100731.36775290586,100731.36775290586,100731.36775290586,100731.36775290586,100731.36775290586,100731.36775290586,100731.36775290586,100731.36775290586,100731.36775290586,100731.36775290586
2021-03-19,100734.47734194696,100734.47734194696,100734.47734194696,100734.47734194696,100734.47734194696,100734.47734194696,100734.47734194696,100734.47734194696,100734.47734194696,100734.47734194696,100734.47734194696,100734.47734194696,100734.47734194696
2021-03-22,100745.80610907024,100745.80610907024,100745.80610907024,100745.80610907024,100745.80610907024,100745.80610907024,100745.80610907024,100745.80610907024,100745.80610907024,100745.80610907024,100745.80610907024,100745.80610907024,100745.80610907024
2021-03-23,100748.91569811133,100748.91569811133,100748.91569811133,100748.91569811133,100748.91569811133,100748.91569811133,100748.91569811133,100748.91569811133,100748.91569811133,100748.91569811133,100748.91569811133,100748.91569811133,100748.91569811133
2021-03-24,100752.02528715243,100752.02528715243,100752.02528715243,100752.02528715243,100752.02528715243,100752.02528715243,100752.02528715243,100752.02528715243,100752.02528715243,100752.02528715243,100752.02528715243,100752.02528715243,100752.02528715243
2021-03-25,100926.59958178761,100926.59958178761,100926.59958178761,100926.59958178761,100926.59958178761,100926.59958178761,100926.59958178761,100926.59958178761,100926.59958178761,100926.59958178761,100926.59958178761,100926.59958178761,100926.59958178761
2021-03-26,101507.43612119212,101507.43612119212,101507.43612119212,101507.43612119212,101507.43612119212,101507.43612119212,101507.43612119212,101507.43612119212,101507.43612119212,101507.43612119212,101507.43612119212,101507.43612119212,101507.43612119212
2021-03-29,102124.13166178223,102124.13166178223,102124.13166178223,102124.13166178223,102124.13166178223,102124.13166178223,102124.13166178223,102124.13166178223,102124.13166178223,102124.13166178223,102124.13166178223,102124.13166178223,102124.13166178223
2021-03-30,102792.13301552292,102792.13301552292,102792.13301552292,102792.13301552292,102792.13301552292,102792.13301552292,102792.13301552292,102792.13301552292,102792.13301552292,102792.13301552292,102792.13301552292,102792.13301552292,102792.13301552292
2021-03-31,102663.2449266521,102663.2449266521,102663.2449266521,102663.2449266521,102663.2449266521,102663.2449266521,102663.2449266521,102663.2449266521,102663.2449266521,102663.2449266521,102663.2449266521,102663.2449266521,102663.2449266521
2021-04-01,103028.91350229041,103028.91350229041,103028.91350229041,103028.91350229041,103028.91350229041,103028.91350229041,103028.91350229041,103028.91350229041,103028.91350229041,103028.91350229041,103028.91350229041,103028.91350229041,103028.91350229041
2021-04-02,103217.7855639702,103217.7855639702,103217.7855639702,103217.7855639702,103217.7855639702,103217.7855639702,103217.7855639702,103217.7855639702,103217.7855639702,103217.7855639702,103217.7855639702,103217.7855639702,103217.7855639702
2021-04-06,103233.68707081952,103233.68707081952,103233.68707081952,103233.68707081952,103233.68707081952,103233.68707081952,103233.68707081952,103233.68707081952,103233.68707081952,103233.68707081952,103233.68707081952,103233.68707081952,103233.68707081952
2021-04-07,103236.88994753185,103236.88994753185,103236.88994753185,103236.88994753185,103236.88994753185,103236.88994753185,103236.88994753185,103236.88994753185,103236.88994753185,103236.88994753185,103236.88994753185,103236.88994753185,103236.88994753185
2021-04-08,103240.09282424417,103240.09282424417,103240.09282424417,103240.09282424417,103240.09282424417,103240.09282424417,103240.09282424417,103240.09282424417,103240.09282424417,103240.09282424417,103240.09282424417,103240.09282424417,103240.09282424417
2021-04-09,103000.55910023894,103000.55910023894,103000.55910023894,103000.55910023894,103000.55910023894,103000.55910023894,103000.55910023894,103000.55910023894,103000.55910023894,103000.55910023894,103000.55910023894,103000.55910023894,103000.55910023894
2021-04-12,103143.28285842582,103143.28285842582,103143.28285842582,103143.28285842582,103143.28285842582,103143.28285842582,103143.28285842582,103143.28285842582,103143.28285842582,103143.28285842582,103143.28285842582,103143.28285842582,103143.28285842582
2021-04-13,102902.86599403812,102902.86599403812,102902.86599403812,102902.86599403812,102902.86599403812,102902.86599403812,102902.86599403812,102902.86599403812,102902.86599403812,102902.86599403812,102902.86599403812,102902.86599403812,102902.86599403812
2021-04-14,104057.8509829681,104057.8509829681,104057.8509829681,104057.8509829681,104057.8509829681,104057.8509829681,104057.8509829681,104057.8509829681,104057.8509829681,104057.8509829681,104057.8509829681,104057.8509829681,104057.8509829681
2021-04-15,102962.75083088095,102962.75083088095,102962.75083088095,102962.75083088095,102962.75083088095,102962.75083088095,102962.75083088095,102962.75083088095,102962.75083088095,102962.75083088095,102962.75083088095,102962.75083088095,102962.75083088095
2021-04-16,103695.75013183767,103695.75013183767,103695.75013183767,103695.75013183767,103695.75013183767,103695.75013183767,103695.75013183767,103695.75013183767,103695.75013183767,103695.75013183767,103695.75013183767,103695.75013183767,103695.75013183767
2021-04-19,104135.54446958716,104135.54446958716,104135.54446958716,104135.54446958716,104135.54446958716,104135.54446958716,104135.54446958716,104135.54446958716,104135.54446958716,104135.54446958716,104135.54446958716,104135.54446958716,104135.54446958716
2021-04-20,102669.5458676737,102669.5458676737,102669.5458676737,102669.5458676737,102669.5458676737,102669.5458676737,102669.5458676737,102669.5458676737,102669.5458676737,102669.5458676737,102669.5458676737,102669.5458676737,102669.5458676737
2021-04-21,101936.54656671698,101936.54656671698,101936.54656671698,101936.54656671698,101936.54656671698,101936.54656671698,101936.54656671698,101936.54656671698,101936.54656671698,101936.54656671698,101936.54656671698,101936.54656671698,101936.54656671698
2021-04-22,102816.14398025686,102816.14398025686,102816.14398025686,102816.14398025686,102816.14398025686,102816.14398025686,102816.14398025686,102816.14398025686,102816.14398025686,102816.14398025686,102816.14398025686,102816.14398025686,102816.14398025686
2021-04-23,101640.71510288471,101640.71510288471,101640.71510288471,101640.71510288471,101640.71510288471,101640.71510288471,101640.71510288471,101640.71510288471,101640.71510288471,101640.71510288471,101640.71510288471,101640.71510288471,101640.71510288471
2021-04-26,102332.32615995775,102332.32615995775,102332.32615995775,102332.32615995775,102332.32615995775,102332.32615995775,102332.32615995775,102332.32615995775,102332.32615995775,102332.32615995775,102332.32615995775,102332.32615995775,102332.32615995775
2021-04-27,102714.1229230967,102714.1229230967,102714.1229230967,102714.1229230967,102714.1229230967,102714.1229230967,102714.1229230967,102714.1229230967,102714.1229230967,102714.1229230967,102714.1229230967,102714.1229230967,102714.1229230967
2021-04-28,102469.23059979896,102469.23059979896,102469.23059979896,102469.23059979896,102469.23059979896,102469.23059979896,102469.23059979896,102469.23059979896,102469.23059979896,102469.23059979896,102469.23059979896,102469.23059979896,102469.23059979896
2021-04-29,102468.86758178346,102468.86758178346,102468.86758178346,102468.86758178346,102468.86758178346,102468.86758178346,102468.86758178346,102468.86758178346,102468.86758178346,102468.86758178346,102468.86758178346,102468.86758178346,102468.86758178346
2021-04-30,102472.03936260537,102472.03936260537,102472.03936260537,102472.03936260537,102472.03936260537,102472.03936260537,102472.03936260537,102472.03936260537,102472.03936260537,102472.03936260537,102472.03936260537,102472.03936260537,102472.03936260537
2021-05-06,102496.17004753687,102496.17004753687,102496.17004753687,102496.17004753687,102496.17004753687,102496.17004753687,102496.17004753687,102496.17004753687,102496.17004753687,102496.17004753687,102496.17004753687,102496.17004753687,102496.17004753687
2021-05-07,102499.34182835878,102499.34182835878,102499.34182835878,102499.34182835878,102499.34182835878,102499.34182835878,102499.34182835878,102499.34182835878,102499.34182835878,102499.34182835878,102499.34182835878,102499.34182835878,102499.34182835878
2021-05-10,102510.89717082454,102510.89717082454,102510.89717082454,102510.89717082454,102510.89717082454,102510.89717082454,102510.89717082454,102510.89717082454,102510.89717082454,102510.89717082454,102510.89717082454,102510.89717082454,102510.89717082454
2021-05-11,102514.06895164645,102514.06895164645,102514.06895164645,102514.06895164645,102514.06895164645,102514.06895164645,102514.06895164645,102514.06895164645,102514.06895164645,102514.06895164645,102514.06895164645,102514.06895164645,102514.06895164645
2021-05-12,102517.24073246836,102517.24073246836,102517.24073246836,102517.24073246836,102517.24073246836,102517.24073246836,102517.24073246836,102517.24073246836,102517.24073246836,102517.24073246836,102517.24073246836,102517.24073246836,102517.24073246836
2021-05-13,102520.41251329027,102520.41251329027,102520.41251329027,102520.41251329027,102520.41251329027,102520.41251329027,102520.41251329027,102520.41251329027,102520.41251329027,102520.41251329027,102520.41251329027,102520.41251329027,102520.41251329027
2021-05-14,102523.58429411218,102523.58429411218,102523.58429411218,102523.58429411218,102523.58429411218,102523.58429411218,102523.58429411218,102523.58429411218,102523.58429411218,102523.58429411218,102523.58429411218,102523.58429411218,102523.58429411218
2021-05-17,102535.13963657794,102535.13963657794,102535.13963657794,102535.13963657794,102535.13963657794,102535.13963657794,102535.13963657794,102535.13963657794,102535.13963657794,102535.13963657794,102535.13963657794,102535.13963657794,102535.13963657794
2021-05-18,102538.31141739985,102538.31141739985,102538.31141739985,102538.31141739985,102538.31141739985,102538.31141739985,102538.31141739985,102538.31141739985,102538.31141739985,102538.31141739985,102538.31141739985,102538.31141739985,102538.31141739985
2021-05-19,102541.48319822176,102541.48319822176,102541.48319822176,102541.48319822176,102541.48319822176,102541.48319822176,102541.48319822176,102541.48319822176,102541.48319822176,102541.48319822176,102541.48319822176,102541.48319822176,102541.48319822176
2021-05-20,102544.65497904367,102544.65497904367,102544.65497904367,102544.65497904367,102544.65497904367,102544.65497904367,102544.65497904367,102544.65497904367,102544.65497904367,102544.65497904367,102544.65497904367,102544.65497904367,102544.65497904367
2021-05-21,102547.82675986558,102547.82675986558,102547.82675986558,102547.82675986558,102547.82675986558,102547.82675986558,102547.82675986558,102547.82675986558,102547.82675986558,102547.82675986558,102547.82675986558,102547.82675986558,102547.82675986558
2021-05-24,102559.38210233134,102559.38210233134,102559.38210233134,102559.38210233134,102559.38210233134,102559.38210233134,102559.38210233134,102559.38210233134,102559.38210233134,102559.38210233134,102559.38210233134,102559.38210233134,102559.38210233134
2021-05-25,102562.55388315325,102562.55388315325,102562.55388315325,102562.55388315325,102562.55388315325,102562.55388315325,102562.55388315325,102562.55388315325,102562.55388315325,102562.55388315325,102562.55388315325,102562.55388315325,102562.55388315325
2021-05-26,102565.72566397516,102565.72566397516,102565.72566397516,102565.72566397516,102565.72566397516,102565.72566397516,102565.72566397516,102565.72566397516,102565.72566397516,102565.72566397516,102565.72566397516,102565.72566397516,102565.72566397516
2021-05-27,102568.89744479707,102568.89744479707,102568.89744479707,102568.89744479707,102568.89744479707,102568.89744479707,102568.89744479707,102568.89744479707,102568.89744479707,102568.89744479707,102568.89744479707,102568.89744479707,102568.89744479707
2021-05-28,102572.06922561898,102572.06922561898,102572.06922561898,102572.06922561898,102572.06922561898,102572.06922561898,102572.06922561898,102572.06922561898,102572.06922561898,102572.06922561898,102572.06922561898,102572.06922561898,102572.06922561898
2021-05-31,102583.62456808474,102583.62456808474,102583.62456808474,102583.62456808474,102583.62456808474,102583.62456808474,102583.62456808474,102583.62456808474,102583.62456808474,102583.62456808474,102583.62456808474,102583.62456808474,102583.62456808474
2021-06-01,102586.79634890665,102586.79634890665,102586.79634890665,102586.79634890665,102586.79634890665,102586.79634890665,102586.79634890665,102586.79634890665,102586.79634890665,102586.79634890665,102586.79634890665,102586.79634890665,102586.79634890665
2021-06-02,102589.96812972856,102589.96812972856,102589.96812972856,102589.96812972856,102589.96812972856,102589.96812972856,102589.96812972856,102589.96812972856,102589.96812972856,102589.96812972856,102589.96812972856,102589.96812972856,102589.96812972856
2021-06-03,102593.13991055047,102593.13991055047,102593.13991055047,102593.13991055047,102593.13991055047,102593.13991055047,102593.13991055047,102593.13991055047,102593.13991055047,102593.13991055047,102593.13991055047,102593.13991055047,102593.13991055047
2021-06-04,102596.31169137238,102596.31169137238,102596.31169137238,102596.31169137238,102596.31169137238,102596.31169137238,102596.31169137238,102596.31169137238,102596.31169137238,102596.31169137238,102596.31169137238,102596.31169137238,102596.31169137238
2021-06-07,102607.86703383813,102607.86703383813,102607.86703383813,102607.86703383813,102607.86703383813,102607.86703383813,102607.86703383813,102607.86703383813,102607.86703383813,102607.86703383813,102607.86703383813,102607.86703383813,102607.86703383813
2021-06-08,101182.95450565509,101182.95450565509,101182.95450565509,101182.95450565509,101182.95450565509,101182.95450565509,101182.95450565509,101182.95450565509,101182.95450565509,101182.95450565509,101182.95450565509,101182.95450565509,101182.95450565509
2021-06-09,102138.75169512919,102138.75169512919,102138.75169512919,102138.75169512919,102138.75169512919,102138.75169512919,102138.75169512919,102138.75169512919,102138.75169512919,102138.75169512919,102138.75169512919,102138.75169512919,102138.75169512919
2021-06-10,103572.4522268503,103572.4522268503,103572.4522268503,103572.4522268503,103572.4522268503,103572.4522268503,103572.4522268503,103572.4522268503,103572.4522268503,103572.4522268503,103572.4522268503,103572.4522268503,103572.4522268503
2021-06-11,101501.5598988264,101501.5598988264,101501.5598988264,101501.5598988264,101501.5598988264,101501.5598988264,101501.5598988264,101501.5598988264,101501.5598988264,101501.5598988264,101501.5598988264,101501.5598988264,101501.5598988264
2021-06-15,103253.85632869891,103253.85632869891,103253.85632869891,103253.85632869891,103253.85632869891,103253.85632869891,103253.85632869891,103253.85632869891,103253.85632869891,103253.85632869891,103253.85632869891,103253.85632869891,103253.85632869891
2021-06-16,100386.45526525668,100386.45526525668,100386.45526525668,100386.45526525668,100386.45526525668,100386.45526525668,100386.45526525668,100386.45526525668,100386.45526525668,100386.45526525668,100386.45526525668,100386.45526525668,100386.45526525668
2021-06-17,109147.95640465907,109147.95640465907,109147.95640465907,109147.95640465907,109147.95640465907,109147.95640465907,109147.95640465907,109147.95640465907,109147.95640465907,109147.95640465907,109147.95640465907,109147.95640465907,109147.95640465907
2021-06-18,110263.05154320887,110263.05154320887,110263.05154320887,110263.05154320887,110263.05154320887,110263.05154320887,110263.05154320887,110263.05154320887,110263.05154320887,110263.05154320887,110263.05154320887,110263.05154320887,110263.05154320887
2021-06-21,110740.95488545588,110740.95488545588,110740.95488545588,110740.95488545588,110740.95488545588,110740.95488545588,110740.95488545588,110740.95488545588,110740.95488545588,110740.95488545588,110740.95488545588,110740.95488545588,110740.95488545588
2021-06-22,110263.05154320887,110263.05154320887,110263.05154320887,110263.05154320887,110263.05154320887,110263.05154320887,110263.05154320887,110263.05154320887,110263.05154320887,110263.05154320887,110263.05154320887,110263.05154320887,110263.05154320887
2021-06-23,115360.65237877062,115360.65237877062,115360.65237877062,115360.65237877062,115360.65237877062,115360.65237877062,115360.65237877062,115360.65237877062,115360.65237877062,115360.65237877062,115360.65237877062,115360.65237877062,115360.65237877062
2021-06-24,113130.4526066511,113130.4526066511,113130.4526066511,113130.4526066511,113130.4526066511,113130.4526066511,113130.4526066511,113130.4526066511,113130.4526066511,113130.4526066511,113130.4526066511,113130.4526066511,113130.4526066511
2021-06-25,114723.46058246783,114723.46058246783,114723.46058246783,114723.46058246783,114723.46058246783,114723.46058246783,114723.46058246783,114723.46058246783,114723.46058246783,114723.46058246783,114723.46058246783,114723.46058246783,114723.46058246783
2021-06-28,116475.75701234034,116475.75701234034,116475.75701234034,116475.75701234034,116475.75701234034,116475.75701234034,116475.75701234034,116475.75701234034,116475.75701234034,116475.75701234034,116475.75701234034,116475.75701234034,116475.75701234034
2021-06-29,115201.35442969493,115201.35442969493,115201.35442969493,115201.35442969493,115201.35442969493,115201.35442969493,115201.35442969493,115201.35442969493,115201.35442969493,115201.35442969493,115201.35442969493,115201.35442969493,115201.35442969493
2021-06-30,120776.85860750369,120776.85860750369,120776.85860750369,120776.85860750369,120776.85860750369,120776.85860750369,120776.85860750369,120776.85860750369,120776.85860750369,120776.85860750369,120776.85860750369,120776.85860750369,120776.85860750369
2021-07-01,117431.55420181445,117431.55420181445,117431.55420181445,117431.55420181445,117431.55420181445,117431.55420181445,117431.55420181445,117431.55420181445,117431.55420181445,117431.55420181445,117431.55420181445,117431.55420181445,117431.55420181445
2021-07-02,115201.35442969493,115201.35442969493,115201.35442969493,115201.35442969493,115201.35442969493,115201.35442969493,115201.35442969493,115201.35442969493,115201.35442969493,115201.35442969493,115201.35442969493,115201.35442969493,115201.35442969493
2021-07-05,120936.15655657939,120936.15655657939,120936.15655657939,120936.15655657939,120936.15655657939,120936.15655657939,120936.15655657939,120936.15655657939,120936.15655657939,120936.15655657939,120936.15655657939,120936.15655657939,120936.15655657939
2021-07-06,118705.95678445986,118705.95678445986,118705.95678445986,118705.95678445986,118705.95678445986,118705.95678445986,118705.95678445986,118705.95678445986,118705.95678445986,118705.95678445986,118705.95678445986,118705.95678445986,118705.95678445986
2021-07-07,121414.0598988264,121414.0598988264,121414.0598988264,121414.0598988264,121414.0598988264,121414.0598988264,121414.0598988264,121414.0598988264,121414.0598988264,121414.0598988264,121414.0598988264,121414.0598988264,121414.0598988264
2021-07-08,125555.85404989413,125555.85404989413,125555.85404989413,125555.85404989413,125555.85404989413,125555.85404989413,125555.85404989413,125555.85404989413,125555.85404989413,125555.85404989413,125555.85404989413,125555.85404989413,125555.85404989413
2021-07-09,124281.45146724871,124281.45146724871,124281.45146724871,124281.45146724871,124281.45146724871,124281.45146724871,124281.45146724871,124281.45146724871,124281.45146724871,124281.45146724871,124281.45146724871,124281.45146724871,124281.45146724871
2021-07-12,125555.85404989413,125555.85404989413,125555.85404989413,125555.85404989413,125555.85404989413,125555.85404989413,125555.85404989413,125555.85404989413,125555.85404989413,125555.85404989413,125555.85404989413,125555.85404989413,125555.85404989413
2021-07-13,119343.15807578257,119343.15807578257,119343.15807578257,119343.15807578257,119343.15807578257,119343.15807578257,119343.15807578257,119343.15807578257,119343.15807578257,119343.15807578257,119343.15807578257,119343.15807578257,119343.15807578257
2021-07-14,117909.45754406146,117909.45754406146,117909.45754406146,117909.45754406146,117909.45754406146,117909.45754406146,117909.45754406146,117909.45754406146,117909.45754406146,117909.45754406146,117909.45754406146,117909.45754406146,117909.45754406146
2021-07-15,118546.65883538417,118546.65883538417,118546.65883538417,118546.65883538417,118546.65883538417,118546.65883538417,118546.65883538417,118546.65883538417,118546.65883538417,118546.65883538417,118546.65883538417,118546.65883538417,118546.65883538417
2021-07-16,116635.05496141604,116635.05496141604,116635.05496141604,116635.05496141604,116635.05496141604,116635.05496141604,116635.05496141604,116635.05496141604,116635.05496141604,116635.05496141604,116635.05496141604,116635.05496141604,116635.05496141604
2021-07-19,116794.35291049174,116794.35291049174,116794.35291049174,116794.35291049174,116794.35291049174,116794.35291049174,116794.35291049174,116794.35291049174,116794.35291049174,116794.35291049174,116794.35291049174,116794.35291049174,116794.35291049174
2021-07-20,119821.05192300967,119821.05192300967,119821.05192300967,119821.05192300967,119821.05192300967,119821.05192300967,119821.05192300967,119821.05192300967,119821.05192300967,119821.05192300967,119821.05192300967,119821.05192300967,119821.05192300967
2021-07-21,124600.05686042002,124600.05686042002,124600.05686042002,124600.05686042002,124600.05686042002,124600.05686042002,124600.05686042002,124600.05686042002,124600.05686042002,124600.05686042002,124600.05686042002,124600.05686042002,124600.05686042002
2021-07-22,128741.86050650767,128741.86050650767,128741.86050650767,128741.86050650767,128741.86050650767,128741.86050650767,128741.86050650767,128741.86050650767,128741.86050650767,128741.86050650767,128741.86050650767,128741.86050650767,128741.86050650767
2021-07-23,129060.45640465907,129060.45640465907,129060.45640465907,129060.45640465907,129060.45640465907,129060.45640465907,129060.45640465907,129060.45640465907,129060.45640465907,129060.45640465907,129060.45640465907,129060.45640465907,129060.45640465907
2021-07-26,131609.25207493,131609.25207493,131609.25207493,131609.25207493,131609.25207493,131609.25207493,131609.25207493,131609.25207493,131609.25207493,131609.25207493,131609.25207493,131609.25207493,131609.25207493
2021-07-27,131449.9541258543,131449.9541258543,131449.9541258543,131449.9541258543,131449.9541258543,131449.9541258543,131449.9541258543,131449.9541258543,131449.9541258543,131449.9541258543,131449.9541258543,131449.9541258543,131449.9541258543
2021-07-28,128104.65921518496,128104.65921518496,128104.65921518496,128104.65921518496,128104.65921518496,128104.65921518496,128104.65921518496,128104.65921518496,128104.65921518496,128104.65921518496,128104.65921518496,128104.65921518496,128104.65921518496
2021-07-29,138140.55344221287,138140.55344221287,138140.55344221287,138140.55344221287,138140.55344221287,138140.55344221287,138140.55344221287,138140.55344221287,138140.55344221287,138140.55344221287,138140.55344221287,138140.55344221287,138140.55344221287
2021-07-30,140052.157316181,140052.157316181,140052.157316181,140052.157316181,140052.157316181,140052.157316181,140052.157316181,140052.157316181,140052.157316181,140052.157316181,140052.157316181,140052.157316181,140052.157316181
2021-08-02,136866.16035458737,136866.16035458737,136866.16035458737,136866.16035458737,136866.16035458737,136866.16035458737,136866.16035458737,136866.16035458737,136866.16035458737,136866.16035458737,136866.16035458737,136866.16035458737,136866.16035458737
2021-08-03,128104.65921518496,128104.65921518496,128104.65921518496,128104.65921518496,128104.65921518496,128104.65921518496,128104.65921518496,128104.65921518496,128104.65921518496,128104.65921518496,128104.65921518496,128104.65921518496,128104.65921518496
2021-08-04,133680.15389797383,133680.15389797383,133680.15389797383,133680.15389797383,133680.15389797383,133680.15389797383,133680.15389797383,133680.15389797383,133680.15389797383,133680.15389797383,133680.15389797383,133680.15389797383,133680.15389797383
2021-08-05,133680.15389797383,133680.15389797383,133680.15389797383,133680.15389797383,133680.15389797383,133680.15389797383,133680.15389797383,133680.15389797383,133680.15389797383,133680.15389797383,133680.15389797383,133680.15389797383,133680.15389797383
2021-08-06,132724.35670849972,132724.35670849972,132724.35670849972,132724.35670849972,132724.35670849972,132724.35670849972,132724.35670849972,132724.35670849972,132724.35670849972,132724.35670849972,132724.35670849972,132724.35670849972,132724.35670849972
2021-08-09,128901.15845558337,128901.15845558337,128901.15845558337,128901.15845558337,128901.15845558337,128901.15845558337,128901.15845558337,128901.15845558337,128901.15845558337,128901.15845558337,128901.15845558337,128901.15845558337,128901.15845558337
2021-08-10,128104.65921518496,128104.65921518496,128104.65921518496,128104.65921518496,128104.65921518496,128104.65921518496,128104.65921518496,128104.65921518496,128104.65921518496,128104.65921518496,128104.65921518496,128104.65921518496,128104.65921518496
2021-08-11,128582.55306241206,128582.55306241206,128582.55306241206,128582.55306241206,128582.55306241206,128582.55306241206,128582.55306241206,128582.55306241206,128582.55306241206,128582.55306241206,128582.55306241206,128582.55306241206,128582.55306241206
2021-08-12,130016.25359413317,130016.25359413317,130016.25359413317,130016.25359413317,130016.25359413317,130016.25359413317,130016.25359413317,130016.25359413317,130016.25359413317,130016.25359413317,130016.25359413317,130016.25359413317,130016.25359413317
2021-08-13,125077.96020266703,125077.96020266703,125077.96020266703,125077.96020266703,125077.96020266703,125077.96020266703,125077.96020266703,125077.96020266703,125077.96020266703,125077.96020266703,125077.96020266703,125077.96020266703,125077.96020266703
2021-08-16,126033.75739214114,126033.75739214114,126033.75739214114,126033.75739214114,126033.75739214114,126033.75739214114,126033.75739214114,126033.75739214114,126033.75739214114,126033.75739214114,126033.75739214114,126033.75739214114,126033.75739214114
2021-08-17,120298.95526525668,120298.95526525668,120298.95526525668,120298.95526525668,120298.95526525668,120298.95526525668,120298.95526525668,120298.95526525668,120298.95526525668,120298.95526525668,120298.95526525668,120298.95526525668,120298.95526525668
2021-08-18,120458.25321433238,120458.25321433238,120458.25321433238,120458.25321433238,120458.25321433238,120458.25321433238,120458.25321433238,120458.25321433238,120458.25321433238,120458.25321433238,120458.25321433238,120458.25321433238,120458.25321433238
2021-08-19,120277.65037363517,120277.65037363517,120277.65037363517,120277.65037363517,120277.65037363517,120277.65037363517,120277.65037363517,120277.65037363517,120277.65037363517,120277.65037363517,120277.65037363517,120277.65037363517,120277.65037363517
2021-08-20,120281.38188048449,120281.38188048449,120281.38188048449,120281.38188048449,120281.38188048449,120281.38188048449,120281.38188048449,120281.38188048449,120281.38188048449,120281.38188048449,120281.38188048449,120281.38188048449,120281.38188048449
2021-08-23,120294.97640103244,120294.97640103244,120294.97640103244,120294.97640103244,120294.97640103244,120294.97640103244,120294.97640103244,120294.97640103244,120294.97640103244,120294.97640103244,120294.97640103244,120294.97640103244,120294.97640103244
2021-08-24,120298.70790788176,120298.70790788176,120298.70790788176,120298.70790788176,120298.70790788176,120298.70790788176,120298.70790788176,120298.70790788176,120298.70790788176,120298.70790788176,120298.70790788176,120298.70790788176,120298.70790788176
2021-08-25,120302.43941473108,120302.43941473108,120302.43941473108,120302.43941473108,120302.43941473108,120302.43941473108,120302.43941473108,120302.43941473108,120302.43941473108,120302.43941473108,120302.43941473108,120302.43941473108,120302.43941473108
2021-08-26,120306.1709215804,120306.1709215804,120306.1709215804,120306.1709215804,120306.1709215804,120306.1709215804,120306.1709215804,120306.1709215804,120306.1709215804,120306.1709215804,120306.1709215804,120306.1709215804,120306.1709215804
2021-08-27,120309.90242842972,120309.90242842972,120309.90242842972,120309.90242842972,120309.90242842972,120309.90242842972,120309.90242842972,120309.90242842972,120309.90242842972,120309.90242842972,120309.90242842972,120309.90242842972,120309.90242842972
2021-08-30,120323.49694897767,120323.49694897767,120323.49694897767,120323.49694897767,120323.49694897767,120323.49694897767,120323.49694897767,120323.49694897767,120323.49694897767,120323.49694897767,120323.49694897767,120323.49694897767,120323.49694897767
2021-08-31,120327.22845582699,120327.22845582699,120327.22845582699,120327.22845582699,120327.22845582699,120327.22845582699,120327.22845582699,120327.22845582699,120327.22845582699,120327.22845582699,120327.22845582699,120327.22845582699,120327.22845582699
2021-09-01,120330.95996267631,120330.95996267631,120330.95996267631,120330.95996267631,120330.95996267631,120330.95996267631,120330.95996267631,120330.95996267631,120330.95996267631,120330.95996267631,120330.95996267631,120330.95996267631,120330.95996267631
2021-09-02,120334.69146952563,120334.69146952563,120334.69146952563,120334.69146952563,120334.69146952563,120334.69146952563,120334.69146952563,120334.69146952563,120334.69146952563,120334.69146952563,120334.69146952563,120334.69146952563,120334.69146952563
2021-09-03,120338.42297637495,120338.42297637495,120338.42297637495,120338.42297637495,120338.42297637495,120338.42297637495,120338.42297637495,120338.42297637495,120338.42297637495,120338.42297637495,120338.42297637495,120338.42297637495,120338.42297637495
2021-09-06,120352.0174969229,120352.0174969229,120352.0174969229,120352.0174969229,120352.0174969229,120352.0174969229,120352.0174969229,120352.0174969229,120352.0174969229,120352.0174969229,120352.0174969229,120352.0174969229,120352.0174969229
2021-09-07,120355.74900377222,120355.74900377222,120355.74900377222,120355.74900377222,120355.74900377222,120355.74900377222,120355.74900377222,120355.74900377222,120355.74900377222,120355.74900377222,120355.74900377222,120355.74900377222,120355.74900377222
2021-09-08,120359.48051062154,120359.48051062154,120359.48051062154,120359.48051062154,120359.48051062154,120359.48051062154,120359.48051062154,120359.48051062154,120359.48051062154,120359.48051062154,120359.48051062154,120359.48051062154,120359.48051062154
2021-09-09,120363.21201747085,120363.21201747085,120363.21201747085,120363.21201747085,120363.21201747085,120363.21201747085,120363.21201747085,120363.21201747085,120363.21201747085,120363.21201747085,120363.21201747085,120363.21201747085,120363.21201747085
2021-09-10,120366.94352432017,120366.94352432017,120366.94352432017,120366.94352432017,120366.94352432017,120366.94352432017,120366.94352432017,120366.94352432017,120366.94352432017,120366.94352432017,120366.94352432017,120366.94352432017,120366.94352432017
2021-09-13,120380.53804486812,120380.53804486812,120380.53804486812,120380.53804486812,120380.53804486812,120380.53804486812,120380.53804486812,120380.53804486812,120380.53804486812,120380.53804486812,120380.53804486812,120380.53804486812,120380.53804486812
2021-09-14,120384.26955171744,120384.26955171744,120384.26955171744,120384.26955171744,120384.26955171744,120384.26955171744,120384.26955171744,120384.26955171744,120384.26955171744,120384.26955171744,120384.26955171744,120384.26955171744,120384.26955171744
2021-09-15,120388.00105856676,120388.00105856676,120388.00105856676,120388.00105856676,120388.00105856676,120388.00105856676,120388.00105856676,120388.00105856676,120388.00105856676,120388.00105856676,120388.00105856676,120388.00105856676,120388.00105856676
2021-09-16,120391.73256541608,120391.73256541608,120391.73256541608,120391.73256541608,120391.73256541608,120391.73256541608,120391.73256541608,120391.73256541608,120391.73256541608,120391.73256541608,120391.73256541608,120391.73256541608,120391.73256541608
2021-09-17,120395.4640722654,120395.4640722654,120395.4640722654,120395.4640722654,120395.4640722654,120395.4640722654,120395.4640722654,120395.4640722654,120395.4640722654,120395.4640722654,120395.4640722654,120395.4640722654,120395.4640722654
2021-09-22,120418.92160651197,120418.92160651197,120418.92160651197,120418.92160651197,120418.92160651197,120418.92160651197,120418.92160651197,120418.92160651197,120418.92160651197,120418.92160651197,120418.92160651197,120418.92160651197,120418.92160651197
2021-09-23,120422.65311336129,120422.65311336129,120422.65311336129,120422.65311336129,120422.65311336129,120422.65311336129,120422.65311336129,120422.65311336129,120422.65311336129,120422.65311336129,120422.65311336129,120422.65311336129,120422.65311336129
2021-09-24,120426.3846202106,120426.3846202106,120426.3846202106,120426.3846202106,120426.3846202106,120426.3846202106,120426.3846202106,120426.3846202106,120426.3846202106,120426.3846202106,120426.3846202106,120426.3846202106,120426.3846202106
2021-09-27,120439.97914075856,120439.97914075856,120439.97914075856,120439.97914075856,120439.97914075856,120439.97914075856,120439.97914075856,120439.97914075856,120439.97914075856,120439.97914075856,120439.97914075856,120439.97914075856,120439.97914075856
2021-09-28,120443.71064760788,120443.71064760788,120443.71064760788,120443.71064760788,120443.71064760788,120443.71064760788,120443.71064760788,120443.71064760788,120443.71064760788,120443.71064760788,120443.71064760788,120443.71064760788,120443.71064760788
2021-09-29,120447.4421544572,120447.4421544572,120447.4421544572,120447.4421544572,120447.4421544572,120447.4421544572,120447.4421544572,120447.4421544572,120447.4421544572,120447.4421544572,120447.4421544572,120447.4421544572,120447.4421544572
2021-09-30,120451.17366130651,120451.17366130651,120451.17366130651,120451.17366130651,120451.17366130651,120451.17366130651,120451.17366130651,120451.17366130651,120451.17366130651,120451.17366130651,120451.17366130651,120451.17366130651,120451.17366130651
2021-10-08,120489.42571610103,120489.42571610103,120489.42571610103,120489.42571610103,120489.42571610103,120489.42571610103,120489.42571610103,120489.42571610103,120489.42571610103,120489.42571610103,120489.42571610103,120489.42571610103,120489.42571610103
2021-10-11,120503.02023664898,120503.02023664898,120503.02023664898,120503.02023664898,120503.02023664898,120503.02023664898,120503.02023664898,120503.02023664898,120503.02023664898,120503.02023664898,120503.02023664898,120503.02023664898,120503.02023664898
2021-10-12,120506.7517434983,120506.7517434983,120506.7517434983,120506.7517434983,120506.7517434983,120506.7517434983,120506.7517434983,120506.7517434983,120506.7517434983,120506.7517434983,120506.7517434983,120506.7517434983,120506.7517434983
2021-10-13,120510.48325034762,120510.48325034762,120510.48325034762,120510.48325034762,120510.48325034762,120510.48325034762,120510.48325034762,120510.48325034762,120510.48325034762,120510.48325034762,120510.48325034762,120510.48325034762,120510.48325034762
2021-10-14,120514.21475719694,120514.21475719694,120514.21475719694,120514.21475719694,120514.21475719694,120514.21475719694,120514.21475719694,120514.21475719694,120514.21475719694,120514.21475719694,120514.21475719694,120514.21475719694,120514.21475719694
2021-10-15,120517.94626404626,120517.94626404626,120517.94626404626,120517.94626404626,120517.94626404626,120517.94626404626,120517.94626404626,120517.94626404626,120517.94626404626,120517.94626404626,120517.94626404626,120517.94626404626,120517.94626404626
2021-10-18,120531.54078459421,120531.54078459421,120531.54078459421,120531.54078459421,120531.54078459421,120531.54078459421,120531.54078459421,120531.54078459421,120531.54078459421,120531.54078459421,120531.54078459421,120531.54078459421,120531.54078459421
2021-10-19,120535.27229144353,120535.27229144353,120535.27229144353,120535.27229144353,120535.27229144353,120535.27229144353,120535.27229144353,120535.27229144353,120535.27229144353,120535.27229144353,120535.27229144353,120535.27229144353,120535.27229144353
2021-10-20,120539.00379829285,120539.00379829285,120539.00379829285,120539.00379829285,120539.00379829285,120539.00379829285,120539.00379829285,120539.00379829285,120539.00379829285,120539.00379829285,120539.00379829285,120539.00379829285,120539.00379829285
2021-10-21,120542.73530514217,120542.73530514217,120542.73530514217,120542.73530514217,120542.73530514217,120542.73530514217,120542.73530514217,120542.73530514217,120542.73530514217,120542.73530514217,120542.73530514217,120542.73530514217,120542.73530514217
2021-10-22,120546.46681199149,120546.46681199149,120546.46681199149,120546.46681199149,120546.46681199149,120546.46681199149,120546.46681199149,120546.46681199149,120546.46681199149,120546.46681199149,120546.46681199149,120546.46681199149,120546.46681199149
2021-10-25,120560.06133253944,120560.06133253944,120560.06133253944,120560.06133253944,120560.06133253944,120560.06133253944,120560.06133253944,120560.06133253944,120560.06133253944,120560.06133253944,120560.06133253944,120560.06133253944,120560.06133253944
2021-10-26,120563.79283938876,120563.79283938876,120563.79283938876,120563.79283938876,120563.79283938876,120563.79283938876,120563.79283938876,120563.79283938876,120563.79283938876,120563.79283938876,120563.79283938876,120563.79283938876,120563.79283938876
2021-10-27,120567.52434623807,120567.52434623807,120567.52434623807,120567.52434623807,120567.52434623807,120567.52434623807,120567.52434623807,120567.52434623807,120567.52434623807,120567.52434623807,120567.52434623807,120567.52434623807,120567.52434623807
2021-10-28,118914.0592569621,118914.0592569621,118914.0592569621,118914.0592569621,118914.0592569621,118914.0592569621,118914.0592569621,118914.0592569621,118914.0592569621,118914.0592569621,118914.0592569621,118914.0592569621,118914.0592569621
2021-10-29,119167.06566790982,119167.06566790982,119167.06566790982,119167.06566790982,119167.06566790982,119167.06566790982,119167.06566790982,119167.06566790982,119167.06566790982,119167.06566790982,119167.06566790982,119167.06566790982,119167.06566790982
2021-11-01,118393.4916945504,118393.4916945504,118393.4916945504,118393.4916945504,118393.4916945504,118393.4916945504,118393.4916945504,118393.4916945504,118393.4916945504,118393.4916945504,118393.4916945504,118393.4916945504,118393.4916945504
2021-11-02,119846.32206052457,119846.32206052457,119846.32206052457,119846.32206052457,119846.32206052457,119846.32206052457,119846.32206052457,119846.32206052457,119846.32206052457,119846.32206052457,119846.32206052457,119846.32206052457,119846.32206052457
2021-11-03,118908.59272426592,118908.59272426592,118908.59272426592,118908.59272426592,118908.59272426592,118908.59272426592,118908.59272426592,118908.59272426592,118908.59272426592,118908.59272426592,118908.59272426592,118908.59272426592,118908.59272426592
2021-11-04,122126.10706419795,122126.10706419795,122126.10706419795,122126.10706419795,122126.10706419795,122126.10706419795,122126.10706419795,122126.10706419795,122126.10706419795,122126.10706419795,122126.10706419795,122126.10706419795,122126.10706419795
2021-11-05,122131.5549645964,122131.5549645964,122131.5549645964,122131.5549645964,122131.5549645964,122131.5549645964,122131.5549645964,122131.5549645964,122131.5549645964,122131.5549645964,122131.5549645964,122131.5549645964,122131.5549645964
2021-11-08,120263.74864917433,120263.74864917433,120263.74864917433,120263.74864917433,120263.74864917433,120263.74864917433,120263.74864917433,120263.74864917433,120263.74864917433,120263.74864917433,120263.74864917433,120263.74864917433,120263.74864917433
2021-11-09,119754.35520749725,119754.35520749725,119754.35520749725,119754.35520749725,119754.35520749725,119754.35520749725,119754.35520749725,119754.35520749725,119754.35520749725,119754.35520749725,119754.35520749725,119754.35520749725,119754.35520749725
2021-11-10,117292.25148301758,117619.68308558923,117292.25148301758,117619.68308558923,117292.25148301758,117619.68308558923,117292.25148301758,117619.68308558923,117292.25148301758,117292.25148301758,117292.25148301758,117292.25148301758,117292.25148301758
2021-11-11,118494.58424076164,118277.97634007008,118494.58424076164,118277.97634007008,118494.58424076164,118277.97634007008,118494.58424076164,118277.97634007008,118494.58424076164,118494.58424076164,118494.58424076164,118494.58424076164,118494.58424076164
2021-11-12,117936.51847506988,118633.95196087606,117936.51847506988,118633.95196087606,117936.51847506988,118633.95196087606,117936.51847506988,118633.95196087606,117936.51847506988,117936.51847506988,117936.51847506988,117936.51847506988,117936.51847506988
2021-11-15,121167.85209086948,119444.74505525261,121167.85209086948,119444.74505525261,121167.85209086948,119444.74505525261,121167.85209086948,119444.74505525261,121167.85209086948,121167.85209086948,121167.85209086948,121167.85209086948,121167.85209086948
2021-11-16,122389.28703627366,118627.34605662545,122389.28703627366,118627.34605662545,122389.28703627366,118627.34605662545,122389.28703627366,118627.34605662545,122389.28703627366,122389.28703627366,122389.28703627366,122389.28703627366,122389.28703627366
2021-11-17,121143.34176398236,117900.0613526841,121143.34176398236,117900.0613526841,121143.34176398236,117900.0613526841,121143.34176398236,117900.0613526841,121143.34176398236,121143.34176398236,121143.34176398236,121143.34176398236,121143.34176398236
2021-11-18,121197.22156476352,118037.4677733918,121197.22156476352,118037.4677733918,121197.22156476352,118037.4677733918,121197.22156476352,118037.4677733918,121197.22156476352,121197.22156476352,121197.22156476352,121197.22156476352,121197.22156476352
2021-11-19,120774.21860646579,117625.26489062508,120774.21860646579,117625.26489062508,120774.21860646579,117625.26489062508,120774.21860646579,117625.26489062508,120774.21860646579,120774.21860646579,120774.21860646579,120774.21860646579,120774.21860646579
2021-11-22,120210.21746348712,117075.66377682885,120210.21746348712,117075.66377682885,120210.21746348712,117075.66377682885,120210.21746348712,117075.66377682885,120210.21746348712,120210.21746348712,120210.21746348712,120210.21746348712,120210.21746348712
2021-11-23,118518.21403455111,115426.86043544015,118518.21403455111,115426.86043544015,118518.21403455111,115426.86043544015,118518.21403455111,115426.86043544015,118518.21403455111,118518.21403455111,118518.21403455111,118518.21403455111,118518.21403455111
2021-11-24,116121.21968221042,113091.06593890389,116121.21968221042,113091.06593890389,116121.21968221042,113091.06593890389,116121.21968221042,113091.06593890389,116121.21968221042,116121.21968221042,116121.21968221042,116121.21968221042,116121.21968221042
2021-11-25,114497.07260957507,111475.96301869949,114497.07260957507,111475.96301869949,114497.07260957507,111475.96301869949,114497.07260957507,111475.96301869949,114497.07260957507,114497.07260957507,114497.07260957507,114497.07260957507,114497.07260957507
2021-11-26,113885.62394893868,110889.23733349825,113885.62394893868,110889.23733349825,113885.62394893868,110889.23733349825,113885.62394893868,110889.23733349825,113885.62394893868,113885.62394893868,113885.62394893868,113885.62394893868,113885.62394893868
2021-11-29,114612.82181061011,111597.23525162722,114612.82181061011,111597.23525162722,114612.82181061011,111597.23525162722,114612.82181061011,111597.23525162722,114612.82181061011,114612.82181061011,114612.82181061011,114612.82181061011,114612.82181061011
2021-11-30,111946.42001903756,109001.2335073569,111946.42001903756,109001.2335073569,111946.42001903756,109001.2335073569,111946.42001903756,109001.2335073569,111946.42001903756,111946.42001903756,111946.42001903756,111946.42001903756,111946.42001903756
2021-12-01,112431.22100151282,109473.23446389224,112431.22100151282,109473.23446389224,112431.22100151282,109473.23446389224,112431.22100151282,109473.23446389224,112431.22100151282,112431.22100151282,112431.22100151282,112431.22100151282,112431.22100151282
2021-12-02,113764.42550934058,110771.23885270144,113764.42550934058,110771.23885270144,113764.42550934058,110771.23885270144,113764.42550934058,110771.23885270144,113764.42550934058,113764.42550934058,113764.42550934058,113764.42550934058,113764.42550934058
2021-12-03,118127.61990345221,115019.23339482333,118127.61990345221,115019.23339482333,118127.61990345221,115019.23339482333,118127.61990345221,115019.23339482333,118127.61990345221,118127.61990345221,118127.61990345221,118127.61990345221,118127.61990345221
2021-12-06,118006.42146385412,114901.23491402649,118006.42146385412,114901.23491402649,118006.42146385412,114901.23491402649,118006.42146385412,114901.23491402649,118006.42146385412,118006.42146385412,118006.42146385412,118006.42146385412,118006.42146385412
2021-12-07,117764.02458465796,114665.23795243289,117764.02458465796,114665.23795243289,117764.02458465796,114665.23795243289,117764.02458465796,114665.23795243289,117764.02458465796,117764.02458465796,117764.02458465796,117764.02458465796,117764.02458465796
2021-12-08,123581.62915027836,120329.24239750885,123581.62915027836,120329.24239750885,123581.62915027836,120329.24239750885,123581.62915027836,120329.24239750885,123581.62915027836,123581.62915027836,123581.62915027836,123581.62915027836,123581.62915027836
2021-12-09,126732.81747616034,123397.23103161837,126732.81747616034,123397.23103161837,126732.81747616034,123397.23103161837,126732.81747616034,123397.23103161837,126732.81747616034,126732.81747616034,126732.81747616034,126732.81747616034,126732.81747616034
2021-12-10,126490.42059696418,123161.23407002474,126490.42059696418,123161.23407002474,126490.42059696418,123161.23407002474,126490.42059696418,123161.23407002474,126490.42059696418,126490.42059696418,126490.42059696418,126490.42059696418,126490.42059696418
2021-12-13,127581.22822559577,124223.24149724032,127581.22822559577,124223.24149724032,127581.22822559577,124223.24149724032,127581.22822559577,124223.24149724032,127581.22822559577,127581.22822559577,127581.22822559577,127581.22822559577,127581.22822559577
2021-12-14,128793.2270697425,125403.24037190463,128793.2270697425,125403.24037190463,128793.2270697425,125403.24037190463,128793.2270697425,125403.24037190463,128793.2270697425,128793.2270697425,128793.2270697425,128793.2270697425,128793.2270697425
2021-12-15,126490.42059696418,123161.23407002474,126490.42059696418,123161.23407002474,126490.42059696418,123161.23407002474,126490.42059696418,123161.23407002474,126490.42059696418,126490.42059696418,126490.42059696418,126490.42059696418,126490.42059696418
2021-12-16,124066.42290867072,120801.23632069613,124066.42290867072,120801.23632069613,124066.42290867072,120801.23632069613,124066.42290867072,120801.23632069613,124066.42290867072,124066.42290867072,124066.42290867072,124066.42290867072,124066.42290867072
2021-12-17,120066.82383335334,116907.23722096469,120066.82383335334,116907.23722096469,120066.82383335334,116907.23722096469,120066.82383335334,116907.23722096469,120066.82383335334,120066.82383335334,120066.82383335334,120066.82383335334,120066.82383335334
2021-12-20,119945.62539375525,116789.23874016787,119945.62539375525,116789.23874016787,119945.62539375525,116789.23874016787,119945.62539375525,116789.23874016787,119945.62539375525,119945.62539375525,119945.62539375525,119945.62539375525,119945.62539375525
2021-12-21,120066.82383335334,116907.23722096469,120066.82383335334,116907.23722096469,120066.82383335334,116907.23722096469,120066.82383335334,116907.23722096469,120066.82383335334,120066.82383335334,120066.82383335334,120066.82383335334,120066.82383335334
2021-12-22,120794.0216950248,117615.23513909365,120794.0216950248,117615.23513909365,120794.0216950248,117615.23513909365,120794.0216950248,117615.23513909365,120794.0216950248,120794.0216950248,120794.0216950248,120794.0216950248,120794.0216950248
2021-12-23,124308.81978786689,121037.23328228976,124308.81978786689,121037.23328228976,124308.81978786689,121037.23328228976,124308.81978786689,121037.23328228976,124308.81978786689,124308.81978786689,124308.81978786689,124308.81978786689,124308.81978786689
2021-12-24,124066.42290867072,120801.23632069613,124066.42290867072,120801.23632069613,124066.42290867072,120801.23632069613,124066.42290867072,120801.23632069613,124066.42290867072,124066.42290867072,124066.42290867072,124066.42290867072,124066.42290867072
2021-12-27,122490.8215216468,119267.2349702933,122490.8215216468,119267.2349702933,122490.8215216468,119267.2349702933,122490.8215216468,119267.2349702933,122490.8215216468,122490.8215216468,122490.8215216468,122490.8215216468,122490.8215216468
2021-12-28,122428.27149051972,119206.33642513657,122428.27149051972,119206.33642513657,122428.27149051972,119206.33642513657,122428.27149051972,119206.33642513657,122428.27149051972,122428.27149051972,122428.27149051972,122428.27149051972,122428.27149051972
2021-12-29,122432.06518914986,119210.03683609547,122432.06518914986,119210.03683609547,122432.06518914986,119210.03683609547,122432.06518914986,119210.03683609547,122432.06518914986,122432.06518914986,122432.06518914986,122432.06518914986,122432.06518914986
2021-12-30,122435.85888777999,119213.73724705438,122435.85888777999,119213.73724705438,122435.85888777999,119213.73724705438,122435.85888777999,119213.73724705438,122435.85888777999,122435.85888777999,122435.85888777999,122435.85888777999,122435.85888777999
2021-12-31,122439.65258641013,119217.43765801328,122439.65258641013,119217.43765801328,122439.65258641013,119217.43765801328,122439.65258641013,119217.43765801328,122439.65258641013,122439.65258641013,122439.65258641013,122439.65258641013,122439.65258641013
2022-01-04,122458.48738093067,119235.8093018489,122458.48738093067,119235.8093018489,122458.48738093067,119235.8093018489,122458.48738093067,119235.8093018489,122458.48738093067,122458.48738093067,122458.48738093067,122458.48738093067,122458.48738093067
2022-01-05,122462.28107956081,119239.5097128078,122462.28107956081,119239.5097128078,122462.28107956081,119239.5097128078,122462.28107956081,119239.5097128078,122462.28107956081,122462.28107956081,122462.28107956081,122462.28107956081,122462.28107956081
2022-01-06,122466.07477819094,119243.21012376671,122466.07477819094,119243.21012376671,122466.07477819094,119243.21012376671,122466.07477819094,119243.21012376671,122466.07477819094,122466.07477819094,122466.07477819094,122466.07477819094,122466.07477819094
2022-01-07,122469.86847682108,119246.91053472561,122469.86847682108,119246.91053472561,122469.86847682108,119246.91053472561,122469.86847682108,119246.91053472561,122469.86847682108,122469.86847682108,122469.86847682108,122469.86847682108,122469.86847682108
2022-01-10,122483.68957271149,119260.39176760233,122483.68957271149,119260.39176760233,122483.68957271149,119260.39176760233,122483.68957271149,119260.39176760233,122483.68957271149,122483.68957271149,122483.68957271149,122483.68957271149,122483.68957271149
2022-01-11,122487.48327134163,119264.09217856123,122487.48327134163,119264.09217856123,122487.48327134163,119264.09217856123,122487.48327134163,119264.09217856123,122487.48327134163,122487.48327134163,122487.48327134163,122487.48327134163,122487.48327134163
2022-01-12,122491.27696997176,119267.79258952013,122491.27696997176,119267.79258952013,122491.27696997176,119267.79258952013,122491.27696997176,119267.79258952013,122491.27696997176,122491.27696997176,122491.27696997176,122491.27696997176,122491.27696997176
2022-01-13,122495.0706686019,119271.49300047904,122495.0706686019,119271.49300047904,122495.0706686019,119271.49300047904,122495.0706686019,119271.49300047904,122495.0706686019,122495.0706686019,122495.0706686019,122495.0706686019,122495.0706686019
2022-01-14,122498.86436723203,119275.19341143794,122498.86436723203,119275.19341143794,122498.86436723203,119275.19341143794,122498.86436723203,119275.19341143794,122498.86436723203,122498.86436723203,122498.86436723203,122498.86436723203,122498.86436723203
2022-01-17,122512.68546312244,119288.67464431465,122512.68546312244,119288.67464431465,122512.68546312244,119288.67464431465,122512.68546312244,119288.67464431465,122512.68546312244,122512.68546312244,122512.68546312244,122512.68546312244,122512.68546312244
2022-01-18,122516.47916175258,119292.37505527356,122516.47916175258,119292.37505527356,122516.47916175258,119292.37505527356,122516.47916175258,119292.37505527356,122516.47916175258,122516.47916175258,122516.47916175258,122516.47916175258,122516.47916175258
2022-01-19,122520.27286038271,119296.07546623246,122520.27286038271,119296.07546623246,122520.27286038271,119296.07546623246,122520.27286038271,119296.07546623246,122520.27286038271,122520.27286038271,122520.27286038271,122520.27286038271,122520.27286038271
2022-01-20,122524.06655901285,119299.77587719136,122524.06655901285,119299.77587719136,122524.06655901285,119299.77587719136,122524.06655901285,119299.77587719136,122524.06655901285,122524.06655901285,122524.06655901285,122524.06655901285,122524.06655901285
2022-01-21,122527.86025764298,119303.47628815027,122527.86025764298,119303.47628815027,122527.86025764298,119303.47628815027,122527.86025764298,119303.47628815027,122527.86025764298,122527.86025764298,122527.86025764298,122527.86025764298,122527.86025764298
2022-01-24,122541.6813535334,119316.95752102698,122541.6813535334,119316.95752102698,122541.6813535334,119316.95752102698,122541.6813535334,119316.95752102698,122541.6813535334,122541.6813535334,122541.6813535334,122541.6813535334,122541.6813535334
2022-01-25,118101.30489363705,114994.77367121486,118101.30489363705,114994.77367121486,118101.30489363705,114994.77367121486,118101.30489363705,114994.77367121486,118101.30489363705,118101.30489363705,118101.30489363705,118101.30489363705,118101.30489363705
2022-01-26,118732.50930800472,115609.17796808986,118732.50930800472,115609.17796808986,118732.50930800472,115609.17796808986,118732.50930800472,115609.17796808986,118732.50930800472,118732.50930800472,118732.50930800472,118732.50930800472,118732.50930800472
2022-01-27,116628.51131453548,113561.17992121486,116628.51131453548,113561.17992121486,116628.51131453548,113561.17992121486,116628.51131453548,113561.17992121486,116628.51131453548,116628.51131453548,116628.51131453548,116628.51131453548,116628.51131453548
2022-01-28,116365.50529494323,113305.17406183989,116365.50529494323,113305.17406183989,116365.50529494323,113305.17406183989,116365.50529494323,113305.17406183989,116365.50529494323,116365.50529494323,116365.50529494323,116365.50529494323,116365.50529494323
2022-02-07,115875.9039943213,112828.6039745425,115875.9039943213,112828.6039745425,115875.9039943213,112828.6039745425,115875.9039943213,112828.6039745425,115875.9039943213,115875.9039943213,115875.9039943213,115875.9039943213,115875.9039943213
2022-02-08,115879.48002171855,112832.08671426852,115879.48002171855,112832.08671426852,115879.48002171855,112832.08671426852,115879.48002171855,112832.08671426852,115879.48002171855,115879.48002171855,115879.48002171855,115879.48002171855,115879.48002171855
2022-02-09,115883.05604911581,112835.56945399454,115883.05604911581,112835.56945399454,115883.05604911581,112835.56945399454,115883.05604911581,112835.56945399454,115883.05604911581,115883.05604911581,115883.05604911581,115883.05604911581,115883.05604911581
2022-02-10,115886.63207651307,112839.05219372056,115886.63207651307,112839.05219372056,115886.63207651307,112839.05219372056,115886.63207651307,112839.05219372056,115886.63207651307,115886.63207651307,115886.63207651307,115886.63207651307,115886.63207651307
2022-02-11,115890.20810391032,112842.53493344659,115890.20810391032,112842.53493344659,115890.20810391032,112842.53493344659,115890.20810391032,112842.53493344659,115890.20810391032,115890.20810391032,115890.20810391032,115890.20810391032,115890.20810391032
2022-02-14,115903.2361861021,112855.22315262466,115903.2361861021,112855.22315262466,115903.2361861021,112855.22315262466,115903.2361861021,112855.22315262466,115903.2361861021,115903.2361861021,115903.2361861021,115903.2361861021,115903.2361861021
2022-02-15,115840.83403433094,112792.72771318226,115840.83403433094,112792.72771318226,115840.83403433094,112792.72771318226,115840.83403433094,112792.72771318226,115840.83403433094,115840.83403433094,115840.83403433094,115840.83403433094,115840.83403433094
2022-02-16,115028.65432709218,111980.45471827227,115028.65432709218,111980.45471827227,115028.65432709218,111980.45471827227,115028.65432709218,111980.45471827227,115028.65432709218,115028.65432709218,115028.65432709218,115028.65432709218,115028.65432709218
2022-02-17,112390.65677790946,109360.17360557185,112390.65677790946,109360.17360557185,112390.65677790946,109360.17360557185,112390.65677790946,109360.17360557185,112390.65677790946,112390.65677790946,112390.65677790946,112390.65677790946,112390.65677790946
2022-02-18,113745.35208611793,110678.76903880702,113745.35208611793,110678.76903880702,113745.35208611793,110678.76903880702,113745.35208611793,110678.76903880702,113745.35208611793,113745.35208611793,113745.35208611793,113745.35208611793,113745.35208611793
2022-02-21,113816.65541796989,110748.1722818719,113816.65541796989,110748.1722818719,113816.65541796989,110748.1722818719,113816.65541796989,110748.1722818719,113816.65541796989,113816.65541796989,113816.65541796989,113816.65541796989,113816.65541796989
2022-02-22,115028.75256209678,112408.28363560772,115028.75256209678,112408.28363560772,115028.75256209678,112408.28363560772,115028.75256209678,112408.28363560772,115028.75256209678,115028.75256209678,115028.75256209678,115028.75256209678,115028.75256209678
2022-02-23,115028.75256209678,111202.7462180859,115028.75256209678,111202.7462180859,115028.75256209678,111202.7462180859,115028.75256209678,111202.7462180859,115028.75256209678,115028.75256209678,115028.75256209678,115028.75256209678,115028.75256209678
2022-02-24,117524.25018220252,109730.55124213418,117524.25018220252,109730.55124213418,117524.25018220252,109730.55124213418,117524.25018220252,109730.55124213418,117524.25018220252,117524.25018220252,117524.25018220252,117524.25018220252,117524.25018220252
2022-02-25,114672.25290208167,107348.55351378642,114672.25290208167,107348.55351378642,114672.25290208167,107348.55351378642,114672.25290208167,107348.55351378642,114672.25290208167,114672.25290208167,114672.25290208167,114672.25290208167,114672.25290208167
2022-02-28,115955.65337806052,109730.55124213418,115955.65337806052,109730.55124213418,115955.65337806052,109730.55124213418,115955.65337806052,109730.55124213418,115955.65337806052,115955.65337806052,115955.65337806052,115955.65337806052,115955.65337806052
2022-03-01,117666.85684590643,112588.94993593417,117666.85684590643,112588.94993593417,117666.85684590643,112588.94993593417,117666.85684590643,112588.94993593417,117666.85684590643,117666.85684590643,117666.85684590643,117666.85684590643,117666.85684590643
2022-03-02,121303.15677790946,115685.55266191684,121303.15677790946,115685.55266191684,121303.15677790946,115685.55266191684,121303.15677790946,115685.55266191684,121303.15677790946,121303.15677790946,121303.15677790946,121303.15677790946,121303.15677790946
2022-03-03,126080.25052218742,118782.14828898631,126080.25052218742,118782.14828898631,126080.25052218742,118782.14828898631,126080.25052218742,118782.14828898631,126080.25052218742,126080.25052218742,126080.25052218742,126080.25052218742,126080.25052218742
2022-03-04,122443.9505901844,119020.35232116899,122443.9505901844,119020.35232116899,122443.9505901844,119020.35232116899,122443.9505901844,119020.35232116899,122443.9505901844,122443.9505901844,122443.9505901844,122443.9505901844,122443.9505901844
2022-03-07,132354.6547380001,119258.5563533517,132354.6547380001,119258.5563533517,132354.6547380001,119258.5563533517,132354.6547380001,119258.5563533517,132354.6547380001,132354.6547380001,132354.6547380001,132354.6547380001,132354.6547380001
2022-03-08,128076.65031819648,111397.95107176028,128076.65031819648,111397.95107176028,128076.65031819648,111397.95107176028,128076.65031819648,111397.95107176028,128076.65031819648,128076.65031819648,128076.65031819648,128076.65031819648,128076.65031819648
2022-03-09,131071.25426202123,115804.65112855159,131071.25426202123,115804.65112855159,131071.25426202123,115804.65112855159,131071.25426202123,115804.65112855159,131071.25426202123,131071.25426202123,131071.25426202123,131071.25426202123,131071.25426202123
2022-03-10,124226.45738988229,114851.8491976472,124226.45738988229,114851.8491976472,124226.45738988229,114851.8491976472,124226.45738988229,114851.8491976472,124226.45738988229,124226.45738988229,124226.45738988229,124226.45738988229,124226.45738988229
2022-03-11,124654.25188212699,114613.65226437768,124654.25188212699,114613.65226437768,124654.25188212699,114613.65226437768,124654.25188212699,114613.65226437768,124654.25188212699,124654.25188212699,124654.25188212699,124654.25188212699,124654.25188212699
2022-03-14,120304.95263009374,109611.45277549943,120304.95263009374,109611.45277549943,120304.95263009374,109611.45277549943,120304.95263009374,109611.45277549943,120304.95263009374,120304.95263009374,120304.95263009374,120304.95263009374,120304.95263009374
2022-03-15,116240.84970622367,99249.7512989255,116240.84970622367,99249.7512989255,116240.84970622367,99249.7512989255,116240.84970622367,99249.7512989255,116240.84970622367,116240.84970622367,116240.84970622367,116240.84970622367,116240.84970622367
2022-03-16,118237.24950223273,100290.18435850424,118237.24950223273,100290.18435850424,118237.24950223273,100290.18435850424,118237.24950223273,100290.18435850424,118237.24950223273,118237.24950223273,118237.24950223273,118237.24950223273,118237.24950223273
2022-03-17,117524.25018220252,100482.13211826693,117524.25018220252,100482.13211826693,117524.25018220252,100482.13211826693,117524.25018220252,100482.13211826693,117524.25018220252,117524.25018220252,117524.25018220252,117524.25018220252,117524.25018220252
2022-03-18,121873.54943423576,103141.32621458467,121873.54943423576,103141.32621458467,121873.54943423576,103141.32621458467,121873.54943423576,103141.32621458467,121873.54943423576,121873.54943423576,121873.54943423576,121873.54943423576,121873.54943423576
2022-03-21,122016.15609793969,103261.93185022769,122016.15609793969,103261.93185022769,122016.15609793969,103261.93185022769,122016.15609793969,103261.93185022769,122016.15609793969,122016.15609793969,122016.15609793969,122016.15609793969,122016.15609793969
2022-03-22,123656.05623393363,104648.8319652408,123656.05623393363,104648.8319652408,123656.05623393363,104648.8319652408,123656.05623393363,104648.8319652408,123656.05623393363,123656.05623393363,123656.05623393363,123656.05623393363,123656.05623393363
2022-03-23,123299.55657391853,104347.3322527736,123299.55657391853,104347.3322527736,123299.55657391853,104347.3322527736,123299.55657391853,104347.3322527736,123299.55657391853,123299.55657391853,123299.55657391853,123299.55657391853,123299.55657391853
2022-03-24,123656.05623393363,104648.8319652408,123656.05623393363,104648.8319652408,123656.05623393363,104648.8319652408,123656.05623393363,104648.8319652408,123656.05623393363,123656.05623393363,123656.05623393363,123656.05623393363,123656.05623393363
2022-03-25,127078.45467000312,107543.23064258989,127078.45467000312,107543.23064258989,127078.45467000312,107543.23064258989,127078.45467000312,107543.23064258989,127078.45467000312,127078.45467000312,127078.45467000312,127078.45467000312,127078.45467000312
2022-03-28,124226.45738988229,105131.23294285235,124226.45738988229,105131.23294285235,124226.45738988229,105131.23294285235,124226.45738988229,105131.23294285235,124226.45738988229,124226.45738988229,124226.45738988229,124226.45738988229,124226.45738988229
2022-03-29,123156.94991021462,104226.72661713061,123156.94991021462,104226.72661713061,123156.94991021462,104226.72661713061,123156.94991021462,104226.72661713061,123156.94991021462,123156.94991021462,123156.94991021462,123156.94991021462,123156.94991021462
2022-03-30,123656.05623393363,104648.8319652408,123656.05623393363,104648.8319652408,123656.05623393363,104648.8319652408,123656.05623393363,104648.8319652408,123656.05623393363,123656.05623393363,123656.05623393363,123656.05623393363,123656.05623393363
2022-03-31,121873.54943423576,103141.32621458467,121873.54943423576,103141.32621458467,121873.54943423576,103141.32621458467,121873.54943423576,103141.32621458467,121873.54943423576,121873.54943423576,121873.54943423576,121873.54943423576,121873.54943423576
2022-04-01,120019.75630193061,101573.53202274736,120019.75630193061,101573.53202274736,120019.75630193061,101573.53202274736,120019.75630193061,101573.53202274736,120019.75630193061,120019.75630193061,120019.75630193061,120019.75630193061,120019.75630193061
2022-04-06,121780.10936531363,102970.88517005372,121780.10936531363,102970.88517005372,121780.10936531363,102970.88517005372,121780.10936531363,102970.88517005372,121780.10936531363,121780.10936531363,121780.10936531363,121780.10936531363,121780.10936531363
2022-04-07,120934.25806019307,102405.94518611312,120934.25806019307,102405.94518611312,120934.25806019307,102405.94518611312,120934.25806019307,102405.94518611312,120934.25806019307,120934.25806019307,120934.25806019307,120934.25806019307,120934.25806019307
2022-04-08,120937.98956704239,102409.11696693503,120937.98956704239,102409.11696693503,120937.98956704239,102409.11696693503,120937.98956704239,102409.11696693503,120937.98956704239,120937.98956704239,120937.98956704239,120937.98956704239,120937.98956704239
2022-04-11,120951.58408759034,102420.67230940079,120951.58408759034,102420.67230940079,120951.58408759034,102420.67230940079,120951.58408759034,102420.67230940079,120951.58408759034,120951.58408759034,120951.58408759034,120951.58408759034,120951.58408759034
2022-04-12,120955.31559443966,102423.8440902227,120955.31559443966,102423.8440902227,120955.31559443966,102423.8440902227,120955.31559443966,102423.8440902227,120955.31559443966,120955.31559443966,120955.31559443966,120955.31559443966,120955.31559443966
2022-04-13,122355.6512170556,103608.32198924883,122355.6512170556,103608.32198924883,122355.6512170556,103608.32198924883,122355.6512170556,103608.32198924883,122355.6512170556,122355.6512170556,122355.6512170556,122355.6512170556,122355.6512170556
2022-04-14,125116.45093495873,105943.52175063951,125116.45093495873,105943.52175063951,125116.45093495873,105943.52175063951,125116.45093495873,105943.52175063951,125116.45093495873,125116.45093495873,125116.45093495873,125116.45093495873,125116.45093495873
2022-04-15,123489.55131108788,104567.42206878526,123489.55131108788,104567.42206878526,123489.55131108788,104567.42206878526,123489.55131108788,104567.42206878526,123489.55131108788,123489.55131108788,123489.55131108788,123489.55131108788,123489.55131108788
2022-04-18,120334.34491689233,101898.61666030748,120334.34491689233,101898.61666030748,120334.34491689233,101898.61666030748,120334.34491689233,101898.61666030748,120334.34491689233,120334.34491689233,120334.34491689233,120334.34491689233,120334.34491689233
2022-04-19,122503.55225141076,103733.42286414964,122503.55225141076,103733.42286414964,122503.55225141076,103733.42286414964,122503.55225141076,103733.42286414964,122503.55225141076,122503.55225141076,122503.55225141076,122503.55225141076,122503.55225141076
2022-04-20,118214.44576318291,100105.51737613542,118214.44576318291,100105.51737613542,118214.44576318291,100105.51737613542,118214.44576318291,100105.51737613542,118214.44576318291,118214.44576318291,118214.44576318291,118214.44576318291,118214.44576318291
2022-04-21,115552.25065286187,97853.7215120302,115552.25065286187,97853.7215120302,115552.25065286187,97853.7215120302,115552.25065286187,97853.7215120302,115552.25065286187,115552.25065286187,115552.25065286187,115552.25065286187,115552.25065286187
2022-04-22,114936.13753686326,97332.58729423826,114936.13753686326,97332.58729423826,114936.13753686326,97332.58729423826,114936.13753686326,97332.58729423826,114936.13753686326,114936.13753686326,114936.13753686326,114936.13753686326,114936.13753686326
2022-04-25,114949.0523313838,97343.57619834784,114949.0523313838,97343.57619834784,114949.0523313838,97343.57619834784,114949.0523313838,97343.57619834784,114949.0523313838,114949.0523313838,114949.0523313838,114949.0523313838,114949.0523313838
2022-04-26,114952.59726289066,97346.5924997177,114952.59726289066,97346.5924997177,114952.59726289066,97346.5924997177,114952.59726289066,97346.5924997177,114952.59726289066,114952.59726289066,114952.59726289066,114952.59726289066,114952.59726289066
2022-04-27,114956.14219439751,97349.60880108757,114956.14219439751,97349.60880108757,114956.14219439751,97349.60880108757,114956.14219439751,97349.60880108757,114956.14219439751,114956.14219439751,114956.14219439751,114956.14219439751,114956.14219439751
2022-04-28,114959.68712590437,97352.62510245743,114959.68712590437,97352.62510245743,114959.68712590437,97352.62510245743,114959.68712590437,97352.62510245743,114959.68712590437,114959.68712590437,114959.68712590437,114959.68712590437,114959.68712590437
2022-04-29,114963.23205741122,97355.64140382729,114963.23205741122,97355.64140382729,114963.23205741122,97355.64140382729,114963.23205741122,97355.64140382729,114963.23205741122,114963.23205741122,114963.23205741122,114963.23205741122,114963.23205741122
2022-05-05,114990.20164645232,97378.58921204647,114990.20164645232,97378.58921204647,114990.20164645232,97378.58921204647,114990.20164645232,97378.58921204647,114990.20164645232,114990.20164645232,114990.20164645232,114990.20164645232,114990.20164645232
2022-05-06,114993.74657795917,97381.60551341633,114993.74657795917,97381.60551341633,114993.74657795917,97381.60551341633,114993.74657795917,97381.60551341633,114993.74657795917,114993.74657795917,114993.74657795917,114993.74657795917,114993.74657795917
2022-05-09,114747.2511693761,97173.29919428368,114747.2511693761,97173.29919428368,114747.2511693761,97173.29919428368,114747.2511693761,97173.29919428368,114747.2511693761,114747.2511693761,114747.2511693761,114747.2511693761,114747.2511693761
2022-05-10,113903.35683076833,96459.90398020289,113903.35683076833,96459.90398020289,113903.35683076833,96459.90398020289,113903.35683076833,96459.90398020289,113903.35683076833,113903.35683076833,113903.35683076833,113903.35683076833,113903.35683076833
2022-05-11,113321.35738580677,95967.90444941063,113321.35738580677,95967.90444941063,113321.35738580677,95967.90444941063,113321.35738580677,95967.90444941063,113321.35738580677,113321.35738580677,113321.35738580677,113321.35738580677,113321.35738580677
2022-05-12,114427.15355604145,96902.70121187707,114427.15355604145,96902.70121187707,114427.15355604145,96902.70121187707,114427.15355604145,96902.70121187707,114427.15355604145,114427.15355604145,114427.15355604145,114427.15355604145,114427.15355604145
2022-05-13,113263.15466611835,95918.70215029259,113263.15466611835,95918.70215029259,113263.15466611835,95918.70215029259,113263.15466611835,95918.70215029259,113263.15466611835,113263.15466611835,113263.15466611835,113263.15466611835,113263.15466611835
2022-05-16,112773.86661415716,95505.07719915014,112773.86661415716,95505.07719915014,112773.86661415716,95505.07719915014,112773.86661415716,95505.07719915014,112773.86661415716,112773.86661415716,112773.86661415716,112773.86661415716,112773.86661415716
2022-05-17,112777.34935388318,95508.03130873918,112777.34935388318,95508.03130873918,112777.34935388318,95508.03130873918,112777.34935388318,95508.03130873918,112777.34935388318,112777.34935388318,112777.34935388318,112777.34935388318,112777.34935388318
2022-05-18,112780.8320936092,95510.98541832823,112780.8320936092,95510.98541832823,112780.8320936092,95510.98541832823,112780.8320936092,95510.98541832823,112780.8320936092,112780.8320936092,112780.8320936092,112780.8320936092,112780.8320936092
2022-05-19,112784.31483333523,95513.93952791727,112784.31483333523,95513.93952791727,112784.31483333523,95513.93952791727,112784.31483333523,95513.93952791727,112784.31483333523,112784.31483333523,112784.31483333523,112784.31483333523,112784.31483333523
2022-05-20,112787.79757306125,95516.89363750632,112787.79757306125,95516.89363750632,112787.79757306125,95516.89363750632,112787.79757306125,95516.89363750632,112787.79757306125,112787.79757306125,112787.79757306125,112787.79757306125,112787.79757306125
2022-05-23,112800.48579223933,95527.65596627345,112800.48579223933,95527.65596627345,112800.48579223933,95527.65596627345,112800.48579223933,95527.65596627345,112800.48579223933,112800.48579223933,112800.48579223933,112800.48579223933,112800.48579223933
2022-05-24,112803.96853196535,95530.6100758625,112803.96853196535,95530.6100758625,112803.96853196535,95530.6100758625,112803.96853196535,95530.6100758625,112803.96853196535,112803.96853196535,112803.96853196535,112803.96853196535,112803.96853196535
2022-05-25,112807.45127169137,95533.56418545154,112807.45127169137,95533.56418545154,112807.45127169137,95533.56418545154,112807.45127169137,95533.56418545154,112807.45127169137,112807.45127169137,112807.45127169137,112807.45127169137,112807.45127169137
2022-05-26,112810.9340114174,95536.51829504059,112810.9340114174,95536.51829504059,112810.9340114174,95536.51829504059,112810.9340114174,95536.51829504059,112810.9340114174,112810.9340114174,112810.9340114174,112810.9340114174,112810.9340114174
2022-05-27,112814.41675114342,95539.47240462963,112814.41675114342,95539.47240462963,112814.41675114342,95539.47240462963,112814.41675114342,95539.47240462963,112814.41675114342,112814.41675114342,112814.41675114342,112814.41675114342,112814.41675114342
2022-05-30,112554.58038536723,95277.7101484425,112554.58038536723,95277.7101484425,112554.58038536723,95277.7101484425,112554.58038536723,95277.7101484425,112554.58038536723,112554.58038536723,112554.58038536723,112554.58038536723,112554.58038536723
2022-05-31,113061.99957764467,95784.60071058295,113061.99957764467,95784.60071058295,113061.99957764467,95784.60071058295,113061.99957764467,95784.60071058295,113061.99957764467,113061.99957764467,113061.99957764467,113061.99957764467,113061.99957764467
2022-06-01,112792.06977002321,95514.1422728245,112792.06977002321,95514.1422728245,112792.06977002321,95514.1422728245,112792.06977002321,95514.1422728245,112792.06977002321,112792.06977002321,112792.06977002321,112792.06977002321,112792.06977002321
2022-06-02,112688.24999167165,95409.79386433595,112688.24999167165,95409.79386433595,112688.24999167165,95409.79386433595,112688.24999167165,95409.79386433595,112688.24999167165,112688.24999167165,112688.24999167165,112688.24999167165,112688.24999167165
2022-06-06,116775.44326254407,99201.85912214749,116775.44326254407,99201.85912214749,116775.44326254407,99201.85912214749,116775.44326254407,99201.85912214749,116775.44326254407,116775.44326254407,116775.44326254407,116775.44326254407,116775.44326254407
2022-06-07,118436.85300608884,100559.46868811811,118436.85300608884,100559.46868811811,118436.85300608884,100559.46868811811,118436.85300608884,100559.46868811811,118436.85300608884,118436.85300608884,118436.85300608884,118436.85300608884,118436.85300608884
2022-06-08,121157.1637791207,102887.7798349903,121157.1637791207,102887.7798349903,121157.1637791207,102887.7798349903,121157.1637791207,102887.7798349903,121157.1637791207,121157.1637791207,121157.1637791207,121157.1637791207,121157.1637791207
2022-06-09,119054.5567064505,100961.57282774217,119054.5567064505,100961.57282774217,119054.5567064505,100961.57282774217,119054.5567064505,100961.57282774217,119054.5567064505,119054.5567064505,119054.5567064505,119054.5567064505,119054.5567064505
2022-06-10,123268.41930891771,105214.63492552492,123268.41930891771,105214.63492552492,123268.41930891771,105214.63492552492,123268.41930891771,105214.63492552492,123268.41930891771,123268.41930891771,123268.41930891771,123268.41930891771,123268.41930891771
2022-06-13,125579.99801505922,107247.55292553637,125579.99801505922,107247.55292553637,125579.99801505922,107247.55292553637,125579.99801505922,107247.55292553637,125579.99801505922,125579.99801505922,125579.99801505922,125579.99801505922,125579.99801505922
2022-06-14,125368.44992399095,107064.75527901384,125368.44992399095,107064.75527901384,125368.44992399095,107064.75527901384,125368.44992399095,107064.75527901384,125368.44992399095,125368.44992399095,125368.44992399095,125368.44992399095,125368.44992399095
2022-06-15,123870.44369935869,105785.14996189806,123870.44369935869,105785.14996189806,123870.44369935869,105785.14996189806,123870.44369935869,105785.14996189806,123870.44369935869,123870.44369935869,123870.44369935869,123870.44369935869,123870.44369935869
2022-06-16,125154.45267915605,106881.95763249132,125154.45267915605,106881.95763249132,125154.45267915605,106881.95763249132,125154.45267915605,106881.95763249132,125154.45267915605,125154.45267915605,125154.45267915605,125154.45267915605,125154.45267915605
2022-06-17,131039.4470667827,111908.95283837053,131039.4470667827,111908.95283837053,131039.4470667827,111908.95283837053,131039.4470667827,111908.95283837053,131039.4470667827,131039.4470667827,131039.4470667827,131039.4470667827,131039.4470667827
2022-06-20,133072.45278119916,113645.55771965714,133072.45278119916,113645.55771965714,133072.45278119916,113645.55771965714,133072.45278119916,113645.55771965714,133072.45278119916,133072.45278119916,133072.45278119916,133072.45278119916,133072.45278119916
2022-06-21,130825.4498219478,111726.15519184801,130825.4498219478,111726.15519184801,130825.4498219478,111726.15519184801,130825.4498219478,111726.15519184801,130825.4498219478,130825.4498219478,130825.4498219478,130825.4498219478,130825.4498219478
2022-06-22,131681.45155668136,112457.35667366716,131681.45155668136,112457.35667366716,131681.45155668136,112457.35667366716,131681.45155668136,112457.35667366716,131681.45155668136,131681.45155668136,131681.45155668136,131681.45155668136,131681.45155668136
2022-06-23,136924.4542098033,116935.95893997881,136924.4542098033,116935.95893997881,136924.4542098033,116935.95893997881,136924.4542098033,116935.95893997881,136924.4542098033,136924.4542098033,136924.4542098033,136924.4542098033,136924.4542098033
2022-06-24,138315.45543432113,118124.1599859688,138315.45543432113,118124.1599859688,138315.45543432113,118124.1599859688,138315.45543432113,118124.1599859688,138315.45543432113,138315.45543432113,138315.45543432113,138315.45543432113,138315.45543432113
2022-06-27,138850.45492410538,118581.15955013964,138850.45492410538,118581.15955013964,138850.45492410538,118581.15955013964,138850.45492410538,118581.15955013964,138850.45492410538,138850.45492410538,138850.45492410538,138850.45492410538,138850.45492410538
2022-06-28,140027.44614839432,119586.55205387804,140027.44614839432,119586.55205387804,140027.44614839432,119586.55205387804,140027.44614839432,119586.55205387804,140027.44614839432,140027.44614839432,140027.44614839432,140027.44614839432,140027.44614839432
2022-06-29,134035.44676065326,114468.15257687305,134035.44676065326,114468.15257687305,134035.44676065326,114468.15257687305,134035.44676065326,114468.15257687305,134035.44676065326,134035.44676065326,134035.44676065326,134035.44676065326,134035.44676065326
2022-06-30,135105.4457402217,115382.15170521471,135105.4457402217,115382.15170521471,135105.4457402217,115382.15170521471,135105.4457402217,115382.15170521471,135105.4457402217,135105.4457402217,135105.4457402217,135105.4457402217,135105.4457402217
2022-07-01,134142.45176076767,114559.55684799883,134142.45176076767,114559.55684799883,134142.45176076767,114559.55684799883,134142.45176076767,114559.55684799883,134142.45176076767,134142.45176076767,134142.45176076767,134142.45176076767,134142.45176076767
2022-07-04,136817.44920968887,116844.55466885302,136817.44920968887,116844.55466885302,136817.44920968887,116844.55466885302,136817.44920968887,116844.55466885302,136817.44920968887,136817.44920968887,136817.44920968887,136817.44920968887,136817.44920968887
2022-07-05,137780.4431891429,117667.1495260689,137780.4431891429,117667.1495260689,137780.4431891429,117667.1495260689,137780.4431891429,117667.1495260689,137780.4431891429,137780.4431891429,137780.4431891429,137780.4431891429,137780.4431891429
2022-07-06,136710.44420957443,116753.15039772722,136710.44420957443,116753.15039772722,136710.44420957443,116753.15039772722,136710.44420957443,116753.15039772722,136710.44420957443,136710.44420957443,136710.44420957443,136710.44420957443,136710.44420957443
2022-07-07,141311.45512819168,120683.3597244713,141311.45512819168,120683.3597244713,141311.45512819168,120683.3597244713,141311.45512819168,120683.3597244713,141311.45512819168,141311.45512819168,141311.45512819168,141311.45512819168,141311.45512819168
2022-07-08,137031.44645452377,117027.35231537554,137031.44645452377,117027.35231537554,137031.44645452377,117027.35231537554,137031.44645452377,117027.35231537554,137031.44645452377,137031.44645452377,137031.44645452377,137031.44645452377,137031.44645452377
2022-07-11,131574.44655656692,112365.95240254137,131574.44655656692,112365.95240254137,131574.44655656692,112365.95240254137,131574.44655656692,112365.95240254137,131574.44655656692,131574.44655656692,131574.44655656692,131574.44655656692,131574.44655656692
2022-07-12,128257.44461774705,109532.55074639055,128257.44461774705,109532.55074639055,128257.44461774705,109532.55074639055,128257.44461774705,109532.55074639055,128257.44461774705,128257.44461774705,128257.44461774705,128257.44461774705,128257.44461774705
2022-07-13,131574.44655656692,112365.95240254137,131574.44655656692,112365.95240254137,131574.44655656692,112365.95240254137,131574.44655656692,112365.95240254137,131574.44655656692,131574.44655656692,131574.44655656692,131574.44655656692,131574.44655656692
2022-07-14,136496.44696473953,116570.3527512047,136496.44696473953,116570.3527512047,136496.44696473953,116570.3527512047,136496.44696473953,116570.3527512047,136496.44696473953,136496.44696473953,136496.44696473953,136496.44696473953,136496.44696473953
2022-07-15,134677.4512505519,115016.55641216967,134677.4512505519,115016.55641216967,134677.4512505519,115016.55641216967,134677.4512505519,115016.55641216967,134677.4512505519,134677.4512505519,134677.4512505519,134677.4512505519,134677.4512505519
2022-07-18,136282.44971990463,116387.55510468218,136282.44971990463,116387.55510468218,136282.44971990463,116387.55510468218,136282.44971990463,116387.55510468218,136282.44971990463,136282.44971990463,136282.44971990463,136282.44971990463,136282.44971990463
2022-07-19,133714.4445157039,114193.95065922472,133714.4445157039,114193.95065922472,133714.4445157039,114193.95065922472,133714.4445157039,114193.95065922472,133714.4445157039,133714.4445157039,133714.4445157039,133714.4445157039,133714.4445157039
2022-07-20,133393.45502614853,113919.75963730547,133393.45502614853,113919.75963730547,133393.45502614853,113919.75963730547,133393.45502614853,113919.75963730547,133393.45502614853,133393.45502614853,133393.45502614853,133393.45502614853,133393.45502614853
2022-07-21,130825.4498219478,111726.15519184801,130825.4498219478,111726.15519184801,130825.4498219478,111726.15519184801,130825.4498219478,111726.15519184801,130825.4498219478,130825.4498219478,130825.4498219478,130825.4498219478,130825.4498219478
2022-07-22,131146.45206689712,112000.35710949633,131146.45206689712,112000.35710949633,131146.45206689712,112000.35710949633,131146.45206689712,112000.35710949633,131146.45206689712,131146.45206689712,131146.45206689712,131146.45206689712,131146.45206689712
2022-07-25,129220.45135259508,110355.1564993355,129220.45135259508,110355.1564993355,129220.45135259508,110355.1564993355,129220.45135259508,110355.1564993355,129220.45135259508,129220.45135259508,129220.45135259508,129220.45135259508,129220.45135259508
2022-07-26,130504.44757699846,111451.9532741997,130504.44757699846,111451.9532741997,130504.44757699846,111451.9532741997,130504.44757699846,111451.9532741997,130504.44757699846,130504.44757699846,130504.44757699846,130504.44757699846,130504.44757699846
2022-07-27,130825.4498219478,111726.15519184801,130825.4498219478,111726.15519184801,130825.4498219478,111726.15519184801,130825.4498219478,111726.15519184801,130825.4498219478,130825.4498219478,130825.4498219478,130825.4498219478,130825.4498219478
2022-07-28,129006.45410776018,110172.35885281298,129006.45410776018,110172.35885281298,129006.45410776018,110172.35885281298,129006.45410776018,110172.35885281298,129006.45410776018,129006.45410776018,129006.45410776018,129006.45410776018,129006.45410776018
2022-07-29,129026.77434348057,110189.71651211058,129026.77434348057,110189.71651211058,129026.77434348057,110189.71651211058,129026.77434348057,110189.71651211058,129026.77434348057,129026.77434348057,129026.77434348057,129026.77434348057,129026.77434348057
2022-08-01,129041.38845306961,110202.1781559462,129041.38845306961,110202.1781559462,129041.38845306961,110202.1781559462,129041.38845306961,110202.1781559462,129041.38845306961,129041.38845306961,129041.38845306961,129041.38845306961,129041.38845306961
2022-08-02,129045.39982293262,110205.5987038914,129045.39982293262,110205.5987038914,129045.39982293262,110205.5987038914,129045.39982293262,110205.5987038914,129045.39982293262,129045.39982293262,129045.39982293262,129045.39982293262,129045.39982293262
2022-08-03,129049.41119279564,110209.01925183661,129049.41119279564,110209.01925183661,129049.41119279564,110209.01925183661,129049.41119279564,110209.01925183661,129049.41119279564,129049.41119279564,129049.41119279564,129049.41119279564,129049.41119279564
2022-08-04,129053.42256265866,110212.43979978182,129053.42256265866,110212.43979978182,129053.42256265866,110212.43979978182,129053.42256265866,110212.43979978182,129053.42256265866,129053.42256265866,129053.42256265866,129053.42256265866,129053.42256265866
2022-08-05,129057.43393252167,110215.86034772702,129057.43393252167,110215.86034772702,129057.43393252167,110215.86034772702,129057.43393252167,110215.86034772702,129057.43393252167,129057.43393252167,129057.43393252167,129057.43393252167,129057.43393252167
2022-08-08,129072.0480421107,110228.32199156264,129072.0480421107,110228.32199156264,129072.0480421107,110228.32199156264,129072.0480421107,110228.32199156264,129072.0480421107,129072.0480421107,129072.0480421107,129072.0480421107,129072.0480421107
2022-08-09,129076.05941197372,110231.74253950785,129076.05941197372,110231.74253950785,129076.05941197372,110231.74253950785,129076.05941197372,110231.74253950785,129076.05941197372,129076.05941197372,129076.05941197372,129076.05941197372,129076.05941197372
2022-08-10,129080.07078183674,110235.16308745305,129080.07078183674,110235.16308745305,129080.07078183674,110235.16308745305,129080.07078183674,110235.16308745305,129080.07078183674,129080.07078183674,129080.07078183674,129080.07078183674,129080.07078183674
2022-08-11,129084.08215169975,110238.58363539826,129084.08215169975,110238.58363539826,129084.08215169975,110238.58363539826,129084.08215169975,110238.58363539826,129084.08215169975,129084.08215169975,129084.08215169975,129084.08215169975,129084.08215169975
2022-08-12,129088.09352156277,110242.00418334347,129088.09352156277,110242.00418334347,129088.09352156277,110242.00418334347,129088.09352156277,110242.00418334347,129088.09352156277,129088.09352156277,129088.09352156277,129088.09352156277,129088.09352156277
2022-08-15,129102.7076311518,110254.46582717908,129102.7076311518,110254.46582717908,129102.7076311518,110254.46582717908,129102.7076311518,110254.46582717908,129102.7076311518,129102.7076311518,129102.7076311518,129102.7076311518,129102.7076311518
2022-08-16,129106.71900101482,110257.88637512429,129106.71900101482,110257.88637512429,129106.71900101482,110257.88637512429,129106.71900101482,110257.88637512429,129106.71900101482,129106.71900101482,129106.71900101482,129106.71900101482,129106.71900101482
2022-08-17,128183.03283993041,109469.29479277034,128183.03283993041,109469.29479277034,128183.03283993041,109469.29479277034,128183.03283993041,109469.29479277034,128183.03283993041,128183.03283993041,128183.03283993041,128183.03283993041,128183.03283993041
2022-08-18,126739.04067221915,108236.50147950549,126739.04067221915,108236.50147950549,126739.04067221915,108236.50147950549,126739.04067221915,108236.50147950549,126739.04067221915,126739.04067221915,126739.04067221915,126739.04067221915,126739.04067221915
2022-08-19,126558.53223744666,108082.3942784061,126558.53223744666,108082.3942784061,126558.53223744666,108082.3942784061,126558.53223744666,108082.3942784061,126558.53223744666,126558.53223744666,126558.53223744666,126558.53223744666,126558.53223744666
2022-08-22,124753.5339588288,106541.39574801821,124753.5339588288,106541.39574801821,124753.5339588288,106541.39574801821,124753.5339588288,106541.39574801821,124753.5339588288,124753.5339588288,124753.5339588288,124753.5339588288,124753.5339588288
2022-08-23,122226.53421703613,104383.99596846003,122226.53421703613,104383.99596846003,122226.53421703613,104383.99596846003,122226.53421703613,104383.99596846003,122226.53421703613,122226.53421703613,122226.53421703613,122226.53421703613,122226.53421703613
2022-08-24,122948.53568021095,99702.57936438582,122948.53568021095,99702.57936438582,122948.53568021095,99702.57936438582,122948.53568021095,99702.57936438582,122948.53568021095,116750.36578980496,122948.53568021095,122948.53568021095,122948.53568021095
2022-08-25,124212.04093042648,99706.22262212173,124212.04093042648,99706.22262212173,124212.04093042648,99706.22262212173,124212.04093042648,99706.22262212173,124212.04093042648,116754.62735498953,124212.04093042648,124212.04093042648,124212.04093042648
2022-08-26,125114.5400697354,99709.3011152724,125814.39112615773,99709.3011152724,125814.39112615773,99709.3011152724,125814.39112615773,99709.3011152724,125114.5400697354,116758.2344782772,125114.5400697354,125114.5400697354,125114.5400697354
2022-08-29,119699.53447524345,99720.51659472447,125113.39179468343,99720.51659472447,125113.39179468343,99720.51659472447,125113.39179468343,99720.51659472447,118709.18776469136,116771.37584814022,119699.53447524345,119699.53447524345,119699.53447524345
2022-08-30,119340.61691587004,99723.59508787515,125954.58932113835,99723.59508787515,125954.58932113835,99723.59508787515,125954.58932113835,99723.59508787515,119507.18541817571,116774.98297142789,119340.61691587004,119340.61691587004,119340.61691587004
2022-08-31,119344.31732682894,99726.67358102583,123290.79019022176,99726.67358102583,123290.79019022176,99726.67358102583,123290.79019022176,99726.67358102583,116980.18624262715,116778.59009471556,119344.31732682894,119344.31732682894,119344.31732682894
2022-09-01,119849.84296731246,100149.35318453581,123430.98838520238,100149.35318453581,123430.98838520238,100149.35318453581,123430.98838520238,100149.35318453581,117113.18453030492,117273.32962485612,119849.84296731246,119849.84296731246,119849.84296731246
2022-09-02,120938.64517382873,101059.75502951414,124552.59065818974,101059.75502951414,124552.59065818974,101059.75502951414,124552.59065818974,101059.75502951414,118177.18668656255,118338.93178435625,120938.64517382873,120938.64517382873,120938.64517382873
2022-09-05,120258.1458228041,100490.75557215483,123851.59132671544,100490.75557215483,123851.59132671544,100490.75557215483,123851.59132671544,100490.75557215483,117512.18732075597,117672.93241950334,120258.1458228041,120258.1458228041,120258.1458228041
2022-09-06,120802.54692606223,100945.956494644,124412.39246320912,100945.956494644,124412.39246320912,100945.956494644,124412.39246320912,100945.956494644,118044.18839888478,118205.7334992534,120802.54692606223,120802.54692606223,120802.54692606223
2022-09-07,118897.14712075485,99352.7566574362,122449.59266376683,99352.7566574362,122449.59266376683,99352.7566574362,122449.59266376683,99352.7566574362,116182.18858914281,116340.93368979753,118897.14712075485,118897.14712075485,118897.14712075485
2022-09-08,116311.23985223068,97190.55057986052,119785.78517627904,97190.55057986052,119785.78517627904,97190.55057986052,119785.78517627904,97190.55057986052,113655.1814861765,113810.12657615007,116311.23985223068,116311.23985223068,116311.23985223068
2022-09-09,115902.94510893119,98709.12840867658,119365.19059133717,98709.12840867658,119365.19059133717,98709.12840867658,119365.19059133717,98709.12840867658,113256.1866231432,115588.31603875091,115902.94510893119,115902.94510893119,115902.94510893119
2022-09-13,119441.54011182082,97821.32833505292,123010.38544368932,97821.32833505292,123010.38544368932,97821.32833505292,123010.38544368932,97821.32833505292,116714.18173985387,114548.71595253875,119441.54011182082,119441.54011182082,119441.54011182082
2022-09-14,117400.04205874694,96817.73665452619,120907.3874492664,96817.73665452619,120907.3874492664,96817.73665452619,120907.3874492664,96817.73665452619,114719.18364243413,113373.52569451263,117400.04205874694,117400.04205874694,117400.04205874694
2022-09-15,115086.34751014007,97280.93069100995,120170.49429408145,97280.93069100995,120170.49429408145,97280.93069100995,120170.49429408145,97280.93069100995,112458.18896965886,113915.91871132782,115086.34751014007,115086.34751014007,115086.34751014007
2022-09-16,114913.88215592068,93806.93400407453,115877.49838820529,93806.93400407453,115877.49838820529,93806.93400407453,115877.49838820529,93806.93400407453,112289.65192255248,109847.92259087494,114913.88215592068,114913.88215592068,114913.88215592068
2022-09-19,114926.79695044123,93806.93400407453,115877.49838820529,93806.93400407453,115877.49838820529,93806.93400407453,115877.49838820529,93806.93400407453,112302.34014173056,109847.92259087494,114926.79695044123,114926.79695044123,114926.79695044123
2022-09-20,114930.34188194809,93691.13319421429,115734.39738741945,93691.13319421429,115734.39738741945,93691.13319421429,115734.39738741945,93691.13319421429,112305.82288145658,109712.32164254118,114930.34188194809,114930.34188194809,114930.34188194809
2022-09-21,114933.88681345494,94733.33127999923,117022.2950219257,94733.33127999923,117022.2950219257,94733.33127999923,117022.2950219257,94733.33127999923,112309.3056211826,110932.7194010251,114933.88681345494,114933.88681345494,114933.88681345494
2022-09-22,114937.4317449618,95196.53451944013,117594.699025069,95196.53451944013,117594.699025069,95196.53451944013,117594.699025069,95196.53451944013,112312.78836090863,111475.12319436004,114937.4317449618,114937.4317449618,114937.4317449618
2022-09-23,114940.97667646865,94270.1280405583,116449.89101878238,94270.1280405583,116449.89101878238,94270.1280405583,116449.89101878238,94270.1280405583,112316.27110063465,110390.31560769012,114940.97667646865,114940.97667646865,114940.97667646865
2022-09-26,114953.8914709892,93782.07157735045,115846.77461217578,93782.07157735045,115846.77461217578,93782.07157735045,115846.77461217578,93782.07157735045,112328.95931981273,109818.80907564361,114953.8914709892,114953.8914709892,114953.8914709892
2022-09-27,114957.43640249605,93784.96349515866,115850.35063957304,93784.96349515866,115850.35063957304,93784.96349515866,115850.35063957304,93784.96349515866,112332.44205953875,109822.1985276984,114957.43640249605,114957.43640249605,114957.43640249605
2022-09-28,114960.9813340029,93787.85541296688,115853.92666697029,93787.85541296688,115853.92666697029,93787.85541296688,115853.92666697029,93787.85541296688,112335.92479926477,109825.5879797532,114960.9813340029,114960.9813340029,114960.9813340029
2022-09-29,114964.52626550976,93790.74733077509,115857.50269436755,93790.74733077509,115857.50269436755,93790.74733077509,115857.50269436755,93790.74733077509,112339.4075389908,109828.97743180799,114964.52626550976,114964.52626550976,114964.52626550976
2022-09-30,114968.07119701662,93793.6392485833,115861.0787217648,93793.6392485833,115861.0787217648,93793.6392485833,115861.0787217648,93793.6392485833,112342.89027871682,109832.36688386278,114968.07119701662,114968.07119701662,114968.07119701662
2022-10-10,115013.78051208511,93830.9284266655,115907.18899573741,93830.9284266655,115907.18899573741,93830.9284266655,115907.18899573741,93830.9284266655,112387.7976759771,109876.07140441073,115013.78051208511,115013.78051208511,115013.78051208511
2022-10-11,114785.36908706825,93644.22262588941,115676.46540342072,93644.22262588941,115676.46540342072,93644.22262588941,115676.46540342072,93644.22262588941,112164.68802032188,109657.4927956839,114785.36908706825,114785.36908706825,114785.36908706825
2022-10-12,114847.90866692844,93738.12117816717,115737.29449387634,93738.12117816717,115737.29449387634,93738.12117816717,115737.29449387634,93738.12117816717,112231.21874212613,109727.44449629734,114847.90866692844,114847.90866692844,114847.90866692844
2022-10-13,114675.42789917745,93564.98739671757,115564.84482201576,93564.98739671757,115564.84482201576,93564.98739671757,115564.84482201576,93564.98739671757,112058.64468670392,109554.80824909429,114675.42789917745,114675.42789917745,114675.42789917745
2022-10-14,116255.84181649356,95030.23268586755,117145.28983522228,95030.23268586755,117145.28983522228,95030.23268586755,117145.28983522228,95030.23268586755,113638.96531634878,111135.06668695834,116255.84181649356,116255.84181649356,116255.84181649356
2022-10-17,113378.5181882451,92663.23494321464,114249.5025113601,92663.23494321464,114249.5025113601,92663.23494321464,114249.5025113601,92663.23494321464,110817.14606261271,108364.92312340642,113378.5181882451,113378.5181882451,113378.5181882451
2022-10-18,111897.31806541185,91453.4348428881,112756.80238757317,91453.4348428881,112756.80238757317,91453.4348428881,112756.80238757317,91453.4348428881,109370.44594264048,106950.42300610448,111897.31806541185,111897.31806541185,111897.31806541185
2022-10-19,111768.51972366075,91348.23619729637,112627.00405869668,91348.23619729637,112627.00405869668,91348.23619729637,112627.00405869668,91348.23619729637,109244.64756226557,106827.42458968068,111768.51972366075,111768.51972366075,111768.51972366075
2022-10-20,112283.72076774336,91769.03705007193,113146.20511088554,91769.03705007193,113146.20511088554,91769.03705007193,113146.20511088554,91769.03705007193,109747.8485820295,107319.42558674717,112283.72076774336,112283.72076774336,112283.72076774336
2022-10-21,112154.92242599229,91663.83840448022,113016.40678200907,91663.83840448022,113016.40678200907,91663.83840448022,113016.40678200907,91663.83840448022,109622.05020165462,107196.4271703234,112154.92242599229,112154.92242599229,112154.92242599229
2022-10-24,113056.51849532823,92400.23519403099,113925.00282082742,92400.23519403099,113925.00282082742,92400.23519403099,113925.00282082742,92400.23519403099,110502.64636254328,108057.42341666127,113056.51849532823,113056.51849532823,113056.51849532823
2022-10-25,112863.31714416246,92242.43409043908,113730.30145917124,92242.43409043908,113730.30145917124,92242.43409043908,113730.30145917124,92242.43409043908,110313.94504284878,107872.92212633994,112863.31714416246,112863.31714416246,112863.31714416246
2022-10-26,114537.71861816148,93610.03529435753,115417.70294461434,93610.03529435753,115417.70294461434,93610.03529435753,115417.70294461434,93610.03529435753,111949.34648251551,109471.92353396321,114537.71861816148,114537.71861816148,114537.71861816148
2022-10-27,113958.12224174239,93136.63825399039,114833.60659632865,93136.63825399039,114833.60659632865,93136.63825399039,114833.60659632865,93136.63825399039,111383.25002169625,108918.42699437046,113958.12224174239,113958.12224174239,113958.12224174239
2022-10-28,112992.11548591356,92347.6327360308,113860.09978804772,92347.6327360308,113860.09978804772,92347.6327360308,113860.09978804772,92347.6327360308,110439.74342322367,107995.92054276372,112992.11548591356,112992.11548591356,112992.11548591356
2022-10-31,114859.71831107835,93873.0350435412,115742.20263514704,93873.0350435412,115742.20263514704,93873.0350435412,115742.20263514704,93873.0350435412,112263.84618258495,109779.42324070838,114859.71831107835,114859.71831107835,114859.71831107835
2022-11-01,118144.11824966173,96555.63499337791,119052.10257325356,96555.63499337791,119052.10257325356,96555.63499337791,119052.10257325356,96555.63499337791,115471.74612259882,112915.92318205739,118144.11824966173,118144.11824966173,118144.11824966173
2022-11-02,117693.32021499376,96187.43659860252,118597.80455384438,96187.43659860252,118597.80455384438,96187.43659860252,118597.80455384438,96187.43659860252,115031.44804215449,112485.42505888845,117693.32021499376,117693.32021499376,117693.32021499376
2022-11-03,117564.52187324266,96082.2379530108,118468.0062249679,96082.2379530108,118468.0062249679,96082.2379530108,118468.0062249679,96082.2379530108,114905.6496617796,112362.42664246466,117564.52187324266,117564.52187324266,117564.52187324266
2022-11-04,117435.71585441331,95977.03303701042,118338.2001594085,95977.03303701042,118338.2001594085,95977.03303701042,118338.2001594085,95977.03303701042,114779.84378314036,112239.42089466954,117435.71585441331,117435.71585441331,117435.71585441331
2022-11-07,118079.71524024705,96503.03253537773,118987.19954047387,96503.03253537773,118987.19954047387,96503.03253537773,118987.19954047387,96503.03253537773,115408.84318327921,112854.42030815984,118079.71524024705,118079.71524024705,118079.71524024705
2022-11-08,118981.31898666124,97239.43559533714,119895.80331597512,97239.43559533714,119895.80331597512,97239.43559533714,119895.80331597512,97239.43559533714,116289.4468424322,113715.42388586904,118981.31898666124,118981.31898666124,118981.31898666124
2022-11-09,119110.11732841234,97344.63424092888,120025.60164485162,97344.63424092888,120025.60164485162,97344.63424092888,120025.60164485162,97344.63424092888,116415.2452228071,113838.42230229283,119110.11732841234,119110.11732841234,119110.11732841234
2022-11-10,120333.72076774336,98344.03705007193,121258.70511088554,98344.03705007193,121258.70511088554,98344.03705007193,121258.70511088554,98344.03705007193,117610.3485820295,115006.92558674717,120333.72076774336,120333.72076774336,120333.72076774336
2022-11-11,118401.72261024217,96766.03855497001,119311.70696768945,96766.03855497001,119311.70696768945,96766.03855497001,119311.70696768945,96766.03855497001,115723.35038161295,113161.9273462763,118401.72261024217,118401.72261024217,118401.72261024217
2022-11-14,116405.32144332628,95135.4376018679,117299.80579171365,95135.4376018679,117299.80579171365,95135.4376018679,117299.80579171365,95135.4376018679,113773.44924187678,111255.42623190786,116405.32144332628,116405.32144332628,116405.32144332628
2022-11-15,116212.1200921605,94977.636498276,117105.10443005747,94977.636498276,117105.10443005747,94977.636498276,117105.10443005747,94977.636498276,113584.74792218227,111070.92494158652,116212.1200921605,116212.1200921605,116212.1200921605
2022-11-16,116791.71646857957,95451.03353864311,117689.20077834313,95451.03353864311,117689.20077834313,95451.03353864311,117689.20077834313,95451.03353864311,114150.8443830015,111624.42148117925,116791.71646857957,116791.71646857957,116791.71646857957
2022-11-17,116147.71708274583,94925.0340402758,117040.20139727776,94925.0340402758,117040.20139727776,94925.0340402758,117040.20139727776,94925.0340402758,113521.84498286265,111009.42206768895,116147.71708274583,116147.71708274583,116147.71708274583
2022-11-18,115117.31499458055,94083.43233472465,116001.79929290002,94083.43233472465,116001.79929290002,94083.43233472465,116001.79929290002,94083.43233472465,112515.44294333475,110025.42007355596,115117.31499458055,115117.31499458055,115117.31499458055
2022-11-21,115696.91904807786,94556.83564550041,116585.90337786858,94556.83564550041,116585.90337786858,94556.83564550041,116585.90337786858,94556.83564550041,113081.54690241831,110578.92394452001,115696.91904807786,115696.91904807786,115696.91904807786
2022-11-22,116598.5151174138,95293.23243505119,117494.49941668694,95293.23243505119,117494.49941668694,95293.23243505119,117494.49941668694,95293.23243505119,113962.14306330698,111439.9201908579,116598.5151174138,116598.5151174138,116598.5151174138
2022-11-23,117950.91689849593,96397.83388978598,118857.40121159736,96397.83388978598,118857.40121159736,96397.83388978598,118857.40121159736,96397.83388978598,115283.04480290429,112731.42189173603,117950.91689849593,117950.91689849593,117950.91689849593
2022-11-24,119238.91567016343,97449.83288652063,120155.39997372813,97449.83288652063,120155.39997372813,97449.83288652063,120155.39997372813,97449.83288652063,116541.04360318203,113961.42071871665,119238.91567016343,119238.91567016343,119238.91567016343
2022-11-25,120333.72076774336,98344.03705007193,121258.70511088554,98344.03705007193,121258.70511088554,98344.03705007193,121258.70511088554,98344.03705007193,117610.3485820295,115006.92558674717,120333.72076774336,120333.72076774336,120333.72076774336
2022-11-28,118272.91659141282,96660.83363896966,119181.90090213007,96660.83363896966,119181.90090213007,96660.83363896966,119181.90090213007,96660.83363896966,115597.54450297375,113038.9215984812,118272.91659141282,118272.91659141282,118272.91659141282
2022-11-29,119303.31867957808,97502.43534452078,120220.30300650779,97502.43534452078,120220.30300650779,97502.43534452078,120220.30300650779,97502.43534452078,116603.94654250161,114022.92359261417,119303.31867957808,119303.31867957808,119303.31867957808
2022-11-30,119690.0042901496,97699.73099818343,120614.98863329178,97699.73099818343,120614.98863329178,97699.73099818343,120614.98863329178,97699.73099818343,116966.04253014099,114362.61953485866,119690.0042901496,119690.0042901496,119690.0042901496
2022-12-01,118264.15735257849,96356.78510331211,119185.64165137481,96356.78510331211,119185.64165137481,96356.78510331211,119185.64165137481,96356.78510331211,115550.99572174506,112957.37285063113,118264.15735257849,118264.15735257849,118264.15735257849
2022-12-02,118466.9571881255,96597.02689746664,119386.94153603603,96597.02689746664,119386.94153603603,96597.02689746664,119386.94153603603,96597.02689746664,115758.79541543301,113169.37240679923,118466.9571881255,118466.9571881255,118466.9571881255
2022-12-05,122733.78840507125,100378.0256638889,123672.62821862116,100378.0256638889,123672.62821862116,100378.0256638889,123672.62821862116,100378.0256638889,119970.554911472,117323.41356788817,122733.78840507125,122733.78840507125,122733.78840507125
2022-12-06,119691.28405274005,97890.52210549159,120607.62383410346,97890.52210549159,120607.62383410346,97890.52210549159,120607.62383410346,97890.52210549159,116995.55065570035,114415.90940867605,119691.28405274005,119691.28405274005,119691.28405274005
2022-12-07,120786.58445895766,98786.02243760868,121711.02424332514,98786.02243760868,121711.02424332514,98786.02243760868,121711.02424332514,98786.02243760868,118066.55105290572,115462.60979686919,120786.58445895766,120786.58445895766,120786.58445895766
2022-12-08,124194.18411077117,101572.0221529369,125143.82389256373,101572.0221529369,125143.82389256373,101572.0221529369,125143.82389256373,101572.0221529369,121398.55071244399,118719.00946413222,124194.18411077117,124194.18411077117,124194.18411077117
2022-12-09,125289.49177087401,102467.52841571614,126247.23160931483,102467.52841571614,126247.23160931483,102467.52841571614,126247.23160931483,102467.52841571614,122469.55820260207,119765.71678434554,125289.49177087401,125289.49177087401,125289.49177087401
2022-12-12,124559.28666413878,101870.52424052998,125511.6264648141,101870.52424052998,125511.6264648141,101870.52424052998,125511.6264648141,101870.52424052998,121755.55320916335,119067.91190420333,124559.28666413878,124559.28666413878,124559.28666413878
2022-12-13,124315.88979781722,101671.52680257603,125266.42962166682,101671.52680257603,125266.42962166682,101671.52680257603,125266.42962166682,101671.52680257603,121517.55627331893,118835.31489883605,124315.88979781722,124315.88979781722,124315.88979781722
2022-12-14,124194.18411077117,101572.0221529369,125143.82389256373,101572.0221529369,125143.82389256373,101572.0221529369,125143.82389256373,101572.0221529369,121398.55071244399,118719.00946413222,124194.18411077117,124194.18411077117,124194.18411077117
2022-12-15,122003.58329833605,99781.02148870277,122937.02307412046,99781.02148870277,122937.02307412046,99781.02148870277,122937.02307412046,99781.02148870277,119256.54991803331,116625.60868774599,122003.58329833605,122003.58329833605,122003.58329833605
2022-12-16,123220.58213771437,100776.0205397968,124163.02190491572,100776.0205397968,124163.02190491572,100776.0205397968,124163.02190491572,100776.0205397968,120446.54878316085,117788.60757862273,123220.58213771437,123220.58213771437,123220.58213771437
2022-12-19,117987.48422683333,96497.5222478275,118891.2240094842,96497.5222478275,118891.2240094842,96497.5222478275,118891.2240094842,96497.5222478275,115329.55082593123,112787.70957504454,117987.48422683333,117987.48422683333,117987.48422683333
2022-12-20,116283.68440092658,95104.5223901634,117174.8241848649,95104.5223901634,117174.8241848649,95104.5223901634,117174.8241848649,95104.5223901634,113663.55099616211,111159.50974141304,116283.68440092658,116283.68440092658,116283.68440092658
2022-12-21,118109.18991387938,96597.02689746664,119013.82973858729,96597.02689746664,119013.82973858729,96597.02689746664,119013.82973858729,96597.02689746664,115448.55638680619,112904.01500974839,118109.18991387938,118109.18991387938,118109.18991387938
2022-12-22,120664.88602579688,98686.52371863172,121588.4258217515,98686.52371863172,121588.4258217515,98686.52371863172,121588.4258217515,98686.52371863172,117947.55258498352,115346.31129418557,120664.88602579688,120664.88602579688,120664.88602579688
2022-12-23,122368.68585170363,100079.52357629582,123304.8256463708,100079.52357629582,123304.8256463708,100079.52357629582,123304.8256463708,100079.52357629582,119613.55241475264,116974.51112781707,122368.68585170363,122368.68585170363,122368.68585170363
2022-12-26,121273.38544548606,99184.02324417875,122201.42523714915,99184.02324417875,122201.42523714915,99184.02324417875,122201.42523714915,99184.02324417875,118542.5520175473,115927.81073962395,121273.38544548606,121273.38544548606,121273.38544548606
2022-12-27,122003.58329833605,99781.02148870277,122937.02307412046,99781.02148870277,122937.02307412046,99781.02148870277,122937.02307412046,99781.02148870277,119256.54991803331,116625.60868774599,122003.58329833605,122003.58329833605,122003.58329833605
2022-12-28,123707.39037812804,101174.027277029,124653.43020626917,101174.027277029,124653.43020626917,101174.027277029,124653.43020626917,101174.027277029,120922.55684075515,118253.81545339766,123707.39037812804,123707.39037812804,123707.39037812804
2022-12-29,125046.08039678191,102268.51911643788,126002.02015110865,102268.51911643788,126002.02015110865,102268.51911643788,126002.02015110865,102268.51911643788,122231.5470808522,119533.10591493789,125046.08039678191,125046.08039678191,125046.08039678191
2022-12-30,124194.18411077117,101572.0221529369,125143.82389256373,101572.0221529369,125143.82389256373,101572.0221529369,125143.82389256373,101572.0221529369,121398.55071244399,118719.00946413222,124194.18411077117,124194.18411077117,124194.18411077117
2023-01-03,126019.6823698387,103064.52072957798,126982.82213875666,103064.52072957798,126982.82213875666,103064.52072957798,126982.82213875666,103064.52072957798,123183.54901013534,120463.50780044738,126019.6823698387,126019.6823698387,126019.6823698387
2023-01-04,129548.98770869829,105950.02509454536,130538.22751709836,105950.02509454536,130538.22751709836,105950.02509454536,130538.22751709836,105950.02509454536,126634.55423054857,123836.21290241426,129548.98770869829,129548.98770869829,129548.98770869829
2023-01-05,130765.98654807662,106945.02414563939,131764.22634789362,106945.02414563939,131764.22634789362,106945.02414563939,131764.22634789362,106945.02414563939,127824.5530956761,124999.211793291,130765.98654807662,130765.98654807662,130765.98654807662
2023-01-06,128697.09142268752,105253.52813104435,129680.03125855341,105253.52813104435,129680.03125855341,105253.52813104435,129680.03125855341,105253.52813104435,125801.55786214034,123022.11645160857,128697.09142268752,128697.09142268752,128697.09142268752
2023-01-09,131861.27970040892,107840.51854709431,132867.61944958582,107840.51854709431,132867.61944958582,107840.51854709431,132867.61944958582,107840.51854709431,128895.54639992873,126045.90524946395,131861.27970040892,131861.27970040892,131861.27970040892
2023-01-10,131374.4859677658,107442.52367118641,132377.22576329127,107442.52367118641,132377.22576329127,107442.52367118641,132377.22576329127,107442.52367118641,128419.55252823989,125580.71123872939,131374.4859677658,131374.4859677658,131374.4859677658
2023-01-11,133808.4836465225,109432.52177337452,134829.22342488184,109432.52177337452,134829.22342488184,109432.52177337452,134829.22342488184,109432.52177337452,130799.55025849502,127906.70902048293,133808.4836465225,133808.4836465225,133808.4836465225
2023-01-12,131739.5885211334,107741.02575877949,132745.02833554163,107741.02575877949,132745.02833554163,107741.02575877949,132745.02833554163,107741.02575877949,128776.55502495925,125929.6136788005,131739.5885211334,131739.5885211334,131739.5885211334
2023-01-13,136972.68643201445,112019.52405074879,138016.82623097315,112019.52405074879,138016.82623097315,112019.52405074879,138016.82623097315,112019.52405074879,133893.55298218885,130930.51168237868,136972.68643201445,136972.68643201445,136972.68643201445
2023-01-16,138067.97958434673,112915.01845220369,139120.21933266532,112915.01845220369,139120.21933266532,112915.01845220369,139120.21933266532,112915.01845220369,134964.54628644144,131977.2051385516,138067.97958434673,138067.97958434673,138067.97958434673
2023-01-17,135268.87935222243,110626.51826242253,136300.4190988244,110626.51826242253,136300.4190988244,110626.51826242253,136300.4190988244,110626.51826242253,132227.546059467,129302.30491672698,135268.87935222243,135268.87935222243,135268.87935222243
2023-01-18,135025.48248590087,110427.52082446858,136055.22225567713,110427.52082446858,136055.22225567713,110427.52082446858,136055.22225567713,110427.52082446858,131989.54912362256,129069.7079113597,135025.48248590087,135025.48248590087,135025.48248590087
2023-01-19,136120.79014600368,111323.02708724778,137158.6299724282,111323.02708724778,137158.6299724282,111323.02708724778,137158.6299724282,111323.02708724778,133060.55661378062,130116.41523157299,136120.79014600368,136120.79014600368,136120.79014600368
2023-01-20,136607.58387864684,111721.02196315571,137649.02365872278,111721.02196315571,137649.02365872278,111721.02196315571,137649.02365872278,111721.02196315571,133536.5504854695,130581.60924230758,136607.58387864684,136607.58387864684,136607.58387864684
2023-01-30,135147.18817294692,110527.02547410771,136177.82798478022,110527.02547410771,136177.82798478022,110527.02547410771,136177.82798478022,110527.02547410771,132108.5546844975,129186.01334606353,135147.18817294692,135147.18817294692,135147.18817294692
2023-01-31,129548.98770869829,105950.02509454536,130538.22751709836,105950.02509454536,130538.22751709836,105950.02509454536,130538.22751709836,105950.02509454536,126634.55423054857,123836.21290241426,129548.98770869829,129548.98770869829,129548.98770869829
2023-02-01,131467.67822910319,107091.7163559552,132488.41800746252,107091.7163559552,132488.41800746252,107091.7163559552,132488.41800746252,107091.7163559552,128458.74484107569,125565.9036030636,131467.67822910319,131467.67822910319,131467.67822910319
2023-02-02,131618.11866131844,107182.52898778132,132641.27578293678,107182.52898778132,132641.27578293678,107182.52898778132,132641.27578293678,107182.52898778132,128601.93324351386,125701.83997572472,131618.11866131844,131618.11866131844,131618.11866131844
2023-02-03,131622.19222296227,107185.8562480553,132645.38044047102,107185.8562480553,132645.38044047102,107185.8562480553,132645.38044047102,107185.8562480553,128605.91351748646,125705.72696202609,131622.19222296227,131622.19222296227,131622.19222296227
2023-02-06,131637.03290789376,107197.97802887722,132660.33441307375,107197.97802887722,132660.33441307375,107197.97802887722,132660.33441307375,107197.97802887722,128620.41433940428,125719.8879209302,131637.03290789376,131637.03290789376,131637.03290789376
2023-02-07,131641.1064695376,107201.30528915119,132664.439070608,107201.30528915119,132664.439070608,107201.30528915119,132664.439070608,107201.30528915119,128624.39461337688,125723.77490723156,131641.1064695376,131641.1064695376,131641.1064695376
2023-02-08,131645.18003118143,107204.63254942517,132668.54372814225,107204.63254942517,132668.54372814225,107204.63254942517,132668.54372814225,107204.63254942517,128628.37488734948,125727.66189353293,131645.18003118143,131645.18003118143,131645.18003118143
2023-02-09,136077.24117997865,110813.8612295325,137133.2819939148,110813.8612295325,137133.2819939148,110813.8612295325,137133.2819939148,110813.8612295325,132956.4690450235,129957.72470028097,136077.24117997865,136077.24117997865,136077.24117997865
2023-02-10,136823.2404685376,111421.36065017535,137884.78127722855,111421.36065017535,137884.78127722855,111421.36065017535,137884.78127722855,111421.36065017535,133684.96835027175,130669.72402126486,136823.2404685376,136823.2404685376,136823.2404685376
2023-02-13,141896.03740934114,115552.35815893962,142994.97819547768,115552.35815893962,142994.97819547768,115552.35815893962,142994.97819547768,115552.35815893962,138638.76536283927,135511.3211014956,141896.03740934114,141896.03740934114,141896.03740934114
2023-02-14,141000.840041673,114823.36030256106,142093.1808472168,114823.36030256106,142093.1808472168,114823.36030256106,142093.1808472168,114823.36030256106,137764.5679334207,134656.9236138552,141000.840041673,141000.840041673,141000.840041673
2023-02-15,141000.840041673,114823.36030256106,142093.1808472168,114823.36030256106,142093.1808472168,114823.36030256106,142093.1808472168,114823.36030256106,137764.5679334207,134656.9236138552,141000.840041673,141000.840041673,141000.840041673
2023-02-16,142045.2443814633,115673.86383663965,143145.2852190029,115673.86383663965,143145.2852190029,115673.86383663965,143145.2852190029,115673.86383663965,138784.47217140626,135653.72775585344,142045.2443814633,142045.2443814633,142045.2443814633
2023-02-17,139956.44459489564,113972.8640104468,141041.0854340088,113972.8640104468,141041.0854340088,113972.8640104468,141041.0854340088,113972.8640104468,136744.67237983184,133660.12795955833,139956.44459489564,139956.44459489564,139956.44459489564
2023-02-20,143238.8379073499,116645.85856448964,144347.6786971581,116645.85856448964,144347.6786971581,116645.85856448964,144347.6786971581,116645.85856448964,139950.0658491655,136792.92157680687,143238.8379073499,143238.8379073499,143238.8379073499
2023-02-21,141150.03812078218,114944.85873829677,142243.47891216393,114944.85873829677,142243.47891216393,114944.85873829677,142243.47891216393,114944.85873829677,137910.266057591,134799.3217805117,141150.03812078218,141150.03812078218,141150.03812078218
2023-02-22,140851.64196256382,114701.86186682538,141942.8827822697,114701.86186682538,141942.8827822697,114701.86186682538,141942.8827822697,114701.86186682538,137618.8698092504,134514.5254471987,140851.64196256382,140851.64196256382,140851.64196256382
2023-02-23,139210.4453063367,113365.36458980397,140289.58615069508,113365.36458980397,140289.58615069508,113365.36458980397,140289.58615069508,113365.36458980397,136016.17307458358,132948.12863857445,139210.4453063367,139210.4453063367,139210.4453063367
2023-02-24,137270.84359887816,111785.86319934679,138335.68443064802,111785.86319934679,138335.68443064802,111785.86319934679,138335.68443064802,111785.86319934679,134122.07140717935,131096.92700893575,137270.84359887816,137270.84359887816,137270.84359887816
2023-02-27,139061.2383342145,113243.85891210391,140139.2791271698,113243.85891210391,140139.2791271698,113243.85891210391,140139.2791271698,113243.85891210391,135870.46626601653,132805.72198421654,139061.2383342145,139061.2383342145,139061.2383342145
2023-02-28,139061.2383342145,113243.85891210391,140139.2791271698,113243.85891210391,140139.2791271698,113243.85891210391,140139.2791271698,113243.85891210391,135870.46626601653,132805.72198421654,139061.2383342145,139061.2383342145,139061.2383342145
2023-03-01,140404.0388322232,114337.3593176539,141491.97962885015,114337.3593176539,141491.97962885015,114337.3593176539,141491.97962885015,114337.3593176539,137181.7667523427,134087.32245952776,140404.0388322232,140404.0388322232,140404.0388322232
2023-03-02,139956.44459489564,113972.8640104468,141041.0854340088,113972.8640104468,141041.0854340088,113972.8640104468,141041.0854340088,113972.8640104468,136744.67237983184,133660.12795955833,139956.44459489564,139956.44459489564,139956.44459489564
2023-03-03,138912.04025510527,113122.3604763682,139988.98106222265,113122.3604763682,139988.98106222265,113122.3604763682,139988.98106222265,113122.3604763682,135724.76814184617,132663.32381755998,138912.04025510527,138912.04025510527,138912.04025510527
2023-03-06,138912.04025510527,113122.3604763682,139988.98106222265,113122.3604763682,139988.98106222265,113122.3604763682,139988.98106222265,113122.3604763682,135724.76814184617,132663.32381755998,138912.04025510527,138912.04025510527,138912.04025510527
2023-03-07,136226.43925908787,110935.35966526822,137283.58005886196,110935.35966526822,137283.58005886196,110935.35966526822,137283.58005886196,110935.35966526822,133102.1671691938,130100.12286693748,136226.43925908787,136226.43925908787,136226.43925908787
2023-03-08,135480.4399705289,110327.86024462536,136532.0807755482,110327.86024462536,136532.0807755482,110327.86024462536,136532.0807755482,110327.86024462536,132373.66786394553,129388.1235459536,135480.4399705289,135480.4399705289,135480.4399705289
2023-03-09,135128.30400703012,110041.10073011396,136177.34863537483,110041.10073011396,136177.34863537483,110041.10073011396,136177.34863537483,110041.10073011396,132029.79246259318,129052.03667462501,135128.30400703012,135128.30400703012,135128.30400703012
2023-03-10,135132.5019522356,110044.52127805917,136181.5776764707,110044.52127805917,136181.5776764707,110044.52127805917,136181.5776764707,110044.52127805917,132033.89712012743,129056.04804448802,135132.5019522356,135132.5019522356,135132.5019522356
2023-03-13,135147.79578785202,110056.98292189479,136196.9847997584,110056.98292189479,136196.9847997584,110056.98292189479,136196.9847997584,110056.98292189479,132048.85109273015,129070.66215407706,135147.79578785202,135147.79578785202,135147.79578785202
2023-03-14,135151.9937330575,110060.40346983999,136201.21384085427,110060.40346983999,136201.21384085427,110060.40346983999,136201.21384085427,110060.40346983999,132052.9557502644,129074.67352394007,135151.9937330575,135151.9937330575,135151.9937330575
2023-03-15,135156.19167826296,110063.8240177852,136205.44288195015,110063.8240177852,136205.44288195015,110063.8240177852,136205.44288195015,110063.8240177852,132057.06040779865,129078.68489380309,135156.19167826296,135156.19167826296,135156.19167826296
2023-03-16,135160.38962346842,110067.2445657304,136209.67192304603,110067.2445657304,136209.67192304603,110067.2445657304,136209.67192304603,110067.2445657304,132061.1650653329,129082.6962636661,135160.38962346842,135160.38962346842,135160.38962346842
2023-03-17,135164.5875686739,110070.66511367561,136213.9009641419,110070.66511367561,136213.9009641419,110070.66511367561,136213.9009641419,110070.66511367561,132065.26972286715,129086.70763352912,135164.5875686739,135164.5875686739,135164.5875686739
2023-03-20,135179.88140429033,110083.12675751123,136229.30808742958,110083.12675751123,136229.30808742958,110083.12675751123,136229.30808742958,110083.12675751123,132080.22369546987,129101.32174311815,135179.88140429033,135179.88140429033,135179.88140429033
2023-03-21,135184.0793494958,110086.54730545644,136233.53712852547,110086.54730545644,136233.53712852547,110086.54730545644,136233.53712852547,110086.54730545644,132084.32835300412,129105.33311298117,135184.0793494958,135184.0793494958,135184.0793494958
2023-03-22,135188.27729470126,110089.96785340164,136237.76616962135,110089.96785340164,136237.76616962135,110089.96785340164,136237.76616962135,110089.96785340164,132088.43301053837,129109.34448284419,135188.27729470126,135188.27729470126,135188.27729470126
2023-03-23,135192.47523990672,110093.38840134685,136241.99521071723,110093.38840134685,136241.99521071723,110093.38840134685,136241.99521071723,110093.38840134685,132092.53766807262,129113.3558527072,135192.47523990672,135192.47523990672,135192.47523990672
2023-03-24,135196.6731851122,110096.80894929206,136246.2242518131,110096.80894929206,136246.2242518131,110096.80894929206,136246.2242518131,110096.80894929206,132096.64232560687,129117.36722257022,135196.6731851122,135196.6731851122,135196.6731851122
2023-03-27,135211.96702072863,110109.27059312767,136261.63137510078,110109.27059312767,136261.63137510078,110109.27059312767,136261.63137510078,110109.27059312767,132111.5962982096,129131.98133215925,135211.96702072863,135211.96702072863,135211.96702072863
2023-03-28,135216.1649659341,110112.69114107288,136265.86041619667,110112.69114107288,136265.86041619667,110112.69114107288,136265.86041619667,110112.69114107288,132115.70095574384,129135.99270202227,135216.1649659341,135216.1649659341,135216.1649659341
2023-03-29,135220.36291113956,110116.11168901809,136270.08945729255,110116.11168901809,136270.08945729255,110116.11168901809,136270.08945729255,110116.11168901809,132119.8056132781,129140.00407188528,135220.36291113956,135220.36291113956,135220.36291113956
2023-03-30,135224.56085634502,110119.53223696329,136274.31849838843,110119.53223696329,136274.31849838843,110119.53223696329,136274.31849838843,110119.53223696329,132123.91027081234,129144.0154417483,135224.56085634502,135224.56085634502,135224.56085634502
2023-03-31,135228.7588015505,110122.9527849085,136278.5475394843,110122.9527849085,136278.5475394843,110122.9527849085,136278.5475394843,110122.9527849085,132128.0149283466,129148.02681161131,135228.7588015505,135228.7588015505,135228.7588015505
2023-04-03,135244.05263716693,110135.41442874412,136293.95466277198,110135.41442874412,136293.95466277198,110135.41442874412,136293.95466277198,110135.41442874412,132142.96890094932,129162.64092120035,135244.05263716693,135244.05263716693,135244.05263716693
2023-04-04,135248.2505823724,110138.83497668932,136298.18370386786,110138.83497668932,136298.18370386786,110138.83497668932,136298.18370386786,110138.83497668932,132147.07355848356,129166.65229106336,135248.2505823724,135248.2505823724,135248.2505823724
2023-04-06,135257.99647278336,110146.77607257973,136308.00178605964,110146.77607257973,136308.00178605964,110146.77607257973,136308.00178605964,110146.77607257973,132156.60287355207,129175.96503078939,135257.99647278336,135257.99647278336,135257.99647278336
2023-04-07,135262.19441798882,110150.19662052493,136312.23082715552,110150.19662052493,136312.23082715552,110150.19662052493,136312.23082715552,110150.19662052493,132160.70753108631,129179.9764006524,135262.19441798882,135262.19441798882,135262.19441798882
2023-04-10,135277.48825360526,110162.65826436055,136327.6379504432,110162.65826436055,136327.6379504432,110162.65826436055,136327.6379504432,110162.65826436055,132175.66150368904,129194.59051024144,135277.48825360526,135277.48825360526,135277.48825360526
2023-04-11,135281.68619881073,110166.07881230576,136331.86699153908,110166.07881230576,136331.86699153908,110166.07881230576,136331.86699153908,110166.07881230576,132179.7661612233,129198.60188010446,135281.68619881073,135281.68619881073,135281.68619881073
2023-04-12,135285.8841440162,110169.49936025096,136336.09603263496,110169.49936025096,136336.09603263496,110169.49936025096,136336.09603263496,110169.49936025096,132183.87081875754,129202.61324996747,135285.8841440162,135285.8841440162,135285.8841440162
2023-04-13,135290.08208922166,110172.91990819617,136340.32507373084,110172.91990819617,136340.32507373084,110172.91990819617,136340.32507373084,110172.91990819617,132187.9754762918,129206.62461983049,135290.08208922166,135290.08208922166,135290.08208922166
2023-04-14,135294.28003442712,110176.34045614138,136344.55411482672,110176.34045614138,136344.55411482672,110176.34045614138,136344.55411482672,110176.34045614138,132192.08013382604,129210.6359896935,135294.28003442712,135294.28003442712,135294.28003442712
2023-04-17,135309.57387004356,110188.802099977,136359.9612381144,110188.802099977,136359.9612381144,110188.802099977,136359.9612381144,110188.802099977,132207.03410642876,129225.25009928254,135309.57387004356,135309.57387004356,135309.57387004356
2023-04-18,135313.77181524903,110192.2226479222,136364.19027921028,110192.2226479222,136364.19027921028,110192.2226479222,136364.19027921028,110192.2226479222,132211.138763963,129229.26146914555,135313.77181524903,135313.77181524903,135313.77181524903
2023-04-19,135317.9697604545,110195.64319586741,136368.41932030616,110195.64319586741,136368.41932030616,110195.64319586741,136368.41932030616,110195.64319586741,132215.24342149726,129233.27283900857,135317.9697604545,135317.9697604545,135317.9697604545
2023-04-20,135322.16770565996,110199.06374381261,136372.64836140204,110199.06374381261,136372.64836140204,110199.06374381261,136372.64836140204,110199.06374381261,132219.3480790315,129237.28420887158,135322.16770565996,135322.16770565996,135322.16770565996
2023-04-21,135326.36565086542,110202.48429175782,136376.87740249792,110202.48429175782,136376.87740249792,110202.48429175782,136376.87740249792,110202.48429175782,132223.45273656576,129241.2955787346,135326.36565086542,135326.36565086542,135326.36565086542
2023-04-24,135341.65948648186,110214.94593559344,136392.2845257856,110214.94593559344,136392.2845257856,110214.94593559344,136392.2845257856,110214.94593559344,132238.40670916848,129255.90968832363,135341.65948648186,135341.65948648186,135341.65948648186
2023-04-25,135345.85743168733,110218.36648353864,136396.51356688148,110218.36648353864,136396.51356688148,110218.36648353864,136396.51356688148,110218.36648353864,132242.51136670273,129259.92105818665,135345.85743168733,135345.85743168733,135345.85743168733
2023-04-26,135350.0553768928,110221.78703148385,136400.74260797736,110221.78703148385,136400.74260797736,110221.78703148385,136400.74260797736,110221.78703148385,132246.61602423698,129263.93242804967,135350.0553768928,135350.0553768928,135350.0553768928
2023-04-27,135354.25332209826,110225.20757942906,136404.97164907324,110225.20757942906,136404.97164907324,110225.20757942906,136404.97164907324,110225.20757942906,132250.72068177123,129267.94379791268,135354.25332209826,135354.25332209826,135354.25332209826
2023-04-28,135358.45126730372,110228.62812737426,136409.20069016912,110228.62812737426,136409.20069016912,110228.62812737426,136409.20069016912,110228.62812737426,132254.82533930548,129271.9551677757,135358.45126730372,135358.45126730372,135358.45126730372
2023-05-04,139181.49907370994,113342.3329118566,140262.10311984882,113342.3329118566,140262.10311984882,113342.3329118566,140262.10311984882,113342.3329118566,135995.71378787392,132923.27974652362,139181.49907370994,139181.49907370994,139181.49907370994
2023-05-05,140615.1050307412,114509.93776357932,141706.90912341938,114509.93776357932,141706.90912341938,114509.93776357932,141706.90912341938,114509.93776357932,137398.51961692207,134292.48543595386,140615.1050307412,140615.1050307412,140615.1050307412
2023-05-08,145274.29692527244,118304.63116205497,146402.50095462665,118304.63116205497,146402.50095462665,118304.63116205497,146402.50095462665,118304.63116205497,141957.61168559425,138742.37769459796,145274.29692527244,145274.29692527244,145274.29692527244
2023-05-09,143328.7036635537,116720.03665006919,144441.70774555072,116720.03665006919,144441.70774555072,116720.03665006919,144441.70774555072,116720.03665006919,140053.81827910774,136884.18413018298,143328.7036635537,143328.7036635537,143328.7036635537
2023-05-10,139847.09965964744,113884.43338907523,140932.90371036396,113884.43338907523,140932.90371036396,113884.43338907523,140932.90371036396,113884.43338907523,136647.01436122291,133558.9803061397,139847.09965964744,139847.09965964744,139847.09965964744
2023-05-11,139488.70122214744,113592.53466165824,140571.705285071,113592.53466165824,140571.705285071,113592.53466165824,140571.705285071,113592.53466165824,136296.31589015358,133216.68179844928,139488.70122214744,139488.70122214744,139488.70122214744
2023-05-12,138823.10063620994,113050.43418443961,139900.90469455585,113050.43418443961,139900.90469455585,113050.43418443961,139900.90469455585,113050.43418443961,135645.01531680458,132580.9812388332,138823.10063620994,138823.10063620994,138823.10063620994
2023-05-15,138464.70219870994,112758.53545702262,139539.70626926288,112758.53545702262,139539.70626926288,112758.53545702262,139539.70626926288,112758.53545702262,135294.31684573524,132238.68273114276,138464.70219870994,138464.70219870994,138464.70219870994
2023-05-16,137440.70317527244,111924.536252387,138507.70725345478,111924.536252387,138507.70725345478,111924.536252387,138507.70725345478,111924.536252387,134292.3178013169,131260.68366383624,137440.70317527244,137440.70317527244,137440.70317527244
2023-05-17,136775.10258933494,111382.43577516837,137836.90666293964,111382.43577516837,137836.90666293964,111382.43577516837,137836.90666293964,111382.43577516837,133641.0172279679,130624.98310422015,136775.10258933494,136775.10258933494,136775.10258933494
2023-05-18,138208.69633933494,112550.03068483634,139281.70036411152,112550.03068483634,139281.70036411152,112550.03068483634,139281.70036411152,112550.03068483634,135043.81111224525,131994.17713498187,138208.69633933494,138208.69633933494,138208.69633933494
2023-05-19,136007.0972182412,110756.93140066428,137062.90124988422,110756.93140066428,137062.90124988422,110756.93140066428,137062.90124988422,110756.93140066428,132889.51197226875,129891.477974406,136007.0972182412,136007.0972182412,136007.0972182412
2023-05-22,135495.09770652244,110339.93179834647,136546.90174198017,110339.93179834647,136546.90174198017,110339.93179834647,136546.90174198017,110339.93179834647,132388.51245005958,129402.47844075275,135495.09770652244,135495.09770652244,135495.09770652244
2023-05-23,133549.5044448037,107739.62586322907,134586.10853290424,107739.62586322907,134586.10853290424,107739.62586322907,134586.10853290424,108755.3372863607,130484.71904357307,127544.28487633777,133549.5044448037,133549.5044448037,133549.5044448037
2023-05-24,131399.10161277244,106588.62696090821,132418.90567874775,106588.62696090821,132418.90567874775,106588.62696090821,132418.90567874775,107003.93497980399,128380.51627238624,125490.48217152667,131399.10161277244,131399.10161277244,131399.10161277244
2023-05-25,130997.89699181054,108084.9282781232,132014.56664668457,108084.9282781232,132014.56664668457,108084.9282781232,132014.56664668457,106677.17262249714,127987.93128195281,125107.30041439705,130997.89699181054,130997.89699181054,130997.89699181054
2023-05-26,131001.93945756397,108775.52624741678,132018.67130421882,108775.52624741678,132018.67130421882,108775.52624741678,132018.67130421882,106680.4687868807,127991.880460035,125111.18740069841,131001.93945756397,131001.93945756397,131001.93945756397
2023-05-29,131016.78014249548,112228.529814874,132033.62527682155,112228.529814874,132033.62527682155,112228.529814874,132033.62527682155,106692.47728003138,128006.26799428157,125125.34835960252,131016.78014249548,131016.78014249548,131016.78014249548
2023-05-30,131020.85370413931,111537.92498508577,132037.7299343558,111537.92498508577,132037.7299343558,111537.92498508577,132037.7299343558,106695.77344441494,128010.24826825417,125129.23534590389,131020.85370413931,131020.85370413931,131020.85370413931
2023-05-31,130261.36297029738,110732.228497659,131272.51685176662,110732.228497659,131272.51685176662,110732.228497659,131272.51685176662,106077.69758792956,127268.74650131656,124404.07870454554,130261.36297029738,130261.36297029738,130261.36297029738
2023-06-01,130447.1716527391,108775.52624741678,131459.7255996304,108775.52624741678,131459.7255996304,108775.52624741678,131459.7255996304,106228.90465351184,127450.15497814609,124581.4869944549,130447.1716527391,130447.1716527391,130447.1716527391
2023-06-02,131190.36208433396,108842.26982946057,132208.51595912746,108842.26982946057,132208.51595912746,108842.26982946057,132208.51595912746,106833.69686695178,128175.74563633396,125291.07785863642,131190.36208433396,131190.36208433396,131190.36208433396
2023-06-05,133605.76421064622,108854.50489795371,134642.11810146144,108854.50489795371,134642.11810146144,108854.50489795371,134642.11810146144,108799.29859729846,130533.94771229221,127597.2798888183,133605.76421064622,133605.76421064622,133605.76421064622
2023-06-06,133141.26465362794,108857.8632541181,134174.11854778102,108857.8632541181,134174.11854778102,108857.8632541181,134174.11854778102,108421.29895778735,130080.44814478351,127153.78031177286,133141.26465362794,133141.26465362794,133141.26465362794
2023-06-07,133791.57289308793,108861.22161028249,134829.3268493252,108861.22161028249,134829.3268493252,108861.22161028249,134829.3268493252,108950.50566288074,130715.35618912174,127774.68817872767,133791.57289308793,133791.57289308793,133791.57289308793
2023-06-08,133141.26465362794,108864.57996644688,134174.11854778102,108864.57996644688,134174.11854778102,108864.57996644688,134174.11854778102,108421.29895778735,130080.44814478351,127153.78031177286,133141.26465362794,133141.26465362794,133141.26465362794
2023-06-09,133884.46615976578,108867.93832261127,134922.9200652676,108867.93832261127,134922.9200652676,108867.93832261127,134922.9200652676,109026.10018344958,130806.04961525394,127863.38174981836,133884.46615976578,133884.46615976578,133884.46615976578
2023-06-12,134999.26288170106,108880.17339110441,136046.1167625027,108880.17339110441,136046.1167625027,108880.17339110441,136046.1167625027,109933.29751583179,131894.4464148183,128927.77861995462,134999.26288170106,134999.26288170106,134999.26288170106
2023-06-13,136671.46350187546,108883.5317472688,137730.9173873501,108883.5317472688,137730.9173873501,108883.5317472688,137730.9173873501,111294.09802051623,133527.0470203061,130524.37921209101,136671.46350187546,136671.46350187546,136671.46350187546
2023-06-14,137135.96305889374,108886.8901034332,138198.91694103056,108886.8901034332,138198.91694103056,108886.8901034332,138198.91694103056,111672.09766002736,133980.54658781487,130967.87878913646,137135.96305889374,137135.96305889374,137135.96305889374
2023-06-15,136764.36784309632,108890.24845959758,137824.521761282,108890.24845959758,137824.521761282,108890.24845959758,137824.521761282,111369.70155330737,133617.75125872088,130613.08335704569,136764.36784309632,136764.36784309632,136764.36784309632
2023-06-16,137879.1645650316,108893.60681576197,138947.7184585171,108893.60681576197,138947.7184585171,108893.60681576197,138947.7184585171,112276.89888568957,134706.14805828524,131677.48022718195,137879.1645650316,137879.1645650316,137879.1645650316
2023-06-19,137879.1645650316,108905.84188425512,138947.7184585171,108905.84188425512,138947.7184585171,108905.84188425512,138947.7184585171,112276.89888568957,134706.14805828524,131677.48022718195,137879.1645650316,137879.1645650316,137879.1645650316
2023-06-20,138157.86651415116,108909.20024041951,139228.52042232326,108909.20024041951,139228.52042232326,108909.20024041951,139228.52042232326,112503.7004718407,134978.24996124697,131943.582088182,138157.86651415116,138157.86651415116,138157.86651415116
2023-06-21,137743.55151260277,108912.5585965839,138811.0835639279,108912.5585965839,138811.0835639279,108912.5585965839,138811.0835639279,112166.53993236751,134573.74650978908,131547.99822771546,137743.55151260277,137743.55151260277,137743.55151260277
2023-06-26,137770.33219753427,108933.67037740581,138838.05972831146,108933.67037740581,138838.05972831146,108933.67037740581,138838.05972831146,112188.43363099765,134599.94075636443,131573.60603593464,137770.33219753427,137770.33219753427,137770.33219753427
2023-06-27,137774.59233452057,108937.0287335702,138842.35096118817,108937.0287335702,138842.35096118817,108937.0287335702,138842.35096118817,112191.91637072367,134604.1076056795,131577.67959757848,137774.59233452057,137774.59233452057,137774.59233452057
2023-06-28,137778.85247150686,108940.38708973459,138846.6421940649,108940.38708973459,138846.6421940649,108940.38708973459,138846.6421940649,112195.3991104497,134608.2744549946,131581.7531592223,137778.85247150686,137778.85247150686,137778.85247150686
2023-06-29,137783.11260849316,108943.74544589898,138850.9334269416,108943.74544589898,138850.9334269416,108943.74544589898,138850.9334269416,112198.88185017572,134612.44130430967,131585.82672086614,137783.11260849316,137783.11260849316,137783.11260849316
2023-06-30,137787.37274547946,108947.10380206337,138855.2246598183,108947.10380206337,138855.2246598183,108947.10380206337,138855.2246598183,112202.36458990174,134616.60815362475,131589.90028250997,137787.37274547946,137787.37274547946,137787.37274547946
2023-07-03,137802.89315643837,108959.33887055652,138870.85835844846,108959.33887055652,138870.85835844846,108959.33887055652,138870.85835844846,112215.05280907982,134631.78870156995,131604.74096744147,137802.89315643837,137802.89315643837,137802.89315643837
2023-07-04,137807.15329342466,108962.6972267209,138875.14959132517,108962.6972267209,138875.14959132517,108962.6972267209,138875.14959132517,112218.53554880584,134635.95555088503,131608.8145290853,137807.15329342466,137807.15329342466,137807.15329342466
2023-07-05,137811.41343041096,108966.0555828853,138879.44082420188,108966.0555828853,138879.44082420188,108966.0555828853,138879.44082420188,112222.01828853186,134640.1224002001,131612.88809072913,137811.41343041096,137811.41343041096,137811.41343041096
2023-07-06,137916.07656399487,109069.8169356473,138984.1350536762,109069.8169356473,138984.1350536762,109069.8169356473,138984.1350536762,112325.9040248555,134744.6922461128,131717.36464897057,137916.07656399487,137916.07656399487,137916.07656399487
2023-07-07,137514.7657557592,108667.60434658972,138582.85534133096,108667.60434658972,138582.85534133096,108667.60434658972,138582.85534133096,111923.78472346916,134343.2570543155,131315.83616950203,137514.7657557592,137514.7657557592,137514.7657557592
2023-07-10,137782.8295878212,108798.96676347897,138855.53502449792,108798.96676347897,138855.53502449792,108798.96676347897,138855.53502449792,112071.81490062513,134596.5728203758,131555.30438224738,137782.8295878212,137782.8295878212,137782.8295878212
2023-07-11,138400.23390567704,109285.87016866848,139477.439373825,109285.87016866848,139477.439373825,109285.87016866848,139477.439373825,112574.0184128169,135199.57703752362,132144.80850498145,138400.23390567704,138400.23390567704,138400.23390567704
2023-07-12,140664.03338230058,111071.16975591824,141757.73884663385,111071.16975591824,141757.73884663385,111071.16975591824,141757.73884663385,114415.41798709669,137410.57652635418,134306.3080052561,140664.03338230058,140664.03338230058,140664.03338230058
2023-07-13,139635.0425413887,110259.67697904751,140721.24807247918,110259.67697904751,140721.24807247918,110259.67697904751,140721.24807247918,113578.42543720045,136405.58547181927,133323.8167504496,139635.0425413887,139635.0425413887,139635.0425413887
2023-07-14,139703.6375693123,110313.77305792019,140790.34306416314,110313.77305792019,140790.34306416314,110313.77305792019,140790.34306416314,113634.22139285841,136472.58061570965,133389.31200305885,139703.6375693123,139703.6375693123,139703.6375693123
2023-07-17,141075.63626087114,111395.77202604458,142172.34174618524,111395.77202604458,142172.34174618524,111395.77202604458,142172.34174618524,114750.22032855787,137812.57933778607,134699.3107537455,141075.63626087114,141075.63626087114,141075.63626087114
2023-07-18,141281.4377001564,111558.07316110775,142379.64319596093,111558.07316110775,142379.64319596093,111558.07316110775,142379.64319596093,114917.62149928846,138013.580743502,134895.81212799018,141281.4377001564,141281.4377001564,141281.4377001564
2023-07-19,144505.63298976823,114100.76944635555,145627.33845124047,114100.76944635555,145627.33845124047,114100.76944635555,145627.33845124047,117540.21766780653,141162.5761429771,137974.3076304621,144505.63298976823,144505.63298976823,144505.63298976823
2023-07-20,145534.64018619462,114912.27512167141,146663.84570011895,114912.27512167141,146663.84570011895,114912.27512167141,146663.84570011895,118377.22352145948,142167.58317155682,138956.81450168556,145534.64018619462,145534.64018619462,145534.64018619462
2023-07-21,144299.83155048295,113938.46831129238,145420.03700146478,113938.46831129238,145420.03700146478,113938.46831129238,145420.03700146478,117372.81649707594,140961.57473726117,137777.80625621742,144299.83155048295,144299.83155048295,144299.83155048295
2023-07-24,144574.24437320634,114154.87842367336,145696.44991764825,114154.87842367336,145696.44991764825,114154.87842367336,145696.44991764825,117596.0269272212,141229.5872609123,138039.8184994883,144574.24437320634,144574.24437320634,144574.24437320634
2023-07-25,147249.6303728859,116264.76738260433,148391.33581528466,116264.76738260433,148391.33581528466,116264.76738260433,148391.33581528466,119772.21553920546,143842.57358712994,140594.3051318354,147249.6303728859,147249.6303728859,147249.6303728859
2023-07-26,148278.6375693123,117076.27305792019,149427.84306416314,117076.27305792019,149427.84306416314,117076.27305792019,149427.84306416314,120609.22139285841,144847.58061570965,141576.81200305885,148278.6375693123,148278.6375693123,148278.6375693123
2023-07-27,149993.6441115181,118428.77821729824,151155.34965405267,118428.77821729824,151155.34965405267,118428.77821729824,151155.34965405267,122004.2267143611,146522.58700532757,143214.31824962562,149993.6441115181,149993.6441115181,149993.6441115181
2023-07-28,148278.6375693123,117076.27305792019,149427.84306416314,117076.27305792019,149427.84306416314,117076.27305792019,149427.84306416314,120609.22139285841,144847.58061570965,141576.81200305885,148278.6375693123,148278.6375693123,148278.6375693123
2023-07-31,147592.63822353288,116535.273573858,148736.8437231521,116535.273573858,148736.8437231521,116535.273573858,148736.8437231521,120051.22192500868,144177.58125467144,140921.81262771552,147592.63822353288,147592.63822353288,147592.63822353288
2023-08-01,149101.8433264534,117725.47759817287,150257.04886326593,117725.47759817287,150257.04886326593,117725.47759817287,150257.04886326593,121278.82607578077,145651.58623857342,142362.8175000376,149101.8433264534,149101.8433264534,149101.8433264534
2023-08-02,149444.83482158586,117995.9708909814,150602.54029640954,117995.9708909814,150602.54029640954,117995.9708909814,150602.54029640954,121557.81915782728,145986.57793207013,142690.3093795008,149444.83482158586,149444.83482158586,149444.83482158586
2023-08-03,147729.84463489457,116643.47863004848,148875.05018124383,116643.47863004848,148875.05018124383,116643.47863004848,148875.05018124383,120162.82714008131,144311.587516497,141052.81874935096,147729.84463489457,147729.84463489457,147729.84463489457
2023-08-04,149239.03338230058,117833.66975591824,150395.23884663385,117833.66975591824,150395.23884663385,117833.66975591824,150395.23884663385,121390.41798709669,145785.57652635418,142493.8080052561,149239.03338230058,149239.03338230058,149239.03338230058
2023-08-07,147592.63822353288,116535.273573858,148736.8437231521,116535.273573858,148736.8437231521,116535.273573858,148736.8437231521,120051.22192500868,144177.58125467144,140921.81262771552,147592.63822353288,147592.63822353288,147592.63822353288
2023-08-08,146975.23390567704,116048.37016866848,148114.939373825,116048.37016866848,148114.939373825,116048.37016866848,148114.939373825,119549.0184128169,143574.57703752362,140332.30850498145,146975.23390567704,146975.23390567704,146975.23390567704
2023-08-09,150062.2391394417,118482.87429617092,151224.44464573663,118482.87429617092,151224.44464573663,118482.87429617092,151224.44464573663,122060.02267001905,146589.58214921795,143279.81350223487,150062.2391394417,150062.2391394417,150062.2391394417
2023-08-10,150268.04057872697,118645.17543123409,151431.74609551232,118645.17543123409,151431.74609551232,118645.17543123409,151431.74609551232,122227.42384074965,146790.5835549339,143476.31487647956,150268.04057872697,150268.04057872697,150268.04057872697
2023-08-11,151365.64280307695,119510.77718542263,152537.34833607476,119510.77718542263,152537.34833607476,119510.77718542263,152537.34833607476,123120.22565006056,147862.585727404,144524.31700031227,151365.64280307695,151365.64280307695,151365.64280307695
2023-08-14,152257.44358814164,120214.077804548,153435.6491268615,120214.077804548,153435.6491268615,120214.077804548,153435.6491268615,123845.62628864088,148733.58649415814,145375.81774990028,152257.44358814164,152257.44358814164,152257.44358814164
2023-08-15,153492.2358683388,121187.8717164819,154679.44135079187,121187.8717164819,154679.44135079187,121187.8717164819,154679.44135079187,124850.02000926771,149939.578954409,146554.8103789515,153492.2358683388,153492.2358683388,153492.2358683388
2023-08-16,153286.4344290535,121025.57058141872,154472.13990101617,121025.57058141872,154472.13990101617,121025.57058141872,154472.13990101617,124682.61883853712,149738.57754869305,146358.3090047068,153286.4344290535,153286.4344290535,153286.4344290535
2023-08-17,155756.03534496232,122973.17130373165,156959.7408236007,122973.17130373165,156959.7408236007,122973.17130373165,156959.7408236007,126691.4195835475,152150.57844323956,148716.30987922614,155756.03534496232,155756.03534496232,155756.03534496232
2023-08-18,157539.63691509172,124379.77254198238,158756.3424051742,124379.77254198238,158756.3424051742,124379.77254198238,158756.3424051742,128142.22086070814,153892.57997674786,150419.31137840217,157539.63691509172,157539.63691509172,157539.63691509172
2023-08-21,160763.83220470353,126922.46882723019,162004.03766045373,126922.46882723019,162004.03766045373,126922.46882723019,162004.03766045373,130764.81702922621,157041.57537622296,153497.8068808741,160763.83220470353,160763.83220470353,160763.83220470353
2023-08-22,155893.24175632402,123081.37635992214,157097.94728169244,123081.37635992214,157097.94728169244,123081.37635992214,157097.94728169244,126803.02479862013,152284.58470506512,148847.31600086158,155893.24175632402,155893.24175632402,155893.24175632402
2023-08-23,155756.03534496232,122973.17130373165,156959.7408236007,122973.17130373165,156959.7408236007,122973.17130373165,156959.7408236007,126691.4195835475,152150.57844323956,148716.30987922614,155756.03534496232,155756.03534496232,155756.03534496232
2023-08-24,156853.6375693123,123838.77305792019,158065.34306416314,123838.77305792019,158065.34306416314,123838.77305792019,158065.34306416314,127584.22139285841,153222.58061570965,149764.31200305885,156853.6375693123,156853.6375693123,156853.6375693123
2023-08-25,160146.44424236222,126435.5783204858,161382.14978585046,126435.5783204858,161382.14978585046,126435.5783204858,161382.14978585046,130262.62682079115,156438.58713311993,152908.31837455695,160146.44424236222,160146.44424236222,160146.44424236222
2023-08-28,161724.24437320634,127679.87842367336,162971.44991764825,127679.87842367336,162971.44991764825,127679.87842367336,162971.44991764825,131546.02692722122,157979.5872609123,154414.8184994883,161724.24437320634,161724.24437320634,161724.24437320634
2023-08-29,162753.2352141182,128491.37120054409,164007.9406918029,128491.37120054409,164007.9406918029,128491.37120054409,164007.9406918029,132383.01947711746,158984.5783154472,155397.3097542948,162753.2352141182,162753.2352141182,162753.2352141182
2023-08-30,162410.24371898576,128220.87790773556,163662.4492586593,128220.87790773556,163662.4492586593,128220.87790773556,163662.4492586593,132104.02639507095,158649.5866219505,155069.8178748316,162410.24371898576,162410.24371898576,162410.24371898576
2023-08-31,162753.2352141182,128491.37120054409,164007.9406918029,128491.37120054409,164007.9406918029,128491.37120054409,164007.9406918029,132383.01947711746,158984.5783154472,155397.3097542948,162753.2352141182,162753.2352141182,162753.2352141182
2023-09-01,161038.2286719124,127138.86604116604,162280.4341019134,127138.86604116604,162280.4341019134,127138.86604116604,162280.4341019134,130988.01415561476,157309.57192582928,153759.80350772804,161038.2286719124,161038.2286719124,161038.2286719124
2023-09-04,158088.42984950944,124812.56696985409,159309.1352880935,124812.56696985409,159309.1352880935,124812.56696985409,159309.1352880935,128588.61511348524,154428.5730759605,150943.30463211006,158088.42984950944,158088.42984950944,158088.42984950944
2023-09-05,159803.43639171525,126165.07212923214,161036.64187798303,126165.07212923214,161036.64187798303,126165.07212923214,161036.64187798303,129983.62043498793,156103.57946557843,152580.81087867683,159803.43639171525,159803.43639171525,159803.43639171525
2023-09-06,162273.03730762406,128112.67285154507,163524.24280056756,128112.67285154507,163524.24280056756,128112.67285154507,163524.24280056756,131992.42117999832,158515.58036012494,154938.81175319618,162273.03730762406,162273.03730762406,162273.03730762406
2023-09-07,162478.83874690934,128274.97398660824,163731.54425034326,128274.97398660824,163731.54425034326,128274.97398660824,163731.54425034326,132159.8223507289,158716.58176584088,155135.31312744087,162478.83874690934,162478.83874690934,162478.83874690934
2023-09-08,159460.42854106828,125894.56593797848,160691.1339701156,125894.56593797848,160691.1339701156,125894.56593797848,160691.1339701156,129704.6140491847,155768.57179803692,152253.3033827967,159460.42854106828,159460.42854106828,159460.42854106828
2023-09-11,161038.2286719124,127138.86604116604,162280.4341019134,127138.86604116604,162280.4341019134,127138.86604116604,162280.4341019134,130988.01415561476,157309.57192582928,153759.80350772804,161038.2286719124,161038.2286719124,161038.2286719124
2023-09-12,159254.64345729753,125732.27770136044,160483.84899506372,125732.27770136044,160483.84899506372,125732.27770136044,160483.84899506372,129537.22618221083,155567.58636636578,152056.81762496894,159254.64345729753,159254.64345729753,159254.64345729753
2023-09-13,156716.4311579506,123730.5680017297,157927.1366060714,123730.5680017297,157927.1366060714,123730.5680017297,157927.1366060714,127472.61617778578,153088.5743538841,149633.3058814234,156716.4311579506,156716.4311579506,156716.4311579506
2023-09-14,155893.24175632402,123081.37635992214,157097.94728169244,123081.37635992214,157097.94728169244,123081.37635992214,157097.94728169244,126803.02479862013,152284.58470506512,148847.31600086158,155893.24175632402,155893.24175632402,155893.24175632402
2023-09-15,159186.03207385942,125678.16872404263,160414.73752865594,125678.16872404263,160414.73752865594,125678.16872404263,160414.73752865594,129481.41692279615,155500.5752484306,151991.30675594276,159186.03207385942,159186.03207385942,159186.03207385942
2023-09-18,157951.23979366227,124704.37481210873,159170.94530472558,124704.37481210873,159170.94530472558,124704.37481210873,159170.94530472558,128477.02320216932,154294.58278817974,150812.31412689155,157951.23979366227,157951.23979366227,157951.23979366227
2023-09-19,154452.63168132707,121945.26841447994,155646.83713326257,121945.26841447994,155646.83713326257,121945.26841447994,155646.83713326257,125631.21660350599,150877.57486505352,147471.80638114875,154452.63168132707,154452.63168132707,154452.63168132707
2023-09-20,156167.63822353288,123297.773573858,157374.3437231521,123297.773573858,157374.3437231521,123297.773573858,157374.3437231521,127026.22192500868,152552.58125467144,149109.31262771552,156167.63822353288,156167.63822353288,156167.63822353288
2023-09-21,154589.83809268876,122053.47347067043,155785.0435913543,122053.47347067043,155785.0435913543,122053.47347067043,155785.0435913543,125742.82181857862,151011.5811268791,147602.8125027842,154589.83809268876,154589.83809268876,154589.83809268876
2023-09-22,155138.6310271065,122486.26789854214,156337.83647427362,122486.26789854214,156337.83647427362,122486.26789854214,156337.83647427362,126189.21607135572,151547.57422609173,148126.80575649207,155138.6310271065,155138.6310271065,155138.6310271065
2023-09-25,154589.83809268876,122053.47347067043,155785.0435913543,122053.47347067043,155785.0435913543,122053.47347067043,155785.0435913543,125742.82181857862,151011.5811268791,147602.8125027842,154589.83809268876,154589.83809268876,154589.83809268876
2023-09-26,155933.4940292742,123113.12049937705,157138.4929385563,123113.12049937705,157138.4929385563,123113.12049937705,157138.4929385563,126835.76644338138,152323.89814949172,148885.74929354727,155933.4940292742,155933.4940292742,155933.4940292742
2023-09-27,155938.3138922879,123116.9452938976,157143.37499335082,123116.9452938976,157143.37499335082,123116.9452938976,157143.37499335082,126839.68452557316,152328.6247248342,148890.35148532808,155938.3138922879,155938.3138922879,155938.3138922879
2023-09-28,155943.1337553016,123120.77008841815,157148.25704814534,123120.77008841815,157148.25704814534,123120.77008841815,157148.25704814534,126843.60260776494,152333.35130017667,148894.9536771089,155943.1337553016,155943.1337553016,155943.1337553016
2023-10-09,156011.65224845227,123175.14282814418,157217.65965088506,123175.14282814418,157217.65965088506,123175.14282814418,157217.65965088506,126899.30151187454,152400.5436289438,148960.37778669794,156011.65224845227,156011.65224845227,156011.65224845227
2023-10-10,156016.50320735638,123178.96762266473,157222.54170567958,123178.96762266473,157222.54170567958,123178.96762266473,157222.54170567958,126903.21959406632,152405.27020428627,148964.97997847875,156016.50320735638,156016.50320735638,156016.50320735638
2023-10-11,156021.35416626048,123182.79241718528,157227.4237604741,123182.79241718528,157227.4237604741,123182.79241718528,157227.4237604741,126907.1376762581,152409.99677962874,148969.58217025956,156021.35416626048,156021.35416626048,156021.35416626048
2023-10-12,156026.2051251646,123186.61721170583,157232.30581526863,123186.61721170583,157232.30581526863,123186.61721170583,157232.30581526863,126911.05575844989,152414.7233549712,148974.18436204037,156026.2051251646,156026.2051251646,156026.2051251646
2023-10-13,156031.0560840687,123190.44200622638,157237.18787006315,123190.44200622638,157237.18787006315,123190.44200622638,157237.18787006315,126914.97384064167,152419.44993031368,148978.78655382118,156031.0560840687,156031.0560840687,156031.0560840687
2023-10-16,156048.72896078104,123204.37638978803,157254.9740344467,123204.37638978803,157254.9740344467,123204.37638978803,157254.9740344467,126929.24808721701,152436.66965634108,148995.55312916363,156048.72896078104,156048.72896078104,156048.72896078104
2023-10-17,156053.57991968514,123208.20118430858,157259.85608924122,123208.20118430858,157259.85608924122,123208.20118430858,157259.85608924122,126933.1661694088,152441.39623168355,149000.15532094444,156053.57991968514,156053.57991968514,156053.57991968514
2023-10-18,156058.43087858925,123212.02597882913,157264.73814403574,123212.02597882913,157264.73814403574,123212.02597882913,157264.73814403574,126937.08425160058,152446.12280702603,149004.75751272525,156058.43087858925,156058.43087858925,156058.43087858925
2023-10-19,156063.28183749336,123215.85077334968,157269.62019883026,123215.85077334968,157269.62019883026,123215.85077334968,157269.62019883026,126941.00233379236,152450.8493823685,149009.39080039648,156063.28183749336,156063.28183749336,156063.28183749336
2023-10-20,156068.13279639746,123219.67556787023,157274.50225362479,123219.67556787023,157274.50225362479,123219.67556787023,157274.50225362479,126944.92041598415,152455.57595771097,149014.0240880677,156068.13279639746,156068.13279639746,156068.13279639746
2023-10-23,156085.8056731098,123233.60995143188,157292.28841800833,123233.60995143188,157292.28841800833,123233.60995143188,157292.28841800833,126959.19466255949,152472.79568373837,149030.9039510814,156085.8056731098,156085.8056731098,156085.8056731098
2023-10-24,156090.6566320139,123237.43474595243,157297.17047280286,123237.43474595243,157297.17047280286,123237.43474595243,157297.17047280286,126963.11274475127,152477.52225908084,149035.53723875261,156090.6566320139,156090.6566320139,156090.6566320139
2023-10-25,156095.50759091802,123241.25954047298,157302.05252759738,123241.25954047298,157302.05252759738,123241.25954047298,157302.05252759738,126967.03082694305,152482.2488344233,149040.17052642384,156095.50759091802,156095.50759091802,156095.50759091802
2023-10-26,156100.35854982212,123245.08433499353,157306.9345823919,123245.08433499353,157306.9345823919,123245.08433499353,157306.9345823919,126970.94890913484,152486.9754097658,149044.80381409507,156100.35854982212,156100.35854982212,156100.35854982212
2023-10-27,156105.20950872623,123248.90912951408,157311.81663718642,123248.90912951408,157311.81663718642,123248.90912951408,157311.81663718642,126974.86699132662,152491.70198510826,149049.4371017663,156105.20950872623,156105.20950872623,156105.20950872623
2023-10-30,156122.88238543857,123262.84351307573,157329.60280156997,123262.84351307573,157329.60280156997,123262.84351307573,157329.60280156997,126989.14123790196,152508.92171113566,149066.31696477998,156122.88238543857,156122.88238543857,156122.88238543857
2023-10-31,156127.73334434268,123266.66830759628,157334.4848563645,123266.66830759628,157334.4848563645,123266.66830759628,157334.4848563645,126993.05932009374,152513.64828647813,149070.9502524512,156127.73334434268,156127.73334434268,156127.73334434268
2023-11-01,156132.58430324678,123270.49310211683,157339.366911159,123270.49310211683,157339.366911159,123270.49310211683,157339.366911159,126996.97740228553,152518.3748618206,149075.58354012243,156132.58430324678,156132.58430324678,156132.58430324678
2023-11-02,156137.4352621509,123274.31789663738,157344.24896595353,123274.31789663738,157344.24896595353,123274.31789663738,157344.24896595353,127000.89548447731,152523.10143716307,149080.21682779366,156137.4352621509,156137.4352621509,156137.4352621509
2023-11-03,156142.286221055,123278.14269115793,157349.13102074806,123278.14269115793,157349.13102074806,123278.14269115793,157349.13102074806,127004.8135666691,152527.82801250555,149084.85011546488,156142.286221055,156142.286221055,156142.286221055
2023-11-06,156159.95909776734,123292.07707471958,157366.9171851316,123292.07707471958,157366.9171851316,123292.07707471958,157366.9171851316,127019.20110091567,152545.04773853294,149101.72997847857,156159.95909776734,156159.95909776734,156159.95909776734
2023-11-07,154855.5304051657,121986.62221773437,156062.51958842037,121986.62221773437,156062.51958842037,121986.62221773437,156062.51958842037,125713.8706274921,151240.49466236966,147797.08361464404,154855.5304051657,154855.5304051657,154855.5304051657
2023-11-08,155545.562128302,122523.43383210649,156758.10900319277,122523.43383210649,156758.10900319277,122523.43383210649,156758.10900319277,126267.81153541252,151913.4281878481,148454.16321482317,155545.562128302,155545.562128302,155545.562128302
2023-11-09,154366.0672705139,121594.53788178909,155569.5141850775,121594.53788178909,155569.5141850775,121594.53788178909,155569.5141850775,125310.91570716543,150761.93320798967,147328.56812204968,154366.0672705139,154366.0672705139,154366.0672705139
2023-11-10,152007.0675115551,119736.73807161798,153192.3144279784,119736.73807161798,153192.3144279784,119736.73807161798,153192.3144279784,123397.11590271637,148458.93344330884,145077.36835207598,152007.0675115551,152007.0675115551,152007.0675115551
2023-11-13,150827.56261038434,118807.83421176422,152003.70948899444,118807.83421176422,152003.70948899444,118807.83421176422,152003.70948899444,122440.21192651434,147307.42865848634,143951.7636748756,150827.56261038434,150827.56261038434,150827.56261038434
2023-11-14,152007.0675115551,119736.73807161798,153192.3144279784,119736.73807161798,153192.3144279784,119736.73807161798,153192.3144279784,123397.11590271637,148458.93344330884,145077.36835207598,152007.0675115551,152007.0675115551,152007.0675115551
2023-11-15,153523.5680739845,120931.038514552,154720.514994747,120931.038514552,154720.514994747,120931.038514552,154720.514994747,124627.41635900183,149939.4339923868,146524.56888880383,153523.5680739845,153523.5680739845,153523.5680739845
2023-11-16,150490.56694912564,118542.43762868393,151664.1138612097,118542.43762868393,151664.1138612097,118542.43762868393,151664.1138612097,122166.81544643088,146978.43289423082,143630.16781534802,150490.56694912564,150490.56694912564,150490.56694912564
2023-11-17,150659.064779755,118675.13592022407,151833.91167510208,118675.13592022407,151833.91167510208,118675.13592022407,151833.91167510208,122303.51368647261,147142.93077635858,143790.9657451118,150659.064779755,150659.064779755,150659.064779755
2023-11-20,150659.064779755,118675.13592022407,151833.91167510208,118675.13592022407,151833.91167510208,118675.13592022407,151833.91167510208,122303.51368647261,147142.93077635858,143790.9657451118,150659.064779755,150659.064779755,150659.064779755
2023-11-21,150153.5612444843,118277.03313606727,151324.5081125563,118277.03313606727,151324.5081125563,118277.03313606727,151324.5081125563,121893.41081839247,146649.42732501123,143308.56237139355,150153.5612444843,150153.5612444843,150153.5612444843
2023-11-22,147120.5701630081,115888.44015973556,148268.1170998877,115888.44015973556,148268.1170998877,115888.44015973556,148268.1170998877,119432.81805377646,143688.43603181932,140414.17088236462,147120.5701630081,147120.5701630081,147120.5701630081
2023-11-23,149479.5699219669,117746.23996990669,150645.31685698684,117746.23996990669,150645.31685698684,117746.23996990669,150645.31685698684,121346.61785822554,145991.43579650018,142665.37065233837,149479.5699219669,149479.5699219669,149479.5699219669
2023-11-24,148300.06502079617,116817.33611005294,149456.71191800293,116817.33611005294,149456.71191800293,116817.33611005294,149456.71191800293,120389.71388202353,144839.93101167772,141539.76597513806,148300.06502079617,148300.06502079617,148300.06502079617
2023-11-27,148637.07072543752,117082.7406026696,149796.31766665634,117082.7406026696,149796.31766665634,117082.7406026696,149796.31766665634,120663.11851006193,145168.9365808973,141861.37141909252,148637.07072543752,148637.07072543752,148637.07072543752
2023-11-28,147922.77809766599,116470.4101180175,149096.32500975003,116470.4101180175,149096.32500975003,116470.4101180175,149096.32500975003,120028.24278934927,144410.64404277113,141090.66065111483,147922.77809766599,147922.77809766599,147922.77809766599
2023-11-29,147396.08106695855,115980.29162392224,148562.60405181773,115980.29162392224,148562.60405181773,115980.29162392224,148562.60405181773,119538.24867881567,143905.55909583258,140601.31955427985,147396.08106695855,147396.08106695855,147396.08106695855
2023-11-30,148080.81474912376,116664.06133348471,149247.3688298734,116664.06133348471,149247.3688298734,116664.06133348471,149247.3688298734,120222.11167604936,144590.16839443613,141285.83556521218,148080.81474912376,148080.81474912376,148080.81474912376
2023-12-01,146854.1725573219,115471.09142788709,148020.7577339619,115471.09142788709,148020.7577339619,115471.09142788709,148020.7577339619,119006.91391355846,143363.4018190726,140058.9757021774,146854.1725573219,146854.1725573219,146854.1725573219
2023-12-04,145382.73412843037,114437.08793171703,146532.7185951775,114437.08793171703,146532.7185951775,114437.08793171703,146532.7185951775,117941.01030952783,141943.97508123296,138689.6909570302,145382.73412843037,145382.73412843037,145382.73412843037
2023-12-05,141412.89414179433,111432.44763017772,142528.67861969944,111432.44763017772,142528.67861969944,111432.44763017772,142528.67861969944,114826.17004394204,138080.53505988317,134928.85090220644,141412.89414179433,141412.89414179433,141412.89414179433
2023-12-06,141954.76509002308,111796.51935355294,143076.84954046234,111796.51935355294,143076.84954046234,111796.51935355294,143076.84954046234,115210.54167881628,138602.80609356114,135432.22201828184,141954.76509002308,141954.76509002308,141954.76509002308
2023-12-07,140646.88659204237,110869.89886196377,141755.47105535626,110869.89886196377,141755.47105535626,110869.89886196377,141755.47105535626,114240.42122871193,137337.18592526755,134206.843441623,140646.88659204237,140646.88659204237,140646.88659204237
2023-12-08,143024.38794690193,112611.03915402194,144155.41072151798,112611.03915402194,144155.41072151798,112611.03915402194,144155.41072151798,116054.12311886888,139643.32567849974,136446.84492761278,143024.38794690193,143024.38794690193,143024.38794690193
2023-12-11,143829.6962457207,113257.40866390643,144968.6190318762,113257.40866390643,144968.6190318762,113257.40866390643,144968.6190318762,116678.73105595898,140426.2339319236,137208.153137263,143829.6962457207,143829.6962457207,143829.6962457207
2023-12-12,144996.08386287323,114413.90909282146,146141.30668712803,114413.90909282146,146141.30668712803,114413.90909282146,146141.30668712803,117858.02392933916,141575.82143158346,138341.54052362635,144996.08386287323,144996.08386287323,144996.08386287323
2023-12-13,146540.8304018854,115698.90786734996,147688.1336824841,115698.90786734996,147688.1336824841,115698.90786734996,147688.1336824841,119182.02266667437,143117.366962066,139879.97206994248,146540.8304018854,146540.8304018854,146540.8304018854
2023-12-14,148331.63645695438,117112.4126466888,149492.13978218503,117112.4126466888,149492.13978218503,117112.4126466888,149492.13978218503,120638.42759106707,144866.37287580044,141589.37784978104,148331.63645695438,148331.63645695438,148331.63645695438
2023-12-15,146540.8304018854,115698.90786734996,147688.1336824841,115698.90786734996,147688.1336824841,115698.90786734996,147688.1336824841,119182.02266667437,143117.366962066,139879.97206994248,146540.8304018854,146540.8304018854,146540.8304018854
2023-12-18,147517.63723324527,116469.91325942455,148672.14056419797,116469.91325942455,148672.14056419797,116469.91325942455,148672.14056419797,119976.42822239947,144071.37363397153,140812.378590786,147517.63723324527,147517.63723324527,147517.63723324527
2023-12-19,148331.63645695438,117112.4126466888,149492.13978218503,117112.4126466888,149492.13978218503,117112.4126466888,149492.13978218503,120638.42759106707,144866.37287580044,141589.37784978104,148331.63645695438,148331.63645695438,148331.63645695438
2023-12-20,148820.03016899814,117497.90768352924,149984.13344788022,117497.90768352924,149984.13344788022,117497.90768352924,149984.13344788022,121035.62247727465,145343.36673461468,142055.571847641,148820.03016899814,148820.03016899814,148820.03016899814
2023-12-21,146866.43591355078,115955.91221777379,148016.139234776,115955.91221777379,148016.139234776,115955.91221777379,148016.139234776,119446.8271491344,143435.37234508072,140190.7773310776,146866.43591355078,146866.43591355078,146866.43591355078
2023-12-22,147680.4351372599,116598.41160503804,148836.13845276306,116598.41160503804,148836.13845276306,116598.41160503804,148836.13845276306,120108.82651780201,144230.37158690963,140967.77659007267,147680.4351372599,147680.4351372599,147680.4351372599
2023-12-25,147843.23304127448,116726.90995065152,149000.13634132812,116726.90995065152,149000.13634132812,116726.90995065152,149000.13634132812,120241.22481320454,144389.3695398477,141123.17458935932,147843.23304127448,147843.23304127448,147843.23304127448
2023-12-26,148820.03016899814,117497.90768352924,149984.13344788022,117497.90768352924,149984.13344788022,117497.90768352924,149984.13344788022,121035.62247727465,145343.36673461468,142055.571847641,148820.03016899814,148820.03016899814,148820.03016899814
2023-12-27,149471.2314886927,118011.90872518002,150640.13477730224,118011.90872518002,150640.13477730224,118011.90872518002,150640.13477730224,121565.22355053974,145979.36802350555,142677.17310734943,149471.2314886927,149471.2314886927,149471.2314886927
2023-12-28,148982.83777664887,117626.41368833955,150148.141111607,117626.41368833955,150148.141111607,117626.41368833955,150148.141111607,121168.02866433213,145502.37416469125,142210.97910948942,148982.83777664887,148982.83777664887,148982.83777664887
2023-12-29,148820.03016899814,117497.90768352924,149984.13344788022,117497.90768352924,149984.13344788022,117497.90768352924,149984.13344788022,121035.62247727465,145343.36673461468,142055.571847641,148820.03016899814,148820.03016899814,148820.03016899814
2024-01-02,148331.63645695438,117112.4126466888,149492.13978218503,117112.4126466888,149492.13978218503,117112.4126466888,149492.13978218503,120638.42759106707,144866.37287580044,141589.37784978104,148331.63645695438,148331.63645695438,148331.63645695438
2024-01-03,145889.63878582706,115184.91448489604,147032.14212822384,115184.91448489604,147032.14212822384,115184.91448489604,147032.14212822384,118652.42948506426,142481.3751503137,139258.38007279587,145889.63878582706,145889.63878582706,145889.63878582706
2024-01-04,145238.43746613254,114670.91344324527,146376.14079880185,114670.91344324527,146376.14079880185,114670.91344324527,146376.14079880185,118122.82841179919,141845.37386142285,138636.77881308747,145238.43746613254,145238.43746613254,145238.43746613254
2024-01-05,144092.36010912442,113766.32230156694,145221.47047635738,113766.32230156694,145221.47047635738,113766.32230156694,145221.47047635738,117190.65839342157,140726.01004596005,137542.79588139788,144092.36010912442,144092.36010912442,144092.36010912442
2024-01-08,143661.16198900723,113426.12378472123,144786.07237455074,113426.12378472123,144786.07237455074,113426.12378472123,144786.07237455074,116839.259925404,140304.61188311825,137131.19767583147,143661.16198900723,143661.16198900723,143661.16198900723
2024-01-09,143630.36422136807,113401.82554596696,144754.97462865536,113401.82554596696,144754.97462865536,113401.82554596696,144754.97462865536,116814.16174463312,140274.51406474362,137101.79980672136,143630.36422136807,143630.36422136807,143630.36422136807
2024-01-10,143075.96034410977,112964.42248696122,144195.17071363155,112964.42248696122,144195.17071363155,112964.42248696122,144195.17071363155,116362.35858491938,139732.71027560483,136572.59610570208,143075.96034410977,143075.96034410977,143075.96034410977
2024-01-11,143075.96034410977,112964.42248696122,144195.17071363155,112964.42248696122,144195.17071363155,112964.42248696122,144195.17071363155,116362.35858491938,139732.71027560483,136572.59610570208,143075.96034410977,143075.96034410977,143075.96034410977
2024-01-12,143537.95623186612,113328.9192425612,144661.66656133358,113328.9192425612,144661.66656133358,113328.9192425612,144661.66656133358,116738.85523370783,140184.20625682126,137013.5921803786,143537.95623186612,143537.95623186612,143537.95623186612
2024-01-15,144369.55470446133,113872.6055937467,145501.36501905147,113872.6055937467,145501.36501905147,113872.6055937467,145501.36501905147,117299.64255657792,140996.90476413022,137807.3907224013,144369.55470446133,144369.55470446133,144369.55470446133
2024-01-16,144492.76046160245,112887.00359637121,144407.04916858886,112887.00359637121,144407.04916858886,112887.00359637121,144407.04916858886,116284.44049921632,139936.81135393825,137924.99621785418,144492.76046160245,144492.76046160245,144492.76046160245
2024-01-17,143075.96034410977,112763.80518252232,144249.4511976263,112763.80518252232,144249.4511976263,112763.80518252232,144249.4511976263,116157.54213300346,139784.11331989014,136572.59610570208,143075.96034410977,143075.96034410977,143075.96034410977
2024-01-18,142613.96445635342,113010.20201022009,144564.64713955138,113010.20201022009,144564.64713955138,113010.20201022009,144564.64713955138,116411.33886542916,140089.50938798633,136131.60003102556,142613.96445635342,142613.96445635342,142613.96445635342
2024-01-19,143445.56292894864,115720.60383135658,148031.84946918703,115720.60383135658,148031.84946918703,115720.60383135658,148031.84946918703,119203.14074125887,143448.9116451904,136925.39857304827,143445.56292894864,143445.56292894864,143445.56292894864
2024-01-22,142891.15905169034,120032.59971911291,153547.84420871947,120032.59971911291,153547.84420871947,120032.59971911291,153547.84420871947,123644.63650551438,148793.406548278,136396.19487202898,142891.15905169034,142891.15905169034,142891.15905169034
2024-01-23,142619.96331067913,118554.2040663419,151656.64976978512,118554.2040663419,151656.64976978512,118554.2040663419,151656.64976978512,122121.84098330139,146961.0119364425,136137.32683276173,142619.96331067913,142619.96331067913,142619.96331067913
2024-01-24,144169.76388545864,119170.20347887852,152444.64901828975,119170.20347887852,152444.64901828975,119170.20347887852,152444.64901828975,122756.34037819503,147724.51120831215,137616.92738150593,144169.76388545864,144169.76388545864,144169.76388545864
2024-01-25,143480.96248956554,118184.60148150305,151183.84646320555,118184.60148150305,151183.84646320555,118184.60148150305,151183.84646320555,121741.13832083344,146502.90873266902,136959.32604884144,143480.96248956554,143480.96248956554,143480.96248956554
2024-01-26,145086.26707525796,116952.60265642982,149607.8479661963,116952.60265642982,149607.8479661963,116952.60265642982,149607.8479661963,120472.13953104617,144975.91018892973,138491.54335382412,145086.26707525796,145086.26707525796,145086.26707525796
2024-01-29,146383.76583786553,116867.95093872125,149499.70388096364,116867.95093872125,149499.70388096364,116867.95093872125,149499.70388096364,120384.9225351665,144871.12483314722,139730.04217269848,146383.76583786553,146383.76583786553,146383.76583786553
2024-01-30,144826.7704162175,116626.37699295275,149190.97033328243,116626.37699295275,149190.97033328243,116626.37699295275,149190.97033328243,120135.90278182957,144571.9348625585,138243.84654286335,144826.7704162175,144826.7704162175,144826.7704162175
2024-01-31,144826.7704162175,116626.37699295275,149190.97033328243,116626.37699295275,149190.97033328243,116626.37699295275,149190.97033328243,120135.90278182957,144571.9348625585,138243.84654286335,144826.7704162175,144826.7704162175,144826.7704162175
2024-02-01,144048.26497169083,115999.67261005632,148389.06472510524,115999.67261005632,148389.06472510524,115999.67261005632,148389.06472510524,119490.29826675389,143794.92942852224,137500.74134591053,144048.26497169083,144048.26497169083,144048.26497169083
2024-02-02,144048.26497169083,115999.67261005632,148389.06472510524,115999.67261005632,148389.06472510524,115999.67261005632,148389.06472510524,119490.29826675389,143794.92942852224,137500.74134591053,144048.26497169083,144048.26497169083,144048.26497169083
2024-02-05,146124.26917882508,117670.87599683992,150527.4690586967,117670.87599683992,150527.4690586967,117670.87599683992,150527.4690586967,121211.90175567601,145866.93362755026,139482.3453617377,146124.26917882508,146124.26917882508,146124.26917882508
2024-02-06,147421.76794143266,118715.3750007271,151863.96778411098,118715.3750007271,151863.96778411098,118715.3750007271,151863.96778411098,122287.90072952244,147161.93239254202,140720.84418061207,147421.76794143266,147421.76794143266,147421.76794143266
2024-02-07,146124.26917882508,117670.87599683992,150527.4690586967,117670.87599683992,150527.4690586967,117670.87599683992,150527.4690586967,121211.90175567601,145866.93362755026,139482.3453617377,146124.26917882508,146124.26917882508,146124.26917882508
2024-02-08,145345.7637342984,117044.1716139435,149725.56345051952,117044.1716139435,149725.56345051952,117044.1716139435,149725.56345051952,120566.29724060032,145089.928193514,138739.2401647849,145345.7637342984,145345.7637342984,145345.7637342984
2024-02-19,148719.26670404023,119759.87400461428,153200.46650952526,119759.87400461428,153200.46650952526,119759.87400461428,153200.46650952526,123363.89970336888,148456.93115753378,141959.34299948643,148719.26670404023,148719.26670404023,148719.26670404023
2024-02-20,149238.26002212113,120177.66862560503,153735.05962676235,120177.66862560503,153735.05962676235,120177.66862560503,153735.05962676235,123794.29416213963,148974.92448848928,142454.73662140797,149238.26002212113,149238.26002212113,149238.26002212113
2024-02-21,153649.76509543008,123728.9727096676,158279.16485256382,123728.9727096676,158279.16485256382,123728.9727096676,158279.16485256382,127452.69836936925,153377.92955202307,146665.6414640231,153649.76509543008,153649.76509543008,153649.76509543008
2024-02-22,153909.26175447053,123937.87002016298,158546.46141118236,123937.87002016298,158546.46141118236,123937.87002016298,158546.46141118236,127667.89559875462,153636.92621750082,146913.33827498386,153909.26175447053,153909.26175447053,153909.26175447053
2024-02-23,154428.27053995675,123146.7881397134,159081.070460741,124355.67709256403,159081.070460741,124355.67709256403,159081.070460741,128098.30288444493,154154.93498605932,147408.7466609759,154428.27053995675,154428.27053995675,154428.27053995675
2024-02-26,150535.7587847287,121966.45591197678,157691.48131983864,121222.1676294922,155071.55835217662,121222.1676294922,155071.55835217662,124870.29313598607,150269.92325348104,143693.23544028233,150535.7587847287,150535.7587847287,150535.7587847287
2024-02-27,150795.25544376916,121530.3492144684,157400.8138166429,120473.67036108539,155338.85491079517,121431.06493998758,155338.85491079517,125085.49036537144,150528.9199189588,143940.9322512431,150795.25544376916,150795.25544376916,150795.25544376916
2024-02-28,150535.7587847287,120375.31887842587,156183.64137376822,119582.2980390412,155071.55835217662,121222.1676294922,155071.55835217662,124870.29313598607,150269.92325348104,143693.23544028233,150535.7587847287,150535.7587847287,150535.7587847287
2024-02-29,150795.25544376916,120496.81731416158,156214.617407939,119577.07453927261,155338.85491079517,121431.06493998758,155338.85491079517,125085.49036537144,150528.9199189588,143940.9322512431,150795.25544376916,150795.25544376916,150795.25544376916
2024-03-01,151054.76757021493,119893.28004925363,155257.79802632346,118845.16611864191,155606.16740173526,121639.97470189325,155606.16740173526,125300.70042167637,150787.93202203955,144188.64382627438,151054.76757021493,151054.76757021493,151054.76757021493
2024-03-04,149497.75668116158,120540.56672246162,155574.60797544534,119124.9765441241,154002.3561853809,120386.5659361004,154002.3561853809,124009.491391525,149233.92115396704,142702.43343236874,149497.75668116158,149497.75668116158,149497.75668116158
2024-03-05,148911.36984703655,120057.31872309626,154671.3542361069,118517.72340464682,153401.4435664172,119894.41047541586,153401.4435664172,123505.60356616307,148648.4654598958,142138.0215035124,148911.36984703655,148911.36984703655,148911.36984703655
2024-03-06,149035.24755558273,120093.33481636316,154771.70663621515,118481.57222936409,153525.44565852504,119929.65837226529,153525.44565852504,123558.76690756899,148772.31207255158,142261.68154082575,149035.24755558273,149035.24755558273,149035.24755558273
2024-03-07,146106.7067266056,117776.74162831575,151589.6777945744,116196.17894957321,150491.57530322723,117616.06517539639,150491.57530322723,121175.5739153586,145850.40820293766,139492.94750526233,146106.7067266056,146106.7067266056,146106.7067266056
2024-03-08,152333.69793301314,122796.03454020292,158049.36867236963,121147.87195692318,156904.46624711208,122628.85809646267,156904.46624711208,126339.16662346941,152065.6994258676,145437.83911004348,152333.69793301314,152333.69793301314,152333.69793301314
2024-03-11,153291.69987445563,123568.23610511095,159043.1706863629,121909.673500755,157891.06824651413,123400.05965934414,157891.06824651413,127133.56823336703,153021.9013636623,146352.44096353336,153291.69987445563,153291.69987445563,153291.69987445563
2024-03-12,151854.70409994808,122409.93951108723,157552.47506975997,120766.97686085955,156411.17259815388,122243.26306090968,156411.17259815388,125941.9717372618,151587.6055812154,144980.54499759953,151854.70409994808,151854.70409994808,151854.70409994808
2024-03-13,151854.70409994808,122409.93951108723,157552.47506975997,120766.97686085955,156411.17259815388,122243.26306090968,156411.17259815388,125941.9717372618,151587.6055812154,144980.54499759953,151854.70409994808,151854.70409994808,151854.70409994808
2024-03-14,150417.7083254406,121251.64291706354,156061.7794531571,119624.28022096412,154931.27694979362,121086.46646247525,154931.27694979362,124750.37524115664,150153.30979876858,143608.64903166576,150417.7083254406,150417.7083254406,150417.7083254406
2024-03-15,153291.69987445563,123945.28829672927,159043.1706863629,122286.72569237332,157891.06824651413,123777.11185096246,157891.06824651413,127133.56823336703,153021.9013636623,146352.44096353336,153291.69987445563,153668.75206607397,153291.69987445563
2024-03-18,157123.7076402256,124179.2817123002,163018.37874233595,122517.19327979535,161837.4762441223,124010.74842802758,161837.4762441223,130311.17467295748,156846.70911484104,150010.84837749286,157123.7076402256,153965.310973113,157123.7076402256
2024-03-19,157602.7014732906,123318.98546291055,163515.27234494555,121668.79697852582,162330.76989308052,123151.85217253442,162330.76989308052,130708.36955916503,157324.8029594932,150468.14248993676,157602.7014732906,152898.5156239919,157602.7014732906
2024-03-20,157123.7076402256,123196.07971978848,163018.37874233595,121547.59131484482,161837.4762441223,123029.14643875835,161837.4762441223,130311.17467295748,156846.70911484104,150010.84837749286,157123.7076402256,152746.10850233358,157123.7076402256
2024-03-21,155686.69759040562,123687.68804145517,161527.66831695903,122032.39952140301,160357.56589427643,123519.95474688287,160357.56589427643,129119.5663393698,155412.39908390382,148638.938782957,155686.69759040562,153355.71882147115,155686.69759040562
2024-03-22,155207.7037573406,120492.2852284974,161030.77471434942,118881.19674735516,159864.27224531822,120329.75193850274,159864.27224531822,128722.37145316225,154934.30523925167,148181.6446705131,155207.7037573406,149393.31533331197,155207.7037573406
2024-03-25,150896.70215850562,121229.6830601758,156558.67305576673,119608.39460902661,155424.57059875183,121065.94977370973,155424.57059875183,125147.57012736422,150631.40364342075,144065.94314410968,150896.70215850562,150307.7126445226,150896.70215850562
2024-03-26,148980.69827562064,120983.88622475328,154571.0690277802,119365.99772983044,153451.36659994774,120820.55293313737,153451.36659994774,123558.76690756899,148718.99976783138,142236.73943712993,148980.69827562064,150002.91656870168,148980.69827562064
2024-03-27,144893.49401443818,119263.28640056314,150267.51722946964,117669.19790320843,149191.01478189614,119102.75310866113,149191.01478189614,120453.1621978258,144642.59550171363,138409.93505695273,144893.49401443818,147869.31678671163,144893.49401443818
2024-03-28,147396.21063363846,121475.47989559828,152853.65485349577,119850.79148822275,151758.9022295036,121311.34661428205,151758.9022295036,122583.55067934106,147142.7044888013,140815.0247775791,147396.21063363846,150612.50872034347,147396.21063363846
2024-03-29,152465.60757649242,125654.07737565698,158113.45168152734,123971.58900313824,156977.89908213998,125483.14409844155,156977.89908213998,126799.54813684535,152205.30143575606,145660.02185575943,152465.60757649242,155794.10559553426,152465.60757649242
2024-04-01,155447.62250674068,128112.0896823472,161207.4671725361,126395.6011395976,160047.91445298577,127937.15638510461,160047.91445298577,129279.56055368495,155183.31634597716,148510.0361251114,155447.62250674068,158842.12085623067,155447.62250674068
2024-04-02,157087.7102781564,129463.97960258188,162909.15448466226,127728.79119925946,161736.40186353112,129286.84632174249,161736.40186353112,130643.55038370204,156821.20413379607,150077.52443783265,157087.7102781564,160518.5083569936,157087.7102781564
2024-04-03,162455.31226885616,133888.3812434739,168478.3565501301,132091.99281745404,167262.40391297723,133704.04795996423,167262.40391297723,135107.55203928065,162181.60612182555,155207.5263404129,162455.31226885616,166004.91039175313,162455.31226885616
2024-04-08,162008.00914061366,133519.6786649293,168014.25330439492,131728.39027457684,166801.90069241906,133335.94538561578,166801.90069241906,134735.54943765712,161734.90299777922,154780.02335064393,162008.00914061366,165547.70719427388,162008.00914061366
2024-04-09,162604.41923630534,134011.286986596,168633.0637792675,132213.19848113507,167415.9110860386,133826.75369374032,167415.9110860386,135231.5578338058,162330.51307992873,155350.03299944382,162604.41923630534,166157.31751341146,162604.41923630534
2024-04-10,163648.11468613445,134871.58323598566,169715.95905819818,133061.5947824046,168490.40640159036,134685.64994923348,168490.40640159036,136099.5540496261,163372.80853586135,156347.52865068894,163648.11468613445,167224.11286253255,163648.11468613445
2024-04-11,163200.81155789195,134502.88065744104,169251.855812463,132697.9922395274,168029.9031810322,134317.54737488503,168029.9031810322,135727.55144800257,162926.10541181502,155920.02566091996,163200.81155789195,166766.9096650533,163200.81155789195
2024-04-12,164840.91710341274,135854.7852284974,170953.56156626626,134031.19674735516,169718.4088902035,135667.25193850274,169718.4088902035,137091.55605997157,164564.01094989714,157487.53096096497,164840.91710341274,168443.31533331197,164840.91710341274
2024-04-15,164691.81013596355,135731.8794853753,170798.85433712884,133909.99108367413,169564.90171714211,135544.54620472665,169564.90171714211,136967.55026544642,164415.10399179396,157345.02430193406,164691.81013596355,168290.90821165364,164691.81013596355
2024-04-16,157385.9064389497,129709.7764380044,163218.55050126,127971.18807845563,162043.39791102792,129532.24316231484,162043.39791102792,130891.54719080043,157119.00029973921,150362.5207685707,157385.9064389497,160823.30443281453,157385.9064389497
2024-04-17,159948.38112568727,131821.98394561937,165875.48398742542,130054.44276208908,164681.2015510797,131641.632803975,164681.2015510797,133022.0312741478,159676.4344701373,152810.89070014466,159948.38112568727,163441.7201719416,159948.38112568727
2024-04-18,161274.37986111513,132914.98290325335,167250.48267612324,131132.44173402817,166046.20024931425,132733.13176303948,166046.20024931425,134124.53022272186,160999.93320794933,154077.8894918393,161274.37986111513,164796.7188797129,161274.37986111513
2024-04-19,161009.18327545992,132696.38571764162,166975.48621663914,130916.84450979263,165773.20376408094,132514.83457356537,165773.20376408094,133904.03306157188,160735.23661585682,153824.49275426377,161009.18327545992,164525.72236873038,161009.18327545992
2024-04-22,159683.18454003206,131603.38676000765,165600.48752794132,129838.84553785354,164408.20506584638,131423.3356145009,164408.20506584638,132801.53411299782,159411.73787804478,152557.49396256913,159683.18454003206,163170.72366095908,159683.18454003206
2024-04-23,159683.18454003206,131603.38676000765,165600.48752794132,129838.84553785354,164408.20506584638,131423.3356145009,164408.20506584638,132801.53411299782,159411.73787804478,152557.49396256913,159683.18454003206,163170.72366095908,159683.18454003206
2024-04-24,159152.79136872164,131166.1923887842,165050.49460897312,129407.65108938247,163862.21209537977,130986.74123555268,163862.21209537977,132360.53979069786,158882.34469385975,152050.70048741807,159152.79136872164,162628.73063899405,159152.79136872164
2024-04-25,158912.03671750083,131013.89996475981,164791.13631340628,129261.05365852524,163606.65046192435,130835.01831084501,163606.65046192435,132204.6405376676,158642.5392081668,151832.34614265471,158912.03671750083,162376.96566765007,158912.03671750083
2024-04-26,159962.10982846178,132063.10239078925,165841.39599970973,130310.19389277387,164656.84795644693,131884.22073687444,164656.84795644693,133253.87405958748,159692.58122323733,152882.20158238278,159962.10982846178,163427.13206628227,159962.10982846178
2024-04-29,160066.07214654837,132163.8926540813,165946.03804382368,130410.75758072345,164761.3767128897,131985.01100016653,164761.3767128897,133354.77761055075,159796.54354132392,152985.37088677072,160066.07214654837,163531.54753505375,160066.07214654837
2024-04-30,161767.76745997675,133864.7172825782,167647.91993259452,132111.55111332992,166463.22750577013,133685.8356286634,166463.22750577013,135055.63333493806,161498.2388547523,154686.84852896625,161767.76745997675,165233.3672320438,161767.76745997675
2024-05-06,164870.50560739904,136960.83132041144,170752.07753207162,135207.4285758207,169567.14852990475,136781.94966649666,169567.14852990475,138151.98394811378,164600.9770021746,157787.93064899126,164870.50560739904,168337.05168083595,164870.50560739904
2024-05-07,168272.67061967083,139911.90945049576,174154.42911968587,138124.85777216594,172969.46902162858,139728.82556684988,172969.46902162858,141124.1043227439,168003.14201444638,161129.91134926665,168272.67061967083,171739.34107666937,168272.67061967083
2024-05-08,166621.6757963134,138551.20484968476,172430.5414376766,136781.7532308642,171259.6039810355,138370.32097347753,171259.6039810355,139752.3996847396,166354.95793855024,159563.50605294097,166621.6757963134,170044.90405122313,166621.6757963134
2024-05-09,171231.37849072943,142385.9070911055,177201.44422631568,140566.85544329326,175999.50675155476,142198.8232112743,175999.50675155476,143618.10194428015,170958.46062934233,163977.9086332022,171231.37849072943,174750.7068018106,171231.37849072943
2024-05-10,178220.26828031073,148199.79859730057,184434.73365884132,146305.5470593516,183185.79625274494,148003.3147312023,183185.79625274494,149478.99338181067,177937.95043265654,170670.69885537017,178220.26828031073,181885.29637853178,178220.26828031073
2024-05-13,186250.07125834955,154879.60107466037,192745.33674102137,152898.94950466795,191442.39931489783,154672.31720455666,191442.39931489783,156212.79587919763,185956.95340668992,178360.30170723787,186250.07125834955,190082.4994186548,186250.07125834955
2024-05-14,179558.5776398612,149313.10638328842,185819.84334569282,147404.45474463145,184561.90587665394,149114.82250460165,184561.90587665394,150601.30123074102,179274.4597796185,171952.30781838286,179558.5776398612,183251.50593320403,179558.5776398612
2024-05-15,178963.76757125388,148818.298007453,185204.23292498893,146916.04647713344,183950.29552366093,148620.8141423084,183950.29552366093,150102.49278719473,178680.44972455336,171382.69817635405,178963.76757125388,182644.29565469298,178963.76757125388
2024-05-16,180004.6807597114,149684.20897861774,186281.54657464335,147770.75730639143,185020.60908462363,149485.3250957348,185020.60908462363,150975.40384705117,179719.96289527253,172379.5108060538,180004.6807597114,183706.9091180948,180004.6807597114
2024-05-17,181937.78246144782,151292.31039425186,188282.24833588905,149358.058703715,187008.31083442524,151090.8265090801,187008.31083442524,152596.5052741294,181650.46459472014,174230.71243569243,181937.78246144782,185680.3108553079,181937.78246144782
2024-05-20,184019.57338552008,153024.10284420304,190436.8389425785,151067.45125132243,189148.90150214985,152819.8189712383,189148.90150214985,154342.2976630454,183729.45553099943,176224.30374428618,184019.57338552008,187805.5015901712,184019.57338552008
2024-05-21,181491.67934159766,150921.20779892258,187820.54510693855,148991.75614195506,186549.60762645557,150720.32391794698,186549.60762645557,152222.40265781927,181204.96147906614,173803.50944802153,181491.67934159766,185224.90767041716,181491.67934159766
2024-05-22,181342.9723928405,150797.50201841645,187666.63791518516,148869.650436217,186396.70048143223,150596.81814678686,186396.70048143223,152097.6968305831,181056.45453965498,173661.10279366362,181342.9723928405,185073.10057679686,181342.9723928405
2024-05-23,180748.1800506545,150302.70838877014,187051.04584079093,148381.25672417323,185785.1083555396,150102.82450684087,185785.1083555396,151598.9032524352,180462.46218716932,173091.51012703765,180748.1800506545,184465.90839425597,180748.1800506545
2024-05-24,178815.07834891806,148694.606973136,185050.3440795452,146793.95532684962,183797.40660573795,148497.32309349554,183797.40660573795,149977.80182535696,178531.9604877217,171240.30849739898,178815.07834891806,182492.50665704283,178815.07834891806
2024-05-27,183722.1772144271,152776.7060293799,190129.0429053814,150823.25439530055,188843.10543920353,152572.8221512653,188843.10543920353,154092.90087397146,183432.4593547566,175939.5074109732,183722.1772144271,187501.90549890074,183722.1772144271
2024-05-28,186547.4674294425,155126.9978894835,193053.13277821845,153143.1463606898,191748.19537784412,154919.31402452962,191748.19537784412,156462.19266827154,186253.94958293272,178645.09804055083,186547.4674294425,190386.09550992522,186547.4674294425
2024-05-29,184763.07267646323,153642.60225435547,191206.3382087261,151677.95066910426,189913.40077306583,153437.3183823444,189913.40077306583,154965.79706842947,184471.95482289625,176936.30306527007,184763.07267646323,188564.50086633238,184763.07267646323
2024-05-30,179855.9738109542,149560.50319811158,186127.63938288993,147648.65160065333,184867.70193960026,149361.81932457464,184867.70193960026,150850.69801981497,179571.45595586134,172237.10415169585,179855.9738109542,183555.10202447447,179855.9738109542
2024-05-31,180450.78387956152,150055.311573947,186743.24980359382,148137.05986815135,185479.31229259327,149855.82768686788,185479.31229259327,151349.50646336126,180165.4660109265,172806.71379372466,180450.78387956152,184162.31230298552,180450.78387956152
2024-06-03,181937.78246144782,151292.31039425186,188282.24833588905,149358.058703715,187008.31083442524,151090.8265090801,187008.31083442524,152596.5052741294,181650.46459472014,174230.71243569243,181937.78246144782,185680.3108553079,181937.78246144782
2024-06-04,181045.57622174747,150550.10520359327,187358.84187798802,148625.45358019508,186090.90441848588,150349.82132681384,186090.90441848588,151848.30004150912,180759.45836341212,173376.3064603506,181045.57622174747,184769.50448552638,181045.57622174747
2024-06-05,178517.68217782507,148447.21015831284,184742.5480423481,146549.75847082774,183491.61054279163,148250.32627352254,183491.61054279163,149728.40503628302,178234.96431147886,170955.512164086,178517.68217782507,182188.91056577238,178517.68217782507
2024-06-06,180153.36998204718,149807.90001293473,186435.43542008704,147892.84845667522,185173.49800254658,149608.81614454763,185173.49800254658,151100.0948088889,179868.45213210417,172521.90048500884,180153.36998204718,183858.69811574492,180153.36998204718
2024-06-07,180599.47310189734,150179.002608264,186897.13864903754,148259.15101843516,185632.20121051624,149979.31873568075,185632.20121051624,151474.19742519903,180313.95524775816,172949.10347267974,180599.47310189734,184314.10130063567,180599.47310189734
2024-06-11,174651.47877435217,145231.00732704453,180741.14451985664,143375.15567618053,179516.20704318836,145039.32344683187,179516.20704318836,146486.20218212652,174373.9609125836,167253.10890480864,174651.47877435217,178242.10709134612,174651.47877435217
2024-06-12,173628.00940937785,144232.53913032124,179712.4749118861,142378.2875542253,178488.53748194786,144041.0552594546,178488.53748194786,145486.73393867322,173350.69155695528,166235.93983423358,173628.00940937785,177215.53758150866,173628.00940937785
2024-06-13,174568.11055445092,145297.86485108008,180626.5760817547,143451.61326735478,179407.8633419432,145107.1562843647,179407.8633419432,146546.83496930538,174291.79270107468,167207.5409492659,174568.11055445092,178140.36343625875,174568.11055445092
2024-06-14,174019.5646318954,145071.13849842642,180010.9406936901,143245.4779744973,178805.18162683686,144883.20042221874,178805.18162683686,146307.37963858846,173745.7925741318,166740.086368089,174019.5646318954,177551.683597022,174019.5646318954
2024-06-17,174822.58301110682,145740.65382206533,180841.95971377066,143906.49310358666,179630.20050958832,145551.71572296947,179630.20050958832,146982.3950881124,174547.81093045505,167509.60398054626,174822.58301110682,178371.20235388845,174822.58301110682
2024-06-18,177070.97320886073,147615.2456494579,183168.7495697277,145757.285034739,181940.19043878754,147423.50756256908,181940.19043878754,148872.3868483663,176793.40114041598,169664.19458723572,177070.97320886073,180665.79235022634,177070.97320886073
2024-06-19,177070.97320886073,147615.2456494579,183168.7495697277,145757.285034739,181940.19043878754,147423.50756256908,181940.19043878754,148872.3868483663,176793.40114041598,169664.19458723572,177070.97320886073,180665.79235022634,177070.97320886073
2024-06-20,178034.57994790492,148418.6512681255,184165.95654375723,146550.49058207177,182930.19736246308,148225.71317284435,182930.19736246308,149682.39251319173,177755.80787106784,170587.60104513672,178034.57994790492,181649.19922774404,178034.57994790492
2024-06-21,175786.1706051391,146544.04347860906,181839.14687521628,144699.68289145135,180620.18776373108,146353.90539496273,180620.18776373108,147792.38465968374,175510.19853993686,168432.9920921376,175786.1706051391,179354.5896930036,175786.1706051391
2024-06-24,175143.77887578425,146008.45037424657,181174.35543425253,144170.88969954156,179960.19626096924,145819.11228030056,179960.19626096924,147252.3916119695,174868.60680028232,167817.40001774338,175143.77887578425,178698.9981335935,175143.77887578425
2024-06-25,173055.9770378631,144267.74884188268,179013.75353224447,142452.28818663262,177815.1943726941,144081.01075022548,177815.1943726941,145497.3900670171,172783.40496465,165816.69825649765,173055.9770378631,176568.29625790686,173055.9770378631
2024-06-26,175786.1706051391,146544.04347860906,181839.14687521628,144699.68289145135,180620.18776373108,146353.90539496273,180620.18776373108,147792.38465968374,175510.19853993686,168432.9920921376,175786.1706051391,179354.5896930036,175786.1706051391
2024-06-27,175625.58224530634,146410.15318358038,181672.9589212673,144567.49247320794,180455.199722807,146220.2150854382,180455.199722807,147657.39444438223,175349.81016560824,168279.10324669388,175625.58224530634,179190.70157235235,175625.58224530634
2024-06-28,177873.97244306025,148284.74501097295,183999.74877722433,146418.28440436028,182765.18965200623,148092.0069250378,182765.18965200623,149547.38620463613,177595.40037556918,170433.69385338333,177873.97244306025,181485.29156869024,177873.97244306025
2024-07-01,177552.77657838282,148016.9484587917,183667.35305674246,146153.8878084054,182435.1939006253,147824.61036770671,182435.1939006253,149277.38968077902,177274.6045057419,170125.89781618622,177552.77657838282,181157.4957889852,177552.77657838282
2024-07-02,177873.97244306025,148284.74501097295,183999.74877722433,146418.28440436028,182765.18965200623,148092.0069250378,182765.18965200623,149547.38620463613,177595.40037556918,170433.69385338333,177873.97244306025,181485.29156869024,177873.97244306025
2024-07-03,181728.3802542251,151498.3515235195,187988.55686075857,149591.09083422326,186725.1976771756,151300.81342785686,186725.1976771756,152787.3927706838,181445.00817700656,174127.30133867767,181728.3802542251,185418.89954035848,181728.3802542251
2024-07-04,182370.77198357997,152033.94462788198,188653.34830172232,150119.88402613305,187385.18917993744,151835.60654251903,187385.18917993744,153327.38581839803,182086.5999166611,174742.8934130719,182370.77198357997,186074.49109976858,182370.77198357997
2024-07-05,183816.1820921462,153239.05305588333,190149.15876276657,151309.6923471322,188870.19956545072,153038.9149579319,188870.19956545072,154542.39431563616,183530.21001263882,176128.00309992337,183816.1820921462,187549.6014160451,183816.1820921462
2024-07-08,185582.76892037806,154711.94207394216,191977.3451317089,152763.88150461816,190685.1860328122,154509.6039923939,190685.1860328122,156027.38324347738,185294.5968572739,177820.89047766235,185582.76892037806,189352.48797362417,185582.76892037806
2024-07-09,186385.76815457758,155381.4414354572,192808.34433920553,153424.88087423943,191510.1852460309,155178.10335486263,191510.1852460309,156702.38259974722,186096.5960924271,178590.38974380997,186385.76815457758,190171.98719208807,186385.76815457758
2024-07-10,184940.3771910232,154176.34896957967,191312.55369074515,152235.08831270837,190025.19453005036,153974.81087773174,190025.19453005036,155487.39019576315,184653.00511761935,177205.29840326813,184940.3771910232,188696.89641421408,184940.3771910232
2024-07-11,187188.76738877705,156050.9407969722,193639.34354670212,154085.8802438607,192335.18445924955,155846.60271733132,192335.18445924955,157377.38195601702,186898.59532758023,179359.88900995755,187188.76738877705,190991.48641055194,187188.76738877705
2024-07-12,180282.97014565882,150293.2430955181,186492.74639971426,148401.2825132241,185240.1872916623,150097.50501244396,185240.1872916623,151572.38427344564,180001.39808102878,172742.19165182617,180282.97014565882,183943.78922408193,180282.97014565882
2024-07-15,185422.1805605453,154578.05177891348,191811.15717775992,152631.69108637475,190520.19799188813,154375.91368286937,190520.19799188813,155892.39302817587,185134.20848294528,177667.00163221863,185422.1805605453,189188.59985297293,185422.1805605453
2024-07-16,185100.96555085597,154310.23926460836,191478.74164469412,152367.27873095177,190190.18257097443,154108.50118725628,190190.18257097443,155622.38041106466,184813.39349194797,177359.18724871185,185100.96555085597,188860.78453486532,185100.96555085597
2024-07-17,183173.7712177795,152703.44398939703,189484.34750921896,150780.88339575432,188210.18839315613,152504.10590498775,188210.18839315613,154002.38517466787,182888.5991518143,175512.3926792195,183173.7712177795,186893.99031823248,183173.7712177795
2024-07-18,180122.38178582606,150159.3528004894,186326.5584457653,148269.0920949807,185075.19925073822,149963.81470291942,185075.19925073822,151437.39405814413,179841.00970670016,172588.30280638245,180122.38178582606,183779.9011034307,180122.38178582606
2024-07-19,177392.16907353816,147883.04220163915,183501.14529020956,146021.6816306939,182270.18619016846,147690.90411990017,182270.18619016846,149142.3833722234,177114.19701024325,169971.99062443283,177392.16907353816,180993.5881299314,177392.16907353816
2024-07-22,177070.97320886073,147615.2456494579,183168.7495697277,145757.285034739,181940.19043878754,147423.50756256908,181940.19043878754,148872.3868483663,176793.40114041598,169664.19458723572,177070.97320886073,180665.79235022634,177070.97320886073
2024-07-23,178607.37073284877,148896.28711691225,184758.79422161382,147021.96114852876,183518.6146574329,148702.61229115,183518.6146574329,150163.78959934527,178327.8619255305,171136.583699801,178607.37073284877,182233.8552853471,178607.37073284877
2024-07-24,177257.3720203091,147771.28818979586,183362.29555342,145910.46220853776,182131.115980656,147579.1133626031,182131.115980656,149028.29068224246,176979.36321156032,169843.5849329019,177257.3720203091,180856.85659855662,177257.3720203091
2024-07-25,172127.3683295895,143496.2851141962,178055.5917355756,141686.7591698453,176858.6121874164,143309.81029110422,176858.6121874164,144713.3875779372,171855.05952494152,164930.18139801268,172127.3683295895,175624.25283402263,172127.3683295895
2024-07-26,169893.44094544437,141497.8794908796,175772.98985419256,139702.4848521784,174585.43117646652,141312.97481285981,174585.43117646652,142703.99093911526,169622.70228586855,162755.91952661076,169893.44094544437,173362.06283857807,169893.44094544437
2024-07-29,170568.9302899196,142050.58027585928,176473.94477711624,140247.43478518783,175281.29087446502,141864.79038882448,175281.29087446502,143261.67366134888,170297.19313365754,163400.5187508762,170568.9302899196,174052.49799481512,170568.9302899196
2024-07-30,168775.87156540304,140689.51920816491,174591.28653859207,138913.57356996002,173416.23254047806,140506.9293037732,173416.23254047806,141882.71651862032,168507.3343917841,161715.9632657289,168775.87156540304,172206.34338618992,168775.87156540304
2024-07-31,168257.0146217936,140335.5374223947,174038.31409867934,138570.01322901135,172869.99212686517,140154.14541652033,172869.99212686517,141521.9027078377,167989.86679263145,161238.5963797234,168257.0146217936,171667.38181090786,168257.0146217936
2024-08-01,168520.71122676073,140555.43459126944,174311.01058777503,138787.11043393498,173140.88863913514,140373.74258925745,173140.88863913514,141743.6998522507,168253.06340403587,161491.29312631115,168520.71122676073,171936.37834763958,168520.71122676073
2024-08-02,167729.60569411455,139895.72997758383,173492.90486630134,138135.8058789957,172328.18295542695,139714.9379818661,172328.18295542695,141078.2951987015,167463.4578818801,160733.18782445416,167729.60569411455,171129.37270379497,167729.60569411455
2024-08-05,166147.41034656702,138576.333857274,171856.70967754058,136833.20970928555,170702.78773490884,138397.34185626337,170702.78773490884,139747.49911191332,165884.2625255111,159216.9922828339,166147.41034656702,169515.3774497552,166147.41034656702
2024-08-06,164565.2149990195,137256.93773696417,170220.51448877982,135530.6135395754,169077.39251439073,137079.74573066065,169077.39251439073,138416.70302512514,164305.06716914207,157700.79674121365,164565.2149990195,167901.38219571544,164565.2149990195
2024-08-07,164828.9116039866,137476.8349058389,170493.2109778755,135747.71074449903,169348.2890266607,137299.34290339777,169348.2890266607,138638.50016953814,164568.2637805465,157953.4934878014,164828.9116039866,168170.37873244716,164828.9116039866
2024-08-08,164318.45103149617,137051.1607310545,169965.3285428427,135327.45670472778,168823.89096413637,136874.24945736476,168823.89096413637,138209.1480459948,164058.77108930837,157464.3263028627,164318.45103149617,167649.6586186818,164318.45103149617
2024-08-09,164323.55075752357,137055.4208680408,169970.58374832215,135331.65464993325,168829.1150737254,136878.47849846064,168829.1150737254,138213.43927887152,164063.87081533577,157469.20835765722,164323.55075752357,167654.85163238042,164323.55075752357
2024-08-12,164342.12993560577,137070.9412789997,169989.7293647605,135346.94848554968,168848.14740249253,136893.8856217483,168848.14740249253,138229.07297750167,164082.44999341798,157486.99452204077,164342.12993560577,167673.7706734763,164342.12993560577
2024-08-13,164347.22966163317,137075.201415986,169994.98457023996,135351.14643075515,168853.37151208156,136898.1146628442,168853.37151208156,138233.36421037838,164087.54971944538,157491.8765768353,164347.22966163317,167678.96368717492,164347.22966163317
2024-08-14,164352.32938766057,137079.4615529723,170000.2397757194,135355.34437596062,168858.5956216706,136902.34370394007,168858.5956216706,138237.6554432551,164092.64944547278,157496.7586316298,164352.32938766057,167684.15670087354,164352.32938766057
2024-08-15,164357.42911368798,137083.7216899586,170005.49498119886,135359.54232116608,168863.81973125963,136906.57274503596,168863.81973125963,138241.9466761318,164097.74917150018,157501.64068642433,164357.42911368798,167689.34971457216,164357.42911368798
2024-08-16,164362.52883971538,137087.9818269449,170010.78128256873,135363.74026637155,168869.04384084867,136910.80178613184,168869.04384084867,138246.23790900852,164102.84889752758,157506.52274121885,164362.52883971538,167694.54272827078,164362.52883971538
2024-08-19,164462.91425961987,137171.5826002257,170114.5916044007,135446.29091153987,168972.07855215814,136994.2892717414,168972.07855215814,138330.50100514057,164202.9597998421,157602.5464187546,164462.91425961987,167796.915116729,164462.91425961987
2024-08-20,164462.91425961987,137171.5826002257,170114.5916044007,135446.29091153987,168972.07855215814,136994.2892717414,168972.07855215814,138330.50100514057,164202.9597998421,157602.5464187546,164462.91425961987,167796.915116729,164462.91425961987
2024-08-21,165178.11926145092,137766.78676282335,170853.79677407842,136034.29502378352,169706.48368826654,137589.49343433906,169706.48368826654,138930.50520130756,164915.76478488848,158286.55120238496,165178.11926145092,168526.52021926807,165178.11926145092
2024-08-22,164760.90687055126,137419.5764509337,170422.58396737676,135691.28483663447,169278.07096472528,137242.28312244941,169278.07096472528,138580.4948062575,164499.95243556902,157887.5393520279,164760.90687055126,168100.9075788872,164760.90687055126
2024-08-23,164194.71948880688,136948.38695203234,169837.39700906377,135225.79521070368,168696.683921726,136771.09362354805,168696.683921726,138105.50539204243,163935.6650114815,157346.0514198227,164194.71948880688,167523.32045120167,164194.71948880688
2024-08-26,165207.91710156933,137791.584965338,170884.59454171758,136058.79324804194,169737.08147040155,137614.2916368537,169737.08147040155,138955.50338932636,164945.4626322548,158315.0491367264,165207.91710156933,168556.91801589893,165207.91710156933
2024-08-27,165088.71153134838,137692.38032971788,170761.38878457647,135960.78866849787,169614.67575064447,137515.0870012336,169614.67575064447,138855.4987163222,164826.65708072588,158201.04380950166,165088.71153134838,168435.3123335259,165088.71153134838
2024-08-28,164909.91028089062,137543.57928906847,170576.58749215704,135813.78764043696,169431.07446661737,137366.28596058418,169431.07446661737,138705.49766728046,164648.4558344643,158030.04261359407,164909.91028089062,168252.91105789112,164909.91028089062
2024-08-29,165118.5093714668,137717.17853223253,170792.18655221563,135985.2868927563,169645.27353277948,137539.88520374824,169645.27353277948,138880.496904341,164856.35492809222,158229.5417438431,165118.5093714668,168465.71013015675,165118.5093714668
2024-08-30,164731.10903043285,137394.77824841905,170391.7861997376,135666.78661237605,169247.47318259027,137217.48491993477,169247.47318259027,138555.4966182387,164470.2545882027,157859.04141768647,164731.10903043285,168070.50978225635,164731.10903043285
2024-09-02,163807.31914777294,136625.98666821886,169436.99665658575,134907.29493032343,168298.8835715368,136448.69333973457,168298.8835715368,137780.50510594013,163549.56467159197,156975.5510936661,163807.31914777294,167128.12010330128,163807.31914777294
2024-09-03,164105.31175870434,136873.98051892687,169744.98901956182,135152.28885541804,168604.87598410394,136696.68719044258,168604.87598410394,138030.49890705707,163846.5573073189,157260.5440269394,164105.31175870434,167432.11256545948,164105.31175870434
2024-09-04,162972.90857572094,135931.57787000109,168574.5857297669,134221.28623853571,167442.07271567133,135754.2845415168,167442.07271567133,137080.496236769,162717.95413501665,156177.54098281098,162972.90857572094,166276.90931838917,162972.90857572094
2024-09-05,164135.10959882275,136898.77872144151,169775.78678720098,135176.78707967646,168635.47376623895,136721.48539295723,168635.47376623895,138055.49709507587,163876.25515468523,157289.04196128083,164135.10959882275,167462.51036209034,164135.10959882275
2024-09-06,164582.1198298408,137270.7872358458,170237.7973615418,135544.29549108393,169094.48427191522,137093.49390736152,169094.48427191522,138430.50567814472,164321.76535137102,157716.55174597932,164582.1198298408,167918.52079910206,164582.1198298408
2024-09-09,163390.1209666206,136278.78818189073,169005.79853646856,134564.29642568476,167870.48543921259,136101.49485340645,167870.48543921259,137430.50663181904,163133.7664843361,156576.55283316804,163390.1209666206,166702.52195877003,163390.1209666206
2024-09-10,164462.91425961987,137171.5826002257,170114.5916044007,135446.29091153987,168972.07855215814,136994.2892717414,168972.07855215814,138330.50100514057,164202.9597998421,157602.5464187546,164462.91425961987,167796.915116729,164462.91425961987
2024-09-11,165327.10846204296,137890.7777753966,171007.78561227422,136156.78614507563,169859.4725989416,137713.4844469123,169859.4725989416,139055.49614140156,165064.25402172015,158429.0408740921,165327.10846204296,168678.50920242237,165327.10846204296
2024-09-12,164999.31801099316,137617.98572217394,170668.995481659,135887.2939957226,169522.88240423944,137440.69239368965,169522.88240423944,138780.5041522658,164737.56353862688,158115.55000647737,164999.31801099316,168344.1189436333,164999.31801099316
2024-09-13,167383.3157374336,139601.9838300841,173132.99313180547,137847.29212652094,171970.8800696447,139424.6905015998,171970.8800696447,140780.50224491718,167113.5612726967,160395.54783209992,167383.3157374336,170776.11662429737,167383.3157374336
2024-09-18,167323.72005719677,139552.3874250548,173071.39759652715,137798.2956780041,171909.6845053747,139375.0940965705,171909.6845053747,140730.50586887958,167054.16557796404,160338.55196341706,167323.72005719677,170715.32103103565,167323.72005719677
2024-09-19,167055.51107663647,139329.1799512999,172794.18831460577,137577.78829465754,171634.27528372552,139151.88662281563,171634.27528372552,140505.49833485248,166786.85662753985,160082.04337462617,167055.51107663647,170441.7118696587,167055.51107663647
2024-09-20,168932.91710156933,140891.584965338,174734.59454171758,139121.29324804194,173562.08147040155,140714.2916368537,173562.08147040155,142080.50338932636,168657.9626322548,161877.5491367264,168932.91710156933,172356.91801589893,168932.91710156933
2024-09-23,170363.31289548412,142081.9814649718,176212.99019448858,140297.28979001887,175030.8771514013,141904.6881364875,175030.8771514013,143280.4998607314,170083.558440284,163245.54511412812,170363.31289548412,173816.11372512745,170363.31289548412
2024-09-24,169946.11471433178,141734.78297864366,175781.7920743714,139954.2912853802,174602.4790190771,141557.48965015938,174602.4790190771,142930.5013866103,169667.76025302813,162846.54685363008,169946.11471433178,173390.5155805962,169946.11471433178
2024-09-25,171227.50709790722,141887.46810550883,177106.1842023621,140101.45160892038,175918.27119818475,141710.17477702454,175918.27119818475,143086.86971569213,170944.85266216204,164072.03956946565,171227.50709790722,174697.7078108208,171227.50709790722
2024-09-26,171555.31175870434,145214.6516545218,179380.86316035158,143428.60406204296,178190.67764997017,145037.3583260375,178190.67764997017,146414.11545648592,173207.03283602904,164385.5440269394,171555.31175870434,176967.8417564021,171555.31175870434
2024-09-27,171298.30375867136,151847.85898200906,183594.87475496324,150061.74919774936,182404.6581486914,151670.56565352477,182404.6581486914,153047.35387986357,177420.85785529824,164139.74778529714,171298.30375867136,181181.79115923293,171298.30375867136
2024-09-30,171317.6759504522,159960.79105137795,189024.4901555889,158174.56797944702,187834.16026164583,159783.49772289366,187834.16026164583,161160.3992369037,182849.79352989647,164158.32696337934,171317.6759504522,186611.17998451611,171317.6759504522
2024-10-08,171372.1851285344,168898.60590943764,195022.11188911495,167112.06407038344,193831.4632280486,168721.31258095335,193831.4632280486,170098.85162920994,188845.50266068283,164210.6047715985,171372.1851285344,192608.16418379563,171372.1851285344
2024-10-09,171377.50252579467,178788.8809212697,201632.42212286574,177002.30798632512,200441.74236590898,178611.58759278542,200441.74236590898,179989.18883282287,195455.62631909118,164215.7044976259,171377.50252579467,199218.41222576558,171377.50252579467
2024-10-10,171382.81992305495,166688.18302883074,192546.35858011496,164901.5789979957,191355.64772726776,166510.88970034645,191355.64772726776,167888.5531321647,186369.3762009979,164220.8042236533,171382.81992305495,190132.28649123394,171382.81992305495
2024-10-11,171388.13732031523,167346.74081115398,193421.9514560877,165560.07458853812,192231.2095073501,167169.4474826697,192231.2095073501,168547.14201037836,187244.7825016282,164225.9039496807,171388.13732031523,191007.81717542588,171388.13732031523
2024-10-14,171407.50951209606,180050.09714199434,204519.43490960158,178155.25786769396,203328.57967319275,179861.62521723282,203328.57967319275,181321.40591012433,198341.58622911468,164244.4831277629,171407.50951209606,202105.0740535973,171407.50951209606
2024-10-15,171412.82690935634,176190.29753638635,200495.95727342562,174336.0582579375,199305.07094112638,176006.02561119568,199305.07094112638,177435.00630723432,194317.92201759625,164249.5828537903,171412.82690935634,198081.53422564053,171412.82690935634
2024-10-16,171418.14430661662,178120.20555569063,203220.778333542,176245.66619288927,201966.65619103506,177933.83362177384,201966.65619103506,179378.21438180402,196709.90011122636,164254.68257981772,171418.14430661662,200676.52600553958,171418.14430661662
2024-10-17,171423.4617038769,179498.70424105058,204793.27683388913,177609.6648920775,203529.6547004421,179310.8323085643,203529.6547004421,180766.21305810407,198232.39865925722,164259.78230584512,171423.4617038769,202229.52452448336,171423.4617038769
2024-10-18,171428.7791011372,193007.99464417825,220203.76588642324,190976.8553961516,218847.04381911352,192805.4227221347,218847.04381911352,194368.60339509443,213152.88805988245,164264.88203187252,171428.7791011372,217448.913712773,171428.7791011372
2024-10-21,171448.15129291802,197970.59648467432,225864.76798593724,195887.25721728808,224473.84590594366,197762.62456062806,224473.84590594366,199365.40524827436,218633.89009263925,164283.46120995472,171448.15129291802,223039.7157862517,171448.15129291802
2024-10-22,171453.4686901783,190250.99727345834,217058.76888572896,188248.85799777514,215721.04680029943,190051.42534855378,215721.04680029943,191592.60604249433,210107.89096382074,164288.56093598212,171453.4686901783,214342.91667488543,171453.4686901783
2024-10-23,171458.78608743858,187218.30345226655,213599.27593409742,185248.06411159044,212282.45380608633,187022.0315206386,212282.45380608633,188539.0122638841,206758.39778807573,164293.66066200953,171458.78608743858,210926.32363584964,171458.78608743858
2024-10-24,171464.10348469886,185012.6989824904,211083.27083527768,183065.65968883043,209781.64873807027,184818.82705572617,209781.64873807027,186318.20776330426,204322.39285138063,164298.76038803693,171464.10348469886,208441.5186002585,171464.10348469886
2024-10-25,171469.42088195914,186391.19766785036,212655.76933562482,184429.65838801867,211344.64724747732,186195.82574251664,211344.64724747732,187706.2064396043,205844.89139941148,164303.86011406433,171469.42088195914,209994.5171192023,171469.42088195914
2024-10-28,171488.79307373997,190250.99727345834,217058.76888572896,188248.85799777514,215721.04680029943,190051.42534855378,215721.04680029943,191592.60604249433,210107.89096382074,164322.43929214653,171488.79307373997,214342.91667488543,171488.79307373997
2024-10-29,171494.11047100025,189148.19503857027,215800.7663363191,187157.65578639513,214470.6442662914,188949.82311609757,214470.6442662914,190482.2037922044,208889.8884954732,164327.53901817393,171494.11047100025,213100.51415708987,171494.11047100025
2024-10-30,171499.42786826054,193283.69109465013,220518.2618373605,191249.65188395983,219159.63979451254,193080.81917646897,219159.63979451254,194646.19982110456,213457.38413956575,164332.63874420134,171499.42786826054,217759.50971392123,171499.42786826054
2024-10-31,171504.74526552082,199900.5045039786,228066.2771338197,197796.86515223986,226662.0549985607,199690.4325712062,226662.0549985607,201308.61332284406,220765.39894965105,164337.73847022874,171504.74526552082,225213.9248206946,171504.74526552082
2024-11-01,171510.0626627811,185288.39543296228,211397.76678621495,183338.45617663866,210094.2447134693,185094.22351006043,210094.2447134693,186595.8041893144,204626.88893106394,164342.83819625614,171510.0626627811,208752.11460140673,171510.0626627811
2024-11-04,171529.43485456193,192732.29819370637,219889.26993548597,190704.05890834337,218534.4478437145,192530.02626780045,218534.4478437145,194091.0069690843,212848.39198019914,164361.41737433834,171529.43485456193,217138.31771162478,171529.43485456193
2024-11-05,171534.7522518222,212031.2962217463,241904.26768600667,209800.05695712572,240416.44560782507,211808.02429798615,240416.44560782507,213523.00498353437,234163.38980224542,164366.51710036575,171534.7522518222,238880.31549004046,171534.7522518222
2024-11-06,171540.0696490825,209549.99530149827,239073.76663624967,207344.85604655748,237603.04456441,209329.42337873948,237603.04456441,211024.6040569444,231422.88878586702,164371.61682639315,171540.0696490825,236084.9144533011,171540.0696490825
2024-11-07,171545.38704634277,226367.69240929018,258258.26333701337,223985.6531847716,256671.6412851055,226128.8204896785,256671.6412851055,227958.2011448045,249997.3855915349,164376.71655242055,171545.38704634277,255031.51119497744,171545.38704634277
2024-11-08,171550.70444360306,220578.00121737848,251653.77338468755,218256.86190021044,250107.0512720783,220345.42928818238,250107.0512720783,222128.61001359418,243602.89531972818,164381.81627844795,171550.70444360306,248508.92111805407,171550.70444360306
2024-11-11,171570.07663538388,226919.1017432345,258887.2739845487,224531.26242053515,257296.85186831548,226679.6298134662,257296.85186831548,228513.41054307416,250606.39590051584,164400.39545653015,171570.07663538388,255652.72171047656,171570.07663538388
2024-11-12,171575.39403264417,226643.40529276262,258572.77803361142,224258.46593272692,256984.25589291647,226404.23335913193,256984.25589291647,228235.81411706403,250301.89982083254,164405.49518255756,171575.39403264417,255342.12570932833,171575.39403264417
2024-11-13,171580.71142990445,224713.49727345834,256371.26888572896,222348.85799777514,254796.04680029943,224476.42534855378,254796.04680029943,226292.60604249433,248170.39096382074,164410.59490858496,171580.71142990445,253167.91667488543,171580.71142990445
2024-11-14,171586.02882716473,218923.80608154665,249766.77893340314,216620.06671321398,248231.45678727224,218693.03414705765,248231.45678727224,220463.014911284,241775.90069201402,164415.69463461236,171586.02882716473,246645.32659796206,171586.02882716473
2024-11-15,171591.346224425,207895.80016566644,237186.77218496526,205708.06085956102,235727.45007960394,207677.02823761475,235727.45007960394,209359.00895463422,229595.89415815286,164420.79436063976,171591.346224425,234221.3199332091,171591.346224425
2024-11-18,171610.71841620584,197419.20358373056,225235.7760840627,195341.66424167162,223848.65395514562,197211.83165195954,223848.65395514562,198810.2123962541,218024.89793327264,164439.37353872196,171610.71841620584,222418.52378395526,171610.71841620584
2024-11-19,171616.03581346612,206517.3014803065,235614.27368461812,204344.0621603728,234164.4515701969,206300.02955082429,234164.4515701969,207971.01027833417,228073.395610122,164444.47326474937,171616.03581346612,232668.32141426532,171616.03581346612
2024-11-20,171621.3532107264,208447.1930666102,237815.7640868398,206253.65383517748,236352.64203040197,208227.82114628327,236352.64203040197,209914.20180665448,230204.88631751947,164449.57299077677,171621.3532107264,234842.51193550555,171621.3532107264
2024-11-21,171626.67060798669,211755.59977127443,241589.7717350694,209527.2604693175,240103.84963242605,211532.6278436519,240103.84963242605,213245.40855752424,233858.89372256212,164454.67271680417,171626.67060798669,238569.71948889224,171626.67060798669
2024-11-22,171631.98800524697,203208.89477564226,231840.26603638852,201070.45552623278,230413.2439681728,202995.22285345566,230413.2439681728,204639.80352746442,224419.38820507936,164459.77244283157,171631.98800524697,228941.11386087863,171631.98800524697
2024-11-25,171651.3601970278,201279.00318933855,229638.77563416684,199160.8638514281,228225.05350796774,201067.43125799668,228225.05350796774,202696.6119991441,222287.8974976819,164478.35162091377,171651.3601970278,226766.9233396384,171651.3601970278
2024-11-26,171656.67759428808,198797.7022690905,226808.27458440984,196705.66294085985,225411.65246455267,198588.83033875,225411.65246455267,200198.21107255414,219547.3964813035,164483.45134694118,171656.67759428808,223971.52230289904,171656.67759428808
2024-11-27,171661.99499154836,208171.49661613832,237501.26813590253,205980.85734736925,236040.04605500295,207952.424691949,236040.04605500295,209636.60538064435,229900.39023783617,164488.55107296858,171661.99499154836,234531.91593435733,171661.99499154836
2024-11-28,171667.31238880864,206792.99793077837,235928.7696355554,204616.85864818102,234477.0475455959,206575.42600515854,234477.0475455959,208248.6067043443,228377.8916898053,164493.65079899598,171667.31238880864,232978.91741541354,171667.31238880864
2024-11-29,171672.62978606892,220578.00121737848,251653.77338468755,218256.86190021044,250107.0512720783,220345.42928818238,250107.0512720783,222128.61001359418,243602.89531972818,164498.75052502338,171672.62978606892,248508.92111805407,171672.62978606892
2024-12-02,171692.00197784975,221405.0905687941,252597.26123749936,219075.25136363512,251044.83919827535,221171.61865118516,251044.83919827535,222961.39929162458,244516.3835587781,164517.32970310558,171692.00197784975,249440.70912149874,171692.00197784975
2024-12-03,171697.31937511003,222232.1963532103,253540.76783597196,219893.6570872069,251982.64575688436,221997.8244293071,251982.64575688436,223794.20511590436,245429.88994744234,164522.429429133,171697.31937511003,250372.51563814608,171697.31937511003
2024-12-04,171702.63677237032,218923.80608154665,249766.77893340314,216620.06671321398,248231.45678727224,218693.03414705765,248231.45678727224,220463.014911284,241775.90069201402,164527.5291551604,171702.63677237032,246645.32659796206,171702.63677237032
2024-12-05,171707.9541696306,224989.19372393022,256685.76483666623,222621.65448558336,255108.64277569845,224751.82180288804,255108.64277569845,226570.20246850446,248474.88704350404,164532.6288811878,171707.9541696306,253478.51267603366,171707.9541696306
2024-12-06,171713.27156689088,224713.49727345834,256371.26888572896,222348.85799777514,254796.04680029943,224476.42534855378,254796.04680029943,226292.60604249433,248170.39096382074,164537.7286072152,171713.27156689088,253167.91667488543,171713.27156689088
2024-12-09,171732.6437586717,220026.59188343416,251024.76273715222,217711.2526644469,249481.8406888683,219794.6199643947,249481.8406888683,221573.40061532453,242993.88501074724,164556.3077852974,171732.6437586717,247887.71060255496,171732.6437586717
2024-12-10,171737.961155932,224162.1043725146,255742.27698385442,221803.26502215868,254170.8548495014,223925.63243988526,254170.8548495014,225737.41319047406,247561.39880445413,164561.4075113248,171737.961155932,252546.72467258899,171737.961155932
2024-12-11,171743.27855319227,221348.38904259432,252532.57995353188,219019.14626262934,250980.54867564185,221114.97882414336,250980.54867564185,222904.3070040908,244453.75891341054,164566.5072373522,171743.27855319227,249376.82992658525,171743.27855319227
2024-12-12,171748.59595045255,221355.26123437515,252540.41611791545,219025.95626262933,250988.3226482446,221121.85101592419,250988.3226482446,222911.21029176205,244461.3463106708,164571.6069633796,171748.59595045255,249384.57280329757,171748.59595045255
2024-12-13,171753.91334771283,221362.13342615598,252548.252282299,219032.76626262933,250996.09662084733,221128.723207705,250996.09662084733,222918.1135794333,244468.93370793108,164576.706689407,171753.91334771283,249392.3156800099,171753.91334771283
2024-12-16,171773.28553949366,221387.17000149845,252576.8007754497,219057.57626262933,251024.41853865553,221153.75978304748,251024.41853865553,222943.263442447,244496.5758997119,164595.2858674892,171773.28553949366,249420.5243101469,171773.28553949366
2024-12-17,171778.60293675394,221394.04219327928,252584.63693983326,219064.38626262933,251032.22360714868,221160.6319748283,251032.22360714868,222950.16673011825,244504.16329697217,164600.3855935166,171778.60293675394,249428.26718685922,171778.60293675394
2024-12-18,171783.92033401423,221400.9143850601,252592.47310421683,219071.19626262932,251040.02867564184,221167.50416660914,251040.02867564184,222957.0700177895,244511.75069423244,164605.485319544,171783.92033401423,249436.01006357154,171783.92033401423
2024-12-19,171789.2377312745,221407.78657684094,252600.3092686004,219078.00626262932,251047.833744135,221174.37635838997,251047.833744135,222963.97330546073,244519.3380914927,164610.5850455714,171789.2377312745,249443.75294028386,171789.2377312745
2024-12-20,171794.5551285348,221414.65876862177,252608.14543298396,219084.81626262932,251055.63881262814,221181.2485501708,251055.63881262814,222970.87659313198,244526.92548875298,164615.6847715988,171794.5551285348,249451.49581699618,171794.5551285348
2024-12-23,171813.92732031562,221439.69534396424,252636.69392613464,219109.62626262932,251084.07401810758,221206.28512551327,251084.07401810758,222996.0264561457,244554.5676805338,164634.26394968102,171813.92732031562,249479.70444713318,171813.92732031562
2024-12-24,171819.2447175759,221446.56753574507,252644.5300905182,219116.43626262932,251091.87908660073,221213.1573172941,251091.87908660073,223002.92974381693,244562.15507779407,164639.36367570842,171819.2447175759,249487.4473238455,171819.2447175759
2024-12-25,171824.56211483618,221453.4397275259,252652.36625490178,219123.2462626293,251099.68415509388,221220.02950907493,251099.68415509388,223009.86412737856,244569.74247505434,164644.46340173582,171824.56211483618,249495.19020055782,171824.56211483618
2024-12-26,171829.87951209646,221460.31191930673,252660.20241928534,219130.0562626293,251107.48922358704,221226.90170085576,251107.48922358704,223016.7985109402,244577.3298723146,164649.56312776322,171829.87951209646,249502.93307727014,171829.87951209646
2024-12-27,171835.19690935675,221467.18411108755,252668.0385836689,219136.8662626293,251115.2942920802,221233.7738926366,251115.2942920802,223023.73289450182,244584.9172695749,164654.66285379062,171835.19690935675,249510.67595398246,171835.19690935675
2024-12-30,171854.56910113757,221492.22068643002,252696.5870768196,219161.6762626293,251143.72949755963,221258.81046797906,251143.72949755963,223048.99604518677,244612.5594613557,164673.24203187283,171854.56910113757,249538.88458411946,171854.56910113757
2024-12-31,171859.88649839786,221499.09287821085,252704.42324120316,219168.4862626293,251151.53456605278,221265.68265975988,251151.53456605278,223055.9304287484,244620.14685861598,164678.34175790023,171859.88649839786,249546.62746083178,171859.88649839786
2025-01-02,171872.2312929184,221515.0472617725,252722.61556997028,219184.2962626293,251169.6547030391,221281.63704332153,251169.6547030391,223072.0291958717,244637.76165313652,164690.18120995502,171872.2312929184,249564.60321425644,171872.2312929184
2025-01-03,170438.6573536886,219667.13189073117,250614.4350630449,217355.804320953,249074.23053910027,219435.5484492626,249074.23053910027,221210.77965207337,242596.9231274376,163316.06431425156,170438.6573536886,247482.51322307455,170438.6573536886
2025-01-06,172092.7501423849,221799.32259507687,253046.9244581865,219465.59512295495,251492.0199983288,221565.63916276357,251492.0199983288,223358.3702892804,244951.7128613243,164901.55740202012,172092.7501423849,249884.90274944174,172092.7501423849
2025-01-07,173037.95205788745,223017.72506423504,254436.927275102,220671.19756617318,252873.62279822121,222782.84162948988,252873.62279822121,224585.57277627228,246297.31558826065,165807.5592380816,173037.95205788745,251257.70553150045,173037.95205788745
2025-01-08,174455.7478888525,224845.3196901849,256521.92114416824,222479.59224858056,254946.0167043377,224608.63626073263,254946.0167043377,226426.3673634076,248315.7096531639,167166.5552419478,174455.7478888525,253316.89947643148,174455.7478888525
2025-01-09,173274.2490156187,223322.32114263088,254784.42280117737,220972.59368576776,253219.01835133324,223087.1377117481,253219.01835133324,224892.368826344,246633.7112572441,166034.05632198395,173274.2490156187,251600.9011129366,173274.2490156187
2025-01-10,172092.7501423849,221799.32259507687,253046.9244581865,219465.59512295495,251492.0199983288,221565.63916276357,251492.0199983288,223358.3702892804,244951.7128613243,164901.55740202012,172092.7501423849,249884.90274944174,172092.7501423849
2025-01-13,169729.7523959173,218753.32549996884,249571.92777220474,216451.59799732934,248038.02329231988,218522.64206479452,248038.02329231988,220290.3732151532,241587.7160694847,162636.55956209244,169729.7523959173,246452.906022452,169729.7523959173
2025-01-14,172565.35814242496,218741.43520250372,253741.93622295128,216436.7627622241,252182.83169199715,218510.47567942564,252182.83169199715,223971.98067612885,245624.52425029373,165354.56507027688,172565.35814242496,250571.31436862814,172565.35814242496
2025-01-15,173983.15397339,219158.36569847513,253173.4811302197,216853.5999705243,254255.22559811364,218927.37507950666,254255.22559811364,225812.77526326416,247642.918315197,166713.56107414307,173983.15397339,252630.50831355917,173983.15397339
2025-01-16,175637.2467620863,219339.72334748044,253248.73487323002,217034.89542774876,256673.01505734216,219108.73272851197,256673.01505734216,227960.3659004712,249997.7080490837,168299.05416191163,175637.2467620863,255032.89783992636,175637.2467620863
2025-01-17,174692.0589311613,219196.42035722942,253161.3291099491,216891.53024571692,255291.43284489404,218965.42973826095,255291.43284489404,226733.18170018433,248652.12537314987,167393.0658263022,174692.0589311613,253660.11551418173,174692.0589311613
2025-01-20,173983.15397339,217548.93257048333,251898.7523689662,215243.81588362838,254255.22559811364,217317.94195151486,254255.22559811364,225812.77526326416,247642.918315197,166713.56107414307,173983.15397339,252630.50831355917,173983.15397339
2025-01-21,173983.15397339,217385.11283404368,252036.65768360978,215089.37126172404,254255.22559811364,217154.95188302174,254255.22559811364,225812.77526326416,247642.918315197,166713.56107414307,173983.15397339,252630.50831355917,173983.15397339
2025-01-22,170674.95431141986,217207.3057622335,250689.17935685834,214891.70053875702,249419.6260922123,216975.34482246495,249419.6260922123,221517.57570214508,242933.31879642105,163542.56139815392,170674.95431141986,247825.7088045107,170674.95431141986
2025-01-23,174928.35588889255,215333.97182869745,247702.7852342481,213031.36661666507,247490.73244223124,215103.3108900733,247490.73244223124,219753.7455934618,248988.52104213333,162241.22038609066,174928.35588889255,254003.3110956179,174928.35588889255
2025-01-24,175400.94980435504,215906.08747708553,248070.09398261175,213595.14658144064,248462.71258954774,215674.52653216713,248462.71258954774,220650.15186253528,249661.31238010025,162902.72501236477,175400.94980435504,254689.7022584902,175400.94980435504
2025-01-27,177763.94755082263,214151.09844910854,246024.49689368944,211859.95742967672,246443.12521581422,213921.3374929368,246443.12521581422,218857.36307087878,253025.30917193985,161579.7332835821,177763.94755082263,258121.69898547995,177763.94755082263
2025-02-05,174928.35588889255,213761.08022439235,245654.2146846572,211474.33941057272,245994.3042433716,213531.71928691262,245994.3042433716,218458.94445363025,248988.52104213333,161285.7195449499,174928.35588889255,254003.3110956179,174928.35588889255
2025-02-06,174928.35588889255,214346.08431565517,246065.19592394785,212052.7434556777,246667.50895147095,214116.12337397927,246667.50895147095,219056.54863301257,248988.52104213333,161726.72262913265,174928.35588889255,254003.3110956179,174928.35588889255
2025-02-07,174455.7478888525,213703.34291609112,245327.82265259334,211417.25349754462,245928.33566752795,213474.0411963635,245928.33566752795,218399.96357253482,247212.03206072285,161242.19449715363,173668.5367172522,253316.89947643148,174455.7478888525
2025-02-10,173722.34138293107,213727.47319006373,245341.52192153165,211441.15719617475,245936.66918276076,213498.17147033612,245936.66918276076,218424.66028486358,245218.98230289997,161260.43381222212,172200.3207887779,252251.7064470949,173722.34138293107
2025-02-11,173727.72097197216,213734.09661472126,245349.14041468233,211447.71842905146,245944.28767591144,213504.79489499365,245944.28767591144,218431.43918897316,245189.93167484715,161265.44025057828,172205.6692819286,252259.54261147848,173727.72097197216
2025-02-12,173839.0155924074,213846.63507077296,245462.67393922718,211560.19469332232,246057.8212004563,213617.33335104535,246057.8212004563,218544.1331244769,245303.465199392,161376.3617203286,172316.93280647346,252373.2938072562,173839.0155924074
2025-02-13,174308.74535406398,214317.60866804598,245934.64260499337,212031.10609881452,246529.78986622248,214088.30694831838,246529.78986622248,219015.262201202,245775.4027692678,161833.4271738202,172786.60037634923,252845.44904836488,174308.74535406398
2025-02-14,181127.6464462202,222702.24932395035,255551.67664216558,220326.53130258224,256169.1433143741,222464.5894860644,256169.1433143741,227581.15089665624,255386.86472766777,168169.8265263707,179546.48204680337,262732.9465772236,181127.6464462202
2025-02-17,184783.15748571567,227197.7629002195,260710.19222067395,224774.0447338929,261339.6589291221,226955.60304874368,261339.6589291221,232174.16476737233,260542.38029711624,171564.33677765436,183170.49299116983,268036.9625951374,184783.15748571567
2025-02-18,185757.95946120433,228396.56532965714,262085.79500840703,225960.0471373906,262718.46172334015,228153.20547574945,262718.46172334015,233398.96724950048,261917.18308322807,172469.5386120946,184136.8949496354,269451.36546150094,185757.95946120433
2025-02-19,190144.5465624254,233791.14946685845,268275.9768061499,231297.03144396446,268923.04347873986,233542.38962882943,268923.04347873986,238910.55104266378,268103.7648915567,176542.92663427896,188485.68216200723,275816.1467458332,190144.5465624254
2025-02-20,191363.0599260252,235289.66590128953,269995.4956643442,232779.54770291946,270646.5623808032,235039.40604680963,270646.5623808032,240441.56783353063,269822.2837387838,177674.4390437276,189693.69541045083,277584.1661359394,191363.0599260252
2025-02-21,199161.44667863063,244880.04960976655,281000.2769701342,242267.53158534667,281676.9436431056,244620.18977159448,281676.9436431056,250239.95118867132,280820.6650554456,184916.0267421872,197424.8822772111,288899.34691444284,199161.44667863063
2025-02-24,195993.3584153574,240983.96404348427,276529.59353254834,238413.04586495063,277195.86024404824,240728.00419086404,277195.86024404824,246259.36593543264,276352.5816082277,181974.13764092035,194284.0939128007,284302.5639440144,195993.3584153574
2025-02-25,192825.25562643222,237087.86061368996,272058.8895969252,234558.54247177741,272714.7562992698,236835.80076450296,272714.7562992698,242278.76243125173,271884.47767489334,179032.23505112238,191143.2911479081,279705.7598973835,192825.25562643222
2025-02-26,200623.6569046896,246678.26218567902,283063.69140075246,244046.5440269818,283745.15810729325,246416.60233491845,283745.15810729325,252077.16403733465,282882.8794776716,186273.83623811312,198874.49241515054,291020.9617520893,200623.6569046896
2025-02-27,200867.35376714877,246977.95832716042,283407.5869731764,244343.04020966194,284089.8536694175,246715.99848026223,284089.8536694175,252383.36009513112,283226.57505267044,186500.1333245904,199116.0893046464,291374.5571996296,200867.35376714877
2025-02-28,192337.84737586192,236488.45046721512,271371.07795403997,233965.53243363998,272025.34462930023,236236.99062818475,272025.34462930023,241666.35206471654,271197.0660387792,178579.6273896367,190660.08296843423,278998.54792610055,192337.84737586192
2025-03-03,190875.6516754549,234690.2557548147,269307.684021459,232186.53766478202,269957.15071083367,234440.59591049142,269957.15071083367,239829.15746699544,269134.8721026697,177221.83138224191,189210.48723097696,276876.95416465646,190875.6516754549
2025-03-04,191850.45365094356,235889.05818425232,270683.2868091921,233372.54006827972,271335.95350505173,235638.1983374972,271335.95350505173,241053.9599491236,270509.6748887815,178127.03321668215,190176.88918944253,278291.35703102,191850.45365094356
2025-03-05,194774.85957740954,239485.46547256524,274810.09517239133,236930.5472787728,275472.3618877059,239231.0056185145,275472.3618877059,244728.36739550802,274634.083247117,180842.63872000284,193076.09506483926,282534.56563011056,194774.85957740954
2025-03-06,197455.55411576442,242782.1587558847,278592.9874651293,240192.0406338086,279264.0541625148,242524.39890855737,279264.0541625148,248096.56053315374,278414.77554433723,183331.93364831514,195733.68965025796,286424.15770545846,197455.55411576442
2025-03-07,196480.75214027576,241583.35632644707,277217.3846773962,239006.0382303109,277885.25136829674,241326.7964815516,277885.25136829674,246871.7580510256,277039.9727582254,182426.7318138749,194767.2876917924,285009.75483909494,196480.75214027576
2025-03-10,192581.55876397304,236788.16447220856,271714.99402450124,234262.04628909728,272370.06073714554,236536.40461915918,272370.06073714554,241972.56637345525,271540.7820998945,178805.9379646451,190901.69425841226,279352.1644498432,192581.55876397304
2025-03-11,193312.64935135058,237687.25289665276,272746.68074177305,235151.53483713767,273404.1474235183,237434.59305519052,273404.1474235183,242891.1545468447,272571.86882489105,179484.82922407694,191626.4849268998,280412.9507924641,193312.64935135058
2025-03-12,193312.64935135058,237687.25289665276,272746.68074177305,235151.53483713767,273404.1474235183,237434.59305519052,273404.1474235183,242891.1545468447,272571.86882489105,179484.82922407694,191626.4849268998,280412.9507924641,193312.64935135058
2025-03-13,191119.34853791408,234989.9518962961,269651.57959388295,232483.03384746215,270301.8462729579,234739.9920558352,270301.8462729579,240135.35352479192,269478.5676776685,177448.1284687192,189452.0841204728,277230.54961219674,191119.34853791408
2025-03-14,200867.35376714877,246977.95832716042,283407.5869731764,244343.04020966194,284089.8536694175,246715.99848026223,284089.8536694175,252383.36009513112,283226.57505267044,186500.1333245904,199116.0893046464,291374.5571996296,200867.35376714877
2025-03-17,199892.5517916601,245779.15589772278,282031.9841854433,243157.03780616424,282711.05087519943,245518.39605325647,282711.05087519943,251158.55761300298,281851.7722665586,185594.93149015016,198149.6873461808,289960.1543332661,199892.5517916601
2025-03-18,204766.5471434515,251773.15018139893,288909.97762607137,249087.03215087554,289605.0443005687,251506.39034265466,289605.0443005687,257282.55177270147,288725.76571100135,190120.9271738202,202981.68273802652,297032.1475888813,204766.5471434515
2025-03-19,206716.15109442882,254170.7550402742,291661.1832015375,251459.03695787094,292362.6498890048,253901.5951966662,292362.6498890048,259732.15673695775,291475.371283225,191931.33084270067,204914.48665495767,299860.95332160837,206716.15109442882
2025-03-20,206716.15109442882,254170.7550402742,291661.1832015375,251459.03695787094,292362.6498890048,253901.5951966662,292362.6498890048,259732.15673695775,291475.371283225,191931.33084270067,204914.48665495767,299860.95332160837,206716.15109442882
2025-03-21,199405.15806674174,245179.76361475998,281344.19304059545,242564.04544080398,282021.65975095093,244919.6037625689,282021.65975095093,250546.16549741002,281164.3811165609,185142.3373171956,197666.4935671891,289252.9634381855,199405.15806674174
2025-03-24,198430.35609125308,243980.96118532235,279968.59025286237,241378.04303730628,280642.85695673287,243722.00133556314,280642.85695673287,249321.36301528188,279789.57833044906,184237.13548275537,196700.09160872354,287838.560571822,198430.35609125308
2025-03-25,195018.55643986873,239785.16161404664,275153.99074481527,237227.04346145294,275817.0574498302,239530.40176385827,275817.0574498302,245034.5634533045,274977.77882211586,181068.93580648012,193317.6919543351,282888.16107765085,195018.55643986873
2025-03-26,195505.9501647871,240384.55389700943,275841.78188966314,237820.0358268132,276506.4485740787,240129.19405454583,276506.4485740787,245646.95556889745,275665.16997211357,181521.52997943468,193800.8857333268,283595.3519727314,195505.9501647871
2025-03-27,195786.49377166302,242294.9368902804,279520.1658313632,239602.4187514196,280216.83253294486,242027.5770413795,280216.83253294486,247817.33870164328,279335.55390952213,181781.79884464323,194078.75885098247,287661.73612257093,195786.49377166302
2025-03-28,199402.70537673504,246193.12085645174,283479.26396392524,243496.05119844683,284177.06854529295,245925.92041016728,284177.06854529295,251724.57257189736,283294.75831049506,185133.40960056364,197657.17033474712,291634.4356783598,199402.70537673504
2025-03-31,201526.5019827989,248812.71667020296,286498.45913909614,246086.0470595003,287203.6637086383,248545.5162239185,287203.6637086383,254403.36829104408,286313.95348566596,187101.80645496427,199758.76697628765,294742.430711624,201526.5019827989
2025-04-01,202789.30625258954,250370.321936774,288293.66520904243,247626.05226656207,289003.2697934619,250103.12149048955,289003.2697934619,255996.17367663368,288109.15955561225,188272.21041233122,201008.37120144634,296590.4369600981,202789.30625258954
2025-04-02,202014.39399062665,249414.5068122623,287192.0477774018,246681.03731294879,287898.95231909666,249147.30636597783,287898.95231909666,255018.7582103251,287007.5421239716,187553.99904758512,200241.55906765728,295456.41901576216,202014.39399062665
2025-04-03,203879.89563285382,251715.50883786654,289844.05011199653,248956.03931566485,290557.45465941343,251448.30839158208,290557.45465941343,257371.7602817057,289659.54445856635,189283.00056964933,202087.5606927183,298186.42141902144,203879.89563285382
2025-04-07,197651.9954138902,244033.70856778597,280990.44980071724,241361.03904863604,281682.1543473712,243766.5081215015,281682.1543473712,249516.36000552162,280805.94414728705,183510.80036670744,195924.7604760435,289072.42109858687,197651.9954138902
2025-04-08,199029.6050482896,245732.9204513309,282948.8634970063,243041.05079790362,283645.3680772296,245465.72000504643,283645.3680772296,251253.97215762123,282764.3578435761,184787.6092961508,197287.9700097349,291088.43519770796,199029.6050482896
2025-04-09,201526.5019827989,248812.71667020296,286498.45913909614,246086.0470595003,287203.6637086383,248545.5162239185,287203.6637086383,254403.36829104408,286313.95348566596,187101.80645496427,199758.76697628765,294742.430711624,201526.5019827989
2025-04-10,205888.90055953534,254193.51491467928,292700.0571157807,251406.04532381304,293420.46168036375,253926.31446839482,293420.46168036375,259905.76649584755,292515.55146235053,191145.00513584196,204075.56556790142,301126.4286287993,205888.90055953534
2025-04-11,209017.19278632672,258052.10532681918,297147.2460653657,255221.03584429034,297878.55060286436,257784.9048805347,297878.55060286436,263851.55669131264,296962.7404119355,194044.3979314047,207171.15787594585,305704.417253372,209017.19278632672
2025-04-14,210567.00362502606,259963.7186958072,299350.46147369087,257111.04906221636,300087.16604895506,259696.51824952275,300087.16604895506,265806.3703624247,299165.9558202607,195480.80797702848,208704.76860134868,307972.43311488326,210567.00362502606
2025-04-15,210509.59410010846,259892.90694730257,299268.84793304146,257041.0374464632,300005.3524751178,259625.7065010181,300005.3524751178,265733.95834841713,299084.3422796113,195427.59914905607,208647.95917599468,307888.41917597945,210509.59410010846
2025-04-16,215618.19333373578,266194.1060020206,306531.2468435639,263271.03651186236,307285.55138296995,265926.90555573616,307285.55138296995,272177.55738177284,306346.74119013373,200162.39843875944,213703.15841763286,315364.41805445845,215618.19333373578
2025-04-17,217397.6012164262,268388.915724921,309060.8580496186,265441.04612489947,309821.36261649046,268121.71527863655,309821.36261649046,274421.9673243998,308876.3523961884,201811.60574466764,215463.96621792583,317968.429590103,217397.6012164262
2025-04-18,217914.204829326,269026.1201812503,309795.263185727,266071.0505308748,310557.56776518736,268758.9197349659,310557.56776518736,275073.57188143715,309610.7575322968,202290.4090932089,215975.1697930601,318724.4348772734,217914.204829326
2025-04-21,221960.89891730816,274017.51288907503,315548.054781186,271006.043321097,316324.459340047,273750.3124427906,316324.459340047,280177.76442446694,315363.5491277558,206041.00361377775,219979.56394284038,324646.42622554,221960.89891730816
2025-04-22,229365.49596129925,283150.7092429874,326074.4505789155,280036.03971620806,326876.6551274768,282883.50879670295,326876.6551274768,289517.3606959818,325889.9449254853,212903.80087406217,227306.76101773052,335482.4218996733,229365.49596129925
2025-04-23,215532.09957419903,266087.91369931673,306408.8557150239,263166.0441221834,307162.8602761737,265820.7132530323,307162.8602761737,272068.9652530192,306224.3500615937,200082.60422260343,213617.9645928648,315238.4271868437,215532.09957419903
2025-04-24,217885.49322425397,268990.7058669803,309754.44668792427,266036.03637834796,310516.65122694883,268723.5054206959,310516.65122694883,275037.3572436808,309569.9410344941,202263.7983372885,215946.75830929546,318682.41789424117,217885.49322425397
2025-04-25,216393.10559569867,267149.9211265323,307632.86427520454,264216.05146547564,308389.8688573352,266882.7206802479,308389.8688573352,273154.97284808144,307448.35862177436,200880.60980350553,214469.97055142192,316498.4359987944,216393.10559569867
2025-04-28,214527.6039534715,264848.91910092806,304980.8619406098,261941.04946275958,305731.3665170184,264581.7186546436,305731.3665170184,270801.9707767008,304796.35628717963,199151.60828144132,212623.9689263609,313768.4335955351,214527.6039534715
2025-04-29,216020.00526725323,266689.72072141146,307102.4638082856,263761.0510649324,307858.1683892718,266422.520275127,307858.1683892718,272684.3724338053,306917.9581548554,200534.8094990927,214100.77022640972,315952.43551814253,216020.00526725323
2025-04-30,214699.8051577714,265061.3205863711,305225.6636526459,262151.05093141797,305976.76823325065,264794.1201400866,305976.76823325065,271019.1722957132,305041.15799921576,199311.20939762171,212794.3701180723,314020.43535792513,214699.8051577714
2025-05-06,218746.4992457536,270052.7132941959,310978.45524810493,267086.0437216402,311743.65980811033,269785.51284791145,311743.65980811033,276123.36483874306,310793.94959467475,203061.8039181906,216798.7642678526,319942.42670619185,218746.4992457536
2025-05-07,220439.79968368085,272141.313834357,313385.6558706635,269151.0442556978,314156.7604321948,271874.1133880726,314156.7604321948,278259.1653911112,313201.15021723334,204631.20432407438,218474.3647012022,322420.427347061,220439.79968368085
2025-05-08,217168.00417243512,268105.7193710086,308734.4622518891,265161.0497297884,309494.16682906065,267838.5189247242,309494.16682906065,274132.3710528849,308549.9565984589,201598.80848438322,215236.7691430357,317632.4339159697,217168.00417243512
2025-05-09,216421.80351554425,267185.31856076693,307673.6613180512,264251.04892870196,308430.76589293394,266918.1181144825,308430.76589293394,273191.17022433266,307489.15566462104,200907.20787555753,214498.36849301128,316540.432954666,216421.80351554425
2025-05-12,211973.29749404461,261698.31113355135,301349.65275787056,258826.04158540972,302091.25731177244,261431.1106872669,302091.25731177244,267580.1626292704,301165.1471044404,196784.20229465544,210096.36253445415,310030.4241427153,211973.29749404461
2025-05-13,207571.71438297463,256267.69552957558,295092.1027764219,253455.72502139196,295818.3101368832,256002.4296839973,295818.3101368832,262027.01434467273,294909.53172369784,192702.0910444238,205738.3915360975,303590.68730758864,207571.71438297463
2025-05-14,209360.92181762887,258476.2047065451,297635.9133466619,255640.43409946546,298368.4207333016,258208.8388522407,298368.4207333016,264285.22372816043,297451.24228521175,194363.19794678473,207511.4989038515,306207.29818033415,209360.92181762887
2025-05-15,207827.32632717324,256583.21027290367,295455.51975811896,253767.83960583791,296182.62716063735,256317.64441330638,296182.62716063735,262349.6294197841,295272.6486913759,192939.40213346266,205991.70337281702,303964.50477527815,207827.32632717324
2025-05-16,211405.7259615345,261000.2098215773,300543.1192382711,258137.23915937528,301282.826639502,260730.44396240916,301282.826639502,266866.0289583011,300356.0481719572,196261.6017940023,209537.90301046846,309197.70424055296,211405.7259615345
2025-05-19,212428.11279854013,262262.193573828,301996.7005237478,259385.62308672056,302740.00787863013,261991.22773010936,302740.00787863013,268156.41234491306,301808.4294728834,197210.78957342886,210551.08996592043,310692.88499044615,212428.11279854013
2025-05-20,220862.9260834141,272673.7099720194,313988.9194115537,269684.9393081962,314761.9268132138,272392.84411270823,314761.9268132138,278802.2291121288,313790.74834509677,205041.70190715574,218910.00313125132,323028.3044187947,220862.9260834141
2025-05-21,224696.92242702676,277406.2054587557,319439.914213075,274366.4348435699,320226.4216018605,277120.83960373607,320226.4216018605,283641.22449729877,319237.2431509096,208601.19851255202,222709.49950776575,328635.2990715428,224696.92242702676
2025-05-22,221118.5227926655,272989.2059100821,314352.3147329229,269997.0352900325,315126.2221229958,272708.0400546333,315126.2221229958,279124.82495878177,314153.8436703283,205278.9988520124,219163.2998701143,323402.099606268,221118.5227926655
2025-05-23,221629.7162111683,273620.1977862074,315079.1053756612,270621.22725370515,315854.8127425599,273338.4319384834,315854.8127425599,279770.01665208774,314880.0343207914,205753.59274172568,219669.8933478403,324149.6899812146,221629.7162111683
2025-05-26,218051.31657680703,269203.1982375338,309991.5058955091,266251.8277001678,310754.6132636952,268925.6323893806,310754.6132636952,275253.61711357074,309796.63484021014,202431.39308118605,216123.69371018885,318916.4905159398,218051.31657680703
2025-05-27,223163.32693657113,275513.2110251143,317259.5206245321,272493.84034994233,318040.62802919623,275229.64516480174,318040.62802919623,281705.63018892246,317058.6495570738,207177.40269922995,221189.70397673128,326392.5056664868,223163.32693657113
2025-05-28,221884.48056717523,273934.5583224137,315479.1470393756,270932.47392082255,316256.65443674417,273652.66048446536,316256.65443674417,280091.39881755586,315279.2553407292,205990.15654753006,219922.39552161418,324570.31136340555,221884.48056717523
2025-05-29,221608.1841244281,273593.4627139409,315051.8627024652,270595.17826342623,315827.73200226814,273311.9648708427,315827.73200226814,279742.6033082175,314852.63751524466,205733.6598498658,219648.59904668055,324122.2340794257,221608.1841244281
2025-05-30,223265.9957184375,275640.0770270665,317408.67918500915,272618.9924170975,318189.9485225776,275356.17916718364,318189.9485225776,281835.41794444795,317207.6539852001,207272.67061303413,221291.41053578578,326546.8510361365,223265.9957184375
2025-06-03,227134.1953231872,280415.47653911903,322907.87862310425,277341.191934586,323701.7479593852,280125.9786798084,323701.7479593852,286718.61744548555,322702.65342372435,210863.67024610794,225124.61014411174,332204.2504580668,227134.1953231872
2025-06-04,227410.4917659343,280756.57214759185,323300.6735659601,277678.4875919823,324095.4428906539,280466.67429343105,324095.4428906539,287067.4129548239,323095.14837044256,211120.1669437722,225398.40661904536,332608.34525543964,227410.4917659343
2025-06-05,225752.6801719249,278709.95783446624,320943.85708341614,275654.67343831103,321733.22637034446,278422.4599970901,321733.22637034446,284974.59831859346,320740.1319004871,209581.15618060387,223755.59512994013,330183.7282987288,225752.6801719249
2025-06-06,226305.2895261825,279392.1693825562,321729.4703818323,276329.28485775035,322520.6396992305,279103.8715316379,322520.6396992305,285672.2101273703,321525.1451887466,210094.16486452377,224303.20439955912,330991.9419797114,226305.2895261825
2025-06-09,227134.1953231872,280415.47653911903,322907.87862310425,277341.191934586,323701.7479593852,280125.9786798084,323701.7479593852,286718.61744548555,322702.65342372435,210863.67024610794,225124.61014411174,332204.2504580668,227134.1953231872
2025-06-10,228239.38109417565,281779.8589730103,324479.0583945276,278690.37456417124,325276.52768446,281488.76113429904,325276.52768446,288113.79948283907,324272.6332105972,211889.65703676498,226219.79604384623,333820.6296475581,228239.38109417565
2025-06-11,229068.28689118035,282803.16612957313,325657.46663579956,279702.2816410069,326457.6359446147,282510.8682824695,326457.6359446147,289160.2068009543,325450.14144557493,212659.16241834915,227041.20178839884,335032.9381259135,229068.28689118035
2025-06-12,229897.19268818505,283826.47328613594,326835.87487707153,280714.1887178425,327638.74420476943,283532.97543064,327638.74420476943,290206.61411906953,326627.64968055265,213428.66779993332,227862.60753295146,336245.2466042689,229897.19268818505
2025-06-13,227963.08465142854,281438.7633645375,324086.26345167175,278353.0789067749,324882.8327531913,281148.0655206764,324882.8327531913,287765.0039735007,323880.138263879,211633.16033910072,225945.9995689126,333416.5348501853,227963.08465142854
2025-06-16,230726.0820164264,284849.7601115544,328014.25970563904,281726.07569003146,328819.8289985755,284555.062271508,328819.8289985755,291253.0006470847,327805.1345207073,214198.1578929261,228683.99695775233,337457.53099638736,230726.0820164264
2025-06-17,230173.48913093217,284167.56889460876,327228.66981992737,281051.4843752388,328032.4391360381,283873.67104426265,328032.4391360381,290555.4096284079,327020.14462727087,213685.16449759758,228136.40400788508,336649.3414016417,230173.48913093217
2025-06-18,232660.19005318292,287237.47003315284,330763.8711310388,284087.18550109904,331575.74045015365,286939.9721814716,331575.74045015365,293694.6107926535,330552.64593738096,215993.6653537587,230600.60492179118,340286.242750471,232660.19005318292
2025-06-19,232383.8936104358,286896.37442468,330371.076188183,283749.8898437027,331182.04551888496,286599.2765678489,331182.04551888496,293345.81528331514,330160.15099066275,215737.16865609444,230326.80844685755,339882.1479530982,232383.8936104358
2025-06-20,234870.59453268655,289966.2755632241,333906.27749929443,286785.59096956294,334725.3468330005,289665.57770505786,334725.3468330005,296485.01644756075,333692.65230077284,218045.66951225555,232791.00936076365,343519.04930192744,234870.59453268655
2025-06-23,237909.88834043153,293718.36791871383,338227.06869611755,290495.8834102158,339056.0380096534,293413.27006951213,339056.0380096534,300321.8086304831,338010.14350431936,220867.1637637452,235802.803224537,347964.14024550235,237909.88834043153
2025-06-24,238462.48122592576,294400.5591356595,339012.6585818292,291170.4747250084,339843.4278721908,294094.66129675746,339843.4278721908,301019.39964915987,338795.1333977558,221380.15715907371,236350.39617440425,348772.329840248,238462.48122592576
2025-06-25,240949.1821481765,297470.46027420356,342547.8598929407,294206.17585086863,343386.7291863063,297160.9624339664,343386.7291863063,304158.6008134055,342327.6347078659,223688.65801523483,238814.59708831034,352409.23118907725,240949.1821481765
2025-06-26,243435.88307042726,300540.36141274765,346083.0612040521,297241.87697672885,346930.0305004218,300227.26357117534,346930.0305004218,307297.8019776511,345860.136017976,225997.15887139595,241278.79800221644,356046.1325379065,243435.88307042726
2025-06-27,236804.6861006797,292353.9651536782,336655.86551198974,289146.68067598384,337481.23481823,292050.467307719,337481.23481823,298926.6058030295,336440.1403226234,219841.16168449676,234707.60100505076,346347.7369697741,236804.6861006797
2025-06-30,236528.3896579326,292012.8695452054,336263.0705691339,288809.3850185875,337087.5398869613,291709.77169409633,337087.5398869613,298577.8102936911,336047.6453759052,219584.6649868325,234433.80453011714,345943.6421724013,236528.3896579326
2025-07-01,235897.82350242237,291234.41816755594,335366.63051888265,288039.60592248326,336189.04587529146,290932.2331881885,336189.04587529146,297781.7861350159,335151.88997946016,218999.28598253147,233808.9438229919,345021.4134954499,235897.82350242237
2025-07-02,235905.13103666896,291243.4670716655,335377.04764217034,288048.5615389216,336199.4940944695,290941.2509964077,336199.4940944695,297791.02161446796,335162.30710274784,219006.06488664105,233816.18916545765,345032.14157764165,235905.13103666896
2025-07-03,235912.43857091555,291252.5159757751,335387.464765458,288057.51715535996,336209.9423136476,290950.2688046269,336209.9423136476,297800.25709392,335172.7242260355,219012.87488664105,233823.4345079234,345042.86965983344,235912.43857091555
2025-07-04,235436.8842244306,290778.7029991531,334915.02000801417,287583.6108910668,335737.52865209413,290476.42473211454,335737.52865209413,297326.63069264055,334700.2794685917,218536.8230059095,233347.81796965763,344570.7358612937,235436.8842244306
2025-07-07,232282.23371233995,287579.45148613316,331720.7531525284,284383.9062273619,332543.3750842796,287277.05993142334,332543.3750842796,294128.05890564795,331506.01261310594,215577.60153604657,230217.26602508462,341377.488594849,232282.23371233995
2025-07-08,241835.83527829702,299466.2298023907,345473.9985496289,296134.3231005263,346331.09796648676,299150.7039676402,346331.09796648676,306290.87477399234,345249.3762042854,224443.20298923165,239686.0675771419,355538.17653622373,241835.83527829702
2025-07-09,241835.83527829702,299466.2298023907,345473.9985496289,296134.3231005263,346331.09796648676,299150.7039676402,346331.09796648676,306290.87477399234,345249.3762042854,224443.20298923165,239686.0675771419,355538.17653622373,241835.83527829702
2025-07-10,242432.9275908714,300205.620282909,346326.9875675923,296865.41368790384,347186.1869574135,299889.2944584582,347186.1869574135,307047.06503821735,346101.7652299736,224997.29585541398,240277.85995795167,356415.965234897,242432.9275908714
2025-07-11,240641.63285818155,297987.42680551676,343767.99509232095,294672.12013729324,344620.89450066735,297673.50097400876,344620.89450066735,304778.4717090261,343544.5727494095,223335.00074340013,238502.4651785079,353782.5729783986,240641.63285818155
2025-07-14,241835.83527829702,299466.2298023907,345473.9985496289,296134.3231005263,346331.09796648676,299150.7039676402,346331.09796648676,306290.87477399234,345249.3762042854,224443.20298923165,239686.0675771419,355538.17653622373,241835.83527829702
2025-07-15,254972.0263096338,315733.01869632874,364239.98573725286,312218.51211913343,365143.28512256796,315399.89287359454,365143.28512256796,322927.2634155882,364002.1634009216,236633.39466644436,252705.65868808664,374849.7633513425,254972.0263096338
2025-07-16,253180.73157694394,313514.8252189365,361680.9932619815,310025.21856852283,362577.9926658218,313184.0993891451,362577.9926658218,320658.6700863969,361444.9709203575,234971.09955443052,250930.26390864287,372216.37109484413,253180.73157694394
2025-07-17,265122.73798313196,328302.8331518379,378741.0024136788,324647.22641237493,379680.0018400496,327956.10731346346,379680.0018400496,335782.6781995428,378492.98006561736,246053.1054992786,262766.2702579681,389772.3805126165,265122.73798313196
2025-07-18,263331.4432504421,326084.63967444573,376182.0099384076,322453.9328617644,377114.7093833035,325740.3138290141,377114.7093833035,333514.0848703516,375935.78758505324,244390.8103872648,260990.87547852434,387138.98825611814,263331.4432504421
2025-07-21,264525.6278755909,327563.4206354824,377887.9879743344,323916.1140365195,378824.88736515696,327217.4948106501,378824.88736515696,335026.4653988016,377640.5656364296,245498.99611962945,262174.46024014393,388894.56565346464,264525.6278755909
2025-07-22,263331.4432504421,326084.63967444573,376182.0099384076,322453.9328617644,377114.7093833035,325740.3138290141,377114.7093833035,333514.0848703516,375935.78758505324,244390.8103872648,260990.87547852434,387138.98825611814,263331.4432504421
2025-07-23,262137.24083032663,324605.8366775719,374476.00648109976,320991.7298985314,375404.5059174841,324263.1108353827,375404.5059174841,332001.6818053854,374230.9841301773,243282.6081414333,259807.27307989038,385383.38469829306,262137.24083032663
2025-07-24,262734.333142901,325345.2271580902,375328.99549906317,321722.82048590895,376259.59490841086,325001.70132620074,376259.59490841086,332757.8720696104,375083.37315586547,243836.70100761563,260399.06546070016,386261.1733969663,262734.333142901
2025-07-25,263928.5355630164,326824.030154964,377034.99895637087,323185.0234491419,377969.79837423016,326478.90431983204,377969.79837423016,334270.27513457654,376788.1766107414,244944.9032534471,261582.6678593341,388016.77695479133,263928.5355630164
2025-07-28,269302.4375560527,333478.6326229778,384712.00180356554,329764.9258894514,385665.70122843434,333126.3067851755,385665.70122843434,341076.07765866636,384459.77945593337,249931.80510295538,266908.86983467964,395916.97988476494,269302.4375560527
2025-07-29,277661.83670189435,343830.23156525765,396654.00058333937,340000.3248436045,397637.10000520403,343466.7057285998,397637.10000520403,351662.87657691364,396393.3782365654,257689.204310309,275194.06898810307,408206.178629062,277661.83670189435
2025-07-30,277661.83670189435,343830.23156525765,396654.00058333937,340000.3248436045,397637.10000520403,343466.7057285998,397637.10000520403,351662.87657691364,396393.3782365654,257689.204310309,275194.06898810307,408206.178629062,277661.83670189435
2025-07-31,278856.03912200977,345309.03456213145,398360.00404064707,341462.52780683746,399347.30347102333,344943.9087222311,399347.30347102333,353175.2796418798,398098.18169144134,258797.40655614046,276377.6713867369,409961.78218688705,278856.03912200977
2025-08-01,272885.02702143247,337915.0195777622,389829.9867541081,334151.51299067255,390796.2861419266,337557.89375407435,390796.2861419266,345613.26431704883,389574.1644170616,253256.39532698304,270459.65939356724,401183.76439776167,272885.02702143247
2025-08-04,273482.13712897355,338654.43209411774,390683.0011934525,334882.625366528,391651.4006168192,338296.5062568877,391651.4006168192,346369.47711779,390426.5788462494,253810.5047066322,271051.4694113914,402061.5792569135,273482.13712897355
2025-08-05,274676.33954908897,340133.23509099154,392389.0046507602,336344.82832976093,393361.6040826385,339773.709250519,393361.6040826385,347881.88018275617,392131.3823011253,254918.70695246366,272235.07181002526,403817.18281473854,274676.33954908897
2025-08-06,275870.5419692045,341612.03808786545,394095.00810806814,337807.031292994,395071.80754845793,341250.9122441504,395071.80754845793,349394.28324772243,393836.1857560013,256026.90919829518,273418.67420865933,405572.7863725637,275870.5419692045
2025-08-07,275273.4318616634,340872.62557150994,393241.99366872374,337075.91891713854,394216.6930735653,340512.2997413371,394216.6930735653,348638.07044698123,392983.7713268135,255472.79981864602,272826.86419083516,404694.97151341185,275273.4318616634
2025-08-08,274079.2294415479,339393.822574636,391535.9902114158,335613.7159539055,392506.4896077459,339035.09674770565,392506.4896077459,347125.667382015,391278.96787193755,254364.5975728145,271643.2617922011,402939.3679555867,274079.2294415479
2025-08-11,281244.426167274,348266.618520042,401771.9855338817,344386.91194482555,402767.6849186962,347898.2926974985,402767.6849186962,356200.063235296,401507.7631976936,261013.7945343366,278744.85854699044,413472.96314205864,281244.426167274
2025-08-12,288409.6406879669,357139.4365012852,412008.0062777287,353160.1297242236,413028.9057136124,356761.51065928675,413028.9057136124,365274.48162509326,411736.5839269493,267663.0080093256,285846.4729387943,424006.5844890092,288409.6406879669
2025-08-13,304531.328872109,377103.2218694893,435038.9893979317,372899.81525667425,436116.58879225905,376703.69604332186,436116.58879225905,385691.8666608465,434751.36705902556,282623.6970443836,301825.06122781674,447707.16711845144,304531.328872109
2025-08-14,297963.2422539239,368969.8384404388,425656.0085148101,364857.7316416096,426710.5079562013,368579.1125963423,426710.5079562013,377373.68360830663,425374.98616245727,276528.60946251056,295315.27449085144,438051.3867911313,297963.2422539239
2025-08-15,300948.7394067293,372666.8349147049,429921.0044473893,368513.22815545317,430986.00387876685,372272.1090744231,430986.00387876685,381154.6800024641,429636.98209789733,279299.106820356,298274.27166892926,442440.38260545477,300948.7394067293
2025-08-18,312890.7280179506,387454.8208117691,446980.98817770544,383135.2142108273,448087.9875690287,387044.0949867461,448087.9875690287,396278.66557909374,446684.9658396576,290381.0962517372,310110.26038124005,459996.36586274847,312890.7280179506
2025-08-19,318264.6300109869,394109.4232797829,454657.9910249001,389715.11665113684,455783.89042323286,393691.49745208956,455783.89042323286,403084.46810318355,454356.56868484954,295367.9981012455,315436.46235658566,467896.5687927221,318264.6300109869
2025-08-20,321250.1271637922,397806.4197540489,458922.98695747915,393370.6131649804,460059.3863457983,397384.4939301703,460059.3863457983,406865.46449734096,458618.5646202896,298138.4954590908,318395.45953466336,472285.5646070455,321250.1271637922
2025-08-21,320653.0348512178,397067.0292735306,458069.99793951574,392639.5225776028,459204.2973548716,396645.9034393523,459204.2973548716,406109.27423311595,457766.17559460143,297584.4025929085,317803.6671538536,471407.77590837225,320653.0348512178
2025-08-22,333789.2436775213,413333.8402033058,476836.0105485207,408723.73338468786,478016.50999491866,412895.11435730197,478016.50999491866,422745.685411228,476518.98819473723,309774.610783588,330823.2759018127,490719.38888396963,333789.2436775213
2025-08-25,350508.0419692045,434037.03808786545,500720.00810806814,429194.531292994,501959.30754845793,433575.9122441504,501959.30754845793,443919.28324772243,500386.1857560013,325289.4091982952,347393.67420865933,515297.7863725637,350508.0419692045
2025-08-26,351105.1342817789,434776.4285683838,501572.99712603155,429925.62188037153,502814.3965393847,434314.50273496844,502814.3965393847,444675.47351194744,501238.57478168944,325843.50206447754,347985.4665894691,516175.57507123693,351105.1342817789
2025-08-27,354090.6314345842,438473.42504264985,505837.9930586106,433581.11839421507,507089.89246195013,438007.4992130492,507089.89246195013,448456.46990610484,505500.5707171295,328613.99942232284,350944.4637675468,520564.57088556036,354090.6314345842
2025-08-28,380363.0490871912,471007.0469022003,543370.0182766205,465749.54000838514,544714.3177420443,470505.92104894854,544714.3177420443,481729.2922623289,543006.1959174011,352994.41580368194,376983.6812634651,559187.7968367551,380363.0490871912
2025-08-29,385139.82317771966,476922.2148180214,550193.9812630898,471598.3082843613,551555.08063739,476414.68899948336,551555.08063739,487778.85944916133,549825.3589299057,357427.19176007423,381718.05558397213,566210.1587470983,385139.82317771966
2025-09-01,403649.9339970594,499843.6282158104,576636.9967192895,494262.4215317559,578063.1961316413,499311.3023827765,578063.1961316413,511221.0731513632,576249.7743752334,374604.30180026207,400063.8663072769,593421.9746526693,403649.9339970594
2025-09-02,380960.14139976556,471746.43738271866,544223.007294584,466480.6305957627,545569.4067329711,471244.51153976656,545569.4067329711,482485.4825265539,543858.5849430893,353548.50866986427,377575.47364427487,560065.5855354284,380960.14139976556
2025-09-03,385736.95108022745,477661.6493702141,551047.0211238152,472329.44244869467,552410.2205962485,477153.323514292,552410.2205962485,488535.0947864187,550677.7987625931,357981.3176531902,382309.8832388107,567087.9997667287,385736.95108022745
2025-09-04,353493.5391220098,437734.0345621315,504985.0040406472,432850.0278068375,506234.8034710234,437268.90872223116,506234.8034710234,447700.27964187984,504648.18169144134,328059.9065561405,350352.671386737,519686.7821868871,353493.5391220098
2025-09-05,376780.42403187806,466570.6158757416,538251.9824833161,461362.90933020826,539583.6818606204,466074.29005605914,539583.6818606204,477192.0605309141,537891.7601492737,349669.79255272064,373432.8564305488,553920.9600028013,376780.42403187806
2025-09-08,364838.43542065675,451782.6299786774,521191.99875299993,446740.9232748341,522481.6981703585,451302.30414373614,522481.6981703585,462068.0749542845,520843.7764075134,338587.8031213394,361596.86771823803,536364.9767455076,364838.43542065675
2025-09-09,357076.12858738954,442170.4215169159,510102.98899118963,437236.6149080586,511365.3883845156,441700.49569112994,511365.3883845156,452237.46630026225,509762.56665256957,331384.49678016815,353903.4609456245,524953.5666998838,357076.12858738954
2025-09-10,370809.4297262674,459176.6229272095,529721.990618158,454051.9163025212,531032.6900154895,458688.29709989764,531032.6900154895,469630.0677425993,529367.7682783935,344128.79783703,367514.86207439343,545142.9683741544,370809.4297262674
2025-09-11,407829.6513649469,505019.4497227875,582608.0215305573,499380.1427973103,584048.921003992,504481.52386648394,584048.921003992,516514.495147003,582216.5991690491,378483.0179174057,404206.4835210029,599566.6001852964,407829.6513649469
2025-09-12,401261.5291568285,496886.0222220627,573224.9898046738,491338.0156052899,574642.7892000026,496356.8963955138,574642.7892000026,508196.2670214308,572840.1674654816,372387.8973085991,397696.66151000897,589910.7675370191,401261.5291568285
2025-09-15,398276.03200402315,493189.02574779664,568959.9938720948,487682.51909144636,570367.2932774371,492663.89991743304,570367.2932774371,504415.27062727336,568578.1715300415,369617.3999507538,394737.6643319313,585521.7717226957,398276.03200402315
2025-09-16,399470.2522191053,494667.85078050767,570666.0227507836,489144.74384315725,572077.5222272223,494141.1249230597,572077.5222272223,505927.69622875575,570283.000388417,370725.6187100521,395921.2843675796,587277.4014409994,399470.2522191053
2025-09-17,401858.62146940286,497625.41270258103,574077.9788226372,492069.10619266744,575497.8781909293,497095.4868863318,575497.8781909293,508952.4572856558,573692.5564911697,372941.9901747814,398288.45389081875,590788.5562356923,401858.62146940286
2025-09-18,406635.43114986474,503540.62469007645,580901.9926518685,497917.9180455994,582338.6920542067,503004.29886085726,582338.6920542067,515002.0695455206,580511.7703106735,377374.7991581074,403022.8634853546,597810.9704669927,406635.43114986474
2025-09-19,412009.333142901,510195.2271580902,588578.9954990632,504497.82048590895,590034.5949084109,509651.70132620074,590034.5949084109,521807.8720696104,588183.3731558655,382361.70100761566,408349.0654607002,605711.1733969663,412009.333142901
2025-09-22,424548.4496566301,525722.6476073471,606492.0190901047,519850.94070561643,607991.7185575312,525162.3217533324,607991.7185575312,537688.0929834974,606083.7967303131,393997.8163321129,420776.88182784955,624144.9976738904,424548.4496566301
2025-09-23,426339.72659435327,527940.8190489021,609050.986143995,522044.2124677491,610556.9855303115,527378.0932257865,610556.9855303115,539956.6637761724,608640.9638073776,395660.09493065986,422552.2589702789,626778.3637699102,426339.72659435327
2025-09-24,427533.94680943544,529419.6440816132,610757.0150226838,523506.43721946,612267.2144800967,528855.3182314131,612267.2144800967,541469.0893776548,610345.7926657532,396768.3136899582,423735.87900592724,628533.9934882139,427533.94680943544
2025-09-25,433504.9411150461,536813.6370301453,619287.0068878419,530817.430247147,620818.2063252276,536241.3111875746,620818.2063252276,549031.0821659697,618869.7845366333,402309.3084056488,429653.87336208264,637311.9851168607,433504.9411150461
2025-09-26,417383.2351359373,516849.829626104,596255.9983462578,511077.72292621847,597730.4977626151,516299.1037915442,597730.4977626151,528613.6745937002,595854.9760010574,387348.60285712394,413675.2674360458,613611.3763269399,417383.2351359373
2025-09-29,426936.81890692766,528680.2095294205,609903.9751619584,522775.3030551266,611412.0745212382,528116.6837166045,611412.0745212382,540712.8540403974,609493.3528330658,396214.1877968422,423144.0513510887,627656.1524685834,426936.81890692766
2025-09-30,423354.22944154794,524243.8225746361,604785.9902114159,518388.71595390554,606281.489607746,523685.0967477057,606281.489607746,536175.667382015,604378.9678719376,392889.59757281456,419593.2617922012,622389.3679555868,423354.22944154794
2025-10-09,428131.0391220098,530159.0345621315,611610.0040406472,524237.5278068375,613122.3034710234,529593.9087222312,613122.3034710234,542225.2796418798,611198.1816914413,397322.4065561405,424327.671386737,629411.7821868871,428131.0391220098
2025-10-10,413800.64567055757,512413.4426713196,591138.0133957154,506691.1358249974,592599.9128491229,511867.51682264544,592599.9128491229,524076.4879353178,590740.5910399292,384024.0126330963,410124.4778771583,608344.5918139432,413800.64567055757
2025-10-13,404844.1186222082,501322.4091768471,578342.9747552163,495724.602706511,579773.3741134948,500788.48336441256,579773.3741134948,512733.4536798132,577954.5524266098,375712.4875326267,401247.45106889645,595177.5520500158,404844.1186222082
2025-10-14,381557.23371233995,472485.827863237,545075.9963125474,467211.72118314024,546424.4957238978,471983.1020305846,546424.4957238978,483241.6727907789,544710.9739687775,354102.6015360466,378167.26602508465,560943.3742341016,381557.23371233995
2025-10-15,392902.1300109869,486534.4232797829,561282.9910249001,481102.61665113684,562671.3904232329,486016.49745208956,562671.3904232329,497609.46810318355,560906.5686848495,364630.4981012455,389411.46235658566,577621.5687927221,392902.1300109869
2025-10-16,395887.6271637922,490231.4197540489,565547.9869574792,484758.1131649804,566946.8863457984,489709.4939301703,566946.8863457984,501390.46449734096,565168.5646202896,367400.9954590908,392370.45953466336,582010.5646070455,395887.6271637922
2025-10-17,379168.828872109,469528.2218694893,541663.9893979317,464287.31525667425,543004.0887922591,469028.69604332186,543004.0887922591,480216.8666608465,541301.3670590256,351886.1970443836,375800.06122781674,557432.1671184514,379168.828872109
2025-10-20,391707.9453858381,485055.6423187462,559577.0129889733,479640.43547638174,560961.2124413794,484539.3164704535,560961.2124413794,496097.08757473354,559201.7906334732,363522.31236888084,388227.8775949661,575865.9913953756,391707.9453858381
2025-10-21,416189.0505107885,515371.0486650673,594550.020310331,509615.5417514634,596020.3197807616,514821.92280990817,596020.3197807616,527101.2940652502,594150.1979496811,386240.4171247593,412491.68267442624,611855.7989295934,416189.0505107885
2025-10-22,413203.5177680498,511674.0081191269,590284.97353499,505960.00166066404,591744.7728902644,511128.8823078368,591744.7728902644,523320.2525980604,589888.1512072418,383469.8867399803,409532.65022231976,607466.7507943128,413203.5177680498
2025-10-23,405441.24652471597,502061.84372903977,579196.0146159417,496455.7368708443,580628.5140723533,501527.1178792212,580628.5140723533,513489.6890170706,578806.9922592972,376266.6134257427,401839.278723735,596055.3930696462,405441.24652471597
2025-10-24,427533.94680943544,529419.6440816132,610757.0150226838,523506.43721946,612267.2144800967,528855.3182314131,612267.2144800967,541469.0893776548,610345.7926657532,396768.3136899582,423735.87900592724,628533.9934882139,427533.94680943544
2025-10-27,449626.6470941549,556777.4444341866,642318.0154294259,550557.1375680756,643905.9148878402,556183.5185836051,643905.9148878402,569448.4897382391,641884.5930722092,417270.01395417366,445632.4792881195,661012.5939067815,449626.6470941549
2025-10-28,450223.7394067293,557516.8349147049,643171.0044473893,551288.2281554531,644761.0038787669,556922.1090744231,644761.0038787669,570204.6800024641,642736.9820978973,417824.106820356,446224.27166892926,661890.3826054548,450223.7394067293
2025-10-29,456791.82602491433,565650.2183437553,652553.9853305108,559330.3117705177,654167.0847148246,565046.6925214026,654167.0847148246,578522.8630550039,652113.3629944656,423919.1944022289,452734.05840589444,671546.1629327749,456791.82602491433
2025-10-30,441864.3402608877,547165.2359724251,631229.0056676156,541052.8292013,632789.6051019973,546581.7101309989,632789.6051019973,559617.8810842169,630803.3833172653,410066.7076130024,437939.07251550595,649601.1838611577,441864.3402608877
2025-10-31,420368.7322887426,520546.82610037003,600520.9942788369,514733.219440062,602005.9936851806,519992.10026962496,602005.9936851806,532394.6709878576,600116.9719364975,390119.10021496925,416634.2646141235,618000.3721412633,420368.7322887426
2025-11-03,416757.3260393273,517555.21879017056,598097.3864269503,511700.11216944,599592.8858232804,516996.4929632402,599592.8858232804,529487.0635975495,597690.3640874721,386767.7684400554,413054.9140557514,615700.7641711212,416757.3260393273
2025-11-04,416770.2619297383,517425.8664598088,597847.2494933148,511579.58477047936,599340.5160756758,516867.99122867605,599340.5160756758,529339.8487554359,597440.8651006848,386779.77145375405,413067.75665849115,615424.2587677569,416770.2619297383
2025-11-05,416783.19782014925,517441.9430351512,597865.8137398901,511595.47477047937,599359.142514032,516884.0367081281,599359.142514032,529356.2984814633,597459.4293472602,386791.77446745266,413080.5992612309,615443.3827403596,416783.19782014925
2025-11-06,416796.1337105602,517458.0196104937,597884.3779864655,511611.3647704794,599377.7689523881,516900.0821875802,599377.7689523881,529372.7482074908,597477.9935938355,386803.7774811513,413093.44186397066,615462.5067129624,416796.1337105602
2025-11-07,416809.0696009712,517474.0961858361,597902.9422330408,511627.2547704794,599396.3953907442,516916.12766703224,599396.3953907442,529389.1979335182,597496.5578404109,386815.7804948499,413106.2844667104,615481.6306855652,416809.0696009712
2025-11-10,416856.19727220404,517532.6659118635,597970.5749727668,511685.1447704794,599464.2547058127,516974.5841053884,599464.2547058127,529449.1271116004,597564.1905801368,386859.5095359458,413153.0722749296,615551.3026033734,416856.19727220404
2025-11-11,416869.133162615,517548.74248720595,597989.1392193421,511701.0347704794,599482.8811441688,516990.62958484044,599482.8811441688,529465.5768376278,597582.7548267122,386871.5125496444,413165.91487766936,615570.4265759762,416869.133162615
2025-11-12,416882.069053026,517564.8190625484,598007.7034659175,511716.92477047944,599501.5075825249,517006.6750642925,599501.5075825249,529482.0265636552,597601.3190732875,386883.515563343,413178.7574804091,615589.550548579,416882.069053026
2025-11-13,416895.00494343694,517580.89563789085,598026.2988083833,511732.81477047945,599520.134020881,517022.75163963495,599520.134020881,529498.4762896827,597619.8833198629,386895.5185770416,413191.60008314886,615608.6745211817,416895.00494343694
2025-11-14,416907.9408338479,517596.9722132333,598044.8941508491,511748.70477047947,599538.7604592371,517038.8282149774,599538.7604592371,529514.9260157101,597638.4475664382,386907.52159074025,413204.4426858886,615627.7984937845,416907.9408338479
2025-11-17,416955.06850508077,517655.5419392607,598112.6401782463,511806.5947704795,599606.6197743056,517097.3979410048,599606.6197743056,529574.8551937923,597706.0803061642,386951.2506318361,413251.2304941078,615697.4704115927,416955.06850508077
2025-11-18,416968.00439549173,517671.6185146031,598131.2355207121,511822.4847704795,599625.2462126617,517113.4745163472,599625.2462126617,529591.3049198197,597724.6445527396,386963.25364553474,413264.07309684757,615716.5943841955,416968.00439549173
2025-11-19,416980.9402859027,517687.69508994557,598149.8308631779,511838.3747704795,599643.8726510179,517129.5510916897,599643.8726510179,529607.7546458471,597743.2087993149,386975.25665923336,413276.9156995873,615735.7183567983,416980.9402859027
2025-11-20,416993.8761763137,517703.771665288,598168.4262056437,511854.2647704795,599662.499089374,517145.6276670321,599662.499089374,529624.2043718746,597761.7730458903,386987.259672932,413289.75830232707,615754.842329401,416993.8761763137
2025-11-21,417006.81206672464,517719.84824063047,598187.0215481095,511870.15477047954,599681.1255277301,517161.7042423746,599681.1255277301,529640.654097902,597780.3372924656,386999.2626866306,413302.6009050668,615773.9663020038,417006.81206672464
2025-11-24,417054.05302562873,517778.41796665784,598254.7675755067,511928.04477047955,599748.9848427986,517220.27396840195,599748.9848427986,529700.5832759842,597847.9700321916,387042.9917277265,413349.388713286,615843.6382198121,417054.05302562873
2025-11-25,417067.0200119301,517794.4945420003,598273.3629179725,511943.93477047957,599767.6112811547,517236.3505437444,599767.6112811547,529717.0330020116,597866.534278767,387055.02583731554,413362.2313160258,615862.7621924148,417067.0200119301
2025-11-26,417079.98699823144,517810.57111734274,598291.9582604383,511959.8247704796,599786.2377195108,517252.42711908685,599786.2377195108,529733.482728039,597885.0985253423,387067.0599469046,413375.0739187655,615881.8861650176,417079.98699823144
2025-11-27,417092.9539845328,517826.6476926852,598310.5536029041,511975.7147704796,599804.8641578669,517268.5036944293,599804.8641578669,529749.9324540665,597903.6627719176,387079.09405649366,413387.9165215053,615901.0101376204,417092.9539845328
2025-11-28,417105.92097083415,517842.72426802764,598329.1489453699,511991.6047704796,599823.490596223,517284.58026977174,599823.490596223,529766.3821800939,597922.227018493,387091.1281660827,413400.759124245,615920.1341102232,417105.92097083415
2025-12-01,417153.16192973824,517901.293994055,598396.8949727671,512049.4947704796,599891.3499112915,517343.1499957991,599891.3499112915,529826.311358176,597989.859758219,387134.97049484984,413447.54693246423,615989.8060280314,417153.16192973824
2025-12-02,417166.1289160396,517917.37056939746,598415.4903152329,512065.41586637,599909.9763496476,517359.22657114157,599909.9763496476,529842.7610842035,598008.4240047943,387147.0046044389,413460.389535204,616008.9300006342,417166.1289160396
2025-12-03,417179.09590234095,517933.4471447399,598434.0856576987,512081.3369622604,599928.6027880037,517375.303146484,599928.6027880037,529859.2108102309,598027.0193472601,387159.03871402796,413473.23213794373,616028.0850691273,417179.09590234095
2025-12-04,417192.0628886423,517949.52372008236,598452.6810001645,512097.2580581508,599947.2292263599,517391.37972182647,599947.2292263599,529875.6605362584,598045.6146897259,387171.072823617,413486.0747406835,616047.2401376204,417192.0628886423
2025-12-05,417205.02987494366,517965.6002954248,598471.2763426303,512113.1791540412,599965.855664716,517407.4562971689,599965.855664716,529892.1102622858,598064.2100321917,387183.1069332061,413498.91734342324,616066.3952061135,417205.02987494366
2025-12-08,417252.27083384775,518024.1700214522,598539.0223700275,512171.1824417125,600033.7149797844,517466.0260231963,600033.7149797844,529952.039440368,598131.9560595889,387226.9492619732,413545.70515164244,616136.1804115929,417252.27083384775
2025-12-09,417265.2378201491,518040.2776926851,598557.6177124933,512187.1035376029,600052.372514031,517482.10259853874,600052.372514031,529968.4891663954,598150.5514020547,387238.98337156227,413558.5477543822,616155.335480086,417265.2378201491
2025-12-10,417278.20480645046,518056.385363918,598576.2130549591,512203.0246334933,600071.0300482776,517498.1791738812,600071.0300482776,529984.9388924228,598169.1467445205,387251.0174811513,413571.39035712194,616174.4905485791,417278.20480645046
2025-12-11,417291.1717927518,518072.49303515087,598594.8083974249,512218.9457293837,600089.6875825241,517514.25574922364,600089.6875825241,530001.3886184503,598187.7420869863,387263.0515907404,413584.2329598617,616193.6456170722,417291.1717927518
2025-12-12,417304.1387790532,518088.60070638376,598613.4037398907,512234.8668252741,600108.3451167707,517530.3323245661,600108.3451167707,530017.8383444777,598206.3374294521,387275.08570032945,413597.07556260144,616212.8006855653,417304.1387790532
2025-12-15,417351.37973795726,518147.28372008237,598681.1497672879,512292.8701129453,600176.3177195104,517588.90205059346,600176.3177195104,530077.8808102311,598274.0834568493,387318.92802909657,413643.86337082065,616282.5858910448,417351.37973795726
2025-12-16,417364.3467242586,518163.39139131526,598699.7451097537,512308.7912088357,600194.975253757,517604.9786259359,600194.975253757,530094.3616321489,598292.6787993151,387330.96213868563,413656.7059735604,616301.7409595379,417364.3467242586
2025-12-17,417377.31371056,518179.49906254816,598718.3404522195,512324.7123047261,600213.6327880035,517621.05520127836,600213.6327880035,530110.8424540666,598311.2741417809,387342.9962482747,413669.54857630015,616320.896028031,417377.31371056
2025-12-18,418545.2685288792,519350.59456579894,599891.9236267032,513495.6212326344,601387.2781542679,518792.1196086387,601387.2781542679,531282.3111080022,599484.8573162646,388437.6623947845,414837.3790110578,617495.038928542,418545.2685288792
2025-12-19,422819.5736124736,523824.62366676197,604522.4799696899,517958.26019336237,606020.7053542312,523264.74437700387,606020.7053542312,535779.1826812163,604114.4774375194,392440.13949229586,419102.89605634357,622159.858979905,422819.5736124736
2025-12-22,423682.0933535319,524893.1481227861,605755.5081908201,519014.7843747282,607256.7336440261,524331.7687986956,607256.7336440261,536871.7076865567,605346.5056357614,393240.65781428677,419957.4156142964,623428.88802501,423682.0933535319
2025-12-23,423434.4561285049,524274.7083045278,604840.9663017534,518417.94470753206,606336.7917171939,523716.0289993202,606336.7917171939,536210.0675661744,604433.7637592833,393104.6213697468,419724.1784899774,622449.5456827573,423434.4561285049
2025-12-24,423480.3388924442,524387.9140122532,605007.9323213856,518527.2286903766,606504.7381680462,523828.7444914354,606504.7381680462,536331.1167236613,604600.4029685087,393130.24188846897,419767.4467706629,622628.2768770317,423480.3388924442
2025-12-25,428794.9280679378,530968.8856483832,612600.3906502709,525034.8664792253,614116.9657455672,530402.7186248237,614116.9657455672,543062.2392577796,612188.1859302692,398064.2290138536,425035.4688502527,630276.9950908644,428794.9280679378
2025-12-26,430621.3317692431,533230.4902316465,615209.5959379657,527271.2710114194,616732.9710470426,532661.9232032232,616732.9710470426,545375.4439456132,614795.7912147215,399759.83245008514,426845.8725191331,632969.5512160993,430621.3317692431
2025-12-29,426968.52436663234,528707.2810651197,609991.1853625758,522798.4619470311,611500.9604440916,528143.5140464238,611500.9604440916,540749.0345699457,609580.5806458166,396368.6255776219,423225.06518137216,627599.9403342939,426968.52436663234
2025-12-30,422402.52872110927,523053.28645719425,603468.1915833934,517207.4672790242,604960.9666811216,522495.51943277643,604960.9666811216,534966.0400850442,603061.5868628195,392129.62962024735,418699.0694977021,620887.9467353559,422402.52872110927
2025-12-31,421945.9345996531,522487.89373649494,602815.8999814971,516648.3744772149,604306.9751011122,521930.72670435236,604306.9751011122,534387.7475304273,602409.6952557734,391705.7350777917,418246.47532474756,620216.7553767896,421945.9345996531
2026-01-05,437470.3252375277,541711.4821435346,624994.0866067393,535657.7630134297,626542.9616914976,541133.9151236943,626542.9616914976,554049.9356729654,624574.2818892172,406118.326386147,433634.86604463815,643037.5416145063,437470.3252375277
2026-01-06,453907.9313337954,562065.889692439,648476.8953158839,555785.37047822,650086.9704233396,561466.7226645879,650086.9704233396,574868.7433941034,648042.6905930212,421378.7320458226,449928.4720875001,667200.7505759931,453907.9313337954
2026-01-07,449798.5298097285,556977.2878052129,642606.1931385978,550753.4686120225,644200.9682403791,556383.5207793645,644200.9682403791,569664.0414638189,642175.5884170702,417563.6306309037,445855.0705767846,661159.9483356214,449798.5298097285
2026-01-08,435187.3274147662,538884.4848395719,621732.5897171481,532862.2656794263,623272.9648100126,538309.9178168706,623272.9648100126,551158.4384305147,621314.7849977186,403998.8284074597,431371.86820280313,639681.5448150373,435187.3274147662
2026-01-09,432904.32959200465,536057.4875356092,618471.0928275569,530066.7683454228,620002.9679285276,535485.9205100469,620002.9679285276,548266.9411880639,618055.2881062201,401879.33042877243,429108.8703609681,636325.5480155683,432904.32959200465
2026-01-12,432447.73547054845,535492.0948149097,617818.8012256605,529507.6755436134,619348.976348518,534921.1277816228,619348.976348518,547688.6486334469,617403.3964991738,401455.4358863167,428656.2761880135,635654.3566570019,432447.73547054845
2026-01-13,432711.10960563185,535818.2265187559,618195.0582302923,529830.1733073565,619726.2139401619,535246.9133959352,619726.2139401619,548022.2212622658,617779.42277745,401699.94814181793,428917.3430595394,636041.5154819428,432711.10960563185
2026-01-14,432724.5430302894,535834.8628201258,618214.2754905663,529846.623033384,619745.4622963263,535263.5496973051,619745.4622963263,548039.261810211,617798.6089418335,401712.41759387276,428930.6521006353,636061.2924682442,432724.5430302894
2026-01-15,432737.97645494697,535851.4991214956,618233.4927508403,529863.0727594114,619764.7106524907,535280.185998675,619764.7106524907,548056.3023581562,617817.795106217,401724.8870459276,428943.9611417312,636081.0694545456,432737.97645494697
2026-01-16,432751.40987960453,535868.1354228655,618252.7100111142,529879.5224854389,619783.9590086552,535296.8223000448,619783.9590086552,548073.3429061014,617836.9812706006,401737.3564979824,428957.2701828271,636100.846440847,432751.40987960453
2026-01-19,432800.3501535771,535928.7443269751,618322.7217919362,529939.451663521,619854.0840771483,535357.4312041544,619854.0840771483,548135.424549937,617906.8797637513,401782.78485414677,429005.75730611477,636172.8973997511,432800.3501535771
2026-01-20,432813.78357823467,535945.380628345,618341.9390522102,529955.9013895484,619873.3324333128,535374.0675055243,619873.3324333128,548152.4650978822,617926.0659281348,401795.2543062016,429019.09744310105,636192.6743860525,432813.78357823467
2026-01-21,432827.2170028922,535962.0169297148,618361.1563124842,529972.3511155759,619892.5807894772,535390.7038068941,619892.5807894772,548169.5056458274,617945.2520925184,401807.7237582564,429032.43758008734,636212.451372354,432827.2170028922
2026-01-22,432840.6504275498,535978.6532310847,618380.3735727582,529988.8008416033,619911.8291456416,535407.340108264,619911.8291456416,548186.5461937726,617964.4382569019,401820.19321031123,429045.7777170736,636232.2283586554,432840.6504275498
2026-01-23,432854.08385220735,535995.2895324546,618399.5908330322,530005.2505676307,619931.0775018061,535423.9764096339,619931.0775018061,548203.5867417178,617983.6244212855,401832.66266236606,429059.1178540599,636252.0053449568,432854.08385220735
2026-01-26,432903.0241261799,536055.8984365641,618469.6026138541,530065.1797457129,620001.2025702993,535484.5853137434,620001.2025702993,548265.6683855534,618053.5229144362,401878.0910185304,429107.71826501883,636324.0563038609,432903.0241261799
2026-01-27,432916.4575508375,536072.5658338245,618488.8198741281,530081.6605676307,620020.4509264637,535501.2216151133,620020.4509264637,548282.7089334986,618072.7401747102,401890.56047058525,429121.0584020051,636343.8332901623,432916.4575508375
2026-01-28,432929.89097549504,536089.2332310848,618508.0371344021,530098.1413895484,620039.7303785185,535517.8579164832,620039.7303785185,548299.7494814438,618091.9574349842,401903.02992264007,429134.3985389914,636363.6102764637,432929.89097549504
2026-01-29,432943.3244001526,536105.9006283451,618527.2543946761,530114.6222114662,620059.0098305732,535534.4942178531,620059.0098305732,548316.790029389,618111.1746952581,401915.4993746949,429147.7386759777,636383.3872627651,432943.3244001526
2026-01-30,432956.75782481016,536122.5680256054,618546.4716549501,530131.103033384,620078.289282628,535551.1305192229,620078.289282628,548333.8305773342,618130.3919555321,401927.9688267497,429161.07881296397,636403.1642490665,432956.75782481016
2026-02-02,433005.69809878274,536183.2902173862,618616.483435772,530191.1454991373,620148.5276387924,535611.7394233325,620148.5276387924,548395.9122211698,618200.4037363541,401973.3971829141,429209.6792239229,636475.2152079706,433005.69809878274
2026-02-03,433019.1626193307,536199.9576146465,618635.700696046,530207.6263210551,620167.8070908472,535628.3757247024,620167.8070908472,548412.952769115,618219.6209966281,401985.8666349689,429223.0193609092,636494.992194272,433019.1626193307
2026-02-04,433032.62713987863,536216.6250119068,618654.91795632,530224.1071429729,620187.0865429019,535645.0120260722,620187.0865429019,548429.9933170602,618238.8382569021,401998.3360870237,429236.35949789546,636514.7691805734,433032.62713987863
2026-02-05,433046.0916604266,536233.2924091672,618674.135216594,530240.5879648906,620206.3659949567,535661.6483274421,620206.3659949567,548447.0338650054,618258.055517176,402010.80553907854,429249.69963488175,636534.5461668748,433046.0916604266
2026-02-06,433059.5561809745,536249.9598064275,618693.352476868,530257.0687868084,620225.6454470115,535678.284628812,620225.6454470115,548464.0744129505,618277.27277745,402023.30608702375,429263.03977186803,636554.3231531762,433059.5561809745
2026-02-09,433108.60974261834,536310.6819982083,618763.3642576899,530317.1112525618,620295.8838031759,535738.8935329216,620295.8838031759,548526.1560567862,618347.284558272,402068.84773085936,429311.64018282696,636626.3741120803,433108.60974261834
2026-02-10,433122.0742631663,536327.3493954686,618782.5815179639,530333.5920744796,620315.1632552306,535755.5298342914,620315.1632552306,548543.1966047314,618366.501818546,402081.34827880457,429324.98031981324,636646.1510983817,433122.0742631663
2026-02-11,433135.53878371423,536344.0167927289,618801.7987782379,530350.0728963973,620334.4427072854,535772.1661356613,620334.4427072854,548560.2371526766,618385.71907882,402093.8488267498,429338.3204567995,636665.9280846831,433135.53878371423
2026-02-12,433149.0033042622,536360.6841899892,618821.0160385119,530366.5537183151,620353.7221593402,535788.8024370312,620353.7221593402,548577.2777006218,618404.936339094,402106.349374695,429351.6605937858,636685.7050709845,433149.0033042622
2026-02-13,433162.4678248101,536377.3515872495,618840.2332987859,530383.0345402329,620373.0016113949,535805.438738401,620373.0016113949,548594.3182485669,618424.153599368,402118.8499226402,429365.0007307721,636705.482057286,433162.4678248101
2026-02-24,433353.8775508375,536614.2929571125,619113.4231617996,530617.3235813287,620647.0755839976,536041.9380534695,620647.0755839976,548836.5642759642,618697.3434623816,402296.55595003744,429554.6422376214,636986.628906601,433353.8775508375
2026-02-25,433367.3420713855,536630.9603543729,619132.671517964,530633.8044032465,620666.3550360524,536058.6054507298,620666.3550360524,548853.6048239094,618716.5607226556,402309.05649798264,429567.9823746077,637006.4058929024,433367.3420713855
2026-02-26,433380.8065919334,536647.6277516332,619151.9198741284,530650.2852251643,620685.6344881072,536075.2728479902,620685.6344881072,548870.6453718545,618735.7779829296,402321.55704592785,429581.322511594,637026.2139750941,433380.8065919334
2026-02-27,433394.27111248136,536664.2951488935,619171.1682302929,530666.766047082,620704.9139401619,536091.9402452505,620704.9139401619,548887.6859197997,618754.9952432036,402334.05759387306,429594.66264858027,637046.0220572859,433394.27111248136
2026-03-02,433443.3246741252,536725.0173406743,619241.293298786,530726.8085128354,620775.1522963264,536152.6624370313,620775.1522963264,548949.7675636354,618825.0070240255,402379.59923770867,429643.2630595392,637118.1863038612,433443.3246741252
2026-03-03,433456.7891946731,536741.6847379346,619260.5416549505,530743.2893347532,620794.4317483811,536169.3298342916,620794.4317483811,548966.8081115806,618844.2242842995,402392.0997856539,429656.6031965255,637137.994386053,433456.7891946731
2026-03-04,433470.2537152211,536758.3521351949,619279.7900111149,530759.770156671,620813.7112004359,536185.9972315519,620813.7112004359,548983.8486595257,618863.4415445735,402404.6003335991,429669.94333351176,637157.8024682447,433470.2537152211
2026-03-05,433483.718235769,536775.0195324552,619299.0383672793,530776.2509785887,620832.9906524906,536202.6646288122,620832.9906524906,549000.8892074709,618882.6588048475,402417.1008815443,429683.28347049805,637177.6105504364,433483.718235769
2026-03-06,433497.18275631696,536791.6869297156,619318.2867234438,530792.7318005065,620852.2701045454,536219.3320260725,620852.2701045454,549017.9297554161,618901.8760651215,402429.6014294895,429696.62360748433,637197.4186326282,433497.18275631696
2026-03-09,433546.2363179608,536852.4091214964,619388.411791937,530852.7742662599,620922.5084607098,536280.0542178534,620922.5084607098,549080.124686923,618971.8878459434,402475.1430733251,429745.22401844326,637269.5828792035,433546.2363179608
2026-03-10,433559.7008385087,536869.0765187567,619407.6601481014,530869.2550881776,620941.7879127646,536296.7216151137,620941.7879127646,549097.1963307586,618991.1051062174,402487.6436212703,429758.56415542954,637289.3909613952,433559.7008385087
2026-03-11,433573.1653590567,536885.743916017,619426.9085042658,530885.7359100954,620961.0673648193,536313.389012374,620961.0673648193,549114.2679745943,619010.3223664914,402500.1441692155,429771.9042924158,637309.199043587,433573.1653590567
2026-03-12,433586.6298796046,536902.4113132773,619446.1568604303,530902.2167320132,620980.3468168741,536330.0564096343,620980.3468168741,549131.3396184299,619029.5707226559,402512.6447171607,429785.2444294021,637329.0071257787,433586.6298796046
2026-03-13,433600.09440015256,536919.0787105376,619465.4052165947,530918.6975539309,620999.6262689289,536346.7238068946,620999.6262689289,549148.4112622655,619048.8190788203,402525.14526510594,429798.5845663884,637348.8152079704,433600.09440015256
2026-03-16,433649.1479617964,536979.8009023184,619535.5302850879,530978.7400196843,621069.8646250933,536407.4459986754,621069.8646250933,549210.6061937724,619118.9441473135,402570.68690894154,429847.1849773473,637420.9794545458,433649.1479617964
2026-03-17,433662.6124823443,536996.4682995788,619554.7786412523,530995.2208416021,621089.1751730385,536424.1133959357,621089.1751730385,549227.677837608,619138.1925034779,402583.18745688675,429860.5251143336,637440.7875367375,433662.6124823443
2026-03-18,433676.07700289227,537013.1356968391,619574.0269974167,531011.7016635198,621108.4857209837,536440.780793196,621108.4857209837,549244.7494814437,619157.4408596423,402595.68800483196,429873.8652513199,637460.5956189292,433676.07700289227
2026-03-19,433689.5415234402,537029.8341899897,619593.2753535812,531028.213581328,621127.7962689289,536457.4481904564,621127.7962689289,549261.8211252793,619176.6892158068,402608.18855277717,429887.2053883062,637480.403701121,433689.5415234402
2026-03-20,433811.7160101359,537172.873616899,619738.8646435043,531171.0664328949,621273.4477506328,536600.4565214753,621273.4477506328,549405.2337028736,619322.2785057299,402721.60130558524,430008.2807712796,637626.5527170714,433811.7160101359
2026-03-23,424710.8975668376,526230.3095930389,607879.9829607402,520295.1164884136,609397.0169210284,525664.1276821522,609397.0169210284,538326.9021313727,607468.4756007323,394273.58418522397,420989.06249334844,625569.0984906127,424710.8975668376
2026-03-24,441395.70877746993,546901.5234821609,631758.7990050708,540733.1302208469,633337.4330067484,546313.3415564923,633337.4330067484,559473.3163397849,631329.6916332373,409761.5945917181,437524.2736034635,650143.115002053,441395.70877746993
2026-03-25,455046.91384033614,563814.3297546676,651296.0062508975,557455.1364225909,652925.0402712672,563208.1478223233,652925.0402712672,576774.9227564872,650852.4988737234,422433.59929142514,451053.0786209348,670249.1224588325,455046.91384033614
2026-03-26,450875.69973663747,558646.5122812563,645326.2860660946,552345.619146304,646939.9200343937,558045.8303675085,646939.9200343937,571488.3048813881,644887.178703798,418561.5861993842,446919.26464369334,664105.6016863754,450875.69973663747
2026-03-27,446325.31311706954,553008.9288585952,638813.9052157794,546771.6355366275,640410.7392334788,552414.2469272045,640410.7392334788,565721.1218398154,638379.5978393683,414337.5986200384,442409.6779041532,657403.6213935782,446325.31311706954
2026-03-30,429640.5019064372,532337.7149694732,614935.0891714488,526333.6218041942,616470.3231477587,531765.0330528645,616470.3231477587,544574.7076314032,614518.3818068632,398849.5882135443,425874.46679403813,632829.604882138,429640.5019064372
2026-03-31,418264.51275543624,518243.72841055907,598654.1046982204,512398.63509364583,600147.3387145846,517686.0464796451,600147.3387145846,530156.7213814795,598249.3973221907,388289.59828434506,414600.4775457624,616074.6208609511,418264.51275543624
2026-04-01,418264.51275543624,518243.72841055907,598654.1046982204,512398.63509364583,600147.3387145846,517686.0464796451,600147.3387145846,530156.7213814795,598249.3973221907,388289.59828434506,414600.4775457624,616074.6208609511,418264.51275543624
2026-04-02,416501.37494914565,516059.3345777655,596130.7532017175,510238.88427344017,597617.4777430585,515503.97745935986,597617.4777430585,527922.1115985068,595727.9056756946,386652.93027850566,412853.1484645282,613477.8052891861,416501.37494914565
2026-04-03,416514.3108395566,516075.38005721755,596149.2863524024,510254.74317754974,597636.0419896338,515519.9918429215,597636.0419896338,527938.4991327533,595746.4077304892,386664.9332922043,412865.9599713775,613496.867070008,416514.3108395566
2026-04-07,416578.5344012005,516155.0419750258,596241.2989551421,510333.4787939881,597728.2089759352,515599.4993771681,597728.2089759352,528019.8592697396,595838.2659496672,386724.5253469988,412929.5659987748,613591.5041932956,416578.5344012005
2026-04-08,431716.78436965996,531296.4015325264,611385.1461838756,525474.6517761461,612872.087300559,530740.8278387783,612872.087300559,543161.591977925,610982.0820825102,401861.84243874595,428067.6915836726,628735.8800521661,431716.78436965996
2026-04-09,436880.3984603079,539046.3362397826,621216.3141367369,533074.3649241356,622742.457006225,538477.7160256931,622742.457006225,551220.6674839425,620802.3779350873,406248.1763426208,433137.7123242037,639017.6815869374,436880.3984603079
2026-04-10,451101.59700719436,556593.9344467795,641440.71207022,550428.7631508736,643017.2549345583,556008.5142344066,643017.2549345583,569165.8656503129,641012.775870001,419472.57499135967,447238.51088339253,659821.6794611973,451101.59700719436
2026-04-13,453133.20112434943,559100.739526955,644329.9179253512,552907.968175116,645913.6608042807,558512.9193097183,645913.6608042807,571729.4708455967,643899.981721079,421361.7788199329,449252.9149656908,662793.6854841275,453133.20112434943
2026-04-14,463799.0848979148,572261.4195050873,659498.1948492462,565923.7483736902,661119.7376706691,571660.9993070196,661119.7376706691,585188.3503700662,659057.7586609479,431280.06373085023,459828.49887663295,678396.661746697,463799.0848979148
2026-04-15,455164.8052415045,561607.5446071303,647219.1237804823,555387.1731993584,648810.066674003,561017.32438503,648810.066674003,574293.0760408806,646787.187572157,423250.9826485061,451267.3190479891,665765.6915070576,455164.8052415045
2026-04-16,468878.08005420293,578528.4135284104,666721.1879608566,572121.7424628168,668360.7307651134,577921.9933360647,668360.7307651134,591597.3442579675,666275.7517773267,436003.05922664644,464864.4940739291,685826.6546608969,468878.08005420293
2026-04-17,488686.1974915655,602969.7350444471,694890.9127590589,596293.9637419608,696600.6556251138,602339.9148315021,696600.6556251138,616592.4662615226,694425.9765583628,454422.77544178,484504.91136366286,714803.6801697772,488686.1974915655
2026-04-20,496304.69022599777,612370.2260794318,705725.4024264746,605590.9548756508,707462.1452667803,611731.4058750698,707462.1452667803,626205.9570933747,705252.9662329312,461507.26868547435,492058.90415960713,725948.6695410771,496304.69022599777
2026-04-21,497320.47714797576,613623.6099424041,707169.9838278227,606830.5389162926,708910.3266217798,612983.5897534916,708910.3266217798,627487.7405907082,706696.547647154,462451.8565241241,493066.0911923067,727434.6504094166,497320.47714797576
2026-04-22,524239.1635855826,646838.6932077087,745451.8645403319,639679.922365847,747287.6072862238,646166.8730348179,747287.6072862238,661455.4234768319,744951.9283730146,487483.7439123535,519756.8777447359,766813.6305691762,524239.1635855826
2026-04-23,519668.0921634825,641198.4284701026,738951.2051818304,634101.7572400002,740770.7480290026,640532.0082634517,740770.7480290026,655687.3595382142,738455.7689863797,483233.07048715587,515224.5060806887,760126.6723753972,519668.0921634825
2026-04-24,501383.6853822859,618637.2201027549,712948.395538085,611788.9489647774,714703.1383612246,617992.3999041149,714703.1383612246,632614.950981276,712470.95934931,466230.26418127056,497094.8993569033,733378.6624552769,501383.6853822859
2026-04-27,511033.8125070723,630544.5535721458,726672.1341130667,623565.1820656685,728461.0770323366,629888.3333414623,728461.0770323366,644792.0852090287,726185.1978975888,475203.9894048118,506663.3262520449,747495.7021357579,511033.8125070723
2026-04-28,501383.6853822859,618637.2201027549,712948.395538085,611788.9489647774,714703.1383612246,617992.3999041149,714703.1383612246,632614.950981276,712470.95934931,466230.26418127056,497094.8993569033,733378.6624552769,501383.6853822859
2026-04-29,503415.28949944105,621144.0251829304,715837.6013932163,614268.1539890199,717599.544230947,620496.8049794268,717599.544230947,635178.55617656,715358.1652003881,468119.46800984384,499109.3034392016,736350.6684782072,503415.28949944105
2026-04-30,502399.502577463,619890.641319958,714393.0199918681,613028.569948378,716151.3628759474,619244.6211010048,716151.3628759474,633896.7726792264,713914.5837861653,467174.88017119403,498102.11640650197,734864.6876098675,502399.502577463
2026-05-06,514081.1732730063,634304.7051610625,731005.878317111,627283.9341875939,732805.6210973352,633644.8849767277,732805.6210973352,648637.4357010293,730515.942140257,478037.75292076106,509684.88735014363,751953.6447407765,514081.1732730063
2026-05-07,535920.8645543249,661252.794403044,762064.7659180098,653935.3235480217,763941.9086673349,660567.1742290088,763941.9086673349,676196.1246992516,761553.3297497388,498346.64481319423,531339.6787052767,783902.6319863362,535920.8645543249
2026-05-08,537444.575210491,663132.9075517333,764231.6810724669,655794.7365519432,766114.2238595575,662445.4873651096,766114.2238595575,678118.8381458687,763718.7448937055,499763.5547224426,532850.4892712252,786131.6475750966,537444.575210491
2026-05-11,558776.4033040197,689454.3422164596,794568.3210251265,681826.370835009,796526.4639117807,688741.721996648,796526.4639117807,705036.6735960412,794034.3848187085,519600.1808468246,554001.7171269075,817337.6886727376,558776.4033040197
2026-05-12,563855.3984603079,695721.3362397826,801791.3141367369,688024.3649241356,803767.457006225,695002.7160256931,803767.457006225,711445.6674839425,801252.3779350873,524323.1763426207,559037.7123242037,824767.6815869374,563855.3984603079
2026-05-13,587218.8003977926,724549.5386304534,835017.1168920927,716535.167288485,837076.0597684473,723803.3184140751,837076.0597684473,740927.069928782,834455.1806885358,546048.9781443023,582203.3142452852,858945.6844212575,587218.8003977926
2026-05-14,575537.0994290502,710135.437435118,818404.2155144148,702279.7661063103,820421.7583873362,709403.0172198841,820421.7583873362,726186.3687063622,817853.7793118116,535186.0772434615,570620.5132847445,841856.6830040974,575537.0994290502
2026-05-15,562839.6115383299,694467.9523768104,800346.7327353888,686784.7808834938,802319.2756512255,693750.5321472713,802319.2756512255,710163.8839866089,799808.7965208646,523378.58850397106,558030.5252915041,823281.7007185979,562839.6115383299
2026-05-18,572997.6018509062,707001.9404234565,814792.7189586096,699180.769061747,816801.261840114,706272.5202053615,816801.261840114,722981.8717624116,814244.7827536222,532824.5794955634,568102.5156860964,838141.6865469975,572997.6018509062
2026-05-19,574521.3125070722,708882.0535721458,816959.6341130667,701040.1820656685,818973.5770323366,708150.8333414623,818973.5770323366,724904.5852090287,816410.1978975888,534241.4894048118,569613.3262520449,840370.7021357579,574521.3125070722
2026-05-20,578584.5207413824,713895.6637324966,822738.045823329,705998.5921141533,824766.3887717813,713159.6434920856,824766.3887717813,730031.7955995965,822184.6095997449,538019.8970619582,573642.1344166414,846314.7141816182,578584.5207413824
2026-05-21,555221.1188038976,685067.4613418258,789512.2430679732,677487.789749804,791457.7860095591,684359.0411037037,791457.7860095591,700550.393154757,788981.8068462964,516294.09526027675,550476.5324955599,812136.7113472981,555221.1188038976
2026-05-22,585695.0897416265,722669.4254817641,832850.2017376357,714675.7542845635,834903.7445762247,721925.0052779743,834903.7445762247,739004.3564821648,832289.7655445691,544632.0682350539,580692.5036793367,856716.6688324971,585695.0897416265
2026-05-25,612105.9129914434,755257.8541698135,870409.8348019057,746905.3826567559,872556.9777228922,754482.2339385578,872556.9777228922,772331.1858202385,869823.398585951,569191.6898552321,606879.7267323153,895352.7028443379,612105.9129914434
2026-05-26,613121.6999134214,756511.2380327857,871854.4162032538,748144.9666973976,874005.1590778917,755734.4178169796,874005.1590778917,773612.9693175721,871266.9800001737,570136.2776938819,607886.9137650148,896838.6837126774,613121.6999134214
2026-05-27,608042.7047571333,750244.2440094627,864631.4230916434,741946.972608271,866764.1659834475,749473.4237879345,866764.1659834475,767203.9754296708,864048.9868837949,565413.2821980857,602850.9185677187,889408.6907984776,608042.7047571333
2026-05-28,625311.2640699538,771551.9938053765,889189.565229171,763020.1229569345,891383.5079767795,770760.7736319136,891383.5079767795,788994.5240880419,888590.1290613767,581471.4443627739,619973.2782250064,914670.6312777563,625311.2640699538
2026-05-29,610582.2023352773,753377.7410211242,868242.9196474486,745045.9696528343,870384.6625306696,752603.920802457,870384.6625306696,770408.4723736214,867657.9834419843,567774.7799459838,605368.9161663668,893123.6872555775,610582.2023352773
2026-06-01,587218.8003977926,724549.5386304534,835017.1168920927,716535.167288485,837076.0597684473,723803.3184140751,837076.0597684473,740927.069928782,834455.1806885358,546048.9781443023,582203.3142452852,858945.6844212575,587218.8003977926
2026-06-02,620740.1926478536,765911.7290677703,882688.9058706694,757441.9578310875,884866.6487195581,765125.9088605472,884866.6487195581,783226.460149424,882093.9696747418,577220.7709375762,615440.9065609591,907983.6730839772,620740.1926478536
2026-06-03,645627.3052415045,796620.0446071303,918081.6237804823,787812.1731993584,920347.566674003,795804.82438503,920347.566674003,814630.5760408806,917462.187572157,600363.4826485061,640117.3190479891,944390.6915070576,645627.3052415045
2026-06-04,650198.3766636045,802260.3093447364,924582.2831389838,793390.3383252053,926864.4259312243,801439.6891563961,926864.4259312243,820398.6399794983,923958.3469587918,604614.1560737037,644649.6907120363,951077.6497008366,650198.3766636045
2026-06-05,626327.1115383299,772805.4523768104,890634.2327353888,764259.7808834938,892831.7756512255,772013.0321472713,892831.7756512255,790276.3839866089,890033.7965208646,582416.088503971,620980.5252915041,916156.7007185979,626327.1115383299
2026-06-08,603979.4965228232,745230.633849112,858853.0113813812,736988.5625597864,860971.3542440028,744464.6136373114,860971.3542440028,762076.7650391031,858274.5751816388,561634.8745409393,598822.1104031223,883464.6787526174,603979.4965228232
2026-06-09,636992.9650386961,785966.0950007117,905802.4666068488,777275.5241391091,908037.8093578905,785161.0748261043,908037.8093578905,803735.2253104615,905191.5304381009,592334.3452636146,631556.0791855471,931759.6326949162,636992.9650386961
2026-06-10,613629.5631012113,757137.892610041,872576.6638514929,748764.7217747597,874729.2065956682,756360.4724377224,874729.2065956682,774253.822865622,871988.7276846524,570608.543461933,608390.4772644655,897581.6298605961,613629.5631012113
2026-06-11,603471.572788635,744603.9045633948,858130.6776282721,736368.7335965065,860247.2204067797,743838.4843796322,860247.2204067797,761435.8350898194,857552.7414518949,561162.5524703406,598318.4868698732,882721.6440321965,603471.572788635
2026-06-12,600424.212022701,740843.7529744781,853796.9334242278,732649.9814745812,855902.676341781,740081.9327443668,855902.676341781,757590.4845978188,853221.9972092267,558328.7889543914,595296.9257717745,878263.7014271779,600424.212022701
2026-06-15,642579.8839291723,792859.8183097518,913747.7934715681,784093.3471915154,916002.9362895578,792048.1981128284,916002.9362895578,810785.1491476464,913131.3572842237,597529.6628300094,637095.6979160921,939932.6603295369,642579.8839291723
2026-06-16,657816.8693980367,811660.800379721,935416.7728063994,802687.3294588951,937725.9155728907,810831.1801999637,937725.9155728907,830012.1308113503,934785.33663336,611698.649317398,652203.6835079805,962222.6390721364,657816.8693980367
2026-06-17,677117.0631012113,835475.392610041,962864.1638514929,826239.7217747597,965241.7065956682,834622.9724377224,965241.7065956682,854366.322865622,962213.7276846524,629646.043461933,671340.4772644655,990456.6298605961,677117.0631012113
2026-06-18,702512.0994290502,866810.437435118,998979.2155144148,857229.7661063103,1001446.7583873362,865928.0172198841,1001446.7583873362,886411.3687063622,998303.7793118116,653261.0772434615,696520.5132847445,1027606.6830040974,702512.0994290502
2026-06-22,714701.6635855825,881851.1932077087,1016314.3645403319,872104.922365847,1018825.1072862238,880954.3730348179,1018825.1072862238,901792.9234768319,1015626.9283730146,664596.2439123534,708606.8777447359,1045438.6305691762,714701.6635855825
2026-06-23,681688.1950697094,841115.7320561087,969364.9093148641,831817.9607865241,971758.6521723359,840257.9118460247,971758.6521723359,860134.4632054733,968709.9731165522,633896.773189678,675872.9089623109,997143.6766268772,681688.1950697094
2026-06-24,704543.6732730062,869317.2051610625,1001868.378317111,859708.9341875939,1004343.1210973352,868432.3849767277,1004343.1210973352,888974.9357010293,1001190.942140257,655150.252920761,698534.8873501436,1030578.6447407765,704543.6732730062
2026-06-25,730954.4965228232,901905.633849112,1039428.0113813812,891938.5625597864,1041996.3542440028,900989.6136373114,1041996.3542440028,922301.7650391031,1038724.5751816388,679709.8745409393,724722.1104031223,1069214.6787526177,730954.4965228232
2026-06-26,690322.4747261198,851769.6069540656,981643.9803836279,842354.5359608559,984068.323169002,850901.5867680141,984068.323169002,871029.7375346589,980980.5442053434,641925.8542720221,684434.0887909548,1009774.6468665166,690322.4747261198
2026-06-29,680164.4844135435,839235.6189074195,967197.9941604071,829958.5477826027,969586.3369801134,838379.5987099239,969586.3369801134,858211.7497588563,966544.5579725858,632479.8632804297,674362.0983963625,994914.6610381169,680164.4844135435
2026-06-30,678130.3484945503,836725.6898260394,964305.1877530657,827476.2531525734,966686.3215854631,835872.0726243134,966686.3215854631,855644.9497775948,963653.7540617189,630588.3051104348,672345.1839470518,991938.9512767232,678130.3484945503
2026-07-01,678151.4315082489,836751.685990423,964335.1641914219,827501.9694539432,966716.3602156001,835898.0376928066,966716.3602156001,855671.5367638961,963683.6994041847,630607.8955213936,672366.0803854079,991969.7673041205,678151.4315082489
2026-07-02,678172.5145219475,836777.6821548066,964365.1406297782,827527.685755313,966746.3988457371,835924.0027612997,966746.3988457371,855698.1237501975,963713.6447466505,630627.4859323525,672386.976823764,992000.5833315178,678172.5145219475
2026-07-03,678193.597535646,836803.6783191902,964395.1170681344,827553.4020566829,966776.4374758741,835949.9678297929,966776.4374758741,855724.7107364988,963743.5900891162,630647.0763433113,672407.8732621202,992031.399358915,678193.597535646
2026-07-06,678270.406576742,836898.3868123408,964504.3263832028,827647.0909607925,966885.873366285,836044.5630352723,966885.873366285,855821.571695403,963852.6861165136,630718.447576188,672484.0025771887,992143.7807287781,678270.406576742
2026-07-07,678291.4895904405,836924.3829767244,964534.302821559,827672.8072621623,966915.911996422,836070.5591996559,966915.911996422,855848.1586817043,963882.6314589793,630738.0379871469,672504.8990155448,992174.6278520657,678291.4895904405
2026-07-08,678312.5726041391,836950.379141108,964564.2792599152,827698.5235635322,966945.950626559,836096.5553640395,966945.950626559,855874.7456680057,963912.5768014451,630757.6283981057,672525.7954539009,992205.4749753533,678312.5726041391
2026-07-09,678333.6556178377,836976.3753054916,964594.2556982714,827724.239864902,966975.989256696,836122.5515284231,966975.989256696,855901.332654307,963942.5221439109,630777.2188090646,672546.6918922571,992236.322098641,678333.6556178377
2026-07-10,678354.7386315363,837002.3714698752,964624.2321366277,827749.9561662718,967006.027886833,836148.5476928067,967006.027886833,855927.9196406084,963972.4674863766,630796.8092200235,672567.5883306132,992267.1692219286,678354.7386315363
2026-07-13,673802.8430745824,832468.3753649761,960104.7368536463,823214.9404723317,962486.7591791941,831614.5515879076,962486.7591791941,851396.0760014628,959452.8589157242,626442.9242191403,668015.013047632,987750.8459937419,673802.8430745824
2026-07-14,669186.0362700389,827856.512807008,955496.8234737604,818602.7669554595,957878.9390869794,827002.657934049,957878.9390869794,846784.8042654124,954844.9455358383,622028.5077036486,663398.019667746,983143.8032987874,669186.0362700389
2026-07-15,669206.8394207238,827882.2291083778,955526.5200491028,818628.2033938157,957908.6978541027,827028.3431395285,957908.6978541027,846811.1113887001,954874.6110152903,622047.8493474843,663418.6362430885,983174.3705590614,669206.8394207238
2026-07-16,669227.6425714088,827907.9454097477,955556.2166244453,818653.6398321718,957938.456621226,827054.0594408984,957938.456621226,846837.4185119878,954904.2764947423,622067.19099132,663439.252818431,983204.9378193354,669227.6425714088
2026-07-17,669248.4457220937,827933.6617111175,955585.9131997877,818679.076270528,957968.2153883494,827079.7757422682,957968.2153883494,846863.7256352755,954933.9419741943,622086.5326351556,663459.8693937735,983235.5050796093,669248.4457220937
2026-07-20,675839.600952605,834542.7163936838,962209.4687042718,825287.1113640531,964591.9974681758,833688.8304248345,964591.9974681758,853474.932783595,961557.3841910071,628672.3633451192,670050.3448982574,989862.2326388878,675839.600952605
2026-07-21,680546.9798597812,840107.7986147604,967778.5311993212,830851.9137221163,970161.1221550059,839253.8815500208,970161.1221550059,859040.6058265896,967126.415590166,633103.361404338,674724.44508718,995432.1347229782,680546.9798597812
2026-07-22,685502.189901781,846115.512619518,973600.2540826659,836870.501384158,975979.2549036859,845262.6266989162,975979.2549036859,865021.9658292234,972949.1034666509,637712.9707459594,679638.055044875,1001213.1934857552,685502.189901781
2026-07-23,694793.181041193,857584.5016818272,986797.2414970259,848213.4905666303,989209.2422865747,856719.6157726696,989209.2422865747,876745.9546483457,986137.090889594,646355.9625033523,688851.0462586735,1014785.1805424874,694793.181041193
2026-07-24,709349.0597757816,875552.5754313695,1007472.51129149,865984.1646045636,1009936.2120055078,874668.8895496776,1009936.2120055078,895113.5278142393,1006798.2607046575,659896.6427210952,703284.72517179,1036047.9494786446,709349.0597757816
2026-07-27,698199.8556408405,861789.7703271138,991636.1054181914,852372.559556384,994060.2061175226,860920.4844507625,994060.2061175226,881044.7225964963,990972.6548353643,649525.0388745453,692229.1210715626,1019761.543438453,698199.8556408405
2026-07-28,657009.7875389575,810943.9097028004,933129.4507264952,802085.298499484,935407.2515391229,810127.8237852504,935407.2515391229,829068.362847656,932505.9001127691,611207.7685479309,651384.852701888,959592.3900342172,657009.7875389575
2026-07-29,659797.1070322513,814384.6337657201,937088.5784149031,805488.2222980451,939376.2792967675,813564.947822993,939376.2792967675,832585.5874455869,936462.3277822942,613800.6866816665,654148.7720315312,963664.0185094064,659797.1070322513
