date,mode,selected,entered,exited,exit_reasons,entry_eligible_count,holding_count,exposure
2014-03-21,cash,,,,,0,0,0.0
2014-03-24,cash,,,,,0,0,0.0
2014-03-25,cash,,,,,0,0,0.0
2014-03-26,cash,,,,,0,0,0.0
2014-03-27,cash,,,,,0,0,0.0
2014-03-28,cash,,,,,0,0,0.0
2014-03-31,cash,,,,,0,0,0.0
2014-04-01,cash,,,,,0,0,0.0
2014-04-02,cash,,,,,0,0,0.0
2014-04-03,cash,,,,,0,0,0.0
2014-04-04,cash,,,,,0,0,0.0
2014-04-08,cash,,,,,0,0,0.0
2014-04-09,cash,,,,,0,0,0.0
2014-04-10,cash,,,,,0,0,0.0
2014-04-11,cash,,,,,0,0,0.0
2014-04-14,cash,,,,,0,0,0.0
2014-04-15,cash,,,,,0,0,0.0
2014-04-16,cash,,,,,0,0,0.0
2014-04-17,cash,,,,,0,0,0.0
2014-04-18,cash,,,,,0,0,0.0
2014-04-21,cash,,,,,0,0,0.0
2014-04-22,cash,,,,,0,0,0.0
2014-04-23,cash,,,,,0,0,0.0
2014-04-24,cash,,,,,0,0,0.0
2014-04-25,cash,,,,,0,0,0.0
2014-04-28,cash,,,,,0,0,0.0
2014-04-29,cash,,,,,0,0,0.0
2014-04-30,cash,,,,,0,0,0.0
2014-05-05,cash,,,,,0,0,0.0
2014-05-06,cash,,,,,0,0,0.0
2014-05-07,cash,,,,,0,0,0.0
2014-05-08,cash,,,,,0,0,0.0
2014-05-09,cash,,,,,0,0,0.0
2014-05-12,cash,,,,,0,0,0.0
2014-05-13,cash,,,,,0,0,0.0
2014-05-14,cash,,,,,0,0,0.0
2014-05-15,cash,,,,,0,0,0.0
2014-05-16,cash,,,,,0,0,0.0
2014-05-19,cash,,,,,0,0,0.0
2014-05-20,cash,,,,,0,0,0.0
2014-05-21,cash,,,,,0,0,0.0
2014-05-22,cash,,,,,0,0,0.0
2014-05-23,cash,,,,,0,0,0.0
2014-05-26,cash,,,,,0,0,0.0
2014-05-27,cash,,,,,0,0,0.0
2014-05-28,cash,,,,,0,0,0.0
2014-05-29,cash,,,,,0,0,0.0
2014-05-30,cash,,,,,0,0,0.0
2014-06-03,cash,,,,,0,0,0.0
2014-06-04,cash,,,,,0,0,0.0
2014-06-05,cash,,,,,0,0,0.0
2014-06-06,cash,,,,,0,0,0.0
2014-06-09,cash,,,,,0,0,0.0
2014-06-10,cash,,,,,0,0,0.0
2014-06-11,cash,,,,,0,0,0.0
2014-06-12,cash,,,,,0,0,0.0
2014-06-13,cash,,,,,0,0,0.0
2014-06-16,cash,,,,,0,0,0.0
2014-06-17,cash,,,,,0,0,0.0
2014-06-18,cash,,,,,0,0,0.0
2014-06-19,cash,,,,,0,0,0.0
2014-06-20,cash,,,,,0,0,0.0
2014-06-23,cash,,,,,0,0,0.0
2014-06-24,cash,,,,,0,0,0.0
2014-06-25,cash,,,,,0,0,0.0
2014-06-26,cash,,,,,0,0,0.0
2014-06-27,cash,,,,,0,0,0.0
2014-06-30,cash,,,,,0,0,0.0
2014-07-01,cash,,,,,0,0,0.0
2014-07-02,cash,,,,,0,0,0.0
2014-07-03,cash,,,,,0,0,0.0
2014-07-04,cash,,,,,0,0,0.0
2014-07-07,cash,,,,,0,0,0.0
2014-07-08,cash,,,,,0,0,0.0
2014-07-09,cash,,,,,0,0,0.0
2014-07-10,cash,,,,,0,0,0.0
2014-07-11,cash,,,,,0,0,0.0
2014-07-14,cash,,,,,0,0,0.0
2014-07-15,cash,,,,,0,0,0.0
2014-07-16,cash,,,,,0,0,0.0
2014-07-17,cash,,,,,0,0,0.0
2014-07-18,cash,,,,,0,0,0.0
2014-07-21,cash,,,,,0,0,0.0
2014-07-22,cash,,,,,0,0,0.0
2014-07-23,cash,,,,,0,0,0.0
2014-07-24,cash,,,,,0,0,0.0
2014-07-25,cash,,,,,0,0,0.0
2014-07-28,cash,,,,,0,0,0.0
2014-07-29,cash,,,,,0,0,0.0
2014-07-30,cash,,,,,0,0,0.0
2014-07-31,cash,,,,,0,0,0.0
2014-08-01,cash,,,,,0,0,0.0
2014-08-04,cash,,,,,0,0,0.0
2014-08-05,cash,,,,,0,0,0.0
2014-08-06,cash,,,,,0,0,0.0
2014-08-07,cash,,,,,0,0,0.0
2014-08-08,cash,,,,,0,0,0.0
2014-08-11,cash,,,,,0,0,0.0
2014-08-12,cash,,,,,0,0,0.0
2014-08-13,cash,,,,,0,0,0.0
2014-08-14,cash,,,,,0,0,0.0
2014-08-15,cash,,,,,0,0,0.0
2014-08-18,cash,,,,,0,0,0.0
2014-08-19,cash,,,,,0,0,0.0
2014-08-20,cash,,,,,0,0,0.0
2014-08-21,cash,,,,,0,0,0.0
2014-08-22,cash,,,,,0,0,0.0
2014-08-25,cash,,,,,0,0,0.0
2014-08-26,cash,,,,,0,0,0.0
2014-08-27,cash,,,,,0,0,0.0
2014-08-28,cash,,,,,0,0,0.0
2014-08-29,cash,,,,,0,0,0.0
2014-09-01,cash,,,,,0,0,0.0
2014-09-02,cash,,,,,0,0,0.0
2014-09-03,cash,,,,,0,0,0.0
2014-09-04,cash,,,,,0,0,0.0
2014-09-05,cash,,,,,0,0,0.0
2014-09-09,cash,,,,,0,0,0.0
2014-09-10,cash,,,,,0,0,0.0
2014-09-11,cash,,,,,0,0,0.0
2014-09-12,cash,,,,,0,0,0.0
2014-09-15,cash,,,,,0,0,0.0
2014-09-16,cash,,,,,0,0,0.0
2014-09-17,cash,,,,,0,0,0.0
2014-09-18,cash,,,,,0,0,0.0
2014-09-19,cash,,,,,0,0,0.0
2014-09-22,cash,,,,,0,0,0.0
2014-09-23,cash,,,,,0,0,0.0
2014-09-24,cash,,,,,0,0,0.0
2014-09-25,cash,,,,,0,0,0.0
2014-09-26,cash,,,,,0,0,0.0
2014-09-29,cash,,,,,0,0,0.0
2014-09-30,cash,,,,,0,0,0.0
2014-10-08,cash,,,,,0,0,0.0
2014-10-09,cash,,,,,0,0,0.0
2014-10-10,cash,,,,,0,0,0.0
2014-10-13,cash,,,,,0,0,0.0
2014-10-14,cash,,,,,0,0,0.0
2014-10-15,cash,,,,,0,0,0.0
2014-10-16,cash,,,,,0,0,0.0
2014-10-17,cash,,,,,0,0,0.0
2014-10-20,cash,,,,,0,0,0.0
2014-10-21,cash,,,,,0,0,0.0
2014-10-22,cash,,,,,0,0,0.0
2014-10-23,cash,,,,,0,0,0.0
2014-10-24,cash,,,,,0,0,0.0
2014-10-27,cash,,,,,0,0,0.0
2014-10-28,offensive,159915.SZ,159915.SZ,,,1,1,1.0
2014-10-29,offensive,159915.SZ,,,,0,1,1.0
2014-10-30,offensive,159915.SZ,,,,1,1,1.0
2014-10-31,offensive,159915.SZ,,,,0,1,1.0
2014-11-03,offensive,159915.SZ,,,,1,1,1.0
2014-11-04,offensive,159915.SZ,,,,0,1,1.0
2014-11-05,cash,,,159915.SZ,159915.SZ:ROC20转负,0,0,0.0
2014-11-06,cash,,,,,0,0,0.0
2014-11-07,cash,,,,,0,0,0.0
2014-11-10,cash,,,,,0,0,0.0
2014-11-11,cash,,,,,0,0,0.0
2014-11-12,cash,,,,,0,0,0.0
2014-11-13,cash,,,,,0,0,0.0
2014-11-14,cash,,,,,0,0,0.0
2014-11-17,cash,,,,,0,0,0.0
2014-11-18,cash,,,,,0,0,0.0
2014-11-19,cash,,,,,0,0,0.0
2014-11-20,cash,,,,,0,0,0.0
2014-11-21,cash,,,,,0,0,0.0
2014-11-24,cash,,,,,0,0,0.0
2014-11-25,cash,,,,,0,0,0.0
2014-11-26,cash,,,,,0,0,0.0
2014-11-27,cash,,,,,0,0,0.0
2014-11-28,cash,,,,,0,0,0.0
2014-12-01,cash,,,,,0,0,0.0
2014-12-02,cash,,,,,0,0,0.0
2014-12-03,cash,,,,,0,0,0.0
2014-12-04,cash,,,,,0,0,0.0
2014-12-05,cash,,,,,0,0,0.0
2014-12-08,cash,,,,,0,0,0.0
2014-12-09,cash,,,,,0,0,0.0
2014-12-10,cash,,,,,0,0,0.0
2014-12-11,cash,,,,,0,0,0.0
2014-12-12,cash,,,,,0,0,0.0
2014-12-15,cash,,,,,0,0,0.0
2014-12-16,cash,,,,,0,0,0.0
2014-12-17,cash,,,,,0,0,0.0
2014-12-18,cash,,,,,0,0,0.0
2014-12-19,cash,,,,,0,0,0.0
2014-12-22,cash,,,,,0,0,0.0
2014-12-23,cash,,,,,0,0,0.0
2014-12-24,cash,,,,,0,0,0.0
2014-12-25,cash,,,,,0,0,0.0
2014-12-26,cash,,,,,0,0,0.0
2014-12-29,cash,,,,,0,0,0.0
2014-12-30,cash,,,,,0,0,0.0
2014-12-31,cash,,,,,0,0,0.0
2015-01-05,cash,,,,,0,0,0.0
2015-01-06,cash,,,,,0,0,0.0
2015-01-07,cash,,,,,0,0,0.0
2015-01-08,cash,,,,,0,0,0.0
2015-01-09,cash,,,,,0,0,0.0
2015-01-12,cash,,,,,0,0,0.0
2015-01-13,cash,,,,,0,0,0.0
2015-01-14,cash,,,,,0,0,0.0
2015-01-15,cash,,,,,0,0,0.0
2015-01-16,cash,,,,,0,0,0.0
2015-01-19,cash,,,,,0,0,0.0
2015-01-20,cash,,,,,0,0,0.0
2015-01-21,cash,,,,,0,0,0.0
2015-01-22,cash,,,,,0,0,0.0
2015-01-23,cash,,,,,0,0,0.0
2015-01-26,cash,,,,,0,0,0.0
2015-01-27,cash,,,,,0,0,0.0
2015-01-28,cash,,,,,0,0,0.0
2015-01-29,cash,,,,,0,0,0.0
2015-01-30,cash,,,,,0,0,0.0
2015-02-02,cash,,,,,0,0,0.0
2015-02-03,cash,,,,,0,0,0.0
2015-02-04,cash,,,,,0,0,0.0
2015-02-05,cash,,,,,0,0,0.0
2015-02-06,cash,,,,,0,0,0.0
2015-02-09,cash,,,,,0,0,0.0
2015-02-10,cash,,,,,0,0,0.0
2015-02-11,cash,,,,,0,0,0.0
2015-02-12,cash,,,,,0,0,0.0
2015-02-13,cash,,,,,0,0,0.0
2015-02-16,cash,,,,,0,0,0.0
2015-02-17,cash,,,,,0,0,0.0
2015-02-25,cash,,,,,0,0,0.0
2015-02-26,cash,,,,,0,0,0.0
2015-02-27,cash,,,,,0,0,0.0
2015-03-02,cash,,,,,0,0,0.0
2015-03-03,cash,,,,,0,0,0.0
2015-03-04,cash,,,,,0,0,0.0
2015-03-05,cash,,,,,0,0,0.0
2015-03-06,cash,,,,,0,0,0.0
2015-03-09,cash,,,,,0,0,0.0
2015-03-10,cash,,,,,0,0,0.0
2015-03-11,cash,,,,,0,0,0.0
2015-03-12,cash,,,,,0,0,0.0
2015-03-13,cash,,,,,0,0,0.0
2015-03-16,cash,,,,,0,0,0.0
2015-03-17,cash,,,,,0,0,0.0
2015-03-18,cash,,,,,0,0,0.0
2015-03-19,cash,,,,,0,0,0.0
2015-03-20,cash,,,,,0,0,0.0
2015-03-23,cash,,,,,0,0,0.0
2015-03-24,cash,,,,,0,0,0.0
2015-03-25,cash,,,,,0,0,0.0
2015-03-26,cash,,,,,0,0,0.0
2015-03-27,cash,,,,,0,0,0.0
2015-03-30,cash,,,,,0,0,0.0
2015-03-31,cash,,,,,0,0,0.0
2015-04-01,cash,,,,,0,0,0.0
2015-04-02,cash,,,,,0,0,0.0
2015-04-03,cash,,,,,0,0,0.0
2015-04-07,cash,,,,,0,0,0.0
2015-04-08,cash,,,,,0,0,0.0
2015-04-09,cash,,,,,0,0,0.0
2015-04-10,cash,,,,,0,0,0.0
2015-04-13,cash,,,,,0,0,0.0
2015-04-14,cash,,,,,0,0,0.0
2015-04-15,cash,,,,,0,0,0.0
2015-04-16,cash,,,,,0,0,0.0
2015-04-17,cash,,,,,0,0,0.0
2015-04-20,cash,,,,,0,0,0.0
2015-04-21,cash,,,,,0,0,0.0
2015-04-22,cash,,,,,0,0,0.0
2015-04-23,cash,,,,,0,0,0.0
2015-04-24,cash,,,,,0,0,0.0
2015-04-27,cash,,,,,0,0,0.0
2015-04-28,cash,,,,,0,0,0.0
2015-04-29,cash,,,,,0,0,0.0
2015-04-30,cash,,,,,0,0,0.0
2015-05-04,cash,,,,,0,0,0.0
2015-05-05,cash,,,,,0,0,0.0
2015-05-06,cash,,,,,0,0,0.0
2015-05-07,cash,,,,,0,0,0.0
2015-05-08,cash,,,,,0,0,0.0
2015-05-11,cash,,,,,0,0,0.0
2015-05-12,cash,,,,,0,0,0.0
2015-05-13,cash,,,,,0,0,0.0
2015-05-14,cash,,,,,0,0,0.0
2015-05-15,cash,,,,,0,0,0.0
2015-05-18,cash,,,,,0,0,0.0
2015-05-19,cash,,,,,0,0,0.0
2015-05-20,cash,,,,,0,0,0.0
2015-05-21,cash,,,,,0,0,0.0
2015-05-22,cash,,,,,0,0,0.0
2015-05-25,cash,,,,,0,0,0.0
2015-05-26,cash,,,,,0,0,0.0
2015-05-27,cash,,,,,0,0,0.0
2015-05-28,cash,,,,,0,0,0.0
2015-05-29,cash,,,,,0,0,0.0
2015-06-01,cash,,,,,0,0,0.0
2015-06-02,cash,,,,,0,0,0.0
2015-06-03,cash,,,,,0,0,0.0
2015-06-04,cash,,,,,0,0,0.0
2015-06-05,cash,,,,,0,0,0.0
2015-06-08,cash,,,,,0,0,0.0
2015-06-09,cash,,,,,0,0,0.0
2015-06-10,cash,,,,,0,0,0.0
2015-06-11,cash,,,,,0,0,0.0
2015-06-12,cash,,,,,0,0,0.0
2015-06-15,cash,,,,,0,0,0.0
2015-06-16,cash,,,,,0,0,0.0
2015-06-17,cash,,,,,0,0,0.0
2015-06-18,cash,,,,,0,0,0.0
2015-06-19,cash,,,,,0,0,0.0
2015-06-23,cash,,,,,0,0,0.0
2015-06-24,cash,,,,,0,0,0.0
2015-06-25,cash,,,,,0,0,0.0
2015-06-26,cash,,,,,0,0,0.0
2015-06-29,cash,,,,,0,0,0.0
2015-06-30,cash,,,,,0,0,0.0
2015-07-01,cash,,,,,0,0,0.0
2015-07-02,cash,,,,,0,0,0.0
2015-07-03,cash,,,,,0,0,0.0
2015-07-06,cash,,,,,0,0,0.0
2015-07-07,cash,,,,,0,0,0.0
2015-07-08,cash,,,,,0,0,0.0
2015-07-09,cash,,,,,0,0,0.0
2015-07-10,cash,,,,,0,0,0.0
2015-07-13,cash,,,,,0,0,0.0
2015-07-14,cash,,,,,0,0,0.0
2015-07-15,cash,,,,,0,0,0.0
2015-07-16,cash,,,,,0,0,0.0
2015-07-17,cash,,,,,0,0,0.0
2015-07-20,cash,,,,,0,0,0.0
2015-07-21,cash,,,,,0,0,0.0
2015-07-22,cash,,,,,0,0,0.0
2015-07-23,cash,,,,,0,0,0.0
2015-07-24,cash,,,,,0,0,0.0
2015-07-27,cash,,,,,0,0,0.0
2015-07-28,cash,,,,,0,0,0.0
2015-07-29,cash,,,,,0,0,0.0
2015-07-30,cash,,,,,0,0,0.0
2015-07-31,cash,,,,,0,0,0.0
2015-08-03,cash,,,,,0,0,0.0
2015-08-04,cash,,,,,0,0,0.0
2015-08-05,cash,,,,,0,0,0.0
2015-08-06,cash,,,,,0,0,0.0
2015-08-07,cash,,,,,0,0,0.0
2015-08-10,cash,,,,,0,0,0.0
2015-08-11,cash,,,,,0,0,0.0
2015-08-12,cash,,,,,0,0,0.0
2015-08-13,cash,,,,,0,0,0.0
2015-08-14,cash,,,,,0,0,0.0
2015-08-17,cash,,,,,0,0,0.0
2015-08-18,cash,,,,,0,0,0.0
2015-08-19,cash,,,,,0,0,0.0
2015-08-20,cash,,,,,0,0,0.0
2015-08-21,cash,,,,,0,0,0.0
2015-08-24,cash,,,,,0,0,0.0
2015-08-25,cash,,,,,0,0,0.0
2015-08-26,cash,,,,,0,0,0.0
2015-08-27,cash,,,,,0,0,0.0
2015-08-28,cash,,,,,0,0,0.0
2015-08-31,cash,,,,,0,0,0.0
2015-09-01,cash,,,,,0,0,0.0
2015-09-02,cash,,,,,0,0,0.0
2015-09-07,cash,,,,,0,0,0.0
2015-09-08,cash,,,,,0,0,0.0
2015-09-09,cash,,,,,0,0,0.0
2015-09-10,cash,,,,,0,0,0.0
2015-09-11,cash,,,,,0,0,0.0
2015-09-14,cash,,,,,0,0,0.0
2015-09-15,cash,,,,,0,0,0.0
2015-09-16,cash,,,,,0,0,0.0
2015-09-17,cash,,,,,0,0,0.0
2015-09-18,cash,,,,,0,0,0.0
2015-09-21,cash,,,,,0,0,0.0
2015-09-22,cash,,,,,0,0,0.0
2015-09-23,cash,,,,,0,0,0.0
2015-09-24,cash,,,,,0,0,0.0
2015-09-25,cash,,,,,0,0,0.0
2015-09-28,cash,,,,,0,0,0.0
2015-09-29,cash,,,,,0,0,0.0
2015-09-30,cash,,,,,0,0,0.0
2015-10-08,cash,,,,,0,0,0.0
2015-10-09,cash,,,,,0,0,0.0
2015-10-12,cash,,,,,0,0,0.0
2015-10-13,cash,,,,,0,0,0.0
2015-10-14,cash,,,,,0,0,0.0
2015-10-15,cash,,,,,0,0,0.0
2015-10-16,cash,,,,,0,0,0.0
2015-10-19,cash,,,,,0,0,0.0
2015-10-20,cash,,,,,0,0,0.0
2015-10-21,cash,,,,,0,0,0.0
2015-10-22,cash,,,,,0,0,0.0
2015-10-23,cash,,,,,0,0,0.0
2015-10-26,cash,,,,,0,0,0.0
2015-10-27,cash,,,,,0,0,0.0
2015-10-28,cash,,,,,0,0,0.0
2015-10-29,cash,,,,,0,0,0.0
2015-10-30,cash,,,,,0,0,0.0
2015-11-02,cash,,,,,0,0,0.0
2015-11-03,cash,,,,,0,0,0.0
2015-11-04,cash,,,,,0,0,0.0
2015-11-05,cash,,,,,0,0,0.0
2015-11-06,cash,,,,,0,0,0.0
2015-11-09,offensive,159915.SZ,159915.SZ,,,1,1,1.0
2015-11-10,offensive,159915.SZ,,,,1,1,1.0
2015-11-11,offensive,159915.SZ,,,,1,1,1.0
2015-11-12,offensive,159915.SZ,,,,1,1,1.0
2015-11-13,offensive,159915.SZ,,,,1,1,1.0
2015-11-16,offensive,159915.SZ,,,,1,1,1.0
2015-11-17,offensive,159915.SZ,,,,1,1,1.0
2015-11-18,offensive,159915.SZ,,,,1,1,1.0
2015-11-19,offensive,159915.SZ,,,,1,1,1.0
2015-11-20,offensive,159915.SZ,,,,1,1,1.0
2015-11-23,offensive,159915.SZ,,,,1,1,1.0
2015-11-24,offensive,159915.SZ,,,,2,1,1.0
2015-11-25,offensive,159915.SZ,,,,1,1,1.0
2015-11-26,offensive,159915.SZ,,,,2,1,1.0
2015-11-27,offensive,159915.SZ,,,,1,1,1.0
2015-11-30,offensive,159915.SZ,,,,1,1,1.0
2015-12-01,offensive,159915.SZ,,,,1,1,1.0
2015-12-02,offensive,159915.SZ,,,,0,1,1.0
2015-12-03,offensive,159915.SZ,,,,2,1,1.0
2015-12-04,offensive,159915.SZ,,,,0,1,1.0
2015-12-07,offensive,159915.SZ,,,,0,1,1.0
2015-12-08,offensive,159915.SZ,,,,0,1,1.0
2015-12-09,offensive,159915.SZ,,,,0,1,1.0
2015-12-10,offensive,159915.SZ,,,,0,1,1.0
2015-12-11,offensive,159915.SZ,,,,0,1,1.0
2015-12-14,offensive,159915.SZ,,,,0,1,1.0
2015-12-15,offensive,159915.SZ,,,,0,1,1.0
2015-12-16,offensive,159915.SZ,,,,0,1,1.0
2015-12-17,offensive,159915.SZ,,,,0,1,1.0
2015-12-18,offensive,159915.SZ,,,,0,1,1.0
2015-12-21,offensive,159915.SZ,,,,0,1,1.0
2015-12-22,offensive,159915.SZ,,,,0,1,1.0
2015-12-23,offensive,159915.SZ,,,,0,1,1.0
2015-12-24,offensive,159915.SZ,,,,0,1,1.0
2015-12-25,offensive,159915.SZ,,,,1,1,1.0
2015-12-28,offensive,159915.SZ,,,,2,1,1.0
2015-12-29,offensive,159915.SZ,,,,0,1,1.0
2015-12-30,offensive,159915.SZ,,,,1,1,1.0
2015-12-31,cash,,,159915.SZ,159915.SZ:ROC20转负、5日与20日排名同时下滑,0,0,0.0
2016-01-04,cash,,,,,0,0,0.0
2016-01-05,cash,,,,,0,0,0.0
2016-01-06,cash,,,,,0,0,0.0
2016-01-07,cash,,,,,0,0,0.0
2016-01-08,cash,,,,,0,0,0.0
2016-01-11,cash,,,,,0,0,0.0
2016-01-12,cash,,,,,0,0,0.0
2016-01-13,cash,,,,,0,0,0.0
2016-01-14,cash,,,,,0,0,0.0
2016-01-15,cash,,,,,0,0,0.0
2016-01-18,cash,,,,,0,0,0.0
2016-01-19,cash,,,,,0,0,0.0
2016-01-20,cash,,,,,0,0,0.0
2016-01-21,cash,,,,,0,0,0.0
2016-01-22,cash,,,,,0,0,0.0
2016-01-25,cash,,,,,0,0,0.0
2016-01-26,cash,,,,,0,0,0.0
2016-01-27,cash,,,,,0,0,0.0
2016-01-28,cash,,,,,0,0,0.0
2016-01-29,cash,,,,,0,0,0.0
2016-02-01,cash,,,,,0,0,0.0
2016-02-02,cash,,,,,0,0,0.0
2016-02-03,cash,,,,,0,0,0.0
2016-02-04,cash,,,,,0,0,0.0
2016-02-05,cash,,,,,0,0,0.0
2016-02-15,cash,,,,,0,0,0.0
2016-02-16,cash,,,,,0,0,0.0
2016-02-17,cash,,,,,0,0,0.0
2016-02-18,cash,,,,,0,0,0.0
2016-02-19,cash,,,,,0,0,0.0
2016-02-22,cash,,,,,0,0,0.0
2016-02-23,cash,,,,,0,0,0.0
2016-02-24,cash,,,,,0,0,0.0
2016-02-25,cash,,,,,0,0,0.0
2016-02-26,cash,,,,,0,0,0.0
2016-02-29,cash,,,,,0,0,0.0
2016-03-01,cash,,,,,0,0,0.0
2016-03-02,cash,,,,,0,0,0.0
2016-03-03,cash,,,,,0,0,0.0
2016-03-04,cash,,,,,0,0,0.0
2016-03-07,cash,,,,,0,0,0.0
2016-03-08,cash,,,,,0,0,0.0
2016-03-09,cash,,,,,0,0,0.0
2016-03-10,cash,,,,,0,0,0.0
2016-03-11,cash,,,,,0,0,0.0
2016-03-14,cash,,,,,0,0,0.0
2016-03-15,cash,,,,,0,0,0.0
2016-03-16,cash,,,,,0,0,0.0
2016-03-17,cash,,,,,0,0,0.0
2016-03-18,cash,,,,,0,0,0.0
2016-03-21,cash,,,,,0,0,0.0
2016-03-22,cash,,,,,0,0,0.0
2016-03-23,cash,,,,,0,0,0.0
2016-03-24,cash,,,,,0,0,0.0
2016-03-25,cash,,,,,0,0,0.0
2016-03-28,cash,,,,,0,0,0.0
2016-03-29,cash,,,,,0,0,0.0
2016-03-30,cash,,,,,0,0,0.0
2016-03-31,cash,,,,,0,0,0.0
2016-04-01,cash,,,,,0,0,0.0
2016-04-05,cash,,,,,0,0,0.0
2016-04-06,cash,,,,,0,0,0.0
2016-04-07,cash,,,,,0,0,0.0
2016-04-08,cash,,,,,0,0,0.0
2016-04-11,cash,,,,,0,0,0.0
2016-04-12,cash,,,,,0,0,0.0
2016-04-13,cash,,,,,0,0,0.0
2016-04-14,cash,,,,,0,0,0.0
2016-04-15,cash,,,,,0,0,0.0
2016-04-18,cash,,,,,0,0,0.0
2016-04-19,cash,,,,,0,0,0.0
2016-04-20,cash,,,,,0,0,0.0
2016-04-21,cash,,,,,0,0,0.0
2016-04-22,cash,,,,,0,0,0.0
2016-04-25,cash,,,,,0,0,0.0
2016-04-26,cash,,,,,0,0,0.0
2016-04-27,cash,,,,,0,0,0.0
2016-04-28,cash,,,,,0,0,0.0
2016-04-29,cash,,,,,0,0,0.0
2016-05-03,cash,,,,,0,0,0.0
2016-05-04,cash,,,,,0,0,0.0
2016-05-05,cash,,,,,0,0,0.0
2016-05-06,cash,,,,,0,0,0.0
2016-05-09,cash,,,,,0,0,0.0
2016-05-10,cash,,,,,0,0,0.0
2016-05-11,cash,,,,,0,0,0.0
2016-05-12,cash,,,,,0,0,0.0
2016-05-13,cash,,,,,0,0,0.0
2016-05-16,cash,,,,,0,0,0.0
2016-05-17,cash,,,,,0,0,0.0
2016-05-18,cash,,,,,0,0,0.0
2016-05-19,cash,,,,,0,0,0.0
2016-05-20,cash,,,,,0,0,0.0
2016-05-23,cash,,,,,0,0,0.0
2016-05-24,cash,,,,,0,0,0.0
2016-05-25,cash,,,,,0,0,0.0
2016-05-26,cash,,,,,0,0,0.0
2016-05-27,cash,,,,,0,0,0.0
2016-05-30,cash,,,,,0,0,0.0
2016-05-31,cash,,,,,0,0,0.0
2016-06-01,cash,,,,,0,0,0.0
2016-06-02,cash,,,,,0,0,0.0
2016-06-03,offensive,159915.SZ,159915.SZ,,,1,1,1.0
2016-06-06,cash,,,159915.SZ,159915.SZ:跌破MA120,0,0,0.0
2016-06-07,cash,,,,,0,0,0.0
2016-06-08,cash,,,,,0,0,0.0
2016-06-13,cash,,,,,0,0,0.0
2016-06-14,cash,,,,,0,0,0.0
2016-06-15,cash,,,,,0,0,0.0
2016-06-16,cash,,,,,0,0,0.0
2016-06-17,cash,,,,,0,0,0.0
2016-06-20,cash,,,,,0,0,0.0
2016-06-21,cash,,,,,0,0,0.0
2016-06-22,cash,,,,,0,0,0.0
2016-06-23,cash,,,,,0,0,0.0
2016-06-24,cash,,,,,0,0,0.0
2016-06-27,offensive,510500.SH,510500.SH,,,1,1,1.0
2016-06-28,offensive,510500.SH,,,,0,1,1.0
2016-06-29,offensive,510500.SH,,,,0,1,1.0
2016-06-30,offensive,510500.SH,,,,0,1,1.0
2016-07-01,offensive,510500.SH,,,,0,1,1.0
2016-07-04,offensive,510500.SH,,,,0,1,1.0
2016-07-05,offensive,510500.SH,,,,0,1,1.0
2016-07-06,offensive,510500.SH,,,,0,1,1.0
2016-07-07,offensive,510500.SH,,,,0,1,1.0
2016-07-08,offensive,510500.SH,,,,0,1,1.0
2016-07-11,offensive,510500.SH,,,,0,1,1.0
2016-07-12,cash,,,510500.SH,510500.SH:5日与20日排名同时下滑,0,0,0.0
2016-07-13,cash,,,,,0,0,0.0
2016-07-14,cash,,,,,0,0,0.0
2016-07-15,cash,,,,,0,0,0.0
2016-07-18,cash,,,,,0,0,0.0
2016-07-19,cash,,,,,0,0,0.0
2016-07-20,cash,,,,,0,0,0.0
2016-07-21,cash,,,,,0,0,0.0
2016-07-22,cash,,,,,0,0,0.0
2016-07-25,cash,,,,,0,0,0.0
2016-07-26,cash,,,,,0,0,0.0
2016-07-27,cash,,,,,0,0,0.0
2016-07-28,cash,,,,,0,0,0.0
2016-07-29,cash,,,,,0,0,0.0
2016-08-01,cash,,,,,0,0,0.0
2016-08-02,cash,,,,,0,0,0.0
2016-08-03,cash,,,,,0,0,0.0
2016-08-04,cash,,,,,0,0,0.0
2016-08-05,cash,,,,,0,0,0.0
2016-08-08,cash,,,,,0,0,0.0
2016-08-09,cash,,,,,0,0,0.0
2016-08-10,cash,,,,,0,0,0.0
2016-08-11,cash,,,,,0,0,0.0
2016-08-12,cash,,,,,0,0,0.0
2016-08-15,cash,,,,,0,0,0.0
2016-08-16,cash,,,,,0,0,0.0
2016-08-17,cash,,,,,0,0,0.0
2016-08-18,cash,,,,,0,0,0.0
2016-08-19,cash,,,,,0,0,0.0
2016-08-22,cash,,,,,0,0,0.0
2016-08-23,cash,,,,,0,0,0.0
2016-08-24,offensive,510300.SH,510300.SH,,,1,1,1.0
2016-08-25,offensive,510300.SH,,,,1,1,1.0
2016-08-26,offensive,510300.SH,,,,1,1,1.0
2016-08-29,offensive,510300.SH,,,,1,1,1.0
2016-08-30,offensive,510300.SH,,,,1,1,1.0
2016-08-31,offensive,510300.SH,,,,1,1,1.0
2016-09-01,offensive,510300.SH,,,,0,1,1.0
2016-09-02,offensive,510300.SH,,,,0,1,1.0
2016-09-05,offensive,510300.SH,,,,0,1,1.0
2016-09-06,offensive,510300.SH,,,,1,1,1.0
2016-09-07,offensive,510300.SH,,,,0,1,1.0
2016-09-08,offensive,510300.SH,,,,1,1,1.0
2016-09-09,offensive,510300.SH,,,,0,1,1.0
2016-09-12,cash,,,510300.SH,510300.SH:ROC20转负、5日与20日排名同时下滑,0,0,0.0
2016-09-13,cash,,,,,0,0,0.0
2016-09-14,cash,,,,,0,0,0.0
2016-09-19,cash,,,,,0,0,0.0
2016-09-20,cash,,,,,0,0,0.0
2016-09-21,cash,,,,,0,0,0.0
2016-09-22,cash,,,,,0,0,0.0
2016-09-23,cash,,,,,0,0,0.0
2016-09-26,cash,,,,,0,0,0.0
2016-09-27,cash,,,,,0,0,0.0
2016-09-28,cash,,,,,0,0,0.0
2016-09-29,cash,,,,,0,0,0.0
2016-09-30,cash,,,,,0,0,0.0
2016-10-10,cash,,,,,0,0,0.0
2016-10-11,cash,,,,,0,0,0.0
2016-10-12,cash,,,,,0,0,0.0
2016-10-13,cash,,,,,0,0,0.0
2016-10-14,cash,,,,,0,0,0.0
2016-10-17,cash,,,,,0,0,0.0
2016-10-18,cash,,,,,0,0,0.0
2016-10-19,cash,,,,,0,0,0.0
2016-10-20,cash,,,,,0,0,0.0
2016-10-21,cash,,,,,0,0,0.0
2016-10-24,cash,,,,,0,0,0.0
2016-10-25,cash,,,,,0,0,0.0
2016-10-26,cash,,,,,0,0,0.0
2016-10-27,cash,,,,,0,0,0.0
2016-10-28,cash,,,,,0,0,0.0
2016-10-31,cash,,,,,0,0,0.0
2016-11-01,cash,,,,,0,0,0.0
2016-11-02,cash,,,,,0,0,0.0
2016-11-03,offensive,510300.SH,510300.SH,,,1,1,1.0
2016-11-04,offensive,510300.SH,,,,0,1,1.0
2016-11-07,offensive,510300.SH,,,,0,1,1.0
2016-11-08,offensive,510300.SH,,,,0,1,1.0
2016-11-09,offensive,510300.SH,,,,0,1,1.0
2016-11-10,offensive,510300.SH,,,,0,1,1.0
2016-11-11,offensive,510300.SH,,,,0,1,1.0
2016-11-14,offensive,510300.SH,,,,0,1,1.0
2016-11-15,offensive,510300.SH,,,,0,1,1.0
2016-11-16,cash,,,510300.SH,510300.SH:5日与20日排名同时下滑,0,0,0.0
2016-11-17,cash,,,,,0,0,0.0
2016-11-18,cash,,,,,0,0,0.0
2016-11-21,cash,,,,,0,0,0.0
2016-11-22,cash,,,,,0,0,0.0
2016-11-23,cash,,,,,0,0,0.0
2016-11-24,cash,,,,,0,0,0.0
2016-11-25,cash,,,,,0,0,0.0
2016-11-28,cash,,,,,0,0,0.0
2016-11-29,cash,,,,,0,0,0.0
2016-11-30,cash,,,,,0,0,0.0
2016-12-01,cash,,,,,0,0,0.0
2016-12-02,cash,,,,,0,0,0.0
2016-12-05,offensive,510300.SH,510300.SH,,,1,1,1.0
2016-12-06,offensive,510300.SH,,,,0,1,1.0
2016-12-07,offensive,510300.SH,,,,1,1,1.0
2016-12-08,cash,,,510300.SH,510300.SH:5日与20日排名同时下滑,0,0,0.0
2016-12-09,cash,,,,,0,0,0.0
2016-12-12,cash,,,,,0,0,0.0
2016-12-13,cash,,,,,0,0,0.0
2016-12-14,cash,,,,,0,0,0.0
2016-12-15,cash,,,,,0,0,0.0
2016-12-16,cash,,,,,0,0,0.0
2016-12-19,cash,,,,,0,0,0.0
2016-12-20,cash,,,,,0,0,0.0
2016-12-21,cash,,,,,0,0,0.0
2016-12-22,cash,,,,,0,0,0.0
2016-12-23,cash,,,,,0,0,0.0
2016-12-26,cash,,,,,0,0,0.0
2016-12-27,cash,,,,,0,0,0.0
2016-12-28,cash,,,,,0,0,0.0
2016-12-29,cash,,,,,0,0,0.0
2016-12-30,cash,,,,,0,0,0.0
2017-01-03,cash,,,,,0,0,0.0
2017-01-04,cash,,,,,0,0,0.0
2017-01-05,cash,,,,,0,0,0.0
2017-01-06,cash,,,,,0,0,0.0
2017-01-09,cash,,,,,0,0,0.0
2017-01-10,cash,,,,,0,0,0.0
2017-01-11,cash,,,,,0,0,0.0
2017-01-12,cash,,,,,0,0,0.0
2017-01-13,cash,,,,,0,0,0.0
2017-01-16,cash,,,,,0,0,0.0
2017-01-17,cash,,,,,0,0,0.0
2017-01-18,cash,,,,,0,0,0.0
2017-01-19,cash,,,,,0,0,0.0
2017-01-20,cash,,,,,0,0,0.0
2017-01-23,cash,,,,,0,0,0.0
2017-01-24,cash,,,,,0,0,0.0
2017-01-25,cash,,,,,0,0,0.0
2017-01-26,cash,,,,,0,0,0.0
2017-02-03,cash,,,,,0,0,0.0
2017-02-06,cash,,,,,0,0,0.0
2017-02-07,cash,,,,,0,0,0.0
2017-02-08,cash,,,,,0,0,0.0
2017-02-09,cash,,,,,0,0,0.0
2017-02-10,cash,,,,,0,0,0.0
2017-02-13,cash,,,,,0,0,0.0
2017-02-14,cash,,,,,0,0,0.0
2017-02-15,cash,,,,,0,0,0.0
2017-02-16,cash,,,,,0,0,0.0
2017-02-17,cash,,,,,0,0,0.0
2017-02-20,cash,,,,,0,0,0.0
2017-02-21,cash,,,,,0,0,0.0
2017-02-22,cash,,,,,0,0,0.0
2017-02-23,cash,,,,,0,0,0.0
2017-02-24,cash,,,,,0,0,0.0
2017-02-27,cash,,,,,0,0,0.0
2017-02-28,cash,,,,,0,0,0.0
2017-03-01,cash,,,,,0,0,0.0
2017-03-02,cash,,,,,0,0,0.0
2017-03-03,cash,,,,,0,0,0.0
2017-03-06,cash,,,,,0,0,0.0
2017-03-07,cash,,,,,0,0,0.0
2017-03-08,cash,,,,,0,0,0.0
2017-03-09,cash,,,,,0,0,0.0
2017-03-10,cash,,,,,0,0,0.0
2017-03-13,cash,,,,,0,0,0.0
2017-03-14,cash,,,,,0,0,0.0
2017-03-15,cash,,,,,0,0,0.0
2017-03-16,cash,,,,,0,0,0.0
2017-03-17,cash,,,,,0,0,0.0
2017-03-20,cash,,,,,0,0,0.0
2017-03-21,cash,,,,,0,0,0.0
2017-03-22,cash,,,,,0,0,0.0
2017-03-23,cash,,,,,0,0,0.0
2017-03-24,cash,,,,,0,0,0.0
2017-03-27,cash,,,,,0,0,0.0
2017-03-28,cash,,,,,0,0,0.0
2017-03-29,cash,,,,,0,0,0.0
2017-03-30,cash,,,,,0,0,0.0
2017-03-31,cash,,,,,0,0,0.0
2017-04-05,cash,,,,,0,0,0.0
2017-04-06,cash,,,,,0,0,0.0
2017-04-07,cash,,,,,0,0,0.0
2017-04-10,cash,,,,,0,0,0.0
2017-04-11,cash,,,,,0,0,0.0
2017-04-12,cash,,,,,0,0,0.0
2017-04-13,cash,,,,,0,0,0.0
2017-04-14,cash,,,,,0,0,0.0
2017-04-17,cash,,,,,0,0,0.0
2017-04-18,cash,,,,,0,0,0.0
2017-04-19,cash,,,,,0,0,0.0
2017-04-20,cash,,,,,0,0,0.0
2017-04-21,cash,,,,,0,0,0.0
2017-04-24,cash,,,,,0,0,0.0
2017-04-25,cash,,,,,0,0,0.0
2017-04-26,cash,,,,,0,0,0.0
2017-04-27,cash,,,,,0,0,0.0
2017-04-28,cash,,,,,0,0,0.0
2017-05-02,cash,,,,,0,0,0.0
2017-05-03,cash,,,,,0,0,0.0
2017-05-04,cash,,,,,0,0,0.0
2017-05-05,cash,,,,,0,0,0.0
2017-05-08,cash,,,,,0,0,0.0
2017-05-09,cash,,,,,0,0,0.0
2017-05-10,cash,,,,,0,0,0.0
2017-05-11,cash,,,,,0,0,0.0
2017-05-12,cash,,,,,0,0,0.0
2017-05-15,cash,,,,,0,0,0.0
2017-05-16,cash,,,,,0,0,0.0
2017-05-17,cash,,,,,0,0,0.0
2017-05-18,cash,,,,,0,0,0.0
2017-05-19,cash,,,,,0,0,0.0
2017-05-22,cash,,,,,0,0,0.0
2017-05-23,cash,,,,,0,0,0.0
2017-05-24,cash,,,,,0,0,0.0
2017-05-25,cash,,,,,0,0,0.0
2017-05-26,cash,,,,,0,0,0.0
2017-05-31,cash,,,,,0,0,0.0
2017-06-01,cash,,,,,0,0,0.0
2017-06-02,cash,,,,,0,0,0.0
2017-06-05,cash,,,,,0,0,0.0
2017-06-06,cash,,,,,0,0,0.0
2017-06-07,cash,,,,,0,0,0.0
2017-06-08,cash,,,,,0,0,0.0
2017-06-09,offensive,510300.SH,510300.SH,,,1,1,1.0
2017-06-12,offensive,510300.SH,,,,0,1,1.0
2017-06-13,offensive,510300.SH,,,,0,1,1.0
2017-06-14,offensive,510300.SH,,,,0,1,1.0
2017-06-15,offensive,510300.SH,,,,0,1,1.0
2017-06-16,offensive,510300.SH,,,,0,1,1.0
2017-06-19,offensive,510300.SH,,,,0,1,1.0
2017-06-20,offensive,510300.SH,,,,0,1,1.0
2017-06-21,offensive,510300.SH,,,,1,1,1.0
2017-06-22,offensive,510300.SH,,,,1,1,1.0
2017-06-23,offensive,510300.SH,,,,1,1,1.0
2017-06-26,offensive,510300.SH,,,,0,1,1.0
2017-06-27,offensive,510300.SH,,,,0,1,1.0
2017-06-28,offensive,510300.SH,,,,0,1,1.0
2017-06-29,offensive,510300.SH,,,,1,1,1.0
2017-06-30,offensive,510300.SH,,,,0,1,1.0
2017-07-03,offensive,510300.SH,,,,0,1,1.0
2017-07-04,offensive,510300.SH,,,,0,1,1.0
2017-07-05,offensive,510300.SH,,,,1,1,1.0
2017-07-06,offensive,510300.SH,,,,1,1,1.0
2017-07-07,offensive,510300.SH,,,,1,1,1.0
2017-07-10,offensive,510300.SH,,,,1,1,1.0
2017-07-11,offensive,510300.SH,,,,1,1,1.0
2017-07-12,offensive,510300.SH,,,,1,1,1.0
2017-07-13,offensive,510300.SH,,,,0,1,1.0
2017-07-14,offensive,510300.SH,,,,0,1,1.0
2017-07-17,offensive,510300.SH,,,,0,1,1.0
2017-07-18,offensive,510300.SH,,,,0,1,1.0
2017-07-19,offensive,510300.SH,,,,0,1,1.0
2017-07-20,offensive,510300.SH,,,,0,1,1.0
2017-07-21,offensive,510300.SH,,,,0,1,1.0
2017-07-24,offensive,510300.SH,,,,0,1,1.0
2017-07-25,offensive,510300.SH,,,,0,1,1.0
2017-07-26,offensive,510300.SH,,,,0,1,1.0
2017-07-27,offensive,510300.SH,,,,0,1,1.0
2017-07-28,offensive,510300.SH,,,,0,1,1.0
2017-07-31,offensive,510300.SH,,,,0,1,1.0
2017-08-01,offensive,510300.SH,,,,0,1,1.0
2017-08-02,offensive,510300.SH,,,,0,1,1.0
2017-08-03,offensive,510300.SH,,,,0,1,1.0
2017-08-04,offensive,510300.SH,,,,0,1,1.0
2017-08-07,offensive,510300.SH,,,,0,1,1.0
2017-08-08,cash,,,510300.SH,510300.SH:5日与20日排名同时下滑,0,0,0.0
2017-08-09,cash,,,,,0,0,0.0
2017-08-10,cash,,,,,0,0,0.0
2017-08-11,cash,,,,,0,0,0.0
2017-08-14,cash,,,,,1,0,0.0
2017-08-15,cash,,,,,0,0,0.0
2017-08-16,cash,,,,,0,0,0.0
2017-08-17,offensive,510500.SH,510500.SH,,,1,1,1.0
2017-08-18,offensive,510500.SH,,,,1,1,1.0
2017-08-21,offensive,510500.SH,,,,1,1,1.0
2017-08-22,offensive,510500.SH,,,,1,1,1.0
2017-08-23,offensive,510500.SH,,,,1,1,1.0
2017-08-24,offensive,510500.SH,,,,2,1,1.0
2017-08-25,offensive,510500.SH,,,,0,1,1.0
2017-08-28,offensive,510500.SH,,,,0,1,1.0
2017-08-29,offensive,510500.SH,,,,0,1,1.0
2017-08-30,offensive,510500.SH,,,,0,1,1.0
2017-08-31,offensive,510500.SH,,,,0,1,1.0
2017-09-01,offensive,510500.SH,,,,1,1,1.0
2017-09-04,offensive,510500.SH,,,,1,1,1.0
2017-09-05,offensive,510500.SH,,,,1,1,1.0
2017-09-06,offensive,510500.SH,,,,1,1,1.0
2017-09-07,offensive,510500.SH,,,,0,1,1.0
2017-09-08,offensive,510500.SH,,,,0,1,1.0
2017-09-11,offensive,510500.SH,,,,1,1,1.0
2017-09-12,offensive,510500.SH,,,,0,1,1.0
2017-09-13,offensive,510500.SH,,,,1,1,1.0
2017-09-14,offensive,510500.SH,,,,1,1,1.0
2017-09-15,offensive,510500.SH,,,,1,1,1.0
2017-09-18,offensive,510500.SH,,,,1,1,1.0
2017-09-19,offensive,510500.SH,,,,1,1,1.0
2017-09-20,offensive,510500.SH,,,,1,1,1.0
2017-09-21,offensive,510500.SH,,,,1,1,1.0
2017-09-22,offensive,510500.SH,,,,1,1,1.0
2017-09-25,offensive,510500.SH,,,,0,1,1.0
2017-09-26,offensive,510500.SH,,,,1,1,1.0
2017-09-27,offensive,510500.SH,,,,1,1,1.0
2017-09-28,offensive,510500.SH,,,,2,1,1.0
2017-09-29,offensive,510500.SH,,,,2,1,1.0
2017-10-09,offensive,510500.SH,,,,1,1,1.0
2017-10-10,offensive,510500.SH,,,,1,1,1.0
2017-10-11,offensive,510500.SH,,,,1,1,1.0
2017-10-12,offensive,510500.SH,,,,1,1,1.0
2017-10-13,offensive,510500.SH,,,,1,1,1.0
2017-10-16,cash,,,510500.SH,510500.SH:ROC20转负、5日与20日排名同时下滑,0,0,0.0
2017-10-17,cash,,,,,0,0,0.0
2017-10-18,cash,,,,,0,0,0.0
2017-10-19,cash,,,,,0,0,0.0
2017-10-20,cash,,,,,0,0,0.0
2017-10-23,cash,,,,,0,0,0.0
2017-10-24,cash,,,,,0,0,0.0
2017-10-25,cash,,,,,0,0,0.0
2017-10-26,cash,,,,,0,0,0.0
2017-10-27,cash,,,,,0,0,0.0
2017-10-30,cash,,,,,0,0,0.0
2017-10-31,cash,,,,,0,0,0.0
2017-11-01,cash,,,,,0,0,0.0
2017-11-02,cash,,,,,0,0,0.0
2017-11-03,cash,,,,,0,0,0.0
2017-11-06,cash,,,,,0,0,0.0
2017-11-07,cash,,,,,0,0,0.0
2017-11-08,cash,,,,,0,0,0.0
2017-11-09,cash,,,,,0,0,0.0
2017-11-10,cash,,,,,0,0,0.0
2017-11-13,cash,,,,,0,0,0.0
2017-11-14,cash,,,,,0,0,0.0
2017-11-15,cash,,,,,0,0,0.0
2017-11-16,cash,,,,,0,0,0.0
2017-11-17,cash,,,,,0,0,0.0
2017-11-20,cash,,,,,0,0,0.0
2017-11-21,cash,,,,,0,0,0.0
2017-11-22,cash,,,,,0,0,0.0
2017-11-23,cash,,,,,0,0,0.0
2017-11-24,cash,,,,,0,0,0.0
2017-11-27,cash,,,,,0,0,0.0
2017-11-28,cash,,,,,0,0,0.0
2017-11-29,cash,,,,,0,0,0.0
2017-11-30,cash,,,,,0,0,0.0
2017-12-01,cash,,,,,0,0,0.0
2017-12-04,cash,,,,,0,0,0.0
2017-12-05,cash,,,,,0,0,0.0
2017-12-06,cash,,,,,0,0,0.0
2017-12-07,cash,,,,,0,0,0.0
2017-12-08,cash,,,,,0,0,0.0
2017-12-11,cash,,,,,0,0,0.0
2017-12-12,cash,,,,,0,0,0.0
2017-12-13,cash,,,,,0,0,0.0
2017-12-14,cash,,,,,0,0,0.0
2017-12-15,cash,,,,,0,0,0.0
2017-12-18,cash,,,,,0,0,0.0
2017-12-19,cash,,,,,0,0,0.0
2017-12-20,cash,,,,,0,0,0.0
2017-12-21,cash,,,,,0,0,0.0
2017-12-22,cash,,,,,0,0,0.0
2017-12-25,cash,,,,,0,0,0.0
2017-12-26,cash,,,,,0,0,0.0
2017-12-27,cash,,,,,0,0,0.0
2017-12-28,cash,,,,,0,0,0.0
2017-12-29,cash,,,,,0,0,0.0
2018-01-02,cash,,,,,0,0,0.0
2018-01-03,cash,,,,,0,0,0.0
2018-01-04,cash,,,,,0,0,0.0
2018-01-05,offensive,510300.SH,510300.SH,,,1,1,1.0
2018-01-08,offensive,510300.SH,,,,0,1,1.0
2018-01-09,offensive,510300.SH,,,,0,1,1.0
2018-01-10,offensive,510300.SH,,,,1,1,1.0
2018-01-11,offensive,510300.SH,,,,1,1,1.0
2018-01-12,offensive,510300.SH,,,,1,1,1.0
2018-01-15,offensive,510300.SH,,,,0,1,1.0
2018-01-16,offensive,510300.SH,,,,0,1,1.0
2018-01-17,offensive,510300.SH,,,,0,1,1.0
2018-01-18,offensive,510300.SH,,,,0,1,1.0
2018-01-19,offensive,510300.SH,,,,0,1,1.0
2018-01-22,offensive,510300.SH,,,,0,1,1.0
2018-01-23,offensive,510300.SH,,,,0,1,1.0
2018-01-24,offensive,510300.SH,,,,0,1,1.0
2018-01-25,offensive,510300.SH,,,,0,1,1.0
2018-01-26,offensive,510300.SH,,,,0,1,1.0
2018-01-29,offensive,510300.SH,,,,0,1,1.0
2018-01-30,offensive,510300.SH,,,,0,1,1.0
2018-01-31,offensive,510300.SH,,,,0,1,1.0
2018-02-01,offensive,510300.SH,,,,0,1,1.0
2018-02-02,offensive,510300.SH,,,,0,1,1.0
2018-02-05,offensive,510300.SH,,,,0,1,1.0
2018-02-06,cash,,,510300.SH,510300.SH:ROC20转负,0,0,0.0
2018-02-07,cash,,,,,0,0,0.0
2018-02-08,cash,,,,,0,0,0.0
2018-02-09,cash,,,,,0,0,0.0
2018-02-12,cash,,,,,0,0,0.0
2018-02-13,cash,,,,,0,0,0.0
2018-02-14,cash,,,,,0,0,0.0
2018-02-22,cash,,,,,0,0,0.0
2018-02-23,cash,,,,,0,0,0.0
2018-02-26,cash,,,,,0,0,0.0
2018-02-27,cash,,,,,0,0,0.0
2018-02-28,cash,,,,,0,0,0.0
2018-03-01,cash,,,,,0,0,0.0
2018-03-02,cash,,,,,0,0,0.0
2018-03-05,cash,,,,,0,0,0.0
2018-03-06,cash,,,,,0,0,0.0
2018-03-07,cash,,,,,0,0,0.0
2018-03-08,cash,,,,,0,0,0.0
2018-03-09,offensive,159915.SZ,159915.SZ,,,1,1,1.0
2018-03-12,offensive,159915.SZ,,,,1,1,1.0
2018-03-13,offensive,159915.SZ,,,,1,1,1.0
2018-03-14,offensive,159915.SZ,,,,1,1,1.0
2018-03-15,offensive,159915.SZ,,,,1,1,1.0
2018-03-16,offensive,159915.SZ,,,,1,1,1.0
2018-03-19,offensive,159915.SZ,,,,1,1,1.0
2018-03-20,offensive,159915.SZ,,,,1,1,1.0
2018-03-21,offensive,159915.SZ,,,,1,1,1.0
2018-03-22,offensive,159915.SZ,,,,1,1,1.0
2018-03-23,cash,,,159915.SZ,159915.SZ:跌破MA120,0,0,0.0
2018-03-26,cash,,,,,0,0,0.0
2018-03-27,cash,,,,,1,0,0.0
2018-03-28,cash,,,,,0,0,0.0
2018-03-29,cash,,,,,0,0,0.0
2018-03-30,cash,,,,,1,0,0.0
2018-04-02,offensive,159915.SZ,159915.SZ,,,1,1,1.0
2018-04-03,offensive,159915.SZ,,,,0,1,1.0
2018-04-04,offensive,159915.SZ,,,,0,1,1.0
2018-04-09,offensive,159915.SZ,,,,0,1,1.0
2018-04-10,cash,,,159915.SZ,159915.SZ:ROC20转负、5日与20日排名同时下滑,0,0,0.0
2018-04-11,cash,,,,,0,0,0.0
2018-04-12,cash,,,,,0,0,0.0
2018-04-13,cash,,,,,0,0,0.0
2018-04-16,cash,,,,,0,0,0.0
2018-04-17,cash,,,,,0,0,0.0
2018-04-18,cash,,,,,0,0,0.0
2018-04-19,cash,,,,,0,0,0.0
2018-04-20,cash,,,,,0,0,0.0
2018-04-23,cash,,,,,0,0,0.0
2018-04-24,offensive,159915.SZ,159915.SZ,,,1,1,1.0
2018-04-25,offensive,159915.SZ,,,,1,1,1.0
2018-04-26,cash,,,159915.SZ,159915.SZ:跌破MA120,0,0,0.0
2018-04-27,cash,,,,,0,0,0.0
2018-05-02,cash,,,,,0,0,0.0
2018-05-03,cash,,,,,0,0,0.0
2018-05-04,cash,,,,,0,0,0.0
2018-05-07,cash,,,,,0,0,0.0
2018-05-08,offensive,159915.SZ,159915.SZ,,,1,1,1.0
2018-05-09,offensive,159915.SZ,,,,1,1,1.0
2018-05-10,offensive,159915.SZ,,,,0,1,1.0
2018-05-11,offensive,159915.SZ,,,,0,1,1.0
2018-05-14,offensive,159915.SZ,,,,0,1,1.0
2018-05-15,offensive,159915.SZ,,,,1,1,1.0
2018-05-16,cash,,,159915.SZ,159915.SZ:5日与20日排名同时下滑,0,0,0.0
2018-05-17,cash,,,,,1,0,0.0
2018-05-18,cash,,,,,1,0,0.0
2018-05-21,cash,,,,,1,0,0.0
2018-05-22,cash,,,,,1,0,0.0
2018-05-23,cash,,,,,1,0,0.0
2018-05-24,offensive,159915.SZ,159915.SZ,,,1,1,1.0
2018-05-25,cash,,,159915.SZ,159915.SZ:ROC20转负、5日与20日排名同时下滑,0,0,0.0
2018-05-28,cash,,,,,0,0,0.0
2018-05-29,cash,,,,,0,0,0.0
2018-05-30,cash,,,,,0,0,0.0
2018-05-31,cash,,,,,0,0,0.0
2018-06-01,cash,,,,,0,0,0.0
2018-06-04,cash,,,,,0,0,0.0
2018-06-05,cash,,,,,0,0,0.0
2018-06-06,cash,,,,,0,0,0.0
2018-06-07,cash,,,,,0,0,0.0
2018-06-08,cash,,,,,0,0,0.0
2018-06-11,cash,,,,,0,0,0.0
2018-06-12,cash,,,,,0,0,0.0
2018-06-13,cash,,,,,0,0,0.0
2018-06-14,cash,,,,,0,0,0.0
2018-06-15,cash,,,,,0,0,0.0
2018-06-19,cash,,,,,0,0,0.0
2018-06-20,cash,,,,,0,0,0.0
2018-06-21,cash,,,,,0,0,0.0
2018-06-22,cash,,,,,0,0,0.0
2018-06-25,cash,,,,,0,0,0.0
2018-06-26,cash,,,,,0,0,0.0
2018-06-27,cash,,,,,0,0,0.0
2018-06-28,cash,,,,,0,0,0.0
2018-06-29,cash,,,,,0,0,0.0
2018-07-02,cash,,,,,0,0,0.0
2018-07-03,cash,,,,,0,0,0.0
2018-07-04,cash,,,,,0,0,0.0
2018-07-05,cash,,,,,0,0,0.0
2018-07-06,cash,,,,,0,0,0.0
2018-07-09,cash,,,,,0,0,0.0
2018-07-10,cash,,,,,0,0,0.0
2018-07-11,cash,,,,,0,0,0.0
2018-07-12,cash,,,,,0,0,0.0
2018-07-13,cash,,,,,0,0,0.0
2018-07-16,cash,,,,,0,0,0.0
2018-07-17,cash,,,,,0,0,0.0
2018-07-18,cash,,,,,0,0,0.0
2018-07-19,cash,,,,,0,0,0.0
2018-07-20,cash,,,,,0,0,0.0
2018-07-23,cash,,,,,0,0,0.0
2018-07-24,cash,,,,,0,0,0.0
2018-07-25,cash,,,,,0,0,0.0
2018-07-26,cash,,,,,0,0,0.0
2018-07-27,cash,,,,,0,0,0.0
2018-07-30,cash,,,,,0,0,0.0
2018-07-31,cash,,,,,0,0,0.0
2018-08-01,cash,,,,,0,0,0.0
2018-08-02,cash,,,,,0,0,0.0
2018-08-03,cash,,,,,0,0,0.0
2018-08-06,cash,,,,,0,0,0.0
2018-08-07,cash,,,,,0,0,0.0
2018-08-08,cash,,,,,0,0,0.0
2018-08-09,cash,,,,,0,0,0.0
2018-08-10,cash,,,,,0,0,0.0
2018-08-13,cash,,,,,0,0,0.0
2018-08-14,cash,,,,,0,0,0.0
2018-08-15,cash,,,,,0,0,0.0
2018-08-16,cash,,,,,0,0,0.0
2018-08-17,cash,,,,,0,0,0.0
2018-08-20,cash,,,,,0,0,0.0
2018-08-21,cash,,,,,0,0,0.0
2018-08-22,cash,,,,,0,0,0.0
2018-08-23,cash,,,,,0,0,0.0
2018-08-24,cash,,,,,0,0,0.0
2018-08-27,cash,,,,,0,0,0.0
2018-08-28,cash,,,,,0,0,0.0
2018-08-29,cash,,,,,0,0,0.0
2018-08-30,cash,,,,,0,0,0.0
2018-08-31,cash,,,,,0,0,0.0
2018-09-03,cash,,,,,0,0,0.0
2018-09-04,cash,,,,,0,0,0.0
2018-09-05,cash,,,,,0,0,0.0
2018-09-06,cash,,,,,0,0,0.0
2018-09-07,cash,,,,,0,0,0.0
2018-09-10,cash,,,,,0,0,0.0
2018-09-11,cash,,,,,0,0,0.0
2018-09-12,cash,,,,,0,0,0.0
2018-09-13,cash,,,,,0,0,0.0
2018-09-14,cash,,,,,0,0,0.0
2018-09-17,cash,,,,,0,0,0.0
2018-09-18,cash,,,,,0,0,0.0
2018-09-19,cash,,,,,0,0,0.0
2018-09-20,offensive,512800.SH,512800.SH,,,1,1,1.0
2018-09-21,offensive,512800.SH,,,,1,1,1.0
2018-09-25,offensive,512800.SH,,,,1,1,1.0
2018-09-26,offensive,512800.SH,,,,1,1,1.0
2018-09-27,offensive,512800.SH,,,,0,1,1.0
2018-09-28,offensive,512800.SH,,,,1,1,1.0
2018-10-08,offensive,512800.SH,,,,0,1,1.0
2018-10-09,offensive,512800.SH,,,,0,1,1.0
2018-10-10,offensive,512800.SH,,,,0,1,1.0
2018-10-11,cash,,,512800.SH,512800.SH:跌破MA120,0,0,0.0
2018-10-12,cash,,,,,0,0,0.0
2018-10-15,cash,,,,,0,0,0.0
2018-10-16,cash,,,,,0,0,0.0
2018-10-17,cash,,,,,0,0,0.0
2018-10-18,cash,,,,,0,0,0.0
2018-10-19,cash,,,,,0,0,0.0
2018-10-22,cash,,,,,0,0,0.0
2018-10-23,cash,,,,,0,0,0.0
2018-10-24,cash,,,,,0,0,0.0
2018-10-25,cash,,,,,0,0,0.0
2018-10-26,cash,,,,,0,0,0.0
2018-10-29,cash,,,,,0,0,0.0
2018-10-30,cash,,,,,0,0,0.0
2018-10-31,cash,,,,,0,0,0.0
2018-11-01,cash,,,,,0,0,0.0
2018-11-02,cash,,,,,0,0,0.0
2018-11-05,offensive,512800.SH,512800.SH,,,1,1,1.0
2018-11-06,offensive,512800.SH,,,,1,1,1.0
2018-11-07,offensive,512800.SH,,,,1,1,1.0
2018-11-08,offensive,512800.SH,,,,1,1,1.0
2018-11-09,cash,,,512800.SH,512800.SH:5日与20日排名同时下滑,1,0,0.0
2018-11-12,cash,,,,,1,0,0.0
2018-11-13,cash,,,,,1,0,0.0
2018-11-14,cash,,,,,1,0,0.0
2018-11-15,cash,,,,,1,0,0.0
2018-11-16,cash,,,,,0,0,0.0
2018-11-19,cash,,,,,0,0,0.0
2018-11-20,cash,,,,,0,0,0.0
2018-11-21,cash,,,,,0,0,0.0
2018-11-22,cash,,,,,0,0,0.0
2018-11-23,cash,,,,,0,0,0.0
2018-11-26,cash,,,,,0,0,0.0
2018-11-27,cash,,,,,0,0,0.0
2018-11-28,cash,,,,,0,0,0.0
2018-11-29,cash,,,,,0,0,0.0
2018-11-30,cash,,,,,0,0,0.0
2018-12-03,cash,,,,,0,0,0.0
2018-12-04,cash,,,,,0,0,0.0
2018-12-05,cash,,,,,0,0,0.0
2018-12-06,cash,,,,,0,0,0.0
2018-12-07,cash,,,,,0,0,0.0
2018-12-10,cash,,,,,0,0,0.0
2018-12-11,cash,,,,,0,0,0.0
2018-12-12,cash,,,,,0,0,0.0
2018-12-13,cash,,,,,0,0,0.0
2018-12-14,cash,,,,,0,0,0.0
2018-12-17,cash,,,,,0,0,0.0
2018-12-18,cash,,,,,0,0,0.0
2018-12-19,cash,,,,,0,0,0.0
2018-12-20,cash,,,,,0,0,0.0
2018-12-21,cash,,,,,0,0,0.0
2018-12-24,cash,,,,,0,0,0.0
2018-12-25,cash,,,,,0,0,0.0
2018-12-26,cash,,,,,0,0,0.0
2018-12-27,cash,,,,,0,0,0.0
2018-12-28,cash,,,,,0,0,0.0
2019-01-02,cash,,,,,0,0,0.0
2019-01-03,cash,,,,,0,0,0.0
2019-01-04,cash,,,,,0,0,0.0
2019-01-07,cash,,,,,0,0,0.0
2019-01-08,cash,,,,,0,0,0.0
2019-01-09,cash,,,,,0,0,0.0
2019-01-10,cash,,,,,0,0,0.0
2019-01-11,cash,,,,,0,0,0.0
2019-01-14,cash,,,,,0,0,0.0
2019-01-15,cash,,,,,0,0,0.0
2019-01-16,cash,,,,,0,0,0.0
2019-01-17,cash,,,,,0,0,0.0
2019-01-18,cash,,,,,0,0,0.0
2019-01-21,cash,,,,,0,0,0.0
2019-01-22,cash,,,,,0,0,0.0
2019-01-23,cash,,,,,0,0,0.0
2019-01-24,cash,,,,,0,0,0.0
2019-01-25,offensive,510880.SH,510880.SH,,,1,1,1.0
2019-01-28,offensive,510880.SH,,,,1,1,1.0
2019-01-29,offensive,510880.SH,,,,1,1,1.0
2019-01-30,offensive,510880.SH,,,,1,1,1.0
2019-01-31,offensive,510880.SH,,,,1,1,1.0
2019-02-01,offensive,510880.SH,,,,2,1,1.0
2019-02-11,offensive,510880.SH,,,,2,1,1.0
2019-02-12,offensive,510880.SH,,,,2,1,1.0
2019-02-13,offensive,510880.SH,,,,2,1,1.0
2019-02-14,offensive,510880.SH,,,,2,1,1.0
2019-02-15,offensive,510880.SH,,,,2,1,1.0
2019-02-18,offensive,510880.SH,,,,1,1,1.0
2019-02-19,offensive,510880.SH,,,,1,1,1.0
2019-02-20,offensive,510880.SH,,,,1,1,1.0
2019-02-21,offensive,510880.SH,,,,2,1,1.0
2019-02-22,cash,,,510880.SH,510880.SH:5日与20日排名同时下滑,0,0,0.0
2019-02-25,cash,,,,,0,0,0.0
2019-02-26,cash,,,,,0,0,0.0
2019-02-27,cash,,,,,0,0,0.0
2019-02-28,cash,,,,,0,0,0.0
2019-03-01,cash,,,,,0,0,0.0
2019-03-04,cash,,,,,0,0,0.0
2019-03-05,cash,,,,,0,0,0.0
2019-03-06,cash,,,,,0,0,0.0
2019-03-07,cash,,,,,0,0,0.0
2019-03-08,cash,,,,,0,0,0.0
2019-03-11,cash,,,,,0,0,0.0
2019-03-12,cash,,,,,0,0,0.0
2019-03-13,cash,,,,,0,0,0.0
2019-03-14,cash,,,,,0,0,0.0
2019-03-15,cash,,,,,0,0,0.0
2019-03-18,cash,,,,,0,0,0.0
2019-03-19,cash,,,,,0,0,0.0
2019-03-20,cash,,,,,0,0,0.0
2019-03-21,cash,,,,,0,0,0.0
2019-03-22,cash,,,,,0,0,0.0
2019-03-25,cash,,,,,0,0,0.0
2019-03-26,cash,,,,,0,0,0.0
2019-03-27,cash,,,,,0,0,0.0
2019-03-28,cash,,,,,0,0,0.0
2019-03-29,cash,,,,,0,0,0.0
2019-04-01,cash,,,,,0,0,0.0
2019-04-02,cash,,,,,0,0,0.0
2019-04-03,cash,,,,,0,0,0.0
2019-04-04,cash,,,,,0,0,0.0
2019-04-08,cash,,,,,0,0,0.0
2019-04-09,cash,,,,,0,0,0.0
2019-04-10,cash,,,,,0,0,0.0
2019-04-11,cash,,,,,0,0,0.0
2019-04-12,cash,,,,,0,0,0.0
2019-04-15,cash,,,,,0,0,0.0
2019-04-16,cash,,,,,0,0,0.0
2019-04-17,cash,,,,,0,0,0.0
2019-04-18,cash,,,,,0,0,0.0
2019-04-19,cash,,,,,0,0,0.0
2019-04-22,cash,,,,,0,0,0.0
2019-04-23,cash,,,,,0,0,0.0
2019-04-24,cash,,,,,0,0,0.0
2019-04-25,cash,,,,,0,0,0.0
2019-04-26,cash,,,,,0,0,0.0
2019-04-29,cash,,,,,0,0,0.0
2019-04-30,cash,,,,,0,0,0.0
2019-05-06,cash,,,,,0,0,0.0
2019-05-07,cash,,,,,0,0,0.0
2019-05-08,cash,,,,,0,0,0.0
2019-05-09,cash,,,,,0,0,0.0
2019-05-10,cash,,,,,0,0,0.0
2019-05-13,cash,,,,,0,0,0.0
2019-05-14,cash,,,,,0,0,0.0
2019-05-15,cash,,,,,0,0,0.0
2019-05-16,cash,,,,,0,0,0.0
2019-05-17,offensive,513500.SH,513500.SH,,,1,1,1.0
2019-05-20,offensive,513500.SH,,,,1,1,1.0
2019-05-21,offensive,513500.SH,,,,0,1,1.0
2019-05-22,offensive,513500.SH,,,,0,1,1.0
2019-05-23,offensive,513500.SH,,,,0,1,1.0
2019-05-24,cash,,,513500.SH,513500.SH:ROC20转负,0,0,0.0
2019-05-27,cash,,,,,0,0,0.0
2019-05-28,cash,,,,,0,0,0.0
2019-05-29,cash,,,,,0,0,0.0
2019-05-30,cash,,,,,0,0,0.0
2019-05-31,cash,,,,,0,0,0.0
2019-06-03,cash,,,,,0,0,0.0
2019-06-04,cash,,,,,0,0,0.0
2019-06-05,cash,,,,,0,0,0.0
2019-06-06,cash,,,,,0,0,0.0
2019-06-10,cash,,,,,0,0,0.0
2019-06-11,cash,,,,,0,0,0.0
2019-06-12,offensive,513500.SH,513500.SH,,,1,1,1.0
2019-06-13,offensive,513500.SH,,,,1,1,1.0
2019-06-14,offensive,513500.SH,,,,1,1,1.0
2019-06-17,offensive,513500.SH,,,,0,1,1.0
2019-06-18,offensive,513500.SH,,,,1,1,1.0
2019-06-19,cash,,,513500.SH,513500.SH:5日与20日排名同时下滑,0,0,0.0
2019-06-20,cash,,,,,0,0,0.0
2019-06-21,cash,,,,,0,0,0.0
2019-06-24,cash,,,,,0,0,0.0
2019-06-25,cash,,,,,0,0,0.0
2019-06-26,cash,,,,,0,0,0.0
2019-06-27,cash,,,,,0,0,0.0
2019-06-28,cash,,,,,0,0,0.0
2019-07-01,offensive,513500.SH,513500.SH,,,1,1,1.0
2019-07-02,offensive,513500.SH,,,,1,1,1.0
2019-07-03,offensive,513500.SH,,,,0,1,1.0
2019-07-04,offensive,513500.SH,,,,1,1,1.0
2019-07-05,offensive,513500.SH,,,,0,1,1.0
2019-07-08,cash,,,513500.SH,513500.SH:5日与20日排名同时下滑,0,0,0.0
2019-07-09,cash,,,,,1,0,0.0
2019-07-10,cash,,,,,1,0,0.0
2019-07-11,cash,,,,,1,0,0.0
2019-07-12,cash,,,,,1,0,0.0
2019-07-15,cash,,,,,1,0,0.0
2019-07-16,offensive,513500.SH,513500.SH,,,1,1,1.0
2019-07-17,offensive,513500.SH,,,,1,1,1.0
2019-07-18,offensive,513500.SH,,,,1,1,1.0
2019-07-19,offensive,513500.SH,,,,1,1,1.0
2019-07-22,offensive,513500.SH,,,,1,1,1.0
2019-07-23,offensive,513500.SH,,,,1,1,1.0
2019-07-24,offensive,513500.SH,,,,1,1,1.0
2019-07-25,offensive,513500.SH,,,,1,1,1.0
2019-07-26,offensive,513500.SH,,,,1,1,1.0
2019-07-29,offensive,513500.SH,,,,1,1,1.0
2019-07-30,offensive,513500.SH,,,,1,1,1.0
2019-07-31,offensive,513500.SH,,,,1,1,1.0
2019-08-01,cash,,,513500.SH,513500.SH:5日与20日排名同时下滑,0,0,0.0
2019-08-02,cash,,,,,0,0,0.0
2019-08-05,cash,,,,,1,0,0.0
2019-08-06,cash,,,,,0,0,0.0
2019-08-07,cash,,,,,0,0,0.0
2019-08-08,cash,,,,,0,0,0.0
2019-08-09,cash,,,,,0,0,0.0
2019-08-12,cash,,,,,0,0,0.0
2019-08-13,cash,,,,,0,0,0.0
2019-08-14,cash,,,,,0,0,0.0
2019-08-15,cash,,,,,0,0,0.0
2019-08-16,cash,,,,,0,0,0.0
2019-08-19,offensive,159915.SZ,159915.SZ,,,1,1,1.0
2019-08-20,offensive,159915.SZ,,,,1,1,1.0
2019-08-21,offensive,159915.SZ,,,,1,1,1.0
2019-08-22,offensive,159915.SZ,,,,0,1,1.0
2019-08-23,offensive,159915.SZ,,,,0,1,1.0
2019-08-26,offensive,159915.SZ,,,,0,1,1.0
2019-08-27,offensive,159915.SZ,,,,1,1,1.0
2019-08-28,offensive,159915.SZ,,,,1,1,1.0
2019-08-29,cash,,,159915.SZ,159915.SZ:5日与20日排名同时下滑,0,0,0.0
2019-08-30,cash,,,,,0,0,0.0
2019-09-02,cash,,,,,0,0,0.0
2019-09-03,cash,,,,,0,0,0.0
2019-09-04,cash,,,,,0,0,0.0
2019-09-05,cash,,,,,0,0,0.0
2019-09-06,offensive,159915.SZ,159915.SZ,,,1,1,1.0
2019-09-09,offensive,159915.SZ,,,,0,1,1.0
2019-09-10,offensive,159915.SZ,,,,0,1,1.0
2019-09-11,offensive,159915.SZ,,,,1,1,1.0
2019-09-12,offensive,159915.SZ,,,,1,1,1.0
2019-09-16,offensive,159915.SZ,,,,0,1,1.0
2019-09-17,offensive,159915.SZ,,,,1,1,1.0
2019-09-18,offensive,159915.SZ,,,,1,1,1.0
2019-09-19,offensive,159915.SZ,,,,1,1,1.0
2019-09-20,offensive,159915.SZ,,,,1,1,1.0
2019-09-23,offensive,159915.SZ,,,,1,1,1.0
2019-09-24,offensive,159915.SZ,,,,1,1,1.0
2019-09-25,offensive,159915.SZ,,,,1,1,1.0
2019-09-26,offensive,513500.SH,513500.SH,159915.SZ,159915.SZ:ROC20转负,1,1,1.0
2019-09-27,offensive,513500.SH,,,,1,1,1.0
2019-09-30,offensive,513500.SH,,,,1,1,1.0
2019-10-08,offensive,513500.SH,,,,0,1,1.0
2019-10-09,cash,,,513500.SH,513500.SH:ROC20转负,0,0,0.0
2019-10-10,cash,,,,,0,0,0.0
2019-10-11,cash,,,,,0,0,0.0
2019-10-14,cash,,,,,0,0,0.0
2019-10-15,cash,,,,,0,0,0.0
2019-10-16,cash,,,,,0,0,0.0
2019-10-17,cash,,,,,0,0,0.0
2019-10-18,cash,,,,,0,0,0.0
2019-10-21,cash,,,,,0,0,0.0
2019-10-22,cash,,,,,0,0,0.0
2019-10-23,cash,,,,,0,0,0.0
2019-10-24,cash,,,,,0,0,0.0
2019-10-25,cash,,,,,0,0,0.0
2019-10-28,cash,,,,,0,0,0.0
2019-10-29,cash,,,,,0,0,0.0
2019-10-30,cash,,,,,0,0,0.0
2019-10-31,offensive,159915.SZ,159915.SZ,,,1,1,1.0
2019-11-01,offensive,159915.SZ,,,,1,1,1.0
2019-11-04,offensive,159915.SZ,,,,1,1,1.0
2019-11-05,offensive,159915.SZ,,,,1,1,1.0
2019-11-06,offensive,159915.SZ,,,,1,1,1.0
2019-11-07,offensive,159915.SZ,,,,0,1,1.0
2019-11-08,offensive,159915.SZ,,,,0,1,1.0
2019-11-11,offensive,159915.SZ,,,,0,1,1.0
2019-11-12,offensive,159915.SZ,,,,0,1,1.0
2019-11-13,offensive,159915.SZ,,,,0,1,1.0
2019-11-14,offensive,159915.SZ,,,,0,1,1.0
2019-11-15,cash,,,159915.SZ,159915.SZ:5日与20日排名同时下滑,0,0,0.0
2019-11-18,offensive,513500.SH,513500.SH,,,1,1,1.0
2019-11-19,offensive,513500.SH,,,,1,1,1.0
2019-11-20,offensive,513500.SH,,,,0,1,1.0
2019-11-21,offensive,513500.SH,,,,0,1,1.0
2019-11-22,offensive,513500.SH,,,,0,1,1.0
2019-11-25,offensive,513500.SH,,,,1,1,1.0
2019-11-26,offensive,513500.SH,,,,1,1,1.0
2019-11-27,offensive,513500.SH,,,,1,1,1.0
2019-11-28,offensive,513500.SH,,,,1,1,1.0
2019-11-29,offensive,513500.SH,,,,1,1,1.0
2019-12-02,offensive,513500.SH,,,,1,1,1.0
2019-12-03,offensive,513500.SH,,,,1,1,1.0
2019-12-04,offensive,513500.SH,,,,1,1,1.0
2019-12-05,offensive,513500.SH,,,,1,1,1.0
2019-12-06,offensive,513500.SH,,,,0,1,1.0
2019-12-09,offensive,513500.SH,,,,1,1,1.0
2019-12-10,offensive,513500.SH,,,,1,1,1.0
2019-12-11,offensive,513500.SH,,,,1,1,1.0
2019-12-12,offensive,513500.SH,,,,0,1,1.0
2019-12-13,offensive,513500.SH,,,,0,1,1.0
2019-12-16,cash,,,513500.SH,513500.SH:5日与20日排名同时下滑,0,0,0.0
2019-12-17,cash,,,,,0,0,0.0
2019-12-18,cash,,,,,0,0,0.0
2019-12-19,offensive,512800.SH,512800.SH,,,1,1,1.0
2019-12-20,offensive,512800.SH,,,,0,1,1.0
2019-12-23,offensive,512800.SH,,,,1,1,1.0
2019-12-24,offensive,512800.SH,,,,1,1,1.0
2019-12-25,offensive,512800.SH,,,,1,1,1.0
2019-12-26,offensive,159915.SZ,159915.SZ,512800.SH,512800.SH:5日与20日排名同时下滑,1,1,1.0
2019-12-27,offensive,159915.SZ,,,,0,1,1.0
2019-12-30,offensive,159915.SZ,,,,0,1,1.0
2019-12-31,offensive,159915.SZ,,,,0,1,1.0
2020-01-02,offensive,159915.SZ,,,,0,1,1.0
2020-01-03,cash,,,159915.SZ,159915.SZ:5日与20日排名同时下滑,0,0,0.0
2020-01-06,cash,,,,,0,0,0.0
2020-01-07,cash,,,,,0,0,0.0
2020-01-08,cash,,,,,0,0,0.0
2020-01-09,cash,,,,,0,0,0.0
2020-01-10,cash,,,,,0,0,0.0
2020-01-13,cash,,,,,0,0,0.0
2020-01-14,cash,,,,,0,0,0.0
2020-01-15,cash,,,,,0,0,0.0
2020-01-16,cash,,,,,0,0,0.0
2020-01-17,cash,,,,,0,0,0.0
2020-01-20,cash,,,,,0,0,0.0
2020-01-21,cash,,,,,0,0,0.0
2020-01-22,cash,,,,,0,0,0.0
2020-01-23,cash,,,,,0,0,0.0
2020-02-03,cash,,,,,0,0,0.0
2020-02-04,cash,,,,,0,0,0.0
2020-02-05,cash,,,,,0,0,0.0
2020-02-06,cash,,,,,0,0,0.0
2020-02-07,cash,,,,,0,0,0.0
2020-02-10,cash,,,,,0,0,0.0
2020-02-11,cash,,,,,0,0,0.0
2020-02-12,cash,,,,,0,0,0.0
2020-02-13,cash,,,,,0,0,0.0
2020-02-14,cash,,,,,0,0,0.0
2020-02-17,cash,,,,,0,0,0.0
2020-02-18,cash,,,,,0,0,0.0
2020-02-19,cash,,,,,0,0,0.0
2020-02-20,cash,,,,,0,0,0.0
2020-02-21,cash,,,,,0,0,0.0
2020-02-24,cash,,,,,0,0,0.0
2020-02-25,cash,,,,,0,0,0.0
2020-02-26,cash,,,,,0,0,0.0
2020-02-27,cash,,,,,0,0,0.0
2020-02-28,cash,,,,,0,0,0.0
2020-03-02,cash,,,,,0,0,0.0
2020-03-03,cash,,,,,0,0,0.0
2020-03-04,cash,,,,,0,0,0.0
2020-03-05,cash,,,,,0,0,0.0
2020-03-06,cash,,,,,0,0,0.0
2020-03-09,cash,,,,,0,0,0.0
2020-03-10,cash,,,,,0,0,0.0
2020-03-11,cash,,,,,0,0,0.0
2020-03-12,cash,,,,,0,0,0.0
2020-03-13,cash,,,,,0,0,0.0
2020-03-16,cash,,,,,0,0,0.0
2020-03-17,cash,,,,,0,0,0.0
2020-03-18,cash,,,,,0,0,0.0
2020-03-19,cash,,,,,0,0,0.0
2020-03-20,cash,,,,,0,0,0.0
2020-03-23,cash,,,,,0,0,0.0
2020-03-24,cash,,,,,0,0,0.0
2020-03-25,cash,,,,,0,0,0.0
2020-03-26,cash,,,,,0,0,0.0
2020-03-27,cash,,,,,0,0,0.0
2020-03-30,cash,,,,,0,0,0.0
2020-03-31,cash,,,,,0,0,0.0
2020-04-01,cash,,,,,0,0,0.0
2020-04-02,cash,,,,,0,0,0.0
2020-04-03,cash,,,,,0,0,0.0
2020-04-07,cash,,,,,0,0,0.0
2020-04-08,cash,,,,,0,0,0.0
2020-04-09,cash,,,,,0,0,0.0
2020-04-10,cash,,,,,0,0,0.0
2020-04-13,cash,,,,,0,0,0.0
2020-04-14,cash,,,,,0,0,0.0
2020-04-15,cash,,,,,0,0,0.0
2020-04-16,cash,,,,,0,0,0.0
2020-04-17,cash,,,,,0,0,0.0
2020-04-20,cash,,,,,0,0,0.0
2020-04-21,cash,,,,,0,0,0.0
2020-04-22,cash,,,,,0,0,0.0
2020-04-23,cash,,,,,0,0,0.0
2020-04-24,cash,,,,,0,0,0.0
2020-04-27,cash,,,,,0,0,0.0
2020-04-28,cash,,,,,0,0,0.0
2020-04-29,cash,,,,,0,0,0.0
2020-04-30,cash,,,,,0,0,0.0
2020-05-06,cash,,,,,0,0,0.0
2020-05-07,cash,,,,,0,0,0.0
2020-05-08,cash,,,,,0,0,0.0
2020-05-11,cash,,,,,0,0,0.0
2020-05-12,cash,,,,,0,0,0.0
2020-05-13,cash,,,,,0,0,0.0
2020-05-14,cash,,,,,0,0,0.0
2020-05-15,cash,,,,,0,0,0.0
2020-05-18,cash,,,,,0,0,0.0
2020-05-19,cash,,,,,0,0,0.0
2020-05-20,cash,,,,,0,0,0.0
2020-05-21,cash,,,,,0,0,0.0
2020-05-22,cash,,,,,0,0,0.0
2020-05-25,cash,,,,,0,0,0.0
2020-05-26,cash,,,,,0,0,0.0
2020-05-27,cash,,,,,0,0,0.0
2020-05-28,cash,,,,,0,0,0.0
2020-05-29,cash,,,,,0,0,0.0
2020-06-01,cash,,,,,0,0,0.0
2020-06-02,cash,,,,,0,0,0.0
2020-06-03,offensive,518880.SH,518880.SH,,,1,1,1.0
2020-06-04,offensive,518880.SH,,,,0,1,1.0
2020-06-05,offensive,159941.SZ,159941.SZ,518880.SH,518880.SH:5日与20日排名同时下滑,1,1,1.0
2020-06-08,offensive,159941.SZ,,,,1,1,1.0
2020-06-09,offensive,159941.SZ,,,,0,1,1.0
2020-06-10,offensive,159941.SZ,,,,0,1,1.0
2020-06-11,offensive,159941.SZ,,,,0,1,1.0
2020-06-12,offensive,159941.SZ,,,,0,1,1.0
2020-06-15,offensive,159941.SZ,,,,0,1,1.0
2020-06-16,offensive,159941.SZ,,,,0,1,1.0
2020-06-17,offensive,159941.SZ,,,,0,1,1.0
2020-06-18,offensive,159941.SZ,,,,0,1,1.0
2020-06-19,offensive,159941.SZ,,,,0,1,1.0
2020-06-22,cash,,,159941.SZ,159941.SZ:5日与20日排名同时下滑,0,0,0.0
2020-06-23,cash,,,,,0,0,0.0
2020-06-24,cash,,,,,0,0,0.0
2020-06-29,cash,,,,,0,0,0.0
2020-06-30,cash,,,,,0,0,0.0
2020-07-01,cash,,,,,0,0,0.0
2020-07-02,cash,,,,,0,0,0.0
2020-07-03,cash,,,,,0,0,0.0
2020-07-06,cash,,,,,0,0,0.0
2020-07-07,cash,,,,,0,0,0.0
2020-07-08,cash,,,,,0,0,0.0
2020-07-09,cash,,,,,0,0,0.0
2020-07-10,cash,,,,,0,0,0.0
2020-07-13,cash,,,,,0,0,0.0
2020-07-14,cash,,,,,0,0,0.0
2020-07-15,cash,,,,,0,0,0.0
2020-07-16,cash,,,,,0,0,0.0
2020-07-17,cash,,,,,0,0,0.0
2020-07-20,cash,,,,,0,0,0.0
2020-07-21,cash,,,,,0,0,0.0
2020-07-22,cash,,,,,0,0,0.0
2020-07-23,cash,,,,,0,0,0.0
2020-07-24,cash,,,,,0,0,0.0
2020-07-27,cash,,,,,0,0,0.0
2020-07-28,cash,,,,,0,0,0.0
2020-07-29,cash,,,,,0,0,0.0
2020-07-30,cash,,,,,0,0,0.0
2020-07-31,cash,,,,,0,0,0.0
2020-08-03,cash,,,,,0,0,0.0
2020-08-04,cash,,,,,0,0,0.0
2020-08-05,cash,,,,,0,0,0.0
2020-08-06,cash,,,,,0,0,0.0
2020-08-07,cash,,,,,0,0,0.0
2020-08-10,cash,,,,,0,0,0.0
2020-08-11,cash,,,,,0,0,0.0
2020-08-12,cash,,,,,0,0,0.0
2020-08-13,cash,,,,,0,0,0.0
2020-08-14,cash,,,,,0,0,0.0
2020-08-17,cash,,,,,0,0,0.0
2020-08-18,cash,,,,,0,0,0.0
2020-08-19,cash,,,,,0,0,0.0
2020-08-20,cash,,,,,0,0,0.0
2020-08-21,cash,,,,,0,0,0.0
2020-08-24,cash,,,,,0,0,0.0
2020-08-25,cash,,,,,0,0,0.0
2020-08-26,cash,,,,,0,0,0.0
2020-08-27,cash,,,,,0,0,0.0
2020-08-28,cash,,,,,0,0,0.0
2020-08-31,cash,,,,,0,0,0.0
2020-09-01,cash,,,,,0,0,0.0
2020-09-02,cash,,,,,0,0,0.0
2020-09-03,cash,,,,,0,0,0.0
2020-09-04,cash,,,,,0,0,0.0
2020-09-07,cash,,,,,0,0,0.0
2020-09-08,cash,,,,,0,0,0.0
2020-09-09,cash,,,,,0,0,0.0
2020-09-10,cash,,,,,0,0,0.0
2020-09-11,cash,,,,,0,0,0.0
2020-09-14,cash,,,,,0,0,0.0
2020-09-15,cash,,,,,0,0,0.0
2020-09-16,cash,,,,,0,0,0.0
2020-09-17,cash,,,,,0,0,0.0
2020-09-18,cash,,,,,0,0,0.0
2020-09-21,cash,,,,,0,0,0.0
2020-09-22,cash,,,,,0,0,0.0
2020-09-23,cash,,,,,0,0,0.0
2020-09-24,cash,,,,,0,0,0.0
2020-09-25,cash,,,,,0,0,0.0
2020-09-28,cash,,,,,0,0,0.0
2020-09-29,cash,,,,,0,0,0.0
2020-09-30,cash,,,,,0,0,0.0
2020-10-09,cash,,,,,0,0,0.0
2020-10-12,cash,,,,,0,0,0.0
2020-10-13,cash,,,,,0,0,0.0
2020-10-14,cash,,,,,0,0,0.0
2020-10-15,cash,,,,,0,0,0.0
2020-10-16,cash,,,,,0,0,0.0
2020-10-19,cash,,,,,0,0,0.0
2020-10-20,cash,,,,,0,0,0.0
2020-10-21,cash,,,,,0,0,0.0
2020-10-22,cash,,,,,0,0,0.0
2020-10-23,cash,,,,,0,0,0.0
2020-10-26,cash,,,,,0,0,0.0
2020-10-27,cash,,,,,0,0,0.0
2020-10-28,cash,,,,,0,0,0.0
2020-10-29,cash,,,,,0,0,0.0
2020-10-30,cash,,,,,0,0,0.0
2020-11-02,offensive,159985.SZ,159985.SZ,,,1,1,1.0
2020-11-03,offensive,159985.SZ,,,,1,1,1.0
2020-11-04,offensive,159985.SZ,,,,0,1,1.0
2020-11-05,offensive,159985.SZ,,,,0,1,1.0
2020-11-06,offensive,159985.SZ,,,,0,1,1.0
2020-11-09,cash,,,159985.SZ,159985.SZ:ROC20转负、5日与20日排名同时下滑,0,0,0.0
2020-11-10,cash,,,,,0,0,0.0
2020-11-11,cash,,,,,0,0,0.0
2020-11-12,cash,,,,,0,0,0.0
2020-11-13,cash,,,,,0,0,0.0
2020-11-16,cash,,,,,0,0,0.0
2020-11-17,cash,,,,,0,0,0.0
2020-11-18,cash,,,,,0,0,0.0
2020-11-19,cash,,,,,0,0,0.0
2020-11-20,cash,,,,,0,0,0.0
2020-11-23,cash,,,,,0,0,0.0
2020-11-24,cash,,,,,0,0,0.0
2020-11-25,cash,,,,,0,0,0.0
2020-11-26,cash,,,,,0,0,0.0
2020-11-27,cash,,,,,0,0,0.0
2020-11-30,cash,,,,,0,0,0.0
2020-12-01,cash,,,,,0,0,0.0
2020-12-02,cash,,,,,0,0,0.0
2020-12-03,cash,,,,,0,0,0.0
2020-12-04,cash,,,,,0,0,0.0
2020-12-07,cash,,,,,0,0,0.0
2020-12-08,cash,,,,,0,0,0.0
2020-12-09,cash,,,,,0,0,0.0
2020-12-10,cash,,,,,0,0,0.0
2020-12-11,cash,,,,,0,0,0.0
2020-12-14,cash,,,,,0,0,0.0
2020-12-15,cash,,,,,0,0,0.0
2020-12-16,cash,,,,,0,0,0.0
2020-12-17,cash,,,,,0,0,0.0
2020-12-18,cash,,,,,0,0,0.0
2020-12-21,cash,,,,,0,0,0.0
2020-12-22,cash,,,,,0,0,0.0
2020-12-23,cash,,,,,0,0,0.0
2020-12-24,cash,,,,,0,0,0.0
2020-12-25,cash,,,,,0,0,0.0
2020-12-28,cash,,,,,0,0,0.0
2020-12-29,cash,,,,,0,0,0.0
2020-12-30,cash,,,,,0,0,0.0
2020-12-31,cash,,,,,0,0,0.0
2021-01-04,cash,,,,,0,0,0.0
2021-01-05,cash,,,,,0,0,0.0
2021-01-06,cash,,,,,0,0,0.0
2021-01-07,cash,,,,,0,0,0.0
2021-01-08,cash,,,,,0,0,0.0
2021-01-11,cash,,,,,0,0,0.0
2021-01-12,cash,,,,,0,0,0.0
2021-01-13,cash,,,,,0,0,0.0
2021-01-14,cash,,,,,0,0,0.0
2021-01-15,cash,,,,,0,0,0.0
2021-01-18,cash,,,,,0,0,0.0
2021-01-19,cash,,,,,0,0,0.0
2021-01-20,cash,,,,,0,0,0.0
2021-01-21,cash,,,,,0,0,0.0
2021-01-22,cash,,,,,0,0,0.0
2021-01-25,cash,,,,,0,0,0.0
2021-01-26,cash,,,,,0,0,0.0
2021-01-27,cash,,,,,0,0,0.0
2021-01-28,cash,,,,,0,0,0.0
2021-01-29,cash,,,,,0,0,0.0
2021-02-01,cash,,,,,0,0,0.0
2021-02-02,cash,,,,,0,0,0.0
2021-02-03,cash,,,,,0,0,0.0
2021-02-04,cash,,,,,0,0,0.0
2021-02-05,cash,,,,,0,0,0.0
2021-02-08,cash,,,,,0,0,0.0
2021-02-09,cash,,,,,0,0,0.0
2021-02-10,cash,,,,,0,0,0.0
2021-02-18,cash,,,,,0,0,0.0
2021-02-19,cash,,,,,0,0,0.0
2021-02-22,cash,,,,,0,0,0.0
2021-02-23,cash,,,,,0,0,0.0
2021-02-24,cash,,,,,0,0,0.0
2021-02-25,cash,,,,,0,0,0.0
2021-02-26,cash,,,,,0,0,0.0
2021-03-01,cash,,,,,0,0,0.0
2021-03-02,cash,,,,,0,0,0.0
2021-03-03,cash,,,,,0,0,0.0
2021-03-04,cash,,,,,0,0,0.0
2021-03-05,cash,,,,,0,0,0.0
2021-03-08,cash,,,,,0,0,0.0
2021-03-09,cash,,,,,0,0,0.0
2021-03-10,cash,,,,,0,0,0.0
2021-03-11,cash,,,,,0,0,0.0
2021-03-12,cash,,,,,0,0,0.0
2021-03-15,cash,,,,,0,0,0.0
2021-03-16,cash,,,,,0,0,0.0
2021-03-17,cash,,,,,0,0,0.0
2021-03-18,cash,,,,,0,0,0.0
2021-03-19,cash,,,,,0,0,0.0
2021-03-22,cash,,,,,0,0,0.0
2021-03-23,cash,,,,,0,0,0.0
2021-03-24,offensive,513500.SH,513500.SH,,,1,1,1.0
2021-03-25,offensive,513500.SH,,,,0,1,1.0
2021-03-26,offensive,513500.SH,,,,0,1,1.0
2021-03-29,offensive,513500.SH,,,,0,1,1.0
2021-03-30,cash,,,513500.SH,513500.SH:5日与20日排名同时下滑,0,0,0.0
2021-03-31,cash,,,,,0,0,0.0
2021-04-01,cash,,,,,0,0,0.0
2021-04-02,cash,,,,,0,0,0.0
2021-04-06,cash,,,,,0,0,0.0
2021-04-07,cash,,,,,0,0,0.0
2021-04-08,offensive,159941.SZ,159941.SZ,,,1,1,1.0
2021-04-09,offensive,159941.SZ,,,,1,1,1.0
2021-04-12,offensive,159941.SZ,,,,1,1,1.0
2021-04-13,offensive,159941.SZ,,,,1,1,1.0
2021-04-14,offensive,159941.SZ,,,,0,1,1.0
2021-04-15,offensive,159941.SZ,,,,0,1,1.0
2021-04-16,offensive,159941.SZ,,,,0,1,1.0
2021-04-19,offensive,159941.SZ,,,,0,1,1.0
2021-04-20,offensive,159941.SZ,,,,0,1,1.0
2021-04-21,offensive,159941.SZ,,,,0,1,1.0
2021-04-22,cash,,,159941.SZ,159941.SZ:5日与20日排名同时下滑,0,0,0.0
2021-04-23,cash,,,,,0,0,0.0
2021-04-26,cash,,,,,0,0,0.0
2021-04-27,cash,,,,,0,0,0.0
2021-04-28,cash,,,,,0,0,0.0
2021-04-29,cash,,,,,0,0,0.0
2021-04-30,cash,,,,,0,0,0.0
2021-05-06,cash,,,,,0,0,0.0
2021-05-07,cash,,,,,0,0,0.0
2021-05-10,cash,,,,,0,0,0.0
2021-05-11,cash,,,,,0,0,0.0
2021-05-12,cash,,,,,0,0,0.0
2021-05-13,cash,,,,,0,0,0.0
2021-05-14,cash,,,,,0,0,0.0
2021-05-17,cash,,,,,0,0,0.0
2021-05-18,cash,,,,,0,0,0.0
2021-05-19,cash,,,,,0,0,0.0
2021-05-20,cash,,,,,0,0,0.0
2021-05-21,cash,,,,,0,0,0.0
2021-05-24,cash,,,,,0,0,0.0
2021-05-25,cash,,,,,0,0,0.0
2021-05-26,cash,,,,,0,0,0.0
2021-05-27,cash,,,,,0,0,0.0
2021-05-28,cash,,,,,0,0,0.0
2021-05-31,cash,,,,,0,0,0.0
2021-06-01,cash,,,,,0,0,0.0
2021-06-02,cash,,,,,0,0,0.0
2021-06-03,cash,,,,,0,0,0.0
2021-06-04,cash,,,,,0,0,0.0
2021-06-07,offensive,512760.SH,512760.SH,,,1,1,1.0
2021-06-08,offensive,512760.SH,,,,1,1,1.0
2021-06-09,offensive,512760.SH,,,,1,1,1.0
2021-06-10,offensive,512760.SH,,,,0,1,1.0
2021-06-11,offensive,512760.SH,,,,1,1,1.0
2021-06-15,offensive,512760.SH,,,,0,1,1.0
2021-06-16,offensive,512760.SH,,,,1,1,1.0
2021-06-17,offensive,512760.SH,,,,0,1,1.0
2021-06-18,offensive,512760.SH,,,,0,1,1.0
2021-06-21,offensive,512760.SH,,,,0,1,1.0
2021-06-22,offensive,512760.SH,,,,0,1,1.0
2021-06-23,offensive,512760.SH,,,,0,1,1.0
2021-06-24,offensive,512760.SH,,,,0,1,1.0
2021-06-25,offensive,512760.SH,,,,0,1,1.0
2021-06-28,offensive,512760.SH,,,,0,1,1.0
2021-06-29,offensive,512760.SH,,,,0,1,1.0
2021-06-30,offensive,512760.SH,,,,0,1,1.0
2021-07-01,offensive,512760.SH,,,,0,1,1.0
2021-07-02,offensive,512760.SH,,,,0,1,1.0
2021-07-05,offensive,512760.SH,,,,0,1,1.0
2021-07-06,offensive,512760.SH,,,,0,1,1.0
2021-07-07,offensive,512760.SH,,,,0,1,1.0
2021-07-08,offensive,512760.SH,,,,0,1,1.0
2021-07-09,offensive,512760.SH,,,,0,1,1.0
2021-07-12,offensive,512760.SH,,,,0,1,1.0
2021-07-13,offensive,512760.SH,,,,0,1,1.0
2021-07-14,offensive,512760.SH,,,,0,1,1.0
2021-07-15,offensive,512760.SH,,,,0,1,1.0
2021-07-16,offensive,512760.SH,,,,0,1,1.0
2021-07-19,offensive,512760.SH,,,,0,1,1.0
2021-07-20,offensive,512760.SH,,,,0,1,1.0
2021-07-21,offensive,512760.SH,,,,0,1,1.0
2021-07-22,offensive,512760.SH,,,,0,1,1.0
2021-07-23,offensive,512760.SH,,,,0,1,1.0
2021-07-26,offensive,512760.SH,,,,0,1,1.0
2021-07-27,offensive,512760.SH,,,,0,1,1.0
2021-07-28,offensive,512760.SH,,,,0,1,1.0
2021-07-29,offensive,512760.SH,,,,0,1,1.0
2021-07-30,offensive,512760.SH,,,,0,1,1.0
2021-08-02,offensive,512760.SH,,,,0,1,1.0
2021-08-03,offensive,512760.SH,,,,0,1,1.0
2021-08-04,offensive,512760.SH,,,,0,1,1.0
2021-08-05,offensive,512760.SH,,,,0,1,1.0
2021-08-06,offensive,512760.SH,,,,0,1,1.0
2021-08-09,offensive,512760.SH,,,,0,1,1.0
2021-08-10,offensive,512760.SH,,,,0,1,1.0
2021-08-11,offensive,512760.SH,,,,0,1,1.0
2021-08-12,offensive,512760.SH,,,,0,1,1.0
2021-08-13,offensive,512760.SH,,,,0,1,1.0
2021-08-16,offensive,512760.SH,,,,0,1,1.0
2021-08-17,offensive,512760.SH,,,,0,1,1.0
2021-08-18,cash,,,512760.SH,512760.SH:ROC20转负、5日与20日排名同时下滑,0,0,0.0
2021-08-19,cash,,,,,0,0,0.0
2021-08-20,cash,,,,,0,0,0.0
2021-08-23,cash,,,,,0,0,0.0
2021-08-24,cash,,,,,0,0,0.0
2021-08-25,cash,,,,,0,0,0.0
2021-08-26,cash,,,,,0,0,0.0
2021-08-27,cash,,,,,0,0,0.0
2021-08-30,cash,,,,,0,0,0.0
2021-08-31,cash,,,,,0,0,0.0
2021-09-01,cash,,,,,0,0,0.0
2021-09-02,cash,,,,,0,0,0.0
2021-09-03,cash,,,,,0,0,0.0
2021-09-06,cash,,,,,0,0,0.0
2021-09-07,cash,,,,,0,0,0.0
2021-09-08,cash,,,,,0,0,0.0
2021-09-09,cash,,,,,0,0,0.0
2021-09-10,cash,,,,,0,0,0.0
2021-09-13,cash,,,,,0,0,0.0
2021-09-14,cash,,,,,0,0,0.0
2021-09-15,cash,,,,,0,0,0.0
2021-09-16,cash,,,,,0,0,0.0
2021-09-17,cash,,,,,0,0,0.0
2021-09-22,cash,,,,,0,0,0.0
2021-09-23,cash,,,,,0,0,0.0
2021-09-24,cash,,,,,0,0,0.0
2021-09-27,cash,,,,,0,0,0.0
2021-09-28,cash,,,,,0,0,0.0
2021-09-29,cash,,,,,0,0,0.0
2021-09-30,cash,,,,,0,0,0.0
2021-10-08,cash,,,,,0,0,0.0
2021-10-11,cash,,,,,0,0,0.0
2021-10-12,cash,,,,,0,0,0.0
2021-10-13,cash,,,,,0,0,0.0
2021-10-14,cash,,,,,0,0,0.0
2021-10-15,cash,,,,,0,0,0.0
2021-10-18,cash,,,,,0,0,0.0
2021-10-19,cash,,,,,0,0,0.0
2021-10-20,cash,,,,,0,0,0.0
2021-10-21,cash,,,,,0,0,0.0
2021-10-22,cash,,,,,0,0,0.0
2021-10-25,cash,,,,,0,0,0.0
2021-10-26,cash,,,,,0,0,0.0
2021-10-27,offensive,159865.SZ,159865.SZ,,,1,1,1.0
2021-10-28,offensive,510630.SH,510630.SH,159865.SZ,159865.SZ:跌破MA120,1,1,1.0
2021-10-29,offensive,510630.SH,,,,2,1,1.0
2021-11-01,offensive,510630.SH,,,,1,1,1.0
2021-11-02,offensive,510630.SH,,,,1,1,1.0
2021-11-03,offensive,510630.SH,,,,1,1,1.0
2021-11-04,offensive,510630.SH,,,,0,1,1.0
2021-11-05,offensive,510630.SH,,,,0,1,1.0
2021-11-08,offensive,510630.SH,,,,1,1,1.0
2021-11-09,offensive,510630.SH,,,,1,1,1.0
2021-11-10,cash,,,510630.SH,510630.SH:ROC20转负、5日与20日排名同时下滑,0,0,0.0
2021-11-11,cash,,,,,0,0,0.0
2021-11-12,cash,,,,,0,0,0.0
2021-11-15,cash,,,,,0,0,0.0
2021-11-16,offensive,159865.SZ,159865.SZ,,,2,1,1.0
2021-11-17,offensive,159865.SZ,,,,1,1,1.0
2021-11-18,offensive,159865.SZ,,,,1,1,1.0
2021-11-19,offensive,159865.SZ,,,,1,1,1.0
2021-11-22,offensive,159865.SZ,,,,1,1,1.0
2021-11-23,offensive,159865.SZ,,,,2,1,1.0
2021-11-24,offensive,512690.SH,512690.SH,159865.SZ,159865.SZ:5日与20日排名同时下滑,2,1,1.0
2021-11-25,offensive,512690.SH,,,,1,1,1.0
2021-11-26,offensive,512690.SH,,,,1,1,1.0
2021-11-29,offensive,512690.SH,,,,1,1,1.0
2021-11-30,offensive,512690.SH,,,,1,1,1.0
2021-12-01,offensive,512690.SH,,,,1,1,1.0
2021-12-02,offensive,512690.SH,,,,1,1,1.0
2021-12-03,offensive,512690.SH,,,,0,1,1.0
2021-12-06,offensive,512690.SH,,,,0,1,1.0
2021-12-07,offensive,512690.SH,,,,0,1,1.0
2021-12-08,offensive,512690.SH,,,,0,1,1.0
2021-12-09,offensive,512690.SH,,,,0,1,1.0
2021-12-10,offensive,512690.SH,,,,0,1,1.0
2021-12-13,offensive,512690.SH,,,,0,1,1.0
2021-12-14,offensive,512690.SH,,,,0,1,1.0
2021-12-15,offensive,512690.SH,,,,0,1,1.0
2021-12-16,offensive,512690.SH,,,,0,1,1.0
2021-12-17,offensive,512690.SH,,,,0,1,1.0
2021-12-20,offensive,512690.SH,,,,0,1,1.0
2021-12-21,offensive,512690.SH,,,,0,1,1.0
2021-12-22,offensive,512690.SH,,,,0,1,1.0
2021-12-23,offensive,512690.SH,,,,0,1,1.0
2021-12-24,offensive,512690.SH,,,,0,1,1.0
2021-12-27,cash,,,512690.SH,512690.SH:5日与20日排名同时下滑,0,0,0.0
2021-12-28,cash,,,,,0,0,0.0
2021-12-29,cash,,,,,0,0,0.0
2021-12-30,cash,,,,,0,0,0.0
2021-12-31,cash,,,,,0,0,0.0
2022-01-04,cash,,,,,0,0,0.0
2022-01-05,cash,,,,,0,0,0.0
2022-01-06,cash,,,,,0,0,0.0
2022-01-07,cash,,,,,0,0,0.0
2022-01-10,cash,,,,,0,0,0.0
2022-01-11,cash,,,,,0,0,0.0
2022-01-12,cash,,,,,0,0,0.0
2022-01-13,cash,,,,,0,0,0.0
2022-01-14,cash,,,,,0,0,0.0
2022-01-17,cash,,,,,0,0,0.0
2022-01-18,cash,,,,,0,0,0.0
2022-01-19,cash,,,,,0,0,0.0
2022-01-20,cash,,,,,0,0,0.0
2022-01-21,cash,,,,,0,0,0.0
2022-01-24,offensive,512200.SH,512200.SH,,,1,1,1.0
2022-01-25,offensive,512200.SH,,,,1,1,1.0
2022-01-26,offensive,512200.SH,,,,0,1,1.0
2022-01-27,offensive,512200.SH,,,,0,1,1.0
2022-01-28,cash,,,512200.SH,512200.SH:ROC20转负,0,0,0.0
2022-02-07,cash,,,,,0,0,0.0
2022-02-08,cash,,,,,0,0,0.0
2022-02-09,cash,,,,,0,0,0.0
2022-02-10,cash,,,,,0,0,0.0
2022-02-11,cash,,,,,0,0,0.0
2022-02-14,offensive,159981.SZ,159981.SZ,,,1,1,1.0
2022-02-15,offensive,159981.SZ,,,,1,1,1.0
2022-02-16,offensive,159981.SZ,,,,1,1,1.0
2022-02-17,offensive,159981.SZ,,,,1,1,1.0
2022-02-18,offensive,159981.SZ,,,,0,1,1.0
2022-02-21,offensive,159981.SZ,,,,0,1,1.0
2022-02-22,offensive,159981.SZ,,,,1,1,1.0
2022-02-23,offensive,159981.SZ,,,,1,1,1.0
2022-02-24,offensive,159981.SZ,,,,2,1,1.0
2022-02-25,offensive,159981.SZ,,,,2,1,1.0
2022-02-28,offensive,159981.SZ,,,,2,1,1.0
2022-03-01,offensive,159981.SZ,,,,2,1,1.0
2022-03-02,offensive,159981.SZ,,,,1,1,1.0
2022-03-03,offensive,159981.SZ,,,,0,1,1.0
2022-03-04,offensive,159981.SZ,,,,0,1,1.0
2022-03-07,offensive,159981.SZ,,,,0,1,1.0
2022-03-08,offensive,159981.SZ,,,,0,1,1.0
2022-03-09,offensive,159981.SZ,,,,0,1,1.0
2022-03-10,offensive,159981.SZ,,,,0,1,1.0
2022-03-11,offensive,159981.SZ,,,,0,1,1.0
2022-03-14,offensive,159981.SZ,,,,1,1,1.0
2022-03-15,offensive,159981.SZ,,,,0,1,1.0
2022-03-16,offensive,159981.SZ,,,,2,1,1.0
2022-03-17,offensive,159981.SZ,,,,2,1,1.0
2022-03-18,offensive,159981.SZ,,,,2,1,1.0
2022-03-21,offensive,159981.SZ,,,,1,1,1.0
2022-03-22,offensive,159981.SZ,,,,1,1,1.0
2022-03-23,offensive,159981.SZ,,,,1,1,1.0
2022-03-24,offensive,159981.SZ,,,,1,1,1.0
2022-03-25,offensive,159981.SZ,,,,0,1,1.0
2022-03-28,offensive,159981.SZ,,,,1,1,1.0
2022-03-29,offensive,159981.SZ,,,,1,1,1.0
2022-03-30,offensive,159981.SZ,,,,1,1,1.0
2022-03-31,offensive,159981.SZ,,,,0,1,1.0
2022-04-01,cash,,,159981.SZ,159981.SZ:ROC20转负、5日与20日排名同时下滑,0,0,0.0
2022-04-06,cash,,,,,0,0,0.0
2022-04-07,cash,,,,,0,0,0.0
2022-04-08,cash,,,,,0,0,0.0
2022-04-11,cash,,,,,0,0,0.0
2022-04-12,offensive,510880.SH,510880.SH,,,1,1,1.0
2022-04-13,offensive,510880.SH,,,,1,1,1.0
2022-04-14,offensive,510880.SH,,,,0,1,1.0
2022-04-15,offensive,510880.SH,,,,0,1,1.0
2022-04-18,offensive,510880.SH,,,,0,1,1.0
2022-04-19,offensive,510880.SH,,,,1,1,1.0
2022-04-20,offensive,510880.SH,,,,0,1,1.0
2022-04-21,cash,,,510880.SH,510880.SH:ROC20转负,0,0,0.0
2022-04-22,cash,,,,,0,0,0.0
2022-04-25,cash,,,,,0,0,0.0
2022-04-26,cash,,,,,0,0,0.0
2022-04-27,cash,,,,,0,0,0.0
2022-04-28,cash,,,,,0,0,0.0
2022-04-29,cash,,,,,0,0,0.0
2022-05-05,cash,,,,,0,0,0.0
2022-05-06,offensive,518880.SH,518880.SH,,,1,1,1.0
2022-05-09,offensive,518880.SH,,,,0,1,1.0
2022-05-10,offensive,518880.SH,,,,0,1,1.0
2022-05-11,offensive,518880.SH,,,,0,1,1.0
2022-05-12,offensive,518880.SH,,,,0,1,1.0
2022-05-13,cash,,,518880.SH,518880.SH:ROC20转负,0,0,0.0
2022-05-16,cash,,,,,0,0,0.0
2022-05-17,cash,,,,,0,0,0.0
2022-05-18,cash,,,,,0,0,0.0
2022-05-19,cash,,,,,0,0,0.0
2022-05-20,cash,,,,,0,0,0.0
2022-05-23,cash,,,,,0,0,0.0
2022-05-24,cash,,,,,0,0,0.0
2022-05-25,cash,,,,,0,0,0.0
2022-05-26,cash,,,,,0,0,0.0
2022-05-27,offensive,159981.SZ,159981.SZ,,,1,1,1.0
2022-05-30,offensive,159981.SZ,,,,0,1,1.0
2022-05-31,offensive,159981.SZ,,,,0,1,1.0
2022-06-01,offensive,159981.SZ,,,,0,1,1.0
2022-06-02,offensive,159981.SZ,,,,0,1,1.0
2022-06-06,offensive,159755.SZ,159755.SZ,159981.SZ,159981.SZ:5日与20日排名同时下滑,1,1,1.0
2022-06-07,offensive,159755.SZ,,,,1,1,1.0
2022-06-08,offensive,159755.SZ,,,,2,1,1.0
2022-06-09,offensive,159755.SZ,,,,2,1,1.0
2022-06-10,offensive,159755.SZ,,,,2,1,1.0
2022-06-13,offensive,159755.SZ,,,,2,1,1.0
2022-06-14,offensive,159755.SZ,,,,2,1,1.0
2022-06-15,offensive,159755.SZ,,,,2,1,1.0
2022-06-16,offensive,159755.SZ,,,,2,1,1.0
2022-06-17,offensive,159755.SZ,,,,1,1,1.0
2022-06-20,offensive,159755.SZ,,,,2,1,1.0
2022-06-21,offensive,159755.SZ,,,,1,1,1.0
2022-06-22,offensive,159755.SZ,,,,1,1,1.0
2022-06-23,offensive,159755.SZ,,,,1,1,1.0
2022-06-24,offensive,159755.SZ,,,,1,1,1.0
2022-06-27,offensive,159755.SZ,,,,0,1,1.0
2022-06-28,offensive,159755.SZ,,,,0,1,1.0
2022-06-29,offensive,159755.SZ,,,,1,1,1.0
2022-06-30,offensive,159755.SZ,,,,0,1,1.0
2022-07-01,offensive,159755.SZ,,,,0,1,1.0
2022-07-04,offensive,159755.SZ,,,,0,1,1.0
2022-07-05,offensive,159755.SZ,,,,0,1,1.0
2022-07-06,offensive,159755.SZ,,,,1,1,1.0
2022-07-07,offensive,159755.SZ,,,,0,1,1.0
2022-07-08,offensive,159755.SZ,,,,1,1,1.0
2022-07-11,offensive,159755.SZ,,,,1,1,1.0
2022-07-12,offensive,159755.SZ,,,,1,1,1.0
2022-07-13,offensive,159755.SZ,,,,0,1,1.0
2022-07-14,offensive,159755.SZ,,,,0,1,1.0
2022-07-15,offensive,159755.SZ,,,,0,1,1.0
2022-07-18,offensive,159755.SZ,,,,0,1,1.0
2022-07-19,offensive,159755.SZ,,,,0,1,1.0
2022-07-20,offensive,159755.SZ,,,,0,1,1.0
2022-07-21,offensive,159755.SZ,,,,0,1,1.0
2022-07-22,offensive,159755.SZ,,,,0,1,1.0
2022-07-25,offensive,159755.SZ,,,,0,1,1.0
2022-07-26,offensive,159755.SZ,,,,0,1,1.0
2022-07-27,offensive,159755.SZ,,,,0,1,1.0
2022-07-28,cash,,,159755.SZ,159755.SZ:ROC20转负、5日与20日排名同时下滑,0,0,0.0
2022-07-29,cash,,,,,0,0,0.0
2022-08-01,cash,,,,,0,0,0.0
2022-08-02,cash,,,,,0,0,0.0
2022-08-03,cash,,,,,0,0,0.0
2022-08-04,cash,,,,,0,0,0.0
2022-08-05,cash,,,,,0,0,0.0
2022-08-08,cash,,,,,0,0,0.0
2022-08-09,cash,,,,,0,0,0.0
2022-08-10,cash,,,,,0,0,0.0
2022-08-11,cash,,,,,0,0,0.0
2022-08-12,cash,,,,,0,0,0.0
2022-08-15,cash,,,,,0,0,0.0
2022-08-16,offensive,159941.SZ,159941.SZ,,,1,1,1.0
2022-08-17,offensive,159941.SZ,,,,0,1,1.0
2022-08-18,offensive,159941.SZ,,,,0,1,1.0
2022-08-19,offensive,159941.SZ,,,,0,1,1.0
2022-08-22,offensive,159941.SZ,,,,0,1,1.0
2022-08-23,offensive,159941.SZ,,,,0,1,1.0
2022-08-24,offensive,159941.SZ,,,,0,1,1.0
2022-08-25,offensive,159941.SZ,,,,0,1,1.0
2022-08-26,offensive,159941.SZ,,,,0,1,1.0
2022-08-29,cash,,,159941.SZ,159941.SZ:ROC20转负、5日与20日排名同时下滑,0,0,0.0
2022-08-30,cash,,,,,0,0,0.0
2022-08-31,offensive,159865.SZ,159865.SZ,,,1,1,1.0
2022-09-01,offensive,159865.SZ,,,,0,1,1.0
2022-09-02,offensive,159865.SZ,,,,0,1,1.0
2022-09-05,offensive,159865.SZ,,,,0,1,1.0
2022-09-06,offensive,159865.SZ,,,,0,1,1.0
2022-09-07,offensive,159865.SZ,,,,0,1,1.0
2022-09-08,offensive,159865.SZ,,,,0,1,1.0
2022-09-09,offensive,159865.SZ,,,,1,1,1.0
2022-09-13,offensive,159865.SZ,,,,0,1,1.0
2022-09-14,offensive,159865.SZ,,,,0,1,1.0
2022-09-15,cash,,,159865.SZ,159865.SZ:ROC20转负,0,0,0.0
2022-09-16,cash,,,,,0,0,0.0
2022-09-19,cash,,,,,0,0,0.0
2022-09-20,cash,,,,,0,0,0.0
2022-09-21,cash,,,,,0,0,0.0
2022-09-22,cash,,,,,0,0,0.0
2022-09-23,cash,,,,,0,0,0.0
2022-09-26,cash,,,,,0,0,0.0
2022-09-27,cash,,,,,0,0,0.0
2022-09-28,cash,,,,,0,0,0.0
2022-09-29,cash,,,,,0,0,0.0
2022-09-30,cash,,,,,0,0,0.0
2022-10-10,offensive,518880.SH,518880.SH,,,1,1,1.0
2022-10-11,offensive,159985.SZ,159985.SZ,518880.SH,518880.SH:跌破MA120,1,1,1.0
2022-10-12,offensive,159985.SZ,,,,1,1,1.0
2022-10-13,offensive,159985.SZ,,,,1,1,1.0
2022-10-14,offensive,159985.SZ,,,,1,1,1.0
2022-10-17,offensive,159985.SZ,,,,0,1,1.0
2022-10-18,offensive,159985.SZ,,,,0,1,1.0
2022-10-19,offensive,159985.SZ,,,,0,1,1.0
2022-10-20,offensive,159985.SZ,,,,0,1,1.0
2022-10-21,offensive,159985.SZ,,,,0,1,1.0
2022-10-24,offensive,159985.SZ,,,,0,1,1.0
2022-10-25,offensive,159985.SZ,,,,0,1,1.0
2022-10-26,offensive,159985.SZ,,,,0,1,1.0
2022-10-27,offensive,159985.SZ,,,,1,1,1.0
2022-10-28,offensive,159985.SZ,,,,0,1,1.0
2022-10-31,offensive,159985.SZ,,,,1,1,1.0
2022-11-01,offensive,159985.SZ,,,,1,1,1.0
2022-11-02,offensive,159985.SZ,,,,0,1,1.0
2022-11-03,offensive,159985.SZ,,,,0,1,1.0
2022-11-04,offensive,159985.SZ,,,,0,1,1.0
2022-11-07,offensive,159985.SZ,,,,0,1,1.0
2022-11-08,offensive,159985.SZ,,,,0,1,1.0
2022-11-09,offensive,159985.SZ,,,,0,1,1.0
2022-11-10,offensive,159985.SZ,,,,0,1,1.0
2022-11-11,offensive,159985.SZ,,,,0,1,1.0
2022-11-14,offensive,159985.SZ,,,,0,1,1.0
2022-11-15,offensive,159985.SZ,,,,0,1,1.0
2022-11-16,offensive,159985.SZ,,,,0,1,1.0
2022-11-17,offensive,159985.SZ,,,,0,1,1.0
2022-11-18,offensive,159985.SZ,,,,0,1,1.0
2022-11-21,offensive,159985.SZ,,,,0,1,1.0
2022-11-22,offensive,159985.SZ,,,,1,1,1.0
2022-11-23,offensive,159985.SZ,,,,1,1,1.0
2022-11-24,offensive,159985.SZ,,,,1,1,1.0
2022-11-25,offensive,159985.SZ,,,,1,1,1.0
2022-11-28,offensive,159985.SZ,,,,1,1,1.0
2022-11-29,offensive,513200.SH,513200.SH,159985.SZ,159985.SZ:5日与20日排名同时下滑,1,1,1.0
2022-11-30,offensive,513200.SH,,,,0,1,1.0
2022-12-01,offensive,513200.SH,,,,1,1,1.0
2022-12-02,offensive,513200.SH,,,,2,1,1.0
2022-12-05,offensive,513200.SH,,,,2,1,1.0
2022-12-06,offensive,513200.SH,,,,1,1,1.0
2022-12-07,offensive,513200.SH,,,,1,1,1.0
2022-12-08,offensive,513200.SH,,,,1,1,1.0
2022-12-09,offensive,513200.SH,,,,0,1,1.0
2022-12-12,offensive,513200.SH,,,,0,1,1.0
2022-12-13,offensive,513200.SH,,,,0,1,1.0
2022-12-14,offensive,513200.SH,,,,1,1,1.0
2022-12-15,offensive,513200.SH,,,,1,1,1.0
2022-12-16,offensive,513200.SH,,,,1,1,1.0
2022-12-19,offensive,513200.SH,,,,1,1,1.0
2022-12-20,offensive,513200.SH,,,,1,1,1.0
2022-12-21,offensive,513200.SH,,,,2,1,1.0
2022-12-22,offensive,513200.SH,,,,1,1,1.0
2022-12-23,offensive,513200.SH,,,,1,1,1.0
2022-12-26,offensive,513200.SH,,,,1,1,1.0
2022-12-27,offensive,513200.SH,,,,1,1,1.0
2022-12-28,offensive,513200.SH,,,,1,1,1.0
2022-12-29,offensive,513200.SH,,,,0,1,1.0
2022-12-30,offensive,513200.SH,,,,2,1,1.0
2023-01-03,offensive,513200.SH,,,,0,1,1.0
2023-01-04,offensive,513200.SH,,,,0,1,1.0
2023-01-05,offensive,513200.SH,,,,0,1,1.0
2023-01-06,offensive,513200.SH,,,,0,1,1.0
2023-01-09,offensive,513200.SH,,,,0,1,1.0
2023-01-10,offensive,513200.SH,,,,0,1,1.0
2023-01-11,offensive,513200.SH,,,,0,1,1.0
2023-01-12,offensive,513200.SH,,,,0,1,1.0
2023-01-13,offensive,513200.SH,,,,0,1,1.0
2023-01-16,offensive,513200.SH,,,,0,1,1.0
2023-01-17,offensive,513200.SH,,,,0,1,1.0
2023-01-18,offensive,513200.SH,,,,0,1,1.0
2023-01-19,offensive,513200.SH,,,,0,1,1.0
2023-01-20,offensive,513200.SH,,,,0,1,1.0
2023-01-30,offensive,513200.SH,,,,0,1,1.0
2023-01-31,cash,,,513200.SH,513200.SH:5日与20日排名同时下滑,0,0,0.0
2023-02-01,cash,,,,,0,0,0.0
2023-02-02,cash,,,,,0,0,0.0
2023-02-03,cash,,,,,0,0,0.0
2023-02-06,cash,,,,,0,0,0.0
2023-02-07,cash,,,,,0,0,0.0
2023-02-08,offensive,512690.SH,512690.SH,,,1,1,1.0
2023-02-09,offensive,512690.SH,,,,0,1,1.0
2023-02-10,offensive,512690.SH,,,,0,1,1.0
2023-02-13,offensive,512690.SH,,,,0,1,1.0
2023-02-14,offensive,512690.SH,,,,0,1,1.0
2023-02-15,offensive,512690.SH,,,,0,1,1.0
2023-02-16,offensive,512690.SH,,,,0,1,1.0
2023-02-17,offensive,512690.SH,,,,0,1,1.0
2023-02-20,offensive,512690.SH,,,,0,1,1.0
2023-02-21,offensive,512690.SH,,,,0,1,1.0
2023-02-22,offensive,512690.SH,,,,0,1,1.0
2023-02-23,offensive,512690.SH,,,,0,1,1.0
2023-02-24,offensive,512690.SH,,,,0,1,1.0
2023-02-27,offensive,512690.SH,,,,1,1,1.0
2023-02-28,offensive,512690.SH,,,,0,1,1.0
2023-03-01,offensive,512690.SH,,,,0,1,1.0
2023-03-02,offensive,512690.SH,,,,0,1,1.0
2023-03-03,offensive,512690.SH,,,,0,1,1.0
2023-03-06,offensive,512690.SH,,,,0,1,1.0
2023-03-07,offensive,512690.SH,,,,0,1,1.0
2023-03-08,cash,,,512690.SH,512690.SH:5日与20日排名同时下滑,0,0,0.0
2023-03-09,cash,,,,,0,0,0.0
2023-03-10,cash,,,,,0,0,0.0
2023-03-13,cash,,,,,0,0,0.0
2023-03-14,cash,,,,,0,0,0.0
2023-03-15,cash,,,,,0,0,0.0
2023-03-16,cash,,,,,0,0,0.0
2023-03-17,cash,,,,,0,0,0.0
2023-03-20,cash,,,,,0,0,0.0
2023-03-21,cash,,,,,0,0,0.0
2023-03-22,cash,,,,,0,0,0.0
2023-03-23,cash,,,,,0,0,0.0
2023-03-24,cash,,,,,0,0,0.0
2023-03-27,cash,,,,,0,0,0.0
2023-03-28,cash,,,,,0,0,0.0
2023-03-29,cash,,,,,0,0,0.0
2023-03-30,cash,,,,,0,0,0.0
2023-03-31,cash,,,,,0,0,0.0
2023-04-03,cash,,,,,0,0,0.0
2023-04-04,cash,,,,,0,0,0.0
2023-04-06,cash,,,,,0,0,0.0
2023-04-07,cash,,,,,0,0,0.0
2023-04-10,cash,,,,,0,0,0.0
2023-04-11,cash,,,,,0,0,0.0
2023-04-12,cash,,,,,0,0,0.0
2023-04-13,cash,,,,,0,0,0.0
2023-04-14,cash,,,,,0,0,0.0
2023-04-17,cash,,,,,0,0,0.0
2023-04-18,cash,,,,,0,0,0.0
2023-04-19,cash,,,,,0,0,0.0
2023-04-20,cash,,,,,0,0,0.0
2023-04-21,cash,,,,,0,0,0.0
2023-04-24,cash,,,,,0,0,0.0
2023-04-25,cash,,,,,0,0,0.0
2023-04-26,cash,,,,,0,0,0.0
2023-04-27,cash,,,,,0,0,0.0
2023-04-28,offensive,510880.SH,510880.SH,,,1,1,1.0
2023-05-04,offensive,510880.SH,,,,0,1,1.0
2023-05-05,offensive,510880.SH,,,,0,1,1.0
2023-05-08,offensive,510880.SH,,,,0,1,1.0
2023-05-09,offensive,510880.SH,,,,0,1,1.0
2023-05-10,offensive,510880.SH,,,,0,1,1.0
2023-05-11,offensive,510880.SH,,,,0,1,1.0
2023-05-12,offensive,510880.SH,,,,0,1,1.0
2023-05-15,offensive,510880.SH,,,,0,1,1.0
2023-05-16,offensive,510880.SH,,,,0,1,1.0
2023-05-17,offensive,510880.SH,,,,1,1,1.0
2023-05-18,offensive,510880.SH,,,,0,1,1.0
2023-05-19,offensive,510880.SH,,,,0,1,1.0
2023-05-22,offensive,510880.SH,,,,0,1,1.0
2023-05-23,offensive,510880.SH,,,,0,1,1.0
2023-05-24,cash,,,510880.SH,510880.SH:ROC20转负,0,0,0.0
2023-05-25,cash,,,,,0,0,0.0
2023-05-26,cash,,,,,0,0,0.0
2023-05-29,cash,,,,,0,0,0.0
2023-05-30,offensive,513500.SH,513500.SH,,,1,1,1.0
2023-05-31,offensive,513500.SH,,,,1,1,1.0
2023-06-01,offensive,513500.SH,,,,0,1,1.0
2023-06-02,offensive,513500.SH,,,,0,1,1.0
2023-06-05,offensive,513500.SH,,,,0,1,1.0
2023-06-06,offensive,513500.SH,,,,0,1,1.0
2023-06-07,offensive,513500.SH,,,,0,1,1.0
2023-06-08,offensive,513500.SH,,,,0,1,1.0
2023-06-09,offensive,513500.SH,,,,0,1,1.0
2023-06-12,offensive,513500.SH,,,,0,1,1.0
2023-06-13,offensive,513500.SH,,,,0,1,1.0
2023-06-14,offensive,513500.SH,,,,0,1,1.0
2023-06-15,offensive,513500.SH,,,,0,1,1.0
2023-06-16,offensive,513500.SH,,,,0,1,1.0
2023-06-19,offensive,513500.SH,,,,0,1,1.0
2023-06-20,cash,,,513500.SH,513500.SH:5日与20日排名同时下滑,0,0,0.0
2023-06-21,cash,,,,,0,0,0.0
2023-06-26,cash,,,,,0,0,0.0
2023-06-27,cash,,,,,0,0,0.0
2023-06-28,cash,,,,,0,0,0.0
2023-06-29,cash,,,,,0,0,0.0
2023-06-30,cash,,,,,0,0,0.0
2023-07-03,cash,,,,,0,0,0.0
2023-07-04,cash,,,,,0,0,0.0
2023-07-05,offensive,159985.SZ,159985.SZ,,,1,1,1.0
2023-07-06,offensive,159985.SZ,,,,1,1,1.0
2023-07-07,offensive,159985.SZ,,,,0,1,1.0
2023-07-10,offensive,159985.SZ,,,,1,1,1.0
2023-07-11,offensive,159985.SZ,,,,0,1,1.0
2023-07-12,offensive,159985.SZ,,,,0,1,1.0
2023-07-13,offensive,159985.SZ,,,,1,1,1.0
2023-07-14,offensive,159985.SZ,,,,1,1,1.0
2023-07-17,offensive,159985.SZ,,,,0,1,1.0
2023-07-18,offensive,159985.SZ,,,,0,1,1.0
2023-07-19,offensive,159985.SZ,,,,0,1,1.0
2023-07-20,offensive,159985.SZ,,,,0,1,1.0
2023-07-21,offensive,159985.SZ,,,,0,1,1.0
2023-07-24,offensive,159985.SZ,,,,0,1,1.0
2023-07-25,offensive,159985.SZ,,,,1,1,1.0
2023-07-26,offensive,159985.SZ,,,,0,1,1.0
2023-07-27,offensive,159985.SZ,,,,1,1,1.0
2023-07-28,offensive,159985.SZ,,,,0,1,1.0
2023-07-31,offensive,159985.SZ,,,,0,1,1.0
2023-08-01,offensive,159985.SZ,,,,0,1,1.0
2023-08-02,offensive,159985.SZ,,,,0,1,1.0
2023-08-03,offensive,159985.SZ,,,,0,1,1.0
2023-08-04,offensive,159985.SZ,,,,0,1,1.0
2023-08-07,offensive,159985.SZ,,,,0,1,1.0
2023-08-08,offensive,159985.SZ,,,,0,1,1.0
2023-08-09,offensive,159985.SZ,,,,0,1,1.0
2023-08-10,offensive,159985.SZ,,,,1,1,1.0
2023-08-11,offensive,159985.SZ,,,,0,1,1.0
2023-08-14,offensive,159985.SZ,,,,0,1,1.0
2023-08-15,offensive,159985.SZ,,,,0,1,1.0
2023-08-16,offensive,159985.SZ,,,,1,1,1.0
2023-08-17,offensive,159985.SZ,,,,1,1,1.0
2023-08-18,offensive,159985.SZ,,,,1,1,1.0
2023-08-21,offensive,159985.SZ,,,,1,1,1.0
2023-08-22,offensive,159985.SZ,,,,0,1,1.0
2023-08-23,offensive,159985.SZ,,,,0,1,1.0
2023-08-24,offensive,159985.SZ,,,,0,1,1.0
2023-08-25,offensive,159985.SZ,,,,0,1,1.0
2023-08-28,offensive,159985.SZ,,,,0,1,1.0
2023-08-29,offensive,159985.SZ,,,,0,1,1.0
2023-08-30,offensive,159985.SZ,,,,0,1,1.0
2023-08-31,offensive,159985.SZ,,,,0,1,1.0
2023-09-01,offensive,159985.SZ,,,,0,1,1.0
2023-09-04,offensive,159985.SZ,,,,0,1,1.0
2023-09-05,offensive,159985.SZ,,,,0,1,1.0
2023-09-06,offensive,159985.SZ,,,,0,1,1.0
2023-09-07,offensive,159985.SZ,,,,0,1,1.0
2023-09-08,offensive,159985.SZ,,,,1,1,1.0
2023-09-11,offensive,159985.SZ,,,,0,1,1.0
2023-09-12,offensive,159985.SZ,,,,0,1,1.0
2023-09-13,offensive,159985.SZ,,,,0,1,1.0
2023-09-14,offensive,159985.SZ,,,,0,1,1.0
2023-09-15,offensive,159985.SZ,,,,0,1,1.0
2023-09-18,offensive,159985.SZ,,,,0,1,1.0
2023-09-19,offensive,159985.SZ,,,,0,1,1.0
2023-09-20,offensive,159985.SZ,,,,0,1,1.0
2023-09-21,offensive,159985.SZ,,,,0,1,1.0
2023-09-22,offensive,159985.SZ,,,,1,1,1.0
2023-09-25,cash,,,159985.SZ,159985.SZ:ROC20转负、5日与20日排名同时下滑,0,0,0.0
2023-09-26,cash,,,,,0,0,0.0
2023-09-27,cash,,,,,0,0,0.0
2023-09-28,cash,,,,,0,0,0.0
2023-10-09,cash,,,,,0,0,0.0
2023-10-10,cash,,,,,0,0,0.0
2023-10-11,cash,,,,,0,0,0.0
2023-10-12,cash,,,,,0,0,0.0
2023-10-13,cash,,,,,0,0,0.0
2023-10-16,cash,,,,,0,0,0.0
2023-10-17,cash,,,,,0,0,0.0
2023-10-18,cash,,,,,0,0,0.0
2023-10-19,cash,,,,,0,0,0.0
2023-10-20,cash,,,,,0,0,0.0
2023-10-23,cash,,,,,0,0,0.0
2023-10-24,cash,,,,,0,0,0.0
2023-10-25,cash,,,,,0,0,0.0
2023-10-26,cash,,,,,0,0,0.0
2023-10-27,cash,,,,,0,0,0.0
2023-10-30,cash,,,,,0,0,0.0
2023-10-31,cash,,,,,0,0,0.0
2023-11-01,cash,,,,,0,0,0.0
2023-11-02,cash,,,,,0,0,0.0
2023-11-03,cash,,,,,0,0,0.0
2023-11-06,offensive,513200.SH,513200.SH,,,2,1,1.0
2023-11-07,offensive,513200.SH,,,,2,1,1.0
2023-11-08,offensive,513200.SH,,,,2,1,1.0
2023-11-09,offensive,513200.SH,,,,0,1,1.0
2023-11-10,offensive,513200.SH,,,,2,1,1.0
2023-11-13,offensive,513200.SH,,,,2,1,1.0
2023-11-14,offensive,513200.SH,,,,2,1,1.0
2023-11-15,offensive,513200.SH,,,,3,1,1.0
2023-11-16,offensive,513200.SH,,,,3,1,1.0
2023-11-17,offensive,513200.SH,,,,3,1,1.0
2023-11-20,offensive,513200.SH,,,,3,1,1.0
2023-11-21,offensive,513200.SH,,,,3,1,1.0
2023-11-22,offensive,513200.SH,,,,2,1,1.0
2023-11-23,offensive,513200.SH,,,,3,1,1.0
2023-11-24,offensive,513200.SH,,,,1,1,1.0
2023-11-27,offensive,513310.SH,513310.SH,513200.SH,513200.SH:ROC20转负、5日与20日排名同时下滑,2,1,1.0
2023-11-28,offensive,513310.SH,,,,2,1,1.0
2023-11-29,offensive,513310.SH,,,,1,1,1.0
2023-11-30,offensive,513310.SH,,,,0,1,1.0
2023-12-01,offensive,513310.SH,,,,0,1,1.0
2023-12-04,cash,,,513310.SH,513310.SH:ROC20转负、5日与20日排名同时下滑,0,0,0.0
2023-12-05,cash,,,,,0,0,0.0
2023-12-06,offensive,159941.SZ,159941.SZ,,,1,1,1.0
2023-12-07,offensive,159941.SZ,,,,0,1,1.0
2023-12-08,offensive,159941.SZ,,,,2,1,1.0
2023-12-11,offensive,159941.SZ,,,,0,1,1.0
2023-12-12,offensive,159941.SZ,,,,1,1,1.0
2023-12-13,offensive,159941.SZ,,,,1,1,1.0
2023-12-14,offensive,159941.SZ,,,,2,1,1.0
2023-12-15,offensive,159941.SZ,,,,1,1,1.0
2023-12-18,offensive,159941.SZ,,,,2,1,1.0
2023-12-19,offensive,159941.SZ,,,,2,1,1.0
2023-12-20,offensive,159941.SZ,,,,2,1,1.0
2023-12-21,offensive,159941.SZ,,,,1,1,1.0
2023-12-22,offensive,159941.SZ,,,,2,1,1.0
2023-12-25,offensive,159941.SZ,,,,2,1,1.0
2023-12-26,offensive,159941.SZ,,,,2,1,1.0
2023-12-27,offensive,159941.SZ,,,,2,1,1.0
2023-12-28,offensive,159941.SZ,,,,2,1,1.0
2023-12-29,offensive,159941.SZ,,,,2,1,1.0
2024-01-02,offensive,159941.SZ,,,,2,1,1.0
2024-01-03,offensive,159941.SZ,,,,3,1,1.0
2024-01-04,offensive,518880.SH,518880.SH,159941.SZ,159941.SZ:5日与20日排名同时下滑,4,1,1.0
2024-01-05,offensive,518880.SH,,,,3,1,1.0
2024-01-08,offensive,518880.SH,,,,2,1,1.0
2024-01-09,offensive,518880.SH,,,,3,1,1.0
2024-01-10,offensive,518880.SH,,,,3,1,1.0
2024-01-11,offensive,518880.SH,,,,3,1,1.0
2024-01-12,offensive,518880.SH,,,,3,1,1.0
2024-01-15,offensive,518880.SH,,,,3,1,1.0
2024-01-16,offensive,518880.SH,,,,3,1,1.0
2024-01-17,offensive,518880.SH,,,,4,1,1.0
2024-01-18,offensive,518880.SH,,,,4,1,1.0
2024-01-19,offensive,518880.SH,,,,3,1,1.0
2024-01-22,offensive,513500.SH,513500.SH,518880.SH,518880.SH:ROC20转负,1,1,1.0
2024-01-23,offensive,513500.SH,,,,2,1,1.0
2024-01-24,offensive,513500.SH,,,,3,1,1.0
2024-01-25,offensive,512800.SH,512800.SH,513500.SH,513500.SH:5日与20日排名同时下滑,3,1,1.0
2024-01-26,offensive,512800.SH,,,,3,1,1.0
2024-01-29,offensive,512800.SH,,,,3,1,1.0
2024-01-30,offensive,512800.SH,,,,2,1,1.0
2024-01-31,offensive,512800.SH,,,,3,1,1.0
2024-02-01,offensive,512800.SH,,,,3,1,1.0
2024-02-02,offensive,512800.SH,,,,1,1,1.0
2024-02-05,offensive,512800.SH,,,,1,1,1.0
2024-02-06,offensive,512800.SH,,,,2,1,1.0
2024-02-07,offensive,512800.SH,,,,2,1,1.0
2024-02-08,offensive,512800.SH,,,,2,1,1.0
2024-02-19,offensive,512800.SH,,,,2,1,1.0
2024-02-20,offensive,512800.SH,,,,2,1,1.0
2024-02-21,offensive,512800.SH,,,,2,1,1.0
2024-02-22,offensive,512800.SH,,,,1,1,1.0
2024-02-23,offensive,512800.SH,,,,2,1,1.0
2024-02-26,offensive,512800.SH,,,,2,1,1.0
2024-02-27,offensive,512800.SH,,,,3,1,1.0
2024-02-28,offensive,512800.SH,,,,2,1,1.0
2024-02-29,offensive,512800.SH,,,,3,1,1.0
2024-03-01,offensive,512800.SH,,,,2,1,1.0
2024-03-04,offensive,515050.SH,515050.SH,512800.SH,512800.SH:5日与20日排名同时下滑,2,1,1.0
2024-03-05,offensive,515050.SH,,,,2,1,1.0
2024-03-06,offensive,515050.SH,,,,3,1,1.0
2024-03-07,offensive,515050.SH,,,,4,1,1.0
2024-03-08,offensive,515050.SH,,,,2,1,1.0
2024-03-11,offensive,515050.SH,,,,4,1,1.0
2024-03-12,offensive,515050.SH,,,,4,1,1.0
2024-03-13,offensive,515050.SH,,,,5,1,1.0
2024-03-14,offensive,515050.SH,,,,5,1,1.0
2024-03-15,offensive,515050.SH,,,,6,1,1.0
2024-03-18,offensive,515050.SH,,,,4,1,1.0
2024-03-19,offensive,515050.SH,,,,3,1,1.0
2024-03-20,offensive,515050.SH,,,,4,1,1.0
2024-03-21,offensive,515050.SH,,,,3,1,1.0
2024-03-22,offensive,515050.SH,,,,3,1,1.0
2024-03-25,offensive,515050.SH,,,,3,1,1.0
2024-03-26,offensive,512400.SH,512400.SH,515050.SH,515050.SH:5日与20日排名同时下滑,3,1,1.0
2024-03-27,offensive,512400.SH,,,,4,1,1.0
2024-03-28,offensive,512400.SH,,,,3,1,1.0
2024-03-29,offensive,512400.SH,,,,1,1,1.0
2024-04-01,offensive,512400.SH,,,,1,1,1.0
2024-04-02,offensive,512400.SH,,,,1,1,1.0
2024-04-03,offensive,512400.SH,,,,0,1,1.0
2024-04-08,offensive,512400.SH,,,,1,1,1.0
2024-04-09,offensive,512400.SH,,,,2,1,1.0
2024-04-10,offensive,512400.SH,,,,0,1,1.0
2024-04-11,offensive,512400.SH,,,,1,1,1.0
2024-04-12,offensive,512400.SH,,,,1,1,1.0
2024-04-15,offensive,512400.SH,,,,1,1,1.0
2024-04-16,offensive,512800.SH,512800.SH,512400.SH,512400.SH:5日与20日排名同时下滑,1,1,1.0
2024-04-17,offensive,512800.SH,,,,0,1,1.0
2024-04-18,offensive,512800.SH,,,,0,1,1.0
2024-04-19,offensive,512800.SH,,,,0,1,1.0
2024-04-22,offensive,512800.SH,,,,1,1,1.0
2024-04-23,offensive,512800.SH,,,,4,1,1.0
2024-04-24,offensive,513530.SH,513530.SH,512800.SH,512800.SH:5日与20日排名同时下滑,3,1,1.0
2024-04-25,offensive,513530.SH,,,,3,1,1.0
2024-04-26,offensive,513530.SH,,,,3,1,1.0
2024-04-29,offensive,513530.SH,,,,2,1,1.0
2024-04-30,offensive,513530.SH,,,,1,1,1.0
2024-05-06,offensive,513530.SH,,,,1,1,1.0
2024-05-07,offensive,513530.SH,,,,2,1,1.0
2024-05-08,offensive,513530.SH,,,,3,1,1.0
2024-05-09,offensive,513530.SH,,,,1,1,1.0
2024-05-10,offensive,513530.SH,,,,1,1,1.0
2024-05-13,offensive,513530.SH,,,,1,1,1.0
2024-05-14,offensive,513530.SH,,,,1,1,1.0
2024-05-15,offensive,513530.SH,,,,0,1,1.0
2024-05-16,offensive,513530.SH,,,,1,1,1.0
2024-05-17,offensive,513530.SH,,,,2,1,1.0
2024-05-20,offensive,513530.SH,,,,1,1,1.0
2024-05-21,offensive,513530.SH,,,,2,1,1.0
2024-05-22,offensive,513530.SH,,,,2,1,1.0
2024-05-23,offensive,513530.SH,,,,2,1,1.0
2024-05-24,offensive,513530.SH,,,,3,1,1.0
2024-05-27,offensive,513530.SH,,,,3,1,1.0
2024-05-28,offensive,513530.SH,,,,2,1,1.0
2024-05-29,offensive,513530.SH,,,,1,1,1.0
2024-05-30,offensive,513530.SH,,,,2,1,1.0
2024-05-31,offensive,513530.SH,,,,2,1,1.0
2024-06-03,offensive,513530.SH,,,,2,1,1.0
2024-06-04,offensive,513530.SH,,,,2,1,1.0
2024-06-05,offensive,513530.SH,,,,0,1,1.0
2024-06-06,offensive,513530.SH,,,,1,1,1.0
2024-06-07,offensive,513530.SH,,,,1,1,1.0
2024-06-11,offensive,159941.SZ,159941.SZ,513530.SH,513530.SH:ROC20转负,3,1,1.0
2024-06-12,offensive,159941.SZ,,,,1,1,1.0
2024-06-13,offensive,159941.SZ,,,,0,1,1.0
2024-06-14,offensive,159941.SZ,,,,0,1,1.0
2024-06-17,offensive,159941.SZ,,,,1,1,1.0
2024-06-18,offensive,159941.SZ,,,,1,1,1.0
2024-06-19,offensive,159941.SZ,,,,1,1,1.0
2024-06-20,offensive,159941.SZ,,,,1,1,1.0
2024-06-21,offensive,159941.SZ,,,,1,1,1.0
2024-06-24,offensive,159941.SZ,,,,1,1,1.0
2024-06-25,offensive,159941.SZ,,,,3,1,1.0
2024-06-26,offensive,159941.SZ,,,,0,1,1.0
2024-06-27,offensive,159941.SZ,,,,1,1,1.0
2024-06-28,offensive,159941.SZ,,,,1,1,1.0
2024-07-01,offensive,159941.SZ,,,,0,1,1.0
2024-07-02,offensive,159941.SZ,,,,0,1,1.0
2024-07-03,offensive,159941.SZ,,,,0,1,1.0
2024-07-04,offensive,159941.SZ,,,,1,1,1.0
2024-07-05,offensive,159941.SZ,,,,0,1,1.0
2024-07-08,offensive,159941.SZ,,,,0,1,1.0
2024-07-09,offensive,159941.SZ,,,,0,1,1.0
2024-07-10,offensive,159941.SZ,,,,1,1,1.0
2024-07-11,offensive,159941.SZ,,,,1,1,1.0
2024-07-12,offensive,159941.SZ,,,,1,1,1.0
2024-07-15,offensive,159941.SZ,,,,0,1,1.0
2024-07-16,offensive,159941.SZ,,,,0,1,1.0
2024-07-17,offensive,159941.SZ,,,,1,1,1.0
2024-07-18,offensive,159941.SZ,,,,0,1,1.0
2024-07-19,offensive,159941.SZ,,,,2,1,1.0
2024-07-22,offensive,513500.SH,513500.SH,159941.SZ,159941.SZ:5日与20日排名同时下滑,3,1,1.0
2024-07-23,offensive,513500.SH,,,,4,1,1.0
2024-07-24,offensive,513500.SH,,,,3,1,1.0
2024-07-25,offensive,159611.SZ,159611.SZ,513500.SH,513500.SH:ROC20转负,2,1,1.0
2024-07-26,offensive,159611.SZ,,,,2,1,1.0
2024-07-29,offensive,512800.SH,512800.SH,159611.SZ,159611.SZ:ROC20转负,3,1,1.0
2024-07-30,offensive,512800.SH,,,,1,1,1.0
2024-07-31,offensive,512800.SH,,,,4,1,1.0
2024-08-01,offensive,512800.SH,,,,3,1,1.0
2024-08-02,offensive,512800.SH,,,,5,1,1.0
2024-08-05,offensive,512800.SH,,,,1,1,1.0
2024-08-06,offensive,512800.SH,,,,0,1,1.0
2024-08-07,cash,,,512800.SH,512800.SH:ROC20转负,0,0,0.0
2024-08-08,cash,,,,,0,0,0.0
2024-08-09,cash,,,,,0,0,0.0
2024-08-12,cash,,,,,0,0,0.0
2024-08-13,cash,,,,,0,0,0.0
2024-08-14,cash,,,,,0,0,0.0
2024-08-15,cash,,,,,0,0,0.0
2024-08-16,offensive,518880.SH,518880.SH,,,1,1,1.0
2024-08-19,offensive,518880.SH,,,,2,1,1.0
2024-08-20,offensive,518880.SH,,,,1,1,1.0
2024-08-21,offensive,518880.SH,,,,2,1,1.0
2024-08-22,offensive,518880.SH,,,,4,1,1.0
2024-08-23,offensive,518880.SH,,,,4,1,1.0
2024-08-26,offensive,518880.SH,,,,4,1,1.0
2024-08-27,offensive,518880.SH,,,,3,1,1.0
2024-08-28,offensive,518880.SH,,,,4,1,1.0
2024-08-29,offensive,518880.SH,,,,3,1,1.0
2024-08-30,offensive,518880.SH,,,,3,1,1.0
2024-09-02,offensive,518880.SH,,,,3,1,1.0
2024-09-03,offensive,518880.SH,,,,4,1,1.0
2024-09-04,offensive,518880.SH,,,,3,1,1.0
2024-09-05,offensive,518880.SH,,,,3,1,1.0
2024-09-06,offensive,518880.SH,,,,3,1,1.0
2024-09-09,offensive,518880.SH,,,,3,1,1.0
2024-09-10,offensive,518880.SH,,,,2,1,1.0
2024-09-11,offensive,518880.SH,,,,2,1,1.0
2024-09-12,offensive,518880.SH,,,,2,1,1.0
2024-09-13,offensive,518880.SH,,,,2,1,1.0
2024-09-18,offensive,518880.SH,,,,2,1,1.0
2024-09-19,offensive,518880.SH,,,,4,1,1.0
2024-09-20,offensive,518880.SH,,,,3,1,1.0
2024-09-23,offensive,518880.SH,,,,4,1,1.0
2024-09-24,offensive,518880.SH,,,,4,1,1.0
2024-09-25,offensive,518880.SH,,,,4,1,1.0
2024-09-26,cash,,,518880.SH,518880.SH:5日与20日排名同时下滑,0,0,0.0
2024-09-27,cash,,,,,0,0,0.0
2024-09-30,cash,,,,,0,0,0.0
2024-10-08,cash,,,,,0,0,0.0
2024-10-09,cash,,,,,0,0,0.0
2024-10-10,cash,,,,,0,0,0.0
2024-10-11,cash,,,,,0,0,0.0
2024-10-14,cash,,,,,0,0,0.0
2024-10-15,cash,,,,,0,0,0.0
2024-10-16,cash,,,,,0,0,0.0
2024-10-17,cash,,,,,0,0,0.0
2024-10-18,cash,,,,,0,0,0.0
2024-10-21,cash,,,,,0,0,0.0
2024-10-22,cash,,,,,0,0,0.0
2024-10-23,cash,,,,,0,0,0.0
2024-10-24,cash,,,,,0,0,0.0
2024-10-25,cash,,,,,0,0,0.0
2024-10-28,cash,,,,,0,0,0.0
2024-10-29,cash,,,,,0,0,0.0
2024-10-30,cash,,,,,0,0,0.0
2024-10-31,cash,,,,,0,0,0.0
2024-11-01,cash,,,,,0,0,0.0
2024-11-04,cash,,,,,0,0,0.0
2024-11-05,cash,,,,,0,0,0.0
2024-11-06,cash,,,,,0,0,0.0
2024-11-07,cash,,,,,0,0,0.0
2024-11-08,cash,,,,,0,0,0.0
2024-11-11,cash,,,,,0,0,0.0
2024-11-12,cash,,,,,0,0,0.0
2024-11-13,cash,,,,,0,0,0.0
2024-11-14,cash,,,,,0,0,0.0
2024-11-15,cash,,,,,0,0,0.0
2024-11-18,cash,,,,,0,0,0.0
2024-11-19,cash,,,,,0,0,0.0
2024-11-20,cash,,,,,0,0,0.0
2024-11-21,cash,,,,,0,0,0.0
2024-11-22,cash,,,,,0,0,0.0
2024-11-25,cash,,,,,0,0,0.0
2024-11-26,cash,,,,,0,0,0.0
2024-11-27,cash,,,,,0,0,0.0
2024-11-28,cash,,,,,0,0,0.0
2024-11-29,cash,,,,,0,0,0.0
2024-12-02,cash,,,,,0,0,0.0
2024-12-03,cash,,,,,0,0,0.0
2024-12-04,cash,,,,,0,0,0.0
2024-12-05,cash,,,,,0,0,0.0
2024-12-06,cash,,,,,0,0,0.0
2024-12-09,cash,,,,,0,0,0.0
2024-12-10,cash,,,,,0,0,0.0
2024-12-11,cash,,,,,0,0,0.0
2024-12-12,cash,,,,,0,0,0.0
2024-12-13,cash,,,,,0,0,0.0
2024-12-16,cash,,,,,0,0,0.0
2024-12-17,cash,,,,,0,0,0.0
2024-12-18,cash,,,,,0,0,0.0
2024-12-19,cash,,,,,0,0,0.0
2024-12-20,cash,,,,,0,0,0.0
2024-12-23,cash,,,,,0,0,0.0
2024-12-24,cash,,,,,0,0,0.0
2024-12-25,cash,,,,,0,0,0.0
2024-12-26,cash,,,,,0,0,0.0
2024-12-27,cash,,,,,0,0,0.0
2024-12-30,cash,,,,,0,0,0.0
2024-12-31,cash,,,,,0,0,0.0
2025-01-02,offensive,512800.SH,512800.SH,,,2,1,1.0
2025-01-03,offensive,512800.SH,,,,3,1,1.0
2025-01-06,offensive,512800.SH,,,,2,1,1.0
2025-01-07,offensive,512800.SH,,,,1,1,1.0
2025-01-08,offensive,512800.SH,,,,0,1,1.0
2025-01-09,offensive,512800.SH,,,,0,1,1.0
2025-01-10,offensive,512800.SH,,,,0,1,1.0
2025-01-13,offensive,512800.SH,,,,2,1,1.0
2025-01-14,offensive,512800.SH,,,,1,1,1.0
2025-01-15,offensive,512800.SH,,,,2,1,1.0
2025-01-16,offensive,512800.SH,,,,1,1,1.0
2025-01-17,offensive,512800.SH,,,,1,1,1.0
2025-01-20,offensive,512800.SH,,,,2,1,1.0
2025-01-21,offensive,512800.SH,,,,1,1,1.0
2025-01-22,offensive,512800.SH,,,,0,1,1.0
2025-01-23,offensive,512800.SH,,,,0,1,1.0
2025-01-24,offensive,512800.SH,,,,1,1,1.0
2025-01-27,offensive,512800.SH,,,,1,1,1.0
2025-02-05,offensive,512800.SH,,,,0,1,1.0
2025-02-06,offensive,512800.SH,,,,0,1,1.0
2025-02-07,cash,,,512800.SH,512800.SH:5日与20日排名同时下滑,0,0,0.0
2025-02-10,cash,,,,,0,0,0.0
2025-02-11,offensive,513200.SH,513200.SH,,,1,1,1.0
2025-02-12,offensive,513200.SH,,,,1,1,1.0
2025-02-13,offensive,513200.SH,,,,1,1,1.0
2025-02-14,offensive,513200.SH,,,,0,1,1.0
2025-02-17,offensive,513200.SH,,,,1,1,1.0
2025-02-18,offensive,513200.SH,,,,1,1,1.0
2025-02-19,offensive,513200.SH,,,,0,1,1.0
2025-02-20,offensive,513200.SH,,,,0,1,1.0
2025-02-21,offensive,513200.SH,,,,0,1,1.0
2025-02-24,offensive,513200.SH,,,,0,1,1.0
2025-02-25,offensive,513200.SH,,,,0,1,1.0
2025-02-26,offensive,513200.SH,,,,0,1,1.0
2025-02-27,offensive,513200.SH,,,,0,1,1.0
2025-02-28,offensive,513200.SH,,,,0,1,1.0
2025-03-03,offensive,513200.SH,,,,0,1,1.0
2025-03-04,offensive,513200.SH,,,,0,1,1.0
2025-03-05,offensive,513200.SH,,,,0,1,1.0
2025-03-06,offensive,513200.SH,,,,0,1,1.0
2025-03-07,offensive,513200.SH,,,,0,1,1.0
2025-03-10,offensive,513200.SH,,,,0,1,1.0
2025-03-11,offensive,513200.SH,,,,0,1,1.0
2025-03-12,offensive,513200.SH,,,,0,1,1.0
2025-03-13,offensive,513200.SH,,,,0,1,1.0
2025-03-14,offensive,513200.SH,,,,1,1,1.0
2025-03-17,offensive,513200.SH,,,,1,1,1.0
2025-03-18,offensive,513200.SH,,,,1,1,1.0
2025-03-19,offensive,513200.SH,,,,0,1,1.0
2025-03-20,offensive,513200.SH,,,,1,1,1.0
2025-03-21,offensive,513200.SH,,,,1,1,1.0
2025-03-24,offensive,513200.SH,,,,1,1,1.0
2025-03-25,offensive,513200.SH,,,,2,1,1.0
2025-03-26,offensive,518880.SH,518880.SH,513200.SH,513200.SH:ROC20转负,3,1,1.0
2025-03-27,offensive,518880.SH,,,,3,1,1.0
2025-03-28,offensive,518880.SH,,,,1,1,1.0
2025-03-31,offensive,518880.SH,,,,1,1,1.0
2025-04-01,offensive,518880.SH,,,,1,1,1.0
2025-04-02,offensive,518880.SH,,,,1,1,1.0
2025-04-03,offensive,518880.SH,,,,0,1,1.0
2025-04-07,offensive,518880.SH,,,,1,1,1.0
2025-04-08,offensive,518880.SH,,,,3,1,1.0
2025-04-09,offensive,518880.SH,,,,4,1,1.0
2025-04-10,offensive,518880.SH,,,,3,1,1.0
2025-04-11,offensive,518880.SH,,,,3,1,1.0
2025-04-14,offensive,518880.SH,,,,3,1,1.0
2025-04-15,offensive,518880.SH,,,,1,1,1.0
2025-04-16,offensive,518880.SH,,,,2,1,1.0
2025-04-17,offensive,518880.SH,,,,3,1,1.0
2025-04-18,offensive,518880.SH,,,,3,1,1.0
2025-04-21,offensive,518880.SH,,,,3,1,1.0
2025-04-22,offensive,518880.SH,,,,2,1,1.0
2025-04-23,offensive,518880.SH,,,,1,1,1.0
2025-04-24,offensive,518880.SH,,,,2,1,1.0
2025-04-25,offensive,518880.SH,,,,2,1,1.0
2025-04-28,offensive,518880.SH,,,,1,1,1.0
2025-04-29,offensive,518880.SH,,,,1,1,1.0
2025-04-30,offensive,518880.SH,,,,2,1,1.0
2025-05-06,offensive,518880.SH,,,,3,1,1.0
2025-05-07,offensive,518880.SH,,,,3,1,1.0
2025-05-08,offensive,518880.SH,,,,3,1,1.0
2025-05-09,offensive,518880.SH,,,,3,1,1.0
2025-05-12,offensive,513200.SH,513200.SH,518880.SH,518880.SH:5日与20日排名同时下滑,4,1,1.0
2025-05-13,offensive,513200.SH,,,,2,1,1.0
2025-05-14,offensive,513200.SH,,,,2,1,1.0
2025-05-15,offensive,513200.SH,,,,3,1,1.0
2025-05-16,offensive,513200.SH,,,,2,1,1.0
2025-05-19,offensive,513200.SH,,,,3,1,1.0
2025-05-20,offensive,513200.SH,,,,4,1,1.0
2025-05-21,offensive,513200.SH,,,,3,1,1.0
2025-05-22,offensive,513200.SH,,,,2,1,1.0
2025-05-23,offensive,513200.SH,,,,2,1,1.0
2025-05-26,offensive,513200.SH,,,,1,1,1.0
2025-05-27,offensive,512800.SH,512800.SH,513200.SH,513200.SH:5日与20日排名同时下滑,1,1,1.0
2025-05-28,offensive,512800.SH,,,,2,1,1.0
2025-05-29,offensive,512800.SH,,,,3,1,1.0
2025-05-30,offensive,512800.SH,,,,3,1,1.0
2025-06-03,offensive,512800.SH,,,,1,1,1.0
2025-06-04,offensive,512800.SH,,,,1,1,1.0
2025-06-05,offensive,512800.SH,,,,2,1,1.0
2025-06-06,offensive,512800.SH,,,,2,1,1.0
2025-06-09,offensive,512800.SH,,,,2,1,1.0
2025-06-10,offensive,512800.SH,,,,2,1,1.0
2025-06-11,offensive,512800.SH,,,,1,1,1.0
2025-06-12,offensive,512800.SH,,,,0,1,1.0
2025-06-13,offensive,512800.SH,,,,1,1,1.0
2025-06-16,offensive,512800.SH,,,,0,1,1.0
2025-06-17,offensive,512800.SH,,,,0,1,1.0
2025-06-18,offensive,512800.SH,,,,0,1,1.0
2025-06-19,offensive,512800.SH,,,,1,1,1.0
2025-06-20,offensive,512800.SH,,,,0,1,1.0
2025-06-23,offensive,512800.SH,,,,3,1,1.0
2025-06-24,offensive,512800.SH,,,,3,1,1.0
2025-06-25,offensive,512800.SH,,,,2,1,1.0
2025-06-26,offensive,512800.SH,,,,1,1,1.0
2025-06-27,offensive,512800.SH,,,,0,1,1.0
2025-06-30,cash,,,512800.SH,512800.SH:5日与20日排名同时下滑,0,0,0.0
2025-07-01,cash,,,,,0,0,0.0
2025-07-02,cash,,,,,0,0,0.0
2025-07-03,offensive,515050.SH,515050.SH,,,1,1,1.0
2025-07-04,offensive,515050.SH,,,,1,1,1.0
2025-07-07,offensive,515050.SH,,,,1,1,1.0
2025-07-08,offensive,515050.SH,,,,1,1,1.0
2025-07-09,offensive,515050.SH,,,,0,1,1.0
2025-07-10,offensive,515050.SH,,,,0,1,1.0
2025-07-11,offensive,515050.SH,,,,0,1,1.0
2025-07-14,offensive,515050.SH,,,,1,1,1.0
2025-07-15,offensive,515050.SH,,,,0,1,1.0
2025-07-16,offensive,515050.SH,,,,0,1,1.0
2025-07-17,offensive,515050.SH,,,,0,1,1.0
2025-07-18,offensive,515050.SH,,,,0,1,1.0
2025-07-21,offensive,515050.SH,,,,0,1,1.0
2025-07-22,offensive,515050.SH,,,,0,1,1.0
2025-07-23,offensive,515050.SH,,,,0,1,1.0
2025-07-24,offensive,515050.SH,,,,0,1,1.0
2025-07-25,offensive,515050.SH,,,,0,1,1.0
2025-07-28,offensive,515050.SH,,,,0,1,1.0
2025-07-29,offensive,515050.SH,,,,0,1,1.0
2025-07-30,offensive,515050.SH,,,,0,1,1.0
2025-07-31,offensive,515050.SH,,,,0,1,1.0
2025-08-01,offensive,515050.SH,,,,0,1,1.0
2025-08-04,offensive,515050.SH,,,,0,1,1.0
2025-08-05,offensive,515050.SH,,,,0,1,1.0
2025-08-06,offensive,515050.SH,,,,0,1,1.0
2025-08-07,offensive,515050.SH,,,,0,1,1.0
2025-08-08,offensive,515050.SH,,,,0,1,1.0
2025-08-11,offensive,515050.SH,,,,0,1,1.0
2025-08-12,offensive,515050.SH,,,,0,1,1.0
2025-08-13,offensive,515050.SH,,,,0,1,1.0
2025-08-14,offensive,515050.SH,,,,0,1,1.0
2025-08-15,offensive,515050.SH,,,,0,1,1.0
2025-08-18,offensive,515050.SH,,,,0,1,1.0
2025-08-19,offensive,515050.SH,,,,0,1,1.0
2025-08-20,offensive,515050.SH,,,,0,1,1.0
2025-08-21,offensive,515050.SH,,,,0,1,1.0
2025-08-22,offensive,515050.SH,,,,0,1,1.0
2025-08-25,offensive,515050.SH,,,,0,1,1.0
2025-08-26,offensive,515050.SH,,,,0,1,1.0
2025-08-27,offensive,515050.SH,,,,0,1,1.0
2025-08-28,offensive,515050.SH,,,,0,1,1.0
2025-08-29,offensive,515050.SH,,,,0,1,1.0
2025-09-01,offensive,515050.SH,,,,0,1,1.0
2025-09-02,offensive,515050.SH,,,,0,1,1.0
2025-09-03,offensive,515050.SH,,,,0,1,1.0
2025-09-04,offensive,515050.SH,,,,0,1,1.0
2025-09-05,offensive,515050.SH,,,,0,1,1.0
2025-09-08,offensive,515050.SH,,,,0,1,1.0
2025-09-09,offensive,515050.SH,,,,0,1,1.0
2025-09-10,offensive,515050.SH,,,,0,1,1.0
2025-09-11,offensive,515050.SH,,,,0,1,1.0
2025-09-12,offensive,515050.SH,,,,0,1,1.0
2025-09-15,offensive,515050.SH,,,,0,1,1.0
2025-09-16,offensive,515050.SH,,,,0,1,1.0
2025-09-17,offensive,515050.SH,,,,0,1,1.0
2025-09-18,offensive,515050.SH,,,,0,1,1.0
2025-09-19,offensive,515050.SH,,,,0,1,1.0
2025-09-22,offensive,515050.SH,,,,0,1,1.0
2025-09-23,offensive,515050.SH,,,,0,1,1.0
2025-09-24,offensive,515050.SH,,,,0,1,1.0
2025-09-25,offensive,515050.SH,,,,0,1,1.0
2025-09-26,offensive,515050.SH,,,,0,1,1.0
2025-09-29,offensive,515050.SH,,,,0,1,1.0
2025-09-30,offensive,515050.SH,,,,0,1,1.0
2025-10-09,offensive,515050.SH,,,,0,1,1.0
2025-10-10,offensive,515050.SH,,,,0,1,1.0
2025-10-13,offensive,515050.SH,,,,0,1,1.0
2025-10-14,offensive,515050.SH,,,,0,1,1.0
2025-10-15,offensive,515050.SH,,,,0,1,1.0
2025-10-16,offensive,515050.SH,,,,0,1,1.0
2025-10-17,offensive,515050.SH,,,,0,1,1.0
2025-10-20,offensive,515050.SH,,,,0,1,1.0
2025-10-21,offensive,515050.SH,,,,0,1,1.0
2025-10-22,offensive,515050.SH,,,,0,1,1.0
2025-10-23,offensive,515050.SH,,,,0,1,1.0
2025-10-24,offensive,515050.SH,,,,0,1,1.0
2025-10-27,offensive,515050.SH,,,,0,1,1.0
2025-10-28,offensive,515050.SH,,,,0,1,1.0
2025-10-29,offensive,515050.SH,,,,0,1,1.0
2025-10-30,offensive,515050.SH,,,,0,1,1.0
2025-10-31,cash,,,515050.SH,515050.SH:ROC20转负、5日与20日排名同时下滑,0,0,0.0
2025-11-03,cash,,,,,0,0,0.0
2025-11-04,cash,,,,,0,0,0.0
2025-11-05,cash,,,,,0,0,0.0
2025-11-06,cash,,,,,0,0,0.0
2025-11-07,cash,,,,,0,0,0.0
2025-11-10,cash,,,,,0,0,0.0
2025-11-11,cash,,,,,0,0,0.0
2025-11-12,cash,,,,,0,0,0.0
2025-11-13,cash,,,,,0,0,0.0
2025-11-14,cash,,,,,0,0,0.0
2025-11-17,cash,,,,,0,0,0.0
2025-11-18,cash,,,,,0,0,0.0
2025-11-19,cash,,,,,0,0,0.0
2025-11-20,cash,,,,,0,0,0.0
2025-11-21,cash,,,,,0,0,0.0
2025-11-24,cash,,,,,0,0,0.0
2025-11-25,cash,,,,,0,0,0.0
2025-11-26,cash,,,,,0,0,0.0
2025-11-27,cash,,,,,0,0,0.0
2025-11-28,cash,,,,,0,0,0.0
2025-12-01,cash,,,,,0,0,0.0
2025-12-02,cash,,,,,0,0,0.0
2025-12-03,cash,,,,,0,0,0.0
2025-12-04,cash,,,,,0,0,0.0
2025-12-05,cash,,,,,0,0,0.0
2025-12-08,cash,,,,,0,0,0.0
2025-12-09,cash,,,,,0,0,0.0
2025-12-10,cash,,,,,0,0,0.0
2025-12-11,cash,,,,,0,0,0.0
2025-12-12,cash,,,,,0,0,0.0
2025-12-15,cash,,,,,0,0,0.0
2025-12-16,cash,,,,,0,0,0.0
2025-12-17,offensive,513500.SH,513500.SH,,,1,1,1.0
2025-12-18,offensive,513500.SH,,,,0,1,1.0
2025-12-19,offensive,513500.SH,,,,1,1,1.0
2025-12-22,cash,,,513500.SH,513500.SH:5日与20日排名同时下滑,0,0,0.0
2025-12-23,cash,,,,,0,0,0.0
2025-12-24,offensive,512070.SH,512070.SH,,,1,1,1.0
2025-12-25,offensive,512070.SH,,,,1,1,1.0
2025-12-26,offensive,512070.SH,,,,2,1,1.0
2025-12-29,offensive,512070.SH,,,,1,1,1.0
2025-12-30,offensive,512070.SH,,,,0,1,1.0
2025-12-31,offensive,512070.SH,,,,0,1,1.0
2026-01-05,offensive,512070.SH,,,,1,1,1.0
2026-01-06,offensive,512070.SH,,,,0,1,1.0
2026-01-07,offensive,512070.SH,,,,0,1,1.0
2026-01-08,offensive,512070.SH,,,,0,1,1.0
2026-01-09,offensive,512070.SH,,,,0,1,1.0
2026-01-12,cash,,,512070.SH,512070.SH:5日与20日排名同时下滑,0,0,0.0
2026-01-13,cash,,,,,0,0,0.0
2026-01-14,cash,,,,,0,0,0.0
2026-01-15,cash,,,,,0,0,0.0
2026-01-16,cash,,,,,0,0,0.0
2026-01-19,cash,,,,,0,0,0.0
2026-01-20,cash,,,,,0,0,0.0
2026-01-21,cash,,,,,0,0,0.0
2026-01-22,cash,,,,,0,0,0.0
2026-01-23,cash,,,,,0,0,0.0
2026-01-26,cash,,,,,0,0,0.0
2026-01-27,cash,,,,,0,0,0.0
2026-01-28,cash,,,,,0,0,0.0
2026-01-29,cash,,,,,0,0,0.0
2026-01-30,cash,,,,,0,0,0.0
2026-02-02,cash,,,,,0,0,0.0
2026-02-03,cash,,,,,0,0,0.0
2026-02-04,cash,,,,,0,0,0.0
2026-02-05,cash,,,,,0,0,0.0
2026-02-06,cash,,,,,0,0,0.0
2026-02-09,cash,,,,,0,0,0.0
2026-02-10,cash,,,,,0,0,0.0
2026-02-11,cash,,,,,0,0,0.0
2026-02-12,cash,,,,,0,0,0.0
2026-02-13,cash,,,,,0,0,0.0
2026-02-24,cash,,,,,0,0,0.0
2026-02-25,cash,,,,,0,0,0.0
2026-02-26,cash,,,,,0,0,0.0
2026-02-27,cash,,,,,0,0,0.0
2026-03-02,cash,,,,,0,0,0.0
2026-03-03,cash,,,,,0,0,0.0
2026-03-04,cash,,,,,0,0,0.0
2026-03-05,cash,,,,,0,0,0.0
2026-03-06,cash,,,,,0,0,0.0
2026-03-09,cash,,,,,0,0,0.0
2026-03-10,cash,,,,,0,0,0.0
2026-03-11,cash,,,,,0,0,0.0
2026-03-12,cash,,,,,0,0,0.0
2026-03-13,cash,,,,,0,0,0.0
2026-03-16,cash,,,,,0,0,0.0
2026-03-17,cash,,,,,0,0,0.0
2026-03-18,cash,,,,,0,0,0.0
2026-03-19,offensive,159611.SZ,159611.SZ,,,1,1,1.0
2026-03-20,offensive,159611.SZ,,,,0,1,1.0
2026-03-23,offensive,159611.SZ,,,,0,1,1.0
2026-03-24,offensive,159611.SZ,,,,0,1,1.0
2026-03-25,offensive,159611.SZ,,,,0,1,1.0
2026-03-26,offensive,159611.SZ,,,,0,1,1.0
2026-03-27,offensive,159611.SZ,,,,0,1,1.0
2026-03-30,offensive,159611.SZ,,,,2,1,1.0
2026-03-31,offensive,159611.SZ,,,,0,1,1.0
2026-04-01,cash,,,159611.SZ,159611.SZ:ROC20转负,0,0,0.0
2026-04-02,cash,,,,,0,0,0.0
2026-04-03,cash,,,,,0,0,0.0
2026-04-07,offensive,515050.SH,515050.SH,,,1,1,1.0
2026-04-08,offensive,515050.SH,,,,0,1,1.0
2026-04-09,offensive,515050.SH,,,,0,1,1.0
2026-04-10,offensive,515050.SH,,,,1,1,1.0
2026-04-13,offensive,515050.SH,,,,1,1,1.0
2026-04-14,offensive,515050.SH,,,,0,1,1.0
2026-04-15,offensive,515050.SH,,,,1,1,1.0
2026-04-16,offensive,515050.SH,,,,0,1,1.0
2026-04-17,offensive,515050.SH,,,,0,1,1.0
2026-04-20,offensive,515050.SH,,,,0,1,1.0
2026-04-21,offensive,515050.SH,,,,0,1,1.0
2026-04-22,offensive,515050.SH,,,,0,1,1.0
2026-04-23,offensive,515050.SH,,,,0,1,1.0
2026-04-24,offensive,515050.SH,,,,0,1,1.0
2026-04-27,offensive,515050.SH,,,,0,1,1.0
2026-04-28,offensive,515050.SH,,,,1,1,1.0
2026-04-29,offensive,515050.SH,,,,0,1,1.0
2026-04-30,offensive,515050.SH,,,,0,1,1.0
2026-05-06,offensive,515050.SH,,,,0,1,1.0
2026-05-07,offensive,515050.SH,,,,0,1,1.0
2026-05-08,offensive,515050.SH,,,,0,1,1.0
2026-05-11,offensive,515050.SH,,,,0,1,1.0
2026-05-12,offensive,515050.SH,,,,0,1,1.0
2026-05-13,offensive,515050.SH,,,,0,1,1.0
2026-05-14,offensive,515050.SH,,,,0,1,1.0
2026-05-15,offensive,515050.SH,,,,0,1,1.0
2026-05-18,offensive,515050.SH,,,,0,1,1.0
2026-05-19,offensive,515050.SH,,,,0,1,1.0
2026-05-20,offensive,515050.SH,,,,0,1,1.0
2026-05-21,offensive,515050.SH,,,,0,1,1.0
2026-05-22,offensive,515050.SH,,,,0,1,1.0
2026-05-25,offensive,515050.SH,,,,0,1,1.0
2026-05-26,offensive,515050.SH,,,,0,1,1.0
2026-05-27,offensive,515050.SH,,,,0,1,1.0
2026-05-28,offensive,515050.SH,,,,0,1,1.0
2026-05-29,offensive,515050.SH,,,,0,1,1.0
2026-06-01,offensive,515050.SH,,,,0,1,1.0
2026-06-02,offensive,515050.SH,,,,0,1,1.0
2026-06-03,offensive,515050.SH,,,,0,1,1.0
2026-06-04,offensive,515050.SH,,,,0,1,1.0
2026-06-05,offensive,515050.SH,,,,0,1,1.0
2026-06-08,offensive,515050.SH,,,,0,1,1.0
2026-06-09,offensive,515050.SH,,,,0,1,1.0
2026-06-10,offensive,515050.SH,,,,0,1,1.0
2026-06-11,offensive,515050.SH,,,,0,1,1.0
2026-06-12,offensive,515050.SH,,,,0,1,1.0
2026-06-15,offensive,515050.SH,,,,0,1,1.0
2026-06-16,offensive,515050.SH,,,,0,1,1.0
2026-06-17,offensive,515050.SH,,,,0,1,1.0
2026-06-18,offensive,515050.SH,,,,0,1,1.0
2026-06-22,offensive,515050.SH,,,,0,1,1.0
2026-06-23,offensive,515050.SH,,,,0,1,1.0
2026-06-24,offensive,515050.SH,,,,0,1,1.0
2026-06-25,offensive,515050.SH,,,,0,1,1.0
2026-06-26,offensive,515050.SH,,,,0,1,1.0
2026-06-29,cash,,,515050.SH,515050.SH:5日与20日排名同时下滑,0,0,0.0
2026-06-30,cash,,,,,0,0,0.0
2026-07-01,cash,,,,,0,0,0.0
2026-07-02,cash,,,,,0,0,0.0
2026-07-03,cash,,,,,0,0,0.0
2026-07-06,cash,,,,,0,0,0.0
2026-07-07,cash,,,,,0,0,0.0
2026-07-08,cash,,,,,0,0,0.0
2026-07-09,cash,,,,,0,0,0.0
2026-07-10,offensive,512010.SH,512010.SH,,,1,1,1.0
2026-07-13,cash,,,512010.SH,512010.SH:跌破MA120,1,0,0.0
2026-07-14,cash,,,,,1,0,0.0
2026-07-15,cash,,,,,1,0,0.0
2026-07-16,cash,,,,,1,0,0.0
2026-07-17,offensive,159985.SZ,159985.SZ,,,1,1,1.0
2026-07-20,offensive,159985.SZ,,,,3,1,1.0
2026-07-21,offensive,159985.SZ,,,,1,1,1.0
2026-07-22,offensive,159985.SZ,,,,2,1,1.0
