variant,family,holdings,total_return,cagr,annual_volatility,sharpe,sortino,max_drawdown,calmar,annual_turnover,trade_count,average_exposure,total_fees,slippage_cost_estimate,blocked_order_count,limit_blocked_order_count,eligibility_blocked_order_count,liquidity_limited_order_count,cash_management_annual_rate,cash_interest_income,cash_interest_calendar_days,cash_management_fees,pool_size_mean,pool_size_min,pool_size_max,membership_changes,membership_review_events,candidate_day_rate,final_members,return_2018_2020,mdd_2018_2020,return_2021_2022,mdd_2021_2022,return_2023_2024,mdd_2023_2024,return_2025_2026,mdd_2025_2026,portfolio_overlap_vs_primary,portfolio_overlap_vs_core45,target_agreement_vs_primary,target_agreement_vs_core45,membership_jaccard_vs_primary,raw_review_passes
fixed_core45_scaled,benchmark,1,5.419517735131328,0.2590633305190324,0.22326984477248676,1.1825756631104145,2.0360074122090714,-0.2218193578066835,1.167902265521872,16.158252022237747,256.0,0.5185918740008136,6417.139758380486,34933.2207946086,0.0,0.0,0.0,110.0,0.015,8495.342465753449,2948.0,1370.8500000000026,45.0,45,45,0,0,0.2730985196528841,510300.SH|510500.SH|512100.SH|159915.SZ|510880.SH|512040.SH|518880.SH|159981.SZ|159985.SZ|513500.SH|159941.SZ|513090.SH|513130.SH|513530.SH|513200.SH|513310.SH|512010.SH|562600.SH|159647.SZ|512070.SH|512800.SH|159851.SZ|512200.SH|512760.SH|515050.SH|159819.SZ|159869.SZ|562500.SH|512660.SH|159755.SZ|515790.SH|563380.SH|512400.SH|515210.SH|515220.SH|516020.SH|516150.SH|510630.SH|512690.SH|159996.SZ|159865.SZ|159766.SZ|159611.SZ|516970.SH|159745.SZ,0.004639293967415803,-0.13718481429352214,0.20556341985184456,-0.2218193578066835,0.3857913052219748,-0.13617087525986526,2.8247614071769283,-0.12533203900561152,0.5370086778968862,1.0,0.5370086778968862,1.0,0.4244033391693872,
fixed_full51_scaled,benchmark,1,2.809731280357768,0.18024288351406437,0.23285847967244086,0.8549490118009033,1.415155139689198,-0.3904297679918223,0.461652512924782,19.4080366665435,276.0,0.5138392913088516,5525.556751771961,31144.450520698432,0.0,0.0,0.0,104.0,0.015,6699.945205479433,2948.0,1103.5500000000043,51.0,51,51,0,0,0.3144461459928535,510300.SH|510500.SH|512100.SH|159915.SZ|510880.SH|512040.SH|518880.SH|159981.SZ|159985.SZ|513500.SH|159941.SZ|513090.SH|513130.SH|513530.SH|513200.SH|513310.SH|512010.SH|562600.SH|159647.SZ|512070.SH|512800.SH|159851.SZ|512200.SH|512760.SH|515050.SH|159819.SZ|159869.SZ|562500.SH|512660.SH|159755.SZ|515790.SH|563380.SH|512400.SH|515210.SH|515220.SH|516020.SH|516150.SH|510630.SH|512690.SH|159996.SZ|159865.SZ|159766.SZ|159611.SZ|516970.SH|159745.SZ|560280.SH|561380.SH|512980.SH|513520.SH|513030.SH|561360.SH,-0.03261080979335096,-0.17763161986993403,-0.09087788124651086,-0.3904297679918223,0.23349348417525628,-0.22629091608075746,2.511834408506598,-0.12533934648198297,0.4936191934660541,0.8534966819806024,0.4936191934660541,0.8534966819806024,0.4041077380416178,
fixed_core45_scaled__h2,benchmark_h2,2,3.2966164315034074,0.19796143550772327,0.23051194464086472,0.9281118002260312,1.586727948302302,-0.37432268169781424,0.5288523650499355,21.8243083053655,437.0,0.5549779316167711,7234.1281292183885,36202.77317658933,0.0,0.0,0.0,103.0,0.015,6601.602739725977,2948.0,1069.5100000000014,45.0,45,45,0,0,0.2730985196528841,510300.SH|510500.SH|512100.SH|159915.SZ|510880.SH|512040.SH|518880.SH|159981.SZ|159985.SZ|513500.SH|159941.SZ|513090.SH|513130.SH|513530.SH|513200.SH|513310.SH|512010.SH|562600.SH|159647.SZ|512070.SH|512800.SH|159851.SZ|512200.SH|512760.SH|515050.SH|159819.SZ|159869.SZ|562500.SH|512660.SH|159755.SZ|515790.SH|563380.SH|512400.SH|515210.SH|515220.SH|516020.SH|516150.SH|510630.SH|512690.SH|159996.SZ|159865.SZ|159766.SZ|159611.SZ|516970.SH|159745.SZ,0.017212894880277663,-0.1782399538798205,-0.0820825534036067,-0.37432268169781424,0.5243242305860991,-0.1650898540766994,2.0187958923154268,-0.16740301724823625,0.580653394589076,1.0,,,0.4244033391693872,
fixed_full51_scaled__h2,benchmark_h2,2,1.980494688912494,0.14488843519852024,0.22949379418131566,0.7262146244712389,1.2246636621572755,-0.4464684354864561,0.3245211165726754,24.833339755081724,466.0,0.5561751353324458,6699.350640147673,34943.82987670987,0.0,0.0,0.0,97.0,0.015,5779.315068493144,2948.0,944.8800000000052,51.0,51,51,0,0,0.3144461459928535,510300.SH|510500.SH|512100.SH|159915.SZ|510880.SH|512040.SH|518880.SH|159981.SZ|159985.SZ|513500.SH|159941.SZ|513090.SH|513130.SH|513530.SH|513200.SH|513310.SH|512010.SH|562600.SH|159647.SZ|512070.SH|512800.SH|159851.SZ|512200.SH|512760.SH|515050.SH|159819.SZ|159869.SZ|562500.SH|512660.SH|159755.SZ|515790.SH|563380.SH|512400.SH|515210.SH|515220.SH|516020.SH|516150.SH|510630.SH|512690.SH|159996.SZ|159865.SZ|159766.SZ|159611.SZ|516970.SH|159745.SZ|560280.SH|561380.SH|512980.SH|513520.SH|513030.SH|561360.SH,-0.015087804274602212,-0.20405800710606692,-0.24701679025414414,-0.4464684354864561,0.49096221461608014,-0.18546279835048085,1.6954973397958555,-0.16049760516254175,0.5484941296579887,0.8660030627871363,,,0.4041077380416178,
pit_annual_hysteresis,governance_sensitivity,1,5.311613715677342,0.256421740895703,0.2239464967604689,1.1699882686247112,2.0386647725177425,-0.32448062107596165,0.7902528663974484,21.688961496933445,240.0,0.6927038502068354,9850.90488294535,49348.682999663666,0.0,0.0,0.0,53.0,0.015,7056.739726027402,2948.0,1116.730000000001,17.58141909137315,4,41,39,6,0.40939254721796836,510300.SH|510500.SH|512100.SH|159915.SZ|510880.SH|512040.SH|518880.SH|159985.SZ|513500.SH|159941.SZ|513090.SH|513130.SH|513530.SH|513200.SH|513310.SH|512010.SH|159647.SZ|512070.SH|512800.SH|512200.SH|512760.SH|515050.SH|159819.SZ|159869.SZ|562500.SH|512660.SH|159755.SZ|515790.SH|512400.SH|515210.SH|515220.SH|516150.SH|512690.SH|159996.SZ|159865.SZ|159766.SZ|159611.SZ|516970.SH|512980.SH|513520.SH|513030.SH,0.837284106352014,-0.14190711462285177,-0.19745914035257062,-0.32448062107596165,0.15680905117774224,-0.1548359936368766,2.7002857423012117,-0.12534138042747245,0.7616130678917815,0.4997447677386422,0.7616130678917815,0.4997447677386422,0.8305566649142727,207.0
pit_quarterly_hysteresis,governance_sensitivity,1,3.2431726805552525,0.1961051091491297,0.20920995644879306,0.9928834833517203,1.7098096782843941,-0.3769245883168951,0.5202767747915042,21.7556452452333,230.0,0.6004494182809791,6974.5502248043695,33299.090835421084,0.0,0.0,0.0,44.0,0.015,6708.698630136947,2948.0,1078.9599999999957,22.32057172026544,4,42,44,21,0.3981623277182236,510300.SH|510500.SH|512100.SH|159915.SZ|510880.SH|512040.SH|518880.SH|159981.SZ|159985.SZ|513500.SH|159941.SZ|513090.SH|513130.SH|513530.SH|513200.SH|513310.SH|512010.SH|512070.SH|512800.SH|159851.SZ|512200.SH|512760.SH|515050.SH|159819.SZ|159869.SZ|562500.SH|512660.SH|159755.SZ|515790.SH|512400.SH|515210.SH|515220.SH|516150.SH|512690.SH|159996.SZ|159865.SZ|159766.SZ|159611.SZ|516970.SH|512980.SH|513520.SH|513030.SH,0.2325746778412059,-0.20816475287564196,-0.2195041172789869,-0.3040435008883424,0.2728069523647165,-0.1708395234582477,2.465327696373257,-0.12534100276890048,0.7488514548238897,0.5569167942827974,0.7488514548238897,0.5569167942827974,0.8919193872235056,833.0
pit_semiannual_history120_window126,governance_sensitivity,1,1.1106614890928923,0.09696979756698387,0.1824180953645054,0.617647942208211,1.0245012243884746,-0.36717638899750726,0.26409595080919596,22.37580601223662,233.0,0.5657680250387782,6720.1637621754435,33952.43869234262,0.0,0.0,0.0,43.0,0.015,6575.46575342465,2948.0,1049.9299999999969,22.76416539050536,4,43,43,15,0.38795303726391017,510300.SH|510500.SH|512100.SH|159915.SZ|510880.SH|512040.SH|518880.SH|159981.SZ|159985.SZ|513500.SH|159941.SZ|513090.SH|513130.SH|513530.SH|513200.SH|513310.SH|512010.SH|512070.SH|512800.SH|159851.SZ|512200.SH|512760.SH|515050.SH|159819.SZ|159869.SZ|562500.SH|512660.SH|159755.SZ|515790.SH|512400.SH|515210.SH|515220.SH|516150.SH|512690.SH|159996.SZ|159865.SZ|159766.SZ|159611.SZ|516970.SH|159745.SZ|512980.SH|513520.SH|513030.SH,0.27818029555073287,-0.17885666317708915,-0.16279747401686329,-0.26332234563581414,0.024969003742720375,-0.27304334787188234,0.9243550589916203,-0.0941533404103213,0.7228177641653905,0.5079122001020929,0.7228177641653905,0.5079122001020929,0.8785392780603375,470.0
pit_semiannual_immediate,governance_sensitivity,1,2.928200204291855,0.18472932249919238,0.211335883119891,0.9380564295263288,1.601085863007726,-0.3474906439399721,0.5316094856674869,22.601769204764913,242.0,0.5914814650218594,7299.687458837096,35462.09530675291,0.0,0.0,0.0,47.0,0.015,6787.150684931516,2948.0,1089.7099999999982,23.003062787136294,4,43,45,15,0.3838693210821848,510300.SH|510500.SH|512100.SH|159915.SZ|510880.SH|512040.SH|518880.SH|159981.SZ|159985.SZ|513500.SH|159941.SZ|513090.SH|513130.SH|513530.SH|513200.SH|513310.SH|512010.SH|512070.SH|512800.SH|159851.SZ|512200.SH|512760.SH|515050.SH|159819.SZ|159869.SZ|562500.SH|512660.SH|159755.SZ|515790.SH|512400.SH|515210.SH|515220.SH|516150.SH|512690.SH|159996.SZ|159865.SZ|159766.SZ|159611.SZ|516970.SH|159745.SZ|512980.SH|513520.SH|513030.SH,0.2325746778412059,-0.20816475287564196,-0.15109472797269052,-0.26304937137327755,0.07785779624625966,-0.25013477197793166,2.483049724200298,-0.1253278943968148,0.7294538029606943,0.5538540071465033,0.7294538029606943,0.5538540071465033,0.8643253532720586,427.0
pit_semiannual_one_pass_two_fail,governance_sensitivity,1,2.928200204291855,0.18472932249919238,0.211335883119891,0.9380564295263288,1.601085863007726,-0.3474906439399721,0.5316094856674869,22.601769204764913,242.0,0.5914814650218594,7299.687458837096,35462.09530675291,0.0,0.0,0.0,47.0,0.015,6787.150684931516,2948.0,1089.7099999999982,23.186830015313937,4,43,45,15,0.3838693210821848,510300.SH|510500.SH|512100.SH|159915.SZ|510880.SH|512040.SH|518880.SH|159981.SZ|159985.SZ|513500.SH|159941.SZ|513090.SH|513130.SH|513530.SH|513200.SH|513310.SH|512010.SH|512070.SH|512800.SH|159851.SZ|512200.SH|512760.SH|515050.SH|159819.SZ|159869.SZ|562500.SH|512660.SH|159755.SZ|515790.SH|512400.SH|515210.SH|515220.SH|516150.SH|512690.SH|159996.SZ|159865.SZ|159766.SZ|159611.SZ|516970.SH|159745.SZ|512980.SH|513520.SH|513030.SH,0.2325746778412059,-0.20816475287564196,-0.15109472797269052,-0.26304937137327755,0.07785779624625966,-0.25013477197793166,2.483049724200298,-0.1253278943968148,0.7294538029606943,0.5538540071465033,0.7294538029606943,0.5538540071465033,0.8652477304877163,427.0
pit_semiannual_rate80,governance_sensitivity,1,4.080723104649462,0.22310135886012783,0.20953012041803615,1.1024247817734025,1.9058122148062207,-0.31352881476133243,0.7115816740160208,22.02551574064076,221.0,0.6105892500306164,7681.826692627997,35986.95659644605,0.0,0.0,0.0,36.0,0.015,7123.561643835612,2948.0,1142.780000000004,21.431852986217457,4,44,44,14,0.4012251148545176,510300.SH|510500.SH|512100.SH|159915.SZ|510880.SH|512040.SH|518880.SH|159981.SZ|159985.SZ|513500.SH|159941.SZ|513090.SH|513130.SH|513530.SH|513200.SH|513310.SH|512010.SH|159647.SZ|512070.SH|512800.SH|159851.SZ|512200.SH|512760.SH|515050.SH|159819.SZ|159869.SZ|562500.SH|512660.SH|159755.SZ|515790.SH|512400.SH|515210.SH|515220.SH|516150.SH|510630.SH|512690.SH|159996.SZ|159865.SZ|159766.SZ|159611.SZ|516970.SH|512980.SH|513520.SH|513030.SH,0.27126179458502775,-0.18623412009522367,-0.16325332362397538,-0.254017214637685,0.3659132442013515,-0.1709936031592345,2.4968211442052985,-0.12533810020038683,0.8504338948443083,0.5809086268504339,0.8504338948443083,0.5809086268504339,0.9410228249941078,444.0
pit_semiannual_rate95,governance_sensitivity,1,4.426256584919896,0.23311277338376102,0.21835351243112638,1.1053479362421719,1.8898493380298451,-0.3751176931671114,0.6214390246847447,21.49816055944373,227.0,0.6420356127372977,8834.665102650157,42872.56168513297,0.0,0.0,0.0,41.0,0.015,7390.602739726021,2948.0,1174.4099999999983,19.669218989280246,4,41,45,14,0.40275650842266464,510300.SH|510500.SH|512100.SH|159915.SZ|510880.SH|512040.SH|518880.SH|159981.SZ|159985.SZ|513500.SH|159941.SZ|513090.SH|513130.SH|513530.SH|513200.SH|513310.SH|512010.SH|512070.SH|512800.SH|159851.SZ|512200.SH|512760.SH|515050.SH|159819.SZ|159869.SZ|562500.SH|512660.SH|159755.SZ|515790.SH|512400.SH|515210.SH|515220.SH|516150.SH|512690.SH|159996.SZ|159865.SZ|159766.SZ|159611.SZ|512980.SH|513520.SH|513030.SH,0.6755632560086471,-0.14190711462285177,-0.1436736505853059,-0.21514930131122267,0.04150007544328593,-0.261849178601233,2.6311223658913505,-0.12533889968363177,0.9234303215926493,0.5242470648289944,0.9234303215926493,0.5242470648289944,0.9574972158204953,409.0
pit_semiannual_window126,governance_sensitivity,1,1.083496112582941,0.09521059440399071,0.181069393087531,0.6117051164977422,1.010177449112993,-0.3762295565416405,0.2530651639365632,21.879963268273222,229.0,0.5601500605310192,6553.682262728051,33219.34756322443,0.0,0.0,0.0,43.0,0.015,6596.547945205493,2948.0,1053.0099999999923,22.580398162327718,4,43,43,15,0.38591117917304746,510300.SH|510500.SH|512100.SH|159915.SZ|510880.SH|512040.SH|518880.SH|159981.SZ|159985.SZ|513500.SH|159941.SZ|513090.SH|513130.SH|513530.SH|513200.SH|513310.SH|512010.SH|512070.SH|512800.SH|159851.SZ|512200.SH|512760.SH|515050.SH|159819.SZ|159869.SZ|562500.SH|512660.SH|159755.SZ|515790.SH|512400.SH|515210.SH|515220.SH|516150.SH|512690.SH|159996.SZ|159865.SZ|159766.SZ|159611.SZ|516970.SH|159745.SZ|512980.SH|513520.SH|513030.SH,0.27818029555073287,-0.17885666317708915,-0.16279747401686329,-0.26332234563581414,0.011523667701491824,-0.27311351099832426,0.9248371735577214,-0.09414710140788474,0.7172026544155181,0.5028075548749362,0.7172026544155181,0.5028075548749362,0.8834266500303531,466.0
pit_annual_hysteresis__h2,governance_sensitivity_h2,2,5.780168670129459,0.26761878820460727,0.22892228856862418,1.1897041446160537,2.070584024246064,-0.302277839148944,0.8853404171410035,26.710828641352027,443.0,0.7168862849092763,12925.078323730715,61234.636188793454,0.0,0.0,0.0,58.0,0.015,6637.726027397234,2948.0,1044.7499999999968,17.58141909137315,4,41,39,6,0.40939254721796836,510300.SH|510500.SH|512100.SH|159915.SZ|510880.SH|512040.SH|518880.SH|159985.SZ|513500.SH|159941.SZ|513090.SH|513130.SH|513530.SH|513200.SH|513310.SH|512010.SH|159647.SZ|512070.SH|512800.SH|512200.SH|512760.SH|515050.SH|159819.SZ|159869.SZ|562500.SH|512660.SH|159755.SZ|515790.SH|512400.SH|515210.SH|515220.SH|516150.SH|512690.SH|159996.SZ|159865.SZ|159766.SZ|159611.SZ|516970.SH|512980.SH|513520.SH|513030.SH,0.767339031206616,-0.14190711462285177,-0.20932437966601647,-0.302277839148944,0.6523819499839616,-0.16065522959984913,1.9363771702582584,-0.15160935727529667,0.7537008677896886,0.49744767738642165,,,0.8305566649142727,207.0
pit_quarterly_hysteresis__h2,governance_sensitivity_h2,2,3.068855898874925,0.18990456476823625,0.2166381798138148,0.9410399000378907,1.6223407134186068,-0.3717843828134526,0.5107922052323624,28.039330855276628,441.0,0.6312320309608466,9458.348875772053,43590.25184856801,0.0,0.0,0.0,38.0,0.015,6251.424657534233,2948.0,998.8299999999942,22.32057172026544,4,42,44,21,0.3981623277182236,510300.SH|510500.SH|512100.SH|159915.SZ|510880.SH|512040.SH|518880.SH|159981.SZ|159985.SZ|513500.SH|159941.SZ|513090.SH|513130.SH|513530.SH|513200.SH|513310.SH|512010.SH|512070.SH|512800.SH|159851.SZ|512200.SH|512760.SH|515050.SH|159819.SZ|159869.SZ|562500.SH|512660.SH|159755.SZ|515790.SH|512400.SH|515210.SH|515220.SH|516150.SH|512690.SH|159996.SZ|159865.SZ|159766.SZ|159611.SZ|516970.SH|512980.SH|513520.SH|513030.SH,0.2661083415663339,-0.1866129739458171,-0.23367768685873958,-0.31450225864296444,0.4407873492412222,-0.1510083584924652,1.910650643517803,-0.1645951583319052,0.8124042879019908,0.600816743236345,,,0.8919193872235056,833.0
pit_semiannual_history120_window126__h2,governance_sensitivity_h2,2,4.701422561971841,0.2406934110744583,0.24986276460455506,1.020549053866571,1.765946682603482,-0.372444863172249,0.6462524654639737,27.866148497842723,438.0,0.6778530097014595,11456.662766937145,55044.66594771536,0.0,0.0,0.0,45.0,0.015,6569.054794520562,2948.0,1049.8299999999995,22.76416539050536,4,43,43,15,0.38795303726391017,510300.SH|510500.SH|512100.SH|159915.SZ|510880.SH|512040.SH|518880.SH|159981.SZ|159985.SZ|513500.SH|159941.SZ|513090.SH|513130.SH|513530.SH|513200.SH|513310.SH|512010.SH|512070.SH|512800.SH|159851.SZ|512200.SH|512760.SH|515050.SH|159819.SZ|159869.SZ|562500.SH|512660.SH|159755.SZ|515790.SH|512400.SH|515210.SH|515220.SH|516150.SH|512690.SH|159996.SZ|159865.SZ|159766.SZ|159611.SZ|516970.SH|159745.SZ|512980.SH|513520.SH|513030.SH,0.30624522547244837,-0.16083590554052996,-0.257991942467371,-0.33251832888589283,1.1738106041676644,-0.23503301828840328,1.7060024760062218,-0.1646021692478672,0.766972945380296,0.5645737621235324,,,0.8785392780603375,470.0
pit_semiannual_immediate__h2,governance_sensitivity_h2,2,4.626283480426406,0.2386557562269691,0.25124896094685495,1.0095040586554391,1.743222192216975,-0.3301681036506007,0.7228310475427565,28.195647346630384,462.0,0.6616407342436302,11655.305843766817,55546.781759524034,0.0,0.0,0.0,50.0,0.015,6750.616438356157,2948.0,1079.9699999999968,23.003062787136294,4,43,45,15,0.3838693210821848,510300.SH|510500.SH|512100.SH|159915.SZ|510880.SH|512040.SH|518880.SH|159981.SZ|159985.SZ|513500.SH|159941.SZ|513090.SH|513130.SH|513530.SH|513200.SH|513310.SH|512010.SH|512070.SH|512800.SH|159851.SZ|512200.SH|512760.SH|515050.SH|159819.SZ|159869.SZ|562500.SH|512660.SH|159755.SZ|515790.SH|512400.SH|515210.SH|515220.SH|516150.SH|512690.SH|159996.SZ|159865.SZ|159766.SZ|159611.SZ|516970.SH|159745.SZ|512980.SH|513520.SH|513030.SH,0.2661083415663339,-0.1866129739458171,-0.18290560853389803,-0.3015693646350316,0.98299926674479,-0.2799388857010352,1.742558860372549,-0.1646078461069992,0.7491066870852475,0.5701888718734048,,,0.8643253532720586,427.0
pit_semiannual_one_pass_two_fail__h2,governance_sensitivity_h2,2,4.626283480426406,0.2386557562269691,0.25124896094685495,1.0095040586554391,1.743222192216975,-0.3301681036506007,0.7228310475427565,28.195647346630384,462.0,0.6616407342436302,11655.305843766817,55546.781759524034,0.0,0.0,0.0,50.0,0.015,6750.616438356157,2948.0,1079.9699999999968,23.186830015313937,4,43,45,15,0.3838693210821848,510300.SH|510500.SH|512100.SH|159915.SZ|510880.SH|512040.SH|518880.SH|159981.SZ|159985.SZ|513500.SH|159941.SZ|513090.SH|513130.SH|513530.SH|513200.SH|513310.SH|512010.SH|512070.SH|512800.SH|159851.SZ|512200.SH|512760.SH|515050.SH|159819.SZ|159869.SZ|562500.SH|512660.SH|159755.SZ|515790.SH|512400.SH|515210.SH|515220.SH|516150.SH|512690.SH|159996.SZ|159865.SZ|159766.SZ|159611.SZ|516970.SH|159745.SZ|512980.SH|513520.SH|513030.SH,0.2661083415663339,-0.1866129739458171,-0.18290560853389803,-0.3015693646350316,0.98299926674479,-0.2799388857010352,1.742558860372549,-0.1646078461069992,0.7491066870852475,0.5701888718734048,,,0.8652477304877163,427.0
pit_semiannual_rate80__h2,governance_sensitivity_h2,2,3.6425483837068438,0.20951008610955668,0.21780200273921835,1.0151113607745323,1.7634728274234606,-0.3676403906063411,0.5698777704049774,28.316964425441004,429.0,0.6450100529850602,9922.232432856134,45123.62734962436,0.0,0.0,0.0,33.0,0.015,6354.698630136976,2948.0,1009.8899999999987,21.431852986217457,4,44,44,14,0.4012251148545176,510300.SH|510500.SH|512100.SH|159915.SZ|510880.SH|512040.SH|518880.SH|159981.SZ|159985.SZ|513500.SH|159941.SZ|513090.SH|513130.SH|513530.SH|513200.SH|513310.SH|512010.SH|159647.SZ|512070.SH|512800.SH|159851.SZ|512200.SH|512760.SH|515050.SH|159819.SZ|159869.SZ|562500.SH|512660.SH|159755.SZ|515790.SH|512400.SH|515210.SH|515220.SH|516150.SH|510630.SH|512690.SH|159996.SZ|159865.SZ|159766.SZ|159611.SZ|516970.SH|512980.SH|513520.SH|513030.SH,0.27645587396167914,-0.18442534534235755,-0.2306903509925664,-0.3146608616675062,0.6029442785051973,-0.1351412324782021,1.9493820113708349,-0.12744921691609024,0.9042879019908117,0.6166411434405309,,,0.9410228249941078,444.0
pit_semiannual_rate95__h2,governance_sensitivity_h2,2,4.402385529114201,0.23243937005724669,0.22585002922508252,1.0732904674185288,1.8561284337339186,-0.30566731826073235,0.7604325231099038,27.03346161218076,423.0,0.6693569243113179,11636.639914641219,54119.91376963646,0.0,0.0,0.0,42.0,0.015,6801.616438356173,2948.0,1075.3999999999974,19.669218989280246,4,41,45,14,0.40275650842266464,510300.SH|510500.SH|512100.SH|159915.SZ|510880.SH|512040.SH|518880.SH|159981.SZ|159985.SZ|513500.SH|159941.SZ|513090.SH|513130.SH|513530.SH|513200.SH|513310.SH|512010.SH|512070.SH|512800.SH|159851.SZ|512200.SH|512760.SH|515050.SH|159819.SZ|159869.SZ|562500.SH|512660.SH|159755.SZ|515790.SH|512400.SH|515210.SH|515220.SH|516150.SH|512690.SH|159996.SZ|159865.SZ|159766.SZ|159611.SZ|512980.SH|513520.SH|513030.SH,0.6054928722083306,-0.14239485805277086,-0.12292802206830755,-0.19031682086371315,0.346948703753549,-0.23646073273388868,1.8483339031873487,-0.15162841403317107,0.9183256763654926,0.5474732006125574,,,0.9574972158204953,409.0
pit_semiannual_window126__h2,governance_sensitivity_h2,2,2.595991214465068,0.17182988557806866,0.21292676644576322,0.8790661324383924,1.5082503660334543,-0.3943119400676718,0.43577144924543554,26.9677410100629,412.0,0.6203351421110327,8773.490008254774,41749.3575368777,0.0,0.0,0.0,33.0,0.015,6225.0410958903885,2948.0,990.910000000004,22.580398162327718,4,43,43,15,0.38591117917304746,510300.SH|510500.SH|512100.SH|159915.SZ|510880.SH|512040.SH|518880.SH|159981.SZ|159985.SZ|513500.SH|159941.SZ|513090.SH|513130.SH|513530.SH|513200.SH|513310.SH|512010.SH|512070.SH|512800.SH|159851.SZ|512200.SH|512760.SH|515050.SH|159819.SZ|159869.SZ|562500.SH|512660.SH|159755.SZ|515790.SH|512400.SH|515210.SH|515220.SH|516150.SH|512690.SH|159996.SZ|159865.SZ|159766.SZ|159611.SZ|516970.SH|159745.SZ|512980.SH|513520.SH|513030.SH,0.30624522547244837,-0.16083590554052996,-0.257991942467371,-0.33251832888589283,0.3522377389519662,-0.16540478271964132,1.7436722600274277,-0.16457956080791647,0.8014293006636038,0.5880551301684533,,,0.8834266500303531,466.0
pit_semiannual_hysteresis_primary,primary,1,4.844193422188861,0.2445011521254974,0.2164155828396098,1.157385977255859,2.0034257134764224,-0.3953452657192231,0.618449677601916,21.574607847891105,240.0,0.6247085115181443,9453.584521206962,45663.53533798455,0.0,0.0,0.0,52.0,0.015,8420.013698630104,2948.0,1348.819999999998,20.609494640122513,4,42,42,14,0.4012251148545176,510300.SH|510500.SH|512100.SH|159915.SZ|510880.SH|512040.SH|518880.SH|159981.SZ|159985.SZ|513500.SH|159941.SZ|513090.SH|513130.SH|513530.SH|513200.SH|513310.SH|512010.SH|512070.SH|512800.SH|159851.SZ|512200.SH|512760.SH|515050.SH|159819.SZ|159869.SZ|562500.SH|512660.SH|159755.SZ|515790.SH|512400.SH|515210.SH|515220.SH|516150.SH|512690.SH|159996.SZ|159865.SZ|159766.SZ|159611.SZ|516970.SH|512980.SH|513520.SH|513030.SH,0.8743386362873236,-0.14190711462285177,-0.20075283595501592,-0.29138938768186484,0.12461579334202177,-0.2614461244673828,2.4688956958747146,-0.12533319616686045,1.0,0.5370086778968862,1.0,0.5370086778968862,1.0,427.0
pit_semiannual_hysteresis_primary__h2,primary_h2,2,4.533499315812837,0.23610643717471747,0.22375726316223765,1.0949420709038575,1.9150318738186192,-0.3414194509371776,0.6915436028223297,28.383097245106466,439.0,0.6537874537342352,12328.888131694417,57068.707274707835,0.0,0.0,0.0,38.0,0.015,7517.465753424662,2948.0,1193.4700000000014,20.609494640122513,4,42,42,14,0.4012251148545176,510300.SH|510500.SH|512100.SH|159915.SZ|510880.SH|512040.SH|518880.SH|159981.SZ|159985.SZ|513500.SH|159941.SZ|513090.SH|513130.SH|513530.SH|513200.SH|513310.SH|512010.SH|512070.SH|512800.SH|159851.SZ|512200.SH|512760.SH|515050.SH|159819.SZ|159869.SZ|562500.SH|512660.SH|159755.SZ|515790.SH|512400.SH|515210.SH|515220.SH|516150.SH|512690.SH|159996.SZ|159865.SZ|159766.SZ|159611.SZ|516970.SH|512980.SH|513520.SH|513030.SH,0.7631261347780007,-0.14190711462285177,-0.21235005544389185,-0.30881288024524467,0.35487276323240735,-0.22722202647093814,1.9409302093907983,-0.1274872775183793,1.0,0.580653394589076,,,1.0,427.0
primary_leave_one__159611.SZ,primary_leave_one,1,2.8123803384202404,0.1803445315573904,0.2013314925837024,0.9554391652522434,1.6190624326678564,-0.3953452657192231,0.4561697007533468,22.35923083828207,235.0,0.6091075593181726,9619.753911802196,46194.032648038534,0.0,0.0,0.0,43.0,0.015,8896.808219178078,2948.0,1418.6499999999996,20.29249617151608,4,41,41,14,0.4012251148545176,510300.SH|510500.SH|512100.SH|159915.SZ|510880.SH|512040.SH|518880.SH|159981.SZ|159985.SZ|513500.SH|159941.SZ|513090.SH|513130.SH|513530.SH|513200.SH|513310.SH|512010.SH|512070.SH|512800.SH|159851.SZ|512200.SH|512760.SH|515050.SH|159819.SZ|159869.SZ|562500.SH|512660.SH|159755.SZ|515790.SH|512400.SH|515210.SH|515220.SH|516150.SH|512690.SH|159996.SZ|159865.SZ|159766.SZ|516970.SH|512980.SH|513520.SH|513030.SH,0.8743386362873236,-0.14190711462285177,-0.20075283595501592,-0.29138938768186484,0.04711027052361105,-0.2614461244673828,1.430382560887638,-0.12533905498487563,0.9407861153649821,0.5063808065339459,0.9407861153649821,0.5063808065339459,0.9916952955299314,420.0
primary_leave_one__159647.SZ,primary_leave_one,1,4.257546375458646,0.22829664952169382,0.2149652072642979,1.1004235441927066,1.8919751546929262,-0.3953452657192231,0.5774614477964475,21.36975994451739,232.0,0.6239176999923086,9123.228335574116,43668.24030424474,0.0,0.0,0.0,46.0,0.015,8170.520547945221,2948.0,1301.5700000000031,20.421643695763144,4,42,40,13,0.3991832567636549,510300.SH|510500.SH|512100.SH|159915.SZ|510880.SH|512040.SH|518880.SH|159981.SZ|159985.SZ|513500.SH|159941.SZ|513090.SH|513130.SH|513530.SH|513200.SH|513310.SH|512010.SH|512070.SH|512800.SH|159851.SZ|512200.SH|512760.SH|515050.SH|159819.SZ|159869.SZ|562500.SH|512660.SH|159755.SZ|515790.SH|512400.SH|515210.SH|515220.SH|516150.SH|512690.SH|159996.SZ|159865.SZ|159766.SZ|159611.SZ|516970.SH|512980.SH|513520.SH|513030.SH,0.8743386362873236,-0.14190711462285177,-0.20075283595501592,-0.29138938768186484,0.005792724218218748,-0.2614461244673828,2.489357451354745,-0.12532867120639468,0.9989790709545686,0.5380296069423175,0.9989790709545686,0.5380296069423175,0.9951753194945965,424.0
primary_leave_one__159745.SZ,primary_leave_one,1,4.257546375458646,0.22829664952169382,0.2149652072642979,1.1004235441927066,1.8919751546929262,-0.3953452657192231,0.5774614477964475,21.36975994451739,232.0,0.6239176999923086,9123.228335574116,43668.24030424474,0.0,0.0,0.0,46.0,0.015,8170.520547945221,2948.0,1301.5700000000031,20.362940275650843,4,42,40,14,0.3991832567636549,510300.SH|510500.SH|512100.SH|159915.SZ|510880.SH|512040.SH|518880.SH|159981.SZ|159985.SZ|513500.SH|159941.SZ|513090.SH|513130.SH|513530.SH|513200.SH|513310.SH|512010.SH|512070.SH|512800.SH|159851.SZ|512200.SH|512760.SH|515050.SH|159819.SZ|159869.SZ|562500.SH|512660.SH|159755.SZ|515790.SH|512400.SH|515210.SH|515220.SH|516150.SH|512690.SH|159996.SZ|159865.SZ|159766.SZ|159611.SZ|516970.SH|512980.SH|513520.SH|513030.SH,0.8743386362873236,-0.14190711462285177,-0.20075283595501592,-0.29138938768186484,0.005792724218218748,-0.2614461244673828,2.489357451354745,-0.12532867120639468,0.9989790709545686,0.5380296069423175,0.9989790709545686,0.5380296069423175,0.9930094155952187,422.0
primary_leave_one__159755.SZ,primary_leave_one,1,4.424675560244287,0.23306825295880573,0.21585716028551466,1.115426748988598,1.9208544187383443,-0.3953452657192231,0.5895309066994934,21.61696760080561,237.0,0.6318947916158429,9365.428541048695,44655.94129077314,0.0,0.0,0.0,48.0,0.015,7919.876712328765,2948.0,1256.6100000000001,20.229198570699335,4,41,41,14,0.4007146503318019,510300.SH|510500.SH|512100.SH|159915.SZ|510880.SH|512040.SH|518880.SH|159981.SZ|159985.SZ|513500.SH|159941.SZ|513090.SH|513130.SH|513530.SH|513200.SH|513310.SH|512010.SH|512070.SH|512800.SH|159851.SZ|512200.SH|512760.SH|515050.SH|159819.SZ|159869.SZ|562500.SH|512660.SH|515790.SH|512400.SH|515210.SH|515220.SH|516150.SH|512690.SH|159996.SZ|159865.SZ|159766.SZ|159611.SZ|516970.SH|512980.SH|513520.SH|513030.SH,0.8743386362873236,-0.14190711462285177,-0.20075283595501592,-0.29138938768186484,0.005792724218218748,-0.2614461244673828,2.60027867289504,-0.12532867120639468,0.9887697805002552,0.5298621745788668,0.9887697805002552,0.5298621745788668,0.9897172455044082,419.0
primary_leave_one__159766.SZ,primary_leave_one,1,4.257546375458646,0.22829664952169382,0.2149652072642979,1.1004235441927066,1.8919751546929262,-0.3953452657192231,0.5774614477964475,21.36975994451739,232.0,0.6239176999923086,9123.228335574116,43668.24030424474,0.0,0.0,0.0,46.0,0.015,8170.520547945221,2948.0,1301.5700000000031,20.229198570699335,4,41,41,14,0.3991832567636549,510300.SH|510500.SH|512100.SH|159915.SZ|510880.SH|512040.SH|518880.SH|159981.SZ|159985.SZ|513500.SH|159941.SZ|513090.SH|513130.SH|513530.SH|513200.SH|513310.SH|512010.SH|512070.SH|512800.SH|159851.SZ|512200.SH|512760.SH|515050.SH|159819.SZ|159869.SZ|562500.SH|512660.SH|159755.SZ|515790.SH|512400.SH|515210.SH|515220.SH|516150.SH|512690.SH|159996.SZ|159865.SZ|159611.SZ|516970.SH|512980.SH|513520.SH|513030.SH,0.8743386362873236,-0.14190711462285177,-0.20075283595501592,-0.29138938768186484,0.005792724218218748,-0.2614461244673828,2.489357451354745,-0.12532867120639468,0.9989790709545686,0.5380296069423175,0.9989790709545686,0.5380296069423175,0.9897172455044082,419.0
primary_leave_one__159819.SZ,primary_leave_one,1,4.469642067221245,0.23433006177403648,0.2161720358879934,1.119043260607632,1.927888642442635,-0.3632979033515614,0.6450080212746963,20.877089111228162,227.0,0.6527226567013971,9142.54026603358,43566.19252268671,0.0,0.0,0.0,45.0,0.015,7739.876712328747,2948.0,1233.2300000000037,20.168963757018886,4,41,41,14,0.40428790199081166,510300.SH|510500.SH|512100.SH|159915.SZ|510880.SH|512040.SH|518880.SH|159981.SZ|159985.SZ|513500.SH|159941.SZ|513090.SH|513130.SH|513530.SH|513200.SH|513310.SH|512010.SH|512070.SH|512800.SH|159851.SZ|512200.SH|512760.SH|515050.SH|159869.SZ|562500.SH|512660.SH|159755.SZ|515790.SH|512400.SH|515210.SH|515220.SH|516150.SH|512690.SH|159996.SZ|159865.SZ|159766.SZ|159611.SZ|516970.SH|512980.SH|513520.SH|513030.SH,0.8743386362873236,-0.14190711462285177,-0.20075283595501592,-0.29138938768186484,0.057989260292405476,-0.20627069752962968,2.451028027648307,-0.1253393077339221,0.955079122001021,0.5278203164880041,0.955079122001021,0.5278203164880041,0.9870983405617799,418.0
primary_leave_one__159851.SZ,primary_leave_one,1,4.844193422188861,0.2445011521254974,0.2164155828396098,1.157385977255859,2.0034257134764224,-0.3953452657192231,0.618449677601916,21.574607847891105,240.0,0.6247085115181443,9453.584521206962,45663.53533798455,0.0,0.0,0.0,52.0,0.015,8420.013698630104,2948.0,1348.819999999998,20.599285349668197,4,41,41,14,0.4012251148545176,510300.SH|510500.SH|512100.SH|159915.SZ|510880.SH|512040.SH|518880.SH|159981.SZ|159985.SZ|513500.SH|159941.SZ|513090.SH|513130.SH|513530.SH|513200.SH|513310.SH|512010.SH|512070.SH|512800.SH|512200.SH|512760.SH|515050.SH|159819.SZ|159869.SZ|562500.SH|512660.SH|159755.SZ|515790.SH|512400.SH|515210.SH|515220.SH|516150.SH|512690.SH|159996.SZ|159865.SZ|159766.SZ|159611.SZ|516970.SH|512980.SH|513520.SH|513030.SH,0.8743386362873236,-0.14190711462285177,-0.20075283595501592,-0.29138938768186484,0.12461579334202177,-0.2614461244673828,2.4688956958747146,-0.12533319616686045,1.0,0.5370086778968862,1.0,0.5370086778968862,0.9997569216558497,425.0
primary_leave_one__159865.SZ,primary_leave_one,1,4.257546375458646,0.22829664952169382,0.2149652072642979,1.1004235441927066,1.8919751546929262,-0.3953452657192231,0.5774614477964475,21.36975994451739,232.0,0.6239176999923086,9123.228335574116,43668.24030424474,0.0,0.0,0.0,46.0,0.015,8170.520547945221,2948.0,1301.5700000000031,20.229198570699335,4,41,41,14,0.3991832567636549,510300.SH|510500.SH|512100.SH|159915.SZ|510880.SH|512040.SH|518880.SH|159981.SZ|159985.SZ|513500.SH|159941.SZ|513090.SH|513130.SH|513530.SH|513200.SH|513310.SH|512010.SH|512070.SH|512800.SH|159851.SZ|512200.SH|512760.SH|515050.SH|159819.SZ|159869.SZ|562500.SH|512660.SH|159755.SZ|515790.SH|512400.SH|515210.SH|515220.SH|516150.SH|512690.SH|159996.SZ|159766.SZ|159611.SZ|516970.SH|512980.SH|513520.SH|513030.SH,0.8743386362873236,-0.14190711462285177,-0.20075283595501592,-0.29138938768186484,0.005792724218218748,-0.2614461244673828,2.489357451354745,-0.12532867120639468,0.9989790709545686,0.5380296069423175,0.9989790709545686,0.5380296069423175,0.9897172455044082,419.0
primary_leave_one__159869.SZ,primary_leave_one,1,4.028555718107677,0.22153835406980016,0.21442316175540865,1.0759507402914585,1.8432190049156156,-0.3953452657192231,0.5603667813418011,21.618074898179593,234.0,0.6240581117622602,9175.814993144457,44429.89210078237,0.0,0.0,0.0,46.0,0.015,8094.904109589047,2948.0,1286.970000000003,20.229198570699335,4,41,41,14,0.40224604389994895,510300.SH|510500.SH|512100.SH|159915.SZ|510880.SH|512040.SH|518880.SH|159981.SZ|159985.SZ|513500.SH|159941.SZ|513090.SH|513130.SH|513530.SH|513200.SH|513310.SH|512010.SH|512070.SH|512800.SH|159851.SZ|512200.SH|512760.SH|515050.SH|159819.SZ|562500.SH|512660.SH|159755.SZ|515790.SH|512400.SH|515210.SH|515220.SH|516150.SH|512690.SH|159996.SZ|159865.SZ|159766.SZ|159611.SZ|516970.SH|512980.SH|513520.SH|513030.SH,0.8743386362873236,-0.14190711462285177,-0.20075283595501592,-0.29138938768186484,0.005792724218218748,-0.2614461244673828,2.337379665624131,-0.12533838102000183,0.9954058192955589,0.5354772843287392,0.9954058192955589,0.5354772843287392,0.9897172455044082,419.0
primary_leave_one__159915.SZ,primary_leave_one,1,3.0678033306805474,0.18986642289412292,0.21045052904037131,0.9625643603372435,1.6494267824259266,-0.33417922296082625,0.5681574731424275,21.87989274759416,211.0,0.6298890001768526,6898.623519932044,33219.08329498888,0.0,0.0,0.0,26.0,0.015,6121.849315068495,2948.0,979.190000000004,19.609494640122513,3,41,42,14,0.40888208269525267,510300.SH|510500.SH|512100.SH|510880.SH|512040.SH|518880.SH|159981.SZ|159985.SZ|513500.SH|159941.SZ|513090.SH|513130.SH|513530.SH|513200.SH|513310.SH|512010.SH|512070.SH|512800.SH|159851.SZ|512200.SH|512760.SH|515050.SH|159819.SZ|159869.SZ|562500.SH|512660.SH|159755.SZ|515790.SH|512400.SH|515210.SH|515220.SH|516150.SH|512690.SH|159996.SZ|159865.SZ|159766.SZ|159611.SZ|516970.SH|512980.SH|513520.SH|513030.SH,0.19775236895029225,-0.28597352184734326,-0.05180546076388759,-0.1447331159888332,0.009088738265659257,-0.2619126246313802,2.5494911682027497,-0.12533895964894304,0.8887187340479836,0.5135273098519653,0.8887187340479836,0.5135273098519653,0.8993844316189277,405.0
primary_leave_one__159941.SZ,primary_leave_one,1,4.077037809132639,0.22299140511677162,0.21503481696283672,1.0792188517196828,1.8537934486977787,-0.3873058830729298,0.575750110862071,21.61909644032495,234.0,0.6269541606368205,9134.78602532662,43623.09438971938,0.0,0.0,0.0,45.0,0.015,8008.273972602722,2948.0,1280.100000000007,20.229198570699335,4,41,41,14,0.4104134762633997,510300.SH|510500.SH|512100.SH|159915.SZ|510880.SH|512040.SH|518880.SH|159981.SZ|159985.SZ|513500.SH|513090.SH|513130.SH|513530.SH|513200.SH|513310.SH|512010.SH|512070.SH|512800.SH|159851.SZ|512200.SH|512760.SH|515050.SH|159819.SZ|159869.SZ|562500.SH|512660.SH|159755.SZ|515790.SH|512400.SH|515210.SH|515220.SH|516150.SH|512690.SH|159996.SZ|159865.SZ|159766.SZ|159611.SZ|516970.SH|512980.SH|513520.SH|513030.SH,0.8743386362873236,-0.14190711462285177,-0.20075283595501592,-0.29138938768186484,-0.022946542980004647,-0.2516264424675848,2.468669411323292,-0.1253358766845155,0.9765186319550792,0.5416028586013272,0.9765186319550792,0.5416028586013272,0.9897172455044082,418.0
primary_leave_one__159981.SZ,primary_leave_one,1,4.844193422188861,0.2445011521254974,0.2164155828396098,1.157385977255859,2.0034257134764224,-0.3953452657192231,0.618449677601916,21.574607847891105,240.0,0.6247085115181443,9453.584521206962,45663.53533798455,0.0,0.0,0.0,52.0,0.015,8420.013698630104,2948.0,1348.819999999998,20.599285349668197,4,41,41,14,0.4012251148545176,510300.SH|510500.SH|512100.SH|159915.SZ|510880.SH|512040.SH|518880.SH|159985.SZ|513500.SH|159941.SZ|513090.SH|513130.SH|513530.SH|513200.SH|513310.SH|512010.SH|512070.SH|512800.SH|159851.SZ|512200.SH|512760.SH|515050.SH|159819.SZ|159869.SZ|562500.SH|512660.SH|159755.SZ|515790.SH|512400.SH|515210.SH|515220.SH|516150.SH|512690.SH|159996.SZ|159865.SZ|159766.SZ|159611.SZ|516970.SH|512980.SH|513520.SH|513030.SH,0.8743386362873236,-0.14190711462285177,-0.20075283595501592,-0.29138938768186484,0.12461579334202177,-0.2614461244673828,2.4688956958747146,-0.12533319616686045,1.0,0.5370086778968862,1.0,0.5370086778968862,0.9997569216558497,425.0
primary_leave_one__159985.SZ,primary_leave_one,1,4.233804226027613,0.22760805491010383,0.21394533556391768,1.1018879517179385,1.9047661736178103,-0.3953452657192231,0.5757196927501659,21.370233270040067,231.0,0.6230435009075386,9123.276986694627,43668.4346754813,0.0,0.0,0.0,45.0,0.015,8208.082191780837,2948.0,1310.710000000003,20.29249617151608,4,41,41,14,0.39714139867279225,510300.SH|510500.SH|512100.SH|159915.SZ|510880.SH|512040.SH|518880.SH|159981.SZ|513500.SH|159941.SZ|513090.SH|513130.SH|513530.SH|513200.SH|513310.SH|512010.SH|512070.SH|512800.SH|159851.SZ|512200.SH|512760.SH|515050.SH|159819.SZ|159869.SZ|562500.SH|512660.SH|159755.SZ|515790.SH|512400.SH|515210.SH|515220.SH|516150.SH|512690.SH|159996.SZ|159865.SZ|159766.SZ|159611.SZ|516970.SH|512980.SH|513520.SH|513030.SH,0.8743386362873236,-0.14190711462285177,-0.20075283595501592,-0.29138938768186484,0.005792724218218748,-0.2614461244673828,2.4736001303323274,-0.12532867120639468,0.9948953547728433,0.5339458907605922,0.9948953547728433,0.5339458907605922,0.9916952955299314,420.0
primary_leave_one__159996.SZ,primary_leave_one,1,4.307286051806132,0.22973046385042006,0.2178774100456775,1.0941493813018388,1.8804855418567248,-0.3620711416305207,0.6344898486409916,21.300689051028673,222.0,0.6200450653932489,9223.592429234981,44119.36204827369,0.0,0.0,0.0,40.0,0.015,8333.301369863015,2948.0,1324.8799999999978,20.10515569167943,4,41,41,14,0.4002041858090863,510300.SH|510500.SH|512100.SH|159915.SZ|510880.SH|512040.SH|518880.SH|159981.SZ|159985.SZ|513500.SH|159941.SZ|513090.SH|513130.SH|513530.SH|513200.SH|513310.SH|512010.SH|512070.SH|512800.SH|159851.SZ|512200.SH|512760.SH|515050.SH|159819.SZ|159869.SZ|562500.SH|512660.SH|159755.SZ|515790.SH|512400.SH|515210.SH|515220.SH|516150.SH|512690.SH|159865.SZ|159766.SZ|159611.SZ|516970.SH|512980.SH|513520.SH|513030.SH,0.8743386362873236,-0.14190711462285177,-0.17920424151130376,-0.27228810166763184,-0.011029117319528936,-0.24752905710115325,2.4882357562608948,-0.12533098628487715,0.9576314446145993,0.5380296069423175,0.9576314446145993,0.5380296069423175,0.9840598612599011,417.0
primary_leave_one__510300.SH,primary_leave_one,1,4.61787877259594,0.23842635341095142,0.21585443484352013,1.136362084184189,1.9519897143014115,-0.3509576261394657,0.679359374616365,21.868920287432587,240.0,0.6296472975585558,9575.486824230084,46333.89399736228,0.0,0.0,0.0,49.0,0.015,8283.657534246557,2948.0,1323.6400000000042,19.609494640122513,3,41,42,14,0.39765186319550794,510500.SH|512100.SH|159915.SZ|510880.SH|512040.SH|518880.SH|159981.SZ|159985.SZ|513500.SH|159941.SZ|513090.SH|513130.SH|513530.SH|513200.SH|513310.SH|512010.SH|512070.SH|512800.SH|159851.SZ|512200.SH|512760.SH|515050.SH|159819.SZ|159869.SZ|562500.SH|512660.SH|159755.SZ|515790.SH|512400.SH|515210.SH|515220.SH|516150.SH|512690.SH|159996.SZ|159865.SZ|159766.SZ|159611.SZ|516970.SH|512980.SH|513520.SH|513030.SH,0.846704204253008,-0.14192983419547034,-0.1430742601101347,-0.23981073817714538,0.0052472055086973945,-0.2610222643760638,2.5314979855438478,-0.1253386231124448,0.9668198060234814,0.5313935681470138,0.9668198060234814,0.5313935681470138,0.8993844316189277,405.0
primary_leave_one__510500.SH,primary_leave_one,1,5.0826900229343295,0.2506838456847784,0.21093810799569981,1.2063827938916771,2.0845489989792805,-0.2848622952825801,0.8800176430373242,20.101232280482165,225.0,0.6193741574602675,9415.456016447673,45769.62734140455,0.0,0.0,0.0,52.0,0.015,8830.479452054778,2948.0,1412.160000000002,19.609494640122513,3,41,42,14,0.3996937212863706,510300.SH|512100.SH|159915.SZ|510880.SH|512040.SH|518880.SH|159981.SZ|159985.SZ|513500.SH|159941.SZ|513090.SH|513130.SH|513530.SH|513200.SH|513310.SH|512010.SH|512070.SH|512800.SH|159851.SZ|512200.SH|512760.SH|515050.SH|159819.SZ|159869.SZ|562500.SH|512660.SH|159755.SZ|515790.SH|512400.SH|515210.SH|515220.SH|516150.SH|512690.SH|159996.SZ|159865.SZ|159766.SZ|159611.SZ|516970.SH|512980.SH|513520.SH|513030.SH,0.7871340598780485,-0.14193199312671312,-0.01989405335201544,-0.1703786647268497,0.0036536504509041556,-0.26056555364814793,2.460044310483437,-0.12533378708485732,0.9663093415007658,0.5405819295558959,0.9663093415007658,0.5405819295558959,0.8993844316189277,405.0
primary_leave_one__510630.SH,primary_leave_one,1,4.844193422188861,0.2445011521254974,0.2164155828396098,1.157385977255859,2.0034257134764224,-0.3953452657192231,0.618449677601916,21.574607847891105,240.0,0.6247085115181443,9453.584521206962,45663.53533798455,0.0,0.0,0.0,52.0,0.015,8420.013698630104,2948.0,1348.819999999998,20.609494640122513,4,42,42,14,0.4012251148545176,510300.SH|510500.SH|512100.SH|159915.SZ|510880.SH|512040.SH|518880.SH|159981.SZ|159985.SZ|513500.SH|159941.SZ|513090.SH|513130.SH|513530.SH|513200.SH|513310.SH|512010.SH|512070.SH|512800.SH|159851.SZ|512200.SH|512760.SH|515050.SH|159819.SZ|159869.SZ|562500.SH|512660.SH|159755.SZ|515790.SH|512400.SH|515210.SH|515220.SH|516150.SH|512690.SH|159996.SZ|159865.SZ|159766.SZ|159611.SZ|516970.SH|512980.SH|513520.SH|513030.SH,0.8743386362873236,-0.14190711462285177,-0.20075283595501592,-0.29138938768186484,0.12461579334202177,-0.2614461244673828,2.4688956958747146,-0.12533319616686045,1.0,0.5370086778968862,1.0,0.5370086778968862,1.0,427.0
primary_leave_one__510880.SH,primary_leave_one,1,3.903184705659039,0.2177231690976713,0.214705751962221,1.05966981693755,1.8081605876636249,-0.4520919632828956,0.4815904434944169,21.122921301442044,230.0,0.6074745968120049,8754.619274640056,41832.34140364766,0.0,0.0,0.0,47.0,0.015,8394.86301369859,2948.0,1325.3900000000046,19.981623277182237,4,41,41,14,0.37927514037774374,510300.SH|510500.SH|512100.SH|159915.SZ|512040.SH|518880.SH|159981.SZ|159985.SZ|513500.SH|159941.SZ|513090.SH|513130.SH|513530.SH|513200.SH|513310.SH|512010.SH|512070.SH|512800.SH|159851.SZ|512200.SH|512760.SH|515050.SH|159819.SZ|159869.SZ|562500.SH|512660.SH|159755.SZ|515790.SH|512400.SH|515210.SH|515220.SH|516150.SH|512690.SH|159996.SZ|159865.SZ|159766.SZ|159611.SZ|516970.SH|512980.SH|513520.SH|513030.SH,0.8743386362873236,-0.14190711462285177,-0.26649655022686447,-0.36659871393032906,0.037693762349176874,-0.2601468458805857,2.4368361615670326,-0.12534113833887783,0.9469116896375702,0.5385400714650331,0.9469116896375702,0.5385400714650331,0.9750097506592544,415.0
primary_leave_one__512010.SH,primary_leave_one,1,4.820718652077305,0.24388071149804147,0.2149335569988509,1.1614906497126252,2.0061227151262084,-0.3127571994258802,0.7797764909831862,20.881178020854485,224.0,0.6253346138313458,9210.199292644249,44672.65709201755,0.0,0.0,0.0,43.0,0.015,8542.232876712325,2948.0,1363.8400000000017,19.92138846350179,4,41,41,13,0.39509954058192953,510300.SH|510500.SH|512100.SH|159915.SZ|510880.SH|512040.SH|518880.SH|159981.SZ|159985.SZ|513500.SH|159941.SZ|513090.SH|513130.SH|513530.SH|513200.SH|513310.SH|512070.SH|512800.SH|159851.SZ|512200.SH|512760.SH|515050.SH|159819.SZ|159869.SZ|562500.SH|512660.SH|159755.SZ|515790.SH|512400.SH|515210.SH|515220.SH|516150.SH|512690.SH|159996.SZ|159865.SZ|159766.SZ|159611.SZ|516970.SH|512980.SH|513520.SH|513030.SH,0.8743386362873236,-0.14190711462285177,-0.12280999956478211,-0.2295791512328369,0.005121560123308555,-0.22793341564249925,2.5222184633037275,-0.12534109074725464,0.9484430832057172,0.5487493619193466,0.9484430832057172,0.5487493619193466,0.9674803989491982,414.0
primary_leave_one__512040.SH,primary_leave_one,1,4.844193422188861,0.2445011521254974,0.2164155828396098,1.157385977255859,2.0034257134764224,-0.3953452657192231,0.618449677601916,21.574607847891105,240.0,0.6247085115181443,9453.584521206962,45663.53533798455,0.0,0.0,0.0,52.0,0.015,8420.013698630104,2948.0,1348.819999999998,20.475752935171005,4,41,41,14,0.4012251148545176,510300.SH|510500.SH|512100.SH|159915.SZ|510880.SH|518880.SH|159981.SZ|159985.SZ|513500.SH|159941.SZ|513090.SH|513130.SH|513530.SH|513200.SH|513310.SH|512010.SH|512070.SH|512800.SH|159851.SZ|512200.SH|512760.SH|515050.SH|159819.SZ|159869.SZ|562500.SH|512660.SH|159755.SZ|515790.SH|512400.SH|515210.SH|515220.SH|516150.SH|512690.SH|159996.SZ|159865.SZ|159766.SZ|159611.SZ|516970.SH|512980.SH|513520.SH|513030.SH,0.8743386362873236,-0.14190711462285177,-0.20075283595501592,-0.29138938768186484,0.12461579334202177,-0.2614461244673828,2.4688956958747146,-0.12533319616686045,1.0,0.5370086778968862,1.0,0.5370086778968862,0.9967078299091895,423.0
primary_leave_one__512070.SH,primary_leave_one,1,5.179382668335889,0.25313010910138845,0.22326785380618716,1.160828457075446,1.984307158613585,-0.38421547343610707,0.6588233077590577,21.61091935529161,242.0,0.6327602685074625,9592.296556396683,47247.11335568366,0.0,0.0,0.0,53.0,0.015,8080.726027397281,2948.0,1296.0099999999964,20.045431342521695,4,41,41,14,0.39509954058192953,510300.SH|510500.SH|512100.SH|159915.SZ|510880.SH|512040.SH|518880.SH|159981.SZ|159985.SZ|513500.SH|159941.SZ|513090.SH|513130.SH|513530.SH|513200.SH|513310.SH|512010.SH|512800.SH|159851.SZ|512200.SH|512760.SH|515050.SH|159819.SZ|159869.SZ|562500.SH|512660.SH|159755.SZ|515790.SH|512400.SH|515210.SH|515220.SH|516150.SH|512690.SH|159996.SZ|159865.SZ|159766.SZ|159611.SZ|516970.SH|512980.SH|513520.SH|513030.SH,0.8743386362873236,-0.14190711462285177,-0.2092395321564161,-0.2989152069048775,0.07824154726694887,-0.2398523201721896,2.8666603141393114,-0.16273993837945344,0.9780500255232262,0.5257784583971414,0.9780500255232262,0.5257784583971414,0.9803270894375428,416.0
primary_leave_one__512100.SH,primary_leave_one,1,4.597534441327946,0.23786981654227057,0.2155122342548742,1.1355905683021392,1.9611219577918506,-0.353121434480818,0.6736204413419485,20.87682843145274,229.0,0.6257479984182952,9272.356544178736,44737.518611091946,0.0,0.0,0.0,47.0,0.015,8396.383561643797,2948.0,1337.7300000000002,20.10515569167943,4,41,41,14,0.4002041858090863,510300.SH|510500.SH|159915.SZ|510880.SH|512040.SH|518880.SH|159981.SZ|159985.SZ|513500.SH|159941.SZ|513090.SH|513130.SH|513530.SH|513200.SH|513310.SH|512010.SH|512070.SH|512800.SH|159851.SZ|512200.SH|512760.SH|515050.SH|159819.SZ|159869.SZ|562500.SH|512660.SH|159755.SZ|515790.SH|512400.SH|515210.SH|515220.SH|516150.SH|512690.SH|159996.SZ|159865.SZ|159766.SZ|159611.SZ|516970.SH|512980.SH|513520.SH|513030.SH,0.8743386362873236,-0.14190711462285177,-0.14552058171371673,-0.24242321752967666,0.0049853754069435485,-0.2609665690674554,2.4776619897739756,-0.12533509042945068,0.9918325676365493,0.5334354262378764,0.9918325676365493,0.5334354262378764,0.9840598612599011,417.0
primary_leave_one__512200.SH,primary_leave_one,1,4.807364889364801,0.2435267912701533,0.2165801095571849,1.1529528731406633,1.9814722245908245,-0.34892007761889343,0.6979443342212726,21.059081203121863,234.0,0.6246675154003943,9428.272454905104,45869.183837170596,0.0,0.0,0.0,51.0,0.015,8470.726027397266,2948.0,1356.0499999999963,20.045431342521695,4,41,41,14,0.3956100051046452,510300.SH|510500.SH|512100.SH|159915.SZ|510880.SH|512040.SH|518880.SH|159981.SZ|159985.SZ|513500.SH|159941.SZ|513090.SH|513130.SH|513530.SH|513200.SH|513310.SH|512010.SH|512070.SH|512800.SH|159851.SZ|512760.SH|515050.SH|159819.SZ|159869.SZ|562500.SH|512660.SH|159755.SZ|515790.SH|512400.SH|515210.SH|515220.SH|516150.SH|512690.SH|159996.SZ|159865.SZ|159766.SZ|159611.SZ|516970.SH|512980.SH|513520.SH|513030.SH,0.8743386362873236,-0.14190711462285177,-0.16852381591609278,-0.2620080171612946,0.07359467527888608,-0.23564186674822485,2.4708903497502472,-0.12533485933926714,0.9923430321592649,0.5364982133741705,0.9923430321592649,0.5364982133741705,0.9803270894375428,416.0
primary_leave_one__512400.SH,primary_leave_one,1,4.070350969000305,0.22279171922054442,0.21799315242676237,1.0667241846140212,1.833256119596532,-0.3423114402564603,0.6508450873088801,20.81214900697172,229.0,0.6329175759732061,9191.761399896695,44086.37299337448,0.0,0.0,0.0,48.0,0.015,7899.821917808204,2948.0,1250.9299999999994,19.981623277182237,4,41,41,14,0.39714139867279225,510300.SH|510500.SH|512100.SH|159915.SZ|510880.SH|512040.SH|518880.SH|159981.SZ|159985.SZ|513500.SH|159941.SZ|513090.SH|513130.SH|513530.SH|513200.SH|513310.SH|512010.SH|512070.SH|512800.SH|159851.SZ|512200.SH|512760.SH|515050.SH|159819.SZ|159869.SZ|562500.SH|512660.SH|159755.SZ|515790.SH|515210.SH|515220.SH|516150.SH|512690.SH|159996.SZ|159865.SZ|159766.SZ|159611.SZ|516970.SH|512980.SH|513520.SH|513030.SH,0.8743386362873236,-0.14190711462285177,-0.12767844773836945,-0.2298401828615999,-0.09103287233659263,-0.26093328979782915,2.411655608204106,-0.12532896684453565,0.9402756508422665,0.5181214905564063,0.9402756508422665,0.5181214905564063,0.9750097506592544,415.0
primary_leave_one__512660.SH,primary_leave_one,1,4.247567041033785,0.228007551009755,0.20879579196637227,1.1256217261800217,1.921128464428552,-0.31958764829999087,0.7134429388075995,19.518225767157702,213.0,0.6183014682582266,8286.943340252492,41179.63185721098,0.0,0.0,0.0,41.0,0.015,8149.520547945263,2948.0,1302.9199999999967,19.85706993363961,4,41,41,14,0.3991832567636549,510300.SH|510500.SH|512100.SH|159915.SZ|510880.SH|512040.SH|518880.SH|159981.SZ|159985.SZ|513500.SH|159941.SZ|513090.SH|513130.SH|513530.SH|513200.SH|513310.SH|512010.SH|512070.SH|512800.SH|159851.SZ|512200.SH|512760.SH|515050.SH|159819.SZ|159869.SZ|562500.SH|159755.SZ|515790.SH|512400.SH|515210.SH|515220.SH|516150.SH|512690.SH|159996.SZ|159865.SZ|159766.SZ|159611.SZ|516970.SH|512980.SH|513520.SH|513030.SH,0.6755632560086471,-0.14190711462285177,-0.06833229678719333,-0.18242347610074816,0.005328677022114592,-0.2612312805196466,2.3437057805740906,-0.1253284812954789,0.930066360387953,0.5211842776927004,0.930066360387953,0.5211842776927004,0.9582920375403162,413.0
primary_leave_one__512690.SH,primary_leave_one,1,3.162263400971863,0.19325543157311698,0.21752082715364476,0.9518158832083327,1.6142932739619615,-0.47999587129339005,0.4026189455596225,20.85229452438758,222.0,0.6316946588184144,7839.995892940991,37901.85569892347,0.0,0.0,0.0,42.0,0.015,7134.328767123287,2948.0,1144.6499999999987,19.981623277182237,4,41,41,14,0.39356814701378257,510300.SH|510500.SH|512100.SH|159915.SZ|510880.SH|512040.SH|518880.SH|159981.SZ|159985.SZ|513500.SH|159941.SZ|513090.SH|513130.SH|513530.SH|513200.SH|513310.SH|512010.SH|512070.SH|512800.SH|159851.SZ|512200.SH|512760.SH|515050.SH|159819.SZ|159869.SZ|562500.SH|512660.SH|159755.SZ|515790.SH|512400.SH|515210.SH|515220.SH|516150.SH|159996.SZ|159865.SZ|159766.SZ|159611.SZ|516970.SH|512980.SH|513520.SH|513030.SH,0.8743386362873236,-0.14190711462285177,-0.3020304819117635,-0.379531422460506,-0.1023242473461029,-0.2634281385855992,2.5442598240471233,-0.1253346750341513,0.9157733537519143,0.50944359367024,0.9157733537519143,0.50944359367024,0.9750097506592544,415.0
primary_leave_one__512760.SH,primary_leave_one,1,3.7128226052651367,0.2117635452625497,0.21893022967836895,1.0202323329984038,1.7217133252024985,-0.3691504911576873,0.5736509914924974,21.263761802870306,235.0,0.6275721364099656,9119.12613415819,44142.5171626979,0.0,0.0,0.0,51.0,0.015,8022.000000000001,2948.0,1277.3799999999987,19.981623277182237,4,41,41,14,0.3961204696273609,510300.SH|510500.SH|512100.SH|159915.SZ|510880.SH|512040.SH|518880.SH|159981.SZ|159985.SZ|513500.SH|159941.SZ|513090.SH|513130.SH|513530.SH|513200.SH|513310.SH|512010.SH|512070.SH|512800.SH|159851.SZ|512200.SH|515050.SH|159819.SZ|159869.SZ|562500.SH|512660.SH|159755.SZ|515790.SH|512400.SH|515210.SH|515220.SH|516150.SH|512690.SH|159996.SZ|159865.SZ|159766.SZ|159611.SZ|516970.SH|512980.SH|513520.SH|513030.SH,0.8743386362873236,-0.14190711462285177,-0.16360239464776083,-0.2578641163591143,-0.020798604371531915,-0.26425309503838856,2.0700696674426515,-0.20690677861129536,0.9872383869321082,0.5359877488514548,0.9872383869321082,0.5359877488514548,0.9750097506592544,415.0
primary_leave_one__512800.SH,primary_leave_one,1,3.0997257130129237,0.19101936657440333,0.21574218267929135,0.9489901135341774,1.5961259938476315,-0.3626089677781352,0.5267916227909726,21.61651864811593,233.0,0.6138233433091448,9259.040314681419,43898.11147697028,0.0,0.0,0.0,46.0,0.015,8233.150684931508,2948.0,1306.07,19.797345584481878,4,41,41,13,0.38437978560490044,510300.SH|510500.SH|512100.SH|159915.SZ|510880.SH|512040.SH|518880.SH|159981.SZ|159985.SZ|513500.SH|159941.SZ|513090.SH|513130.SH|513530.SH|513200.SH|513310.SH|512010.SH|512070.SH|159851.SZ|512200.SH|512760.SH|515050.SH|159819.SZ|159869.SZ|562500.SH|512660.SH|159755.SZ|515790.SH|512400.SH|515210.SH|515220.SH|516150.SH|512690.SH|159996.SZ|159865.SZ|159766.SZ|159611.SZ|516970.SH|512980.SH|513520.SH|513030.SH,0.9129774301151632,-0.14190711462285177,-0.11530539105861759,-0.24293666451716767,-0.02861014224322611,-0.2606555866902852,1.493779267994928,-0.23829607848505818,0.8820826952526799,0.46401225114854516,0.8820826952526799,0.46401225114854516,0.9463471677087695,412.0
primary_leave_one__512980.SH,primary_leave_one,1,4.982764930313223,0.24811974248540425,0.22270654778864316,1.1443339075355898,1.9852956710831386,-0.3240627731486243,0.7656533333793621,20.87721313786463,230.0,0.6512580545805073,9581.493577438445,46298.57423168781,0.0,0.0,0.0,48.0,0.015,8084.17808219178,2948.0,1292.5000000000034,20.045431342521695,4,41,41,14,0.40428790199081166,510300.SH|510500.SH|512100.SH|159915.SZ|510880.SH|512040.SH|518880.SH|159981.SZ|159985.SZ|513500.SH|159941.SZ|513090.SH|513130.SH|513530.SH|513200.SH|513310.SH|512010.SH|512070.SH|512800.SH|159851.SZ|512200.SH|512760.SH|515050.SH|159819.SZ|159869.SZ|562500.SH|512660.SH|159755.SZ|515790.SH|512400.SH|515210.SH|515220.SH|516150.SH|512690.SH|159996.SZ|159865.SZ|159766.SZ|159611.SZ|516970.SH|513520.SH|513030.SH,0.8743386362873236,-0.14190711462285177,-0.0926510973170368,-0.24741506441168448,0.002098359227355129,-0.25175831385740066,2.5105018993674744,-0.125333732651701,0.9448698315467075,0.5283307810107197,0.9448698315467075,0.5283307810107197,0.9803270894375428,416.0
primary_leave_one__513030.SH,primary_leave_one,1,4.918444504619462,0.24644934334755364,0.21636880217667667,1.1651026083232365,2.0167285947862497,-0.3953452657192231,0.6233774999156905,21.5745833050905,240.0,0.624193213820301,9468.606137095125,45723.62186995265,0.0,0.0,0.0,52.0,0.015,8456.219178082145,2948.0,1355.8199999999963,20.475752935171005,4,41,41,14,0.4012251148545176,510300.SH|510500.SH|512100.SH|159915.SZ|510880.SH|512040.SH|518880.SH|159981.SZ|159985.SZ|513500.SH|159941.SZ|513090.SH|513130.SH|513530.SH|513200.SH|513310.SH|512010.SH|512070.SH|512800.SH|159851.SZ|512200.SH|512760.SH|515050.SH|159819.SZ|159869.SZ|562500.SH|512660.SH|159755.SZ|515790.SH|512400.SH|515210.SH|515220.SH|516150.SH|512690.SH|159996.SZ|159865.SZ|159766.SZ|159611.SZ|516970.SH|512980.SH|513520.SH,0.8743386362873236,-0.14190711462285177,-0.20075283595501592,-0.29138938768186484,0.12461579334202177,-0.2614461244673828,2.512968374797289,-0.12533319616686045,0.9994895354772844,0.5375191424196019,0.9994895354772844,0.5375191424196019,0.9967078299091895,423.0
primary_leave_one__513090.SH,primary_leave_one,1,4.551762247115032,0.23661117074871485,0.21651620659706802,1.1264678468141347,1.9329007468492787,-0.37257127432932136,0.6350762580251172,21.611164564976068,242.0,0.6315972978569482,9468.51816560058,45961.50115227519,0.0,0.0,0.0,54.0,0.015,8166.164383561647,2948.0,1311.1800000000023,20.10515569167943,4,41,41,14,0.40428790199081166,510300.SH|510500.SH|512100.SH|159915.SZ|510880.SH|512040.SH|518880.SH|159981.SZ|159985.SZ|513500.SH|159941.SZ|513130.SH|513530.SH|513200.SH|513310.SH|512010.SH|512070.SH|512800.SH|159851.SZ|512200.SH|512760.SH|515050.SH|159819.SZ|159869.SZ|562500.SH|512660.SH|159755.SZ|515790.SH|512400.SH|515210.SH|515220.SH|516150.SH|512690.SH|159996.SZ|159865.SZ|159766.SZ|159611.SZ|516970.SH|512980.SH|513520.SH|513030.SH,0.8743386362873236,-0.14190711462285177,-0.20075283595501592,-0.29138938768186484,0.08325690074748349,-0.26121153435376765,2.4211351690161234,-0.12533915896435877,0.9867279224093926,0.5303726391015824,0.9867279224093926,0.5303726391015824,0.9840598612599011,417.0
primary_leave_one__513130.SH,primary_leave_one,1,5.528510661787564,0.2616923770723292,0.21960212905883486,1.2085222018670458,2.11069592330666,-0.3007004877697409,0.8702758649088661,21.110992458381784,244.0,0.6261319620793618,9925.174755456965,47961.63642987547,0.0,0.0,0.0,60.0,0.015,8795.013698630106,2948.0,1411.0000000000043,20.229198570699335,4,41,41,14,0.4032669729453803,510300.SH|510500.SH|512100.SH|159915.SZ|510880.SH|512040.SH|518880.SH|159981.SZ|159985.SZ|513500.SH|159941.SZ|513090.SH|513530.SH|513200.SH|513310.SH|512010.SH|512070.SH|512800.SH|159851.SZ|512200.SH|512760.SH|515050.SH|159819.SZ|159869.SZ|562500.SH|512660.SH|159755.SZ|515790.SH|512400.SH|515210.SH|515220.SH|516150.SH|512690.SH|159996.SZ|159865.SZ|159766.SZ|159611.SZ|516970.SH|512980.SH|513520.SH|513030.SH,0.8743386362873236,-0.14190711462285177,-0.20075283595501592,-0.29138938768186484,0.24968411263065637,-0.13661942342130962,2.4872630456151734,-0.1253424562575527,0.9857069933639612,0.5370086778968862,0.9857069933639612,0.5370086778968862,0.9897172455044082,419.0
primary_leave_one__513200.SH,primary_leave_one,1,2.5670107155191157,0.17065565661604953,0.21255648762424326,0.8757143091229241,1.4725406439528248,-0.42853725202743886,0.3982282889262626,21.619810655607097,230.0,0.6157617281821471,8575.819050215872,40369.48923727154,0.0,0.0,0.0,42.0,0.015,7664.301369863025,2948.0,1219.8499999999997,20.352220520673814,4,41,41,14,0.40275650842266464,510300.SH|510500.SH|512100.SH|159915.SZ|510880.SH|512040.SH|518880.SH|159981.SZ|159985.SZ|513500.SH|159941.SZ|513090.SH|513130.SH|513530.SH|513310.SH|512010.SH|512070.SH|512800.SH|159851.SZ|512200.SH|512760.SH|515050.SH|159819.SZ|159869.SZ|562500.SH|512660.SH|159755.SZ|515790.SH|512400.SH|515210.SH|515220.SH|516150.SH|512690.SH|159996.SZ|159865.SZ|159766.SZ|159611.SZ|516970.SH|512980.SH|513520.SH|513030.SH,0.8743386362873236,-0.14190711462285177,-0.20075283595501592,-0.29138938768186484,0.005792724218218748,-0.2614461244673828,1.367373396335104,-0.23022517175979462,0.9647779479326187,0.5038284839203675,0.9647779479326187,0.5038284839203675,0.9934518940345707,421.0
primary_leave_one__513310.SH,primary_leave_one,1,2.9945769280267323,0.1871914543319757,0.20410872698504387,0.9746529697510876,1.6621618666055558,-0.3953452657192231,0.47348854422584724,22.504284408969816,250.0,0.6207423259483277,10101.827556838109,49160.69756760117,0.0,0.0,0.0,55.0,0.015,8570.835616438302,2948.0,1372.9500000000025,20.416028586013272,4,41,41,14,0.40837161817253703,510300.SH|510500.SH|512100.SH|159915.SZ|510880.SH|512040.SH|518880.SH|159981.SZ|159985.SZ|513500.SH|159941.SZ|513090.SH|513130.SH|513530.SH|513200.SH|512010.SH|512070.SH|512800.SH|159851.SZ|512200.SH|512760.SH|515050.SH|159819.SZ|159869.SZ|562500.SH|512660.SH|159755.SZ|515790.SH|512400.SH|515210.SH|515220.SH|516150.SH|512690.SH|159996.SZ|159865.SZ|159766.SZ|159611.SZ|516970.SH|512980.SH|513520.SH|513030.SH,0.8743386362873236,-0.14190711462285177,-0.20075283595501592,-0.29138938768186484,0.12461579334202177,-0.2614461244673828,1.371032187241077,-0.12533230360464265,0.958141909137315,0.49821337417049516,0.958141909137315,0.49821337417049516,0.9951764363410425,422.0
primary_leave_one__513500.SH,primary_leave_one,1,5.141057780651529,0.25216455281742745,0.2240637282825787,1.153959254761037,1.961461652446764,-0.2917533258034021,0.8643073806375338,21.643687074473306,209.0,0.6142561138436725,9528.016339106522,43077.26913141132,0.0,0.0,0.0,25.0,0.015,8460.246575342491,2948.0,1349.6300000000056,19.85706993363961,4,41,41,14,0.40377743746809597,510300.SH|510500.SH|512100.SH|159915.SZ|510880.SH|512040.SH|518880.SH|159981.SZ|159985.SZ|159941.SZ|513090.SH|513130.SH|513530.SH|513200.SH|513310.SH|512010.SH|512070.SH|512800.SH|159851.SZ|512200.SH|512760.SH|515050.SH|159819.SZ|159869.SZ|562500.SH|512660.SH|159755.SZ|515790.SH|512400.SH|515210.SH|515220.SH|516150.SH|512690.SH|159996.SZ|159865.SZ|159766.SZ|159611.SZ|516970.SH|512980.SH|513520.SH|513030.SH,0.8338475803332024,-0.14190711462285177,-0.1529993476365965,-0.24576908310195922,0.028554337212736147,-0.2277635660711419,2.843872398563168,-0.16277171356023135,0.8764675855028076,0.5206738131699847,0.8764675855028076,0.5206738131699847,0.9582920375403162,413.0
primary_leave_one__513520.SH,primary_leave_one,1,4.930572882637472,0.2467655296061022,0.21636096115413916,1.166355441895636,2.0187685392852504,-0.3953452657192231,0.6241772723828612,21.574537723720642,240.0,0.6236783004375168,9471.051996328468,45733.405217303014,0.0,0.0,0.0,52.0,0.015,8475.246575342424,2948.0,1360.1700000000035,20.416028586013272,4,41,41,14,0.3961204696273609,510300.SH|510500.SH|512100.SH|159915.SZ|510880.SH|512040.SH|518880.SH|159981.SZ|159985.SZ|513500.SH|159941.SZ|513090.SH|513130.SH|513530.SH|513200.SH|513310.SH|512010.SH|512070.SH|512800.SH|159851.SZ|512200.SH|512760.SH|515050.SH|159819.SZ|159869.SZ|562500.SH|512660.SH|159755.SZ|515790.SH|512400.SH|515210.SH|515220.SH|516150.SH|512690.SH|159996.SZ|159865.SZ|159766.SZ|159611.SZ|516970.SH|512980.SH|513030.SH,0.8743386362873236,-0.14190711462285177,-0.20075283595501592,-0.29138938768186484,0.12461579334202177,-0.2614461244673828,2.5201673285733364,-0.12533319616686045,0.9989790709545686,0.5380296069423175,0.9989790709545686,0.5380296069423175,0.9951764363410425,422.0
primary_leave_one__513530.SH,primary_leave_one,1,4.610634330103849,0.23822837811992836,0.21563530988023957,1.1364681378674106,1.9597578987392894,-0.3953452657192231,0.6025831058999446,21.5754957273294,238.0,0.6237990005003975,9382.868514435802,45363.055060440274,0.0,0.0,0.0,51.0,0.015,8359.684931506798,2948.0,1337.9900000000005,20.475752935171005,4,41,41,14,0.4017355793772333,510300.SH|510500.SH|512100.SH|159915.SZ|510880.SH|512040.SH|518880.SH|159981.SZ|159985.SZ|513500.SH|159941.SZ|513090.SH|513130.SH|513200.SH|513310.SH|512010.SH|512070.SH|512800.SH|159851.SZ|512200.SH|512760.SH|515050.SH|159819.SZ|159869.SZ|562500.SH|512660.SH|159755.SZ|515790.SH|512400.SH|515210.SH|515220.SH|516150.SH|512690.SH|159996.SZ|159865.SZ|159766.SZ|159611.SZ|516970.SH|512980.SH|513520.SH|513030.SH,0.8743386362873236,-0.14190711462285177,-0.20075283595501592,-0.29138938768186484,0.12461579334202177,-0.2614461244673828,2.3302637118288034,-0.12532838379081435,0.9974476773864216,0.5344563552833078,0.9974476773864216,0.5344563552833078,0.9967078299091895,423.0
primary_leave_one__515050.SH,primary_leave_one,1,1.384360083113207,0.11366725316673887,0.17196030932671352,0.7359868823212985,1.1944119239194302,-0.29699067682299485,0.38273003847351095,20.6318495261506,220.0,0.5855920070064135,8737.207333509861,42574.91170207145,0.0,0.0,0.0,41.0,0.015,8787.821917808255,2948.0,1397.1299999999972,20.045431342521695,4,41,41,14,0.4032669729453803,510300.SH|510500.SH|512100.SH|159915.SZ|510880.SH|512040.SH|518880.SH|159981.SZ|159985.SZ|513500.SH|159941.SZ|513090.SH|513130.SH|513530.SH|513200.SH|513310.SH|512010.SH|512070.SH|512800.SH|159851.SZ|512200.SH|512760.SH|159819.SZ|159869.SZ|562500.SH|512660.SH|159755.SZ|515790.SH|512400.SH|515210.SH|515220.SH|516150.SH|512690.SH|159996.SZ|159865.SZ|159766.SZ|159611.SZ|516970.SH|512980.SH|513520.SH|513030.SH,0.8743386362873236,-0.14190711462285177,-0.12495085399452821,-0.22973663138243594,0.02193004281905342,-0.21019370749787658,0.42255862473830486,-0.09943415276028489,0.8943338437978561,0.45788667687595713,0.8943338437978561,0.45788667687595713,0.9803270894375428,416.0
primary_leave_one__515210.SH,primary_leave_one,1,4.257546375458646,0.22829664952169382,0.2149652072642979,1.1004235441927066,1.8919751546929262,-0.3953452657192231,0.5774614477964475,21.36975994451739,232.0,0.6239176999923086,9123.228335574116,43668.24030424474,0.0,0.0,0.0,46.0,0.015,8170.520547945221,2948.0,1301.5700000000031,20.10515569167943,4,41,41,14,0.3991832567636549,510300.SH|510500.SH|512100.SH|159915.SZ|510880.SH|512040.SH|518880.SH|159981.SZ|159985.SZ|513500.SH|159941.SZ|513090.SH|513130.SH|513530.SH|513200.SH|513310.SH|512010.SH|512070.SH|512800.SH|159851.SZ|512200.SH|512760.SH|515050.SH|159819.SZ|159869.SZ|562500.SH|512660.SH|159755.SZ|515790.SH|512400.SH|515220.SH|516150.SH|512690.SH|159996.SZ|159865.SZ|159766.SZ|159611.SZ|516970.SH|512980.SH|513520.SH|513030.SH,0.8743386362873236,-0.14190711462285177,-0.20075283595501592,-0.29138938768186484,0.005792724218218748,-0.2614461244673828,2.489357451354745,-0.12532867120639468,0.9989790709545686,0.5380296069423175,0.9989790709545686,0.5380296069423175,0.9840598612599011,417.0
primary_leave_one__515220.SH,primary_leave_one,1,2.6572007790943957,0.17428296671367383,0.19951026515875922,0.9356132660210529,1.5763410171296268,-0.37062447698972156,0.47024138321686504,21.817922519456122,230.0,0.612148681145103,9510.266510197644,46133.424691606175,0.0,0.0,0.0,44.0,0.015,8695.109589041089,2948.0,1389.4699999999996,20.10515569167943,4,41,41,14,0.4058192955589586,510300.SH|510500.SH|512100.SH|159915.SZ|510880.SH|512040.SH|518880.SH|159981.SZ|159985.SZ|513500.SH|159941.SZ|513090.SH|513130.SH|513530.SH|513200.SH|513310.SH|512010.SH|512070.SH|512800.SH|159851.SZ|512200.SH|512760.SH|515050.SH|159819.SZ|159869.SZ|562500.SH|512660.SH|159755.SZ|515790.SH|512400.SH|515210.SH|516150.SH|512690.SH|159996.SZ|159865.SZ|159766.SZ|159611.SZ|516970.SH|512980.SH|513520.SH|513030.SH,0.8743386362873236,-0.14190711462285177,-0.16839291918224786,-0.2627007139024341,-0.018527438601058543,-0.26122052344419644,1.390586181828628,-0.12534072714007205,0.9377233282286881,0.5017866258295048,0.9377233282286881,0.5017866258295048,0.9840598612599011,417.0
primary_leave_one__515790.SH,primary_leave_one,1,4.345346156975037,0.2308196693719453,0.21590738143265326,1.106432267152319,1.9055310762635032,-0.3953452657192231,0.5838432615400914,21.616999340911224,237.0,0.6329215748106368,9349.395176312462,44591.80765139577,0.0,0.0,0.0,48.0,0.015,7869.369863013686,2948.0,1246.2100000000025,20.168963757018886,4,41,41,14,0.4002041858090863,510300.SH|510500.SH|512100.SH|159915.SZ|510880.SH|512040.SH|518880.SH|159981.SZ|159985.SZ|513500.SH|159941.SZ|513090.SH|513130.SH|513530.SH|513200.SH|513310.SH|512010.SH|512070.SH|512800.SH|159851.SZ|512200.SH|512760.SH|515050.SH|159819.SZ|159869.SZ|562500.SH|512660.SH|159755.SZ|512400.SH|515210.SH|515220.SH|516150.SH|512690.SH|159996.SZ|159865.SZ|159766.SZ|159611.SZ|516970.SH|512980.SH|513520.SH|513030.SH,0.8743386362873236,-0.14190711462285177,-0.20075283595501592,-0.29138938768186484,0.005792724218218748,-0.2614461244673828,2.5476288958619393,-0.12532867120639468,0.9897907095456866,0.5288412455334355,0.9897907095456866,0.5288412455334355,0.9870983405617799,418.0
primary_leave_one__516020.SH,primary_leave_one,1,4.844193422188861,0.2445011521254974,0.2164155828396098,1.157385977255859,2.0034257134764224,-0.3953452657192231,0.618449677601916,21.574607847891105,240.0,0.6247085115181443,9453.584521206962,45663.53533798455,0.0,0.0,0.0,52.0,0.015,8420.013698630104,2948.0,1348.819999999998,20.609494640122513,4,42,42,14,0.4012251148545176,510300.SH|510500.SH|512100.SH|159915.SZ|510880.SH|512040.SH|518880.SH|159981.SZ|159985.SZ|513500.SH|159941.SZ|513090.SH|513130.SH|513530.SH|513200.SH|513310.SH|512010.SH|512070.SH|512800.SH|159851.SZ|512200.SH|512760.SH|515050.SH|159819.SZ|159869.SZ|562500.SH|512660.SH|159755.SZ|515790.SH|512400.SH|515210.SH|515220.SH|516150.SH|512690.SH|159996.SZ|159865.SZ|159766.SZ|159611.SZ|516970.SH|512980.SH|513520.SH|513030.SH,0.8743386362873236,-0.14190711462285177,-0.20075283595501592,-0.29138938768186484,0.12461579334202177,-0.2614461244673828,2.4688956958747146,-0.12533319616686045,1.0,0.5370086778968862,1.0,0.5370086778968862,1.0,427.0
primary_leave_one__516150.SH,primary_leave_one,1,4.257546375458646,0.22829664952169382,0.2149652072642979,1.1004235441927066,1.8919751546929262,-0.3953452657192231,0.5774614477964475,21.36975994451739,232.0,0.6239176999923086,9123.228335574116,43668.24030424474,0.0,0.0,0.0,46.0,0.015,8170.520547945221,2948.0,1301.5700000000031,20.229198570699335,4,41,41,14,0.40275650842266464,510300.SH|510500.SH|512100.SH|159915.SZ|510880.SH|512040.SH|518880.SH|159981.SZ|159985.SZ|513500.SH|159941.SZ|513090.SH|513130.SH|513530.SH|513200.SH|513310.SH|512010.SH|512070.SH|512800.SH|159851.SZ|512200.SH|512760.SH|515050.SH|159819.SZ|159869.SZ|562500.SH|512660.SH|159755.SZ|515790.SH|512400.SH|515210.SH|515220.SH|512690.SH|159996.SZ|159865.SZ|159766.SZ|159611.SZ|516970.SH|512980.SH|513520.SH|513030.SH,0.8743386362873236,-0.14190711462285177,-0.20075283595501592,-0.29138938768186484,0.005792724218218748,-0.2614461244673828,2.489357451354745,-0.12532867120639468,0.9989790709545686,0.5380296069423175,0.9989790709545686,0.5380296069423175,0.9897172455044082,419.0
primary_leave_one__516970.SH,primary_leave_one,1,4.257546375458646,0.22829664952169382,0.2149652072642979,1.1004235441927066,1.8919751546929262,-0.3953452657192231,0.5774614477964475,21.36975994451739,232.0,0.6239176999923086,9123.228335574116,43668.24030424474,0.0,0.0,0.0,46.0,0.015,8170.520547945221,2948.0,1301.5700000000031,20.229198570699335,4,41,41,14,0.3991832567636549,510300.SH|510500.SH|512100.SH|159915.SZ|510880.SH|512040.SH|518880.SH|159981.SZ|159985.SZ|513500.SH|159941.SZ|513090.SH|513130.SH|513530.SH|513200.SH|513310.SH|512010.SH|512070.SH|512800.SH|159851.SZ|512200.SH|512760.SH|515050.SH|159819.SZ|159869.SZ|562500.SH|512660.SH|159755.SZ|515790.SH|512400.SH|515210.SH|515220.SH|516150.SH|512690.SH|159996.SZ|159865.SZ|159766.SZ|159611.SZ|512980.SH|513520.SH|513030.SH,0.8743386362873236,-0.14190711462285177,-0.20075283595501592,-0.29138938768186484,0.005792724218218748,-0.2614461244673828,2.489357451354745,-0.12532867120639468,0.9989790709545686,0.5380296069423175,0.9989790709545686,0.5380296069423175,0.9897172455044082,419.0
primary_leave_one__518880.SH,primary_leave_one,1,3.088660513202414,0.1906206171583762,0.23274566511636077,0.8939414081190852,1.5578301111810942,-0.47887766294816725,0.39805702355135447,20.15621245149629,208.0,0.5606160246875163,7082.370920408498,35279.67960007488,0.0,0.0,0.0,35.0,0.015,7687.972602739736,2948.0,1232.9000000000062,19.609494640122513,3,41,42,14,0.31955079122001023,510300.SH|510500.SH|512100.SH|159915.SZ|510880.SH|512040.SH|159981.SZ|159985.SZ|513500.SH|159941.SZ|513090.SH|513130.SH|513530.SH|513200.SH|513310.SH|512010.SH|512070.SH|512800.SH|159851.SZ|512200.SH|512760.SH|515050.SH|159819.SZ|159869.SZ|562500.SH|512660.SH|159755.SZ|515790.SH|512400.SH|515210.SH|515220.SH|516150.SH|512690.SH|159996.SZ|159865.SZ|159766.SZ|159611.SZ|516970.SH|512980.SH|513520.SH|513030.SH,0.5748245641536991,-0.11145109419944399,-0.2774579241662396,-0.3947120981660527,0.30855455320765635,-0.3197634490745529,1.7459580377745962,-0.20684659477960887,0.7585502807554875,0.5375191424196019,0.7585502807554875,0.5375191424196019,0.8993844316189277,407.0
primary_leave_one__560280.SH,primary_leave_one,1,4.844193422188861,0.2445011521254974,0.2164155828396098,1.157385977255859,2.0034257134764224,-0.3953452657192231,0.618449677601916,21.574607847891105,240.0,0.6247085115181443,9453.584521206962,45663.53533798455,0.0,0.0,0.0,52.0,0.015,8420.013698630104,2948.0,1348.819999999998,20.609494640122513,4,42,42,14,0.4012251148545176,510300.SH|510500.SH|512100.SH|159915.SZ|510880.SH|512040.SH|518880.SH|159981.SZ|159985.SZ|513500.SH|159941.SZ|513090.SH|513130.SH|513530.SH|513200.SH|513310.SH|512010.SH|512070.SH|512800.SH|159851.SZ|512200.SH|512760.SH|515050.SH|159819.SZ|159869.SZ|562500.SH|512660.SH|159755.SZ|515790.SH|512400.SH|515210.SH|515220.SH|516150.SH|512690.SH|159996.SZ|159865.SZ|159766.SZ|159611.SZ|516970.SH|512980.SH|513520.SH|513030.SH,0.8743386362873236,-0.14190711462285177,-0.20075283595501592,-0.29138938768186484,0.12461579334202177,-0.2614461244673828,2.4688956958747146,-0.12533319616686045,1.0,0.5370086778968862,1.0,0.5370086778968862,1.0,427.0
primary_leave_one__561360.SH,primary_leave_one,1,4.844193422188861,0.2445011521254974,0.2164155828396098,1.157385977255859,2.0034257134764224,-0.3953452657192231,0.618449677601916,21.574607847891105,240.0,0.6247085115181443,9453.584521206962,45663.53533798455,0.0,0.0,0.0,52.0,0.015,8420.013698630104,2948.0,1348.819999999998,20.609494640122513,4,42,42,14,0.4012251148545176,510300.SH|510500.SH|512100.SH|159915.SZ|510880.SH|512040.SH|518880.SH|159981.SZ|159985.SZ|513500.SH|159941.SZ|513090.SH|513130.SH|513530.SH|513200.SH|513310.SH|512010.SH|512070.SH|512800.SH|159851.SZ|512200.SH|512760.SH|515050.SH|159819.SZ|159869.SZ|562500.SH|512660.SH|159755.SZ|515790.SH|512400.SH|515210.SH|515220.SH|516150.SH|512690.SH|159996.SZ|159865.SZ|159766.SZ|159611.SZ|516970.SH|512980.SH|513520.SH|513030.SH,0.8743386362873236,-0.14190711462285177,-0.20075283595501592,-0.29138938768186484,0.12461579334202177,-0.2614461244673828,2.4688956958747146,-0.12533319616686045,1.0,0.5370086778968862,1.0,0.5370086778968862,1.0,427.0
primary_leave_one__561380.SH,primary_leave_one,1,4.844193422188861,0.2445011521254974,0.2164155828396098,1.157385977255859,2.0034257134764224,-0.3953452657192231,0.618449677601916,21.574607847891105,240.0,0.6247085115181443,9453.584521206962,45663.53533798455,0.0,0.0,0.0,52.0,0.015,8420.013698630104,2948.0,1348.819999999998,20.609494640122513,4,42,42,14,0.4012251148545176,510300.SH|510500.SH|512100.SH|159915.SZ|510880.SH|512040.SH|518880.SH|159981.SZ|159985.SZ|513500.SH|159941.SZ|513090.SH|513130.SH|513530.SH|513200.SH|513310.SH|512010.SH|512070.SH|512800.SH|159851.SZ|512200.SH|512760.SH|515050.SH|159819.SZ|159869.SZ|562500.SH|512660.SH|159755.SZ|515790.SH|512400.SH|515210.SH|515220.SH|516150.SH|512690.SH|159996.SZ|159865.SZ|159766.SZ|159611.SZ|516970.SH|512980.SH|513520.SH|513030.SH,0.8743386362873236,-0.14190711462285177,-0.20075283595501592,-0.29138938768186484,0.12461579334202177,-0.2614461244673828,2.4688956958747146,-0.12533319616686045,1.0,0.5370086778968862,1.0,0.5370086778968862,1.0,427.0
primary_leave_one__562500.SH,primary_leave_one,1,4.318922328720752,0.23006419557310775,0.2150673152124334,1.1069501459859785,1.9040055675517158,-0.3953452657192231,0.5819323399625604,21.370442616509607,233.0,0.6244362449977022,9151.151354540245,43791.32512195586,0.0,0.0,0.0,47.0,0.015,8187.945205479441,2948.0,1303.8900000000049,20.352220520673814,4,41,41,14,0.4012251148545176,510300.SH|510500.SH|512100.SH|159915.SZ|510880.SH|512040.SH|518880.SH|159981.SZ|159985.SZ|513500.SH|159941.SZ|513090.SH|513130.SH|513530.SH|513200.SH|513310.SH|512010.SH|512070.SH|512800.SH|159851.SZ|512200.SH|512760.SH|515050.SH|159819.SZ|159869.SZ|512660.SH|159755.SZ|515790.SH|512400.SH|515210.SH|515220.SH|516150.SH|512690.SH|159996.SZ|159865.SZ|159766.SZ|159611.SZ|516970.SH|512980.SH|513520.SH|513030.SH,0.8743386362873236,-0.14190711462285177,-0.20075283595501592,-0.29138938768186484,0.005792724218218748,-0.2614461244673828,2.5300917834091057,-0.1253366167359652,0.998468606431853,0.5385400714650331,0.998468606431853,0.5385400714650331,0.9934518940345707,421.0
primary_leave_one__562600.SH,primary_leave_one,1,4.844193422188861,0.2445011521254974,0.2164155828396098,1.157385977255859,2.0034257134764224,-0.3953452657192231,0.618449677601916,21.574607847891105,240.0,0.6247085115181443,9453.584521206962,45663.53533798455,0.0,0.0,0.0,52.0,0.015,8420.013698630104,2948.0,1348.819999999998,20.609494640122513,4,42,42,14,0.4012251148545176,510300.SH|510500.SH|512100.SH|159915.SZ|510880.SH|512040.SH|518880.SH|159981.SZ|159985.SZ|513500.SH|159941.SZ|513090.SH|513130.SH|513530.SH|513200.SH|513310.SH|512010.SH|512070.SH|512800.SH|159851.SZ|512200.SH|512760.SH|515050.SH|159819.SZ|159869.SZ|562500.SH|512660.SH|159755.SZ|515790.SH|512400.SH|515210.SH|515220.SH|516150.SH|512690.SH|159996.SZ|159865.SZ|159766.SZ|159611.SZ|516970.SH|512980.SH|513520.SH|513030.SH,0.8743386362873236,-0.14190711462285177,-0.20075283595501592,-0.29138938768186484,0.12461579334202177,-0.2614461244673828,2.4688956958747146,-0.12533319616686045,1.0,0.5370086778968862,1.0,0.5370086778968862,1.0,427.0
primary_leave_one__563380.SH,primary_leave_one,1,4.844193422188861,0.2445011521254974,0.2164155828396098,1.157385977255859,2.0034257134764224,-0.3953452657192231,0.618449677601916,21.574607847891105,240.0,0.6247085115181443,9453.584521206962,45663.53533798455,0.0,0.0,0.0,52.0,0.015,8420.013698630104,2948.0,1348.819999999998,20.609494640122513,4,42,42,14,0.4012251148545176,510300.SH|510500.SH|512100.SH|159915.SZ|510880.SH|512040.SH|518880.SH|159981.SZ|159985.SZ|513500.SH|159941.SZ|513090.SH|513130.SH|513530.SH|513200.SH|513310.SH|512010.SH|512070.SH|512800.SH|159851.SZ|512200.SH|512760.SH|515050.SH|159819.SZ|159869.SZ|562500.SH|512660.SH|159755.SZ|515790.SH|512400.SH|515210.SH|515220.SH|516150.SH|512690.SH|159996.SZ|159865.SZ|159766.SZ|159611.SZ|516970.SH|512980.SH|513520.SH|513030.SH,0.8743386362873236,-0.14190711462285177,-0.20075283595501592,-0.29138938768186484,0.12461579334202177,-0.2614461244673828,2.4688956958747146,-0.12533319616686045,1.0,0.5370086778968862,1.0,0.5370086778968862,1.0,427.0
primary_leave_one__159611.SZ__h2,primary_leave_one_h2,2,3.029823256781113,0.1884843216980827,0.21125096386512257,0.9537277662786318,1.648985215513107,-0.3414194509371776,0.55206087755312,29.123054973960308,446.0,0.6365791173298473,12556.853923685001,58551.86960103393,0.0,0.0,0.0,37.0,0.015,8272.89041095889,2948.0,1315.3999999999955,20.29249617151608,4,41,41,14,0.4012251148545176,510300.SH|510500.SH|512100.SH|159915.SZ|510880.SH|512040.SH|518880.SH|159981.SZ|159985.SZ|513500.SH|159941.SZ|513090.SH|513130.SH|513530.SH|513200.SH|513310.SH|512010.SH|512070.SH|512800.SH|159851.SZ|512200.SH|512760.SH|515050.SH|159819.SZ|159869.SZ|562500.SH|512660.SH|159755.SZ|515790.SH|512400.SH|515210.SH|515220.SH|516150.SH|512690.SH|159996.SZ|159865.SZ|159766.SZ|516970.SH|512980.SH|513520.SH|513030.SH,0.7631261347780007,-0.14190711462285177,-0.21235005544389185,-0.30881288024524467,0.38684797246269653,-0.22722202647093814,1.0923797737133127,-0.16348565797256143,0.9428279734558448,0.537263910158244,,,0.9916952955299314,420.0
primary_leave_one__159647.SZ__h2,primary_leave_one_h2,2,4.59022599983826,0.23766945505695292,0.22547793653940118,1.0940368050055775,1.9199563578780279,-0.3414194509371776,0.6961216017557387,28.36861435001374,433.0,0.6538426234441094,12332.392041093433,57121.331405771074,0.0,0.0,0.0,36.0,0.015,7540.849315068497,2948.0,1197.3599999999976,20.421643695763144,4,42,40,13,0.3991832567636549,510300.SH|510500.SH|512100.SH|159915.SZ|510880.SH|512040.SH|518880.SH|159981.SZ|159985.SZ|513500.SH|159941.SZ|513090.SH|513130.SH|513530.SH|513200.SH|513310.SH|512010.SH|512070.SH|512800.SH|159851.SZ|512200.SH|512760.SH|515050.SH|159819.SZ|159869.SZ|562500.SH|512660.SH|159755.SZ|515790.SH|512400.SH|515210.SH|515220.SH|516150.SH|512690.SH|159996.SZ|159865.SZ|159766.SZ|159611.SZ|516970.SH|512980.SH|513520.SH|513030.SH,0.7631261347780007,-0.14190711462285177,-0.21235005544389185,-0.30881288024524467,0.3689625672196706,-0.22722202647093814,1.9404998594286584,-0.12744323874935937,0.9964267483409903,0.579122001020929,,,0.9951753194945965,424.0
primary_leave_one__159745.SZ__h2,primary_leave_one_h2,2,4.59022599983826,0.23766945505695292,0.22547793653940118,1.0940368050055775,1.9199563578780279,-0.3414194509371776,0.6961216017557387,28.36861435001374,433.0,0.6538426234441094,12332.392041093433,57121.331405771074,0.0,0.0,0.0,36.0,0.015,7540.849315068497,2948.0,1197.3599999999976,20.362940275650843,4,42,40,14,0.3991832567636549,510300.SH|510500.SH|512100.SH|159915.SZ|510880.SH|512040.SH|518880.SH|159981.SZ|159985.SZ|513500.SH|159941.SZ|513090.SH|513130.SH|513530.SH|513200.SH|513310.SH|512010.SH|512070.SH|512800.SH|159851.SZ|512200.SH|512760.SH|515050.SH|159819.SZ|159869.SZ|562500.SH|512660.SH|159755.SZ|515790.SH|512400.SH|515210.SH|515220.SH|516150.SH|512690.SH|159996.SZ|159865.SZ|159766.SZ|159611.SZ|516970.SH|512980.SH|513520.SH|513030.SH,0.7631261347780007,-0.14190711462285177,-0.21235005544389185,-0.30881288024524467,0.3689625672196706,-0.22722202647093814,1.9404998594286584,-0.12744323874935937,0.9964267483409903,0.579122001020929,,,0.9930094155952187,422.0
primary_leave_one__159755.SZ__h2,primary_leave_one_h2,2,4.527090330445655,0.23592896573218414,0.2274292451499604,1.0802168441071376,1.8828847224468657,-0.3414194509371776,0.6910237981010516,28.61237987455237,438.0,0.6628410163592541,12540.729360914398,57975.4280545154,0.0,0.0,0.0,38.0,0.015,7180.808219178082,2948.0,1132.4500000000007,20.229198570699335,4,41,41,14,0.4007146503318019,510300.SH|510500.SH|512100.SH|159915.SZ|510880.SH|512040.SH|518880.SH|159981.SZ|159985.SZ|513500.SH|159941.SZ|513090.SH|513130.SH|513530.SH|513200.SH|513310.SH|512010.SH|512070.SH|512800.SH|159851.SZ|512200.SH|512760.SH|515050.SH|159819.SZ|159869.SZ|562500.SH|512660.SH|515790.SH|512400.SH|515210.SH|515220.SH|516150.SH|512690.SH|159996.SZ|159865.SZ|159766.SZ|159611.SZ|516970.SH|512980.SH|513520.SH|513030.SH,0.7631261347780007,-0.14190711462285177,-0.21235005544389185,-0.30881288024524467,0.3689625672196706,-0.22722202647093814,1.9072900344628585,-0.1515584460404198,0.9867279224093926,0.5704441041347627,,,0.9897172455044082,419.0
primary_leave_one__159766.SZ__h2,primary_leave_one_h2,2,4.59022599983826,0.23766945505695292,0.22547793653940118,1.0940368050055775,1.9199563578780279,-0.3414194509371776,0.6961216017557387,28.36861435001374,433.0,0.6538426234441094,12332.392041093433,57121.331405771074,0.0,0.0,0.0,36.0,0.015,7540.849315068497,2948.0,1197.3599999999976,20.229198570699335,4,41,41,14,0.3991832567636549,510300.SH|510500.SH|512100.SH|159915.SZ|510880.SH|512040.SH|518880.SH|159981.SZ|159985.SZ|513500.SH|159941.SZ|513090.SH|513130.SH|513530.SH|513200.SH|513310.SH|512010.SH|512070.SH|512800.SH|159851.SZ|512200.SH|512760.SH|515050.SH|159819.SZ|159869.SZ|562500.SH|512660.SH|159755.SZ|515790.SH|512400.SH|515210.SH|515220.SH|516150.SH|512690.SH|159996.SZ|159865.SZ|159611.SZ|516970.SH|512980.SH|513520.SH|513030.SH,0.7631261347780007,-0.14190711462285177,-0.21235005544389185,-0.30881288024524467,0.3689625672196706,-0.22722202647093814,1.9404998594286584,-0.12744323874935937,0.9964267483409903,0.579122001020929,,,0.9897172455044082,419.0
primary_leave_one__159819.SZ__h2,primary_leave_one_h2,2,4.350787443760021,0.23097483280395514,0.22582598086457079,1.0677746662251975,1.8705184264237342,-0.3518269621221637,0.6565012283616698,28.59793944966318,454.0,0.682442012062868,12482.934707284323,57206.93242970645,0.0,0.0,0.0,42.0,0.015,6917.917808219168,2948.0,1097.5700000000018,20.168963757018886,4,41,41,14,0.40428790199081166,510300.SH|510500.SH|512100.SH|159915.SZ|510880.SH|512040.SH|518880.SH|159981.SZ|159985.SZ|513500.SH|159941.SZ|513090.SH|513130.SH|513530.SH|513200.SH|513310.SH|512010.SH|512070.SH|512800.SH|159851.SZ|512200.SH|512760.SH|515050.SH|159869.SZ|562500.SH|512660.SH|159755.SZ|515790.SH|512400.SH|515210.SH|515220.SH|516150.SH|512690.SH|159996.SZ|159865.SZ|159766.SZ|159611.SZ|516970.SH|512980.SH|513520.SH|513030.SH,0.7631261347780007,-0.14190711462285177,-0.21235005544389185,-0.30881288024524467,0.34188903335385534,-0.271170525599279,1.8713389740108655,-0.12745402454806798,0.9389994895354773,0.5461970393057682,,,0.9870983405617799,418.0
primary_leave_one__159851.SZ__h2,primary_leave_one_h2,2,4.533499315812837,0.23610643717471747,0.22375726316223765,1.0949420709038575,1.9150318738186192,-0.3414194509371776,0.6915436028223297,28.383097245106466,439.0,0.6537874537342352,12328.888131694417,57068.707274707835,0.0,0.0,0.0,38.0,0.015,7517.465753424662,2948.0,1193.4700000000014,20.599285349668197,4,41,41,14,0.4012251148545176,510300.SH|510500.SH|512100.SH|159915.SZ|510880.SH|512040.SH|518880.SH|159981.SZ|159985.SZ|513500.SH|159941.SZ|513090.SH|513130.SH|513530.SH|513200.SH|513310.SH|512010.SH|512070.SH|512800.SH|512200.SH|512760.SH|515050.SH|159819.SZ|159869.SZ|562500.SH|512660.SH|159755.SZ|515790.SH|512400.SH|515210.SH|515220.SH|516150.SH|512690.SH|159996.SZ|159865.SZ|159766.SZ|159611.SZ|516970.SH|512980.SH|513520.SH|513030.SH,0.7631261347780007,-0.14190711462285177,-0.21235005544389185,-0.30881288024524467,0.35487276323240735,-0.22722202647093814,1.9409302093907983,-0.1274872775183793,1.0,0.580653394589076,,,0.9997569216558497,425.0
primary_leave_one__159865.SZ__h2,primary_leave_one_h2,2,4.563752216715498,0.23694174774642596,0.22614574480250793,1.088773262278746,1.908413020811045,-0.3414194509371776,0.6939901844960323,28.49524977104414,435.0,0.6538583153547941,12371.442801908579,57566.47015323668,0.0,0.0,0.0,36.0,0.015,7530.739726027401,2948.0,1195.759999999999,20.229198570699335,4,41,41,14,0.3991832567636549,510300.SH|510500.SH|512100.SH|159915.SZ|510880.SH|512040.SH|518880.SH|159981.SZ|159985.SZ|513500.SH|159941.SZ|513090.SH|513130.SH|513530.SH|513200.SH|513310.SH|512010.SH|512070.SH|512800.SH|159851.SZ|512200.SH|512760.SH|515050.SH|159819.SZ|159869.SZ|562500.SH|512660.SH|159755.SZ|515790.SH|512400.SH|515210.SH|515220.SH|516150.SH|512690.SH|159996.SZ|159766.SZ|159611.SZ|516970.SH|512980.SH|513520.SH|513030.SH,0.7631261347780007,-0.14190711462285177,-0.21235005544389185,-0.30881288024524467,0.3689625672196706,-0.22722202647093814,1.926574455419361,-0.12749779866141409,0.9895354772843288,0.579122001020929,,,0.9897172455044082,419.0
primary_leave_one__159869.SZ__h2,primary_leave_one_h2,2,4.057717408814271,0.22241381872027044,0.22398066585902413,1.0423438092771602,1.8174254424236231,-0.3414194509371776,0.6514386280856487,28.616206065117385,439.0,0.6538570788125386,12218.30216528982,56796.03302129834,0.0,0.0,0.0,36.0,0.015,7351.808219178083,2948.0,1167.2600000000036,20.229198570699335,4,41,41,14,0.40224604389994895,510300.SH|510500.SH|512100.SH|159915.SZ|510880.SH|512040.SH|518880.SH|159981.SZ|159985.SZ|513500.SH|159941.SZ|513090.SH|513130.SH|513530.SH|513200.SH|513310.SH|512010.SH|512070.SH|512800.SH|159851.SZ|512200.SH|512760.SH|515050.SH|159819.SZ|562500.SH|512660.SH|159755.SZ|515790.SH|512400.SH|515210.SH|515220.SH|516150.SH|512690.SH|159996.SZ|159865.SZ|159766.SZ|159611.SZ|516970.SH|512980.SH|513520.SH|513030.SH,0.7631261347780007,-0.14190711462285177,-0.21235005544389185,-0.30881288024524467,0.3689625672196706,-0.22722202647093814,1.6603964365802981,-0.12746808495129636,0.989025012761613,0.5722307299642675,,,0.9897172455044082,419.0
primary_leave_one__159915.SZ__h2,primary_leave_one_h2,2,3.1704359343607145,0.19354546634431213,0.22658315320698255,0.9234758919802598,1.5887354400255578,-0.32456821643426503,0.5963167572925644,28.446209825576418,406.0,0.6692394787968495,9235.86006513577,43380.00216458023,0.0,0.0,0.0,19.0,0.015,5566.972602739732,2948.0,886.1799999999952,19.609494640122513,3,41,42,14,0.40888208269525267,510300.SH|510500.SH|512100.SH|510880.SH|512040.SH|518880.SH|159981.SZ|159985.SZ|513500.SH|159941.SZ|513090.SH|513130.SH|513530.SH|513200.SH|513310.SH|512010.SH|512070.SH|512800.SH|159851.SZ|512200.SH|512760.SH|515050.SH|159819.SZ|159869.SZ|562500.SH|512660.SH|159755.SZ|515790.SH|512400.SH|515210.SH|515220.SH|516150.SH|512690.SH|159996.SZ|159865.SZ|159766.SZ|159611.SZ|516970.SH|512980.SH|513520.SH|513030.SH,0.2581087255664327,-0.2944411944281351,-0.16916048990957466,-0.24059773590413158,0.3648389792768545,-0.22703876469050321,1.923241673753453,-0.12744925550252417,0.8907605921388464,0.5382848392036753,,,0.8993844316189277,405.0
primary_leave_one__159941.SZ__h2,primary_leave_one_h2,2,4.516214488401885,0.2356273894153842,0.22729603158741862,1.079561413853788,1.8881833872082698,-0.327820560810983,0.7187694049222368,28.03730074087729,443.0,0.6570806363268973,12404.945713829238,56240.7452388042,0.0,0.0,0.0,41.0,0.015,7457.547945205477,2948.0,1188.2899999999984,20.229198570699335,4,41,41,14,0.4104134762633997,510300.SH|510500.SH|512100.SH|159915.SZ|510880.SH|512040.SH|518880.SH|159981.SZ|159985.SZ|513500.SH|513090.SH|513130.SH|513530.SH|513200.SH|513310.SH|512010.SH|512070.SH|512800.SH|159851.SZ|512200.SH|512760.SH|515050.SH|159819.SZ|159869.SZ|562500.SH|512660.SH|159755.SZ|515790.SH|512400.SH|515210.SH|515220.SH|516150.SH|512690.SH|159996.SZ|159865.SZ|159766.SZ|159611.SZ|516970.SH|512980.SH|513520.SH|513030.SH,0.7631261347780007,-0.14190711462285177,-0.21235005544389185,-0.30881288024524467,0.3912278443929129,-0.20603950242688485,1.8551324081296525,-0.15159168801776823,0.9614599285349669,0.5620214395099541,,,0.9897172455044082,418.0
primary_leave_one__159981.SZ__h2,primary_leave_one_h2,2,4.533499315812837,0.23610643717471747,0.22375726316223765,1.0949420709038575,1.9150318738186192,-0.3414194509371776,0.6915436028223297,28.383097245106466,439.0,0.6537874537342352,12328.888131694417,57068.707274707835,0.0,0.0,0.0,38.0,0.015,7517.465753424662,2948.0,1193.4700000000014,20.599285349668197,4,41,41,14,0.4012251148545176,510300.SH|510500.SH|512100.SH|159915.SZ|510880.SH|512040.SH|518880.SH|159985.SZ|513500.SH|159941.SZ|513090.SH|513130.SH|513530.SH|513200.SH|513310.SH|512010.SH|512070.SH|512800.SH|159851.SZ|512200.SH|512760.SH|515050.SH|159819.SZ|159869.SZ|562500.SH|512660.SH|159755.SZ|515790.SH|512400.SH|515210.SH|515220.SH|516150.SH|512690.SH|159996.SZ|159865.SZ|159766.SZ|159611.SZ|516970.SH|512980.SH|513520.SH|513030.SH,0.7631261347780007,-0.14190711462285177,-0.21235005544389185,-0.30881288024524467,0.35487276323240735,-0.22722202647093814,1.9409302093907983,-0.1274872775183793,1.0,0.580653394589076,,,0.9997569216558497,425.0
primary_leave_one__159985.SZ__h2,primary_leave_one_h2,2,4.5163941391187254,0.23563237518131985,0.22548576577423618,1.086427490024243,1.9028715049726566,-0.34864365692823907,0.6758544734683637,28.499785876147875,434.0,0.6529699838448744,12418.696462295184,58161.712213751925,0.0,0.0,0.0,37.0,0.015,7575.123287671232,2948.0,1206.0399999999995,20.29249617151608,4,41,41,14,0.39714139867279225,510300.SH|510500.SH|512100.SH|159915.SZ|510880.SH|512040.SH|518880.SH|159981.SZ|513500.SH|159941.SZ|513090.SH|513130.SH|513530.SH|513200.SH|513310.SH|512010.SH|512070.SH|512800.SH|159851.SZ|512200.SH|512760.SH|515050.SH|159819.SZ|159869.SZ|562500.SH|512660.SH|159755.SZ|515790.SH|512400.SH|515210.SH|515220.SH|516150.SH|512690.SH|159996.SZ|159865.SZ|159766.SZ|159611.SZ|516970.SH|512980.SH|513520.SH|513030.SH,0.7631261347780007,-0.14190711462285177,-0.21235005544389185,-0.30881288024524467,0.3484987528999144,-0.23569890492426226,1.945697250920957,-0.1259362837484197,0.978305257784584,0.5691679428279734,,,0.9916952955299314,420.0
primary_leave_one__159996.SZ__h2,primary_leave_one_h2,2,4.2574877208934785,0.22829495172046976,0.22638720569923892,1.055659127129867,1.8483661548257793,-0.3883897931495386,0.5877985357678316,28.388938050963354,431.0,0.6490207763617518,11909.265096976935,54682.544440391976,0.0,0.0,0.0,35.0,0.015,7408.931506849295,2948.0,1177.2799999999977,20.10515569167943,4,41,41,14,0.4002041858090863,510300.SH|510500.SH|512100.SH|159915.SZ|510880.SH|512040.SH|518880.SH|159981.SZ|159985.SZ|513500.SH|159941.SZ|513090.SH|513130.SH|513530.SH|513200.SH|513310.SH|512010.SH|512070.SH|512800.SH|159851.SZ|512200.SH|512760.SH|515050.SH|159819.SZ|159869.SZ|562500.SH|512660.SH|159755.SZ|515790.SH|512400.SH|515210.SH|515220.SH|516150.SH|512690.SH|159865.SZ|159766.SZ|159611.SZ|516970.SH|512980.SH|513520.SH|513030.SH,0.7631261347780007,-0.14190711462285177,-0.25645288975951475,-0.34750804578642525,0.34110191484657415,-0.2601969152930469,1.9903678255023491,-0.1274465184556296,0.9706482899438489,0.5712098009188361,,,0.9840598612599011,417.0
primary_leave_one__510300.SH__h2,primary_leave_one_h2,2,4.9949217085717175,0.24843368440185132,0.2277502038456443,1.1249969725632718,1.9580311546272255,-0.2781512489847947,0.8931604129357409,27.446515975909705,425.0,0.6617928661888504,12758.724219698895,60027.8486544201,0.0,0.0,0.0,46.0,0.015,7769.424657534223,2948.0,1234.2899999999934,19.609494640122513,3,41,42,14,0.39765186319550794,510500.SH|512100.SH|159915.SZ|510880.SH|512040.SH|518880.SH|159981.SZ|159985.SZ|513500.SH|159941.SZ|513090.SH|513130.SH|513530.SH|513200.SH|513310.SH|512010.SH|512070.SH|512800.SH|159851.SZ|512200.SH|512760.SH|515050.SH|159819.SZ|159869.SZ|562500.SH|512660.SH|159755.SZ|515790.SH|512400.SH|515210.SH|515220.SH|516150.SH|512690.SH|159996.SZ|159865.SZ|159766.SZ|159611.SZ|516970.SH|512980.SH|513520.SH|513030.SH,0.7750075776833267,-0.14192983419547034,-0.13730637710972626,-0.24301051118126327,0.37087130071803776,-0.22732509823542568,1.8558147480781648,-0.1516018540216042,0.9683511995916284,0.5686574783052578,,,0.8993844316189277,405.0
primary_leave_one__510500.SH__h2,primary_leave_one_h2,2,5.491945479535689,0.2608146938322584,0.22446690339990918,1.1837823157967782,2.0753356831632463,-0.2269538874920637,1.1491968554245575,26.694921019761125,420.0,0.6546822336818992,12844.678975494835,59985.3172212741,0.0,0.0,0.0,38.0,0.015,7998.821917808221,2948.0,1274.300000000004,19.609494640122513,3,41,42,14,0.3996937212863706,510300.SH|512100.SH|159915.SZ|510880.SH|512040.SH|518880.SH|159981.SZ|159985.SZ|513500.SH|159941.SZ|513090.SH|513130.SH|513530.SH|513200.SH|513310.SH|512010.SH|512070.SH|512800.SH|159851.SZ|512200.SH|512760.SH|515050.SH|159819.SZ|159869.SZ|562500.SH|512660.SH|159755.SZ|515790.SH|512400.SH|515210.SH|515220.SH|516150.SH|512690.SH|159996.SZ|159865.SZ|159766.SZ|159611.SZ|516970.SH|512980.SH|513520.SH|513030.SH,0.7100762744048132,-0.14193199312671312,-0.05637499010298708,-0.17743109251282174,0.3723160048854064,-0.2269538874920637,1.931607411103518,-0.1274703895498166,0.964267483409903,0.5819295558958653,,,0.8993844316189277,405.0
primary_leave_one__510630.SH__h2,primary_leave_one_h2,2,4.533499315812837,0.23610643717471747,0.22375726316223765,1.0949420709038575,1.9150318738186192,-0.3414194509371776,0.6915436028223297,28.383097245106466,439.0,0.6537874537342352,12328.888131694417,57068.707274707835,0.0,0.0,0.0,38.0,0.015,7517.465753424662,2948.0,1193.4700000000014,20.609494640122513,4,42,42,14,0.4012251148545176,510300.SH|510500.SH|512100.SH|159915.SZ|510880.SH|512040.SH|518880.SH|159981.SZ|159985.SZ|513500.SH|159941.SZ|513090.SH|513130.SH|513530.SH|513200.SH|513310.SH|512010.SH|512070.SH|512800.SH|159851.SZ|512200.SH|512760.SH|515050.SH|159819.SZ|159869.SZ|562500.SH|512660.SH|159755.SZ|515790.SH|512400.SH|515210.SH|515220.SH|516150.SH|512690.SH|159996.SZ|159865.SZ|159766.SZ|159611.SZ|516970.SH|512980.SH|513520.SH|513030.SH,0.7631261347780007,-0.14190711462285177,-0.21235005544389185,-0.30881288024524467,0.35487276323240735,-0.22722202647093814,1.9409302093907983,-0.1274872775183793,1.0,0.580653394589076,,,1.0,427.0
primary_leave_one__510880.SH__h2,primary_leave_one_h2,2,4.847280413219029,0.24458257911286663,0.22321199644584225,1.1287771657423815,1.9884349846384788,-0.3358896057433377,0.7281635839001186,27.118328962089997,418.0,0.6303411259774744,12206.753821137218,57415.29053931441,0.0,0.0,0.0,46.0,0.015,8281.972602739725,2948.0,1302.55,19.981623277182237,4,41,41,14,0.37927514037774374,510300.SH|510500.SH|512100.SH|159915.SZ|512040.SH|518880.SH|159981.SZ|159985.SZ|513500.SH|159941.SZ|513090.SH|513130.SH|513530.SH|513200.SH|513310.SH|512010.SH|512070.SH|512800.SH|159851.SZ|512200.SH|512760.SH|515050.SH|159819.SZ|159869.SZ|562500.SH|512660.SH|159755.SZ|515790.SH|512400.SH|515210.SH|515220.SH|516150.SH|512690.SH|159996.SZ|159865.SZ|159766.SZ|159611.SZ|516970.SH|512980.SH|513520.SH|513030.SH,0.7631261347780007,-0.14190711462285177,-0.19544324149574177,-0.291424921795122,0.4033532608806609,-0.23699976608603412,1.9372901094372588,-0.12745094186829775,0.9384890250127617,0.5796324655436447,,,0.9750097506592544,415.0
primary_leave_one__512010.SH__h2,primary_leave_one_h2,2,5.448010516227013,0.259754365275233,0.2229470506360946,1.1864079590834076,2.0881408127295695,-0.23855964041534006,1.0888445540200857,27.407055561782,440.0,0.6543094767151458,13088.316876447072,62860.46228204458,0.0,0.0,0.0,43.0,0.015,8064.493150684925,2948.0,1283.7500000000007,19.92138846350179,4,41,41,13,0.39509954058192953,510300.SH|510500.SH|512100.SH|159915.SZ|510880.SH|512040.SH|518880.SH|159981.SZ|159985.SZ|513500.SH|159941.SZ|513090.SH|513130.SH|513530.SH|513200.SH|513310.SH|512070.SH|512800.SH|159851.SZ|512200.SH|512760.SH|515050.SH|159819.SZ|159869.SZ|562500.SH|512660.SH|159755.SZ|515790.SH|512400.SH|515210.SH|515220.SH|516150.SH|512690.SH|159996.SZ|159865.SZ|159766.SZ|159611.SZ|516970.SH|512980.SH|513520.SH|513030.SH,0.7631261347780007,-0.14190711462285177,-0.11705652263310051,-0.22929714032150705,0.4240864533335247,-0.1996216356029703,1.9085269767039792,-0.12745526147702102,0.9453802960694232,0.5650842266462481,,,0.9674803989491982,414.0
primary_leave_one__512040.SH__h2,primary_leave_one_h2,2,4.533499315812837,0.23610643717471747,0.22375726316223765,1.0949420709038575,1.9150318738186192,-0.3414194509371776,0.6915436028223297,28.383097245106466,439.0,0.6537874537342352,12328.888131694417,57068.707274707835,0.0,0.0,0.0,38.0,0.015,7517.465753424662,2948.0,1193.4700000000014,20.475752935171005,4,41,41,14,0.4012251148545176,510300.SH|510500.SH|512100.SH|159915.SZ|510880.SH|518880.SH|159981.SZ|159985.SZ|513500.SH|159941.SZ|513090.SH|513130.SH|513530.SH|513200.SH|513310.SH|512010.SH|512070.SH|512800.SH|159851.SZ|512200.SH|512760.SH|515050.SH|159819.SZ|159869.SZ|562500.SH|512660.SH|159755.SZ|515790.SH|512400.SH|515210.SH|515220.SH|516150.SH|512690.SH|159996.SZ|159865.SZ|159766.SZ|159611.SZ|516970.SH|512980.SH|513520.SH|513030.SH,0.7631261347780007,-0.14190711462285177,-0.21235005544389185,-0.30881288024524467,0.35487276323240735,-0.22722202647093814,1.9409302093907983,-0.1274872775183793,1.0,0.580653394589076,,,0.9967078299091895,423.0
primary_leave_one__512070.SH__h2,primary_leave_one_h2,2,4.1712915141227755,0.22578181967305722,0.21552710362751007,1.0881461933043663,1.8759983327071448,-0.2839171732082084,0.7952383334962337,27.964209288620886,428.0,0.6436774259420733,12245.43952707676,58106.08771369548,0.0,0.0,0.0,43.0,0.015,7556.136986301393,2948.0,1208.8700000000076,20.045431342521695,4,41,41,14,0.39509954058192953,510300.SH|510500.SH|512100.SH|159915.SZ|510880.SH|512040.SH|518880.SH|159981.SZ|159985.SZ|513500.SH|159941.SZ|513090.SH|513130.SH|513530.SH|513200.SH|513310.SH|512010.SH|512800.SH|159851.SZ|512200.SH|512760.SH|515050.SH|159819.SZ|159869.SZ|562500.SH|512660.SH|159755.SZ|515790.SH|512400.SH|515210.SH|515220.SH|516150.SH|512690.SH|159996.SZ|159865.SZ|159766.SZ|159611.SZ|516970.SH|512980.SH|513520.SH|513030.SH,0.7631261347780007,-0.14190711462285177,-0.16857651661678974,-0.27039021595048485,0.16212418602676926,-0.20437758604082934,2.0355739039377676,-0.1253294351023191,0.9640122511485452,0.5594691168963757,,,0.9803270894375428,416.0
primary_leave_one__512100.SH__h2,primary_leave_one_h2,2,4.803003962890459,0.24341105740838076,0.22612834468250442,1.112793594370948,1.9591558779300413,-0.315905749428798,0.7705179720486321,27.725392251934263,433.0,0.6583015145894101,12397.767787313602,57595.81393049062,0.0,0.0,0.0,41.0,0.015,7589.753424657561,2948.0,1204.5000000000018,20.10515569167943,4,41,41,14,0.4002041858090863,510300.SH|510500.SH|159915.SZ|510880.SH|512040.SH|518880.SH|159981.SZ|159985.SZ|513500.SH|159941.SZ|513090.SH|513130.SH|513530.SH|513200.SH|513310.SH|512010.SH|512070.SH|512800.SH|159851.SZ|512200.SH|512760.SH|515050.SH|159819.SZ|159869.SZ|562500.SH|512660.SH|159755.SZ|515790.SH|512400.SH|515210.SH|515220.SH|516150.SH|512690.SH|159996.SZ|159865.SZ|159766.SZ|159611.SZ|516970.SH|512980.SH|513520.SH|513030.SH,0.7631261347780007,-0.14190711462285177,-0.1820391263158303,-0.28222076724023293,0.36953144732544296,-0.22726402106097898,1.9380889848009777,-0.12746409409901804,0.9880040837161818,0.574527820316488,,,0.9840598612599011,417.0
primary_leave_one__512200.SH__h2,primary_leave_one_h2,2,4.521421997150533,0.23577185340610862,0.2223471237419252,1.0992306349187528,1.9256492007034811,-0.3298983312465753,0.7146803456543892,27.261259424384374,418.0,0.6532228069908576,11992.665503044,55999.57244822774,0.0,0.0,0.0,41.0,0.015,7554.164383561657,2948.0,1199.7499999999989,20.045431342521695,4,41,41,14,0.3956100051046452,510300.SH|510500.SH|512100.SH|159915.SZ|510880.SH|512040.SH|518880.SH|159981.SZ|159985.SZ|513500.SH|159941.SZ|513090.SH|513130.SH|513530.SH|513200.SH|513310.SH|512010.SH|512070.SH|512800.SH|159851.SZ|512760.SH|515050.SH|159819.SZ|159869.SZ|562500.SH|512660.SH|159755.SZ|515790.SH|512400.SH|515210.SH|515220.SH|516150.SH|512690.SH|159996.SZ|159865.SZ|159766.SZ|159611.SZ|516970.SH|512980.SH|513520.SH|513030.SH,0.7631261347780007,-0.14190711462285177,-0.1879669015409725,-0.2808984964974799,0.31087090228970404,-0.23769141793922122,1.9419406236616648,-0.12749047676134106,0.979836651352731,0.5752935171005615,,,0.9803270894375428,416.0
primary_leave_one__512400.SH__h2,primary_leave_one_h2,2,4.431978501945352,0.2332738031819499,0.22432543863012222,1.082113962485305,1.8954410062782332,-0.30944780230345326,0.7538389397032945,27.416991639655226,425.0,0.6608461537015642,12600.330821137035,58208.82480707827,0.0,0.0,0.0,48.0,0.015,7339.438356164391,2948.0,1159.530000000004,19.981623277182237,4,41,41,14,0.39714139867279225,510300.SH|510500.SH|512100.SH|159915.SZ|510880.SH|512040.SH|518880.SH|159981.SZ|159985.SZ|513500.SH|159941.SZ|513090.SH|513130.SH|513530.SH|513200.SH|513310.SH|512010.SH|512070.SH|512800.SH|159851.SZ|512200.SH|512760.SH|515050.SH|159819.SZ|159869.SZ|562500.SH|512660.SH|159755.SZ|515790.SH|515210.SH|515220.SH|516150.SH|512690.SH|159996.SZ|159865.SZ|159766.SZ|159611.SZ|516970.SH|512980.SH|513520.SH|513030.SH,0.7631261347780007,-0.14190711462285177,-0.11318689746918342,-0.2217987315589448,0.2697190869447186,-0.28109301211612825,1.7361185482145332,-0.1276921956396072,0.9430832057172026,0.5482388973966309,,,0.9750097506592544,415.0
primary_leave_one__512660.SH__h2,primary_leave_one_h2,2,3.988116553192028,0.22031693778460304,0.21903286935347957,1.052785004391545,1.844335603282873,-0.3493053555445973,0.6307287715102732,26.164826130123046,405.0,0.6519162068973008,10626.172642003537,50885.50230214027,0.0,0.0,0.0,36.0,0.015,7161.616438356176,2948.0,1144.6200000000001,19.85706993363961,4,41,41,14,0.3991832567636549,510300.SH|510500.SH|512100.SH|159915.SZ|510880.SH|512040.SH|518880.SH|159981.SZ|159985.SZ|513500.SH|159941.SZ|513090.SH|513130.SH|513530.SH|513200.SH|513310.SH|512010.SH|512070.SH|512800.SH|159851.SZ|512200.SH|512760.SH|515050.SH|159819.SZ|159869.SZ|562500.SH|159755.SZ|515790.SH|512400.SH|515210.SH|515220.SH|516150.SH|512690.SH|159996.SZ|159865.SZ|159766.SZ|159611.SZ|516970.SH|512980.SH|513520.SH|513030.SH,0.6054928722083306,-0.14239485805277086,-0.1875286314020529,-0.2706693091393412,0.3674841199275467,-0.22705323807659017,1.796390729849716,-0.12532879625921733,0.9272588055130169,0.5678917815211842,,,0.9582920375403162,413.0
primary_leave_one__512690.SH__h2,primary_leave_one_h2,2,4.631616221062532,0.23880115541255775,0.24057583439290636,1.04398716646195,1.8096071373917024,-0.4051902821216675,0.5893555841520709,27.495104392105524,424.0,0.6894120067144826,11663.00934034402,53948.10779930768,0.0,0.0,0.0,40.0,0.015,6719.917808219155,2948.0,1072.7800000000043,19.981623277182237,4,41,41,14,0.39356814701378257,510300.SH|510500.SH|512100.SH|159915.SZ|510880.SH|512040.SH|518880.SH|159981.SZ|159985.SZ|513500.SH|159941.SZ|513090.SH|513130.SH|513530.SH|513200.SH|513310.SH|512010.SH|512070.SH|512800.SH|159851.SZ|512200.SH|512760.SH|515050.SH|159819.SZ|159869.SZ|562500.SH|512660.SH|159755.SZ|515790.SH|512400.SH|515210.SH|515220.SH|516150.SH|159996.SZ|159865.SZ|159766.SZ|159611.SZ|516970.SH|512980.SH|513520.SH|513030.SH,0.7631261347780007,-0.14190711462285177,-0.3245544110483598,-0.4051902821216675,0.5535074684084593,-0.31318069744350474,2.0440091453610347,-0.1274630975154294,0.8925472179683512,0.5114854517611026,,,0.9750097506592544,415.0
primary_leave_one__512760.SH__h2,primary_leave_one_h2,2,4.504177612933154,0.23529301088008547,0.23484604771432152,1.0511437755223554,1.8173116794411242,-0.282049768530804,0.8342251514891352,28.16332433146305,442.0,0.6658212087666093,13407.984032501625,63049.24502416406,0.0,0.0,0.0,49.0,0.015,7686.739726027392,2948.0,1217.3600000000004,19.981623277182237,4,41,41,14,0.3961204696273609,510300.SH|510500.SH|512100.SH|159915.SZ|510880.SH|512040.SH|518880.SH|159981.SZ|159985.SZ|513500.SH|159941.SZ|513090.SH|513130.SH|513530.SH|513200.SH|513310.SH|512010.SH|512070.SH|512800.SH|159851.SZ|512200.SH|515050.SH|159819.SZ|159869.SZ|562500.SH|512660.SH|159755.SZ|515790.SH|512400.SH|515210.SH|515220.SH|516150.SH|512690.SH|159996.SZ|159865.SZ|159766.SZ|159611.SZ|516970.SH|512980.SH|513520.SH|513030.SH,0.7631261347780007,-0.14190711462285177,-0.08750049128290316,-0.2452390663645091,0.312077021137966,-0.22962334746742064,1.6074565948765698,-0.20437786749709164,0.9645227156712608,0.5742725880551302,,,0.9750097506592544,415.0
primary_leave_one__512800.SH__h2,primary_leave_one_h2,2,5.809433727990457,0.2682954016084145,0.2270869557897606,1.1997508008104034,2.1116261133768415,-0.29562396990940454,0.9075563178812427,25.971366905257124,397.0,0.648617045694905,12664.346995949998,60569.99725331692,0.0,0.0,0.0,45.0,0.015,8354.342465753398,2948.0,1330.0899999999986,19.797345584481878,4,41,41,13,0.38437978560490044,510300.SH|510500.SH|512100.SH|159915.SZ|510880.SH|512040.SH|518880.SH|159981.SZ|159985.SZ|513500.SH|159941.SZ|513090.SH|513130.SH|513530.SH|513200.SH|513310.SH|512010.SH|512070.SH|159851.SZ|512200.SH|512760.SH|515050.SH|159819.SZ|159869.SZ|562500.SH|512660.SH|159755.SZ|515790.SH|512400.SH|515210.SH|515220.SH|516150.SH|512690.SH|159996.SZ|159865.SZ|159766.SZ|159611.SZ|516970.SH|512980.SH|513520.SH|513030.SH,0.8388653762320213,-0.14190711462285177,-0.15689255533588853,-0.271074325812799,0.37654441067089195,-0.22624738949001966,2.1907142388384666,-0.12746275757921888,0.9236855538540072,0.557427258805513,,,0.9463471677087695,412.0
primary_leave_one__512980.SH__h2,primary_leave_one_h2,2,5.560882153351926,0.2624658113138474,0.23175074253379552,1.1595461328657513,2.039479017182117,-0.2730553357493688,0.9612183940428789,28.718438028514374,452.0,0.6867893610884753,13662.9740921392,63489.98829614992,0.0,0.0,0.0,45.0,0.015,7393.273972602748,2948.0,1179.1400000000017,20.045431342521695,4,41,41,14,0.40428790199081166,510300.SH|510500.SH|512100.SH|159915.SZ|510880.SH|512040.SH|518880.SH|159981.SZ|159985.SZ|513500.SH|159941.SZ|513090.SH|513130.SH|513530.SH|513200.SH|513310.SH|512010.SH|512070.SH|512800.SH|159851.SZ|512200.SH|512760.SH|515050.SH|159819.SZ|159869.SZ|562500.SH|512660.SH|159755.SZ|515790.SH|512400.SH|515210.SH|515220.SH|516150.SH|512690.SH|159996.SZ|159865.SZ|159766.SZ|159611.SZ|516970.SH|513520.SH|513030.SH,0.7631261347780007,-0.14190711462285177,-0.16704580425489934,-0.2730553357493688,0.5283496671849355,-0.22688058534623123,1.9230416737232234,-0.12746411048130635,0.9453802960694232,0.5625319040326697,,,0.9803270894375428,416.0
primary_leave_one__513030.SH__h2,primary_leave_one_h2,2,4.549666705466074,0.23655333009833912,0.22390806431981333,1.0960376841001038,1.9151379423951398,-0.3414194509371776,0.6928525291954317,28.383563089953707,439.0,0.6537915296851062,12335.229915316024,57094.07443901089,0.0,0.0,0.0,38.0,0.015,7521.287671232875,2948.0,1194.0500000000009,20.475752935171005,4,41,41,14,0.4012251148545176,510300.SH|510500.SH|512100.SH|159915.SZ|510880.SH|512040.SH|518880.SH|159981.SZ|159985.SZ|513500.SH|159941.SZ|513090.SH|513130.SH|513530.SH|513200.SH|513310.SH|512010.SH|512070.SH|512800.SH|159851.SZ|512200.SH|512760.SH|515050.SH|159819.SZ|159869.SZ|562500.SH|512660.SH|159755.SZ|515790.SH|512400.SH|515210.SH|515220.SH|516150.SH|512690.SH|159996.SZ|159865.SZ|159766.SZ|159611.SZ|516970.SH|512980.SH|513520.SH,0.7631261347780007,-0.14190711462285177,-0.21235005544389185,-0.30881288024524467,0.35487276323240735,-0.22722202647093814,1.9495228127190987,-0.12534180742253487,0.9997447677386422,0.5809086268504339,,,0.9967078299091895,423.0
primary_leave_one__513090.SH__h2,primary_leave_one_h2,2,4.472618928465338,0.23441327459005934,0.22211223003480415,1.0950584244119743,1.9076642699395456,-0.3204570826447405,0.7314966255557237,29.233361624876004,457.0,0.6607375927259811,12781.523945429104,59290.68223282988,0.0,0.0,0.0,39.0,0.015,7378.027397260275,2948.0,1176.9600000000025,20.10515569167943,4,41,41,14,0.40428790199081166,510300.SH|510500.SH|512100.SH|159915.SZ|510880.SH|512040.SH|518880.SH|159981.SZ|159985.SZ|513500.SH|159941.SZ|513130.SH|513530.SH|513200.SH|513310.SH|512010.SH|512070.SH|512800.SH|159851.SZ|512200.SH|512760.SH|515050.SH|159819.SZ|159869.SZ|562500.SH|512660.SH|159755.SZ|515790.SH|512400.SH|515210.SH|515220.SH|516150.SH|512690.SH|159996.SZ|159865.SZ|159766.SZ|159611.SZ|516970.SH|512980.SH|513520.SH|513030.SH,0.7631261347780007,-0.14190711462285177,-0.21156851521944853,-0.30881288024524467,0.36811117773902713,-0.2229268554968037,1.8775738303545029,-0.127470897582032,0.9780500255232262,0.569933639612047,,,0.9840598612599011,417.0
primary_leave_one__513130.SH__h2,primary_leave_one_h2,2,4.31344412712427,0.22990715896481317,0.2214519475231424,1.0805043153440803,1.8792018628883804,-0.3518436892055684,0.6534355056471894,28.268049701880756,442.0,0.6541809037372956,12141.027380642003,55172.81697081507,0.0,0.0,0.0,42.0,0.015,7406.794520547934,2948.0,1176.7799999999975,20.229198570699335,4,41,41,14,0.4032669729453803,510300.SH|510500.SH|512100.SH|159915.SZ|510880.SH|512040.SH|518880.SH|159981.SZ|159985.SZ|513500.SH|159941.SZ|513090.SH|513530.SH|513200.SH|513310.SH|512010.SH|512070.SH|512800.SH|159851.SZ|512200.SH|512760.SH|515050.SH|159819.SZ|159869.SZ|562500.SH|512660.SH|159755.SZ|515790.SH|512400.SH|515210.SH|515220.SH|516150.SH|512690.SH|159996.SZ|159865.SZ|159766.SZ|159611.SZ|516970.SH|512980.SH|513520.SH|513030.SH,0.7631261347780007,-0.14190711462285177,-0.21235005544389185,-0.30881288024524467,0.3041684417525006,-0.22460117821663095,1.9337682311692115,-0.12744764614836368,0.9719244512506381,0.5617662072485963,,,0.9897172455044082,419.0
primary_leave_one__513200.SH__h2,primary_leave_one_h2,2,3.524972546543024,0.205672110047866,0.2244529138008163,0.9769164980298538,1.6870373905349765,-0.3414194509371776,0.6024030250277405,28.494060863639966,436.0,0.6462269932496549,11843.490181249257,54420.31633530465,0.0,0.0,0.0,38.0,0.015,7335.698630137,2948.0,1167.2499999999986,20.352220520673814,4,41,41,14,0.40275650842266464,510300.SH|510500.SH|512100.SH|159915.SZ|510880.SH|512040.SH|518880.SH|159981.SZ|159985.SZ|513500.SH|159941.SZ|513090.SH|513130.SH|513530.SH|513310.SH|512010.SH|512070.SH|512800.SH|159851.SZ|512200.SH|512760.SH|515050.SH|159819.SZ|159869.SZ|562500.SH|512660.SH|159755.SZ|515790.SH|512400.SH|515210.SH|515220.SH|516150.SH|512690.SH|159996.SZ|159865.SZ|159766.SZ|159611.SZ|516970.SH|512980.SH|513520.SH|513030.SH,0.7631261347780007,-0.14190711462285177,-0.21235005544389185,-0.30881288024524467,0.3689625672196706,-0.22722202647093814,1.3801687333237096,-0.22903689945238204,0.967330270546197,0.5541092394078612,,,0.9934518940345707,421.0
primary_leave_one__513310.SH__h2,primary_leave_one_h2,2,3.138378761711639,0.1924049213600041,0.21648469457584626,0.9517076124095161,1.6410858569561453,-0.3414194509371776,0.5635441121818431,28.823451421269603,448.0,0.655217688334708,12611.198637991929,59050.32620363209,0.0,0.0,0.0,44.0,0.015,7469.506849315072,2948.0,1178.3899999999992,20.416028586013272,4,41,41,14,0.40837161817253703,510300.SH|510500.SH|512100.SH|159915.SZ|510880.SH|512040.SH|518880.SH|159981.SZ|159985.SZ|513500.SH|159941.SZ|513090.SH|513130.SH|513530.SH|513200.SH|512010.SH|512070.SH|512800.SH|159851.SZ|512200.SH|512760.SH|515050.SH|159819.SZ|159869.SZ|562500.SH|512660.SH|159755.SZ|515790.SH|512400.SH|515210.SH|515220.SH|516150.SH|512690.SH|159996.SZ|159865.SZ|159766.SZ|159611.SZ|516970.SH|512980.SH|513520.SH|513030.SH,0.7631261347780007,-0.14190711462285177,-0.21235005544389185,-0.30881288024524467,0.35487276323240735,-0.22722202647093814,1.1994550687734646,-0.1565407107066803,0.9622256253190403,0.5454313425216948,,,0.9951764363410425,422.0
primary_leave_one__513500.SH__h2,primary_leave_one_h2,2,4.931493162886302,0.246789498139802,0.23057917665181923,1.1080112646833513,1.9260914727439853,-0.26430860612856766,0.9337172245528629,27.358986592107872,389.0,0.6403746226858461,12548.65020972954,54589.60950291576,0.0,0.0,0.0,19.0,0.015,7998.246575342475,2948.0,1278.8699999999965,19.85706993363961,4,41,41,14,0.40377743746809597,510300.SH|510500.SH|512100.SH|159915.SZ|510880.SH|512040.SH|518880.SH|159981.SZ|159985.SZ|159941.SZ|513090.SH|513130.SH|513530.SH|513200.SH|513310.SH|512010.SH|512070.SH|512800.SH|159851.SZ|512200.SH|512760.SH|515050.SH|159819.SZ|159869.SZ|562500.SH|512660.SH|159755.SZ|515790.SH|512400.SH|515210.SH|515220.SH|516150.SH|512690.SH|159996.SZ|159865.SZ|159766.SZ|159611.SZ|516970.SH|512980.SH|513520.SH|513030.SH,0.7576253365055372,-0.14190711462285177,-0.14651935680054962,-0.2487114167811233,0.41514779772159605,-0.23161473225508555,1.7941019862701015,-0.1516355860420121,0.9134762633996937,0.557427258805513,,,0.9582920375403162,413.0
primary_leave_one__513520.SH__h2,primary_leave_one_h2,2,4.3830758877629865,0.23189273445327774,0.22482805121742563,1.0750721212008527,1.864592863409914,-0.3414194509371776,0.6792018844173785,28.37942138186884,439.0,0.653804415925801,12284.923792524829,56892.84967783121,0.0,0.0,0.0,38.0,0.015,7482.205479452041,2948.0,1188.1700000000026,20.416028586013272,4,41,41,14,0.3961204696273609,510300.SH|510500.SH|512100.SH|159915.SZ|510880.SH|512040.SH|518880.SH|159981.SZ|159985.SZ|513500.SH|159941.SZ|513090.SH|513130.SH|513530.SH|513200.SH|513310.SH|512010.SH|512070.SH|512800.SH|159851.SZ|512200.SH|512760.SH|515050.SH|159819.SZ|159869.SZ|562500.SH|512660.SH|159755.SZ|515790.SH|512400.SH|515210.SH|515220.SH|516150.SH|512690.SH|159996.SZ|159865.SZ|159766.SZ|159611.SZ|516970.SH|512980.SH|513030.SH,0.7631261347780007,-0.14190711462285177,-0.21235005544389185,-0.30881288024524467,0.35487276323240735,-0.22722202647093814,1.860983546618519,-0.15159701845570572,0.9994895354772844,0.5811638591117917,,,0.9951764363410425,422.0
primary_leave_one__513530.SH__h2,primary_leave_one_h2,2,4.072052579783835,0.22284255548197396,0.2225858192570011,1.0492056105956886,1.8236124607788742,-0.3414194509371776,0.6526943759949335,28.750244745922185,443.0,0.653736958483644,12321.35360207351,56969.337888167196,0.0,0.0,0.0,39.0,0.015,7354.931506849332,2948.0,1167.7100000000037,20.475752935171005,4,41,41,14,0.4017355793772333,510300.SH|510500.SH|512100.SH|159915.SZ|510880.SH|512040.SH|518880.SH|159981.SZ|159985.SZ|513500.SH|159941.SZ|513090.SH|513130.SH|513200.SH|513310.SH|512010.SH|512070.SH|512800.SH|159851.SZ|512200.SH|512760.SH|515050.SH|159819.SZ|159869.SZ|562500.SH|512660.SH|159755.SZ|515790.SH|512400.SH|515210.SH|515220.SH|516150.SH|512690.SH|159996.SZ|159865.SZ|159766.SZ|159611.SZ|516970.SH|512980.SH|513520.SH|513030.SH,0.7631261347780007,-0.14190711462285177,-0.21235005544389185,-0.30881288024524467,0.35487276323240735,-0.22722202647093814,1.6956816661887784,-0.12748068255618172,0.9961715160796325,0.5768249106687086,,,0.9967078299091895,423.0
primary_leave_one__515050.SH__h2,primary_leave_one_h2,2,2.2854748840483565,0.1587913622625483,0.20327324122662,0.8538956699739915,1.4582798803985144,-0.3768551994242655,0.42135908567837005,28.20387973384392,446.0,0.6421137640621644,11829.413528820296,55520.962480342976,0.0,0.0,0.0,41.0,0.015,7705.315068493169,2948.0,1212.3600000000022,20.045431342521695,4,41,41,14,0.4032669729453803,510300.SH|510500.SH|512100.SH|159915.SZ|510880.SH|512040.SH|518880.SH|159981.SZ|159985.SZ|513500.SH|159941.SZ|513090.SH|513130.SH|513530.SH|513200.SH|513310.SH|512010.SH|512070.SH|512800.SH|159851.SZ|512200.SH|512760.SH|159819.SZ|159869.SZ|562500.SH|512660.SH|159755.SZ|515790.SH|512400.SH|515210.SH|515220.SH|516150.SH|512690.SH|159996.SZ|159865.SZ|159766.SZ|159611.SZ|516970.SH|512980.SH|513520.SH|513030.SH,0.7631261347780007,-0.14190711462285177,-0.1594105299792744,-0.2623515046586664,0.2086863797322731,-0.30670547106586266,0.8340754386575833,-0.12909714509256542,0.9014803471158754,0.5010209290454314,,,0.9803270894375428,416.0
primary_leave_one__515210.SH__h2,primary_leave_one_h2,2,4.663171150597171,0.23965905204611793,0.22547748103229381,1.101441812643599,1.932784676824298,-0.3330684294519455,0.7195489900993318,28.362476388385147,426.0,0.6538668036268518,12376.101755430373,57458.25306120876,0.0,0.0,0.0,35.0,0.015,7572.739726027391,2948.0,1202.5099999999984,20.10515569167943,4,41,41,14,0.3991832567636549,510300.SH|510500.SH|512100.SH|159915.SZ|510880.SH|512040.SH|518880.SH|159981.SZ|159985.SZ|513500.SH|159941.SZ|513090.SH|513130.SH|513530.SH|513200.SH|513310.SH|512010.SH|512070.SH|512800.SH|159851.SZ|512200.SH|512760.SH|515050.SH|159819.SZ|159869.SZ|562500.SH|512660.SH|159755.SZ|515790.SH|512400.SH|515220.SH|516150.SH|512690.SH|159996.SZ|159865.SZ|159766.SZ|159611.SZ|516970.SH|512980.SH|513520.SH|513030.SH,0.7631261347780007,-0.14190711462285177,-0.21235005544389185,-0.30881288024524467,0.38689608226526917,-0.21742294347427382,1.9403507226252636,-0.1274650269983988,0.9951505870342011,0.579122001020929,,,0.9840598612599011,417.0
primary_leave_one__515220.SH__h2,primary_leave_one_h2,2,2.8946385534261267,0.18347050535019993,0.21150485315327927,0.9320453728872126,1.6140195202607093,-0.3688784426895092,0.4973738882991055,28.843237809122538,449.0,0.6377637222337545,12455.202607870888,58703.26342609758,0.0,0.0,0.0,37.0,0.015,8048.26027397262,2948.0,1277.5200000000088,20.10515569167943,4,41,41,14,0.4058192955589586,510300.SH|510500.SH|512100.SH|159915.SZ|510880.SH|512040.SH|518880.SH|159981.SZ|159985.SZ|513500.SH|159941.SZ|513090.SH|513130.SH|513530.SH|513200.SH|513310.SH|512010.SH|512070.SH|512800.SH|159851.SZ|512200.SH|512760.SH|515050.SH|159819.SZ|159869.SZ|562500.SH|512660.SH|159755.SZ|515790.SH|512400.SH|515210.SH|516150.SH|512690.SH|159996.SZ|159865.SZ|159766.SZ|159611.SZ|516970.SH|512980.SH|513520.SH|513030.SH,0.7631261347780007,-0.14190711462285177,-0.2283958101407385,-0.3228959099218409,0.35639371274466414,-0.2437800762251695,1.1105878338118695,-0.1568216330855352,0.9464012251148545,0.5456865747830526,,,0.9840598612599011,417.0
primary_leave_one__515790.SH__h2,primary_leave_one_h2,2,4.648271733945063,0.23925449885391625,0.2258325180748152,1.098567852288484,1.928140293887375,-0.3414194509371776,0.7007641134597804,28.74089687577034,441.0,0.6628285508580597,12693.136374162454,58566.680515396896,0.0,0.0,0.0,38.0,0.015,7213.520547945194,2948.0,1137.350000000001,20.168963757018886,4,41,41,14,0.4002041858090863,510300.SH|510500.SH|512100.SH|159915.SZ|510880.SH|512040.SH|518880.SH|159981.SZ|159985.SZ|513500.SH|159941.SZ|513090.SH|513130.SH|513530.SH|513200.SH|513310.SH|512010.SH|512070.SH|512800.SH|159851.SZ|512200.SH|512760.SH|515050.SH|159819.SZ|159869.SZ|562500.SH|512660.SH|159755.SZ|512400.SH|515210.SH|515220.SH|516150.SH|512690.SH|159996.SZ|159865.SZ|159766.SZ|159611.SZ|516970.SH|512980.SH|513520.SH|513030.SH,0.7631261347780007,-0.14190711462285177,-0.21235005544389185,-0.30881288024524467,0.3689625672196706,-0.22722202647093814,1.9710323411183834,-0.13267474640079502,0.985962225625319,0.5694231750893313,,,0.9870983405617799,418.0
primary_leave_one__516020.SH__h2,primary_leave_one_h2,2,4.533499315812837,0.23610643717471747,0.22375726316223765,1.0949420709038575,1.9150318738186192,-0.3414194509371776,0.6915436028223297,28.383097245106466,439.0,0.6537874537342352,12328.888131694417,57068.707274707835,0.0,0.0,0.0,38.0,0.015,7517.465753424662,2948.0,1193.4700000000014,20.609494640122513,4,42,42,14,0.4012251148545176,510300.SH|510500.SH|512100.SH|159915.SZ|510880.SH|512040.SH|518880.SH|159981.SZ|159985.SZ|513500.SH|159941.SZ|513090.SH|513130.SH|513530.SH|513200.SH|513310.SH|512010.SH|512070.SH|512800.SH|159851.SZ|512200.SH|512760.SH|515050.SH|159819.SZ|159869.SZ|562500.SH|512660.SH|159755.SZ|515790.SH|512400.SH|515210.SH|515220.SH|516150.SH|512690.SH|159996.SZ|159865.SZ|159766.SZ|159611.SZ|516970.SH|512980.SH|513520.SH|513030.SH,0.7631261347780007,-0.14190711462285177,-0.21235005544389185,-0.30881288024524467,0.35487276323240735,-0.22722202647093814,1.9409302093907983,-0.1274872775183793,1.0,0.580653394589076,,,1.0,427.0
primary_leave_one__516150.SH__h2,primary_leave_one_h2,2,4.505748218262477,0.23533667785208,0.22494770313985168,1.0873829448414494,1.905766375874798,-0.3414194509371776,0.6892890173834377,28.614532647099164,437.0,0.6538537834528654,12431.44834129428,57501.4580730477,0.0,0.0,0.0,36.0,0.015,7509.821917808216,2948.0,1192.43,20.229198570699335,4,41,41,14,0.40275650842266464,510300.SH|510500.SH|512100.SH|159915.SZ|510880.SH|512040.SH|518880.SH|159981.SZ|159985.SZ|513500.SH|159941.SZ|513090.SH|513130.SH|513530.SH|513200.SH|513310.SH|512010.SH|512070.SH|512800.SH|159851.SZ|512200.SH|512760.SH|515050.SH|159819.SZ|159869.SZ|562500.SH|512660.SH|159755.SZ|515790.SH|512400.SH|515210.SH|515220.SH|512690.SH|159996.SZ|159865.SZ|159766.SZ|159611.SZ|516970.SH|512980.SH|513520.SH|513030.SH,0.7631261347780007,-0.14190711462285177,-0.21235005544389185,-0.30881288024524467,0.3689625672196706,-0.22722202647093814,1.896063926989501,-0.12743048285762293,0.9923430321592649,0.5750382848392037,,,0.9897172455044082,419.0
primary_leave_one__516970.SH__h2,primary_leave_one_h2,2,4.59022599983826,0.23766945505695292,0.22547793653940118,1.0940368050055775,1.9199563578780279,-0.3414194509371776,0.6961216017557387,28.36861435001374,433.0,0.6538426234441094,12332.392041093433,57121.331405771074,0.0,0.0,0.0,36.0,0.015,7540.849315068497,2948.0,1197.3599999999976,20.229198570699335,4,41,41,14,0.3991832567636549,510300.SH|510500.SH|512100.SH|159915.SZ|510880.SH|512040.SH|518880.SH|159981.SZ|159985.SZ|513500.SH|159941.SZ|513090.SH|513130.SH|513530.SH|513200.SH|513310.SH|512010.SH|512070.SH|512800.SH|159851.SZ|512200.SH|512760.SH|515050.SH|159819.SZ|159869.SZ|562500.SH|512660.SH|159755.SZ|515790.SH|512400.SH|515210.SH|515220.SH|516150.SH|512690.SH|159996.SZ|159865.SZ|159766.SZ|159611.SZ|512980.SH|513520.SH|513030.SH,0.7631261347780007,-0.14190711462285177,-0.21235005544389185,-0.30881288024524467,0.3689625672196706,-0.22722202647093814,1.9404998594286584,-0.12744323874935937,0.9964267483409903,0.579122001020929,,,0.9897172455044082,419.0
primary_leave_one__518880.SH__h2,primary_leave_one_h2,2,3.875560397934591,0.2168710530439819,0.22750069156415514,1.0089960061444632,1.757265556110564,-0.24107806095707873,0.8995885074859358,23.94617310591585,393.0,0.573084175030361,10133.89500555794,49772.395861054654,0.0,0.0,0.0,48.0,0.015,7904.917808219206,2948.0,1266.0799999999945,19.609494640122513,3,41,42,14,0.31955079122001023,510300.SH|510500.SH|512100.SH|159915.SZ|510880.SH|512040.SH|159981.SZ|159985.SZ|513500.SH|159941.SZ|513090.SH|513130.SH|513530.SH|513200.SH|513310.SH|512010.SH|512070.SH|512800.SH|159851.SZ|512200.SH|512760.SH|515050.SH|159819.SZ|159869.SZ|562500.SH|512660.SH|159755.SZ|515790.SH|512400.SH|515210.SH|515220.SH|516150.SH|512690.SH|159996.SZ|159865.SZ|159766.SZ|159611.SZ|516970.SH|512980.SH|513520.SH|513030.SH,0.54004149578514,-0.11145109419944399,-0.11660391938339565,-0.24107806095707873,0.44304891888827247,-0.2367542456328422,1.4834510030518064,-0.20822430448983997,0.78892291985707,0.5755487493619194,,,0.8993844316189277,407.0
primary_leave_one__560280.SH__h2,primary_leave_one_h2,2,4.533499315812837,0.23610643717471747,0.22375726316223765,1.0949420709038575,1.9150318738186192,-0.3414194509371776,0.6915436028223297,28.383097245106466,439.0,0.6537874537342352,12328.888131694417,57068.707274707835,0.0,0.0,0.0,38.0,0.015,7517.465753424662,2948.0,1193.4700000000014,20.609494640122513,4,42,42,14,0.4012251148545176,510300.SH|510500.SH|512100.SH|159915.SZ|510880.SH|512040.SH|518880.SH|159981.SZ|159985.SZ|513500.SH|159941.SZ|513090.SH|513130.SH|513530.SH|513200.SH|513310.SH|512010.SH|512070.SH|512800.SH|159851.SZ|512200.SH|512760.SH|515050.SH|159819.SZ|159869.SZ|562500.SH|512660.SH|159755.SZ|515790.SH|512400.SH|515210.SH|515220.SH|516150.SH|512690.SH|159996.SZ|159865.SZ|159766.SZ|159611.SZ|516970.SH|512980.SH|513520.SH|513030.SH,0.7631261347780007,-0.14190711462285177,-0.21235005544389185,-0.30881288024524467,0.35487276323240735,-0.22722202647093814,1.9409302093907983,-0.1274872775183793,1.0,0.580653394589076,,,1.0,427.0
primary_leave_one__561360.SH__h2,primary_leave_one_h2,2,4.533499315812837,0.23610643717471747,0.22375726316223765,1.0949420709038575,1.9150318738186192,-0.3414194509371776,0.6915436028223297,28.383097245106466,439.0,0.6537874537342352,12328.888131694417,57068.707274707835,0.0,0.0,0.0,38.0,0.015,7517.465753424662,2948.0,1193.4700000000014,20.609494640122513,4,42,42,14,0.4012251148545176,510300.SH|510500.SH|512100.SH|159915.SZ|510880.SH|512040.SH|518880.SH|159981.SZ|159985.SZ|513500.SH|159941.SZ|513090.SH|513130.SH|513530.SH|513200.SH|513310.SH|512010.SH|512070.SH|512800.SH|159851.SZ|512200.SH|512760.SH|515050.SH|159819.SZ|159869.SZ|562500.SH|512660.SH|159755.SZ|515790.SH|512400.SH|515210.SH|515220.SH|516150.SH|512690.SH|159996.SZ|159865.SZ|159766.SZ|159611.SZ|516970.SH|512980.SH|513520.SH|513030.SH,0.7631261347780007,-0.14190711462285177,-0.21235005544389185,-0.30881288024524467,0.35487276323240735,-0.22722202647093814,1.9409302093907983,-0.1274872775183793,1.0,0.580653394589076,,,1.0,427.0
primary_leave_one__561380.SH__h2,primary_leave_one_h2,2,4.533499315812837,0.23610643717471747,0.22375726316223765,1.0949420709038575,1.9150318738186192,-0.3414194509371776,0.6915436028223297,28.383097245106466,439.0,0.6537874537342352,12328.888131694417,57068.707274707835,0.0,0.0,0.0,38.0,0.015,7517.465753424662,2948.0,1193.4700000000014,20.609494640122513,4,42,42,14,0.4012251148545176,510300.SH|510500.SH|512100.SH|159915.SZ|510880.SH|512040.SH|518880.SH|159981.SZ|159985.SZ|513500.SH|159941.SZ|513090.SH|513130.SH|513530.SH|513200.SH|513310.SH|512010.SH|512070.SH|512800.SH|159851.SZ|512200.SH|512760.SH|515050.SH|159819.SZ|159869.SZ|562500.SH|512660.SH|159755.SZ|515790.SH|512400.SH|515210.SH|515220.SH|516150.SH|512690.SH|159996.SZ|159865.SZ|159766.SZ|159611.SZ|516970.SH|512980.SH|513520.SH|513030.SH,0.7631261347780007,-0.14190711462285177,-0.21235005544389185,-0.30881288024524467,0.35487276323240735,-0.22722202647093814,1.9409302093907983,-0.1274872775183793,1.0,0.580653394589076,,,1.0,427.0
primary_leave_one__562500.SH__h2,primary_leave_one_h2,2,4.546217875941065,0.23645809463937528,0.226126342104882,1.0870499539703504,1.9053412888605996,-0.3414194509371776,0.6925735894375988,28.494883589249206,435.0,0.6538243068565713,12359.4276542586,57511.78486938447,0.0,0.0,0.0,36.0,0.015,7524.493150684936,2948.0,1194.75,20.352220520673814,4,41,41,14,0.4012251148545176,510300.SH|510500.SH|512100.SH|159915.SZ|510880.SH|512040.SH|518880.SH|159981.SZ|159985.SZ|513500.SH|159941.SZ|513090.SH|513130.SH|513530.SH|513200.SH|513310.SH|512010.SH|512070.SH|512800.SH|159851.SZ|512200.SH|512760.SH|515050.SH|159819.SZ|159869.SZ|512660.SH|159755.SZ|515790.SH|512400.SH|515210.SH|515220.SH|516150.SH|512690.SH|159996.SZ|159865.SZ|159766.SZ|159611.SZ|516970.SH|512980.SH|513520.SH|513030.SH,0.7631261347780007,-0.14190711462285177,-0.21235005544389185,-0.30881288024524467,0.3689625672196706,-0.22722202647093814,1.9173512636228418,-0.1274580201557043,0.9892802450229708,0.5793772332822869,,,0.9934518940345707,421.0
primary_leave_one__562600.SH__h2,primary_leave_one_h2,2,4.533499315812837,0.23610643717471747,0.22375726316223765,1.0949420709038575,1.9150318738186192,-0.3414194509371776,0.6915436028223297,28.383097245106466,439.0,0.6537874537342352,12328.888131694417,57068.707274707835,0.0,0.0,0.0,38.0,0.015,7517.465753424662,2948.0,1193.4700000000014,20.609494640122513,4,42,42,14,0.4012251148545176,510300.SH|510500.SH|512100.SH|159915.SZ|510880.SH|512040.SH|518880.SH|159981.SZ|159985.SZ|513500.SH|159941.SZ|513090.SH|513130.SH|513530.SH|513200.SH|513310.SH|512010.SH|512070.SH|512800.SH|159851.SZ|512200.SH|512760.SH|515050.SH|159819.SZ|159869.SZ|562500.SH|512660.SH|159755.SZ|515790.SH|512400.SH|515210.SH|515220.SH|516150.SH|512690.SH|159996.SZ|159865.SZ|159766.SZ|159611.SZ|516970.SH|512980.SH|513520.SH|513030.SH,0.7631261347780007,-0.14190711462285177,-0.21235005544389185,-0.30881288024524467,0.35487276323240735,-0.22722202647093814,1.9409302093907983,-0.1274872775183793,1.0,0.580653394589076,,,1.0,427.0
primary_leave_one__563380.SH__h2,primary_leave_one_h2,2,4.533499315812837,0.23610643717471747,0.22375726316223765,1.0949420709038575,1.9150318738186192,-0.3414194509371776,0.6915436028223297,28.383097245106466,439.0,0.6537874537342352,12328.888131694417,57068.707274707835,0.0,0.0,0.0,38.0,0.015,7517.465753424662,2948.0,1193.4700000000014,20.609494640122513,4,42,42,14,0.4012251148545176,510300.SH|510500.SH|512100.SH|159915.SZ|510880.SH|512040.SH|518880.SH|159981.SZ|159985.SZ|513500.SH|159941.SZ|513090.SH|513130.SH|513530.SH|513200.SH|513310.SH|512010.SH|512070.SH|512800.SH|159851.SZ|512200.SH|512760.SH|515050.SH|159819.SZ|159869.SZ|562500.SH|512660.SH|159755.SZ|515790.SH|512400.SH|515210.SH|515220.SH|516150.SH|512690.SH|159996.SZ|159865.SZ|159766.SZ|159611.SZ|516970.SH|512980.SH|513520.SH|513030.SH,0.7631261347780007,-0.14190711462285177,-0.21235005544389185,-0.30881288024524467,0.35487276323240735,-0.22722202647093814,1.9409302093907983,-0.1274872775183793,1.0,0.580653394589076,,,1.0,427.0
