datetime,open,high,low,close,vol,amount,float_shares
2015-07-13,0.949999988079071,0.9869999885559082,0.9020000100135803,0.9580000042915344,52934368.0,49614504.0,2265151.0
2015-07-14,0.9700000286102295,0.9750000238418579,0.953000009059906,0.9670000076293945,28642346.0,27593316.0,2265151.0
2015-07-15,0.9629999995231628,0.9800000190734863,0.9599999785423279,0.9629999995231628,16483791.0,15926969.0,2265151.0
2015-07-16,0.9629999995231628,0.9700000286102295,0.9610000252723694,0.9660000205039978,10938713.0,10564361.0,2265151.0
2015-07-17,0.9679999947547913,0.9990000128746033,0.9679999947547913,0.9890000224113464,6495588.0,6379479.0,2265151.0
2015-07-20,0.9879999756813049,0.996999979019165,0.9810000061988831,0.9900000095367432,5619749.0,5570725.5,2265151.0
2015-07-21,0.9879999756813049,0.9950000047683716,0.9879999756813049,0.9940000176429749,16217489.0,16113325.0,2265151.0
2015-07-22,0.9900000095367432,1.0019999742507935,0.9900000095367432,1.0019999742507935,15820528.0,15801524.0,2265151.0
2015-07-23,1.003999948501587,1.0080000162124634,0.9980000257492065,1.00600004196167,23314852.0,23390138.0,2265151.0
2015-07-24,1.0010000467300415,1.0110000371932983,1.0010000467300415,1.0069999694824219,8040016.0,8096419.0,2265151.0
2015-07-27,0.9990000128746033,1.0010000467300415,0.9829999804496765,0.9929999709129333,13662368.0,13597618.0,2265151.0
2015-07-28,0.9919999837875366,0.9919999837875366,0.949999988079071,0.9779999852180481,1670835.0,1630480.625,2265151.0
2015-07-29,0.9789999723434448,0.9909999966621399,0.9789999723434448,0.9879999756813049,2921102.0,2889097.75,2265151.0
2015-07-30,0.9929999709129333,0.9929999709129333,0.9860000014305115,0.9879999756813049,574012.0,569071.0625,2265151.0
2015-07-31,0.9879999756813049,1.0,0.9850000143051147,0.9850000143051147,1936861.0,1915272.5,2265151.0
2015-08-03,0.9950000047683716,0.9950000047683716,0.9800000190734863,0.9909999966621399,5462692.0,5406127.0,2265151.0
2015-08-04,0.9869999885559082,0.9929999709129333,0.9869999885559082,0.9879999756813049,480116.0,474500.0,2265151.0
2015-08-05,0.9860000014305115,0.9929999709129333,0.9850000143051147,0.9860000014305115,1221429.0,1207690.5,2265151.0
2015-08-06,0.9879999756813049,0.9959999918937683,0.9879999756813049,0.9909999966621399,597830.0,591901.0,2265151.0
2015-08-07,0.9850000143051147,0.9869999885559082,0.9779999852180481,0.9800000190734863,1156902.0,1133828.5,2265151.0
2015-08-10,0.9789999723434448,0.9789999723434448,0.972000002861023,0.9750000238418579,1042535.0,1016154.25,2265151.0
2015-08-11,0.9829999804496765,1.0099999904632568,0.9829999804496765,1.003999948501587,5932251.0,5902757.5,2265151.0
2015-08-12,0.996999979019165,1.0099999904632568,0.9890000224113464,0.9919999837875366,4551026.0,4530558.0,2265151.0
2015-08-13,0.9959999918937683,1.0099999904632568,0.9950000047683716,0.9990000128746033,5084980.0,5100234.5,2265151.0
2015-08-14,0.9909999966621399,1.0099999904632568,0.9909999966621399,1.0,3241720.0,3245488.5,2265151.0
2015-08-17,0.9980000257492065,0.9980000257492065,0.9919999837875366,0.9929999709129333,637505.0,633380.0625,2265151.0
2015-08-18,0.996999979019165,1.0019999742507935,0.9959999918937683,0.9980000257492065,2236525.0,2236998.5,2265151.0
2015-08-19,0.996999979019165,0.996999979019165,0.9890000224113464,0.9950000047683716,605610.0,601262.4375,2265151.0
2015-08-20,0.9890000224113464,0.9890000224113464,0.9789999723434448,0.9890000224113464,1757013.0,1731559.25,2265151.0
2015-08-21,0.9679999947547913,0.9679999947547913,0.9430000185966492,0.9440000057220459,1735213.0,1649536.625,2265151.0
2015-08-24,0.8999999761581421,0.9120000004768372,0.8560000061988831,0.8619999885559082,2819975.0,2484567.0,2265151.0
2015-08-25,0.8299999833106995,0.8799999952316284,0.7860000133514404,0.8550000190734863,4623823.0,3958550.0,2265151.0
2015-08-26,0.8550000190734863,0.878000020980835,0.8450000286102295,0.8600000143051147,2331668.0,2004056.125,2265151.0
2015-08-27,0.8970000147819519,0.8999999761581421,0.8899999856948853,0.8989999890327454,296304.0,264778.46875,2265151.0
2015-08-28,0.9190000295639038,0.925000011920929,0.9160000085830688,0.9210000038146973,1340092.0,1231325.5,2265151.0
2015-08-31,0.9210000038146973,0.9369999766349792,0.9200000166893005,0.9290000200271606,1085163.0,1002482.4375,2265151.0
2015-09-01,0.9160000085830688,0.925000011920929,0.902999997138977,0.9089999794960022,1492200.0,1367439.625,2265151.0
2015-09-02,0.8799999952316284,0.8999999761581421,0.8799999952316284,0.8980000019073486,328700.0,294165.90625,2265151.0
2015-09-07,0.8960000276565552,0.9120000004768372,0.8960000276565552,0.9100000262260437,406303.0,368365.625,2265151.0
2015-09-08,0.9169999957084656,0.9169999957084656,0.9049999713897705,0.9150000214576721,197300.0,180220.203125,2265151.0
2015-09-09,0.9390000104904175,0.9390000104904175,0.9179999828338623,0.9200000166893005,560600.0,517654.09375,2265151.0
2015-09-10,0.9139999747276306,0.9179999828338623,0.9139999747276306,0.9139999747276306,373000.0,341507.1875,2265151.0
2015-09-11,0.9190000295639038,0.9300000071525574,0.9190000295639038,0.9200000166893005,3059384.0,2826736.5,2265151.0
2015-09-14,0.9319999814033508,0.9350000023841858,0.9290000200271606,0.9290000200271606,937380.0,874128.125,2265151.0
2015-09-15,0.9319999814033508,0.9319999814033508,0.8999999761581421,0.9120000004768372,590400.0,545351.8125,2265151.0
2015-09-16,0.9350000023841858,0.9419999718666077,0.9350000023841858,0.9399999976158142,984438.0,922463.3125,2265151.0
2015-09-17,0.9449999928474426,0.9449999928474426,0.9390000104904175,0.9409999847412109,1679001.0,1579893.0,2265151.0
2015-09-18,0.9449999928474426,0.9509999752044678,0.9449999928474426,0.9480000138282776,921012.0,874034.375,2265151.0
2015-09-21,0.9269999861717224,0.9330000281333923,0.9269999861717224,0.9330000281333923,166500.0,155126.09375,2265151.0
2015-09-22,0.9369999766349792,0.9409999847412109,0.9309999942779541,0.9350000023841858,1081708.0,1012626.875,2265151.0
2015-09-23,0.921999990940094,0.9259999990463257,0.9129999876022339,0.9259999990463257,310400.0,284256.09375,2265151.0
2015-09-24,0.9200000166893005,0.9200000166893005,0.9150000214576721,0.9150000214576721,5011104.0,4590163.5,2265151.0
2015-09-25,0.890999972820282,0.9160000085830688,0.890999972820282,0.9150000214576721,309436.0,281895.8125,2265151.0
2015-09-28,0.9079999923706055,0.9079999923706055,0.9020000100135803,0.906000018119812,352200.0,319162.3125,2265151.0
2015-09-29,0.8679999709129333,0.8769999742507935,0.8679999709129333,0.8709999918937683,1524912.0,1331798.625,2265151.0
2015-09-30,0.8740000128746033,0.878000020980835,0.8730000257492065,0.878000020980835,822654.0,720268.75,2265151.0
2015-10-08,0.9559999704360962,0.9559999704360962,0.9190000295639038,0.9240000247955322,1122840.0,1035744.625,2265151.0
2015-10-09,0.9279999732971191,0.9300000071525574,0.9229999780654907,0.9269999861717224,832600.0,772795.625,2265151.0
2015-10-12,0.9279999732971191,0.9309999942779541,0.9240000247955322,0.9290000200271606,661001.0,613605.25,2265151.0
2015-10-13,0.9269999861717224,0.9330000281333923,0.9269999861717224,0.9300000071525574,418708.0,389411.53125,2265151.0
2015-10-14,0.9300000071525574,0.9300000071525574,0.9269999861717224,0.9290000200271606,288412.0,267646.25,2265151.0
2015-10-15,0.9269999861717224,0.9309999942779541,0.925000011920929,0.9259999990463257,614917.0,569608.125,2265151.0
2015-10-16,0.9340000152587891,0.9419999718666077,0.9340000152587891,0.9409999847412109,690309.0,648316.625,2265151.0
2015-10-19,0.9390000104904175,0.9440000057220459,0.9390000104904175,0.9419999718666077,662000.0,623609.5,2265151.0
2015-10-20,0.9449999928474426,0.953000009059906,0.9440000057220459,0.9490000009536743,1302424.0,1235198.0,2265151.0
2015-10-21,0.9490000009536743,0.953000009059906,0.9449999928474426,0.9449999928474426,1277005.0,1212483.75,2265151.0
2015-10-22,0.9399999976158142,0.9440000057220459,0.9380000233650208,0.9399999976158142,209700.0,197121.0,2265151.0
2015-10-23,0.949999988079071,0.9779999852180481,0.949999988079071,0.9700000286102295,3145818.0,3052820.25,2265151.0
2015-10-26,0.9900000095367432,0.9909999966621399,0.9829999804496765,0.9850000143051147,802101.0,792626.375,2265151.0
2015-10-27,0.9649999737739563,0.9860000014305115,0.9649999737739563,0.9829999804496765,788005.0,775914.5,2265151.0
2015-10-28,0.9860000014305115,0.9890000224113464,0.9860000014305115,0.9890000224113464,1487816.0,1469187.125,2265151.0
2015-10-29,0.9950000047683716,1.0,0.9929999709129333,0.996999979019165,947239.0,944198.875,2265151.0
2015-10-30,0.9950000047683716,0.9980000257492065,0.9940000176429749,0.9959999918937683,623952.0,621190.8125,2265151.0
2015-11-02,0.9890000224113464,0.9890000224113464,0.9860000014305115,0.9860000014305115,305133.0,301392.96875,2265151.0
2015-11-03,1.0,1.0019999742507935,0.9990000128746033,0.9990000128746033,844349.0,844390.0625,2265151.0
2015-11-04,0.9890000224113464,1.0010000467300415,0.9890000224113464,1.0,1108600.0,1106068.375,2265151.0
2015-11-05,0.9879999756813049,0.9980000257492065,0.9819999933242798,0.9940000176429749,469500.0,467170.6875,2265151.0
2015-11-06,0.9950000047683716,1.0,0.9940000176429749,1.0,409611.0,408083.625,2265151.0
2015-11-09,1.0,1.00600004196167,0.9940000176429749,1.0019999742507935,6001161.0,6005856.5,2265151.0
2015-11-10,0.9940000176429749,0.9950000047683716,0.9919999837875366,0.9919999837875366,299559.0,297240.375,2265151.0
2015-11-11,0.9919999837875366,0.9919999837875366,0.9869999885559082,0.9900000095367432,140104.0,138516.453125,2265151.0
2015-11-12,0.9850000143051147,0.9950000047683716,0.984000027179718,0.9890000224113464,216808.0,214773.90625,2265151.0
2015-11-13,0.9879999756813049,0.9879999756813049,0.9729999899864197,0.9860000014305115,439002.0,429142.5625,2265151.0
2015-11-16,0.9580000042915344,0.968999981880188,0.9580000042915344,0.968999981880188,24700.0,23762.400390625,2265151.0
2015-11-17,0.9789999723434448,0.9850000143051147,0.9750000238418579,0.9769999980926514,267800.0,262339.875,2265151.0
2015-11-18,0.9760000109672546,0.9779999852180481,0.9700000286102295,0.9779999852180481,71500.0,69361.796875,2265151.0
2015-11-19,0.9879999756813049,1.0,0.9879999756813049,1.0,453610.0,452320.53125,2265151.0
2015-11-20,0.9990000128746033,0.9990000128746033,0.9890000224113464,0.9980000257492065,125402.0,124635.984375,2265151.0
2015-11-23,0.9980000257492065,1.0019999742507935,0.9829999804496765,1.0,826805.0,824962.75,2265151.0
2015-11-24,0.996999979019165,1.00600004196167,0.996999979019165,1.0049999952316284,2020802.0,2024393.375,2265151.0
2015-11-25,0.9929999709129333,1.0,0.9929999709129333,0.996999979019165,448008.0,446480.0625,2265151.0
2015-11-26,1.0,1.00600004196167,1.0,1.003000020980835,1108515.0,1112558.375,2265151.0
2015-11-27,1.003000020980835,1.0089999437332153,1.0019999742507935,1.0019999742507935,1154344.0,1160366.5,2265151.0
2015-11-30,1.00600004196167,1.00600004196167,0.9950000047683716,0.9990000128746033,322609.0,322257.09375,2265151.0
2015-12-01,0.9980000257492065,1.0080000162124634,0.9980000257492065,1.00600004196167,1725878.0,1732738.0,2265151.0
2015-12-02,1.0080000162124634,1.0180000066757202,1.0080000162124634,1.0169999599456787,1708281.0,1729304.625,2265151.0
2015-12-03,1.0169999599456787,1.0169999599456787,1.0010000467300415,1.0019999742507935,190400.0,190857.796875,2265151.0
2015-12-04,0.9990000128746033,0.9990000128746033,0.9909999966621399,0.9950000047683716,42501.0,42186.4921875,2265151.0
2015-12-07,1.0169999599456787,1.0169999599456787,1.0019999742507935,1.0049999952316284,167312.0,168161.390625,2265151.0
2015-12-08,1.0049999952316284,1.0049999952316284,0.996999979019165,1.0010000467300415,286652.0,286063.6875,2265151.0
2015-12-09,1.0010000467300415,1.0080000162124634,1.0010000467300415,1.0080000162124634,629494.0,632179.0,2265151.0
2015-12-10,0.9990000128746033,0.9990000128746033,0.9929999709129333,0.996999979019165,87404.0,86947.171875,2265151.0
2015-12-11,0.9959999918937683,1.0019999742507935,0.9959999918937683,1.0019999742507935,24700.0,24730.599609375,2265151.0
2015-12-14,0.9760000109672546,0.9869999885559082,0.9760000109672546,0.9860000014305115,829646.0,817963.0625,2265151.0
2015-12-15,0.9950000047683716,0.9950000047683716,0.9850000143051147,0.9850000143051147,27900.0,27510.5,2265151.0
2015-12-16,1.003000020980835,1.003000020980835,0.9929999709129333,0.9940000176429749,72995.0,72578.1328125,2265151.0
2015-12-17,1.00600004196167,1.0099999904632568,1.0010000467300415,1.0019999742507935,492760.0,494013.0,2265151.0
2015-12-18,1.0,1.0,0.9919999837875366,0.996999979019165,338716.0,337466.96875,2265151.0
2015-12-21,0.9879999756813049,0.9890000224113464,0.9810000061988831,0.9890000224113464,182817.0,180336.609375,2265151.0
2015-12-22,0.996999979019165,0.996999979019165,0.9819999933242798,0.9879999756813049,413800.0,409427.03125,2265151.0
2015-12-23,0.9909999966621399,0.9919999837875366,0.9879999756813049,0.9879999756813049,172100.0,170264.09375,2265151.0
2015-12-24,0.9929999709129333,0.9980000257492065,0.9929999709129333,0.9959999918937683,190104.0,189332.78125,2265151.0
2015-12-25,0.9959999918937683,0.9959999918937683,0.9909999966621399,0.9940000176429749,162040.0,161195.703125,2265151.0
2015-12-28,0.9919999837875366,0.9950000047683716,0.9909999966621399,0.9909999966621399,64800.0,64296.80078125,2265151.0
2015-12-29,0.9929999709129333,0.9929999709129333,0.9900000095367432,0.9929999709129333,164500.0,162980.5,2265151.0
2015-12-30,0.996999979019165,1.003999948501587,0.996999979019165,1.003999948501587,1561143.0,1562778.25,2265151.0
2015-12-31,1.003000020980835,1.00600004196167,0.9900000095367432,1.00600004196167,2281495.0,2288466.0,2265151.0
2016-01-04,1.0099999904632568,1.0099999904632568,0.9919999837875366,0.9959999918937683,223297.0,223243.984375,2265151.0
2016-01-05,0.9679999947547913,0.9940000176429749,0.9679999947547913,0.9769999980926514,137497.0,134787.671875,2265151.0
2016-01-06,0.9829999804496765,0.9869999885559082,0.9779999852180481,0.9789999723434448,186800.0,183255.09375,2265151.0
2016-01-07,0.9700000286102295,0.9829999804496765,0.9679999947547913,0.9679999947547913,214600.0,209383.796875,2265151.0
2016-01-08,0.9459999799728394,1.003999948501587,0.9449999928474426,0.9649999737739563,710300.0,680011.1875,2265151.0
2016-01-11,0.8999999761581421,0.9649999737739563,0.8999999761581421,0.9350000023841858,181001.0,169823.59375,2265151.0
2016-01-12,0.9409999847412109,0.9580000042915344,0.9409999847412109,0.9549999833106995,866091.0,823720.0,2265151.0
2016-01-13,0.949999988079071,0.9649999737739563,0.949999988079071,0.9610000252723694,618200.0,591193.125,2265151.0
2016-01-14,0.906000018119812,0.9440000057220459,0.906000018119812,0.9399999976158142,1242602.0,1151634.875,2265151.0
2016-01-15,0.9319999814033508,0.9559999704360962,0.9279999732971191,0.9409999847412109,1343401.0,1258728.625,2265151.0
2016-01-18,0.9089999794960022,0.9549999833106995,0.9070000052452087,0.9380000233650208,283802.0,262818.3125,2265151.0
2016-01-19,0.9110000133514404,0.9319999814033508,0.9110000133514404,0.9319999814033508,452560.0,418573.125,2265151.0
2016-01-20,0.925000011920929,0.9340000152587891,0.9139999747276306,0.9139999747276306,48100.0,44012.5,2265151.0
2016-01-21,0.9160000085830688,0.9210000038146973,0.9010000228881836,0.9139999747276306,22700.0,20823.69921875,2265151.0
2016-01-22,0.9259999990463257,0.9350000023841858,0.9129999876022339,0.9169999957084656,60100.0,55215.25,2265151.0
2016-01-25,0.9369999766349792,0.9369999766349792,0.9169999957084656,0.9179999828338623,539030.0,496072.96875,2265151.0
2016-01-26,0.9150000214576721,0.9190000295639038,0.9089999794960022,0.9100000262260437,611200.0,557923.1875,2265151.0
2016-01-27,0.9190000295639038,0.9210000038146973,0.9039999842643738,0.9100000262260437,710800.0,647839.125,2265151.0
2016-01-28,0.9039999842643738,0.9070000052452087,0.8980000019073486,0.906000018119812,111501.0,100460.3984375,2265151.0
2016-01-29,0.9089999794960022,0.9179999828338623,0.9070000052452087,0.9179999828338623,111116.0,101351.4609375,2265151.0
2016-02-01,0.9210000038146973,0.9319999814033508,0.9210000038146973,0.9229999780654907,60600.0,56065.8984375,2265151.0
2016-02-02,0.9290000200271606,0.9309999942779541,0.9229999780654907,0.9309999942779541,107100.0,99651.3984375,2265151.0
2016-02-03,0.9100000262260437,0.9200000166893005,0.902999997138977,0.9169999957084656,43300.0,39703.5,2265151.0
2016-02-04,0.9049999713897705,0.9190000295639038,0.9049999713897705,0.9160000085830688,66301.0,60512.015625,2265151.0
2016-02-05,0.9179999828338623,0.9269999861717224,0.9100000262260437,0.9160000085830688,206766.0,189366.359375,2265151.0
2016-02-15,0.8989999890327454,0.8989999890327454,0.8899999856948853,0.890999972820282,184400.0,164628.5,2265151.0
2016-02-16,0.8930000066757202,0.9480000138282776,0.8930000066757202,0.9049999713897705,336211.0,309347.03125,2265151.0
2016-02-17,0.9190000295639038,0.9300000071525574,0.9020000100135803,0.9179999828338623,256300.0,233579.40625,2265151.0
2016-02-18,0.9100000262260437,0.9229999780654907,0.9100000262260437,0.9110000133514404,92000.0,83800.1015625,2265151.0
2016-02-19,0.9100000262260437,0.9139999747276306,0.9049999713897705,0.9110000133514404,26800.0,24359.19921875,2265151.0
2016-02-22,0.9039999842643738,0.9139999747276306,0.9039999842643738,0.9139999747276306,6310.0,5741.4599609375,2265151.0
2016-02-23,0.9229999780654907,0.9279999732971191,0.9160000085830688,0.921999990940094,224200.0,206242.09375,2265151.0
2016-02-24,0.9190000295639038,0.9190000295639038,0.9079999923706055,0.9139999747276306,64500.0,58742.1015625,2265151.0
2016-02-25,0.9110000133514404,0.9279999732971191,0.9010000228881836,0.9139999747276306,36600.0,33227.80078125,2265151.0
2016-02-26,0.925000011920929,0.925000011920929,0.9150000214576721,0.9229999780654907,89800.0,82790.1015625,2265151.0
2016-02-29,0.9100000262260437,0.9259999990463257,0.9100000262260437,0.9110000133514404,35501.0,32480.609375,2265151.0
2016-03-01,0.9139999747276306,0.9150000214576721,0.9120000004768372,0.9139999747276306,43900.0,40122.80078125,2265151.0
2016-03-02,0.9290000200271606,0.9399999976158142,0.9229999780654907,0.9340000152587891,270824.0,252745.859375,2265151.0
2016-03-03,0.9340000152587891,0.9399999976158142,0.9340000152587891,0.9399999976158142,202700.0,190178.90625,2265151.0
2016-03-04,0.9399999976158142,0.9449999928474426,0.9380000233650208,0.9440000057220459,139000.0,130894.0,2265151.0
2016-03-07,0.9419999718666077,0.9419999718666077,0.9419999718666077,0.9419999718666077,91600.0,86287.203125,2265151.0
2016-03-08,0.9419999718666077,0.9419999718666077,0.9319999814033508,0.9369999766349792,27700.0,25961.099609375,2265151.0
2016-03-09,0.921999990940094,0.9290000200271606,0.9210000038146973,0.9290000200271606,183400.0,169426.0,2265151.0
2016-03-10,0.9340000152587891,0.9340000152587891,0.9229999780654907,0.9340000152587891,114804.0,106622.3046875,2265151.0
2016-03-11,0.921999990940094,0.9340000152587891,0.9190000295639038,0.9340000152587891,62600.0,58102.79296875,2265151.0
2016-03-14,0.9350000023841858,0.9470000267028809,0.9350000023841858,0.9430000185966492,262211.0,246748.9375,2265151.0
2016-03-15,0.9279999732971191,0.9440000057220459,0.9279999732971191,0.9399999976158142,165800.0,155619.59375,2265151.0
2016-03-16,0.9369999766349792,0.9399999976158142,0.9369999766349792,0.9399999976158142,48900.0,45917.80078125,2265151.0
2016-03-17,0.949999988079071,0.9580000042915344,0.9440000057220459,0.953000009059906,320700.0,304243.09375,2265151.0
2016-03-18,0.949999988079071,0.9580000042915344,0.9480000138282776,0.949999988079071,299701.0,285190.34375,2265151.0
2016-03-21,0.9509999752044678,0.9509999752044678,0.9470000267028809,0.949999988079071,174844.0,165718.140625,2265151.0
2016-03-22,0.9449999928474426,0.953000009059906,0.9419999718666077,0.9430000185966492,343907.0,325348.6875,2265151.0
2016-03-23,0.9490000009536743,0.949999988079071,0.9459999799728394,0.949999988079071,101804.0,96579.3203125,2265151.0
2016-03-24,0.9419999718666077,0.9470000267028809,0.9390000104904175,0.9390000104904175,200700.0,188978.09375,2265151.0
2016-03-25,0.9359999895095825,0.9419999718666077,0.9359999895095825,0.9409999847412109,82168.0,77151.78125,2265151.0
2016-03-28,0.9399999976158142,0.9430000185966492,0.9359999895095825,0.9419999718666077,386906.0,363802.8125,2265151.0
2016-03-29,0.9419999718666077,0.9440000057220459,0.9390000104904175,0.9430000185966492,86800.0,81765.8984375,2265151.0
2016-03-30,0.9449999928474426,0.9559999704360962,0.9440000057220459,0.9549999833106995,384700.0,366360.8125,2265151.0
2016-03-31,0.9570000171661377,0.9589999914169312,0.9480000138282776,0.9480000138282776,218502.0,208870.0,2265151.0
2016-04-01,0.9509999752044678,0.9549999833106995,0.949999988079071,0.953000009059906,177300.0,168799.40625,2265151.0
2016-04-05,0.9559999704360962,0.9580000042915344,0.9509999752044678,0.9570000171661377,110101.0,105101.6484375,2265151.0
2016-04-06,0.9509999752044678,0.9549999833106995,0.9509999752044678,0.9549999833106995,152101.0,144941.953125,2265151.0
2016-04-07,0.9549999833106995,0.9639999866485596,0.9549999833106995,0.9620000123977661,110300.0,105969.296875,2265151.0
2016-04-08,0.9599999785423279,0.9599999785423279,0.953000009059906,0.9549999833106995,71900.0,68767.203125,2265151.0
2016-04-11,0.9449999928474426,0.9559999704360962,0.9449999928474426,0.953000009059906,75102.0,71343.703125,2265151.0
2016-04-12,0.9480000138282776,0.9509999752044678,0.9459999799728394,0.9509999752044678,55700.0,52853.19921875,2265151.0
2016-04-13,0.9549999833106995,0.9570000171661377,0.953000009059906,0.9539999961853027,132200.0,126403.6015625,2265151.0
2016-04-14,0.9580000042915344,0.968999981880188,0.9580000042915344,0.9660000205039978,372654.0,359747.875,2265151.0
2016-04-15,0.9679999947547913,0.9700000286102295,0.9649999737739563,0.968999981880188,237476.0,229583.203125,2265151.0
2016-04-18,0.9649999737739563,0.9649999737739563,0.9549999833106995,0.9549999833106995,142802.0,136528.8125,2265151.0
2016-04-19,0.9559999704360962,0.9729999899864197,0.9559999704360962,0.9729999899864197,564802.0,546778.3125,2265151.0
2016-04-20,0.9890000224113464,0.9890000224113464,0.9610000252723694,0.9610000252723694,298600.0,290794.90625,2265151.0
2016-04-21,0.9570000171661377,0.9679999947547913,0.9570000171661377,0.9670000076293945,200036.0,192765.125,2265151.0
2016-04-22,0.9610000252723694,0.9679999947547913,0.9610000252723694,0.9629999995231628,166515.0,160602.53125,2265151.0
2016-04-25,0.9660000205039978,0.9729999899864197,0.9520000219345093,0.9660000205039978,695184.0,670687.125,2265151.0
2016-04-26,0.9589999914169312,0.9660000205039978,0.9589999914169312,0.9660000205039978,83068.0,80134.5234375,2265151.0
2016-04-27,0.9509999752044678,0.9660000205039978,0.9509999752044678,0.9610000252723694,66900.0,64341.19921875,2265151.0
2016-04-28,0.9610000252723694,0.9610000252723694,0.9480000138282776,0.953000009059906,173768.0,165358.859375,2265151.0
2016-04-29,0.949999988079071,0.9559999704360962,0.9409999847412109,0.9490000009536743,96005.0,91018.5234375,2265151.0
2016-05-03,0.949999988079071,0.9509999752044678,0.9409999847412109,0.9409999847412109,161808.0,152859.421875,2265151.0
2016-05-04,0.9409999847412109,0.9409999847412109,0.9359999895095825,0.9359999895095825,43700.0,41019.0,2265151.0
2016-05-05,0.9290000200271606,0.9359999895095825,0.9269999861717224,0.9359999895095825,76803.0,71574.1953125,2265151.0
2016-05-06,0.9340000152587891,0.9340000152587891,0.9229999780654907,0.9259999990463257,82300.0,76195.0,2265151.0
2016-05-09,0.9319999814033508,0.9380000233650208,0.9300000071525574,0.9330000281333923,57200.0,53433.3984375,2265151.0
2016-05-10,0.9369999766349792,0.9430000185966492,0.9369999766349792,0.9399999976158142,131000.0,123116.203125,2265151.0
2016-05-11,0.9409999847412109,0.9490000009536743,0.9409999847412109,0.9470000267028809,94004.0,88881.4765625,2265151.0
2016-05-12,0.9449999928474426,0.9449999928474426,0.9380000233650208,0.9449999928474426,63003.0,59354.6171875,2265151.0
2016-05-13,0.9449999928474426,0.9449999928474426,0.9390000104904175,0.9399999976158142,31200.0,29353.900390625,2265151.0
2016-05-16,0.9390000104904175,0.9390000104904175,0.9290000200271606,0.9330000281333923,6001.0,5589.23095703125,2265151.0
2016-05-17,0.9399999976158142,0.949999988079071,0.9399999976158142,0.9440000057220459,38903.0,36741.25,2265151.0
2016-05-18,0.9319999814033508,0.9440000057220459,0.9309999942779541,0.9350000023841858,69804.0,65078.21484375,2265151.0
2016-05-19,0.9350000023841858,0.9380000233650208,0.9340000152587891,0.9350000023841858,28000.0,26172.30078125,2265151.0
2016-05-20,0.9340000152587891,0.9399999976158142,0.9300000071525574,0.9359999895095825,214300.0,200086.40625,2265151.0
2016-05-23,0.9359999895095825,0.9559999704360962,0.9359999895095825,0.9490000009536743,125204.0,118656.984375,2265151.0
2016-05-24,0.9589999914169312,0.9589999914169312,0.9390000104904175,0.9449999928474426,74801.0,70420.9375,2265151.0
2016-05-25,0.9480000138282776,0.9610000252723694,0.9480000138282776,0.9580000042915344,317005.0,303651.96875,2265151.0
2016-05-26,0.9760000109672546,0.9760000109672546,0.9620000123977661,0.9670000076293945,104100.0,100693.8984375,2265151.0
2016-05-27,0.972000002861023,0.972000002861023,0.9639999866485596,0.968999981880188,137800.0,133146.703125,2265151.0
2016-05-30,0.9739999771118164,0.9760000109672546,0.9700000286102295,0.9760000109672546,250199.0,243602.421875,2265151.0
2016-05-31,0.9760000109672546,0.9789999723434448,0.9710000157356262,0.9779999852180481,194100.0,189517.203125,2265151.0
2016-06-01,0.953000009059906,0.9819999933242798,0.953000009059906,0.9779999852180481,140200.0,137155.09375,2265151.0
2016-06-02,0.9800000190734863,0.9800000190734863,0.9750000238418579,0.9750000238418579,45900.0,44885.79296875,2265151.0
2016-06-03,0.9800000190734863,1.0099999904632568,0.9710000157356262,0.9879999756813049,1291026.0,1267582.375,2265151.0
2016-06-06,0.9580000042915344,0.9789999723434448,0.9580000042915344,0.9760000109672546,76400.0,74545.1015625,2265151.0
2016-06-07,0.9779999852180481,0.984000027179718,0.9779999852180481,0.9789999723434448,41800.0,40980.19921875,2265151.0
2016-06-08,0.9789999723434448,0.984000027179718,0.9700000286102295,0.9779999852180481,208506.0,203682.515625,2265151.0
2016-06-13,0.9779999852180481,0.9779999852180481,0.9610000252723694,0.9700000286102295,168800.0,162842.09375,2265151.0
2016-06-14,0.9620000123977661,0.9639999866485596,0.9610000252723694,0.9610000252723694,62099.0,59805.5390625,2265151.0
2016-06-15,0.9620000123977661,0.9670000076293945,0.9620000123977661,0.9620000123977661,56900.0,54768.30078125,2265151.0
2016-06-16,0.9629999995231628,0.9649999737739563,0.9549999833106995,0.9570000171661377,151300.0,145135.5,2265151.0
2016-06-17,0.9649999737739563,0.9649999737739563,0.9599999785423279,0.9610000252723694,7800.0,7522.5,2265151.0
2016-06-20,0.9649999737739563,0.968999981880188,0.9649999737739563,0.968999981880188,69300.0,67086.5,2265151.0
2016-06-21,0.9760000109672546,0.9760000109672546,0.9570000171661377,0.9660000205039978,13700.0,13231.2001953125,2265151.0
2016-06-22,0.9670000076293945,0.9679999947547913,0.9549999833106995,0.9610000252723694,52303.0,50043.265625,2265151.0
2016-06-23,0.9559999704360962,0.9750000238418579,0.9559999704360962,0.9649999737739563,700.0,674.7000122070312,2265151.0
2016-06-24,0.9959999918937683,0.9959999918937683,0.9369999766349792,0.953000009059906,151500.0,143636.703125,2265151.0
2016-06-27,0.9539999961853027,0.9589999914169312,0.9409999847412109,0.9570000171661377,58071.0,55278.78125,2265151.0
2016-06-28,0.9359999895095825,0.9679999947547913,0.9359999895095825,0.9470000267028809,43400.0,41074.80078125,2265151.0
2016-06-29,0.9409999847412109,0.9539999961853027,0.9380000233650208,0.9520000219345093,73800.0,69676.0,2265151.0
2016-06-30,0.9800000190734863,0.9800000190734863,0.9559999704360962,0.968999981880188,7500.0,7230.0,2265151.0
2016-07-01,0.9789999723434448,0.9789999723434448,0.9610000252723694,0.9700000286102295,93440.0,90382.828125,2265151.0
2016-07-04,0.9520000219345093,0.9760000109672546,0.9520000219345093,0.9660000205039978,278927.0,267678.71875,2265151.0
2016-07-05,0.9710000157356262,0.9710000157356262,0.9570000171661377,0.9649999737739563,1161504.0,1120837.625,2265151.0
2016-07-06,0.953000009059906,0.9710000157356262,0.953000009059906,0.9679999947547913,1000.0,960.2000122070312,2265151.0
2016-07-07,0.9779999852180481,0.9779999852180481,0.9620000123977661,0.9679999947547913,38600.0,37290.1953125,2265151.0
2016-07-08,0.9789999723434448,0.9789999723434448,0.9649999737739563,0.9739999771118164,75235.0,72843.3828125,2265151.0
2016-07-11,0.9739999771118164,0.9900000095367432,0.972000002861023,0.9879999756813049,519559.0,509380.0,2265151.0
2016-07-12,1.0,1.0,0.9879999756813049,0.9929999709129333,326202.0,323190.59375,2265151.0
2016-07-13,1.0,1.00600004196167,0.9929999709129333,1.00600004196167,852389.0,851574.5625,2265151.0
2016-07-14,0.996999979019165,1.0130000114440918,0.996999979019165,1.0130000114440918,880509.0,888102.25,2265151.0
2016-07-15,1.0130000114440918,1.024999976158142,1.0089999437332153,1.0199999809265137,550406.0,560936.875,2265151.0
2016-07-18,1.0199999809265137,1.0199999809265137,1.0010000467300415,1.0190000534057617,23100.0,23449.0,2265151.0
2016-07-19,1.0180000066757202,1.0190000534057617,1.0130000114440918,1.0140000581741333,77214.0,78342.078125,2265151.0
2016-07-20,1.0140000581741333,1.0180000066757202,1.0049999952316284,1.0180000066757202,113700.0,115372.3984375,2265151.0
2016-07-21,1.0180000066757202,1.031000018119812,1.0180000066757202,1.0299999713897705,4188581.0,4300247.5,2265151.0
2016-07-22,1.027999997138977,1.027999997138977,1.0140000581741333,1.0160000324249268,52100.0,52950.6015625,2265151.0
2016-07-25,1.034000039100647,1.034000039100647,1.0240000486373901,1.024999976158142,113600.0,116438.1015625,2265151.0
2016-07-26,1.0290000438690186,1.031000018119812,1.0169999599456787,1.031000018119812,400316.0,410970.09375,2265151.0
2016-07-27,1.034000039100647,1.0399999618530273,1.0219999551773071,1.027999997138977,744090.0,769969.3125,2265151.0
2016-07-28,1.0360000133514404,1.0410000085830688,1.027999997138977,1.0410000085830688,1167900.0,1213728.25,2265151.0
2016-07-29,1.0379999876022339,1.0399999618530273,1.0299999713897705,1.0360000133514404,694307.0,719209.4375,2265151.0
2016-08-01,1.0360000133514404,1.0420000553131104,1.0360000133514404,1.0410000085830688,295606.0,307520.25,2265151.0
2016-08-02,1.0820000171661377,1.0820000171661377,1.031000018119812,1.0499999523162842,524924.0,548293.9375,2265151.0
2016-08-03,1.0479999780654907,1.0479999780654907,1.0290000438690186,1.0329999923706055,262700.0,271041.3125,2265151.0
2016-08-04,1.0399999618530273,1.0440000295639038,1.0269999504089355,1.0379999876022339,288125.0,298810.53125,2265151.0
2016-08-05,1.0329999923706055,1.0379999876022339,1.0329999923706055,1.034999966621399,125200.0,129755.8984375,2265151.0
2016-08-08,1.0499999523162842,1.0499999523162842,1.0399999618530273,1.0490000247955322,129204.0,135241.265625,2265151.0
2016-08-09,1.0410000085830688,1.0529999732971191,1.0410000085830688,1.0529999732971191,278900.0,292961.1875,2265151.0
2016-08-10,1.0479999780654907,1.0549999475479126,0.9800000190734863,1.0479999780654907,1015800.0,1053698.75,2265151.0
2016-08-11,1.0479999780654907,1.0499999523162842,1.0479999780654907,1.0479999780654907,71700.0,75165.0,2265151.0
2016-08-12,1.0499999523162842,1.059999942779541,1.0499999523162842,1.0529999732971191,856648.0,904094.5,2265151.0
2016-08-15,1.0579999685287476,1.059000015258789,1.0429999828338623,1.0499999523162842,476888.0,499144.125,2265151.0
2016-08-16,1.0499999523162842,1.0540000200271606,1.0499999523162842,1.0520000457763672,259253.0,272464.46875,2265151.0
2016-08-17,1.0470000505447388,1.0509999990463257,1.0470000505447388,1.0479999780654907,133600.0,140250.078125,2265151.0
2016-08-18,1.0570000410079956,1.0570000410079956,1.0490000247955322,1.0490000247955322,123401.0,129890.8515625,2265151.0
2016-08-19,1.0490000247955322,1.0509999990463257,1.0470000505447388,1.0490000247955322,25600.0,26840.69921875,2265151.0
2016-08-22,1.0499999523162842,1.0499999523162842,1.0460000038146973,1.0490000247955322,74306.0,77904.390625,2265151.0
2016-08-23,1.0479999780654907,1.0520000457763672,1.0479999780654907,1.0520000457763672,86002.0,90347.796875,2265151.0
2016-08-24,1.0540000200271606,1.062999963760376,1.0470000505447388,1.062000036239624,311310.0,328316.21875,2265151.0
2016-08-25,1.0420000553131104,1.0529999732971191,1.0420000553131104,1.0529999732971191,68900.0,72324.125,2265151.0
2016-08-26,1.0529999732971191,1.0529999732971191,1.0479999780654907,1.0529999732971191,2185006.0,2294421.25,2265151.0
2016-08-29,1.0460000038146973,1.0529999732971191,1.0460000038146973,1.0520000457763672,62601.0,65753.546875,2265151.0
2016-08-30,1.0509999990463257,1.055999994277954,1.0509999990463257,1.055999994277954,213819.0,225445.71875,2265151.0
2016-08-31,1.0540000200271606,1.0579999685287476,1.0490000247955322,1.055999994277954,1160006.0,1226522.75,2265151.0
2016-09-01,1.0540000200271606,1.0540000200271606,1.0499999523162842,1.0540000200271606,211101.0,222155.75,2265151.0
2016-09-02,1.0540000200271606,1.055999994277954,1.0520000457763672,1.055999994277954,232200.0,244345.40625,2265151.0
2016-09-05,1.0579999685287476,1.062000036239624,1.0549999475479126,1.059000015258789,514333.0,543914.0,2265151.0
2016-09-06,1.0570000410079956,1.059999942779541,1.055999994277954,1.059000015258789,96800.0,102431.0,2265151.0
2016-09-07,1.055999994277954,1.0670000314712524,1.055999994277954,1.065000057220459,126100.0,134163.703125,2265151.0
2016-09-08,1.065000057220459,1.0670000314712524,1.062000036239624,1.065000057220459,487640.0,519106.84375,2265151.0
2016-09-09,1.062000036239624,1.062999963760376,1.055999994277954,1.062999963760376,28000.0,29725.30078125,2265151.0
2016-09-12,1.0390000343322754,1.0420000553131104,1.027999997138977,1.0369999408721924,136900.0,142283.0,2265151.0
2016-09-13,1.034000039100647,1.0609999895095825,1.034000039100647,1.0410000085830688,182500.0,190712.40625,2265151.0
2016-09-14,1.0449999570846558,1.0499999523162842,1.0410000085830688,1.0460000038146973,92300.0,96196.5,2265151.0
2016-09-19,1.0640000104904175,1.0640000104904175,1.0520000457763672,1.059999942779541,457711.0,484299.03125,2265151.0
2016-09-20,1.0579999685287476,1.059000015258789,1.0520000457763672,1.0540000200271606,83011.0,87413.3828125,2265151.0
2016-09-21,1.062999963760376,1.062999963760376,1.055999994277954,1.059999942779541,72207.0,76508.6953125,2265151.0
2016-09-22,1.0770000219345093,1.0770000219345093,1.0640000104904175,1.065000057220459,619472.0,661154.5,2265151.0
2016-09-23,1.0779999494552612,1.0779999494552612,1.069000005722046,1.0770000219345093,801228.0,862338.6875,2265151.0
2016-09-26,1.0759999752044678,1.0759999752044678,1.062999963760376,1.065999984741211,256200.0,273147.5,2265151.0
2016-09-27,1.065000057220459,1.1019999980926514,1.0509999990463257,1.0740000009536743,300604.0,322893.46875,2265151.0
2016-09-28,1.0770000219345093,1.0850000381469727,1.0720000267028809,1.0740000009536743,229798.0,247338.75,2265151.0
2016-09-29,1.0740000009536743,1.0779999494552612,1.0729999542236328,1.0750000476837158,420200.0,451530.90625,2265151.0
2016-09-30,1.062999963760376,1.0729999542236328,1.062999963760376,1.0709999799728394,114400.0,122340.234375,2265151.0
2016-10-10,1.0779999494552612,1.0789999961853027,1.0729999542236328,1.0759999752044678,180100.0,194063.703125,2265151.0
2016-10-11,1.0770000219345093,1.097000002861023,1.0770000219345093,1.0880000591278076,866430.0,938289.875,2265151.0
2016-10-12,1.0839999914169312,1.0850000381469727,1.069000005722046,1.0829999446868896,107499.0,116237.71875,2265151.0
2016-10-13,1.0880000591278076,1.0880000591278076,1.0789999961853027,1.0820000171661377,80000.0,86418.0,2265151.0
2016-10-14,1.0809999704360962,1.0839999914169312,1.0809999704360962,1.0839999914169312,55000.0,59540.0,2265151.0
2016-10-17,1.0839999914169312,1.0839999914169312,1.0709999799728394,1.0809999704360962,190900.0,205700.90625,2265151.0
2016-10-18,1.0759999752044678,1.0859999656677246,1.0759999752044678,1.0829999446868896,131900.0,142659.59375,2265151.0
2016-10-19,1.0809999704360962,1.0980000495910645,1.0809999704360962,1.0839999914169312,171805.0,186317.3125,2265151.0
2016-10-20,1.0880000591278076,1.0950000286102295,1.0859999656677246,1.0889999866485596,169300.0,184119.1875,2265151.0
2016-10-21,1.090000033378601,1.090999960899353,1.0850000381469727,1.090999960899353,208305.0,226789.65625,2265151.0
2016-10-24,1.090000033378601,1.0920000076293945,1.0829999446868896,1.0920000076293945,621600.0,675920.875,2265151.0
2016-10-25,1.100000023841858,1.1239999532699585,1.0989999771118164,1.1039999723434448,354913.0,391669.90625,2265151.0
2016-10-26,1.1130000352859497,1.1130000352859497,1.100000023841858,1.100000023841858,387499.0,426954.6875,2265151.0
2016-10-27,1.1039999723434448,1.1039999723434448,1.093000054359436,1.0989999771118164,81100.0,88950.5,2265151.0
2016-10-28,1.0980000495910645,1.1139999628067017,1.090999960899353,1.0959999561309814,172195.0,188713.21875,2265151.0
2016-10-31,1.0989999771118164,1.0989999771118164,1.0870000123977661,1.0880000591278076,215000.0,234407.203125,2265151.0
2016-11-01,1.093000054359436,1.093000054359436,1.090000033378601,1.090000033378601,24200.0,26393.0,2265151.0
2016-11-02,1.0839999914169312,1.0839999914169312,1.0740000009536743,1.0770000219345093,321800.0,346454.1875,2265151.0
2016-11-03,1.069000005722046,1.0740000009536743,1.0670000314712524,1.0729999542236328,683011.0,731154.1875,2265151.0
2016-11-04,1.0720000267028809,1.0720000267028809,1.055999994277954,1.065000057220459,185200.0,196260.59375,2265151.0
2016-11-07,1.0670000314712524,1.0820000171661377,1.0670000314712524,1.0750000476837158,171500.0,184712.328125,2265151.0
2016-11-08,1.0789999961853027,1.093000054359436,1.0789999961853027,1.0829999446868896,149412.0,161394.140625,2265151.0
2016-11-09,1.0859999656677246,1.0880000591278076,1.034999966621399,1.0549999475479126,492226.0,520881.0,2265151.0
2016-11-10,1.0759999752044678,1.0920000076293945,1.0759999752044678,1.0880000591278076,337100.0,365170.09375,2265151.0
2016-11-11,1.062000036239624,1.0789999961853027,1.062000036239624,1.0720000267028809,258087.0,276691.5,2265151.0
2016-11-14,1.0759999752044678,1.0759999752044678,1.069000005722046,1.0750000476837158,91905.0,98625.75,2265151.0
2016-11-15,1.0700000524520874,1.0740000009536743,1.0609999895095825,1.0740000009536743,163900.0,174817.0,2265151.0
2016-11-16,1.0779999494552612,1.1009999513626099,1.0759999752044678,1.1009999513626099,832513.0,906530.4375,2265151.0
2016-11-17,1.1009999513626099,1.1109999418258667,1.093999981880188,1.0980000495910645,64600.0,71113.3984375,2265151.0
2016-11-18,1.0989999771118164,1.1200000047683716,1.059999942779541,1.0989999771118164,647210.0,708841.5,2265151.0
2016-11-21,1.0980000495910645,1.0989999771118164,1.090999960899353,1.0980000495910645,82403.0,90463.09375,2265151.0
2016-11-22,1.1039999723434448,1.1150000095367432,1.1039999723434448,1.1150000095367432,373488.0,415792.96875,2265151.0
2016-11-23,1.121000051498413,1.1239999532699585,1.1150000095367432,1.1180000305175781,179019.0,200225.125,2265151.0
2016-11-24,1.1160000562667847,1.1390000581741333,1.1160000562667847,1.121000051498413,311421.0,351027.34375,2265151.0
2016-11-25,1.1100000143051147,1.1380000114440918,1.1100000143051147,1.13100004196167,392900.0,444658.09375,2265151.0
2016-11-28,1.1419999599456787,1.1660000085830688,1.128000020980835,1.1619999408721924,800532.0,922121.625,2265151.0
2016-11-29,1.152999997138977,1.1799999475479126,1.1180000305175781,1.1319999694824219,252100.0,286938.6875,2265151.0
2016-11-30,1.128999948501587,1.1649999618530273,1.128999948501587,1.149999976158142,273100.0,313582.1875,2265151.0
2016-12-01,1.1449999809265137,1.1449999809265137,1.1130000352859497,1.1169999837875366,573200.0,643478.5,2265151.0
2016-12-02,1.1050000190734863,1.1050000190734863,1.093000054359436,1.097000002861023,1688188.0,1850902.875,2265151.0
2016-12-05,1.093999981880188,1.1100000143051147,1.093999981880188,1.0959999561309814,263500.0,289677.90625,2265151.0
2016-12-06,1.100000023841858,1.1150000095367432,1.100000023841858,1.1080000400543213,426800.0,471568.6875,2265151.0
2016-12-07,1.1150000095367432,1.125,1.1059999465942383,1.1119999885559082,1756300.0,1954272.125,2265151.0
2016-12-08,1.1230000257492065,1.1799999475479126,1.1150000095367432,1.1430000066757202,3505099.0,3954540.5,2265151.0
2016-12-09,1.1430000066757202,1.1449999809265137,1.1230000257492065,1.1239999532699585,1944300.0,2202050.5,2265151.0
2016-12-12,1.125,1.1419999599456787,1.125,1.1369999647140503,491362.0,556003.4375,2265151.0
2016-12-13,1.1269999742507935,1.1690000295639038,1.1260000467300415,1.1360000371932983,21306204.0,24057464.0,2265151.0
2016-12-14,1.1369999647140503,1.1799999475479126,1.1369999647140503,1.1629999876022339,1237430.0,1434861.125,2265151.0
2016-12-15,1.1510000228881836,1.1629999876022339,1.13100004196167,1.1579999923706055,925616.0,1066324.125,2265151.0
2016-12-16,1.159000039100647,1.1799999475479126,1.1549999713897705,1.1619999408721924,898106.0,1042607.3125,2265151.0
2016-12-19,1.159999966621399,1.1619999408721924,1.149999976158142,1.1619999408721924,1013527.0,1171972.125,2265151.0
2016-12-20,1.1610000133514404,1.1699999570846558,1.1610000133514404,1.1699999570846558,323600.0,377343.90625,2265151.0
2016-12-21,1.1699999570846558,1.2230000495910645,1.1699999570846558,1.2139999866485596,1449694.0,1748463.125,2265151.0
2016-12-22,1.222000002861023,1.2300000190734863,1.215999960899353,1.2230000495910645,2115500.0,2580347.25,2265151.0
2016-12-23,1.2009999752044678,1.225000023841858,1.184000015258789,1.2209999561309814,775800.0,938935.6875,2265151.0
2016-12-26,1.2209999561309814,1.3200000524520874,1.2209999561309814,1.2910000085830688,2220530.0,2853013.75,2265151.0
2016-12-27,1.2999999523162842,1.3009999990463257,1.2710000276565552,1.284999966621399,938500.0,1205190.75,2265151.0
2016-12-28,1.2860000133514404,1.305999994277954,1.2690000534057617,1.2719999551773071,871600.0,1113574.25,2265151.0
2016-12-29,1.2300000190734863,1.2610000371932983,1.2300000190734863,1.25600004196167,942685.0,1181716.0,2265151.0
2016-12-30,1.2549999952316284,1.2680000066757202,1.253999948501587,1.2610000371932983,356100.0,448301.0625,2265151.0
2017-01-03,1.222000002861023,1.2630000114440918,1.2209999561309814,1.2419999837875366,1789291.0,2232448.0,2265151.0
2017-01-04,1.2569999694824219,1.2569999694824219,1.2079999446868896,1.2200000286102295,425415.0,524020.8125,2265151.0
2017-01-05,1.2209999561309814,1.2269999980926514,1.2020000219345093,1.2029999494552612,779672.0,942596.1875,2265151.0
2017-01-06,1.2029999494552612,1.2100000381469727,1.1799999475479126,1.1799999475479126,974701.0,1157660.125,2265151.0
2017-01-09,1.1979999542236328,1.2000000476837158,1.1759999990463257,1.184999942779541,266500.0,316045.0,2265151.0
2017-01-10,1.187000036239624,1.1970000267028809,1.184000015258789,1.1970000267028809,296303.0,351868.0625,2265151.0
2017-01-11,1.2130000591278076,1.2350000143051147,1.2059999704360962,1.2289999723434448,349097.0,425646.15625,2265151.0
2017-01-12,1.2419999837875366,1.2899999618530273,1.1829999685287476,1.2589999437332153,1155101.0,1427762.25,2265151.0
2017-01-13,1.2589999437332153,1.2589999437332153,1.2239999771118164,1.2389999628067017,263300.0,324730.5,2265151.0
2017-01-16,1.2710000276565552,1.2710000276565552,1.2380000352859497,1.2419999837875366,207800.0,259248.59375,2265151.0
2017-01-17,1.2599999904632568,1.2710000276565552,1.2300000190734863,1.2489999532699585,543900.0,674045.3125,2265151.0
2017-01-18,1.1699999570846558,1.246000051498413,1.1699999570846558,1.2330000400543213,336800.0,414333.59375,2265151.0
2017-01-19,1.2400000095367432,1.2669999599456787,1.2120000123977661,1.215000033378601,396600.0,489991.0,2265151.0
2017-01-20,1.222000002861023,1.2580000162124634,1.2009999752044678,1.2130000591278076,266804.0,322555.40625,2265151.0
2017-01-23,1.2549999952316284,1.2549999952316284,1.190000057220459,1.2079999446868896,224200.0,270180.3125,2265151.0
2017-01-24,1.2079999446868896,1.25,1.187999963760376,1.1990000009536743,155800.0,186481.703125,2265151.0
2017-01-25,1.246000051498413,1.246000051498413,1.2020000219345093,1.2089999914169312,265600.0,320472.0,2265151.0
2017-01-26,1.222000002861023,1.2640000581741333,1.2130000591278076,1.2619999647140503,994100.0,1240896.75,2265151.0
2017-02-03,1.2640000581741333,1.2640000581741333,1.2339999675750732,1.24399995803833,366500.0,458652.6875,2265151.0
2017-02-06,1.2610000371932983,1.281999945640564,1.25,1.253999948501587,242900.0,304899.5,2265151.0
2017-02-07,1.2610000371932983,1.2610000371932983,1.2489999532699585,1.253000020980835,78200.0,97971.3984375,2265151.0
2017-02-08,1.253000020980835,1.2589999437332153,1.218000054359436,1.2589999437332153,788000.0,985370.1875,2265151.0
2017-02-09,1.2589999437332153,1.2610000371932983,1.25,1.2599999904632568,226500.0,284400.5,2265151.0
2017-02-10,1.2990000247955322,1.2990000247955322,1.25600004196167,1.2669999599456787,623600.0,788962.8125,2265151.0
2017-02-13,1.2619999647140503,1.2790000438690186,1.2619999647140503,1.2699999809265137,119900.0,152043.5,2265151.0
2017-02-14,1.2690000534057617,1.274999976158142,1.2610000371932983,1.2699999809265137,463600.0,588739.5,2265151.0
2017-02-15,1.2730000019073486,1.2730000019073486,1.2640000581741333,1.2649999856948853,2583672.0,3277285.0,2265151.0
2017-02-16,1.2949999570846558,1.2949999570846558,1.2649999856948853,1.2680000066757202,1114400.0,1424898.25,2265151.0
2017-02-17,1.2680000066757202,1.2920000553131104,1.2519999742507935,1.2920000553131104,563400.0,714100.6875,2265151.0
2017-02-20,1.2890000343322754,1.2999999523162842,1.2829999923706055,1.2990000247955322,355401.0,459661.28125,2265151.0
2017-02-21,1.3140000104904175,1.3140000104904175,1.2890000343322754,1.2990000247955322,456600.0,591312.8125,2265151.0
2017-02-22,1.2990000247955322,1.3049999475479126,1.2940000295639038,1.3049999475479126,416100.0,541121.125,2265151.0
2017-02-23,1.2949999570846558,1.312000036239624,1.2899999618530273,1.3049999475479126,1140600.0,1481502.25,2265151.0
2017-02-24,1.2990000247955322,1.312999963760376,1.2910000085830688,1.2940000295639038,1804700.0,2341835.25,2265151.0
2017-02-27,1.3040000200271606,1.3040000200271606,1.2910000085830688,1.2929999828338623,431705.0,558453.8125,2265151.0
2017-02-28,1.2929999828338623,1.2979999780654907,1.2860000133514404,1.2970000505447388,686506.0,888616.6875,2265151.0
2017-03-01,1.3009999990463257,1.3009999990463257,1.2920000553131104,1.2979999780654907,466700.0,604630.625,2265151.0
2017-03-02,1.2979999780654907,1.3799999952316284,1.2940000295639038,1.2999999523162842,4166632.0,5433099.5,2265151.0
2017-03-03,1.2910000085830688,1.305999994277954,1.2899999618530273,1.2960000038146973,1041800.0,1352172.375,2265151.0
2017-03-06,1.3350000381469727,1.3350000381469727,1.2949999570846558,1.3049999475479126,2241800.0,2919428.25,2265151.0
2017-03-07,1.3049999475479126,1.3049999475479126,1.2869999408721924,1.3009999990463257,2152700.0,2791514.75,2265151.0
2017-03-08,1.2990000247955322,1.2990000247955322,1.2910000085830688,1.2929999828338623,1227128.0,1587313.375,2265151.0
2017-03-09,1.2990000247955322,1.2990000247955322,1.2910000085830688,1.2929999828338623,302800.0,391238.6875,2265151.0
2017-03-10,1.2899999618530273,1.3020000457763672,1.2899999618530273,1.2940000295639038,500928.0,648795.0,2265151.0
2017-03-13,1.3029999732971191,1.3650000095367432,1.2899999618530273,1.2949999570846558,1472900.0,1906392.125,2265151.0
2017-03-14,1.2949999570846558,1.2979999780654907,1.2929999828338623,1.2970000505447388,1243788.0,1610955.625,2265151.0
2017-03-15,1.2940000295639038,1.2979999780654907,1.2940000295639038,1.2970000505447388,133200.0,172531.0,2265151.0
2017-03-16,1.309000015258789,1.309999942779541,1.2970000505447388,1.3009999990463257,510500.0,663371.5,2265151.0
2017-03-17,1.3009999990463257,1.3009999990463257,1.2970000505447388,1.2979999780654907,343500.0,446388.5,2265151.0
2017-03-20,1.2979999780654907,1.2999999523162842,1.2940000295639038,1.2979999780654907,94400.0,122456.6015625,2265151.0
2017-03-21,1.2979999780654907,1.3020000457763672,1.2929999828338623,1.3009999990463257,285300.0,370290.8125,2265151.0
2017-03-22,1.2960000038146973,1.2960000038146973,1.2710000276565552,1.284999966621399,262804.0,336939.40625,2265151.0
2017-03-23,1.2860000133514404,1.2999999523162842,1.2799999713897705,1.2860000133514404,151400.0,194722.796875,2265151.0
2017-03-24,1.2719999551773071,1.2899999618530273,1.2719999551773071,1.277999997138977,305608.0,389658.59375,2265151.0
2017-03-27,1.2719999551773071,1.2799999713897705,1.2669999599456787,1.2669999599456787,343500.0,436332.59375,2265151.0
2017-03-28,1.2899999618530273,1.2960000038146973,1.2649999856948853,1.2740000486373901,179000.0,227863.59375,2265151.0
2017-03-29,1.2829999923706055,1.2949999570846558,1.2829999923706055,1.2940000295639038,170900.0,220996.796875,2265151.0
2017-03-30,1.309999942779541,1.309999942779541,1.2680000066757202,1.277999997138977,184000.0,236192.59375,2265151.0
2017-03-31,1.2910000085830688,1.3009999990463257,1.2829999923706055,1.2890000343322754,290500.0,374141.1875,2265151.0
2017-04-05,1.2899999618530273,1.2970000505447388,1.277999997138977,1.284999966621399,329400.0,422737.5,2265151.0
2017-04-06,1.2940000295639038,1.2940000295639038,1.2769999504089355,1.281000018119812,147700.0,189222.59375,2265151.0
2017-04-07,1.3040000200271606,1.3040000200271606,1.281000018119812,1.281999945640564,69900.0,89842.8984375,2265151.0
2017-04-10,1.2979999780654907,1.2979999780654907,1.2760000228881836,1.284000039100647,64100.0,82261.0,2265151.0
2017-04-11,1.284000039100647,1.2860000133514404,1.281999945640564,1.284999966621399,28200.0,36242.19921875,2265151.0
2017-04-12,1.2799999713897705,1.2879999876022339,1.2740000486373901,1.2829999923706055,156800.0,200400.703125,2265151.0
2017-04-13,1.2799999713897705,1.2799999713897705,1.2680000066757202,1.274999976158142,94300.0,120105.296875,2265151.0
2017-04-14,1.2730000019073486,1.274999976158142,1.2690000534057617,1.2699999809265137,161700.0,205827.296875,2265151.0
2017-04-17,1.2680000066757202,1.2680000066757202,1.2170000076293945,1.2450000047683716,122900.0,152131.90625,2265151.0
2017-04-18,1.25,1.2589999437332153,1.25,1.2549999952316284,131000.0,164346.0,2265151.0
2017-04-19,1.2580000162124634,1.2580000162124634,1.2300000190734863,1.2309999465942383,345500.0,427382.5,2265151.0
2017-04-20,1.2309999465942383,1.253999948501587,1.2309999465942383,1.2350000143051147,159100.0,196632.296875,2265151.0
2017-04-21,1.2410000562667847,1.2960000038146973,1.2359999418258667,1.2359999418258667,470400.0,583384.1875,2265151.0
2017-04-24,1.2359999418258667,1.2899999618530273,1.2359999418258667,1.284999966621399,1644614.0,2065063.875,2265151.0
2017-04-25,1.2799999713897705,1.3480000495910645,1.2799999713897705,1.3140000104904175,1167000.0,1533315.75,2265151.0
2017-04-26,1.3489999771118164,1.3489999771118164,1.3109999895095825,1.3200000524520874,748700.0,986129.0,2265151.0
2017-04-27,1.274999976158142,1.3179999589920044,1.274999976158142,1.3009999990463257,177900.0,230891.0,2265151.0
2017-04-28,1.3289999961853027,1.3289999961853027,1.2879999876022339,1.3109999895095825,168900.0,220704.5,2265151.0
2017-05-02,1.3660000562667847,1.4299999475479126,1.2970000505447388,1.315000057220459,239604.0,314344.46875,2265151.0
2017-05-03,1.3350000381469727,1.3350000381469727,1.2999999523162842,1.3109999895095825,176100.0,230287.09375,2265151.0
2017-05-04,1.309999942779541,1.309999942779541,1.2910000085830688,1.309999942779541,336800.0,437652.8125,2265151.0
2017-05-05,1.312000036239624,1.3140000104904175,1.2970000505447388,1.3079999685287476,449300.0,585834.3125,2265151.0
2017-05-08,1.2899999618530273,1.350000023841858,1.2899999618530273,1.319000005722046,689600.0,907871.625,2265151.0
2017-05-09,1.319000005722046,1.3289999961853027,1.3079999685287476,1.3170000314712524,296100.0,389384.0,2265151.0
2017-05-10,1.3270000219345093,1.3270000219345093,1.315000057220459,1.3200000524520874,223200.0,294173.59375,2265151.0
2017-05-11,1.3240000009536743,1.3240000009536743,1.315999984741211,1.3200000524520874,364600.0,480288.5,2265151.0
2017-05-12,1.319000005722046,1.319000005722046,1.3029999732971191,1.315000057220459,104300.0,136776.59375,2265151.0
2017-05-15,1.3220000267028809,1.3220000267028809,1.309000015258789,1.312000036239624,130800.0,171550.40625,2265151.0
2017-05-16,1.3109999895095825,1.319000005722046,1.3109999895095825,1.315999984741211,465704.0,611783.25,2265151.0
2017-05-17,1.3229999542236328,1.3229999542236328,1.2929999828338623,1.2949999570846558,2486100.0,3221842.75,2265151.0
2017-05-18,1.281000018119812,1.2899999618530273,1.2669999599456787,1.2860000133514404,629900.0,804139.875,2265151.0
2017-05-19,1.3070000410079956,1.3070000410079956,1.2860000133514404,1.2869999408721924,139200.0,179483.5,2265151.0
2017-05-22,1.2879999876022339,1.2990000247955322,1.281999945640564,1.284999966621399,1361903.0,1750481.0,2265151.0
2017-05-23,1.2869999408721924,1.3009999990463257,1.2799999713897705,1.2920000553131104,2494530.0,3208892.75,2265151.0
2017-05-24,1.2920000553131104,1.2929999828338623,1.2869999408721924,1.2910000085830688,1175665.0,1516081.125,2265151.0
2017-05-25,1.2990000247955322,1.3029999732971191,1.2949999570846558,1.2999999523162842,1052700.0,1367470.75,2265151.0
2017-05-26,1.305999994277954,1.3259999752044678,1.305999994277954,1.3170000314712524,969400.0,1275194.75,2265151.0
2017-05-31,1.3170000314712524,1.3700000047683716,1.315999984741211,1.319000005722046,1058600.0,1397117.875,2265151.0
2017-06-01,1.3170000314712524,1.3170000314712524,1.309999942779541,1.3140000104904175,875110.0,1149943.25,2265151.0
2017-06-02,1.3179999589920044,1.3300000429153442,1.3179999589920044,1.3279999494552612,645200.0,856137.375,2265151.0
2017-06-05,1.3320000171661377,1.3450000286102295,1.3289999961853027,1.3370000123977661,585600.0,781436.875,2265151.0
2017-06-06,1.3300000429153442,1.340999960899353,1.3240000009536743,1.3300000429153442,81400.0,108450.5,2265151.0
2017-06-07,1.3220000267028809,1.3229999542236328,1.309999942779541,1.3170000314712524,503400.0,663059.3125,2265151.0
2017-06-08,1.3179999589920044,1.3209999799728394,1.3179999589920044,1.3200000524520874,301300.0,397631.90625,2265151.0
2017-06-09,1.3220000267028809,1.3329999446868896,1.3220000267028809,1.3229999542236328,645700.0,855381.125,2265151.0
2017-06-12,1.3079999685287476,1.3079999685287476,1.2979999780654907,1.3020000457763672,398000.0,518200.8125,2265151.0
2017-06-13,1.2879999876022339,1.2990000247955322,1.281999945640564,1.2899999618530273,319900.0,412813.40625,2265151.0
2017-06-14,1.2949999570846558,1.2999999523162842,1.2879999876022339,1.2949999570846558,727400.0,939332.125,2265151.0
2017-06-15,1.2869999408721924,1.2999999523162842,1.277999997138977,1.277999997138977,326100.0,418733.09375,2265151.0
2017-06-16,1.2799999713897705,1.2799999713897705,1.2730000019073486,1.2799999713897705,383248.0,489466.0625,2265151.0
2017-06-19,1.274999976158142,1.2799999713897705,1.274999976158142,1.2790000438690186,89748.0,114700.1953125,2265151.0
2017-06-20,1.2899999618530273,1.3320000171661377,1.2899999618530273,1.3009999990463257,239200.0,310874.8125,2265151.0
2017-06-21,1.281000018119812,1.2910000085830688,1.281000018119812,1.284999966621399,89300.0,114732.796875,2265151.0
2017-06-22,1.2949999570846558,1.2999999523162842,1.2949999570846558,1.2999999523162842,309000.0,401065.90625,2265151.0
2017-06-23,1.2970000505447388,1.2999999523162842,1.2949999570846558,1.2990000247955322,217900.0,282661.5,2265151.0
2017-06-26,1.309000015258789,1.309000015258789,1.3009999990463257,1.3020000457763672,252566.0,329253.34375,2265151.0
2017-06-27,1.3020000457763672,1.3020000457763672,1.2960000038146973,1.2990000247955322,247600.0,321207.1875,2265151.0
2017-06-28,1.2790000438690186,1.2790000438690186,1.2719999551773071,1.2719999551773071,719100.0,916457.375,2265151.0
2017-06-29,1.2929999828338623,1.2929999828338623,1.2799999713897705,1.281999945640564,339666.0,436170.21875,2265151.0
2017-06-30,1.2680000066757202,1.2680000066757202,1.2610000371932983,1.2630000114440918,219600.0,277453.40625,2265151.0
2017-07-03,1.2610000371932983,1.2630000114440918,1.2599999904632568,1.2630000114440918,92700.0,116968.703125,2265151.0
2017-07-04,1.2589999437332153,1.2589999437332153,1.2480000257492065,1.2480000257492065,251400.0,314241.1875,2265151.0
2017-07-05,1.2430000305175781,1.253999948501587,1.2430000305175781,1.253999948501587,151600.0,189724.703125,2265151.0
2017-07-06,1.2549999952316284,1.2599999904632568,1.2549999952316284,1.2589999437332153,45200.0,56901.3984375,2265151.0
2017-07-07,1.2519999742507935,1.25600004196167,1.25,1.2519999742507935,64100.0,80311.296875,2265151.0
2017-07-10,1.2619999647140503,1.2669999599456787,1.253000020980835,1.2589999437332153,2149304.0,2695362.5,2265151.0
2017-07-11,1.2599999904632568,1.2660000324249268,1.2599999904632568,1.2649999856948853,377003.0,476340.40625,2265151.0
2017-07-12,1.2630000114440918,1.2719999551773071,1.2630000114440918,1.2719999551773071,506600.0,642287.5,2265151.0
2017-07-13,1.2829999923706055,1.2899999618530273,1.281999945640564,1.2879999876022339,390400.0,502938.90625,2265151.0
2017-07-14,1.2890000343322754,1.3079999685287476,1.2730000019073486,1.281999945640564,6682212.0,8568661.0,2265151.0
2017-07-17,1.2940000295639038,1.2940000295639038,1.284000039100647,1.2869999408721924,338902.0,435887.15625,2265151.0
2017-07-18,1.3020000457763672,1.3020000457763672,1.2740000486373901,1.284999966621399,1633038.0,2095498.375,2265151.0
2017-07-19,1.2910000085830688,1.2960000038146973,1.2899999618530273,1.2940000295639038,1419311.0,1835579.375,2265151.0
2017-07-20,1.3070000410079956,1.315999984741211,1.3040000200271606,1.309999942779541,616206.0,806045.125,2265151.0
2017-07-21,1.309999942779541,1.309999942779541,1.2999999523162842,1.305999994277954,294930.0,385010.5,2265151.0
2017-07-24,1.305999994277954,1.305999994277954,1.2929999828338623,1.3020000457763672,49900.0,64853.0,2265151.0
2017-07-25,1.3079999685287476,1.309999942779541,1.3049999475479126,1.309000015258789,467500.0,611222.6875,2265151.0
2017-07-26,1.3029999732971191,1.3070000410079956,1.3029999732971191,1.3049999475479126,33200.0,43365.6015625,2265151.0
2017-07-27,1.3140000104904175,1.3170000314712524,1.309999942779541,1.312999963760376,309904.0,407439.34375,2265151.0
2017-07-28,1.3070000410079956,1.3070000410079956,1.2979999780654907,1.2999999523162842,145704.0,189572.390625,2265151.0
2017-07-31,1.2999999523162842,1.3020000457763672,1.2970000505447388,1.3020000457763672,1225803.0,1593399.125,2265151.0
2017-08-01,1.2970000505447388,1.3009999990463257,1.2899999618530273,1.3009999990463257,287704.0,371856.875,2265151.0
2017-08-02,1.3140000104904175,1.3140000104904175,1.3009999990463257,1.3070000410079956,82100.0,107158.703125,2265151.0
2017-08-03,1.305999994277954,1.309999942779541,1.2979999780654907,1.2999999523162842,103700.0,135562.203125,2265151.0
2017-08-04,1.2949999570846558,1.3029999732971191,1.2940000295639038,1.2949999570846558,62201.0,80533.09375,2265151.0
2017-08-07,1.2990000247955322,1.309999942779541,1.2960000038146973,1.3029999732971191,427120.0,555128.75,2265151.0
2017-08-08,1.3049999475479126,1.3079999685287476,1.3049999475479126,1.3049999475479126,136513.0,178206.265625,2265151.0
2017-08-09,1.2960000038146973,1.3040000200271606,1.2940000295639038,1.2999999523162842,192100.0,249715.0,2265151.0
2017-08-10,1.2940000295639038,1.3029999732971191,1.2899999618530273,1.2940000295639038,315200.0,407805.09375,2265151.0
2017-08-11,1.2829999923706055,1.2829999923706055,1.2640000581741333,1.2699999809265137,347201.0,440333.5625,2265151.0
2017-08-14,1.2860000133514404,1.2860000133514404,1.2660000324249268,1.2790000438690186,273502.0,347878.21875,2265151.0
2017-08-15,1.2929999828338623,1.2970000505447388,1.2920000553131104,1.2940000295639038,242100.0,313034.1875,2265151.0
2017-08-16,1.2899999618530273,1.2990000247955322,1.2899999618530273,1.2940000295639038,125900.0,162943.203125,2265151.0
2017-08-17,1.2940000295639038,1.2940000295639038,1.2869999408721924,1.2899999618530273,42800.0,55194.8984375,2265151.0
2017-08-18,1.2769999504089355,1.2790000438690186,1.274999976158142,1.277999997138977,59700.0,76202.1015625,2265151.0
2017-08-21,1.2740000486373901,1.2869999408721924,1.2719999551773071,1.2860000133514404,19600.0,24975.900390625,2265151.0
2017-08-22,1.2710000276565552,1.2829999923706055,1.2699999809265137,1.2730000019073486,300700.0,382522.0,2265151.0
2017-08-23,1.2920000553131104,1.2920000553131104,1.2790000438690186,1.281000018119812,102108.0,130846.4609375,2265151.0
2017-08-24,1.284999966621399,1.284999966621399,1.2740000486373901,1.2740000486373901,15708.0,20088.431640625,2265151.0
2017-08-25,1.274999976158142,1.2799999713897705,1.2699999809265137,1.274999976158142,108700.0,138273.09375,2265151.0
2017-08-28,1.2899999618530273,1.2899999618530273,1.2660000324249268,1.2719999551773071,445828.0,566362.5,2265151.0
2017-08-29,1.274999976158142,1.274999976158142,1.2690000534057617,1.2730000019073486,55000.0,69899.796875,2265151.0
2017-08-30,1.2730000019073486,1.2769999504089355,1.2719999551773071,1.2730000019073486,51200.0,65241.80078125,2265151.0
2017-08-31,1.281999945640564,1.2890000343322754,1.281999945640564,1.284999966621399,65800.0,84498.203125,2265151.0
2017-09-01,1.2899999618530273,1.2970000505447388,1.2899999618530273,1.2940000295639038,47300.0,61132.0,2265151.0
2017-09-04,1.2940000295639038,1.2940000295639038,1.284000039100647,1.2869999408721924,76600.0,98552.5,2265151.0
2017-09-05,1.2869999408721924,1.2869999408721924,1.2860000133514404,1.2869999408721924,96000.0,123483.6015625,2265151.0
2017-09-06,1.284999966621399,1.284999966621399,1.2699999809265137,1.2730000019073486,237500.0,301924.5,2265151.0
2017-09-07,1.2730000019073486,1.2740000486373901,1.2690000534057617,1.2719999551773071,172800.0,219513.5,2265151.0
2017-09-08,1.2699999809265137,1.2719999551773071,1.2680000066757202,1.2699999809265137,89010.0,113095.578125,2265151.0
2017-09-11,1.2699999809265137,1.2719999551773071,1.2549999952316284,1.2630000114440918,96113.0,121593.9375,2265151.0
2017-09-12,1.2790000438690186,1.2790000438690186,1.2690000534057617,1.2699999809265137,185400.0,236024.90625,2265151.0
2017-09-13,1.277999997138977,1.277999997138977,1.2699999809265137,1.2730000019073486,107300.0,136550.40625,2265151.0
2017-09-14,1.2769999504089355,1.2769999504089355,1.2730000019073486,1.2760000228881836,357900.0,456388.90625,2265151.0
2017-09-15,1.274999976158142,1.274999976158142,1.2710000276565552,1.2740000486373901,211700.0,269188.90625,2265151.0
2017-09-18,1.2760000228881836,1.284999966621399,1.2760000228881836,1.284999966621399,186900.0,239553.203125,2265151.0
2017-09-19,1.281000018119812,1.2879999876022339,1.281000018119812,1.2860000133514404,41700.0,53595.0,2265151.0
2017-09-20,1.2890000343322754,1.2890000343322754,1.2799999713897705,1.2869999408721924,149908.0,192261.78125,2265151.0
2017-09-21,1.277999997138977,1.2879999876022339,1.277999997138977,1.2869999408721924,146608.0,188029.265625,2265151.0
2017-09-22,1.2730000019073486,1.2960000038146973,1.2730000019073486,1.2799999713897705,272708.0,349639.375,2265151.0
2017-09-25,1.3040000200271606,1.3040000200271606,1.2769999504089355,1.2769999504089355,37200.0,48033.29296875,2265151.0
2017-09-26,1.2860000133514404,1.2860000133514404,1.2669999599456787,1.2690000534057617,113599.0,144026.140625,2265151.0
2017-09-27,1.2699999809265137,1.2760000228881836,1.2699999809265137,1.2719999551773071,29100.0,37044.69921875,2265151.0
2017-09-28,1.274999976158142,1.2860000133514404,1.274999976158142,1.284999966621399,46600.0,59492.19921875,2265151.0
2017-09-29,1.284999966621399,1.284999966621399,1.281999945640564,1.281999945640564,6000.0,7699.7998046875,2265151.0
2017-10-09,1.309999942779541,1.3109999895095825,1.2929999828338623,1.3040000200271606,1081600.0,1415632.0,2265151.0
2017-10-10,1.3109999895095825,1.3109999895095825,1.2999999523162842,1.3020000457763672,304700.0,396424.5,2265151.0
2017-10-11,1.3029999732971191,1.3320000171661377,1.2999999523162842,1.3020000457763672,383500.0,499719.40625,2265151.0
2017-10-12,1.305999994277954,1.305999994277954,1.3029999732971191,1.3040000200271606,110600.0,144192.203125,2265151.0
2017-10-13,1.3040000200271606,1.3040000200271606,1.2970000505447388,1.3009999990463257,244500.0,317398.3125,2265151.0
2017-10-16,1.309000015258789,1.309000015258789,1.2999999523162842,1.3040000200271606,95600.0,124613.5,2265151.0
2017-10-17,1.309999942779541,1.3259999752044678,1.3049999475479126,1.3220000267028809,814405.0,1070816.375,2265151.0
2017-10-18,1.3220000267028809,1.3289999961853027,1.3220000267028809,1.3229999542236328,1505500.0,1992114.25,2265151.0
2017-10-19,1.3279999494552612,1.3279999494552612,1.315999984741211,1.315999984741211,40900.0,54062.3984375,2265151.0
2017-10-20,1.3200000524520874,1.3220000267028809,1.315999984741211,1.315999984741211,245300.0,322901.5,2265151.0
2017-10-23,1.3179999589920044,1.3279999494552612,1.3179999589920044,1.3250000476837158,345315.0,456095.5,2265151.0
2017-10-24,1.3109999895095825,1.319000005722046,1.3109999895095825,1.319000005722046,300300.0,395165.40625,2265151.0
2017-10-25,1.3259999752044678,1.3259999752044678,1.3179999589920044,1.3179999589920044,565800.0,746866.125,2265151.0
2017-10-26,1.3179999589920044,1.3329999446868896,1.3140000104904175,1.315000057220459,69300.0,91312.0,2265151.0
2017-10-27,1.3229999542236328,1.3380000591278076,1.315999984741211,1.3179999589920044,102601.0,135351.21875,2265151.0
2017-10-30,1.343999981880188,1.3480000495910645,1.340000033378601,1.3480000495910645,772852.0,1040350.6875,2265151.0
2017-10-31,1.3519999980926514,1.3739999532699585,1.3519999980926514,1.3619999885559082,33900.0,46037.80078125,2265151.0
2017-11-01,1.3630000352859497,1.3830000162124634,1.3589999675750732,1.3700000047683716,200400.0,274276.59375,2265151.0
2017-11-02,1.36899995803833,1.36899995803833,1.3580000400543213,1.3639999628067017,136200.0,185057.0,2265151.0
2017-11-03,1.3819999694824219,1.3819999694824219,1.3569999933242798,1.3669999837875366,76700.0,105175.296875,2265151.0
2017-11-06,1.3739999532699585,1.3910000324249268,1.3660000562667847,1.3700000047683716,81600.0,111650.8984375,2265151.0
2017-11-07,1.3880000114440918,1.3880000114440918,1.36899995803833,1.378000020980835,53701.0,73961.8671875,2265151.0
2017-11-08,1.378000020980835,1.378999948501587,1.36899995803833,1.3760000467300415,45401.0,62481.8671875,2265151.0
2017-11-09,1.4290000200271606,1.4290000200271606,1.375,1.378999948501587,504745.0,696252.6875,2265151.0
2017-11-10,1.3700000047683716,1.378999948501587,1.3700000047683716,1.378999948501587,115901.0,159228.765625,2265151.0
2017-11-13,1.375,1.3990000486373901,1.3739999532699585,1.3739999532699585,29100.0,40000.5,2265151.0
2017-11-14,1.378999948501587,1.378999948501587,1.371999979019165,1.378000020980835,76500.0,105242.1015625,2265151.0
2017-11-15,1.3769999742507935,1.3769999742507935,1.3739999532699585,1.3760000467300415,200100.0,275365.1875,2265151.0
2017-11-16,1.36899995803833,1.378000020980835,1.3580000400543213,1.375,61300.0,83450.6015625,2265151.0
2017-11-17,1.375,1.38100004196167,1.375,1.3799999952316284,237348.0,327147.09375,2265151.0
2017-11-20,1.378999948501587,1.378999948501587,1.36899995803833,1.371000051498413,279300.0,382729.6875,2265151.0
2017-11-21,1.371000051498413,1.378000020980835,1.371000051498413,1.3739999532699585,40300.0,55481.69921875,2265151.0
2017-11-22,1.3830000162124634,1.3960000276565552,1.3830000162124634,1.3890000581741333,59945.0,83240.7578125,2265151.0
2017-11-23,1.3880000114440918,1.3880000114440918,1.38100004196167,1.38100004196167,145707.0,201468.390625,2265151.0
2017-11-24,1.3819999694824219,1.3880000114440918,1.3799999952316284,1.3819999694824219,76850.0,106122.203125,2265151.0
2017-11-27,1.3839999437332153,1.3919999599456787,1.3799999952316284,1.3849999904632568,286600.0,396549.0,2265151.0
2017-11-28,1.3819999694824219,1.3869999647140503,1.3819999694824219,1.3839999437332153,234500.0,324694.5,2265151.0
2017-11-29,1.3860000371932983,1.3980000019073486,1.3860000371932983,1.3960000276565552,323346.0,449962.15625,2265151.0
2017-11-30,1.3949999809265137,1.3949999809265137,1.3730000257492065,1.378000020980835,56245.0,77398.8828125,2265151.0
2017-12-01,1.3839999437332153,1.3869999647140503,1.38100004196167,1.3869999647140503,102100.0,141406.09375,2265151.0
2017-12-04,1.409999966621399,1.409999966621399,1.3890000581741333,1.3930000066757202,870800.0,1215819.75,2265151.0
2017-12-05,1.3819999694824219,1.3819999694824219,1.3569999933242798,1.3600000143051147,240350.0,327452.0,2265151.0
2017-12-06,1.3680000305175781,1.3680000305175781,1.3530000448226929,1.3569999933242798,52700.0,71556.296875,2265151.0
2017-12-07,1.3639999628067017,1.3680000305175781,1.3580000400543213,1.3639999628067017,80500.0,109830.8984375,2265151.0
2017-12-08,1.3680000305175781,1.3799999952316284,1.3680000305175781,1.3799999952316284,442350.0,608079.9375,2265151.0
2017-12-11,1.3890000581741333,1.3949999809265137,1.375,1.3849999904632568,30800.0,42497.69921875,2265151.0
2017-12-12,1.4170000553131104,1.4170000553131104,1.3830000162124634,1.3949999809265137,47400.0,66756.296875,2265151.0
2017-12-13,1.3890000581741333,1.3980000019073486,1.38100004196167,1.3930000066757202,37800.0,52592.3984375,2265151.0
2017-12-14,1.3919999599456787,1.409000039100647,1.3860000371932983,1.3949999809265137,38400.0,53568.80078125,2265151.0
2017-12-15,1.3830000162124634,1.3960000276565552,1.343999981880188,1.3960000276565552,76300.0,105492.796875,2265151.0
2017-12-18,1.3960000276565552,1.409999966621399,1.3960000276565552,1.399999976158142,215800.0,302237.0,2265151.0
2017-12-19,1.4079999923706055,1.4149999618530273,1.406999945640564,1.4140000343322754,122800.0,173396.703125,2265151.0
2017-12-20,1.4040000438690186,1.4119999408721924,1.4040000438690186,1.409999966621399,46605.0,65576.828125,2265151.0
2017-12-21,1.399999976158142,1.4019999504089355,1.3940000534057617,1.3940000534057617,402800.0,562669.1875,2265151.0
2017-12-22,1.3980000019073486,1.399999976158142,1.3919999599456787,1.3949999809265137,26700.0,37255.80078125,2265151.0
2017-12-25,1.3940000534057617,1.3990000486373901,1.38100004196167,1.3969999551773071,80300.0,111911.1484375,2265151.0
2017-12-26,1.3969999551773071,1.399999976158142,1.3830000162124634,1.3980000019073486,30800.0,42975.6015625,2265151.0
2017-12-27,1.406999945640564,1.406999945640564,1.3730000257492065,1.3839999437332153,114900.0,159201.09375,2265151.0
2017-12-28,1.371999979019165,1.3869999647140503,1.371000051498413,1.3860000371932983,125300.0,173197.65625,2265151.0
2017-12-29,1.38100004196167,1.3869999647140503,1.38100004196167,1.3860000371932983,33703.0,46563.94140625,2265151.0
2018-01-02,1.4160000085830688,1.4160000085830688,1.38100004196167,1.3969999551773071,35205.0,49164.4140625,2265151.0
2018-01-03,1.399999976158142,1.4049999713897705,1.3930000066757202,1.3980000019073486,200500.0,280382.0,2265151.0
2018-01-04,1.409000039100647,1.4179999828338623,1.4010000228881836,1.4079999923706055,79200.0,111575.1015625,2265151.0
2018-01-05,1.3969999551773071,1.4079999923706055,1.3969999551773071,1.399999976158142,201970.0,283081.1875,2265151.0
2018-01-08,1.409000039100647,1.4290000200271606,1.4049999713897705,1.4170000553131104,441513.0,620986.4375,2265151.0
2018-01-09,1.4270000457763672,1.4270000457763672,1.4179999828338623,1.4240000247955322,254106.0,361276.90625,2265151.0
2018-01-10,1.4259999990463257,1.4490000009536743,1.4259999990463257,1.4329999685287476,119200.0,170664.296875,2265151.0
2018-01-11,1.4279999732971191,1.434999942779541,1.409999966621399,1.4329999685287476,141300.0,200983.90625,2265151.0
2018-01-12,1.4210000038146973,1.4479999542236328,1.4210000038146973,1.437000036239624,643013.0,923646.5,2265151.0
2018-01-15,1.4850000143051147,1.4850000143051147,1.444000005722046,1.4490000009536743,143900.0,208176.0,2265151.0
2018-01-16,1.4559999704360962,1.4559999704360962,1.4500000476837158,1.4509999752044678,86500.0,125450.8984375,2265151.0
2018-01-17,1.440000057220459,1.4470000267028809,1.434999942779541,1.4450000524520874,18700.0,26938.83984375,2265151.0
2018-01-18,1.4769999980926514,1.4769999980926514,1.4420000314712524,1.4539999961853027,115900.0,168154.796875,2265151.0
2018-01-19,1.4559999704360962,1.4559999704360962,1.4459999799728394,1.4509999752044678,50000.0,72570.0,2265151.0
2018-01-22,1.4450000524520874,1.4539999961853027,1.4420000314712524,1.4470000267028809,109600.0,158587.296875,2265151.0
2018-01-23,1.4670000076293945,1.4670000076293945,1.4529999494552612,1.4620000123977661,313900.0,457340.09375,2265151.0
2018-01-24,1.4630000591278076,1.4800000190734863,1.4630000591278076,1.4759999513626099,217527.0,319502.96875,2265151.0
2018-01-25,1.4769999980926514,1.4769999980926514,1.4299999475479126,1.4589999914169312,327200.0,476353.5,2265151.0
2018-01-26,1.4589999914169312,1.465000033378601,1.444000005722046,1.465000033378601,50600.0,73953.296875,2265151.0
2018-01-29,1.4819999933242798,1.4819999933242798,1.4670000076293945,1.4780000448226929,186886.0,274800.65625,2265151.0
2018-01-30,1.4709999561309814,1.4709999561309814,1.440000057220459,1.465999960899353,20900.0,30504.0,2265151.0
2018-01-31,1.4359999895095825,1.4520000219345093,1.4359999895095825,1.4500000476837158,142606.0,206271.703125,2265151.0
2018-02-01,1.4500000476837158,1.4500000476837158,1.4459999799728394,1.4490000009536743,54900.0,79456.703125,2265151.0
2018-02-02,1.4559999704360962,1.4559999704360962,1.4010000228881836,1.4470000267028809,102600.0,148189.09375,2265151.0
2018-02-05,1.409000039100647,1.409000039100647,1.375,1.3930000066757202,430018.0,598975.4375,2265151.0
2018-02-06,1.36899995803833,1.36899995803833,1.3070000410079956,1.312999963760376,622719.0,817828.5625,2265151.0
2018-02-07,1.3569999933242798,1.3569999933242798,1.3259999752044678,1.3309999704360962,446201.0,600580.25,2265151.0
2018-02-08,1.3389999866485596,1.3389999866485596,1.315999984741211,1.3370000123977661,194400.0,258517.59375,2265151.0
2018-02-09,1.2730000019073486,1.2999999523162842,1.2730000019073486,1.2760000228881836,223100.0,285502.90625,2265151.0
2018-02-12,1.2730000019073486,1.3240000009536743,1.2730000019073486,1.3240000009536743,952648.0,1245230.0,2265151.0
2018-02-13,1.3380000591278076,1.3669999837875366,1.3370000123977661,1.347000002861023,365685.0,493622.125,2265151.0
2018-02-14,1.36899995803833,1.3700000047683716,1.3489999771118164,1.3559999465942383,151600.0,205032.515625,2265151.0
2018-02-22,1.38100004196167,1.3919999599456787,1.3799999952316284,1.3849999904632568,121800.0,168656.796875,2265151.0
2018-02-23,1.3899999856948853,1.399999976158142,1.3760000467300415,1.399999976158142,924003.0,1288698.25,2265151.0
2018-02-26,1.4769999980926514,1.4769999980926514,1.4259999990463257,1.440000057220459,66600.0,95524.0,2265151.0
2018-02-27,1.4459999799728394,1.4700000286102295,1.4459999799728394,1.4620000123977661,295600.0,431348.1875,2265151.0
2018-02-28,1.4559999704360962,1.4559999704360962,1.4240000247955322,1.4320000410079956,58800.0,84389.703125,2265151.0
2018-03-01,1.4190000295639038,1.437999963760376,1.4190000295639038,1.4270000457763672,27000.0,38552.3984375,2265151.0
2018-03-02,1.406000018119812,1.4259999990463257,1.4049999713897705,1.4170000553131104,123997.0,175830.296875,2265151.0
2018-03-05,1.434999942779541,1.434999942779541,1.4110000133514404,1.4199999570846558,34500.0,48912.6015625,2265151.0
2018-03-06,1.4329999685287476,1.434000015258789,1.4290000200271606,1.430999994277954,43400.0,62129.3984375,2265151.0
2018-03-07,1.4010000228881836,1.4470000267028809,1.4010000228881836,1.4420000314712524,20900.0,30128.0,2265151.0
2018-03-08,1.4320000410079956,1.4479999542236328,1.4320000410079956,1.440999984741211,108306.0,156308.375,2265151.0
2018-03-09,1.4450000524520874,1.4450000524520874,1.4429999589920044,1.4429999589920044,47900.0,69195.3984375,2265151.0
2018-03-12,1.4539999961853027,1.5479999780654907,1.4539999961853027,1.4759999513626099,320700.0,480520.5,2265151.0
2018-03-13,1.5099999904632568,1.5099999904632568,1.4670000076293945,1.4730000495910645,277900.0,413041.5,2265151.0
2018-03-14,1.4579999446868896,1.465000033378601,1.4500000476837158,1.4579999446868896,118800.0,173121.0,2265151.0
2018-03-15,1.4579999446868896,1.465000033378601,1.4420000314712524,1.465000033378601,242270.0,353626.34375,2265151.0
2018-03-16,1.4780000448226929,1.4780000448226929,1.465999960899353,1.4730000495910645,51566.0,75935.6171875,2265151.0
2018-03-19,1.4730000495910645,1.4730000495910645,1.465999960899353,1.465999960899353,45400.0,66642.703125,2265151.0
2018-03-20,1.4249999523162842,1.4479999542236328,1.4249999523162842,1.434999942779541,207200.0,298523.3125,2265151.0
2018-03-21,1.437000036239624,1.468000054359436,1.4359999895095825,1.4420000314712524,43500.0,62843.1015625,2265151.0
2018-03-22,1.440999984741211,1.4450000524520874,1.4320000410079956,1.444000005722046,53900.0,77707.0,2265151.0
2018-03-23,1.4420000314712524,1.4420000314712524,1.3619999885559082,1.3890000581741333,228200.0,316817.90625,2265151.0
2018-03-26,1.3880000114440918,1.4479999542236328,1.3519999980926514,1.3969999551773071,339200.0,462200.6875,2265151.0
2018-03-27,1.4040000438690186,1.437000036239624,1.3969999551773071,1.406000018119812,126000.0,177851.40625,2265151.0
2018-03-28,1.343999981880188,1.378000020980835,1.343999981880188,1.3769999742507935,120666.0,164403.515625,2265151.0
2018-03-29,1.3769999742507935,1.3769999742507935,1.3359999656677246,1.3550000190734863,76206.0,103110.3828125,2265151.0
2018-03-30,1.3700000047683716,1.4199999570846558,1.3569999933242798,1.3619999885559082,52809.0,72256.53125,2265151.0
2018-04-02,1.3660000562667847,1.3660000562667847,1.3619999885559082,1.3619999885559082,44800.0,61072.19921875,2265151.0
2018-04-03,1.3179999589920044,1.3619999885559082,1.3179999589920044,1.3569999933242798,73408.0,98188.953125,2265151.0
2018-04-04,1.3569999933242798,1.3980000019073486,1.3569999933242798,1.3580000400543213,34700.0,48412.5,2265151.0
2018-04-09,1.4490000009536743,1.4490000009536743,1.3450000286102295,1.3559999465942383,235900.0,328980.8125,2265151.0
2018-04-10,1.343000054359436,1.3919999599456787,1.343000054359436,1.3680000305175781,91700.0,124923.796875,2265151.0
2018-04-11,1.3819999694824219,1.4149999618530273,1.3760000467300415,1.38100004196167,20300.0,28064.80078125,2265151.0
2018-04-12,1.3849999904632568,1.3849999904632568,1.378999948501587,1.3799999952316284,26700.0,36860.5,2265151.0
2018-04-13,1.3830000162124634,1.3880000114440918,1.3739999532699585,1.375,25300.0,34838.3984375,2265151.0
2018-04-16,1.3669999837875366,1.3769999742507935,1.3669999837875366,1.3760000467300415,31200.0,42890.19921875,2265151.0
2018-04-17,1.4859999418258667,1.4859999418258667,1.3760000467300415,1.3860000371932983,50000.0,69228.203125,2265151.0
2018-04-18,1.406999945640564,1.4119999408721924,1.3949999809265137,1.399999976158142,254500.0,356843.5,2265151.0
2018-04-19,1.406999945640564,1.4110000133514404,1.3990000486373901,1.4010000228881836,213600.0,299676.09375,2265151.0
2018-04-20,1.4049999713897705,1.4049999713897705,1.3899999856948853,1.3910000324249268,40100.0,55948.3984375,2265151.0
2018-04-23,1.3730000257492065,1.3760000467300415,1.371999979019165,1.375,94001.0,129071.4765625,2265151.0
2018-04-24,1.36899995803833,1.3899999856948853,1.36899995803833,1.3880000114440918,67600.0,93543.1015625,2265151.0
2018-04-25,1.3639999628067017,1.3660000562667847,1.3530000448226929,1.3589999675750732,129076.0,175579.953125,2265151.0
2018-04-26,1.3589999675750732,1.3680000305175781,1.3589999675750732,1.3680000305175781,44400.0,60468.56640625,2265151.0
2018-04-27,1.36899995803833,1.3799999952316284,1.3609999418258667,1.371999979019165,525800.0,719616.875,2265151.0
2018-05-02,1.3700000047683716,1.3890000581741333,1.3669999837875366,1.3799999952316284,801021.0,1100303.625,2265151.0
2018-05-03,1.3860000371932983,1.3860000371932983,1.3739999532699585,1.3799999952316284,532000.0,734238.0,2265151.0
2018-05-04,1.38100004196167,1.3960000276565552,1.3799999952316284,1.3960000276565552,192300.0,267423.0,2265151.0
2018-05-07,1.399999976158142,1.4140000343322754,1.399999976158142,1.409999966621399,254106.0,356745.71875,2265151.0
2018-05-08,1.406999945640564,1.4140000343322754,1.406999945640564,1.4140000343322754,139300.0,196686.90625,2265151.0
2018-05-09,1.4210000038146973,1.4279999732971191,1.4190000295639038,1.4249999523162842,220602.0,313431.625,2265151.0
2018-05-10,1.4789999723434448,1.4789999723434448,1.437000036239624,1.440000057220459,150600.0,217030.0,2265151.0
2018-05-11,1.4919999837875366,1.4919999837875366,1.4539999961853027,1.465000033378601,248700.0,364646.40625,2265151.0
2018-05-14,1.465000033378601,1.4709999561309814,1.465000033378601,1.465999960899353,124600.0,182651.296875,2265151.0
2018-05-15,1.472000002861023,1.472000002861023,1.465999960899353,1.472000002861023,276400.0,406003.90625,2265151.0
2018-05-16,1.4709999561309814,1.496999979019165,1.4600000381469727,1.4600000381469727,74099.0,108312.34375,2265151.0
2018-05-17,1.4700000286102295,1.475000023841858,1.4609999656677246,1.468999981880188,170800.0,250665.59375,2265151.0
2018-05-18,1.4709999561309814,1.5199999809265137,1.4639999866485596,1.465999960899353,202900.0,299820.1875,2265151.0
2018-05-21,1.4620000123977661,1.4789999723434448,1.4600000381469727,1.4789999723434448,284013.0,416667.40625,2265151.0
2018-05-22,1.4789999723434448,1.5180000066757202,1.465999960899353,1.4670000076293945,32300.0,47516.69921875,2265151.0
2018-05-23,1.4570000171661377,1.468999981880188,1.4299999475479126,1.4479999542236328,266300.0,383098.40625,2265151.0
2018-05-24,1.468000054359436,1.4780000448226929,1.4509999752044678,1.4579999446868896,155201.0,226457.453125,2265151.0
2018-05-25,1.4210000038146973,1.4609999656677246,1.4210000038146973,1.4600000381469727,31100.0,45193.0,2265151.0
2018-05-28,1.4600000381469727,1.5190000534057617,1.4550000429153442,1.4800000190734863,322100.0,486790.3125,2265151.0
2018-05-29,1.5180000066757202,1.5180000066757202,1.472000002861023,1.472000002861023,1900.0,2819.199951171875,2265151.0
2018-05-30,1.4930000305175781,1.4930000305175781,1.4620000123977661,1.4620000123977661,4400.0,6506.89990234375,2265151.0
2018-05-31,1.468000054359436,1.4989999532699585,1.468000054359436,1.4769999980926514,86638.0,128152.28125,2265151.0
2018-06-01,1.4910000562667847,1.4910000562667847,1.4730000495910645,1.4759999513626099,110500.0,163859.09375,2265151.0
2018-06-04,1.5,1.5169999599456787,1.5,1.5110000371932983,98600.0,148674.09375,2265151.0
2018-06-05,1.5190000534057617,1.5440000295639038,1.5190000534057617,1.524999976158142,75081.0,114549.140625,2265151.0
2018-06-06,1.6490000486373901,1.6490000486373901,1.5299999713897705,1.5360000133514404,64381.0,99553.3125,2265151.0
2018-06-07,1.6169999837875366,1.6169999837875366,1.5369999408721924,1.5399999618530273,167166.0,258715.078125,2265151.0
2018-06-08,1.5429999828338623,1.5429999828338623,1.5199999809265137,1.5199999809265137,39900.0,60764.3984375,2265151.0
2018-06-11,1.5989999771118164,1.5989999771118164,1.5140000581741333,1.5329999923706055,66000.0,100152.6015625,2265151.0
2018-06-12,1.534999966621399,1.5360000133514404,1.5199999809265137,1.534999966621399,291500.0,445680.8125,2265151.0
2018-06-13,1.5490000247955322,1.5490000247955322,1.5390000343322754,1.5460000038146973,5000.0,7706.2998046875,2265151.0
2018-06-14,1.5369999408721924,1.5440000295639038,1.534000039100647,1.5440000295639038,124400.0,191080.5,2265151.0
2018-06-15,1.5440000295639038,1.590000033378601,1.5440000295639038,1.5800000429153442,207703.0,327730.71875,2265151.0
2018-06-19,1.5800000429153442,1.5800000429153442,1.534999966621399,1.534999966621399,41000.0,64101.1015625,2265151.0
2018-06-20,1.590000033378601,1.590000033378601,1.5540000200271606,1.5540000200271606,7900.0,12318.099609375,2265151.0
2018-06-21,1.5850000381469727,1.5850000381469727,1.5670000314712524,1.5839999914169312,186038.0,294017.28125,2265151.0
2018-06-22,1.5789999961853027,1.5789999961853027,1.5570000410079956,1.5770000219345093,91800.0,144720.0,2265151.0
2018-06-25,1.5779999494552612,1.5870000123977661,1.565000057220459,1.5750000476837158,45800.0,72311.796875,2265151.0
2018-06-26,1.5299999713897705,1.562000036239624,1.5299999713897705,1.5379999876022339,146213.0,225091.0,2265151.0
2018-06-27,1.5390000343322754,1.5470000505447388,1.531999945640564,1.5379999876022339,59400.0,91461.3984375,2265151.0
2018-06-28,1.5379999876022339,1.5379999876022339,1.50600004196167,1.531000018119812,87700.0,132675.0,2265151.0
2018-06-29,1.531000018119812,1.5800000429153442,1.5230000019073486,1.565000057220459,220053.0,342480.03125,2265151.0
2018-07-02,1.5750000476837158,1.5750000476837158,1.5360000133514404,1.5549999475479126,163200.0,251655.0,2265151.0
2018-07-03,1.559999942779541,1.600000023841858,1.559999942779541,1.5709999799728394,171210.0,269363.09375,2265151.0
2018-07-04,1.5880000591278076,1.5880000591278076,1.5470000505447388,1.5720000267028809,88800.0,139699.296875,2265151.0
2018-07-05,1.593000054359436,1.593000054359436,1.5549999475479126,1.5700000524520874,23200.0,36209.3984375,2265151.0
2018-07-06,1.590000033378601,1.6059999465942383,1.5709999799728394,1.590000033378601,175800.0,279713.6875,2265151.0
2018-07-09,1.593000054359436,1.625,1.593000054359436,1.6069999933242798,156900.0,252288.40625,2265151.0
2018-07-10,1.6319999694824219,1.6319999694824219,1.5920000076293945,1.621999979019165,175466.0,283558.40625,2265151.0
2018-07-11,1.621000051498413,1.6380000114440918,1.621000051498413,1.6319999694824219,60766.0,98814.484375,2265151.0
2018-07-12,1.63100004196167,1.6390000581741333,1.6230000257492065,1.6369999647140503,127600.0,208291.203125,2265151.0
2018-07-13,1.6649999618530273,1.6649999618530273,1.6430000066757202,1.6510000228881836,106400.0,175556.203125,2265151.0
2018-07-16,1.6349999904632568,1.6660000085830688,1.6349999904632568,1.6629999876022339,38000.0,63094.5,2265151.0
2018-07-17,1.6640000343322754,1.6799999475479126,1.6180000305175781,1.625,482700.0,791741.3125,2265151.0
2018-07-18,1.649999976158142,1.649999976158142,1.6349999904632568,1.6380000114440918,147900.0,242780.796875,2265151.0
2018-07-19,1.6440000534057617,1.6440000534057617,1.6360000371932983,1.6399999856948853,168200.0,275689.1875,2265151.0
2018-07-20,1.6360000371932983,1.6480000019073486,1.6360000371932983,1.6399999856948853,337300.0,552642.3125,2265151.0
2018-07-23,1.6330000162124634,1.6349999904632568,1.625,1.6269999742507935,233000.0,379365.5,2265151.0
2018-07-24,1.6469999551773071,1.659999966621399,1.6330000162124634,1.6540000438690186,480004.0,792127.75,2265151.0
2018-07-25,1.656000018119812,1.659999966621399,1.6480000019073486,1.6519999504089355,757600.0,1251321.375,2265151.0
2018-07-26,1.6740000247955322,1.6740000247955322,1.6619999408721924,1.6679999828338623,278200.0,464372.1875,2265151.0
2018-07-27,1.6660000085830688,1.687000036239624,1.652999997138977,1.6799999475479126,1147700.0,1923857.25,2265151.0
2018-07-30,1.6779999732971191,1.6779999732971191,1.6460000276565552,1.6490000486373901,906100.0,1500715.375,2265151.0
2018-07-31,1.6399999856948853,1.6399999856948853,1.6109999418258667,1.61899995803833,626300.0,1012503.125,2265151.0
2018-08-01,1.6200000047683716,1.6369999647140503,1.6200000047683716,1.6330000162124634,727100.0,1182811.5,2265151.0
2018-08-02,1.6380000114440918,1.6390000581741333,1.6299999952316284,1.6360000371932983,752600.0,1230163.375,2265151.0
2018-08-03,1.659999966621399,1.6799999475479126,1.656999945640564,1.6799999475479126,577800.0,966168.3125,2265151.0
2018-08-06,1.687000036239624,1.6979999542236328,1.6699999570846558,1.6920000314712524,1300100.0,2197454.5,2265151.0
2018-08-07,1.7000000476837158,1.7200000286102295,1.690000057220459,1.6990000009536743,3843000.0,6544834.0,2265151.0
2018-08-08,1.6990000009536743,1.7170000076293945,1.6820000410079956,1.6859999895095825,1528100.0,2580639.0,2265151.0
2018-08-09,1.687000036239624,1.687000036239624,1.5800000429153442,1.6749999523162842,887400.0,1482953.0,2265151.0
2018-08-10,1.6749999523162842,1.687999963760376,1.6690000295639038,1.6759999990463257,782700.0,1309308.875,2265151.0
2018-08-13,1.649999976158142,1.6699999570846558,1.6230000257492065,1.6660000085830688,349200.0,580288.625,2265151.0
2018-08-14,1.659999966621399,1.6770000457763672,1.659999966621399,1.6749999523162842,261700.0,436467.6875,2265151.0
2018-08-15,1.690000057220459,1.7029999494552612,1.6829999685287476,1.6920000314712524,1126600.0,1911731.5,2265151.0
2018-08-16,1.6679999828338623,1.6890000104904175,1.6660000085830688,1.6779999732971191,552700.0,927032.6875,2265151.0
2018-08-17,1.687999963760376,1.6950000524520874,1.6799999475479126,1.6950000524520874,450805.0,761132.5625,2265151.0
2018-08-20,1.6959999799728394,1.6970000267028809,1.6799999475479126,1.687000036239624,761400.0,1285631.375,2265151.0
2018-08-21,1.6829999685287476,1.6859999895095825,1.6710000038146973,1.6749999523162842,778800.0,1307771.375,2265151.0
2018-08-22,1.6699999570846558,1.6749999523162842,1.6660000085830688,1.6699999570846558,431400.0,720454.375,2265151.0
2018-08-23,1.6740000247955322,1.6820000410079956,1.6740000247955322,1.6759999990463257,386500.0,648490.5,2265151.0
2018-08-24,1.6759999990463257,1.6779999732971191,1.6710000038146973,1.6770000457763672,172400.0,288960.1875,2265151.0
2018-08-27,1.680999994277954,1.684000015258789,1.6749999523162842,1.680999994277954,758000.0,1273616.125,2265151.0
2018-08-28,1.690000057220459,1.7059999704360962,1.690000057220459,1.7029999494552612,982000.0,1670410.625,2265151.0
2018-08-29,1.7000000476837158,1.7120000123977661,1.7000000476837158,1.7089999914169312,281215.0,480582.03125,2265151.0
2018-08-30,1.715999960899353,1.7979999780654907,1.715999960899353,1.7330000400543213,540200.0,935148.6875,2265151.0
2018-08-31,1.7319999933242798,1.7319999933242798,1.7079999446868896,1.7300000190734863,536500.0,926112.375,2265151.0
2018-09-03,1.7300000190734863,1.7400000095367432,1.7300000190734863,1.7359999418258667,600600.0,1042210.3125,2265151.0
2018-09-04,1.7369999885559082,1.74399995803833,1.7330000400543213,1.7430000305175781,548700.0,955407.8125,2265151.0
2018-09-05,1.74399995803833,1.74399995803833,1.7359999418258667,1.7380000352859497,424300.0,737990.6875,2265151.0
2018-09-06,1.7209999561309814,1.7330000400543213,1.6979999542236328,1.6979999542236328,1277200.0,2174267.0,2265151.0
2018-09-07,1.687999963760376,1.687999963760376,1.6690000295639038,1.6790000200271606,537400.0,901399.5,2265151.0
2018-09-10,1.6720000505447388,1.6929999589920044,1.6720000505447388,1.684999942779541,763500.0,1284419.875,2265151.0
2018-09-11,1.687999963760376,1.7200000286102295,1.687999963760376,1.7020000219345093,348500.0,592829.6875,2265151.0
2018-09-12,1.7200000286102295,1.7209999561309814,1.7100000381469727,1.715000033378601,1047900.0,1795474.875,2265151.0
2018-09-13,1.7039999961853027,1.7100000381469727,1.6959999799728394,1.6970000267028809,474000.0,805927.875,2265151.0
2018-09-14,1.7089999914169312,1.7109999656677246,1.7050000429153442,1.7100000381469727,314500.0,537361.6875,2265151.0
2018-09-17,1.7050000429153442,1.7100000381469727,1.6990000009536743,1.7089999914169312,192600.0,328580.8125,2265151.0
2018-09-18,1.690999984741211,1.690999984741211,1.6720000505447388,1.6890000104904175,484700.0,813079.625,2265151.0
2018-09-19,1.7089999914169312,1.7089999914169312,1.6929999589920044,1.6950000524520874,606300.0,1029004.5,2265151.0
2018-09-20,1.6859999895095825,1.6950000524520874,1.6859999895095825,1.6929999589920044,312700.0,529080.375,2265151.0
2018-09-21,1.7070000171661377,1.7070000171661377,1.7029999494552612,1.7039999961853027,361701.0,616629.5,2265151.0
2018-09-25,1.7029999494552612,1.7029999494552612,1.6950000524520874,1.7009999752044678,433100.0,735766.0,2265151.0
2018-09-26,1.7009999752044678,1.7070000171661377,1.7009999752044678,1.7059999704360962,383802.0,654201.125,2265151.0
2018-09-27,1.7059999704360962,1.7059999704360962,1.6979999542236328,1.7039999961853027,298100.0,507740.0,2265151.0
2018-09-28,1.715999960899353,1.7289999723434448,1.715000033378601,1.7269999980926514,715200.0,1233020.125,2265151.0
2018-10-08,1.690000057220459,1.690000057220459,1.6759999990463257,1.6770000457763672,631500.0,1060165.75,2265151.0
2018-10-09,1.6670000553131104,1.6990000009536743,1.6670000553131104,1.680999994277954,452700.0,763299.0,2265151.0
2018-10-10,1.684999942779541,1.6959999799728394,1.6770000457763672,1.6820000410079956,1168600.0,1962146.625,2265151.0
2018-10-11,1.6369999647140503,1.6369999647140503,1.559999942779541,1.5779999494552612,2125900.0,3360615.25,2265151.0
2018-10-12,1.5779999494552612,1.6109999418258667,1.5609999895095825,1.6089999675750732,813831.0,1293391.75,2265151.0
2018-10-15,1.621999979019165,1.6390000581741333,1.6030000448226929,1.6050000190734863,463900.0,748710.375,2265151.0
2018-10-16,1.6059999465942383,1.6109999418258667,1.6009999513626099,1.6059999465942383,85700.0,137413.296875,2265151.0
2018-10-17,1.6480000019073486,1.6660000085830688,1.6460000276565552,1.6660000085830688,455780.0,753432.5625,2265151.0
2018-10-18,1.6480000019073486,1.6510000228881836,1.6430000066757202,1.6460000276565552,273600.0,450363.28125,2265151.0
2018-10-19,1.6169999837875366,1.628999948501587,1.6169999837875366,1.628999948501587,840090.0,1361510.625,2265151.0
2018-10-22,1.6269999742507935,1.6269999742507935,1.6100000143051147,1.6180000305175781,928452.0,1498982.0,2265151.0
2018-10-23,1.6139999628067017,1.6180000305175781,1.597000002861023,1.6009999513626099,991900.0,1595106.25,2265151.0
2018-10-24,1.6039999723434448,1.6109999418258667,1.600000023841858,1.6080000400543213,182100.0,292443.90625,2265151.0
2018-10-25,1.5410000085830688,1.5549999475479126,1.534999966621399,1.5540000200271606,894641.0,1384705.625,2265151.0
2018-10-26,1.5850000381469727,1.5859999656677246,1.5479999780654907,1.555999994277954,748600.0,1165467.75,2265151.0
2018-10-29,1.555999994277954,1.565999984741211,1.5470000505447388,1.555999994277954,344900.0,536723.8125,2265151.0
2018-10-30,1.5460000038146973,1.5460000038146973,1.5269999504089355,1.5369999408721924,999900.0,1536694.75,2265151.0
2018-10-31,1.5520000457763672,1.5529999732971191,1.5470000505447388,1.5509999990463257,447300.0,693020.6875,2265151.0
2018-11-01,1.5709999799728394,1.5820000171661377,1.569000005722046,1.5740000009536743,1020701.0,1611266.625,2265151.0
2018-11-02,1.5839999914169312,1.600000023841858,1.5839999914169312,1.597000002861023,1002400.0,1596154.125,2265151.0
2018-11-05,1.590999960899353,1.590999960899353,1.5679999589920044,1.5729999542236328,585600.0,920708.875,2265151.0
2018-11-06,1.5679999589920044,1.5729999542236328,1.5670000314712524,1.5700000524520874,319200.0,501088.6875,2265151.0
2018-11-07,1.5750000476837158,1.5870000123977661,1.5750000476837158,1.5800000429153442,604200.0,956081.8125,2265151.0
2018-11-08,1.6119999885559082,1.6230000257492065,1.6119999885559082,1.6150000095367432,603500.0,976523.125,2265151.0
2018-11-09,1.6080000400543213,1.6139999628067017,1.6080000400543213,1.6130000352859497,160500.0,258689.296875,2265151.0
2018-11-12,1.6019999980926514,1.6069999933242798,1.5859999656677246,1.6050000190734863,190405.0,304520.59375,2265151.0
2018-11-13,1.5709999799728394,1.5740000009536743,1.5479999780654907,1.5579999685287476,502200.0,781344.375,2265151.0
2018-11-14,1.5540000200271606,1.555999994277954,1.5520000457763672,1.5549999475479126,125700.0,195327.5,2265151.0
2018-11-15,1.5479999780654907,1.5479999780654907,1.5360000133514404,1.5420000553131104,1139800.0,1753464.25,2265151.0
2018-11-16,1.5529999732971191,1.5529999732971191,1.5440000295639038,1.5470000505447388,608700.0,942641.125,2265151.0
2018-11-19,1.5479999780654907,1.5509999990463257,1.5460000038146973,1.5509999990463257,217200.0,336277.0,2265151.0
2018-11-20,1.5240000486373901,1.5240000486373901,1.4950000047683716,1.5,743205.0,1116729.5,2265151.0
2018-11-21,1.4700000286102295,1.496999979019165,1.4700000286102295,1.4869999885559082,949548.0,1406758.125,2265151.0
2018-11-22,1.4869999885559082,1.4900000095367432,1.4780000448226929,1.4830000400543213,327400.0,484904.0,2265151.0
2018-11-23,1.4809999465942383,1.4830000400543213,1.4730000495910645,1.4730000495910645,182200.0,268618.90625,2265151.0
2018-11-26,1.4800000190734863,1.4850000143051147,1.475000023841858,1.4850000143051147,189400.0,280757.8125,2265151.0
2018-11-27,1.4989999532699585,1.5,1.4950000047683716,1.5,357300.0,535289.375,2265151.0
2018-11-28,1.5049999952316284,1.524999976158142,1.5049999952316284,1.5230000019073486,1804500.0,2742218.0,2265151.0
2018-11-29,1.5479999780654907,1.5570000410079956,1.5479999780654907,1.5490000247955322,460283.0,714136.9375,2265151.0
2018-11-30,1.5549999475479126,1.5549999475479126,1.5509999990463257,1.5549999475479126,310420.0,482159.78125,2265151.0
2018-12-03,1.5800000429153442,1.6030000448226929,1.5800000429153442,1.600000023841858,831280.0,1325143.625,2265151.0
2018-12-04,1.5959999561309814,1.5959999561309814,1.565000057220459,1.565000057220459,671200.0,1059875.75,2265151.0
2018-12-05,1.527999997138977,1.5299999713897705,1.5199999809265137,1.5299999713897705,1135900.0,1733546.375,2265151.0
2018-12-06,1.5149999856948853,1.5149999856948853,1.5010000467300415,1.5049999952316284,213000.0,321027.1875,2265151.0
2018-12-07,1.5199999809265137,1.534999966621399,1.5199999809265137,1.5290000438690186,46800.0,71612.8984375,2265151.0
2018-12-10,1.5290000438690186,1.5290000438690186,1.4759999513626099,1.4789999723434448,599900.0,887875.0,2265151.0
2018-12-11,1.4950000047683716,1.5149999856948853,1.4950000047683716,1.5010000467300415,412400.0,619433.1875,2265151.0
2018-12-12,1.5080000162124634,1.5190000534057617,1.50600004196167,1.5180000066757202,786500.0,1190154.0,2265151.0
2018-12-13,1.5329999923706055,1.5329999923706055,1.5230000019073486,1.527999997138977,283800.0,434140.0,2265151.0
2018-12-14,1.524999976158142,1.524999976158142,1.5069999694824219,1.5130000114440918,162300.0,245772.40625,2265151.0
2018-12-17,1.4919999837875366,1.4930000305175781,1.4869999885559082,1.4919999837875366,392300.0,584288.3125,2265151.0
2018-12-18,1.475000023841858,1.4789999723434448,1.4550000429153442,1.4630000591278076,268800.0,393079.1875,2265151.0
2018-12-19,1.4600000381469727,1.4639999866485596,1.4600000381469727,1.4639999866485596,78700.0,114955.5,2265151.0
2018-12-20,1.444000005722046,1.444000005722046,1.4179999828338623,1.4179999828338623,874300.0,1245252.5,2265151.0
2018-12-21,1.4079999923706055,1.4140000343322754,1.4049999713897705,1.4140000343322754,541900.0,763170.3125,2265151.0
2018-12-24,1.3799999952316284,1.3799999952316284,1.3559999465942383,1.371999979019165,631200.0,865693.375,2265151.0
2018-12-25,1.340000033378601,1.340000033378601,1.315999984741211,1.3259999752044678,631952.0,837167.6875,2265151.0
2018-12-26,1.3270000219345093,1.3320000171661377,1.3200000524520874,1.3240000009536743,1111600.0,1471508.25,2265151.0
2018-12-27,1.3990000486373901,1.409999966621399,1.3880000114440918,1.3940000534057617,1378800.0,1922476.5,2265151.0
2018-12-28,1.4010000228881836,1.409999966621399,1.4010000228881836,1.406999945640564,414600.0,583241.375,2265151.0
2019-01-02,1.4179999828338623,1.4229999780654907,1.3940000534057617,1.3969999551773071,482100.0,679866.0,2265151.0
2019-01-03,1.3980000019073486,1.3980000019073486,1.3869999647140503,1.3869999647140503,283200.0,393263.90625,2265151.0
2019-01-04,1.3509999513626099,1.3880000114440918,1.3509999513626099,1.3880000114440918,435900.0,596385.1875,2265151.0
2019-01-07,1.4190000295639038,1.4429999589920044,1.4190000295639038,1.4299999475479126,153700.0,220309.09375,2265151.0
2019-01-08,1.4420000314712524,1.4550000429153442,1.4420000314712524,1.4509999752044678,1068200.0,1550178.75,2265151.0
2019-01-09,1.4600000381469727,1.4700000286102295,1.4600000381469727,1.4639999866485596,184500.0,270590.6875,2265151.0
2019-01-10,1.4639999866485596,1.4639999866485596,1.4500000476837158,1.4500000476837158,182500.0,265808.90625,2265151.0
2019-01-11,1.465000033378601,1.465999960899353,1.4589999914169312,1.4589999914169312,49900.0,72943.6015625,2265151.0
2019-01-14,1.4509999752044678,1.4539999961853027,1.4450000524520874,1.4459999799728394,51100.0,73970.8984375,2265151.0
2019-01-15,1.4459999799728394,1.4550000429153442,1.4459999799728394,1.4550000429153442,90300.0,130910.8984375,2265151.0
2019-01-16,1.4639999866485596,1.4730000495910645,1.4639999866485596,1.4730000495910645,200000.0,294098.59375,2265151.0
2019-01-17,1.465000033378601,1.465999960899353,1.4609999656677246,1.4630000591278076,180400.0,264157.0,2265151.0
2019-01-18,1.4809999465942383,1.4889999628067017,1.4809999465942383,1.4859999418258667,430500.0,639124.5,2265151.0
2019-01-21,1.4950000047683716,1.4980000257492065,1.49399995803833,1.49399995803833,33105.0,49487.671875,2265151.0
2019-01-22,1.496999979019165,1.4980000257492065,1.4839999675750732,1.4850000143051147,125600.0,187181.203125,2265151.0
2019-01-23,1.4520000219345093,1.4769999980926514,1.4520000219345093,1.472000002861023,131100.0,192839.5,2265151.0
2019-01-24,1.4700000286102295,1.4730000495910645,1.4700000286102295,1.472000002861023,17500.0,25729.80078125,2265151.0
2019-01-25,1.4739999771118164,1.4819999933242798,1.4739999771118164,1.4800000190734863,437600.0,647058.8125,2265151.0
2019-01-28,1.4900000095367432,1.4900000095367432,1.4780000448226929,1.4789999723434448,559800.0,829703.3125,2265151.0
2019-01-29,1.4620000123977661,1.468999981880188,1.4620000123977661,1.465000033378601,76500.0,111906.0,2265151.0
2019-01-30,1.4600000381469727,1.4639999866485596,1.4600000381469727,1.4630000591278076,60800.0,88998.203125,2265151.0
2019-01-31,1.5499999523162842,1.5499999523162842,1.4769999980926514,1.496000051498413,95100.0,142186.703125,2265151.0
2019-02-01,1.5080000162124634,1.5190000534057617,1.503999948501587,1.5190000534057617,748200.0,1131646.625,2265151.0
2019-02-11,1.5190000534057617,1.524999976158142,1.5169999599456787,1.5199999809265137,668200.0,1014993.875,2265151.0
2019-02-12,1.524999976158142,1.527999997138977,1.5219999551773071,1.5240000486373901,650300.0,991397.875,2265151.0
2019-02-13,1.5410000085830688,1.5449999570846558,1.5410000085830688,1.5440000295639038,148100.0,228389.296875,2265151.0
2019-02-14,1.5399999618530273,1.5399999618530273,1.534999966621399,1.5399999618530273,336100.0,516510.0,2265151.0
2019-02-15,1.534000039100647,1.5379999876022339,1.5269999504089355,1.5269999504089355,166800.0,255192.796875,2265151.0
2019-02-18,1.534000039100647,1.5490000247955322,1.534000039100647,1.5490000247955322,190200.0,293812.0,2265151.0
2019-02-19,1.5470000505447388,1.5490000247955322,1.5399999618530273,1.5490000247955322,115500.0,178581.09375,2265151.0
2019-02-20,1.5499999523162842,1.5499999523162842,1.5429999828338623,1.5440000295639038,124700.0,192554.203125,2265151.0
2019-02-21,1.5440000295639038,1.5440000295639038,1.5390000343322754,1.5420000553131104,145400.0,224180.703125,2265151.0
2019-02-22,1.5369999408721924,1.5369999408721924,1.5329999923706055,1.5360000133514404,129300.0,198397.0,2265151.0
2019-02-25,1.5490000247955322,1.5529999732971191,1.534999966621399,1.5529999732971191,528200.0,815642.375,2265151.0
2019-02-26,1.5529999732971191,1.5529999732971191,1.534999966621399,1.5410000085830688,604200.0,931988.8125,2265151.0
2019-02-27,1.531999945640564,1.5479999780654907,1.531999945640564,1.5410000085830688,628900.0,968796.375,2265151.0
2019-02-28,1.5399999618530273,1.5410000085830688,1.5360000133514404,1.5360000133514404,261300.0,401997.8125,2265151.0
2019-03-01,1.5379999876022339,1.5579999685287476,1.5379999876022339,1.5509999990463257,940200.0,1453058.25,2265151.0
2019-03-04,1.5570000410079956,1.5609999895095825,1.5529999732971191,1.5570000410079956,346900.0,540080.1875,2265151.0
2019-03-05,1.5509999990463257,1.5509999990463257,1.5420000553131104,1.5440000295639038,564700.0,872581.125,2265151.0
2019-03-06,1.5440000295639038,1.5449999570846558,1.5410000085830688,1.5449999570846558,572801.0,883337.0625,2265151.0
2019-03-07,1.5410000085830688,1.5410000085830688,1.5290000438690186,1.5329999923706055,905000.0,1384351.0,2265151.0
2019-03-08,1.5230000019073486,1.5230000019073486,1.503000020980835,1.503999948501587,276700.0,419518.90625,2265151.0
2019-03-11,1.5119999647140503,1.5379999876022339,1.5119999647140503,1.5210000276565552,3981505.0,6062878.0,2265151.0
2019-03-12,1.5399999618530273,1.5609999895095825,1.5399999618530273,1.5540000200271606,2318800.0,3605433.0,2265151.0
2019-03-13,1.5800000429153442,1.5800000429153442,1.5570000410079956,1.559999942779541,755700.0,1180486.125,2265151.0
2019-03-14,1.5679999589920044,1.5809999704360962,1.5670000314712524,1.5779999494552612,542015.0,853506.125,2265151.0
2019-03-15,1.5679999589920044,1.5850000381469727,1.5679999589920044,1.5809999704360962,3451308.0,5457120.5,2265151.0
2019-03-18,1.5809999704360962,1.5920000076293945,1.5809999704360962,1.5920000076293945,390800.0,621093.625,2265151.0
2019-03-19,1.5950000286102295,1.597000002861023,1.5920000076293945,1.5959999561309814,365733.0,583122.25,2265151.0
2019-03-20,1.597000002861023,1.600000023841858,1.5920000076293945,1.5959999561309814,510000.0,813666.875,2265151.0
2019-03-21,1.5959999561309814,1.6139999628067017,1.590000033378601,1.6030000448226929,199600.0,319573.3125,2265151.0
2019-03-22,1.6200000047683716,1.6319999694824219,1.6200000047683716,1.6299999952316284,116900.0,190466.703125,2265151.0
2019-03-25,1.600000023841858,1.600000023841858,1.5779999494552612,1.5779999494552612,503900.0,797270.3125,2265151.0
2019-03-26,1.590000033378601,1.590000033378601,1.5829999446868896,1.5870000123977661,239100.0,379242.90625,2265151.0
2019-03-27,1.5980000495910645,1.6039999723434448,1.590000033378601,1.6019999980926514,1058500.0,1689243.5,2265151.0
2019-03-28,1.5920000076293945,1.5920000076293945,1.5880000591278076,1.590000033378601,154300.0,245389.59375,2265151.0
2019-03-29,1.6100000143051147,1.6100000143051147,1.593999981880188,1.6009999513626099,65300.0,104588.796875,2265151.0
2019-04-01,1.6050000190734863,1.625,1.6050000190734863,1.6239999532699585,252780.0,408808.875,2265151.0
2019-04-02,1.6349999904632568,1.6349999904632568,1.6239999532699585,1.6330000162124634,168600.0,275147.5,2265151.0
2019-04-03,1.6419999599456787,1.6419999599456787,1.628000020980835,1.6349999904632568,188500.0,307549.3125,2265151.0
2019-04-04,1.6369999647140503,1.6460000276565552,1.6349999904632568,1.6430000066757202,185324.0,304270.75,2265151.0
2019-04-08,1.6430000066757202,1.6540000438690186,1.6319999694824219,1.6419999599456787,297400.0,488181.1875,2265151.0
2019-04-09,1.6469999551773071,1.6469999551773071,1.6399999856948853,1.6440000534057617,214135.0,352176.09375,2265151.0
2019-04-10,1.6380000114440918,1.6380000114440918,1.6299999952316284,1.6369999647140503,105200.0,171797.796875,2265151.0
2019-04-11,1.6449999809265137,1.656999945640564,1.6410000324249268,1.656000018119812,1095400.0,1803039.75,2265151.0
2019-04-12,1.652999997138977,1.652999997138977,1.6469999551773071,1.6519999504089355,19700.0,32491.80078125,2265151.0
2019-04-15,1.652999997138977,1.656000018119812,1.649999976158142,1.6510000228881836,41900.0,69292.8984375,2265151.0
2019-04-16,1.659999966621399,1.7489999532699585,1.6449999809265137,1.6549999713897705,137950.0,230442.046875,2265151.0
2019-04-17,1.656000018119812,1.659000039100647,1.6549999713897705,1.656000018119812,91300.0,151176.09375,2265151.0
2019-04-18,1.6490000486373901,1.656000018119812,1.6490000486373901,1.6549999713897705,55200.0,91245.5,2265151.0
2019-04-19,1.656999945640564,1.6699999570846558,1.6469999551773071,1.6610000133514404,305503.0,505975.53125,2265151.0
2019-04-22,1.6640000343322754,1.6640000343322754,1.6549999713897705,1.6610000133514404,130403.0,216277.078125,2265151.0
2019-04-23,1.6640000343322754,1.6690000295639038,1.6610000133514404,1.6679999828338623,62400.0,103898.5,2265151.0
2019-04-24,1.684999942779541,1.6959999799728394,1.684000015258789,1.6959999799728394,415900.0,703006.875,2265151.0
2019-04-25,1.6959999799728394,1.7050000429153442,1.690000057220459,1.7050000429153442,289224.0,491283.09375,2265151.0
2019-04-26,1.6979999542236328,1.7339999675750732,1.6979999542236328,1.7230000495910645,535405.0,921019.8125,2265151.0
2019-04-29,1.7259999513626099,1.7999999523162842,1.7259999513626099,1.7400000095367432,881500.0,1539168.125,2265151.0
2019-04-30,1.7400000095367432,1.753000020980835,1.7289999723434448,1.7319999933242798,2387400.0,4138650.75,2265151.0
2019-05-06,1.7289999723434448,1.7289999723434448,1.6759999990463257,1.6820000410079956,1086200.0,1844090.5,2265151.0
2019-05-07,1.690000057220459,1.7070000171661377,1.690000057220459,1.7029999494552612,268400.0,456163.59375,2265151.0
2019-05-08,1.6770000457763672,1.6790000200271606,1.6549999713897705,1.6720000505447388,549700.0,918278.125,2265151.0
2019-05-09,1.6720000505447388,1.6720000505447388,1.6610000133514404,1.6660000085830688,428300.0,713227.875,2265151.0
2019-05-10,1.6679999828338623,1.6779999732971191,1.6449999809265137,1.6720000505447388,369700.0,617239.875,2265151.0
2019-05-13,1.6699999570846558,1.6699999570846558,1.649999976158142,1.6579999923706055,239300.0,396686.59375,2265151.0
2019-05-14,1.6319999694824219,1.6319999694824219,1.5529999732971191,1.6160000562667847,571601.0,920506.125,2265151.0
2019-05-15,1.6319999694824219,1.652999997138977,1.6260000467300415,1.6380000114440918,475502.0,778622.6875,2265151.0
2019-05-16,1.6549999713897705,1.659999966621399,1.6469999551773071,1.6490000486373901,185300.0,306255.3125,2265151.0
2019-05-17,1.6729999780654907,1.6799999475479126,1.6660000085830688,1.6690000295639038,703700.0,1176277.375,2265151.0
2019-05-20,1.6679999828338623,1.6679999828338623,1.652999997138977,1.659000039100647,175600.0,291085.40625,2265151.0
2019-05-21,1.6440000534057617,1.6449999809265137,1.6369999647140503,1.6449999809265137,484500.0,794690.875,2265151.0
2019-05-22,1.6469999551773071,1.6579999923706055,1.6469999551773071,1.6510000228881836,158200.0,261521.0,2265151.0
2019-05-23,1.6510000228881836,1.6510000228881836,1.625,1.6260000467300415,414705.0,675402.125,2265151.0
2019-05-24,1.621000051498413,1.6230000257492065,1.6139999628067017,1.621000051498413,153900.0,248681.203125,2265151.0
2019-05-27,1.6130000352859497,1.621000051498413,1.6130000352859497,1.6200000047683716,195200.0,315641.3125,2265151.0
2019-05-28,1.6200000047683716,1.6239999532699585,1.6160000562667847,1.6169999837875366,245200.0,397379.59375,2265151.0
2019-05-29,1.6009999513626099,1.6059999465942383,1.600000023841858,1.6019999980926514,131000.0,209956.59375,2265151.0
2019-05-30,1.593000054359436,1.593999981880188,1.5850000381469727,1.5920000076293945,226548.0,360323.1875,2265151.0
2019-05-31,1.593000054359436,1.5959999561309814,1.5789999961853027,1.5789999961853027,189700.0,300914.3125,2265151.0
2019-06-03,1.5789999961853027,1.5789999961853027,1.5440000295639038,1.5520000457763672,299000.0,464165.40625,2265151.0
2019-06-04,1.5499999523162842,1.5499999523162842,1.5329999923706055,1.5379999876022339,141200.0,216901.59375,2265151.0
2019-06-05,1.5700000524520874,1.5789999961853027,1.569000005722046,1.5759999752044678,232200.0,365714.0,2265151.0
2019-06-06,1.5839999914169312,1.5859999656677246,1.5770000219345093,1.5820000171661377,133400.0,211158.203125,2265151.0
2019-06-10,1.6160000562667847,1.656000018119812,1.6160000562667847,1.6360000371932983,394500.0,643818.5,2265151.0
2019-06-11,1.6440000534057617,1.6740000247955322,1.6440000534057617,1.6440000534057617,752700.0,1240785.25,2265151.0
2019-06-12,1.6510000228881836,1.6510000228881836,1.6380000114440918,1.6410000324249268,388926.0,640042.5625,2265151.0
2019-06-13,1.6360000371932983,1.6440000534057617,1.6360000371932983,1.6440000534057617,144100.0,236425.296875,2265151.0
2019-06-14,1.649999976158142,1.659999966621399,1.6480000019073486,1.652999997138977,312900.0,516796.6875,2265151.0
2019-06-17,1.6519999504089355,1.659000039100647,1.6510000228881836,1.6540000438690186,501200.0,828867.1875,2265151.0
2019-06-18,1.6649999618530273,1.6779999732971191,1.656000018119812,1.6649999618530273,430200.0,717454.6875,2265151.0
2019-06-19,1.7059999704360962,1.7059999704360962,1.6749999523162842,1.687000036239624,276900.0,467673.8125,2265151.0
2019-06-20,1.6929999589920044,1.7059999704360962,1.687000036239624,1.7039999961853027,571102.0,971698.9375,2265151.0
2019-06-21,1.7020000219345093,1.7109999656677246,1.6950000524520874,1.7000000476837158,284704.0,483987.375,2265151.0
2019-06-24,1.7000000476837158,1.7100000381469727,1.6990000009536743,1.7079999446868896,212500.0,362239.59375,2265151.0
2019-06-25,1.6950000524520874,1.7000000476837158,1.684999942779541,1.687999963760376,185200.0,313524.09375,2265151.0
2019-06-26,1.6619999408721924,1.6679999828338623,1.659999966621399,1.6679999828338623,378000.0,628430.125,2265151.0
2019-06-27,1.6779999732971191,1.687999963760376,1.6699999570846558,1.6829999685287476,80100.0,134197.203125,2265151.0
2019-06-28,1.6820000410079956,1.6820000410079956,1.6649999618530273,1.6720000505447388,133400.0,223459.40625,2265151.0
2019-07-01,1.6970000267028809,1.7400000095367432,1.690999984741211,1.7289999723434448,503701.0,858512.8125,2265151.0
2019-07-02,1.7289999723434448,1.7289999723434448,1.7070000171661377,1.7120000123977661,577800.0,988418.625,2265151.0
2019-07-03,1.7130000591278076,1.7259999513626099,1.7089999914169312,1.7100000381469727,219401.0,375709.40625,2265151.0
2019-07-04,1.722000002861023,1.7230000495910645,1.7170000076293945,1.718999981880188,202600.0,348393.40625,2265151.0
2019-07-05,1.7230000495910645,1.7319999933242798,1.718999981880188,1.7259999513626099,472400.0,814581.0,2265151.0
2019-07-08,1.7289999723434448,1.7289999723434448,1.7079999446868896,1.7139999866485596,143500.0,245931.796875,2265151.0
2019-07-09,1.7130000591278076,1.7130000591278076,1.6950000524520874,1.6959999799728394,113703.0,193304.890625,2265151.0
2019-07-10,1.7100000381469727,1.7200000286102295,1.7039999961853027,1.715999960899353,267100.0,458003.3125,2265151.0
2019-07-11,1.725000023841858,1.7380000352859497,1.722000002861023,1.7339999675750732,277500.0,479824.40625,2265151.0
2019-07-12,1.7350000143051147,1.7359999418258667,1.7289999723434448,1.7300000190734863,176000.0,304832.40625,2265151.0
2019-07-15,1.7309999465942383,1.746000051498413,1.7309999465942383,1.7450000047683716,238612.0,415156.21875,2265151.0
2019-07-16,1.7549999952316284,1.7549999952316284,1.7480000257492065,1.7549999952316284,166800.0,292300.59375,2265151.0
2019-07-17,1.74399995803833,1.753000020980835,1.7339999675750732,1.746000051498413,373100.0,651899.8125,2265151.0
2019-07-18,1.7309999465942383,1.7369999885559082,1.7289999723434448,1.7300000190734863,225999.0,391212.875,2265151.0
2019-07-19,1.746000051498413,1.746000051498413,1.7369999885559082,1.74399995803833,290400.0,506023.6875,2265151.0
2019-07-22,1.7339999675750732,1.7339999675750732,1.718999981880188,1.7339999675750732,181300.0,313583.90625,2265151.0
2019-07-23,1.7369999885559082,1.746999979019165,1.7369999885559082,1.7430000305175781,405500.0,706498.8125,2265151.0
2019-07-24,1.753000020980835,1.753999948501587,1.746999979019165,1.7489999532699585,689900.0,1206548.375,2265151.0
2019-07-25,1.781999945640564,1.781999945640564,1.7599999904632568,1.7649999856948853,172199.0,304169.25,2265151.0
2019-07-26,1.7519999742507935,1.7610000371932983,1.7519999742507935,1.7610000371932983,209812.0,368771.6875,2265151.0
2019-07-29,1.781999945640564,1.781999945640564,1.7660000324249268,1.7699999809265137,98299.0,173916.4375,2265151.0
2019-07-30,1.7589999437332153,1.7740000486373901,1.7589999437332153,1.7690000534057617,349400.0,617783.5,2265151.0
2019-07-31,1.753999948501587,1.7680000066757202,1.753999948501587,1.75600004196167,56801.0,99989.0625,2265151.0
2019-08-01,1.7400000095367432,1.7430000305175781,1.7330000400543213,1.7380000352859497,199102.0,346249.46875,2265151.0
2019-08-02,1.7369999885559082,1.7380000352859497,1.7020000219345093,1.7380000352859497,191599.0,330217.1875,2265151.0
2019-08-05,1.7139999866485596,1.7419999837875366,1.7139999866485596,1.7230000495910645,255001.0,439904.03125,2265151.0
2019-08-06,1.6710000038146973,1.6920000314712524,1.652999997138977,1.6749999523162842,730403.0,1215582.75,2265151.0
2019-08-07,1.6950000524520874,1.7000000476837158,1.6519999504089355,1.694000005722046,627600.0,1059462.625,2265151.0
2019-08-08,1.6979999542236328,1.715000033378601,1.6979999542236328,1.7079999446868896,318300.0,542305.6875,2265151.0
2019-08-09,1.7450000047683716,1.7660000324249268,1.7309999465942383,1.7400000095367432,671706.0,1165251.125,2265151.0
2019-08-12,1.7380000352859497,1.7640000581741333,1.725000023841858,1.7640000581741333,200603.0,348908.0,2265151.0
2019-08-13,1.7519999742507935,1.7519999742507935,1.7050000429153442,1.7050000429153442,553000.0,950157.3125,2265151.0
2019-08-14,1.7309999465942383,1.7450000047683716,1.7309999465942383,1.7450000047683716,384994.0,670298.6875,2265151.0
2019-08-15,1.718000054359436,1.718000054359436,1.690999984741211,1.715000033378601,474202.0,809231.5625,2265151.0
2019-08-16,1.725000023841858,1.725000023841858,1.7070000171661377,1.7170000076293945,355800.0,609540.0,2265151.0
2019-08-19,1.7309999465942383,1.74399995803833,1.7209999561309814,1.7400000095367432,1417300.0,2459560.0,2265151.0
2019-08-20,1.74399995803833,1.753000020980835,1.7339999675750732,1.75,880626.0,1534641.0,2265151.0
2019-08-21,1.7410000562667847,1.7450000047683716,1.7410000562667847,1.74399995803833,75800.0,132084.40625,2265151.0
2019-08-22,1.7549999952316284,1.7690000534057617,1.753000020980835,1.7580000162124634,193097.0,338909.25,2265151.0
2019-08-23,1.75600004196167,1.8029999732971191,1.7519999742507935,1.7569999694824219,1009800.0,1772831.0,2265151.0
2019-08-26,1.7000000476837158,1.718999981880188,1.690999984741211,1.715999960899353,759600.0,1296079.5,2265151.0
2019-08-27,1.725000023841858,1.7690000534057617,1.725000023841858,1.7309999465942383,575400.0,997391.8125,2265151.0
2019-08-28,1.7230000495910645,1.7309999465942383,1.7230000495910645,1.7259999513626099,352700.0,609030.875,2265151.0
2019-08-29,1.746999979019165,1.746999979019165,1.718999981880188,1.7209999561309814,319500.0,550148.625,2265151.0
2019-08-30,1.746999979019165,1.7599999904632568,1.7319999933242798,1.75600004196167,712901.0,1245499.0,2265151.0
2019-09-02,1.7589999437332153,1.7589999437332153,1.746000051498413,1.7510000467300415,308097.0,538962.25,2265151.0
2019-09-03,1.7430000305175781,1.75,1.7430000305175781,1.7480000257492065,273000.0,476983.8125,2265151.0
2019-09-04,1.7319999933242798,1.777999997138977,1.7319999933242798,1.7669999599456787,985100.0,1724547.75,2265151.0
2019-09-05,1.777999997138977,1.7799999713897705,1.7649999856948853,1.7710000276565552,418410.0,740934.375,2265151.0
2019-09-06,1.7999999523162842,1.7999999523162842,1.777999997138977,1.7890000343322754,524190.0,935178.5,2265151.0
2019-09-09,1.8170000314712524,1.8170000314712524,1.784999966621399,1.7979999780654907,366900.0,656120.6875,2265151.0
2019-09-10,1.7879999876022339,1.7890000343322754,1.7649999856948853,1.777999997138977,1521200.0,2712475.0,2265151.0
2019-09-11,1.7740000486373901,1.774999976158142,1.7690000534057617,1.774999976158142,469900.0,832162.8125,2265151.0
2019-09-12,1.7979999780654907,1.7979999780654907,1.7899999618530273,1.7920000553131104,240700.0,431794.5,2265151.0
2019-09-16,1.777999997138977,1.781999945640564,1.7680000066757202,1.7740000486373901,461012.0,817601.1875,2265151.0
2019-09-17,1.7730000019073486,1.7769999504089355,1.7699999809265137,1.7699999809265137,152300.0,270128.59375,2265151.0
2019-09-18,1.7719999551773071,1.784000039100647,1.7719999551773071,1.7799999713897705,170400.0,303328.40625,2265151.0
2019-09-19,1.781999945640564,1.781999945640564,1.7619999647140503,1.777999997138977,142400.0,252909.0,2265151.0
2019-09-20,1.7799999713897705,1.7869999408721924,1.7790000438690186,1.781999945640564,179600.0,319747.5,2265151.0
2019-09-23,1.7790000438690186,1.7790000438690186,1.7680000066757202,1.7719999551773071,184905.0,327344.03125,2265151.0
2019-09-24,1.7740000486373901,1.7740000486373901,1.7699999809265137,1.7730000019073486,34000.0,60233.3984375,2265151.0
2019-09-25,1.753999948501587,1.7719999551773071,1.7419999837875366,1.7519999742507935,174500.0,305837.5,2265151.0
2019-09-26,1.7610000371932983,1.7690000534057617,1.7580000162124634,1.7589999437332153,198500.0,350058.0,2265151.0
2019-09-27,1.75600004196167,1.7619999647140503,1.75,1.7580000162124634,99800.0,175469.203125,2265151.0
2019-09-30,1.753999948501587,1.753999948501587,1.7380000352859497,1.74399995803833,535900.0,933403.5,2265151.0
2019-10-08,1.74399995803833,1.7719999551773071,1.715000033378601,1.746000051498413,99500.0,173231.703125,2265151.0
2019-10-09,1.725000023841858,1.7319999933242798,1.7239999771118164,1.7289999723434448,79400.0,137249.59375,2265151.0
2019-10-10,1.7309999465942383,1.7410000562667847,1.7259999513626099,1.7330000400543213,403100.0,699084.125,2265151.0
2019-10-11,1.7410000562667847,1.7480000257492065,1.7369999885559082,1.746000051498413,564320.0,984823.75,2265151.0
2019-10-14,1.7649999856948853,1.7699999809265137,1.7599999904632568,1.7660000324249268,1113141.0,1963299.875,2265151.0
2019-10-15,1.7669999599456787,1.7760000228881836,1.7669999599456787,1.7760000228881836,203041.0,358924.09375,2265151.0
2019-10-16,1.7929999828338623,1.7929999828338623,1.781999945640564,1.784000039100647,230700.0,411928.1875,2265151.0
2019-10-17,1.784000039100647,1.7869999408721924,1.781000018119812,1.781000018119812,30300.0,54057.5,2265151.0
2019-10-18,1.7860000133514404,1.7860000133514404,1.7769999504089355,1.7769999504089355,111000.0,197544.796875,2265151.0
2019-10-21,1.781999945640564,1.781999945640564,1.7680000066757202,1.7719999551773071,107900.0,191388.90625,2265151.0
2019-10-22,1.781999945640564,1.784999966621399,1.781000018119812,1.784000039100647,110300.0,196732.203125,2265151.0
2019-10-23,1.7699999809265137,1.7740000486373901,1.7680000066757202,1.7699999809265137,106900.0,189179.40625,2265151.0
2019-10-24,1.7769999504089355,1.7769999504089355,1.7730000019073486,1.7760000228881836,51400.0,91276.796875,2265151.0
2019-10-25,1.777999997138977,1.7860000133514404,1.777999997138977,1.7829999923706055,183100.0,326474.3125,2265151.0
2019-10-28,1.7910000085830688,1.7999999523162842,1.7910000085830688,1.7940000295639038,217300.0,390170.59375,2265151.0
2019-10-29,1.809999942779541,1.815999984741211,1.8079999685287476,1.8109999895095825,370212.0,670550.4375,2265151.0
2019-10-30,1.812000036239624,1.812000036239624,1.8009999990463257,1.805999994277954,46300.0,83706.703125,2265151.0
2019-10-31,1.8140000104904175,1.8200000524520874,1.809999942779541,1.815000057220459,125200.0,227248.703125,2265151.0
2019-11-01,1.809999942779541,1.8200000524520874,1.809999942779541,1.8170000314712524,188208.0,341672.40625,2265151.0
2019-11-04,1.8880000114440918,1.8880000114440918,1.8250000476837158,1.8320000171661377,105312.0,192932.3125,2265151.0
2019-11-05,1.8380000591278076,1.843999981880188,1.8329999446868896,1.8380000591278076,170600.0,313726.0,2265151.0
2019-11-06,1.8329999446868896,1.8389999866485596,1.815999984741211,1.8259999752044678,172900.0,316060.0,2265151.0
2019-11-07,1.8270000219345093,1.8339999914169312,1.8179999589920044,1.8240000009536743,58900.0,107520.8984375,2265151.0
2019-11-08,1.8240000009536743,1.8240000009536743,1.8220000267028809,1.8229999542236328,104500.0,190560.5,2265151.0
2019-11-11,1.8329999446868896,1.8420000076293945,1.812999963760376,1.8250000476837158,261400.0,477516.6875,2265151.0
2019-11-12,1.8220000267028809,1.8329999446868896,1.8220000267028809,1.8300000429153442,73900.0,135145.09375,2265151.0
2019-11-13,1.8320000171661377,1.843999981880188,1.8250000476837158,1.8370000123977661,147100.0,270053.8125,2265151.0
2019-11-14,1.8459999561309814,1.847000002861023,1.8279999494552612,1.8459999561309814,228512.0,421480.25,2265151.0
2019-11-15,1.8459999561309814,1.8530000448226929,1.8459999561309814,1.8509999513626099,278720.0,515381.34375,2265151.0
2019-11-18,1.8530000448226929,1.8799999952316284,1.8509999513626099,1.8600000143051147,390100.0,726079.0,2265151.0
2019-11-19,1.86899995803833,1.875,1.8669999837875366,1.871000051498413,274500.0,513250.3125,2265151.0
2019-11-20,1.871999979019165,1.871999979019165,1.8619999885559082,1.8660000562667847,157900.0,294718.0,2265151.0
2019-11-21,1.8660000562667847,1.871999979019165,1.8450000286102295,1.8559999465942383,98900.0,184230.296875,2265151.0
2019-11-22,1.8530000448226929,1.8660000562667847,1.8530000448226929,1.8630000352859497,29100.0,54022.6015625,2265151.0
2019-11-25,1.8639999628067017,1.871999979019165,1.8630000352859497,1.871999979019165,91700.0,171270.796875,2265151.0
2019-11-26,1.8849999904632568,1.8890000581741333,1.878999948501587,1.8890000581741333,177200.0,333914.40625,2265151.0
2019-11-27,1.8890000581741333,1.9019999504089355,1.8869999647140503,1.899999976158142,627300.0,1189439.25,2265151.0
2019-11-28,1.909999966621399,2.0899999141693115,1.8860000371932983,1.9509999752044678,595400.0,1146171.5,2265151.0
2019-11-29,1.9450000524520874,2.0899999141693115,1.902999997138977,1.9539999961853027,1576301.0,3141781.0,2265151.0
2019-12-02,1.9539999961853027,2.0,1.906999945640564,1.9989999532699585,795500.0,1573022.625,2265151.0
2019-12-03,1.9759999513626099,1.9780000448226929,1.8899999856948853,1.8960000276565552,3437700.0,6577466.0,2265151.0
2019-12-04,1.8680000305175781,1.878000020980835,1.8609999418258667,1.8730000257492065,735600.0,1376347.25,2265151.0
2019-12-05,1.878000020980835,1.899999976158142,1.8609999418258667,1.875,2226400.0,4186285.25,2265151.0
2019-12-06,1.8760000467300415,1.8760000467300415,1.8650000095367432,1.871000051498413,789900.0,1477087.25,2265151.0
2019-12-09,1.8860000371932983,1.8940000534057617,1.8799999952316284,1.8849999904632568,1565200.0,2950589.0,2265151.0
2019-12-10,1.878000020980835,1.8819999694824219,1.8700000047683716,1.8760000467300415,561801.0,1052838.125,2265151.0
2019-12-11,1.8769999742507935,1.8769999742507935,1.8630000352859497,1.8739999532699585,246800.0,461348.5,2265151.0
2019-12-12,1.8799999952316284,1.8869999647140503,1.8760000467300415,1.8860000371932983,830801.0,1562929.5,2265151.0
2019-12-13,1.8949999809265137,1.906999945640564,1.8949999809265137,1.9019999504089355,1558800.0,2963590.0,2265151.0
2019-12-16,1.899999976158142,1.9170000553131104,1.8969999551773071,1.909999966621399,794500.0,1513346.75,2265151.0
2019-12-17,1.9199999570846558,1.9390000104904175,1.9170000553131104,1.9279999732971191,627400.0,1207338.0,2265151.0
2019-12-18,1.9279999732971191,1.9320000410079956,1.9119999408721924,1.9149999618530273,1038000.0,1990834.625,2265151.0
2019-12-19,1.9129999876022339,1.9220000505447388,1.9079999923706055,1.909999966621399,374800.0,716061.5,2265151.0
2019-12-20,1.9210000038146973,1.9279999732971191,1.9199999570846558,1.9259999990463257,931600.0,1792376.5,2265151.0
2019-12-23,1.9320000410079956,1.937000036239624,1.9279999732971191,1.9359999895095825,1745008.0,3374595.0,2265151.0
2019-12-24,1.944000005722046,1.9500000476837158,1.937000036239624,1.9490000009536743,791703.0,1540873.875,2265151.0
2019-12-25,1.9490000009536743,1.9500000476837158,1.940000057220459,1.9429999589920044,562900.0,1093349.25,2265151.0
2019-12-26,1.937000036239624,1.9509999752044678,1.937000036239624,1.9479999542236328,1111803.0,2163274.25,2265151.0
2019-12-27,1.9579999446868896,1.972000002861023,1.9550000429153442,1.965999960899353,990805.0,1948066.75,2265151.0
2019-12-30,1.965000033378601,1.968999981880188,1.9550000429153442,1.965999960899353,1167515.0,2291573.0,2265151.0
2019-12-31,1.9539999961853027,1.9589999914169312,1.9479999542236328,1.9559999704360962,632500.0,1235478.375,2265151.0
2020-01-02,1.9789999723434448,1.9789999723434448,1.9570000171661377,1.975000023841858,1916321.0,3773940.0,2265151.0
2020-01-03,1.9850000143051147,1.996999979019165,1.9709999561309814,1.9839999675750732,1669113.0,3314326.5,2265151.0
2020-01-06,1.9709999561309814,1.9709999561309814,1.9529999494552612,1.9600000381469727,1280200.0,2508635.0,2265151.0
2020-01-07,1.9759999513626099,1.9819999933242798,1.9700000286102295,1.9800000190734863,946600.0,1870177.75,2265151.0
2020-01-08,1.9600000381469727,1.9670000076293945,1.9520000219345093,1.9559999704360962,698500.0,1370116.75,2265151.0
2020-01-09,1.9800000190734863,1.99399995803833,1.975000023841858,1.9910000562667847,1234600.0,2450279.5,2265151.0
2020-01-10,1.9950000047683716,2.0290000438690186,1.9950000047683716,2.0199999809265137,3032000.0,6119995.5,2265151.0
2020-01-13,2.010999917984009,2.015000104904175,2.0,2.009000062942505,2552201.0,5122909.5,2265151.0
2020-01-14,2.0220000743865967,2.0320000648498535,2.00600004196167,2.0169999599456787,6478000.0,13086297.0,2265151.0
2020-01-15,2.010999917984009,2.010999917984009,1.996999979019165,2.003999948501587,3055002.0,6116325.0,2265151.0
2020-01-16,2.007999897003174,2.007999897003174,2.0,2.0,2875500.0,5764460.0,2265151.0
2020-01-17,2.0209999084472656,2.0409998893737793,2.01200008392334,2.0369999408721924,6426201.0,12985778.0,2265151.0
2020-01-20,2.0480000972747803,2.069000005722046,2.0369999408721924,2.0420000553131104,6825700.0,14010246.0,2265151.0
2020-01-21,2.0429999828338623,2.0450000762939453,2.013000011444092,2.0139999389648438,5648300.0,11409600.0,2265151.0
2020-01-22,2.015000104904175,2.0299999713897705,2.010999917984009,2.0269999504089355,6230700.0,12581375.0,2265151.0
2020-01-23,2.0199999809265137,2.0260000228881836,2.009999990463257,2.0209999084472656,6885000.0,13885592.0,2265151.0
2020-02-03,1.9299999475479126,2.013000011444092,1.9299999475479126,1.9759999513626099,3967800.0,7830743.5,2265151.0
2020-02-04,1.996000051498413,2.0460000038146973,1.996000051498413,2.0460000038146973,8064715.0,16362942.0,2265151.0
2020-02-05,2.0739998817443848,2.0859999656677246,2.066999912261963,2.0799999237060547,11380815.0,23634458.0,2265151.0
2020-02-06,2.0920000076293945,2.121000051498413,2.0840001106262207,2.11899995803833,6668741.0,14037154.0,2265151.0
2020-02-07,2.121000051498413,2.196000099182129,2.119999885559082,2.1679999828338623,13645441.0,29208980.0,2265151.0
2020-02-10,2.1600000858306885,2.2200000286102295,2.1500000953674316,2.2019999027252197,9812603.0,21464734.0,2265151.0
2020-02-11,2.23799991607666,2.25600004196167,2.2260000705718994,2.25600004196167,9492700.0,21302816.0,2265151.0
2020-02-12,2.2739999294281006,2.313999891281128,2.257999897003174,2.302000045776367,13128000.0,30079292.0,2265151.0
2020-02-13,2.3499999046325684,2.4170000553131104,2.3299999237060547,2.4149999618530273,18769284.0,44557748.0,2265151.0
2020-02-14,2.3919999599456787,2.4130001068115234,2.259999990463257,2.2690000534057617,22261216.0,51947736.0,2265151.0
2020-02-17,2.2690000534057617,2.2990000247955322,2.132999897003174,2.2850000858306885,18618816.0,41664504.0,2265151.0
2020-02-18,2.2699999809265137,2.2820000648498535,2.2109999656677246,2.2330000400543213,11968339.0,26833514.0,2265151.0
2020-02-19,2.2190001010894775,2.265000104904175,2.197000026702881,2.2070000171661377,13703100.0,30524260.0,2265151.0
2020-02-20,2.2320001125335693,2.24399995803833,2.2149999141693115,2.2360000610351562,11333985.0,25277680.0,2265151.0
2020-02-21,2.2300000190734863,2.2300000190734863,2.180000066757202,2.186000108718872,10112210.0,22236460.0,2265151.0
2020-02-24,2.125,2.128000020980835,2.0969998836517334,2.0999999046325684,14340467.0,30237150.0,2265151.0
2020-02-25,2.046999931335449,2.1489999294281006,2.0450000762939453,2.13700008392334,22678336.0,47670776.0,2265151.0
2020-02-26,2.052000045776367,2.0940001010894775,2.049999952316284,2.075000047683716,16700324.0,34694388.0,2265151.0
2020-02-27,2.0850000381469727,2.0980000495910645,2.071000099182129,2.0739998817443848,12140447.0,25291112.0,2265151.0
2020-02-28,1.9989999532699585,2.0179998874664307,1.9789999723434448,1.9839999675750732,13714104.0,27383860.0,2265151.0
2020-03-02,1.9989999532699585,2.059000015258789,1.9900000095367432,2.052000045776367,22914296.0,46208828.0,2265151.0
2020-03-03,2.1440000534057617,2.1440000534057617,2.0209999084472656,2.0290000438690186,30732006.0,63641652.0,2265151.0
2020-03-04,1.996000051498413,2.0199999809265137,1.9759999513626099,2.006999969482422,18579300.0,36892556.0,2265151.0
2020-03-05,2.0399999618530273,2.0510001182556152,1.9930000305175781,2.0,24245578.0,48835148.0,2265151.0
2020-03-06,1.968999981880188,1.968999981880188,1.9420000314712524,1.9490000009536743,14924290.0,29126790.0,2265151.0
2020-03-09,1.8890000581741333,1.8890000581741333,1.8259999752044678,1.8289999961853027,23902850.0,44308236.0,2265151.0
2020-03-10,1.7990000247955322,1.902999997138977,1.7990000247955322,1.8940000534057617,35521512.0,66085196.0,2265151.0
2020-03-11,1.8849999904632568,1.8849999904632568,1.840000033378601,1.840999960899353,30159720.0,56142652.0,2265151.0
2020-03-12,1.7990000247955322,1.7990000247955322,1.7719999551773071,1.7910000085830688,17374580.0,31018864.0,2265151.0
2020-03-13,1.6699999570846558,1.8279999494552612,1.6699999570846558,1.7649999856948853,39968292.0,69816824.0,2265151.0
2020-03-16,1.7549999952316284,1.7640000581741333,1.694000005722046,1.6990000009536743,22779948.0,39342300.0,2265151.0
2020-03-17,1.7100000381469727,1.7419999837875366,1.6660000085830688,1.7109999656677246,21112700.0,35973244.0,2265151.0
2020-03-18,1.7130000591278076,1.7280000448226929,1.659999966621399,1.6640000343322754,21799300.0,37160192.0,2265151.0
2020-03-19,1.6779999732971191,1.6920000314712524,1.6380000114440918,1.6729999780654907,17528500.0,29241392.0,2265151.0
2020-03-20,1.6979999542236328,1.7769999504089355,1.690000057220459,1.7740000486373901,25593420.0,44078516.0,2265151.0
2020-03-23,1.6699999570846558,1.7549999952316284,1.659999966621399,1.6950000524520874,25637252.0,43456200.0,2265151.0
2020-03-24,1.753999948501587,1.7960000038146973,1.725000023841858,1.7960000038146973,26764324.0,47424432.0,2265151.0
2020-03-25,1.8519999980926514,1.909999966621399,1.8309999704360962,1.8799999952316284,39343300.0,73437512.0,2265151.0
2020-03-26,1.8609999418258667,1.8619999885559082,1.815999984741211,1.815999984741211,23190940.0,42852536.0,2265151.0
2020-03-27,1.878000020980835,1.878000020980835,1.7910000085830688,1.8020000457763672,26755020.0,49130200.0,2265151.0
2020-03-30,1.7669999599456787,1.781999945640564,1.7300000190734863,1.7640000581741333,34328676.0,60189572.0,2265151.0
2020-03-31,1.809999942779541,1.8170000314712524,1.7760000228881836,1.7899999618530273,17832700.0,32036790.0,2265151.0
2020-04-01,1.7630000114440918,1.7899999618530273,1.7510000467300415,1.7610000371932983,14166540.0,25144364.0,2265151.0
2020-04-02,1.7410000562667847,1.7960000038146973,1.7410000562667847,1.7920000553131104,15861280.0,28028916.0,2265151.0
2020-04-03,1.7829999923706055,1.7829999923706055,1.7549999952316284,1.7649999856948853,8894620.0,15750251.0,2265151.0
2020-04-07,1.850000023841858,1.8550000190734863,1.8209999799728394,1.8480000495910645,25838800.0,47400492.0,2265151.0
2020-04-08,1.8300000429153442,1.843999981880188,1.8209999799728394,1.8339999914169312,13678900.0,25033522.0,2265151.0
2020-04-09,1.8600000143051147,1.8609999418258667,1.850000023841858,1.8589999675750732,15694700.0,29131952.0,2265151.0
2020-04-10,1.8619999885559082,1.8639999628067017,1.8309999704360962,1.8320000171661377,14307292.0,26367434.0,2265151.0
2020-04-13,1.8220000267028809,1.8270000219345093,1.812999963760376,1.8140000104904175,8349018.0,15189556.0,2265151.0
2020-04-14,1.840000033378601,1.8760000467300415,1.8350000381469727,1.871999979019165,21224950.0,39512892.0,2265151.0
2020-04-15,1.8760000467300415,1.9259999990463257,1.8760000467300415,1.9259999990463257,19141900.0,36726200.0,2265151.0
2020-04-16,1.9040000438690186,1.9459999799728394,1.899999976158142,1.934999942779541,16790100.0,32244112.0,2265151.0
2020-04-17,1.9800000190734863,2.005000114440918,1.9789999723434448,1.996999979019165,22241990.0,44306616.0,2265151.0
2020-04-20,1.7970000505447388,1.996000051498413,1.7970000505447388,1.9709999561309814,19073400.0,37614380.0,2265151.0
2020-04-21,1.9670000076293945,1.968000054359436,1.9270000457763672,1.9509999752044678,23347898.0,45466984.0,2265151.0
2020-04-22,1.8880000114440918,1.965999960899353,1.871000051498413,1.9420000314712524,31582700.0,60845856.0,2265151.0
2020-04-23,1.9570000171661377,1.9670000076293945,1.940000057220459,1.9620000123977661,19452500.0,38044644.0,2265151.0
2020-04-24,1.9490000009536743,1.9600000381469727,1.9390000104904175,1.9509999752044678,11042600.0,21514960.0,2265151.0
2020-04-27,1.9709999561309814,2.0329999923706055,1.9709999561309814,2.0169999599456787,18977822.0,38072632.0,2265151.0
2020-04-28,2.0179998874664307,2.058000087738037,1.9930000305175781,2.0380001068115234,27490400.0,55941208.0,2265151.0
2020-04-29,2.0320000648498535,2.11899995803833,2.0320000648498535,2.0969998836517334,41555288.0,86369048.0,2265151.0
2020-04-30,2.1559998989105225,2.2049999237060547,2.0899999141693115,2.1659998893737793,50229500.0,108977240.0,2265151.0
2020-05-06,2.1419999599456787,2.187999963760376,2.121000051498413,2.1559998989105225,32500516.0,70056248.0,2265151.0
2020-05-07,2.1579999923706055,2.1610000133514404,2.1059999465942383,2.132999897003174,28450208.0,60625728.0,2265151.0
2020-05-08,2.1600000858306885,2.1659998893737793,2.128000020980835,2.134999990463257,29070716.0,62418880.0,2265151.0
2020-05-11,2.1579999923706055,2.1579999923706055,2.109999895095825,2.119999885559082,14906813.0,31865196.0,2265151.0
2020-05-12,2.1110000610351562,2.121999979019165,2.0759999752044678,2.0899999141693115,21583400.0,45187192.0,2265151.0
2020-05-13,2.069000005722046,2.069000005722046,2.0460000038146973,2.059999942779541,24785514.0,50947328.0,2265151.0
2020-05-14,2.0290000438690186,2.0369999408721924,2.0190000534057617,2.0209999084472656,18254624.0,36982232.0,2265151.0
2020-05-15,2.0380001068115234,2.0439999103546143,2.0299999713897705,2.0409998893737793,13829819.0,28188564.0,2265151.0
2020-05-18,2.055999994277954,2.061000108718872,2.0480000972747803,2.055999994277954,16023618.0,32929476.0,2265151.0
2020-05-19,2.0869998931884766,2.0950000286102295,2.0759999752044678,2.0940001010894775,18798338.0,39196888.0,2265151.0
2020-05-20,2.0829999446868896,2.0880000591278076,2.072000026702881,2.0759999752044678,10563400.0,21963142.0,2265151.0
2020-05-21,2.1010000705718994,2.1070001125335693,2.0899999141693115,2.0950000286102295,15591842.0,32709578.0,2265151.0
2020-05-22,2.0899999141693115,2.0899999141693115,2.052999973297119,2.053999900817871,14809760.0,30647528.0,2265151.0
2020-05-25,2.0850000381469727,2.114000082015991,2.055999994277954,2.1089999675750732,17590944.0,36815192.0,2265151.0
2020-05-26,2.13700008392334,2.1540000438690186,2.122999906539917,2.1489999294281006,20941232.0,44785740.0,2265151.0
2020-05-27,2.125,2.138000011444092,2.109999895095825,2.11899995803833,18759000.0,39820940.0,2265151.0
2020-05-28,2.119999885559082,2.134000062942505,2.0989999771118164,2.1019999980926514,16841702.0,35657552.0,2265151.0
2020-05-29,2.1029999256134033,2.1040000915527344,2.0829999446868896,2.0920000076293945,13329351.0,27948446.0,2265151.0
2020-06-01,2.117000102996826,2.124000072479248,2.114000082015991,2.121000051498413,16321850.0,34582620.0,2265151.0
2020-06-02,2.127000093460083,2.130000114440918,2.118000030517578,2.127000093460083,12095622.0,25671262.0,2265151.0
2020-06-03,2.1389999389648438,2.1470000743865967,2.134000062942505,2.1410000324249268,13902400.0,29752258.0,2265151.0
2020-06-04,2.1489999294281006,2.1489999294281006,2.135999917984009,2.138000011444092,9910900.0,21229602.0,2265151.0
2020-06-05,2.124000072479248,2.1410000324249268,2.124000072479248,2.138000011444092,10345573.0,22060076.0,2265151.0
2020-06-08,2.1700000762939453,2.1740000247955322,2.1610000133514404,2.1670000553131104,10606308.0,22988356.0,2265151.0
2020-06-09,2.177999973297119,2.190999984741211,2.177000045776367,2.183000087738037,12686530.0,27721232.0,2265151.0
2020-06-10,2.193000078201294,2.2119998931884766,2.193000078201294,2.2119998931884766,8862300.0,19559714.0,2265151.0
2020-06-11,2.2269999980926514,2.2339999675750732,2.187999963760376,2.190999984741211,18782650.0,41444884.0,2265151.0
2020-06-12,2.1029999256134033,2.1429998874664307,2.1029999256134033,2.13100004196167,28440752.0,60559676.0,2265151.0
2020-06-15,2.111999988555908,2.128999948501587,2.065999984741211,2.078000068664551,24200900.0,50850636.0,2265151.0
2020-06-16,2.1559998989105225,2.190999984741211,2.1510000228881836,2.1730000972747803,22085900.0,47913960.0,2265151.0
2020-06-17,2.188999891281128,2.2049999237060547,2.181999921798706,2.2039999961853027,14908583.0,32710684.0,2265151.0
2020-06-18,2.194999933242798,2.2079999446868896,2.180999994277954,2.200000047683716,13496249.0,29546236.0,2265151.0
2020-06-19,2.2060000896453857,2.2160000801086426,2.200000047683716,2.2139999866485596,14448000.0,31890652.0,2265151.0
2020-06-22,2.2019999027252197,2.2100000381469727,2.196000099182129,2.203000068664551,15645900.0,34446600.0,2265151.0
2020-06-23,2.2090001106262207,2.2260000705718994,2.196000099182129,2.2249999046325684,16844450.0,37348652.0,2265151.0
2020-06-24,2.239000082015991,2.246000051498413,2.2309999465942383,2.240999937057495,13663600.0,30608862.0,2265151.0
2020-06-29,2.180000066757202,2.184999942779541,2.1659998893737793,2.1689999103546143,23072744.0,50159816.0,2265151.0
2020-06-30,2.190000057220459,2.1989998817443848,2.180000066757202,2.187999963760376,14803400.0,32445920.0,2265151.0
2020-07-01,2.2190001010894775,2.2209999561309814,2.2100000381469727,2.2170000076293945,13281602.0,29422560.0,2265151.0
2020-07-02,2.240000009536743,2.259000062942505,2.23799991607666,2.255000114440918,15764500.0,35437908.0,2265151.0
2020-07-03,2.2660000324249268,2.2699999809265137,2.253000020980835,2.2669999599456787,13961101.0,31570022.0,2265151.0
2020-07-06,2.2720000743865967,2.2809998989105225,2.2690000534057617,2.2790000438690186,27466806.0,62460684.0,2265151.0
2020-07-07,2.2990000247955322,2.2990000247955322,2.2799999713897705,2.2899999618530273,23784106.0,54431356.0,2265151.0
2020-07-08,2.2839999198913574,2.2929999828338623,2.2829999923706055,2.2890000343322754,20950902.0,47915612.0,2265151.0
2020-07-09,2.309999942779541,2.312000036239624,2.302000045776367,2.311000108718872,13134601.0,30318392.0,2265151.0
2020-07-10,2.303999900817871,2.316999912261963,2.302999973297119,2.309000015258789,10949051.0,25305906.0,2265151.0
2020-07-13,2.3450000286102295,2.359999895095825,2.3340001106262207,2.3529999256134033,14140826.0,33220706.0,2265151.0
2020-07-14,2.309000015258789,2.3239998817443848,2.2960000038146973,2.319000005722046,16338300.0,37725804.0,2265151.0
2020-07-15,2.3310000896453857,2.3340001106262207,2.319000005722046,2.325000047683716,9660574.0,22456564.0,2265151.0
2020-07-16,2.319999933242798,2.319999933242798,2.119999885559082,2.119999885559082,11086870.0,25459292.0,2265151.0
2020-07-17,2.2950000762939453,2.311000108718872,2.2839999198913574,2.308000087738037,9545274.0,21956320.0,2265151.0
2020-07-20,2.306999921798706,2.308000087738037,2.2920000553131104,2.2960000038146973,6785700.0,15577977.0,2265151.0
2020-07-21,2.359999895095825,2.4059998989105225,2.3589999675750732,2.3970000743865967,22336332.0,53123180.0,2265151.0
2020-07-22,2.36899995803833,2.371000051498413,2.3499999046325684,2.36299991607666,17363788.0,40951464.0,2265151.0
2020-07-23,2.364000082015991,2.369999885559082,2.3589999675750732,2.369999885559082,7996590.0,18899930.0,2265151.0
2020-07-24,2.312000036239624,2.3259999752044678,2.2699999809265137,2.2899999618530273,16267344.0,37477892.0,2265151.0
2020-07-27,2.2820000648498535,2.302999973297119,2.2820000648498535,2.299999952316284,8044283.0,18455760.0,2265151.0
2020-07-28,2.3320000171661377,2.3340001106262207,2.322999954223633,2.3299999237060547,9297803.0,21655220.0,2265151.0
2020-07-29,2.296999931335449,2.322000026702881,2.2929999828338623,2.319999933242798,9659190.0,22261096.0,2265151.0
2020-07-30,2.3289999961853027,2.3310000896453857,2.311000108718872,2.311000108718872,9579855.0,22216666.0,2265151.0
2020-07-31,2.3499999046325684,2.367000102996826,2.3499999046325684,2.3589999675750732,18134808.0,42782032.0,2265151.0
2020-08-03,2.36899995803833,2.372999906539917,2.361999988555908,2.369999885559082,10129904.0,23993274.0,2265151.0
2020-08-04,2.388000011444092,2.3989999294281006,2.388000011444092,2.3959999084472656,11171234.0,26740826.0,2265151.0
2020-08-05,2.3980000019073486,2.3989999294281006,2.385999917984009,2.3989999294281006,21166452.0,50671940.0,2265151.0
2020-08-06,2.3989999294281006,2.4000000953674316,2.384999990463257,2.385999917984009,6908051.0,16519033.0,2265151.0
2020-08-07,2.4089999198913574,2.430000066757202,2.4079999923706055,2.4130001068115234,13684633.0,33084024.0,2265151.0
2020-08-10,2.3949999809265137,2.4079999923706055,2.3919999599456787,2.4030001163482666,4971650.0,11942022.0,2265151.0
2020-08-11,2.4019999504089355,2.4040000438690186,2.3970000743865967,2.3989999294281006,6020300.0,14446897.0,2265151.0
2020-08-12,2.365000009536743,2.371999979019165,2.3529999256134033,2.369999885559082,12701450.0,30006830.0,2265151.0
2020-08-13,2.4019999504089355,2.4159998893737793,2.4019999504089355,2.4119999408721924,11885500.0,28624970.0,2265151.0
2020-08-14,2.4200000762939453,2.427999973297119,2.4159998893737793,2.427999973297119,8857240.0,21447068.0,2265151.0
2020-08-17,2.4210000038146973,2.424999952316284,2.4159998893737793,2.4240000247955322,9636442.0,23311496.0,2265151.0
2020-08-18,2.437000036239624,2.437999963760376,2.430000066757202,2.430000066757202,8465560.0,20606644.0,2265151.0
2020-08-19,2.447000026702881,2.4519999027252197,2.444000005722046,2.4519999027252197,10455100.0,25612084.0,2265151.0
2020-08-20,2.443000078201294,2.4489998817443848,2.4260001182556152,2.443000078201294,18544428.0,45185872.0,2265151.0
2020-08-21,2.4660000801086426,2.5,2.4660000801086426,2.493000030517578,21979184.0,54622060.0,2265151.0
2020-08-24,2.507999897003174,2.5859999656677246,2.507999897003174,2.559999942779541,27693020.0,70567048.0,2265151.0
2020-08-25,2.5799999237060547,2.6440000534057617,2.562000036239624,2.63700008392334,33344498.0,87356248.0,2265151.0
2020-08-26,2.6540000438690186,2.686000108718872,2.5490000247955322,2.5899999141693115,61356552.0,158775712.0,2265151.0
2020-08-27,2.6389999389648438,2.690999984741211,2.621000051498413,2.684999942779541,32739180.0,87335584.0,2265151.0
2020-08-28,2.6700000762939453,2.757999897003174,2.5850000381469727,2.7119998931884766,47090472.0,127762560.0,2265151.0
2020-08-31,2.7230000495910645,2.7690000534057617,2.7230000495910645,2.765000104904175,38315396.0,105136960.0,2265151.0
2020-09-01,2.7820000648498535,2.86899995803833,2.75,2.822000026702881,43084600.0,121867200.0,2265151.0
2020-09-02,2.878000020980835,2.9760000705718994,2.869999885559082,2.9760000705718994,43744644.0,127320712.0,2265151.0
2020-09-03,3.061000108718872,3.1989998817443848,3.010999917984009,3.138000011444092,72216896.0,223556016.0,2265151.0
2020-09-04,2.890000104904175,2.9509999752044678,2.8239998817443848,2.8239998817443848,100419936.0,289790752.0,2265151.0
2020-09-07,2.7709999084472656,2.7790000438690186,2.5859999656677246,2.628999948501587,64794460.0,173093808.0,2265151.0
2020-09-08,2.640000104904175,2.7850000858306885,2.640000104904175,2.7809998989105225,74418880.0,203845232.0,2265151.0
2020-09-09,2.6050000190734863,2.7179999351501465,2.5350000858306885,2.6489999294281006,86615400.0,227908624.0,2265151.0
2020-09-10,2.7780001163482666,2.7780001163482666,2.680000066757202,2.7060000896453857,72376744.0,198942096.0,2265151.0
2020-09-11,2.63700008392334,2.6600000858306885,2.5859999656677246,2.6429998874664307,89535072.0,235370752.0,2265151.0
2020-09-14,2.630000114440918,2.7090001106262207,2.617000102996826,2.700000047683716,82538048.0,218859808.0,2265151.0
2020-09-15,2.700000047683716,2.7780001163482666,2.690000057220459,2.7290000915527344,110323680.0,302659552.0,2265151.0
2020-09-16,2.759999990463257,2.7780001163482666,2.700000047683716,2.7170000076293945,75362928.0,207949600.0,2265151.0
2020-09-17,2.6610000133514404,2.677000045776367,2.6089999675750732,2.6110000610351562,63962740.0,168865168.0,2265151.0
2020-09-18,2.5789999961853027,2.6500000953674316,2.566999912261963,2.634000062942505,73357712.0,191413488.0,2265151.0
2020-09-21,2.617000102996826,2.627000093460083,2.5810000896453857,2.5850000381469727,39620200.0,103170104.0,2265151.0
2020-09-22,2.569999933242798,2.5940001010894775,2.5199999809265137,2.5280001163482666,29227804.0,74998912.0,2265151.0
2020-09-23,2.569999933242798,2.572999954223633,2.5309998989105225,2.5380001068115234,37960104.0,96849944.0,2265151.0
2020-09-24,2.447999954223633,2.4700000286102295,2.434000015258789,2.444000005722046,43954580.0,107547624.0,2265151.0
2020-09-25,2.4609999656677246,2.4670000076293945,2.4140000343322754,2.4149999618530273,27948654.0,68338328.0,2265151.0
2020-09-28,2.444999933242798,2.5190000534057617,2.440000057220459,2.51200008392334,47506204.0,117738304.0,2265151.0
2020-09-29,2.565000057220459,2.618000030517578,2.552999973297119,2.571000099182129,61164688.0,158563920.0,2265151.0
2020-09-30,2.5899999141693115,2.61899995803833,2.5450000762939453,2.6040000915527344,47155900.0,121492488.0,2265151.0
2020-10-09,2.6679999828338623,2.7060000896453857,2.6600000858306885,2.684000015258789,53216700.0,142657968.0,2265151.0
2020-10-12,2.7260000705718994,2.7260000705718994,2.694999933242798,2.7190001010894775,50288760.0,136330864.0,2265151.0
2020-10-13,2.75,2.7750000953674316,2.7279999256134033,2.7279999256134033,47102040.0,129781040.0,2265151.0
2020-10-14,2.7279999256134033,2.7300000190734863,2.680000066757202,2.7100000381469727,39704500.0,107416800.0,2265151.0
2020-10-15,2.6710000038146973,2.674999952316284,2.61299991607666,2.619999885559082,38467768.0,101790224.0,2265151.0
2020-10-16,2.631999969482422,2.6540000438690186,2.615999937057495,2.628999948501587,32731676.0,86163392.0,2265151.0
2020-10-19,2.6470000743865967,2.6689999103546143,2.63100004196167,2.6670000553131104,27372168.0,72380224.0,2265151.0
2020-10-20,2.615000009536743,2.630000114440918,2.5999999046325684,2.621999979019165,42376564.0,110964592.0,2265151.0
2020-10-21,2.628999948501587,2.628999948501587,2.6029999256134033,2.6070001125335693,28233978.0,73805488.0,2265151.0
2020-10-22,2.578000068664551,2.578000068664551,2.5269999504089355,2.5299999713897705,37316368.0,94882456.0,2265151.0
2020-10-23,2.5320000648498535,2.5339999198913574,2.4860000610351562,2.515000104904175,29849220.0,74976336.0,2265151.0
2020-10-26,2.5,2.509999990463257,2.4709999561309814,2.48799991607666,27331746.0,67804520.0,2265151.0
2020-10-27,2.441999912261963,2.5199999809265137,2.437999963760376,2.51200008392334,40327648.0,99903152.0,2265151.0
2020-10-28,2.5,2.5,2.4730000495910645,2.4839999675750732,26385300.0,65618592.0,2265151.0
2020-10-29,2.4159998893737793,2.4619998931884766,2.4019999504089355,2.4570000171661377,42264368.0,102922712.0,2265151.0
2020-10-30,2.450000047683716,2.450000047683716,2.384999990463257,2.3970000743865967,39970264.0,96670440.0,2265151.0
2020-11-02,2.3970000743865967,2.4200000762939453,2.3940000534057617,2.4049999713897705,35806160.0,86145992.0,2265151.0
2020-11-03,2.4170000553131104,2.4570000171661377,2.4140000343322754,2.4570000171661377,56599552.0,138022816.0,2265151.0
2020-11-04,2.4760000705718994,2.6710000038146973,2.4739999771118164,2.565999984741211,143944368.0,367824416.0,2265151.0
2020-11-05,2.640000104904175,2.6700000762939453,2.5439999103546143,2.558000087738037,98839360.0,256641536.0,2265151.0
2020-11-06,2.565000057220459,2.5869998931884766,2.5209999084472656,2.546999931335449,92059968.0,235225744.0,2265151.0
2020-11-09,2.5910000801086426,2.61299991607666,2.563999891281128,2.6029999256134033,68668760.0,178110576.0,2265151.0
2020-11-10,2.5380001068115234,2.5380001068115234,2.4830000400543213,2.489000082015991,70090672.0,175559744.0,2265151.0
2020-11-11,2.4619998931884766,2.4619998931884766,2.434000015258789,2.4489998817443848,41023720.0,100565400.0,2265151.0
2020-11-12,2.4779999256134033,2.484999895095825,2.4509999752044678,2.453000068664551,33855260.0,83424696.0,2265151.0
2020-11-13,2.438999891281128,2.4649999141693115,2.431999921798706,2.4619998931884766,28204400.0,68951880.0,2265151.0
2020-11-16,2.4779999256134033,2.4809999465942383,2.4709999561309814,2.4790000915527344,27937500.0,69205784.0,2265151.0
2020-11-17,2.484999895095825,2.484999895095825,2.4600000381469727,2.4639999866485596,33213500.0,82123008.0,2265151.0
2020-11-18,2.4560000896453857,2.4560000896453857,2.438999891281128,2.438999891281128,25615862.0,62682480.0,2265151.0
2020-11-19,2.428999900817871,2.447999954223633,2.4240000247955322,2.440000057220459,30108600.0,73236824.0,2265151.0
2020-11-20,2.444999933242798,2.4690001010894775,2.444999933242798,2.4639999866485596,54481416.0,133931264.0,2265151.0
2020-11-23,2.4549999237060547,2.4570000171661377,2.438999891281128,2.446000099182129,26431736.0,64567532.0,2265151.0
2020-11-24,2.447999954223633,2.4539999961853027,2.443000078201294,2.453000068664551,26811156.0,65615608.0,2265151.0
2020-11-25,2.4790000915527344,2.490999937057495,2.4769999980926514,2.4820001125335693,39334504.0,97739552.0,2265151.0
2020-11-26,2.490999937057495,2.492000102996826,2.4860000610351562,2.490999937057495,28780522.0,71654904.0,2265151.0
2020-11-27,2.4839999675750732,2.490999937057495,2.4800000190734863,2.489000082015991,21686700.0,53889540.0,2265151.0
2020-11-30,2.505000114440918,2.506999969482422,2.486999988555908,2.489000082015991,32717200.0,81723208.0,2265151.0
2020-12-01,2.5139999389648438,2.5250000953674316,2.510999917984009,2.5209999084472656,35593300.0,89663832.0,2265151.0
2020-12-02,2.5290000438690186,2.5309998989105225,2.5230000019073486,2.5290000438690186,26256600.0,66352180.0,2265151.0
2020-12-03,2.5299999713897705,2.5409998893737793,2.5280001163482666,2.5399999618530273,26211692.0,66444832.0,2265151.0
2020-12-04,2.5409998893737793,2.5409998893737793,2.5309998989105225,2.5339999198913574,22707300.0,57537380.0,2265151.0
2020-12-07,2.5360000133514404,2.5429999828338623,2.5299999713897705,2.5320000648498535,18606700.0,47160512.0,2265151.0
2020-12-08,2.5369999408721924,2.5450000762939453,2.5369999408721924,2.5429999828338623,17615904.0,44755840.0,2265151.0
2020-12-09,2.555000066757202,2.565000057220459,2.549999952316284,2.562999963760376,27867100.0,71328960.0,2265151.0
2020-12-10,2.506999969482422,2.5199999809265137,2.49399995803833,2.497999906539917,31655866.0,79362856.0,2265151.0
2020-12-11,2.509000062942505,2.509999990463257,2.5,2.503000020980835,26545048.0,66428796.0,2265151.0
2020-12-14,2.510999917984009,2.5139999389648438,2.505000114440918,2.509000062942505,11998275.0,30117126.0,2265151.0
2020-12-15,2.5199999809265137,2.5299999713897705,2.5160000324249268,2.5250000953674316,25362550.0,63980516.0,2265151.0
2020-12-16,2.546999931335449,2.558000087738037,2.5409998893737793,2.558000087738037,19663150.0,50178408.0,2265151.0
2020-12-17,2.566999912261963,2.566999912261963,2.561000108718872,2.565000057220459,18532952.0,47515732.0,2265151.0
2020-12-18,2.569000005722046,2.5739998817443848,2.566999912261963,2.572999954223633,18202600.0,46773924.0,2265151.0
2020-12-21,2.572999954223633,2.5799999237060547,2.571000099182129,2.5759999752044678,29154800.0,75057744.0,2265151.0
2020-12-22,2.569999933242798,2.569999933242798,2.5450000762939453,2.552000045776367,37561200.0,96033304.0,2265151.0
2020-12-23,2.559999942779541,2.563999891281128,2.555000066757202,2.559000015258789,18869900.0,48290596.0,2265151.0
2020-12-24,2.5490000247955322,2.556999921798706,2.5460000038146973,2.549999952316284,23381696.0,59643160.0,2265151.0
2020-12-25,2.559000015258789,2.559000015258789,2.552999973297119,2.555000066757202,23233380.0,59369852.0,2265151.0
2020-12-28,2.561000108718872,2.575000047683716,2.558000087738037,2.5739998817443848,45958400.0,117965152.0,2265151.0
2020-12-29,2.5829999446868896,2.5989999771118164,2.5829999446868896,2.5989999771118164,18233800.0,47308424.0,2265151.0
2020-12-30,2.5859999656677246,2.5999999046325684,2.5840001106262207,2.5989999771118164,21457280.0,55600428.0,2265151.0
2020-12-31,2.5989999771118164,2.5989999771118164,2.5869998931884766,2.5989999771118164,21114000.0,54750200.0,2265151.0
2021-01-04,2.5940001010894775,2.5940001010894775,2.569999933242798,2.5789999961853027,45543200.0,117553544.0,2265151.0
2021-01-05,2.546999931335449,2.552999973297119,2.5320000648498535,2.5409998893737793,28077884.0,71339936.0,2265151.0
2021-01-06,2.5480000972747803,2.5480000972747803,2.5230000019073486,2.5290000438690186,30072388.0,76223392.0,2265151.0
2021-01-07,2.5290000438690186,2.5390000343322754,2.5269999504089355,2.5339999198913574,30303300.0,76737928.0,2265151.0
2021-01-08,2.5799999237060547,2.5889999866485596,2.572000026702881,2.5889999866485596,38892792.0,100438584.0,2265151.0
2021-01-11,2.6040000915527344,2.6089999675750732,2.5959999561309814,2.5980000495910645,25350664.0,66039768.0,2265151.0
2021-01-12,2.5840001106262207,2.5899999141693115,2.5799999237060547,2.5840001106262207,39572100.0,102265992.0,2265151.0
2021-01-13,2.572000026702881,2.5759999752044678,2.569999933242798,2.572999954223633,11092800.0,28535784.0,2265151.0
2021-01-14,2.5810000896453857,2.5929999351501465,2.5810000896453857,2.5869998931884766,23218700.0,60099420.0,2265151.0
2021-01-15,2.569999933242798,2.5759999752044678,2.562000036239624,2.565999984741211,13353457.0,34315188.0,2265151.0
2021-01-18,2.549999952316284,2.558000087738037,2.5450000762939453,2.556999921798706,32988900.0,84163784.0,2265151.0
2021-01-19,2.569999933242798,2.5950000286102295,2.568000078201294,2.5840001106262207,24989356.0,64451624.0,2265151.0
2021-01-20,2.5989999771118164,2.6059999465942383,2.5950000286102295,2.6050000190734863,18858756.0,49028824.0,2265151.0
2021-01-21,2.6559998989105225,2.6710000038146973,2.6519999504089355,2.6710000038146973,22480518.0,59885052.0,2265151.0
2021-01-22,2.6700000762939453,2.674999952316284,2.6649999618530273,2.6730000972747803,32412888.0,86518656.0,2265151.0
2021-01-25,2.686000108718872,2.703000068664551,2.686000108718872,2.700000047683716,9632411.0,25986896.0,2265151.0
2021-01-26,2.6700000762939453,2.694000005722046,2.6700000762939453,2.683000087738037,13192700.0,35433584.0,2265151.0
2021-01-27,2.7049999237060547,2.7230000495910645,2.7049999237060547,2.7200000286102295,22072300.0,59952812.0,2265151.0
2021-01-28,2.6410000324249268,2.6519999504089355,2.615999937057495,2.618000030517578,23760100.0,62548432.0,2265151.0
2021-01-29,2.631999969482422,2.6389999389648438,2.6050000190734863,2.617000102996826,27545760.0,72234744.0,2265151.0
2021-02-01,2.5799999237060547,2.6070001125335693,2.566999912261963,2.6070001125335693,19869000.0,51400792.0,2265151.0
2021-02-02,2.6500000953674316,2.674999952316284,2.6500000953674316,2.6740000247955322,18866796.0,50317080.0,2265151.0
2021-02-03,2.7019999027252197,2.7119998931884766,2.694999933242798,2.7100000381469727,13023800.0,35214320.0,2265151.0
2021-02-04,2.694000005722046,2.7019999027252197,2.6710000038146973,2.686000108718872,11397564.0,30650644.0,2265151.0
2021-02-05,2.7160000801086426,2.7260000705718994,2.7039999961853027,2.7249999046325684,16330589.0,44431456.0,2265151.0
2021-02-08,2.736999988555908,2.746999979019165,2.7339999675750732,2.73799991607666,9441100.0,25859846.0,2265151.0
2021-02-09,2.740000009536743,2.75,2.734999895095825,2.736999988555908,12101389.0,33141870.0,2265151.0
2021-02-10,2.740999937057495,2.75,2.7300000190734863,2.749000072479248,19375412.0,53094452.0,2265151.0
2021-02-18,2.740000009536743,2.746000051498413,2.615999937057495,2.7309999465942383,14914386.0,40725636.0,2265151.0
2021-02-19,2.7100000381469727,2.7279999256134033,2.7079999446868896,2.7279999256134033,8965300.0,24341370.0,2265151.0
2021-02-22,2.7279999256134033,2.7279999256134033,2.691999912261963,2.700000047683716,9275893.0,25110856.0,2265151.0
2021-02-23,2.6489999294281006,2.6740000247955322,2.635999917984009,2.6640000343322754,9903172.0,26309966.0,2265151.0
2021-02-24,2.6500000953674316,2.6500000953674316,2.5999999046325684,2.611999988555908,17467200.0,45928852.0,2265151.0
2021-02-25,2.640000104904175,2.6649999618530273,2.640000104904175,2.6649999618530273,11239214.0,29804658.0,2265151.0
2021-02-26,2.5510001182556152,2.5850000381469727,2.5390000343322754,2.5490000247955322,27663308.0,70686552.0,2265151.0
2021-03-01,2.5840001106262207,2.6050000190734863,2.5829999446868896,2.6019999980926514,12226712.0,31750398.0,2265151.0
2021-03-02,2.6540000438690186,2.6579999923706055,2.632999897003174,2.638000011444092,15862300.0,41945028.0,2265151.0
2021-03-03,2.61299991607666,2.632999897003174,2.6029999256134033,2.630000114440918,9703009.0,25447048.0,2265151.0
2021-03-04,2.5399999618530273,2.549999952316284,2.5260000228881836,2.5350000858306885,18169212.0,46073960.0,2265151.0
2021-03-05,2.4730000495910645,2.505000114440918,2.4639999866485596,2.505000114440918,15173511.0,37665584.0,2265151.0
2021-03-08,2.5309998989105225,2.5380001068115234,2.502000093460083,2.507999897003174,25082408.0,63154168.0,2265151.0
2021-03-09,2.4830000400543213,2.509999990463257,2.4719998836517334,2.496999979019165,33843216.0,84430552.0,2265151.0
2021-03-10,2.562000036239624,2.565999984741211,2.552000045776367,2.555000066757202,12176601.0,31138748.0,2265151.0
2021-03-11,2.562999963760376,2.5840001106262207,2.5399999618530273,2.5840001106262207,41043424.0,105243760.0,2265151.0
2021-03-12,2.628000020980835,2.628000020980835,2.5980000495910645,2.6019999980926514,17483600.0,45625188.0,2265151.0
2021-03-15,2.611999988555908,2.614000082015991,2.5820000171661377,2.5889999866485596,14652309.0,38034068.0,2265151.0
2021-03-16,2.618000030517578,2.6440000534057617,2.6080000400543213,2.6429998874664307,13495190.0,35495704.0,2265151.0
2021-03-17,2.63100004196167,2.6419999599456787,2.627000093460083,2.640000104904175,12113000.0,31908912.0,2265151.0
2021-03-18,2.6600000858306885,2.6649999618530273,2.6449999809265137,2.6570000648498535,11105822.0,29483276.0,2265151.0
2021-03-19,2.575000047683716,2.5850000381469727,2.565000057220459,2.575000047683716,11453000.0,29500100.0,2265151.0
2021-03-22,2.5799999237060547,2.5969998836517334,2.572000026702881,2.5959999561309814,9515600.0,24634590.0,2265151.0
2021-03-23,2.617000102996826,2.621000051498413,2.6070001125335693,2.614000082015991,8633300.0,22580156.0,2265151.0
2021-03-24,2.619999885559082,2.628000020980835,2.61899995803833,2.625999927520752,8811500.0,23125518.0,2265151.0
2021-03-25,2.5810000896453857,2.5910000801086426,2.575000047683716,2.5910000801086426,5960300.0,15402772.0,2265151.0
2021-03-26,2.5859999656677246,2.6080000400543213,2.5859999656677246,2.6070001125335693,7053870.0,18333814.0,2265151.0
2021-03-29,2.5999999046325684,2.6089999675750732,2.5950000286102295,2.6059999465942383,6516100.0,16965532.0,2265151.0
2021-03-30,2.6089999675750732,2.622999906539917,2.6089999675750732,2.611999988555908,5223400.0,13660214.0,2265151.0
2021-03-31,2.611999988555908,2.61899995803833,2.6040000915527344,2.6040000915527344,3906900.0,10186106.0,2265151.0
2021-04-01,2.6480000019073486,2.6689999103546143,2.615000009536743,2.6659998893737793,10049100.0,26653686.0,2265151.0
2021-04-02,2.700000047683716,2.7060000896453857,2.697000026702881,2.697000026702881,7079300.0,19123934.0,2265151.0
2021-04-06,2.7320001125335693,2.744999885559082,2.7320001125335693,2.739000082015991,11120200.0,30469954.0,2265151.0
2021-04-07,2.739000082015991,2.742000102996826,2.7300000190734863,2.740000009536743,6729200.0,18404566.0,2265151.0
2021-04-08,2.75600004196167,2.7769999504089355,2.744999885559082,2.7739999294281006,8390100.0,23214150.0,2265151.0
2021-04-09,2.7950000762939453,2.805999994277954,2.7730000019073486,2.7769999504089355,11052800.0,30826684.0,2265151.0
2021-04-12,2.805999994277954,2.805999994277954,2.7899999618530273,2.803999900817871,9722700.0,27218276.0,2265151.0
2021-04-13,2.8010001182556152,2.806999921798706,2.7950000762939453,2.7950000762939453,6233400.0,17452764.0,2265151.0
2021-04-14,2.8259999752044678,2.8420000076293945,2.8259999752044678,2.8380000591278076,6872848.0,19489042.0,2265151.0
2021-04-15,2.805000066757202,2.809999942779541,2.7939999103546143,2.809000015258789,9071762.0,25421984.0,2265151.0
2021-04-16,2.8259999752044678,2.8350000381469727,2.8259999752044678,2.828000068664551,10868900.0,30755934.0,2265151.0
2021-04-19,2.8299999237060547,2.8440001010894775,2.8289999961853027,2.8380000591278076,9372300.0,26593646.0,2265151.0
2021-04-20,2.809999942779541,2.816999912261963,2.7929999828338623,2.7990000247955322,11535686.0,32348152.0,2265151.0
2021-04-21,2.7679998874664307,2.7809998989105225,2.759000062942505,2.7799999713897705,10439686.0,28889762.0,2265151.0
2021-04-22,2.8010001182556152,2.808000087738037,2.796999931335449,2.803999900817871,7216300.0,20218000.0,2265151.0
2021-04-23,2.7799999713897705,2.7799999713897705,2.7669999599456787,2.7720000743865967,6406400.0,17761798.0,2265151.0
2021-04-26,2.802999973297119,2.802999973297119,2.7909998893737793,2.7950000762939453,4825458.0,13498184.0,2265151.0
2021-04-27,2.812999963760376,2.822999954223633,2.809999942779541,2.821000099182129,8721630.0,24590430.0,2265151.0
2021-04-28,2.802999973297119,2.815000057220459,2.802999973297119,2.809999942779541,6094500.0,17122812.0,2265151.0
2021-04-29,2.819000005722046,2.828000068664551,2.812000036239624,2.828000068664551,7996958.0,22521928.0,2265151.0
2021-04-30,2.799999952316284,2.802999973297119,2.7890000343322754,2.802000045776367,8209000.0,22928122.0,2265151.0
2021-05-06,2.73799991607666,2.73799991607666,2.7179999351501465,2.7309999465942383,15616300.0,42579800.0,2265151.0
2021-05-07,2.7360000610351562,2.743000030517578,2.7179999351501465,2.7260000705718994,11201526.0,30594938.0,2265151.0
2021-05-10,2.743000030517578,2.749000072479248,2.7260000705718994,2.744999885559082,11410050.0,31296174.0,2265151.0
2021-05-11,2.6659998893737793,2.6670000553131104,2.6470000743865967,2.6659998893737793,19973800.0,53084760.0,2265151.0
2021-05-12,2.6549999713897705,2.6679999828338623,2.6530001163482666,2.6649999618530273,8574600.0,22812180.0,2265151.0
2021-05-13,2.6110000610351562,2.628999948501587,2.6029999256134033,2.622999906539917,13477824.0,35298576.0,2265151.0
2021-05-14,2.63700008392334,2.6549999713897705,2.630000114440918,2.6540000438690186,9377300.0,24757164.0,2265151.0
2021-05-17,2.677000045776367,2.683000087738037,2.6700000762939453,2.677999973297119,9910636.0,26521122.0,2265151.0
2021-05-18,2.677999973297119,2.697999954223633,2.6710000038146973,2.688999891281128,12172400.0,32645120.0,2265151.0
2021-05-19,2.6459999084472656,2.6480000019073486,2.631999969482422,2.63700008392334,16635519.0,43883804.0,2265151.0
2021-05-20,2.640000104904175,2.6489999294281006,2.6389999389648438,2.6440000534057617,7636243.0,20191248.0,2265151.0
2021-05-21,2.690000057220459,2.694000005722046,2.683000087738037,2.691999912261963,11853100.0,31859882.0,2265151.0
2021-05-24,2.680000066757202,2.687000036239624,2.674999952316284,2.686000108718872,7394062.0,19821842.0,2265151.0
2021-05-25,2.7079999446868896,2.7239999771118164,2.7070000171661377,2.7209999561309814,9232300.0,25052314.0,2265151.0
2021-05-26,2.7209999561309814,2.7219998836517334,2.7160000801086426,2.7209999561309814,10638000.0,28933960.0,2265151.0
2021-05-27,2.7179999351501465,2.7179999351501465,2.7009999752044678,2.7060000896453857,8102900.0,21967496.0,2265151.0
2021-05-28,2.7079999446868896,2.7109999656677246,2.697999954223633,2.7009999752044678,8212262.0,22221998.0,2265151.0
2021-05-31,2.7019999027252197,2.7019999027252197,2.693000078201294,2.694999933242798,7648804.0,20618648.0,2265151.0
2021-06-01,2.694999933242798,2.6989998817443848,2.684000015258789,2.6989998817443848,9279508.0,24968524.0,2265151.0
2021-06-02,2.687999963760376,2.690999984741211,2.684999942779541,2.687000036239624,4334500.0,11649436.0,2265151.0
2021-06-03,2.694000005722046,2.697000026702881,2.690999984741211,2.694999933242798,7655800.0,20623168.0,2265151.0
2021-06-04,2.6689999103546143,2.674999952316284,2.6630001068115234,2.674999952316284,4238300.0,11321561.0,2265151.0
2021-06-07,2.7049999237060547,2.7100000381469727,2.703000068664551,2.7090001106262207,7933500.0,21475456.0,2265151.0
2021-06-08,2.7290000915527344,2.7290000915527344,2.7170000076293945,2.7239999771118164,8295900.0,22596060.0,2265151.0
2021-06-09,2.7239999771118164,2.7269999980926514,2.7219998836517334,2.7249999046325684,3301800.0,8998076.0,2265151.0
2021-06-10,2.7249999046325684,2.7249999046325684,2.7109999656677246,2.7139999866485596,4489900.0,12206602.0,2265151.0
2021-06-11,2.74399995803833,2.753000020980835,2.742000102996826,2.746999979019165,9116000.0,25044868.0,2265151.0
2021-06-15,2.7809998989105225,2.7939999103546143,2.7799999713897705,2.7939999103546143,8525446.0,23779512.0,2265151.0
2021-06-16,2.7669999599456787,2.7790000438690186,2.7669999599456787,2.7690000534057617,3101300.0,8593758.0,2265151.0
2021-06-17,2.756999969482422,2.760999917984009,2.744999885559082,2.759000062942505,4369024.0,12036106.0,2265151.0
2021-06-18,2.802000045776367,2.8289999961853027,2.802000045776367,2.821000099182129,14069170.0,39667772.0,2265151.0
2021-06-21,2.805999994277954,2.808000087738037,2.7899999618530273,2.8010001182556152,17215974.0,48164776.0,2265151.0
2021-06-22,2.812999963760376,2.825000047683716,2.812000036239624,2.819000005722046,11768100.0,33188806.0,2265151.0
2021-06-23,2.8550000190734863,2.868000030517578,2.8480000495910645,2.864000082015991,5511100.0,15767125.0,2265151.0
2021-06-24,2.859999895095825,2.865999937057495,2.8580000400543213,2.8589999675750732,5660547.0,16197133.0,2265151.0
2021-06-25,2.874000072479248,2.875,2.8610000610351562,2.865999937057495,8873300.0,25456774.0,2265151.0
2021-06-28,2.8610000610351562,2.880000114440918,2.859999895095825,2.875999927520752,7223300.0,20729980.0,2265151.0
2021-06-29,2.9110000133514404,2.9110000133514404,2.8959999084472656,2.8989999294281006,7022104.0,20368202.0,2265151.0
2021-06-30,2.9100000858306885,2.921999931335449,2.9100000858306885,2.9200000762939453,4640800.0,13533200.0,2265151.0
2021-07-01,2.9170000553131104,2.9170000553131104,2.9100000858306885,2.9100000858306885,1656900.0,4829322.0,2265151.0
2021-07-02,2.9119999408721924,2.9119999408721924,2.9049999713897705,2.9110000133514404,5248575.0,15265423.0,2265151.0
2021-07-05,2.953000068664551,2.953000068664551,2.936000108718872,2.941999912261963,4909356.0,14450262.0,2265151.0
2021-07-06,2.947000026702881,2.947000026702881,2.938999891281128,2.944999933242798,4320832.0,12712979.0,2265151.0
2021-07-07,2.950000047683716,2.9719998836517334,2.950000047683716,2.9700000286102295,6126200.0,18167032.0,2265151.0
2021-07-08,2.9700000286102295,2.9730000495910645,2.9660000801086426,2.9679999351501465,5113132.0,15182964.0,2265151.0
2021-07-09,2.940999984741211,2.9649999141693115,2.940999984741211,2.9649999141693115,9534204.0,28148278.0,2265151.0
2021-07-12,3.049999952316284,3.049999952316284,2.9649999141693115,2.994999885559082,7799900.0,23410752.0,2265151.0
2021-07-13,2.994999885559082,3.007999897003174,2.993000030517578,2.996000051498413,3757800.0,11274458.0,2265151.0
2021-07-14,2.994999885559082,2.994999885559082,2.9839999675750732,2.98799991607666,3328600.0,9950962.0,2265151.0
2021-07-15,2.98799991607666,2.994999885559082,2.9839999675750732,2.994999885559082,5686300.0,17005552.0,2265151.0
2021-07-16,2.9649999141693115,2.9800000190734863,2.9590001106262207,2.9649999141693115,6013932.0,17847200.0,2265151.0
2021-07-19,2.936000108718872,2.947999954223633,2.934000015258789,2.944999933242798,6891400.0,20255988.0,2265151.0
2021-07-20,2.930999994277954,2.944999933242798,2.930000066757202,2.943000078201294,6259300.0,18390254.0,2265151.0
2021-07-21,2.9579999446868896,2.9630000591278076,2.950000047683716,2.9579999446868896,6159200.0,18207630.0,2265151.0
2021-07-22,2.9809999465942383,2.989000082015991,2.9739999771118164,2.98799991607666,3364923.0,10038303.0,2265151.0
2021-07-23,3.002000093460083,3.013000011444092,3.002000093460083,3.01200008392334,3642700.0,10958796.0,2265151.0
2021-07-26,3.0380001068115234,3.0510001182556152,3.0329999923706055,3.049999952316284,8251200.0,25080982.0,2265151.0
2021-07-27,3.0350000858306885,3.0480000972747803,3.0339999198913574,3.0420000553131104,5612091.0,17075274.0,2265151.0
2021-07-28,3.003000020980835,3.0199999809265137,3.000999927520752,3.013000011444092,9236400.0,27801710.0,2265151.0
2021-07-29,3.0190000534057617,3.0280001163482666,3.013000011444092,3.0190000534057617,6393000.0,19291284.0,2265151.0
2021-07-30,2.994999885559082,2.994999885559082,2.9690001010894775,2.9690001010894775,10269591.0,30597824.0,2265151.0
2021-08-02,3.0,3.0199999809265137,3.0,3.0190000534057617,9360000.0,28177250.0,2265151.0
2021-08-03,2.996999979019165,3.009999990463257,2.996000051498413,3.00600004196167,5371400.0,16124729.0,2265151.0
2021-08-04,3.0199999809265137,3.0280001163482666,3.0179998874664307,3.0269999504089355,6964800.0,21060046.0,2265151.0
2021-08-05,3.0269999504089355,3.0269999504089355,3.0190000534057617,3.0199999809265137,2945400.0,8903875.0,2265151.0
2021-08-06,3.049999952316284,3.049999952316284,3.0399999618530273,3.0429999828338623,5380200.0,16379542.0,2265151.0
2021-08-09,3.0199999809265137,3.0350000858306885,3.0190000534057617,3.0280001163482666,4349100.0,13161492.0,2265151.0
2021-08-10,3.0360000133514404,3.0399999618530273,3.0320000648498535,3.0380001068115234,4374832.0,13280762.0,2265151.0
2021-08-11,3.0239999294281006,3.0290000438690186,3.0230000019073486,3.0269999504089355,3100196.0,9381415.0,2265151.0
2021-08-12,3.0230000019073486,3.0250000953674316,3.0190000534057617,3.0230000019073486,3582337.0,10823722.0,2265151.0
2021-08-13,3.0329999923706055,3.0329999923706055,3.0280001163482666,3.0309998989105225,3078800.0,9329584.0,2265151.0
2021-08-16,3.0329999923706055,3.0390000343322754,3.0320000648498535,3.0360000133514404,3783805.0,11486108.0,2265151.0
2021-08-17,3.0339999198913574,3.052000045776367,3.0329999923706055,3.0490000247955322,5843300.0,17790296.0,2265151.0
2021-08-18,3.0329999923706055,3.0409998893737793,3.0169999599456787,3.0390000343322754,4170800.0,12648691.0,2265151.0
2021-08-19,2.996000051498413,3.01200008392334,2.9800000190734863,2.9820001125335693,7757100.0,23224236.0,2265151.0
2021-08-20,3.002000093460083,3.010999917984009,3.000999927520752,3.005000114440918,9170800.0,27552606.0,2265151.0
2021-08-23,3.0380001068115234,3.049999952316284,3.0380001068115234,3.0480000972747803,6626000.0,20171108.0,2265151.0
2021-08-24,3.0829999446868896,3.1080000400543213,3.0829999446868896,3.1019999980926514,11171900.0,34610020.0,2265151.0
2021-08-25,3.1080000400543213,3.1080000400543213,3.0950000286102295,3.1019999980926514,5006880.0,15525194.0,2265151.0
2021-08-26,3.0989999771118164,3.0989999771118164,3.0889999866485596,3.0940001010894775,4332508.0,13402869.0,2265151.0
2021-08-27,3.0810000896453857,3.1059999465942383,3.0799999237060547,3.1029999256134033,6854404.0,21235868.0,2265151.0
2021-08-30,3.115000009536743,3.125,3.1110000610351562,3.114000082015991,11558300.0,36001360.0,2265151.0
2021-08-31,3.138000011444092,3.1659998893737793,3.134999990463257,3.1610000133514404,9985700.0,31489118.0,2265151.0
2021-09-01,3.1449999809265137,3.1570000648498535,3.131999969482422,3.1440000534057617,9104000.0,28614712.0,2265151.0
2021-09-02,3.1459999084472656,3.1480000019073486,3.138000011444092,3.1410000324249268,4545100.0,14278814.0,2265151.0
2021-09-03,3.1440000534057617,3.1459999084472656,3.134000062942505,3.1459999084472656,3477200.0,10923210.0,2265151.0
2021-09-06,3.1470000743865967,3.1559998989105225,3.1410000324249268,3.1500000953674316,6927300.0,21808186.0,2265151.0
2021-09-07,3.1510000228881836,3.1519999504089355,3.1429998874664307,3.1510000228881836,3643100.0,11469726.0,2265151.0
2021-09-08,3.1489999294281006,3.1489999294281006,3.1419999599456787,3.1429998874664307,4266700.0,13421237.0,2265151.0
2021-09-09,3.134000062942505,3.134000062942505,3.11899995803833,3.122999906539917,5825000.0,18204138.0,2265151.0
2021-09-10,3.121999979019165,3.125,3.115000009536743,3.125,4185100.0,13059964.0,2265151.0
2021-09-13,3.1059999465942383,3.117000102996826,3.0889999866485596,3.115999937057495,5543200.0,17174190.0,2265151.0
2021-09-14,3.1110000610351562,3.1110000610351562,3.0929999351501465,3.0969998836517334,3375400.0,10468819.0,2265151.0
2021-09-15,3.0869998931884766,3.0889999866485596,3.078000068664551,3.0840001106262207,2604800.0,8034165.0,2265151.0
2021-09-16,3.1050000190734863,3.11299991607666,3.0880000591278076,3.0880000591278076,6188600.0,19193218.0,2265151.0
2021-09-17,3.1019999980926514,3.11899995803833,3.0969998836517334,3.118000030517578,5236500.0,16273448.0,2265151.0
2021-09-22,3.0230000019073486,3.055000066757202,3.0209999084472656,3.0329999923706055,11546000.0,34987804.0,2265151.0
2021-09-23,3.065000057220459,3.065999984741211,3.056999921798706,3.062999963760376,5080000.0,15548057.0,2265151.0
2021-09-24,3.0850000381469727,3.0850000381469727,3.069999933242798,3.072999954223633,4026400.0,12386994.0,2265151.0
2021-09-27,3.0829999446868896,3.0929999351501465,3.0810000896453857,3.0899999141693115,4291100.0,13242531.0,2265151.0
2021-09-28,3.053999900817871,3.055000066757202,3.0369999408721924,3.0390000343322754,4299825.0,13103260.0,2265151.0
2021-09-29,2.9709999561309814,2.996000051498413,2.9690001010894775,2.98799991607666,10263150.0,30604660.0,2265151.0
2021-09-30,2.98799991607666,3.000999927520752,2.9749999046325684,3.0,6976100.0,20846156.0,2265151.0
2021-10-08,3.003999948501587,3.007999897003174,2.98799991607666,2.990999937057495,4919300.0,14744981.0,2265151.0
2021-10-11,2.9739999771118164,2.9739999771118164,2.9489998817443848,2.9570000171661377,7785100.0,23051634.0,2265151.0
2021-10-12,2.937999963760376,2.938999891281128,2.930000066757202,2.933000087738037,6604475.0,19382032.0,2265151.0
2021-10-13,2.927000045776367,2.944000005722046,2.9260001182556152,2.944000005722046,4966400.0,14561615.0,2265151.0
2021-10-14,2.9579999446868896,2.9820001125335693,2.9560000896453857,2.9800000190734863,5397400.0,16031997.0,2265151.0
2021-10-15,3.0169999599456787,3.0329999923706055,3.010999917984009,3.0290000438690186,14163100.0,42812872.0,2265151.0
2021-10-18,3.0290000438690186,3.0339999198913574,3.0160000324249268,3.0169999599456787,11925100.0,36062844.0,2265151.0
2021-10-19,3.0480000972747803,3.058000087738037,3.046999931335449,3.055000066757202,7351500.0,22434232.0,2265151.0
2021-10-20,3.062000036239624,3.065000057220459,3.056999921798706,3.059999942779541,7785300.0,23834364.0,2265151.0
2021-10-21,3.049999952316284,3.059999942779541,3.0429999828338623,3.053999900817871,10469600.0,31984046.0,2265151.0
2021-10-22,3.065000057220459,3.071000099182129,3.059000015258789,3.069999933242798,10656700.0,32666410.0,2265151.0
2021-10-25,3.0480000972747803,3.058000087738037,3.0420000553131104,3.053999900817871,6932300.0,21150622.0,2265151.0
2021-10-26,3.0850000381469727,3.0940001010894775,3.0840001106262207,3.0929999351501465,4215600.0,13019952.0,2265151.0
2021-10-27,3.0869998931884766,3.0889999866485596,3.0789999961853027,3.0869998931884766,4390700.0,13540142.0,2265151.0
2021-10-28,3.0980000495910645,3.1019999980926514,3.0959999561309814,3.0959999561309814,6281662.0,19466702.0,2265151.0
2021-10-29,3.1089999675750732,3.114000082015991,3.0980000495910645,3.0999999046325684,7913403.0,24568098.0,2265151.0
2021-11-01,3.1429998874664307,3.1540000438690186,3.1429998874664307,3.1530001163482666,6140200.0,19348266.0,2265151.0
2021-11-02,3.1559998989105225,3.1579999923706055,3.1470000743865967,3.1559998989105225,5668900.0,17865378.0,2265151.0
2021-11-03,3.1710000038146973,3.180000066757202,3.1700000762939453,3.1740000247955322,5691000.0,18060908.0,2265151.0
2021-11-04,3.2049999237060547,3.2219998836517334,3.2049999237060547,3.2200000286102295,9692311.0,31179602.0,2265151.0
2021-11-05,3.246999979019165,3.256999969482422,3.246999979019165,3.255000114440918,7965400.0,25917608.0,2265151.0
2021-11-08,3.250999927520752,3.260999917984009,3.23799991607666,3.24399995803833,12609571.0,40977164.0,2265151.0
2021-11-09,3.2360000610351562,3.256999969482422,3.2309999465942383,3.255000114440918,14363200.0,46598568.0,2265151.0
2021-11-10,3.2219998836517334,3.2230000495910645,3.2009999752044678,3.2219998836517334,9811922.0,31553188.0,2265151.0
2021-11-11,3.178999900817871,3.197999954223633,3.178999900817871,3.194999933242798,8585427.0,27396410.0,2265151.0
2021-11-12,3.200000047683716,3.2039999961853027,3.191999912261963,3.194000005722046,3876900.0,12400484.0,2265151.0
2021-11-15,3.2219998836517334,3.2269999980926514,3.2200000286102295,3.2239999771118164,14283900.0,46044152.0,2265151.0
2021-11-16,3.2230000495910645,3.2230000495910645,3.2049999237060547,3.2090001106262207,17782600.0,57130840.0,2265151.0
2021-11-17,3.2339999675750732,3.239000082015991,3.2330000400543213,3.234999895095825,7774062.0,25157864.0,2265151.0
2021-11-18,3.2330000400543213,3.243000030517578,3.2330000400543213,3.242000102996826,9665162.0,31315622.0,2265151.0
2021-11-19,3.2679998874664307,3.2939999103546143,3.2679998874664307,3.2920000553131104,10079332.0,33142048.0,2265151.0
2021-11-22,3.309000015258789,3.309000015258789,3.2960000038146973,3.2960000038146973,9037300.0,29836100.0,2265151.0
2021-11-23,3.250999927520752,3.259999990463257,3.239000082015991,3.24399995803833,16225662.0,52666836.0,2265151.0
2021-11-24,3.23799991607666,3.253000020980835,3.2360000610351562,3.25,8434662.0,27353876.0,2265151.0
2021-11-25,3.259999990463257,3.2679998874664307,3.253000020980835,3.2679998874664307,4856100.0,15827814.0,2265151.0
2021-11-26,3.252000093460083,3.252000093460083,3.2320001125335693,3.2330000400543213,7704400.0,24960192.0,2265151.0
2021-11-29,3.2079999446868896,3.2290000915527344,3.2060000896453857,3.2219998836517334,9928300.0,31949822.0,2265151.0
2021-11-30,3.256999969482422,3.2639999389648438,3.2209999561309814,3.240000009536743,15046064.0,48806480.0,2265151.0
2021-12-01,3.2190001010894775,3.243000030517578,3.2149999141693115,3.236999988555908,16989800.0,54850156.0,2265151.0
2021-12-02,3.1679999828338623,3.1679999828338623,3.1559998989105225,3.1640000343322754,20302162.0,64178804.0,2265151.0
2021-12-03,3.1649999618530273,3.1670000553131104,3.1480000019073486,3.1570000648498535,10937200.0,34556924.0,2265151.0
2021-12-06,3.115000009536743,3.121000051498413,3.109999895095825,3.119999885559082,8978100.0,27973662.0,2265151.0
2021-12-07,3.1449999809265137,3.1630001068115234,3.140000104904175,3.1630001068115234,12075038.0,38042580.0,2265151.0
2021-12-08,3.23799991607666,3.243000030517578,3.234999895095825,3.239000082015991,11817501.0,38270624.0,2265151.0
2021-12-09,3.239000082015991,3.239000082015991,3.2239999771118164,3.2269999980926514,10142401.0,32762466.0,2265151.0
2021-12-10,3.193000078201294,3.2079999446868896,3.193000078201294,3.2009999752044678,9375000.0,30014996.0,2265151.0
2021-12-13,3.239000082015991,3.244999885559082,3.2279999256134033,3.2339999675750732,16921000.0,54709104.0,2265151.0
2021-12-14,3.186000108718872,3.191999912261963,3.183000087738037,3.184000015258789,8761500.0,27922560.0,2265151.0
2021-12-15,3.1540000438690186,3.1610000133514404,3.1500000953674316,3.1570000648498535,10812500.0,34113192.0,2265151.0
2021-12-16,3.2149999141693115,3.2309999465942383,3.2119998931884766,3.2290000915527344,14709600.0,47374616.0,2265151.0
2021-12-17,3.1440000534057617,3.1530001163482666,3.13700008392334,3.1419999599456787,15457300.0,48623648.0,2265151.0
2021-12-20,3.124000072479248,3.124000072479248,3.0899999141693115,3.0989999771118164,11529500.0,35806388.0,2265151.0
2021-12-21,3.0989999771118164,3.134000062942505,3.0989999771118164,3.134000062942505,9569300.0,29885538.0,2265151.0
2021-12-22,3.1619999408721924,3.1640000343322754,3.1459999084472656,3.1540000438690186,9765200.0,30801528.0,2265151.0
2021-12-23,3.190000057220459,3.197000026702881,3.187000036239624,3.193000078201294,9242900.0,29515726.0,2265151.0
2021-12-24,3.2170000076293945,3.2190001010894775,3.2079999446868896,3.2090001106262207,8460200.0,27173380.0,2265151.0
2021-12-27,3.2219998836517334,3.2309999465942383,3.2209999561309814,3.2249999046325684,13130100.0,42362780.0,2265151.0
2021-12-28,3.263000011444092,3.2780001163482666,3.26200008392334,3.2709999084472656,15303400.0,50027988.0,2265151.0
2021-12-29,3.2660000324249268,3.2720000743865967,3.257999897003174,3.2709999084472656,11341500.0,37037232.0,2265151.0
2021-12-30,3.259999990463257,3.265000104904175,3.253999948501587,3.256999969482422,6694000.0,21815290.0,2265151.0
2021-12-31,3.244999885559082,3.25600004196167,3.2309999465942383,3.255000114440918,15384400.0,49901400.0,2265151.0
2022-01-04,3.2730000019073486,3.2739999294281006,3.2639999389648438,3.2730000019073486,9050300.0,29593008.0,2265151.0
2022-01-05,3.2179999351501465,3.2200000286102295,3.2060000896453857,3.2100000381469727,7354600.0,23628176.0,2265151.0
2022-01-06,3.125,3.1489999294281006,3.1110000610351562,3.117000102996826,28955100.0,90404064.0,2265151.0
2022-01-07,3.138000011444092,3.1540000438690186,3.128999948501587,3.135999917984009,15078500.0,47283944.0,2265151.0
2022-01-10,3.0899999141693115,3.1070001125335693,3.0789999961853027,3.1059999465942383,17088500.0,52892820.0,2265151.0
2022-01-11,3.1019999980926514,3.1040000915527344,3.0829999446868896,3.0880000591278076,13376200.0,41404936.0,2265151.0
2022-01-12,3.122999906539917,3.1500000953674316,3.122999906539917,3.1489999294281006,15455900.0,48477056.0,2265151.0
2022-01-13,3.1410000324249268,3.1419999599456787,3.128000020980835,3.134999990463257,18058200.0,56600092.0,2265151.0
2022-01-14,3.069999933242798,3.071000099182129,3.052999973297119,3.071000099182129,18829200.0,57649780.0,2265151.0
2022-01-17,3.072000026702881,3.078000068664551,3.065999984741211,3.0739998817443848,14139600.0,43436548.0,2265151.0
2022-01-18,3.0769999027252197,3.0789999961853027,2.811000108718872,3.049999952316284,23736700.0,72572136.0,2265151.0
2022-01-19,2.999000072479248,3.00600004196167,2.9739999771118164,2.9860000610351562,25179822.0,75275176.0,2265151.0
2022-01-20,2.9690001010894775,2.996000051498413,2.9600000381469727,2.996000051498413,25667372.0,76459632.0,2265151.0
2022-01-21,2.9010000228881836,2.9179999828338623,2.88700008392334,2.8989999294281006,39607584.0,114978040.0,2265151.0
2022-01-24,2.865000009536743,2.869999885559082,2.8529999256134033,2.861999988555908,20645064.0,59056044.0,2265151.0
2022-01-25,2.8269999027252197,2.828000068664551,2.7960000038146973,2.808000087738037,24820480.0,69855496.0,2265151.0
2022-01-26,2.7780001163482666,2.7980000972747803,2.7750000953674316,2.796999931335449,15873401.0,44292596.0,2265151.0
2022-01-27,2.763000011444092,2.7690000534057617,2.7330000400543213,2.736999988555908,24064500.0,66109560.0,2265151.0
2022-01-28,2.7780001163482666,2.7860000133514404,2.7669999599456787,2.7860000133514404,17212900.0,47791952.0,2265151.0
2022-02-07,2.869999885559082,2.885999917984009,2.8529999256134033,2.885999917984009,22751768.0,65377880.0,2265151.0
2022-02-08,2.869999885559082,2.871000051498413,2.8589999675750732,2.86899995803833,7290540.0,20883036.0,2265151.0
2022-02-09,2.9000000953674316,2.9140000343322754,2.9000000953674316,2.9130001068115234,13497956.0,39258424.0,2265151.0
2022-02-10,2.9519999027252197,2.9570000171661377,2.944999933242798,2.9539999961853027,15016279.0,44306040.0,2265151.0
2022-02-11,2.885999917984009,2.8919999599456787,2.865999937057495,2.874000072479248,18914204.0,54445404.0,2265151.0
2022-02-14,2.809000015258789,2.8259999752044678,2.805999994277954,2.816999912261963,16170400.0,45509204.0,2265151.0
2022-02-15,2.815999984741211,2.8299999237060547,2.806999921798706,2.819000005722046,19731648.0,55674444.0,2265151.0
2022-02-16,2.868000030517578,2.871000051498413,2.859999895095825,2.868000030517578,12494170.0,35812288.0,2265151.0
2022-02-17,2.8610000610351562,2.867000102996826,2.8410000801086426,2.8480000495910645,12955700.0,36980896.0,2265151.0
2022-02-18,2.7829999923706055,2.815999984741211,2.7790000438690186,2.811000108718872,18424200.0,51659068.0,2265151.0
2022-02-21,2.7780001163482666,2.799999952316284,2.7669999599456787,2.7990000247955322,14183523.0,39399416.0,2265151.0
2022-02-22,2.7300000190734863,2.7360000610351562,2.693000078201294,2.697999954223633,28009468.0,75835128.0,2265151.0
2022-02-23,2.7320001125335693,2.746000051498413,2.7230000495910645,2.746000051498413,20417700.0,55881620.0,2265151.0
2022-02-24,2.6559998989105225,2.6570000648498535,2.5910000801086426,2.5989999771118164,42918500.0,112485632.0,2265151.0
2022-02-25,2.697999954223633,2.7039999961853027,2.691999912261963,2.697999954223633,41928000.0,113157632.0,2265151.0
2022-02-28,2.7230000495910645,2.7230000495910645,2.687999963760376,2.7039999961853027,24434300.0,65992472.0,2265151.0
2022-03-01,2.759000062942505,2.7799999713897705,2.759000062942505,2.7730000019073486,19210000.0,53193416.0,2265151.0
2022-03-02,2.740999937057495,2.747999906539917,2.7260000705718994,2.739000082015991,21712000.0,59448476.0,2265151.0
2022-03-03,2.7739999294281006,2.7760000228881836,2.7669999599456787,2.7760000228881836,22288400.0,61783356.0,2265151.0
2022-03-04,2.7109999656677246,2.7290000915527344,2.7070000171661377,2.7249999046325684,39557972.0,107524448.0,2265151.0
2022-03-07,2.6549999713897705,2.6689999103546143,2.6449999809265137,2.6589999198913574,29743800.0,78917128.0,2265151.0
2022-03-08,2.621000051498413,2.6449999809265137,2.50600004196167,2.5789999961853027,43599400.0,113254272.0,2265151.0
2022-03-09,2.5980000495910645,2.6089999675750732,2.5829999446868896,2.6070001125335693,23608400.0,61390572.0,2265151.0
2022-03-10,2.680999994277954,2.684000015258789,2.6679999828338623,2.6760001182556152,26246754.0,70243272.0,2265151.0
2022-03-11,2.6389999389648438,2.6600000858306885,2.632999897003174,2.6589999198913574,19792300.0,52365640.0,2265151.0
2022-03-14,2.619999885559082,2.632999897003174,2.6110000610351562,2.622999906539917,18050500.0,47309272.0,2265151.0
2022-03-15,2.572000026702881,2.5929999351501465,2.572000026702881,2.5739998817443848,12908700.0,33321784.0,2265151.0
2022-03-16,2.635999917984009,2.6670000553131104,2.63100004196167,2.6649999618530273,32360078.0,85611216.0,2265151.0
2022-03-17,2.7330000400543213,2.74399995803833,2.7260000705718994,2.74399995803833,31936112.0,87348456.0,2265151.0
2022-03-18,2.749000072479248,2.756999969482422,2.736999988555908,2.753999948501587,20250192.0,55631780.0,2265151.0
2022-03-21,2.815000057220459,2.819999933242798,2.805999994277954,2.815000057220459,30094600.0,84686928.0,2265151.0
2022-03-22,2.805999994277954,2.819999933242798,2.803999900817871,2.819999933242798,19436800.0,54636184.0,2265151.0
2022-03-23,2.878000020980835,2.890000104904175,2.877000093460083,2.8889999389648438,23516560.0,67817136.0,2265151.0
2022-03-24,2.8499999046325684,2.871000051498413,2.8469998836517334,2.865000009536743,16985500.0,48590912.0,2265151.0
2022-03-25,2.9079999923706055,2.9210000038146973,2.9010000228881836,2.9170000553131104,52668600.0,153529584.0,2265151.0
2022-03-28,2.9019999504089355,2.9100000858306885,2.9010000228881836,2.9019999504089355,20045700.0,58255796.0,2265151.0
2022-03-29,2.9560000896453857,2.9700000286102295,2.9509999752044678,2.9690001010894775,23997500.0,71012496.0,2265151.0
2022-03-30,3.010999917984009,3.0250000953674316,3.010999917984009,3.013000011444092,23823900.0,71889480.0,2265151.0
2022-03-31,2.990999937057495,3.0,2.9860000610351562,2.993000030517578,17386700.0,52022996.0,2265151.0
2022-04-01,2.944999933242798,2.9560000896453857,2.934999942779541,2.9549999237060547,26979760.0,79524136.0,2265151.0
2022-04-06,2.924999952316284,2.937000036239624,2.924999952316284,2.933000087738037,21121260.0,61903144.0,2265151.0
2022-04-07,2.865999937057495,2.878999948501587,2.8559999465942383,2.871999979019165,28624300.0,81956872.0,2265151.0
2022-04-08,2.869999885559082,2.8919999599456787,2.86899995803833,2.8919999599456787,21265384.0,61174972.0,2265151.0
2022-04-11,2.8340001106262207,2.8340001106262207,2.812000036239624,2.8259999752044678,29304184.0,82792984.0,2265151.0
2022-04-12,2.7639999389648438,2.7739999294281006,2.757999897003174,2.7690000534057617,36853640.0,101925384.0,2265151.0
2022-04-13,2.7669999599456787,2.7920000553131104,2.7660000324249268,2.7820000648498535,41504600.0,115455816.0,2265151.0
2022-04-14,2.813999891281128,2.8329999446868896,2.812999963760376,2.825000047683716,39844100.0,112620168.0,2265151.0
2022-04-15,2.759999990463257,2.759999990463257,2.75,2.752000093460083,11789700.0,32448522.0,2265151.0
2022-04-18,2.7260000705718994,2.740000009536743,2.7239999771118164,2.734999895095825,41093000.0,112289456.0,2265151.0
2022-04-19,2.759999990463257,2.7780001163482666,2.759999990463257,2.7750000953674316,59383800.0,164542096.0,2265151.0
2022-04-20,2.811000108718872,2.812999963760376,2.802000045776367,2.811000108718872,68227696.0,191673120.0,2265151.0
2022-04-21,2.803999900817871,2.8350000381469727,2.8010001182556152,2.8320000171661377,78708944.0,222259872.0,2265151.0
2022-04-22,2.744999885559082,2.7709999084472656,2.73799991607666,2.7690000534057617,77842096.0,214733136.0,2265151.0
2022-04-25,2.691999912261963,2.7300000190734863,2.681999921798706,2.7060000896453857,59539600.0,161414032.0,2265151.0
2022-04-26,2.759999990463257,2.7730000019073486,2.744999885559082,2.750999927520752,92394480.0,255157776.0,2265151.0
2022-04-27,2.6600000858306885,2.680000066757202,2.6530001163482666,2.680000066757202,97405024.0,259499696.0,2265151.0
2022-04-28,2.684999942779541,2.7179999351501465,2.677999973297119,2.7170000076293945,62271200.0,167921440.0,2265151.0
2022-04-29,2.75,2.759000062942505,2.7339999675750732,2.739000082015991,80879712.0,222264912.0,2265151.0
2022-05-05,2.7720000743865967,2.7860000133514404,2.7720000743865967,2.7730000019073486,101408000.0,281910336.0,2265151.0
2022-05-06,2.6429998874664307,2.674999952316284,2.6429998874664307,2.6679999828338623,65260000.0,173687040.0,2265151.0
2022-05-09,2.634000062942505,2.6389999389648438,2.618000030517578,2.627000093460083,65975400.0,173318032.0,2265151.0
2022-05-10,2.549999952316284,2.5969998836517334,2.5409998893737793,2.5969998836517334,75203224.0,193081200.0,2265151.0
2022-05-11,2.5959999561309814,2.614000082015991,2.5910000801086426,2.6029999256134033,95662304.0,249113680.0,2265151.0
2022-05-12,2.5239999294281006,2.5380001068115234,2.505000114440918,2.509000062942505,123008000.0,310370368.0,2265151.0
2022-05-13,2.5399999618530273,2.561000108718872,2.5380001068115234,2.556999921798706,96404000.0,246047984.0,2265151.0
2022-05-16,2.617000102996826,2.617000102996826,2.5799999237060547,2.5869998931884766,128538304.0,333880960.0,2265151.0
2022-05-17,2.5869998931884766,2.5929999351501465,2.5799999237060547,2.5889999866485596,104742304.0,271052064.0,2265151.0
2022-05-18,2.615000009536743,2.621999979019165,2.61299991607666,2.618000030517578,85642304.0,224139536.0,2265151.0
2022-05-19,2.5,2.513000011444092,2.490999937057495,2.50600004196167,186081632.0,465200576.0,2265151.0
2022-05-20,2.5160000324249268,2.5169999599456787,2.503000020980835,2.509000062942505,175111696.0,439365632.0,2265151.0
2022-05-23,2.505000114440918,2.506999969482422,2.4830000400543213,2.496999979019165,167246304.0,416839904.0,2265151.0
2022-05-24,2.4619998931884766,2.4639999866485596,2.434000015258789,2.436000108718872,151131312.0,370524448.0,2265151.0
2022-05-25,2.434999942779541,2.4519999027252197,2.431999921798706,2.450000047683716,115283296.0,281835200.0,2265151.0
2022-05-26,2.4709999561309814,2.4749999046325684,2.4660000801086426,2.4730000495910645,105580304.0,260772928.0,2265151.0
2022-05-27,2.5390000343322754,2.555999994277954,2.5339999198913574,2.555999994277954,119198072.0,303529664.0,2265151.0
2022-05-30,2.640000104904175,2.6449999809265137,2.624000072479248,2.630000114440918,108770352.0,286132000.0,2265151.0
2022-05-31,2.622999906539917,2.622999906539917,2.6010000705718994,2.6050000190734863,92980824.0,242906976.0,2265151.0
2022-06-01,2.6110000610351562,2.615000009536743,2.6050000190734863,2.611999988555908,79951104.0,208719104.0,2265151.0
2022-06-02,2.6029999256134033,2.6029999256134033,2.5910000801086426,2.5969998836517334,64049500.0,166274928.0,2265151.0
2022-06-06,2.5910000801086426,2.6019999980926514,2.5820000171661377,2.5980000495910645,102743000.0,266646528.0,2265151.0
2022-06-07,2.5820000171661377,2.5829999446868896,2.571000099182129,2.5739998817443848,111568096.0,287596544.0,2265151.0
2022-06-08,2.6050000190734863,2.614000082015991,2.5999999046325684,2.61299991607666,59919800.0,156471376.0,2265151.0
2022-06-09,2.5989999771118164,2.609999895095825,2.5950000286102295,2.6029999256134033,59696100.0,155312320.0,2265151.0
2022-06-10,2.5409998893737793,2.555999994277954,2.5390000343322754,2.5510001182556152,146959616.0,374678848.0,2265151.0
2022-06-13,2.4260001182556152,2.450000047683716,2.4149999618530273,2.4179999828338623,270213504.0,656587072.0,2265151.0
2022-06-14,2.377000093460083,2.3940000534057617,2.371999979019165,2.3929998874664307,197723808.0,471098624.0,2265151.0
2022-06-15,2.384999990463257,2.38700008392334,2.365000009536743,2.375999927520752,393643712.0,934575488.0,2265151.0
2022-06-16,2.4240000247955322,2.4260001182556152,2.372999906539917,2.375999927520752,295683488.0,711424448.0,2265151.0
2022-06-17,2.315999984741211,2.3359999656677246,2.315000057220459,2.3269999027252197,335201696.0,779458496.0,2265151.0
2022-06-20,2.3359999656677246,2.3499999046325684,2.328000068664551,2.3480000495910645,222189600.0,519258208.0,2265151.0
2022-06-21,2.3540000915527344,2.374000072479248,2.3529999256134033,2.365999937057495,181918240.0,430099264.0,2265151.0
2022-06-22,2.378999948501587,2.382999897003174,2.365999937057495,2.36899995803833,212482000.0,504607488.0,2265151.0
2022-06-23,2.388000011444092,2.3959999084472656,2.378000020980835,2.390000104904175,185034896.0,441711680.0,2265151.0
2022-06-24,2.4159998893737793,2.447999954223633,2.4159998893737793,2.444000005722046,162152000.0,394757440.0,2265151.0
2022-06-27,2.493000030517578,2.515000104904175,2.493000030517578,2.500999927520752,138111904.0,345740544.0,2265151.0
2022-06-28,2.48799991607666,2.496999979019165,2.4719998836517334,2.48799991607666,145445792.0,361355872.0,2265151.0
2022-06-29,2.4110000133514404,2.421999931335449,2.4049999713897705,2.4059998989105225,210933104.0,509477760.0,2265151.0
2022-06-30,2.4059998989105225,2.4110000133514404,2.380000114440918,2.384000062942505,266129280.0,638425600.0,2265151.0
2022-07-01,2.380000114440918,2.384999990463257,2.3610000610351562,2.369999885559082,253979392.0,602861760.0,2265151.0
2022-07-04,2.375,2.38700008392334,2.374000072479248,2.384000062942505,160480192.0,381905760.0,2265151.0
2022-07-05,0.6010000109672546,0.6050000190734863,0.6010000109672546,0.6039999723434448,539368192.0,324973696.0,-2265151.0
2022-07-06,0.6119999885559082,0.6129999756813049,0.6069999933242798,0.6110000014305115,859331520.0,524379264.0,2265151.0
2022-07-07,0.6129999756813049,0.6169999837875366,0.6119999885559082,0.6159999966621399,603153728.0,370882432.0,2265151.0
2022-07-08,0.6259999871253967,0.6269999742507935,0.6230000257492065,0.6230000257492065,490970944.0,306747392.0,2265151.0
2022-07-11,0.621999979019165,0.6230000257492065,0.6200000047683716,0.6209999918937683,509699904.0,316734016.0,2265151.0
2022-07-12,0.6119999885559082,0.6140000224113464,0.609000027179718,0.6110000014305115,566431616.0,346520864.0,2265151.0
2022-07-13,0.6110000014305115,0.6129999756813049,0.6100000143051147,0.6119999885559082,504465312.0,308311392.0,2265151.0
2022-07-14,0.609000027179718,0.6100000143051147,0.6060000061988831,0.6069999933242798,675064512.0,410620864.0,2265151.0
2022-07-15,0.6129999756813049,0.6169999837875366,0.6119999885559082,0.6150000095367432,580187008.0,356906496.0,2265151.0
2022-07-18,0.625,0.6309999823570251,0.625,0.6299999952316284,739678208.0,465058016.0,2265151.0
2022-07-19,0.6209999918937683,0.621999979019165,0.6190000176429749,0.6200000047683716,546273792.0,338980672.0,2265151.0
2022-07-20,0.6389999985694885,0.6420000195503235,0.6380000114440918,0.6399999856948853,679372032.0,434740864.0,2265151.0
2022-07-21,0.6470000147819519,0.6489999890327454,0.6439999938011169,0.6460000276565552,665851136.0,430353760.0,2265151.0
2022-07-22,0.6520000100135803,0.6539999842643738,0.6520000100135803,0.652999997138977,452940416.0,295765152.0,2265151.0
2022-07-25,0.6449999809265137,0.6449999809265137,0.6430000066757202,0.6439999938011169,596420928.0,384078400.0,2265151.0
2022-07-26,0.6380000114440918,0.6420000195503235,0.6370000243186951,0.6399999856948853,814348928.0,521480704.0,2265151.0
2022-07-27,0.6380000114440918,0.6399999856948853,0.6380000114440918,0.6389999985694885,574064512.0,366553120.0,2265151.0
2022-07-28,0.6520000100135803,0.6549999713897705,0.6499999761581421,0.6539999842643738,1028636480.0,671557888.0,2265151.0
2022-07-29,0.6690000295639038,0.6740000247955322,0.6679999828338623,0.6710000038146973,1352757504.0,907389504.0,2265151.0
2022-08-01,0.6710000038146973,0.6729999780654907,0.6690000295639038,0.671999990940094,659196416.0,442612928.0,2265151.0
2022-08-02,0.671999990940094,0.6729999780654907,0.6679999828338623,0.6690000295639038,1276034176.0,855018368.0,2265151.0
2022-08-03,0.6700000166893005,0.6710000038146973,0.6679999828338623,0.6710000038146973,547690880.0,366923392.0,2265151.0
2022-08-04,0.6880000233650208,0.6899999976158142,0.6869999766349792,0.6880000233650208,1117575680.0,769570816.0,2265151.0
2022-08-05,0.6930000185966492,0.6959999799728394,0.6919999718666077,0.6919999718666077,674654656.0,468345952.0,2265151.0
2022-08-08,0.6859999895095825,0.6899999976158142,0.6850000023841858,0.6899999976158142,589597824.0,405493536.0,2265151.0
2022-08-09,0.6859999895095825,0.6880000233650208,0.6850000023841858,0.6850000023841858,651992128.0,447301120.0,2265151.0
2022-08-10,0.6779999732971191,0.6779999732971191,0.675000011920929,0.675000011920929,558284288.0,377566976.0,2265151.0
2022-08-11,0.6970000267028809,0.7009999752044678,0.6959999799728394,0.699999988079071,937670592.0,654643968.0,2265151.0
2022-08-12,0.6930000185966492,0.6930000185966492,0.6899999976158142,0.6919999718666077,454832704.0,314456992.0,2265151.0
2022-08-15,0.703000009059906,0.7059999704360962,0.7020000219345093,0.7049999833106995,512684096.0,360935232.0,2265151.0
2022-08-16,0.7129999995231628,0.7149999737739563,0.7120000123977661,0.7139999866485596,364611104.0,260230224.0,2265151.0
2022-08-17,0.7129999995231628,0.7129999995231628,0.7099999785423279,0.7099999785423279,481319008.0,342563200.0,2265151.0
2022-08-18,0.7020000219345093,0.7049999833106995,0.699999988079071,0.7020000219345093,680597632.0,478158944.0,2265151.0
2022-08-19,0.7059999704360962,0.7080000042915344,0.7009999752044678,0.7009999752044678,644186816.0,454192704.0,2265151.0
2022-08-22,0.6909999847412109,0.6940000057220459,0.6899999976158142,0.6909999847412109,669454272.0,463346176.0,2265151.0
2022-08-23,0.6819999814033508,0.6819999814033508,0.675000011920929,0.6769999861717224,666519808.0,452485024.0,2265151.0
2022-08-24,0.6779999732971191,0.6819999814033508,0.6759999990463257,0.6809999942779541,562327744.0,381748832.0,2265151.0
2022-08-25,0.6830000281333923,0.6890000104904175,0.6819999814033508,0.6880000233650208,584629504.0,400453024.0,2265151.0
2022-08-26,0.6930000185966492,0.6940000057220459,0.6899999976158142,0.6930000185966492,526995296.0,364722368.0,2265151.0
2022-08-29,0.6589999794960022,0.6629999876022339,0.6579999923706055,0.6629999876022339,1021545792.0,675475968.0,2265151.0
2022-08-30,0.6629999876022339,0.6669999957084656,0.6620000004768372,0.6669999957084656,995970752.0,661649920.0,2265151.0
2022-08-31,0.6589999794960022,0.6610000133514404,0.6579999923706055,0.6579999923706055,870220416.0,573657344.0,2265151.0
2022-09-01,0.6460000276565552,0.6480000019073486,0.6430000066757202,0.6439999938011169,937424640.0,605464448.0,2265151.0
2022-09-02,0.6510000228881836,0.652999997138977,0.6480000019073486,0.6520000100135803,1094882176.0,712364032.0,2265151.0
2022-09-05,0.6439999938011169,0.6460000276565552,0.6430000066757202,0.6449999809265137,1052783296.0,678400384.0,2265151.0
2022-09-06,0.6499999761581421,0.6499999761581421,0.6470000147819519,0.6489999890327454,1005945536.0,652279104.0,2265151.0
2022-09-07,0.6389999985694885,0.6449999809265137,0.6380000114440918,0.6430000066757202,825831616.0,530502752.0,2265151.0
2022-09-08,0.6549999713897705,0.6589999794960022,0.6549999713897705,0.6570000052452087,693253312.0,455523392.0,2265151.0
2022-09-09,0.6610000133514404,0.6620000004768372,0.6589999794960022,0.6589999794960022,624336128.0,412554816.0,2265151.0
2022-09-13,0.6779999732971191,0.6819999814033508,0.6769999861717224,0.6800000071525574,696358336.0,472542240.0,2265151.0
2022-09-14,0.6460000276565552,0.6480000019073486,0.6430000066757202,0.6449999809265137,815220160.0,526386624.0,2265151.0
2022-09-15,0.6499999761581421,0.6520000100135803,0.6489999890327454,0.6499999761581421,667980160.0,434225344.0,2265151.0
2022-09-16,0.6380000114440918,0.6389999985694885,0.6340000033378601,0.6349999904632568,590530688.0,376086304.0,2265151.0
2022-09-19,0.6370000243186951,0.6389999985694885,0.6340000033378601,0.6340000033378601,906450496.0,576601536.0,2265151.0
2022-09-20,0.6439999938011169,0.6460000276565552,0.6430000066757202,0.6460000276565552,509546688.0,328688160.0,2265151.0
2022-09-21,0.6420000195503235,0.6430000066757202,0.6399999856948853,0.6420000195503235,954698816.0,612798848.0,2265151.0
2022-09-22,0.6269999742507935,0.6309999823570251,0.6259999871253967,0.6290000081062317,973287424.0,611449088.0,2265151.0
2022-09-23,0.6259999871253967,0.6269999742507935,0.625,0.6259999871253967,558088128.0,349340384.0,2265151.0
2022-09-26,0.6179999709129333,0.621999979019165,0.6159999966621399,0.6159999966621399,822918464.0,509016448.0,2265151.0
2022-09-27,0.6209999918937683,0.628000020980835,0.6209999918937683,0.628000020980835,678562624.0,423736352.0,2265151.0
2022-09-28,0.625,0.6259999871253967,0.6190000176429749,0.6209999918937683,828726272.0,515278880.0,2265151.0
2022-09-29,0.6320000290870667,0.6349999904632568,0.6290000081062317,0.6299999952316284,869721408.0,550019776.0,2265151.0
2022-09-30,0.6129999756813049,0.6150000095367432,0.6100000143051147,0.6150000095367432,1042519552.0,638515840.0,2265151.0
2022-10-10,0.6050000190734863,0.6060000061988831,0.5979999899864197,0.5979999899864197,915581120.0,550550912.0,2265151.0
2022-10-11,0.6010000109672546,0.6019999980926514,0.5989999771118164,0.6000000238418579,655482688.0,393957600.0,2265151.0
2022-10-12,0.5979999899864197,0.6019999980926514,0.5950000286102295,0.6010000109672546,1113623040.0,665696384.0,2265151.0
2022-10-13,0.5960000157356262,0.5979999899864197,0.593999981880188,0.5950000286102295,564223552.0,336371680.0,2265151.0
2022-10-14,0.6069999933242798,0.6129999756813049,0.6060000061988831,0.6119999885559082,992790272.0,605570624.0,2265151.0
2022-10-17,0.5960000157356262,0.5989999771118164,0.5929999947547913,0.5979999899864197,1041953280.0,620589504.0,2265151.0
2022-10-18,0.6159999966621399,0.6269999742507935,0.6150000095367432,0.6240000128746033,915158272.0,566939520.0,2265151.0
2022-10-19,0.628000020980835,0.628000020980835,0.621999979019165,0.621999979019165,526527104.0,329176832.0,2265151.0
2022-10-20,0.6129999756813049,0.6150000095367432,0.6100000143051147,0.6140000224113464,823503616.0,504432512.0,2265151.0
2022-10-21,0.6119999885559082,0.6140000224113464,0.6100000143051147,0.6129999756813049,631942784.0,386841376.0,2265151.0
2022-10-24,0.6320000290870667,0.6340000033378601,0.6290000081062317,0.6309999823570251,893591168.0,564568000.0,2265151.0
2022-10-25,0.640999972820282,0.6439999938011169,0.6380000114440918,0.6430000066757202,852982720.0,547481536.0,2265151.0
2022-10-26,0.640999972820282,0.6420000195503235,0.6370000243186951,0.6380000114440918,554308224.0,355022624.0,2265151.0
2022-10-27,0.6330000162124634,0.6340000033378601,0.6309999823570251,0.6320000290870667,525984096.0,332669856.0,2265151.0
2022-10-28,0.621999979019165,0.621999979019165,0.6129999756813049,0.6140000224113464,777359296.0,479675552.0,2265151.0
2022-10-31,0.6399999856948853,0.6439999938011169,0.6380000114440918,0.6439999938011169,734485056.0,471059168.0,2265151.0
2022-11-01,0.6420000195503235,0.6439999938011169,0.6399999856948853,0.6430000066757202,649340736.0,416733024.0,2265151.0
2022-11-02,0.6349999904632568,0.6349999904632568,0.6320000290870667,0.6340000033378601,838488128.0,531017504.0,2265151.0
2022-11-03,0.6129999756813049,0.6150000095367432,0.6119999885559082,0.6140000224113464,1152677632.0,707057216.0,2265151.0
2022-11-04,0.6029999852180481,0.6119999885559082,0.6000000238418579,0.6100000143051147,2365087232.0,1429708544.0,2265151.0
2022-11-07,0.6039999723434448,0.6119999885559082,0.6029999852180481,0.6119999885559082,913436928.0,555488320.0,2265151.0
2022-11-08,0.6150000095367432,0.6159999966621399,0.6110000014305115,0.6129999756813049,1031935168.0,632817216.0,2265151.0
2022-11-09,0.6150000095367432,0.6200000047683716,0.6140000224113464,0.6169999837875366,1078198656.0,665614464.0,2265151.0
2022-11-10,0.6069999933242798,0.6079999804496765,0.6050000190734863,0.6060000061988831,710385216.0,430632608.0,2265151.0
2022-11-11,0.6439999938011169,0.6460000276565552,0.640999972820282,0.6449999809265137,1206858880.0,776062080.0,2265151.0
2022-11-14,0.6470000147819519,0.6470000147819519,0.6399999856948853,0.640999972820282,495044928.0,318191264.0,2265151.0
2022-11-15,0.6380000114440918,0.6460000276565552,0.6380000114440918,0.6439999938011169,794133440.0,510292832.0,2265151.0
2022-11-16,0.6430000066757202,0.652999997138977,0.6430000066757202,0.6510000228881836,1214855808.0,786481280.0,2265151.0
2022-11-17,0.6430000066757202,0.6470000147819519,0.6430000066757202,0.6460000276565552,495630112.0,319533984.0,2265151.0
2022-11-18,0.6449999809265137,0.6470000147819519,0.6420000195503235,0.6420000195503235,602288128.0,388376192.0,2265151.0
2022-11-21,0.6420000195503235,0.6430000066757202,0.6399999856948853,0.6399999856948853,696493184.0,446689184.0,2265151.0
2022-11-22,0.6370000243186951,0.6380000114440918,0.6340000033378601,0.6349999904632568,596047424.0,379160448.0,2265151.0
2022-11-23,0.6420000195503235,0.6439999938011169,0.640999972820282,0.6439999938011169,527437952.0,338784288.0,2265151.0
2022-11-24,0.6520000100135803,0.652999997138977,0.6510000228881836,0.6510000228881836,513129792.0,334483200.0,2265151.0
2022-11-25,0.6549999713897705,0.656000018119812,0.652999997138977,0.6539999842643738,311598016.0,203887584.0,2265151.0
2022-11-28,0.6480000019073486,0.6489999890327454,0.6439999938011169,0.6460000276565552,624812224.0,403958240.0,2265151.0
2022-11-29,0.6430000066757202,0.6449999809265137,0.640999972820282,0.6449999809265137,1004519104.0,645956928.0,2265151.0
2022-11-30,0.6389999985694885,0.6389999985694885,0.6349999904632568,0.6359999775886536,629666624.0,400486272.0,2265151.0
2022-12-01,0.6549999713897705,0.656000018119812,0.6520000100135803,0.656000018119812,1050018624.0,687046528.0,2265151.0
2022-12-02,0.6510000228881836,0.6539999842643738,0.6510000228881836,0.6510000228881836,449228960.0,293000064.0,2265151.0
2022-12-05,0.6449999809265137,0.6460000276565552,0.6430000066757202,0.6439999938011169,656292608.0,422663456.0,2265151.0
2022-12-06,0.6349999904632568,0.6359999775886536,0.6340000033378601,0.6349999904632568,651151680.0,413422176.0,2265151.0
2022-12-07,0.625,0.628000020980835,0.6230000257492065,0.628000020980835,762728000.0,477682432.0,2265151.0
2022-12-08,0.625,0.6269999742507935,0.6240000128746033,0.6259999871253967,615540160.0,384848192.0,2265151.0
2022-12-09,0.6299999952316284,0.6309999823570251,0.6269999742507935,0.6290000081062317,562027456.0,353202432.0,2265151.0
2022-12-12,0.6230000257492065,0.6240000128746033,0.621999979019165,0.6240000128746033,487509664.0,303645312.0,2265151.0
2022-12-13,0.6309999823570251,0.6340000033378601,0.6290000081062317,0.6340000033378601,591171456.0,373236416.0,2265151.0
2022-12-14,0.6380000114440918,0.640999972820282,0.6380000114440918,0.6399999856948853,528547776.0,337821024.0,2265151.0
2022-12-15,0.6349999904632568,0.6359999775886536,0.6290000081062317,0.6290000081062317,587952832.0,371733856.0,2265151.0
2022-12-16,0.6119999885559082,0.6159999966621399,0.6110000014305115,0.6150000095367432,1012071360.0,621183232.0,2265151.0
2022-12-19,0.6110000014305115,0.6140000224113464,0.6100000143051147,0.6129999756813049,603906624.0,369557696.0,2265151.0
2022-12-20,0.6079999804496765,0.609000027179718,0.6029999852180481,0.6050000190734863,709409600.0,430218304.0,2265151.0
2022-12-21,0.6069999933242798,0.6129999756813049,0.6069999933242798,0.6119999885559082,691401472.0,421669824.0,2265151.0
2022-12-22,0.6169999837875366,0.6179999709129333,0.6119999885559082,0.6119999885559082,530309504.0,325650912.0,2265151.0
2022-12-23,0.6019999980926514,0.6069999933242798,0.6000000238418579,0.6069999933242798,621312576.0,375215264.0,2265151.0
2022-12-26,0.6079999804496765,0.609000027179718,0.6019999980926514,0.6039999723434448,311578304.0,188220112.0,2265151.0
2022-12-27,0.6060000061988831,0.6119999885559082,0.6060000061988831,0.6110000014305115,412927072.0,251714208.0,2265151.0
2022-12-28,0.6019999980926514,0.6050000190734863,0.6000000238418579,0.6000000238418579,557025600.0,335019232.0,2265151.0
2022-12-29,0.5950000286102295,0.6000000238418579,0.593999981880188,0.5989999771118164,509002880.0,303715936.0,2265151.0
2022-12-30,0.6039999723434448,0.6060000061988831,0.5989999771118164,0.6000000238418579,1001278400.0,603508992.0,2265151.0
2023-01-03,0.5989999771118164,0.6019999980926514,0.5960000157356262,0.6000000238418579,966495744.0,578145984.0,2265151.0
2023-01-04,0.597000002861023,0.6000000238418579,0.5950000286102295,0.597000002861023,941031488.0,561711680.0,2265151.0
2023-01-05,0.5979999899864197,0.6000000238418579,0.5960000157356262,0.5989999771118164,894666240.0,534662624.0,2265151.0
2023-01-06,0.593999981880188,0.5979999899864197,0.593999981880188,0.5950000286102295,799469056.0,476209184.0,2265151.0
2023-01-09,0.6010000109672546,0.6050000190734863,0.5989999771118164,0.6039999723434448,740728512.0,446028704.0,2265151.0
2023-01-10,0.6029999852180481,0.6039999723434448,0.6010000109672546,0.6019999980926514,458889088.0,276493024.0,2265151.0
2023-01-11,0.6060000061988831,0.609000027179718,0.6039999723434448,0.6069999933242798,611012992.0,370725632.0,2265151.0
2023-01-12,0.6150000095367432,0.6179999709129333,0.6140000224113464,0.6179999709129333,700336000.0,431453728.0,2265151.0
2023-01-13,0.6179999709129333,0.6179999709129333,0.6119999885559082,0.6129999756813049,651829824.0,400554784.0,2265151.0
2023-01-16,0.6150000095367432,0.6159999966621399,0.6119999885559082,0.6140000224113464,766154112.0,470158368.0,2265151.0
2023-01-17,0.6140000224113464,0.6169999837875366,0.6129999756813049,0.6159999966621399,485441120.0,298555392.0,2265151.0
2023-01-18,0.6159999966621399,0.621999979019165,0.6140000224113464,0.6190000176429749,730652608.0,451439488.0,2265151.0
2023-01-19,0.6119999885559082,0.6129999756813049,0.6100000143051147,0.6100000143051147,531769408.0,325308960.0,2265151.0
2023-01-20,0.6079999804496765,0.6150000095367432,0.6060000061988831,0.6150000095367432,606138112.0,369578432.0,2265151.0
2023-01-30,0.6349999904632568,0.6389999985694885,0.6340000033378601,0.6349999904632568,1121321856.0,714230912.0,2265151.0
2023-01-31,0.6269999742507935,0.6299999952316284,0.6240000128746033,0.6240000128746033,494215424.0,309982816.0,2265151.0
2023-02-01,0.6320000290870667,0.6359999775886536,0.6309999823570251,0.6340000033378601,620613696.0,392983936.0,2265151.0
2023-02-02,0.6470000147819519,0.6510000228881836,0.6460000276565552,0.6489999890327454,974060160.0,631333568.0,2265151.0
2023-02-03,0.6579999923706055,0.6589999794960022,0.6549999713897705,0.656000018119812,945120384.0,620967232.0,2265151.0
2023-02-06,0.6570000052452087,0.6579999923706055,0.6520000100135803,0.6539999842643738,842624448.0,552116096.0,2265151.0
2023-02-07,0.6549999713897705,0.656000018119812,0.6539999842643738,0.6549999713897705,538248192.0,352595232.0,2265151.0
2023-02-08,0.6650000214576721,0.6660000085830688,0.6639999747276306,0.6660000085830688,653854848.0,434748032.0,2265151.0
2023-02-09,0.656000018119812,0.6589999794960022,0.656000018119812,0.6579999923706055,853204288.0,560946112.0,2265151.0
2023-02-10,0.6510000228881836,0.6510000228881836,0.6470000147819519,0.6480000019073486,595144256.0,385997504.0,2265151.0
2023-02-13,0.6449999809265137,0.6460000276565552,0.6430000066757202,0.6460000276565552,503137856.0,324493152.0,2265151.0
2023-02-14,0.6549999713897705,0.656000018119812,0.652999997138977,0.6549999713897705,860230144.0,563323328.0,2265151.0
2023-02-15,0.6589999794960022,0.6589999794960022,0.6570000052452087,0.6570000052452087,564784768.0,371567648.0,2265151.0
2023-02-16,0.6690000295639038,0.671999990940094,0.6679999828338623,0.6710000038146973,638294656.0,427980480.0,2265151.0
2023-02-17,0.6570000052452087,0.6570000052452087,0.652999997138977,0.6539999842643738,579306816.0,379524832.0,2265151.0
2023-02-20,0.6520000100135803,0.6539999842643738,0.6510000228881836,0.6539999842643738,729057024.0,475811040.0,2265151.0
2023-02-21,0.6510000228881836,0.6520000100135803,0.6499999761581421,0.6520000100135803,655909312.0,426926720.0,2265151.0
2023-02-22,0.640999972820282,0.6430000066757202,0.6399999856948853,0.640999972820282,671461376.0,430533344.0,2265151.0
2023-02-23,0.6439999938011169,0.6460000276565552,0.6439999938011169,0.6449999809265137,604347520.0,389695392.0,2265151.0
2023-02-24,0.6470000147819519,0.6480000019073486,0.6460000276565552,0.6470000147819519,441183936.0,285393536.0,2265151.0
2023-02-27,0.6420000195503235,0.6439999938011169,0.640999972820282,0.6420000195503235,361477312.0,232175712.0,2265151.0
2023-02-28,0.6460000276565552,0.6470000147819519,0.6439999938011169,0.6439999938011169,380251104.0,245353648.0,2265151.0
2023-03-01,0.6399999856948853,0.6430000066757202,0.6389999985694885,0.6420000195503235,862464768.0,552681536.0,2265151.0
2023-03-02,0.6359999775886536,0.6370000243186951,0.6299999952316284,0.6309999823570251,874122752.0,552950528.0,2265151.0
2023-03-03,0.6380000114440918,0.6389999985694885,0.6359999775886536,0.6389999985694885,729594496.0,465220256.0,2265151.0
2023-03-06,0.6510000228881836,0.656000018119812,0.6499999761581421,0.6549999713897705,1211233536.0,790053888.0,2265151.0
2023-03-07,0.6570000052452087,0.6579999923706055,0.656000018119812,0.656000018119812,516424608.0,339163296.0,2265151.0
2023-03-08,0.6510000228881836,0.6520000100135803,0.6489999890327454,0.6499999761581421,565214720.0,367539520.0,2265151.0
2023-03-09,0.6520000100135803,0.6539999842643738,0.6510000228881836,0.652999997138977,299971808.0,195711648.0,2265151.0
2023-03-10,0.6389999985694885,0.640999972820282,0.6370000243186951,0.6380000114440918,668751296.0,427484864.0,2265151.0
2023-03-13,0.6340000033378601,0.640999972820282,0.6340000033378601,0.6399999856948853,1348387456.0,859228480.0,2265151.0
2023-03-14,0.6349999904632568,0.6359999775886536,0.6290000081062317,0.6309999823570251,1009179328.0,638240640.0,2265151.0
2023-03-15,0.6449999809265137,0.6470000147819519,0.6439999938011169,0.6460000276565552,784005568.0,505951744.0,2265151.0
2023-03-16,0.6499999761581421,0.6520000100135803,0.6480000019073486,0.6489999890327454,514414912.0,334643808.0,2265151.0
2023-03-17,0.6650000214576721,0.6660000085830688,0.6629999876022339,0.6660000085830688,570373760.0,379086912.0,2265151.0
2023-03-20,0.6639999747276306,0.6650000214576721,0.656000018119812,0.6570000052452087,929493184.0,615821504.0,2265151.0
2023-03-21,0.6629999876022339,0.6639999747276306,0.6620000004768372,0.6629999876022339,358220352.0,237521072.0,2265151.0
2023-03-22,0.671999990940094,0.6759999990463257,0.671999990940094,0.675000011920929,721584384.0,486016864.0,2265151.0
2023-03-23,0.6639999747276306,0.6669999957084656,0.6639999747276306,0.6669999957084656,1022467712.0,680278720.0,2265151.0
2023-03-24,0.6700000166893005,0.6740000247955322,0.6669999957084656,0.671999990940094,873973824.0,586169920.0,2265151.0
2023-03-27,0.6759999990463257,0.6809999942779541,0.6759999990463257,0.6800000071525574,554259520.0,375980256.0,2265151.0
2023-03-28,0.6740000247955322,0.6759999990463257,0.671999990940094,0.675000011920929,457456320.0,308241024.0,2265151.0
2023-03-29,0.6729999780654907,0.6759999990463257,0.6729999780654907,0.675000011920929,278077184.0,187543216.0,2265151.0
2023-03-30,0.6830000281333923,0.6840000152587891,0.6800000071525574,0.6809999942779541,670025024.0,456841152.0,2265151.0
2023-03-31,0.6880000233650208,0.6880000233650208,0.6840000152587891,0.6840000152587891,554939200.0,381030976.0,2265151.0
2023-04-03,0.6930000185966492,0.6949999928474426,0.6930000185966492,0.6930000185966492,407340576.0,282647104.0,2265151.0
2023-04-04,0.6949999928474426,0.6959999799728394,0.6930000185966492,0.6959999799728394,446781504.0,310183552.0,2265151.0
2023-04-06,0.6840000152587891,0.6850000023841858,0.6819999814033508,0.6830000281333923,680416000.0,464911392.0,2265151.0
2023-04-07,0.6899999976158142,0.6899999976158142,0.6880000233650208,0.6890000104904175,322172128.0,222015648.0,2265151.0
2023-04-10,0.6880000233650208,0.6890000104904175,0.6859999895095825,0.6859999895095825,447473088.0,307644640.0,2265151.0
2023-04-11,0.6899999976158142,0.6899999976158142,0.6880000233650208,0.6890000104904175,301633568.0,207847904.0,2265151.0
2023-04-12,0.6859999895095825,0.6859999895095825,0.6840000152587891,0.6850000023841858,270622304.0,185343504.0,2265151.0
2023-04-13,0.6779999732971191,0.6809999942779541,0.6769999861717224,0.6800000071525574,386436448.0,262251120.0,2265151.0
2023-04-14,0.6899999976158142,0.6899999976158142,0.6859999895095825,0.6859999895095825,304566560.0,209322016.0,2265151.0
2023-04-17,0.6890000104904175,0.6899999976158142,0.6880000233650208,0.6890000104904175,387121664.0,266741264.0,2265151.0
2023-04-18,0.6880000233650208,0.6899999976158142,0.6869999766349792,0.6880000233650208,240408976.0,165505392.0,2265151.0
2023-04-19,0.6890000104904175,0.6890000104904175,0.6859999895095825,0.6869999766349792,264654592.0,182044416.0,2265151.0
2023-04-20,0.6880000233650208,0.6890000104904175,0.6859999895095825,0.6869999766349792,347722400.0,239113024.0,2265151.0
2023-04-21,0.6850000023841858,0.6859999895095825,0.6840000152587891,0.6840000152587891,284040288.0,194557008.0,2265151.0
2023-04-24,0.6840000152587891,0.6859999895095825,0.6819999814033508,0.6819999814033508,401765312.0,274649760.0,2265151.0
2023-04-25,0.6840000152587891,0.6840000152587891,0.6819999814033508,0.6830000281333923,386140576.0,263631888.0,2265151.0
2023-04-26,0.6830000281333923,0.6840000152587891,0.6809999942779541,0.6819999814033508,507779584.0,346601344.0,2265151.0
2023-04-27,0.6819999814033508,0.6840000152587891,0.6809999942779541,0.6830000281333923,232508800.0,158650880.0,2265151.0
2023-04-28,0.6959999799728394,0.6959999799728394,0.6940000057220459,0.6949999928474426,300017024.0,208568576.0,2265151.0
2023-05-04,0.6899999976158142,0.6930000185966492,0.6890000104904175,0.6909999847412109,292183616.0,201747984.0,2265151.0
2023-05-05,0.6890000104904175,0.6899999976158142,0.6880000233650208,0.6890000104904175,157182992.0,108324024.0,2265151.0
2023-05-08,0.699999988079071,0.7009999752044678,0.6990000009536743,0.699999988079071,461416000.0,322989024.0,2265151.0
2023-05-09,0.7009999752044678,0.703000009059906,0.7009999752044678,0.7009999752044678,316836608.0,222400896.0,2265151.0
2023-05-10,0.6990000009536743,0.7009999752044678,0.6980000138282776,0.7009999752044678,227510048.0,159188272.0,2265151.0
2023-05-11,0.7089999914169312,0.7110000252723694,0.7089999914169312,0.7099999785423279,233970560.0,166064560.0,2265151.0
2023-05-12,0.7149999737739563,0.7149999737739563,0.7120000123977661,0.7120000123977661,355443008.0,253557456.0,2265151.0
2023-05-15,0.7089999914169312,0.7120000123977661,0.7080000042915344,0.7110000252723694,284135008.0,201827184.0,2265151.0
2023-05-16,0.7139999866485596,0.7149999737739563,0.7129999995231628,0.7139999866485596,288265408.0,205767440.0,2265151.0
2023-05-17,0.7200000286102295,0.7210000157356262,0.718999981880188,0.718999981880188,387440640.0,278851488.0,2265151.0
2023-05-18,0.7279999852180481,0.7310000061988831,0.7269999980926514,0.7289999723434448,467811296.0,341028096.0,2265151.0
2023-05-19,0.7480000257492065,0.7509999871253967,0.746999979019165,0.7490000128746033,1000179264.0,749523264.0,2265151.0
2023-05-22,0.7450000047683716,0.7459999918937683,0.7429999709129333,0.7450000047683716,358685792.0,266984800.0,2265151.0
2023-05-23,0.7509999871253967,0.753000020980835,0.7490000128746033,0.7490000128746033,636792512.0,478339136.0,2265151.0
2023-05-24,0.7419999837875366,0.7419999837875366,0.7369999885559082,0.7379999756813049,538887104.0,398743200.0,2265151.0
2023-05-25,0.7459999918937683,0.7490000128746033,0.7450000047683716,0.7490000128746033,763870016.0,570301056.0,2265151.0
2023-05-26,0.7549999952316284,0.7559999823570251,0.7509999871253967,0.7519999742507935,399719200.0,301023168.0,2265151.0
2023-05-29,0.7770000100135803,0.7789999842643738,0.7749999761581421,0.7789999842643738,657711872.0,511085568.0,2265151.0
2023-05-30,0.7770000100135803,0.7820000052452087,0.7760000228881836,0.7799999713897705,718234752.0,559763456.0,2265151.0
2023-05-31,0.7789999842643738,0.7820000052452087,0.7760000228881836,0.7770000100135803,488562240.0,380562368.0,2265151.0
2023-06-01,0.7749999761581421,0.7770000100135803,0.7720000147819519,0.7760000228881836,667007488.0,516553248.0,2265151.0
2023-06-02,0.7850000262260437,0.7860000133514404,0.7829999923706055,0.7860000133514404,586584384.0,460404384.0,2265151.0
2023-06-05,0.7889999747276306,0.7910000085830688,0.7870000004768372,0.7900000214576721,715881920.0,564688576.0,2265151.0
2023-06-06,0.7919999957084656,0.7929999828338623,0.7900000214576721,0.7910000085830688,491731904.0,389341056.0,2265151.0
2023-06-07,0.7919999957084656,0.7940000295639038,0.7910000085830688,0.7940000295639038,283751584.0,224904048.0,2265151.0
2023-06-08,0.7820000052452087,0.7829999923706055,0.7760000228881836,0.7760000228881836,1045462528.0,814725056.0,2265151.0
2023-06-09,0.7879999876022339,0.7900000214576721,0.7870000004768372,0.7889999747276306,638251712.0,503100704.0,2265151.0
2023-06-12,0.7950000166893005,0.7979999780654907,0.7950000166893005,0.7979999780654907,563916928.0,449162592.0,2265151.0
2023-06-13,0.8109999895095825,0.8169999718666077,0.8100000023841858,0.8159999847412109,905804992.0,737050560.0,2265151.0
2023-06-14,0.8180000185966492,0.8199999928474426,0.8159999847412109,0.8169999718666077,626595008.0,512576864.0,2265151.0
2023-06-15,0.8240000009536743,0.8259999752044678,0.8209999799728394,0.8220000267028809,708917824.0,584112576.0,2265151.0
2023-06-16,0.828000009059906,0.8299999833106995,0.8259999752044678,0.8299999833106995,637477568.0,528251552.0,2265151.0
2023-06-19,0.8259999752044678,0.8270000219345093,0.824999988079071,0.8259999752044678,417555104.0,344866144.0,2265151.0
2023-06-20,0.8270000219345093,0.828000009059906,0.8240000009536743,0.824999988079071,349491584.0,288628608.0,2265151.0
2023-06-21,0.8289999961853027,0.8309999704360962,0.828000009059906,0.828000009059906,421320512.0,349475104.0,2265151.0
2023-06-26,0.8230000138282776,0.8240000009536743,0.8220000267028809,0.8220000267028809,697211072.0,573473792.0,2265151.0
2023-06-27,0.8119999766349792,0.8119999766349792,0.8090000152587891,0.8109999895095825,923881728.0,748819008.0,2265151.0
2023-06-28,0.8209999799728394,0.8230000138282776,0.8199999928474426,0.8220000267028809,526053472.0,432115424.0,2265151.0
2023-06-29,0.8289999961853027,0.8299999833106995,0.828000009059906,0.828000009059906,302353408.0,250687296.0,2265151.0
2023-06-30,0.8289999961853027,0.8299999833106995,0.828000009059906,0.828000009059906,463196512.0,383945888.0,2265151.0
2023-07-03,0.8399999737739563,0.8429999947547913,0.8389999866485596,0.8429999947547913,701312768.0,589658752.0,2265151.0
2023-07-04,0.8399999737739563,0.8410000205039978,0.8360000252723694,0.8370000123977661,574122304.0,481981376.0,2265151.0
2023-07-05,0.8379999995231628,0.8399999737739563,0.8370000123977661,0.8379999995231628,421182016.0,353278944.0,2265151.0
2023-07-06,0.8410000205039978,0.8420000076293945,0.8379999995231628,0.8389999866485596,459754144.0,386029312.0,2265151.0
2023-07-07,0.8349999785423279,0.8360000252723694,0.8339999914169312,0.8349999785423279,441708096.0,368815520.0,2265151.0
2023-07-10,0.8299999833106995,0.8309999704360962,0.8270000219345093,0.828000009059906,626398016.0,519026592.0,2265151.0
2023-07-11,0.8309999704360962,0.8330000042915344,0.8289999961853027,0.8320000171661377,379935008.0,315898304.0,2265151.0
2023-07-12,0.8339999914169312,0.8349999785423279,0.8320000171661377,0.8330000042915344,200142896.0,166701856.0,2265151.0
2023-07-13,0.8410000205039978,0.847000002861023,0.8399999737739563,0.847000002861023,642026368.0,541679680.0,2265151.0
2023-07-14,0.8550000190734863,0.8560000061988831,0.8500000238418579,0.8500000238418579,577994688.0,492886272.0,2265151.0
2023-07-17,0.8500000238418579,0.8550000190734863,0.8500000238418579,0.8539999723434448,398241440.0,339425856.0,2265151.0
2023-07-18,0.8610000014305115,0.8640000224113464,0.8600000143051147,0.8629999756813049,481387488.0,414961056.0,2265151.0
2023-07-19,0.871999979019165,0.8769999742507935,0.871999979019165,0.8759999871253967,843553472.0,738386112.0,2265151.0
2023-07-20,0.8700000047683716,0.8709999918937683,0.8650000095367432,0.8650000095367432,784362368.0,681491520.0,2265151.0
2023-07-21,0.8489999771118164,0.8529999852180481,0.8479999899864197,0.8510000109672546,1108210048.0,942338304.0,2265151.0
2023-07-24,0.8489999771118164,0.8539999723434448,0.8479999899864197,0.8529999852180481,660840768.0,562804544.0,2265151.0
2023-07-25,0.8519999980926514,0.8529999852180481,0.8489999771118164,0.8519999980926514,541443648.0,460732544.0,2265151.0
2023-07-26,0.8550000190734863,0.8560000061988831,0.8529999852180481,0.8539999723434448,504262912.0,430703232.0,2265151.0
2023-07-27,0.8550000190734863,0.8619999885559082,0.8539999723434448,0.8610000014305115,862218880.0,739297600.0,2265151.0
2023-07-28,0.8560000061988831,0.8600000143051147,0.8550000190734863,0.8579999804496765,861956736.0,739038144.0,2265151.0
2023-07-31,0.8669999837875366,0.8690000176429749,0.8610000014305115,0.8669999837875366,1071341760.0,926550912.0,2265151.0
2023-08-01,0.8690000176429749,0.8709999918937683,0.8690000176429749,0.8690000176429749,377758496.0,328623776.0,2265151.0
2023-08-02,0.8659999966621399,0.8669999837875366,0.8569999933242798,0.8569999933242798,893096128.0,769297664.0,2265151.0
2023-08-03,0.847000002861023,0.847000002861023,0.8429999947547913,0.8429999947547913,884494784.0,747844736.0,2265151.0
2023-08-04,0.8450000286102295,0.8510000109672546,0.843999981880188,0.8500000238418579,802950208.0,680430464.0,2265151.0
2023-08-07,0.843999981880188,0.8450000286102295,0.8420000076293945,0.8429999947547913,610238720.0,514528352.0,2265151.0
2023-08-08,0.847000002861023,0.8479999899864197,0.843999981880188,0.843999981880188,455744608.0,385660192.0,2265151.0
2023-08-09,0.843999981880188,0.843999981880188,0.8410000205039978,0.8429999947547913,476955904.0,401596608.0,2265151.0
2023-08-10,0.8339999914169312,0.8349999785423279,0.8320000171661377,0.8349999785423279,690832512.0,575957696.0,2265151.0
2023-08-11,0.8360000252723694,0.8379999995231628,0.8330000042915344,0.8370000123977661,620193408.0,518205312.0,2265151.0
2023-08-14,0.8320000171661377,0.8330000042915344,0.828000009059906,0.8320000171661377,798838400.0,663262272.0,2265151.0
2023-08-15,0.843999981880188,0.8489999771118164,0.843999981880188,0.8460000157356262,1104439168.0,935531264.0,2265151.0
2023-08-16,0.8389999866485596,0.8389999866485596,0.8360000252723694,0.8370000123977661,763373504.0,639257280.0,2265151.0
2023-08-17,0.828000009059906,0.8309999704360962,0.8270000219345093,0.8309999704360962,1180312448.0,978258624.0,2265151.0
2023-08-18,0.8169999718666077,0.8180000185966492,0.8140000104904175,0.8169999718666077,967812736.0,789901568.0,2265151.0
2023-08-21,0.8180000185966492,0.8209999799728394,0.8180000185966492,0.8190000057220459,433347296.0,355005760.0,2265151.0
2023-08-22,0.828000009059906,0.8320000171661377,0.8259999752044678,0.8320000171661377,612441472.0,507768800.0,2265151.0
2023-08-23,0.8320000171661377,0.8339999914169312,0.8309999704360962,0.8320000171661377,708303680.0,589868288.0,2265151.0
2023-08-24,0.8500000238418579,0.8550000190734863,0.8489999771118164,0.8550000190734863,1164471296.0,992587264.0,2265151.0
2023-08-25,0.8259999752044678,0.8259999752044678,0.8209999799728394,0.8220000267028809,1062343680.0,874748864.0,2265151.0
2023-08-28,0.8289999961853027,0.8339999914169312,0.8289999961853027,0.8339999914169312,456277184.0,379435808.0,2265151.0
2023-08-29,0.8410000205039978,0.8410000205039978,0.8379999995231628,0.8399999737739563,444804928.0,373444576.0,2265151.0
2023-08-30,0.8579999804496765,0.859000027179718,0.8569999933242798,0.8569999933242798,566357568.0,486126784.0,2265151.0
2023-08-31,0.8610000014305115,0.8640000224113464,0.8600000143051147,0.8600000143051147,660017088.0,568825152.0,2265151.0
2023-09-01,0.859000027179718,0.8610000014305115,0.8579999804496765,0.8600000143051147,460041504.0,395503872.0,2265151.0
2023-09-04,0.8600000143051147,0.8629999756813049,0.859000027179718,0.8629999756813049,449061408.0,386551840.0,2265151.0
2023-09-05,0.8610000014305115,0.8629999756813049,0.8610000014305115,0.8619999885559082,316905056.0,273136768.0,2265151.0
2023-09-06,0.8659999966621399,0.8659999966621399,0.8619999885559082,0.8629999756813049,409540416.0,354050816.0,2265151.0
2023-09-07,0.8579999804496765,0.859000027179718,0.8560000061988831,0.8569999933242798,655801216.0,562436736.0,2265151.0
2023-09-08,0.8539999723434448,0.8600000143051147,0.8539999723434448,0.859000027179718,667622784.0,571882112.0,2265151.0
2023-09-11,0.8569999933242798,0.8579999804496765,0.8529999852180481,0.8550000190734863,839965504.0,718295680.0,2265151.0
2023-09-12,0.8600000143051147,0.8610000014305115,0.859000027179718,0.8600000143051147,459292000.0,394990112.0,2265151.0
2023-09-13,0.8510000109672546,0.8510000109672546,0.8479999899864197,0.8510000109672546,774701824.0,658269888.0,2265151.0
2023-09-14,0.8550000190734863,0.8579999804496765,0.8539999723434448,0.8560000061988831,540783424.0,462918176.0,2265151.0
2023-09-15,0.8619999885559082,0.8629999756813049,0.859000027179718,0.8619999885559082,673308800.0,579840000.0,2265151.0
2023-09-18,0.847000002861023,0.8489999771118164,0.8460000157356262,0.8479999899864197,386564992.0,327737856.0,2265151.0
2023-09-19,0.8500000238418579,0.8500000238418579,0.8460000157356262,0.847000002861023,318691712.0,270248928.0,2265151.0
2023-09-20,0.8460000157356262,0.8479999899864197,0.8450000286102295,0.847000002861023,501916192.0,424688384.0,2265151.0
2023-09-21,0.8330000042915344,0.8330000042915344,0.8299999833106995,0.8320000171661377,937242112.0,779127424.0,2265151.0
2023-09-22,0.8180000185966492,0.8240000009536743,0.8169999718666077,0.8240000009536743,853530560.0,700324416.0,2265151.0
2023-09-25,0.8209999799728394,0.8259999752044678,0.8209999799728394,0.8240000009536743,608700224.0,501484960.0,2265151.0
2023-09-26,0.8230000138282776,0.8240000009536743,0.8169999718666077,0.8169999718666077,562030080.0,461041088.0,2265151.0
2023-09-27,0.8119999766349792,0.8159999847412109,0.8119999766349792,0.8159999847412109,582472320.0,473782816.0,2265151.0
2023-09-28,0.8190000057220459,0.8190000057220459,0.8130000233650208,0.8140000104904175,741495680.0,604815872.0,2265151.0
2023-10-09,0.828000009059906,0.8289999961853027,0.8240000009536743,0.8259999752044678,855356096.0,707013696.0,2265151.0
2023-10-10,0.8370000123977661,0.8389999866485596,0.8360000252723694,0.8389999866485596,509155808.0,426599776.0,2265151.0
2023-10-11,0.8429999947547913,0.8479999899864197,0.8420000076293945,0.847000002861023,502388320.0,424676544.0,2265151.0
2023-10-12,0.8539999723434448,0.8550000190734863,0.8510000109672546,0.8519999980926514,455057696.0,388068288.0,2265151.0
2023-10-13,0.8479999899864197,0.8489999771118164,0.8450000286102295,0.847000002861023,439423616.0,372273568.0,2265151.0
2023-10-16,0.8399999737739563,0.8399999737739563,0.8360000252723694,0.8389999866485596,500537088.0,419632928.0,2265151.0
2023-10-17,0.8460000157356262,0.847000002861023,0.843999981880188,0.8450000286102295,477866496.0,403903872.0,2265151.0
2023-10-18,0.8420000076293945,0.8429999947547913,0.8399999737739563,0.8399999737739563,406648896.0,342126112.0,2265151.0
2023-10-19,0.8320000171661377,0.8330000042915344,0.828000009059906,0.8289999961853027,703909632.0,584414336.0,2265151.0
2023-10-20,0.8199999928474426,0.8220000267028809,0.8180000185966492,0.8199999928474426,944193280.0,774130112.0,2265151.0
2023-10-23,0.8130000233650208,0.8149999976158142,0.8119999766349792,0.8140000104904175,807940416.0,656780672.0,2265151.0
2023-10-24,0.8149999976158142,0.8190000057220459,0.8130000233650208,0.8190000057220459,797976896.0,651443136.0,2265151.0
2023-10-25,0.8199999928474426,0.8209999799728394,0.8169999718666077,0.8169999718666077,483250112.0,395829120.0,2265151.0
2023-10-26,0.7940000295639038,0.7950000166893005,0.7910000085830688,0.7919999957084656,1428446848.0,1131958656.0,2265151.0
2023-10-27,0.7900000214576721,0.7960000038146973,0.7900000214576721,0.7950000166893005,1284925824.0,1019451072.0,2265151.0
2023-10-30,0.7950000166893005,0.7960000038146973,0.7940000295639038,0.7950000166893005,586859072.0,466491488.0,2265151.0
2023-10-31,0.796999990940094,0.7979999780654907,0.7929999828338623,0.7940000295639038,508351296.0,404244704.0,2265151.0
2023-11-01,0.800000011920929,0.8059999942779541,0.7990000247955322,0.8059999942779541,767966912.0,616686336.0,2265151.0
2023-11-02,0.8220000267028809,0.8240000009536743,0.8199999928474426,0.8220000267028809,679161280.0,558536000.0,2265151.0
2023-11-03,0.8309999704360962,0.8309999704360962,0.828000009059906,0.8289999961853027,496061216.0,411520896.0,2265151.0
2023-11-06,0.8379999995231628,0.8389999866485596,0.8370000123977661,0.8379999995231628,445462752.0,373338304.0,2265151.0
2023-11-07,0.8389999866485596,0.8399999737739563,0.8379999995231628,0.8379999995231628,568726848.0,477156288.0,2265151.0
2023-11-08,0.847000002861023,0.8479999899864197,0.8460000157356262,0.847000002861023,343615200.0,291127840.0,2265151.0
2023-11-09,0.8479999899864197,0.8519999980926514,0.8479999899864197,0.8519999980926514,317275168.0,269697568.0,2265151.0
2023-11-10,0.843999981880188,0.843999981880188,0.8420000076293945,0.8420000076293945,676866816.0,570558016.0,2265151.0
2023-11-13,0.8600000143051147,0.8610000014305115,0.859000027179718,0.8600000143051147,418818496.0,360186848.0,2265151.0
2023-11-14,0.8610000014305115,0.8650000095367432,0.8600000143051147,0.8619999885559082,449840096.0,388139488.0,2265151.0
2023-11-15,0.878000020980835,0.8790000081062317,0.8759999871253967,0.8759999871253967,501603488.0,440248416.0,2265151.0
2023-11-16,0.875,0.875,0.871999979019165,0.8730000257492065,372223904.0,325128448.0,2265151.0
2023-11-17,0.8740000128746033,0.8769999742507935,0.8740000128746033,0.8759999871253967,299502560.0,262242464.0,2265151.0
2023-11-20,0.8709999918937683,0.871999979019165,0.8629999756813049,0.8629999756813049,633007104.0,548490432.0,2265151.0
2023-11-21,0.875,0.875,0.8730000257492065,0.8730000257492065,491487712.0,429526560.0,2265151.0
2023-11-22,0.8650000095367432,0.8669999837875366,0.8650000095367432,0.8659999966621399,412250752.0,357032032.0,2265151.0
2023-11-23,0.8730000257492065,0.8740000128746033,0.8709999918937683,0.871999979019165,259015552.0,225987216.0,2265151.0
2023-11-24,0.871999979019165,0.8740000128746033,0.871999979019165,0.8730000257492065,212302800.0,185295408.0,2265151.0
2023-11-27,0.8690000176429749,0.8700000047683716,0.8659999966621399,0.8679999709129333,347997248.0,301993600.0,2265151.0
2023-11-28,0.8700000047683716,0.8709999918937683,0.8690000176429749,0.8709999918937683,248343824.0,216111408.0,2265151.0
2023-11-29,0.8700000047683716,0.871999979019165,0.8700000047683716,0.871999979019165,342387712.0,298254688.0,2265151.0
2023-11-30,0.8730000257492065,0.8730000257492065,0.8700000047683716,0.8709999918937683,577049216.0,503117376.0,2265151.0
2023-12-01,0.8659999966621399,0.8669999837875366,0.8650000095367432,0.8659999966621399,348770912.0,302121664.0,2265151.0
2023-12-04,0.8669999837875366,0.8679999709129333,0.8659999966621399,0.8669999837875366,307099104.0,266251760.0,2265151.0
2023-12-05,0.8610000014305115,0.8610000014305115,0.8569999933242798,0.8569999933242798,485593504.0,417113856.0,2265151.0
2023-12-06,0.8690000176429749,0.8700000047683716,0.8679999709129333,0.8690000176429749,267032704.0,232080112.0,2265151.0
2023-12-07,0.8610000014305115,0.8619999885559082,0.8600000143051147,0.8610000014305115,255509712.0,220027648.0,2265151.0
2023-12-08,0.871999979019165,0.8740000128746033,0.8709999918937683,0.8740000128746033,363224544.0,317100224.0,2265151.0
2023-12-11,0.8799999952316284,0.8820000290870667,0.8790000081062317,0.8809999823570251,458656704.0,403772992.0,2265151.0
2023-12-12,0.890999972820282,0.8920000195503235,0.8889999985694885,0.8899999856948853,648666560.0,577734336.0,2265151.0
2023-12-13,0.8980000019073486,0.8999999761581421,0.8970000147819519,0.8999999761581421,501952800.0,451130976.0,2265151.0
2023-12-14,0.9089999794960022,0.9110000133514404,0.9079999923706055,0.9110000133514404,549901056.0,500173664.0,2265151.0
2023-12-15,0.9020000100135803,0.9020000100135803,0.8989999890327454,0.8999999761581421,527715008.0,475272672.0,2265151.0
2023-12-18,0.9049999713897705,0.9079999923706055,0.9039999842643738,0.906000018119812,460337408.0,417009440.0,2265151.0
2023-12-19,0.9110000133514404,0.9120000004768372,0.9100000262260437,0.9110000133514404,401159808.0,365507360.0,2265151.0
2023-12-20,0.9150000214576721,0.9150000214576721,0.9129999876022339,0.9139999747276306,457215296.0,418006176.0,2265151.0
2023-12-21,0.902999997138977,0.9049999713897705,0.9010000228881836,0.9020000100135803,1445699584.0,1304867328.0,2265151.0
2023-12-22,0.9079999923706055,0.9079999923706055,0.9049999713897705,0.9070000052452087,847818432.0,768755328.0,2265151.0
2023-12-25,0.9089999794960022,0.9100000262260437,0.9070000052452087,0.9079999923706055,268923776.0,244323056.0,2265151.0
2023-12-26,0.9110000133514404,0.9150000214576721,0.9100000262260437,0.9139999747276306,505600320.0,461682688.0,2265151.0
2023-12-27,0.9169999957084656,0.9179999828338623,0.9160000085830688,0.9179999828338623,582529408.0,534187648.0,2265151.0
2023-12-28,0.9190000295639038,0.9200000166893005,0.9139999747276306,0.9150000214576721,534158112.0,489627552.0,2265151.0
2023-12-29,0.9120000004768372,0.9139999747276306,0.9100000262260437,0.9139999747276306,406623008.0,370696384.0,2265151.0
2024-01-02,0.9110000133514404,0.9120000004768372,0.9100000262260437,0.9110000133514404,388688064.0,354163744.0,2265151.0
2024-01-03,0.8970000147819519,0.8980000019073486,0.8949999809265137,0.8960000276565552,941857920.0,844271296.0,2265151.0
2024-01-04,0.8889999985694885,0.8920000195503235,0.8889999985694885,0.8920000195503235,575139712.0,511719328.0,2265151.0
2024-01-05,0.8880000114440918,0.8889999985694885,0.8849999904632568,0.8849999904632568,529316800.0,469755328.0,2265151.0
2024-01-08,0.8889999985694885,0.8899999856948853,0.8859999775886536,0.8859999775886536,460268192.0,408607072.0,2265151.0
2024-01-09,0.9049999713897705,0.9110000133514404,0.9039999842643738,0.9110000133514404,914823104.0,830318400.0,2265151.0
2024-01-10,0.9129999876022339,0.9139999747276306,0.9100000262260437,0.9100000262260437,641284480.0,584429760.0,2265151.0
2024-01-11,0.9190000295639038,0.9229999780654907,0.9179999828338623,0.921999990940094,680871616.0,626883712.0,2265151.0
2024-01-12,0.9179999828338623,0.9190000295639038,0.9169999957084656,0.9179999828338623,473125088.0,434312128.0,2265151.0
2024-01-15,0.9190000295639038,0.925000011920929,0.9190000295639038,0.9240000247955322,664289216.0,612399744.0,2265151.0
2024-01-16,0.9190000295639038,0.9200000166893005,0.9150000214576721,0.9160000085830688,585101888.0,537160000.0,2265151.0
2024-01-17,0.9229999780654907,0.9240000247955322,0.9139999747276306,0.9150000214576721,560652800.0,514914912.0,2265151.0
2024-01-18,0.9169999957084656,0.9179999828338623,0.9150000214576721,0.9169999957084656,480569792.0,440354112.0,2265151.0
2024-01-19,0.9319999814033508,0.9390000104904175,0.9309999942779541,0.9390000104904175,961934208.0,899447744.0,2265151.0
2024-01-22,0.9589999914169312,0.9739999771118164,0.9589999914169312,0.9739999771118164,1366162176.0,1321142528.0,2265151.0
2024-01-23,0.968999981880188,0.968999981880188,0.9580000042915344,0.9620000123977661,867902080.0,835829120.0,2265151.0
2024-01-24,0.9679999947547913,0.9700000286102295,0.9649999737739563,0.9670000076293945,849042432.0,821314752.0,2265151.0
2024-01-25,0.9649999737739563,0.9660000205039978,0.9570000171661377,0.9589999914169312,782340288.0,751486528.0,2265151.0
2024-01-26,0.9520000219345093,0.953000009059906,0.9470000267028809,0.9490000009536743,810528320.0,770205312.0,2265151.0
2024-01-29,0.949999988079071,0.9589999914169312,0.949999988079071,0.9580000042915344,628294080.0,599631616.0,2265151.0
2024-01-30,0.972000002861023,0.9760000109672546,0.968999981880188,0.9739999771118164,811388928.0,789054272.0,2265151.0
2024-01-31,0.9580000042915344,0.9589999914169312,0.9509999752044678,0.9520000219345093,913512320.0,871537408.0,2265151.0
2024-02-01,0.9409999847412109,0.9440000057220459,0.9399999976158142,0.9409999847412109,535462912.0,504424736.0,2265151.0
2024-02-02,0.9620000123977661,0.9700000286102295,0.9610000252723694,0.9629999995231628,1025204992.0,988458368.0,2265151.0
2024-02-05,0.9710000157356262,0.9710000157356262,0.9670000076293945,0.9700000286102295,647007808.0,627009280.0,2265151.0
2024-02-06,0.9700000286102295,0.9729999899864197,0.968999981880188,0.9729999899864197,468624896.0,454757952.0,2265151.0
2024-02-07,0.9700000286102295,0.9700000286102295,0.9639999866485596,0.9649999737739563,505592800.0,488876160.0,2265151.0
2024-02-08,0.9789999723434448,0.9909999966621399,0.9769999980926514,0.9879999756813049,731858432.0,719795072.0,2265151.0
2024-02-19,0.9779999852180481,0.9829999804496765,0.9760000109672546,0.9810000061988831,739384128.0,724055744.0,2265151.0
2024-02-20,0.9789999723434448,0.9800000190734863,0.9750000238418579,0.9800000190734863,360456512.0,352294752.0,2265151.0
2024-02-21,0.9670000076293945,0.9700000286102295,0.9660000205039978,0.9679999947547913,598557824.0,579192192.0,2265151.0
2024-02-22,0.9810000061988831,0.984000027179718,0.9769999980926514,0.9829999804496765,656556032.0,643943488.0,2265151.0
2024-02-23,0.9950000047683716,0.9980000257492065,0.9940000176429749,0.996999979019165,670917888.0,668387072.0,2265151.0
2024-02-26,0.9900000095367432,0.9909999966621399,0.984000027179718,0.9860000014305115,528143680.0,521208960.0,2265151.0
2024-02-27,0.9860000014305115,0.9879999756813049,0.9829999804496765,0.984000027179718,392486112.0,386739616.0,2265151.0
2024-02-28,0.9869999885559082,0.9879999756813049,0.984000027179718,0.9860000014305115,473325888.0,466545472.0,2265151.0
2024-02-29,0.9789999723434448,0.9800000190734863,0.9779999852180481,0.9779999852180481,419671104.0,410876000.0,2265151.0
2024-03-01,0.9890000224113464,0.9950000047683716,0.9879999756813049,0.9940000176429749,611943552.0,606800640.0,2265151.0
2024-03-04,1.00600004196167,1.0099999904632568,1.0049999952316284,1.0080000162124634,652082624.0,656749568.0,2265151.0
2024-03-05,1.0,1.0010000467300415,0.9980000257492065,0.9980000257492065,561799872.0,561332416.0,2265151.0
2024-03-06,0.9850000143051147,0.9940000176429749,0.9850000143051147,0.9940000176429749,717651776.0,710121088.0,2265151.0
2024-03-07,0.9909999966621399,0.9929999709129333,0.9879999756813049,0.9890000224113464,529693888.0,524615264.0,2265151.0
2024-03-08,1.0069999694824219,1.0080000162124634,1.0049999952316284,1.00600004196167,524499872.0,527881216.0,2265151.0
2024-03-11,0.9909999966621399,0.9929999709129333,0.9900000095367432,0.9909999966621399,687934464.0,681778880.0,2265151.0
2024-03-12,0.9929999709129333,0.9940000176429749,0.9909999966621399,0.9940000176429749,517286784.0,513452608.0,2265151.0
2024-03-13,1.003000020980835,1.003999948501587,0.9990000128746033,1.0010000467300415,855537792.0,856706176.0,2265151.0
2024-03-14,0.9959999918937683,0.9980000257492065,0.9950000047683716,0.996999979019165,329352288.0,328249408.0,2265151.0
2024-03-15,0.9909999966621399,0.9929999709129333,0.9890000224113464,0.9900000095367432,466100512.0,461812864.0,2265151.0
2024-03-18,0.9850000143051147,0.9909999966621399,0.9829999804496765,0.9909999966621399,536652000.0,529573696.0,2265151.0
2024-03-19,0.9879999756813049,0.9890000224113464,0.9850000143051147,0.9850000143051147,480944704.0,474657792.0,2265151.0
2024-03-20,0.9900000095367432,0.9909999966621399,0.9890000224113464,0.9900000095367432,298787680.0,295857216.0,2265151.0
2024-03-21,1.0069999694824219,1.0089999437332153,1.003000020980835,1.0080000162124634,985382016.0,991195200.0,2265151.0
2024-03-22,1.0069999694824219,1.0099999904632568,1.00600004196167,1.0089999437332153,443319552.0,447037888.0,2265151.0
2024-03-25,1.0110000371932983,1.0119999647140503,1.0049999952316284,1.0049999952316284,417719904.0,420938464.0,2265151.0
2024-03-26,1.00600004196167,1.0099999904632568,1.0049999952316284,1.0099999904632568,581901568.0,586008960.0,2265151.0
2024-03-27,1.00600004196167,1.0099999904632568,1.0049999952316284,1.0069999694824219,590597312.0,595178624.0,2265151.0
2024-03-28,1.0080000162124634,1.0089999437332153,1.00600004196167,1.0080000162124634,284632896.0,286741856.0,2265151.0
2024-03-29,1.0069999694824219,1.0069999694824219,1.0049999952316284,1.0049999952316284,260197104.0,261745568.0,2265151.0
2024-04-01,1.0119999647140503,1.0130000114440918,1.0099999904632568,1.0110000371932983,420743392.0,425603456.0,2265151.0
2024-04-02,1.00600004196167,1.0099999904632568,1.0049999952316284,1.0069999694824219,422646016.0,425739648.0,2265151.0
2024-04-03,0.9980000257492065,1.0019999742507935,0.996999979019165,0.9980000257492065,701032512.0,700520768.0,2265151.0
2024-04-08,0.9980000257492065,1.0,0.996999979019165,0.996999979019165,425895328.0,425225824.0,2265151.0
2024-04-09,0.9980000257492065,1.0,0.996999979019165,0.9990000128746033,335050816.0,334601184.0,2265151.0
2024-04-10,1.003000020980835,1.003999948501587,1.0010000467300415,1.003999948501587,354354496.0,355400672.0,2265151.0
2024-04-11,0.9950000047683716,0.9959999918937683,0.9940000176429749,0.9940000176429749,452953408.0,450611264.0,2265151.0
2024-04-12,1.0110000371932983,1.0110000371932983,1.0089999437332153,1.0099999904632568,734849472.0,742116992.0,2265151.0
2024-04-15,0.9959999918937683,1.0010000467300415,0.9959999918937683,0.9990000128746033,563532864.0,562500160.0,2265151.0
2024-04-16,0.9789999723434448,0.9800000190734863,0.9729999899864197,0.9739999771118164,1056696832.0,1030946048.0,2265151.0
2024-04-17,0.9779999852180481,0.9800000190734863,0.972000002861023,0.9729999899864197,807374016.0,788050368.0,2265151.0
2024-04-18,0.9649999737739563,0.9710000157356262,0.9649999737739563,0.9710000157356262,734937920.0,711224896.0,2265151.0
2024-04-19,0.953000009059906,0.953000009059906,0.9409999847412109,0.9520000219345093,1815765888.0,1720341888.0,2265151.0
2024-04-22,0.9419999718666077,0.9470000267028809,0.9409999847412109,0.9459999799728394,945652288.0,892216896.0,2265151.0
2024-04-23,0.9480000138282776,0.9490000009536743,0.9449999928474426,0.9470000267028809,698107456.0,661181888.0,2265151.0
2024-04-24,0.9679999947547913,0.9710000157356262,0.9670000076293945,0.968999981880188,902871680.0,875055616.0,2265151.0
2024-04-25,0.9570000171661377,0.9580000042915344,0.949999988079071,0.9539999961853027,840974592.0,802090944.0,2265151.0
2024-04-26,0.9700000286102295,0.972000002861023,0.968999981880188,0.972000002861023,783629504.0,760332608.0,2265151.0
2024-04-29,0.9789999723434448,0.9800000190734863,0.9760000109672546,0.9760000109672546,661214912.0,646828544.0,2265151.0
2024-04-30,0.9769999980926514,0.9800000190734863,0.9760000109672546,0.9779999852180481,466245408.0,456008384.0,2265151.0
2024-05-06,0.9800000190734863,0.9810000061988831,0.9779999852180481,0.9810000061988831,535716288.0,524764544.0,2265151.0
2024-05-07,0.9900000095367432,0.9940000176429749,0.9900000095367432,0.9900000095367432,562365760.0,557856640.0,2265151.0
2024-05-08,0.9940000176429749,0.9950000047683716,0.9909999966621399,0.9919999837875366,450589600.0,447170336.0,2265151.0
2024-05-09,0.9909999966621399,0.9929999709129333,0.9900000095367432,0.9900000095367432,329387584.0,326560704.0,2265151.0
2024-05-10,0.9950000047683716,0.9959999918937683,0.9929999709129333,0.9950000047683716,346157792.0,344273664.0,2265151.0
2024-05-13,0.996999979019165,1.0010000467300415,0.9959999918937683,1.0,508165312.0,507679968.0,2265151.0
2024-05-14,0.9990000128746033,1.0019999742507935,0.9980000257492065,1.0,326839104.0,326838752.0,2265151.0
2024-05-15,1.0080000162124634,1.0089999437332153,1.0049999952316284,1.00600004196167,602662400.0,606688320.0,2265151.0
2024-05-16,1.0219999551773071,1.0230000019073486,1.0210000276565552,1.0219999551773071,610611584.0,624039232.0,2265151.0
2024-05-17,1.0199999809265137,1.0199999809265137,1.0190000534057617,1.0199999809265137,316060896.0,322228320.0,2265151.0
2024-05-20,1.0219999551773071,1.0230000019073486,1.0199999809265137,1.0210000276565552,430461312.0,439677376.0,2265151.0
2024-05-21,1.0269999504089355,1.027999997138977,1.024999976158142,1.0269999504089355,340268288.0,349290944.0,2265151.0
2024-05-22,1.031000018119812,1.031999945640564,1.0299999713897705,1.031000018119812,373681088.0,385244768.0,2265151.0
2024-05-23,1.034999966621399,1.0410000085830688,1.034999966621399,1.0399999618530273,752033984.0,781449856.0,2265151.0
2024-05-24,1.027999997138977,1.027999997138977,1.0210000276565552,1.0219999551773071,1188713856.0,1217585280.0,2265151.0
2024-05-27,1.031999945640564,1.0369999408721924,1.031000018119812,1.0360000133514404,594125120.0,614508800.0,2265151.0
2024-05-28,1.0379999876022339,1.0399999618530273,1.0369999408721924,1.0399999618530273,403437184.0,419132864.0,2265151.0
2024-05-29,1.0390000343322754,1.0399999618530273,1.034999966621399,1.034999966621399,545468416.0,565501760.0,2265151.0
2024-05-30,1.0269999504089355,1.0290000438690186,1.0240000486373901,1.024999976158142,534678176.0,548476352.0,2265151.0
2024-05-31,1.0160000324249268,1.0199999809265137,1.0160000324249268,1.0190000534057617,654099328.0,665956480.0,2265151.0
2024-06-03,1.0240000486373901,1.0260000228881836,1.0219999551773071,1.024999976158142,727932608.0,745389568.0,2265151.0
2024-06-04,1.024999976158142,1.0260000228881836,1.0210000276565552,1.0210000276565552,483767776.0,495430528.0,2265151.0
2024-06-05,1.027999997138977,1.031999945640564,1.0269999504089355,1.0290000438690186,491859808.0,506658112.0,2265151.0
2024-06-06,1.0499999523162842,1.0520000457763672,1.0490000247955322,1.0509999990463257,622885632.0,654361408.0,2265151.0
2024-06-07,1.0499999523162842,1.0520000457763672,1.0490000247955322,1.0509999990463257,427468896.0,449062624.0,2265151.0
2024-06-11,1.0529999732971191,1.0540000200271606,1.0509999990463257,1.0529999732971191,363873792.0,382950496.0,2265151.0
2024-06-12,1.062000036239624,1.0640000104904175,1.0609999895095825,1.062000036239624,511465312.0,543544192.0,2265151.0
2024-06-13,1.0820000171661377,1.0839999914169312,1.0800000429153442,1.0829999446868896,600848960.0,649991616.0,2265151.0
2024-06-14,1.0820000171661377,1.0850000381469727,1.0820000171661377,1.0829999446868896,432873536.0,468873632.0,2265151.0
2024-06-17,1.0870000123977661,1.0880000591278076,1.0859999656677246,1.0880000591278076,530712416.0,576910784.0,2265151.0
2024-06-18,1.100000023841858,1.1019999980926514,1.0989999771118164,1.1019999980926514,485439200.0,534192032.0,2265151.0
2024-06-19,1.1030000448226929,1.1050000190734863,1.1009999513626099,1.1019999980926514,587691904.0,648032960.0,2265151.0
2024-06-20,1.1050000190734863,1.1089999675750732,1.1039999723434448,1.1080000400543213,810167424.0,896720768.0,2265151.0
2024-06-21,1.0950000286102295,1.0950000286102295,1.0920000076293945,1.093999981880188,605791808.0,662589888.0,2265151.0
2024-06-24,1.0889999866485596,1.090000033378601,1.0870000123977661,1.090000033378601,617181184.0,671791360.0,2265151.0
2024-06-25,1.0759999752044678,1.0789999961853027,1.0750000476837158,1.0770000219345093,881402112.0,949525568.0,2265151.0
2024-06-26,1.090999960899353,1.0959999561309814,1.090000033378601,1.093999981880188,916244928.0,1001091136.0,2265151.0
2024-06-27,1.0889999866485596,1.0950000286102295,1.0889999866485596,1.093000054359436,752696512.0,822776320.0,2265151.0
2024-06-28,1.1030000448226929,1.1089999675750732,1.1030000448226929,1.1069999933242798,1043165184.0,1153870592.0,2265151.0
2024-07-01,1.1009999513626099,1.1069999933242798,1.1009999513626099,1.1050000190734863,783307904.0,864908928.0,2265151.0
2024-07-02,1.1089999675750732,1.1119999885559082,1.1059999465942383,1.1069999933242798,739242176.0,819850112.0,2265151.0
2024-07-03,1.125,1.13100004196167,1.1230000257492065,1.13100004196167,902307776.0,1017363584.0,2265151.0
2024-07-04,1.149999976158142,1.1579999923706055,1.1200000047683716,1.1349999904632568,1980920192.0,2269326336.0,2265151.0
2024-07-05,1.1380000114440918,1.1480000019073486,1.1360000371932983,1.1440000534057617,1271173760.0,1450423296.0,2265151.0
2024-07-08,1.156999945640564,1.1579999923706055,1.149999976158142,1.1549999713897705,1232640768.0,1421584512.0,2265151.0
2024-07-09,1.1610000133514404,1.1649999618530273,1.159000039100647,1.159999966621399,1304913920.0,1515608192.0,2265151.0
2024-07-10,1.1610000133514404,1.1629999876022339,1.149999976158142,1.1510000228881836,1081152000.0,1248150656.0,2265151.0
2024-07-11,1.1610000133514404,1.1649999618530273,1.159000039100647,1.1649999618530273,1087220224.0,1263559424.0,2265151.0
2024-07-12,1.1269999742507935,1.128999948501587,1.121999979019165,1.121999979019165,1655543424.0,1861754624.0,2265151.0
2024-07-15,1.1330000162124634,1.1540000438690186,1.1319999694824219,1.1540000438690186,1829574400.0,2090145920.0,2265151.0
2024-07-16,1.156000018119812,1.1649999618530273,1.1490000486373901,1.1519999504089355,1218477056.0,1411010432.0,2265151.0
2024-07-17,1.149999976158142,1.149999976158142,1.1360000371932983,1.1399999856948853,994349696.0,1136660992.0,2265151.0
2024-07-18,1.1030000448226929,1.121999979019165,1.1009999513626099,1.121000051498413,1460830464.0,1624236672.0,2265151.0
2024-07-19,1.1080000400543213,1.1139999628067017,1.1019999980926514,1.1039999723434448,914885888.0,1013882240.0,2265151.0
2024-07-22,1.0959999561309814,1.1019999980926514,1.0880000591278076,1.1019999980926514,1357519616.0,1484891264.0,2265151.0
2024-07-23,1.1160000562667847,1.1200000047683716,1.1080000400543213,1.1109999418258667,1230507136.0,1369455744.0,2265151.0
2024-07-24,1.1030000448226929,1.1069999933242798,1.0920000076293945,1.0920000076293945,949454592.0,1043928896.0,2265151.0
2024-07-25,1.062999963760376,1.065000057220459,1.0529999732971191,1.062000036239624,1394234112.0,1479865600.0,2265151.0
2024-07-26,1.0540000200271606,1.062999963760376,1.0540000200271606,1.062000036239624,1420132224.0,1502914944.0,2265151.0
2024-07-29,1.0750000476837158,1.0829999446868896,1.0720000267028809,1.0829999446868896,1072119424.0,1153669120.0,2265151.0
2024-07-30,1.0720000267028809,1.0750000476837158,1.062000036239624,1.069000005722046,1334400768.0,1426277888.0,2265151.0
2024-07-31,1.062999963760376,1.0740000009536743,1.059999942779541,1.0729999542236328,1209907968.0,1291523200.0,2265151.0
2024-08-01,1.0980000495910645,1.1050000190734863,1.0950000286102295,1.1009999513626099,1190327296.0,1308866304.0,2265151.0
2024-08-02,1.059000015258789,1.0679999589920044,1.0379999876022339,1.0410000085830688,2135208704.0,2249757184.0,2265151.0
2024-08-05,0.9909999966621399,0.9990000128746033,0.9480000138282776,0.9649999737739563,2807680512.0,2749245952.0,2265151.0
2024-08-06,1.0019999742507935,1.0099999904632568,0.9950000047683716,1.0010000467300415,2167297280.0,2175311616.0,2265151.0
2024-08-07,1.0,1.0130000114440918,1.0,1.0010000467300415,2277061888.0,2291245312.0,2265151.0
2024-08-08,0.9869999885559082,0.9900000095367432,0.9789999723434448,0.984000027179718,1669859584.0,1644641536.0,2265151.0
2024-08-09,1.0169999599456787,1.0169999599456787,1.0080000162124634,1.0119999647140503,1510964480.0,1531562240.0,2265151.0
2024-08-12,1.0180000066757202,1.0219999551773071,1.0149999856948853,1.0210000276565552,850048000.0,866697664.0,2265151.0
2024-08-13,1.0240000486373901,1.0290000438690186,1.0210000276565552,1.027999997138977,1270339200.0,1301300096.0,2265151.0
2024-08-14,1.0520000457763672,1.0540000200271606,1.0449999570846558,1.0479999780654907,1443708928.0,1516051328.0,2265151.0
2024-08-15,1.0509999990463257,1.055999994277954,1.0499999523162842,1.0549999475479126,903909504.0,952804288.0,2265151.0
2024-08-16,1.0829999446868896,1.0989999771118164,1.0820000171661377,1.0980000495910645,1672775552.0,1821505408.0,2265151.0
2024-08-19,1.0950000286102295,1.0959999561309814,1.0759999752044678,1.0789999961853027,1291805184.0,1404583296.0,2265151.0
2024-08-20,1.0989999771118164,1.1030000448226929,1.0980000495910645,1.1030000448226929,942001280.0,1036808384.0,2265151.0
2024-08-21,1.097000002861023,1.1009999513626099,1.093999981880188,1.0989999771118164,965405184.0,1059402816.0,2265151.0
2024-08-22,1.1059999465942383,1.1080000400543213,1.097000002861023,1.100000023841858,989777728.0,1091094144.0,2265151.0
2024-08-23,1.0850000381469727,1.090999960899353,1.0839999914169312,1.0889999866485596,1116840448.0,1214987776.0,2265151.0
2024-08-26,1.0980000495910645,1.0980000495910645,1.090000033378601,1.090000033378601,773566272.0,846367360.0,2265151.0
2024-08-27,1.0800000429153442,1.0800000429153442,1.0740000009536743,1.0750000476837158,1051522432.0,1132541312.0,2265151.0
2024-08-28,1.0759999752044678,1.0789999961853027,1.0750000476837158,1.0789999961853027,698009088.0,751848576.0,2265151.0
2024-08-29,1.055999994277954,1.0579999685287476,1.0529999732971191,1.0549999475479126,1165654272.0,1229930496.0,2265151.0
2024-08-30,1.059000015258789,1.065999984741211,1.0579999685287476,1.065999984741211,770606464.0,818131456.0,2265151.0
2024-09-02,1.0740000009536743,1.0759999752044678,1.0720000267028809,1.0729999542236328,711497280.0,764145856.0,2265151.0
2024-09-03,1.0759999752044678,1.0770000219345093,1.0720000267028809,1.0729999542236328,453924000.0,487568512.0,2265151.0
2024-09-04,1.0299999713897705,1.0329999923706055,1.0160000324249268,1.0160000324249268,2600664576.0,2665099520.0,2265151.0
2024-09-05,1.0240000486373901,1.0269999504089355,1.0199999809265137,1.0230000019073486,844965184.0,865191104.0,2265151.0
2024-09-06,1.0149999856948853,1.034999966621399,1.0149999856948853,1.0260000228881836,1611980160.0,1655222016.0,2265151.0
2024-09-09,1.0099999904632568,1.0180000066757202,1.00600004196167,1.0169999599456787,1201595648.0,1216491264.0,2265151.0
2024-09-10,1.0260000228881836,1.0290000438690186,1.0199999809265137,1.0240000486373901,958379840.0,982355520.0,2265151.0
2024-09-11,1.034999966621399,1.0360000133514404,1.024999976158142,1.031999945640564,1197478912.0,1233861120.0,2265151.0
2024-09-12,1.059999942779541,1.0670000314712524,1.059000015258789,1.065999984741211,1272784384.0,1353154048.0,2265151.0
2024-09-13,1.0740000009536743,1.0770000219345093,1.0709999799728394,1.0709999799728394,1091198720.0,1171680896.0,2265151.0
2024-09-18,1.0700000524520874,1.0700000524520874,1.0640000104904175,1.065000057220459,1083932288.0,1156529536.0,2265151.0
2024-09-19,1.0700000524520874,1.0770000219345093,1.0670000314712524,1.0759999752044678,1137397248.0,1218789632.0,2265151.0
2024-09-20,1.0870000123977661,1.0880000591278076,1.0800000429153442,1.0809999704360962,861920128.0,935009728.0,2265151.0
2024-09-23,1.0870000123977661,1.090999960899353,1.0839999914169312,1.0859999656677246,689610496.0,749421504.0,2265151.0
2024-09-24,1.0859999656677246,1.0870000123977661,1.0729999542236328,1.0800000429153442,1109674624.0,1196767872.0,2265151.0
2024-09-25,1.0729999542236328,1.0750000476837158,1.0700000524520874,1.0700000524520874,802428416.0,860666560.0,2265151.0
2024-09-26,1.0800000429153442,1.0859999656677246,1.0779999494552612,1.0859999656677246,903323776.0,977145024.0,2265151.0
2024-09-27,1.0740000009536743,1.0759999752044678,1.0679999589920044,1.069000005722046,1558775424.0,1670355840.0,2265151.0
2024-09-30,1.0609999895095825,1.0679999589920044,1.0579999685287476,1.0640000104904175,1393416960.0,1480817408.0,2265151.0
2024-10-08,1.0449999570846558,1.0640000104904175,1.0399999618530273,1.0579999685287476,1169244032.0,1232903040.0,2265151.0
2024-10-09,1.0789999961853027,1.0829999446868896,1.0720000267028809,1.0750000476837158,1290391936.0,1390590080.0,2265151.0
2024-10-10,1.0870000123977661,1.090999960899353,1.0839999914169312,1.0889999866485596,1098742656.0,1194909696.0,2265151.0
2024-10-11,1.090000033378601,1.0920000076293945,1.0870000123977661,1.0880000591278076,916003840.0,998414272.0,2265151.0
2024-10-14,1.0889999866485596,1.090000033378601,1.0870000123977661,1.0880000591278076,1004621120.0,1092941696.0,2265151.0
2024-10-15,1.0989999771118164,1.1119999885559082,1.0980000495910645,1.1100000143051147,1266491904.0,1400257152.0,2265151.0
2024-10-16,1.0950000286102295,1.0980000495910645,1.093000054359436,1.0980000495910645,1009539968.0,1106312192.0,2265151.0
2024-10-17,1.0950000286102295,1.1059999465942383,1.093000054359436,1.1039999723434448,915179904.0,1004666688.0,2265151.0
2024-10-18,1.0989999771118164,1.1009999513626099,1.093999981880188,1.0959999561309814,1136715648.0,1247131264.0,2265151.0
2024-10-21,1.1009999513626099,1.1019999980926514,1.0980000495910645,1.0989999771118164,747380608.0,822174272.0,2265151.0
2024-10-22,1.1019999980926514,1.1019999980926514,1.0989999771118164,1.0989999771118164,651962816.0,717650880.0,2265151.0
2024-10-23,1.1039999723434448,1.1059999465942383,1.1019999980926514,1.1039999723434448,502639904.0,555079168.0,2265151.0
2024-10-24,1.093999981880188,1.093999981880188,1.0889999866485596,1.0920000076293945,793376128.0,866008064.0,2265151.0
2024-10-25,1.097000002861023,1.0980000495910645,1.0950000286102295,1.097000002861023,585516992.0,642074816.0,2265151.0
2024-10-28,1.1109999418258667,1.1130000352859497,1.1089999675750732,1.1100000143051147,1076040320.0,1195797888.0,2265151.0
2024-10-29,1.1050000190734863,1.1089999675750732,1.1030000448226929,1.1069999933242798,890308160.0,984341120.0,2265151.0
2024-10-30,1.1180000305175781,1.121000051498413,1.1169999837875366,1.11899995803833,921512000.0,1031100032.0,2265151.0
2024-10-31,1.1030000448226929,1.1069999933242798,1.0980000495910645,1.0989999771118164,1041621632.0,1149494144.0,2265151.0
2024-11-01,1.0809999704360962,1.090999960899353,1.0800000429153442,1.0850000381469727,991664192.0,1075933312.0,2265151.0
2024-11-04,1.0859999656677246,1.0920000076293945,1.0850000381469727,1.0889999866485596,1031285312.0,1123079168.0,2265151.0
2024-11-05,1.0839999914169312,1.0850000381469727,1.0809999704360962,1.0839999914169312,840526912.0,910348480.0,2265151.0
2024-11-06,1.1030000448226929,1.125,1.100000023841858,1.1230000257492065,2422343680.0,2695090944.0,2265151.0
2024-11-07,1.1430000066757202,1.149999976158142,1.1390000581741333,1.1399999856948853,1665097984.0,1903481728.0,2265151.0
2024-11-08,1.1510000228881836,1.1519999504089355,1.1460000276565552,1.149999976158142,889426112.0,1021564992.0,2265151.0
2024-11-11,1.156000018119812,1.1579999923706055,1.1540000438690186,1.1579999923706055,691080000.0,799137536.0,2265151.0
2024-11-12,1.1579999923706055,1.1619999408721924,1.156999945640564,1.159999966621399,1105484160.0,1281629056.0,2265151.0
2024-11-13,1.1549999713897705,1.156000018119812,1.1510000228881836,1.1519999504089355,682107520.0,787125504.0,2265151.0
2024-11-14,1.1540000438690186,1.156000018119812,1.152999997138977,1.156000018119812,666479680.0,769467200.0,2265151.0
2024-11-15,1.1430000066757202,1.1440000534057617,1.1369999647140503,1.1390000581741333,944788800.0,1078144384.0,2265151.0
2024-11-18,1.1260000467300415,1.13100004196167,1.125,1.1299999952316284,997827968.0,1125556352.0,2265151.0
2024-11-19,1.128000020980835,1.1349999904632568,1.1269999742507935,1.1330000162124634,857767424.0,970673152.0,2265151.0
2024-11-20,1.1430000066757202,1.1449999809265137,1.1410000324249268,1.1449999809265137,887700672.0,1014662720.0,2265151.0
2024-11-21,1.1360000371932983,1.1399999856948853,1.1339999437332153,1.1360000371932983,886722816.0,1007468224.0,2265151.0
2024-11-22,1.1449999809265137,1.1469999551773071,1.1419999599456787,1.1469999551773071,753091392.0,862082432.0,2265151.0
2024-11-25,1.1549999713897705,1.1579999923706055,1.1549999713897705,1.156000018119812,859814080.0,994673152.0,2265151.0
2024-11-26,1.149999976158142,1.156000018119812,1.1490000486373901,1.156000018119812,676027328.0,778611072.0,2265151.0
2024-11-27,1.159999966621399,1.1649999618530273,1.1579999923706055,1.1579999923706055,1103429376.0,1281907456.0,2265151.0
2024-11-28,1.1510000228881836,1.1549999713897705,1.149999976158142,1.1549999713897705,524035392.0,603743744.0,2265151.0
2024-11-29,1.152999997138977,1.156000018119812,1.1510000228881836,1.1540000438690186,615479424.0,710200512.0,2265151.0
2024-12-02,1.1610000133514404,1.1619999408721924,1.1579999923706055,1.159999966621399,662691776.0,768529536.0,2265151.0
2024-12-03,1.1749999523162842,1.1820000410079956,1.1740000247955322,1.1799999475479126,800297472.0,943380288.0,2265151.0
2024-12-04,1.187000036239624,1.187999963760376,1.184000015258789,1.1859999895095825,766057472.0,908562048.0,2265151.0
2024-12-05,1.1959999799728394,1.1979999542236328,1.1950000524520874,1.1950000524520874,600212992.0,717857280.0,2265151.0
2024-12-06,1.190000057220459,1.1920000314712524,1.187999963760376,1.190000057220459,640397376.0,761701952.0,2265151.0
2024-12-09,1.2009999752044678,1.2089999914169312,1.2009999752044678,1.2079999446868896,857045120.0,1033158336.0,2265151.0
2024-12-10,1.190999984741211,1.1970000267028809,1.1890000104904175,1.1970000267028809,1027578624.0,1226886144.0,2265151.0
2024-12-11,1.1950000524520874,1.1990000009536743,1.1950000524520874,1.1970000267028809,605112960.0,724663808.0,2265151.0
2024-12-12,1.2200000286102295,1.222000002861023,1.218999981880188,1.2209999561309814,738558784.0,901245952.0,2265151.0
2024-12-13,1.2209999561309814,1.2280000448226929,1.218999981880188,1.2280000448226929,857945600.0,1049410304.0,2265151.0
2024-12-16,1.2309999465942383,1.246000051498413,1.2300000190734863,1.24399995803833,1388562304.0,1720279936.0,2265151.0
2024-12-17,1.2660000324249268,1.274999976158142,1.2580000162124634,1.2589999437332153,1674386176.0,2119357568.0,2265151.0
2024-12-18,1.2569999694824219,1.2660000324249268,1.2549999952316284,1.2660000324249268,1303637760.0,1642685568.0,2265151.0
2024-12-19,1.2230000495910645,1.2369999885559082,1.2209999561309814,1.2339999675750732,1533319808.0,1883613952.0,2265151.0
2024-12-20,1.2269999980926514,1.2289999723434448,1.2029999494552612,1.2070000171661377,1592601728.0,1930162176.0,2265151.0
2024-12-23,1.2269999980926514,1.2510000467300415,1.2269999980926514,1.2510000467300415,1459171968.0,1807908608.0,2265151.0
2024-12-24,1.2660000324249268,1.2669999599456787,1.2369999885559082,1.25,1491777152.0,1872612992.0,2265151.0
2024-12-25,1.2660000324249268,1.2669999599456787,1.2549999952316284,1.2610000371932983,1155787648.0,1456438528.0,2265151.0
2024-12-26,1.2630000114440918,1.2690000534057617,1.25600004196167,1.2630000114440918,990572288.0,1251915136.0,2265151.0
2024-12-27,1.25600004196167,1.2599999904632568,1.253000020980835,1.2549999952316284,713858112.0,896180736.0,2265151.0
2024-12-30,1.2359999418258667,1.2450000047683716,1.2359999418258667,1.2389999628067017,855373120.0,1060002624.0,2265151.0
2024-12-31,1.2280000448226929,1.2359999418258667,1.2259999513626099,1.2309999465942383,1168807424.0,1438734464.0,2265151.0
2025-01-02,1.2289999723434448,1.246000051498413,1.2289999723434448,1.246000051498413,830408512.0,1029566016.0,2265151.0
2025-01-03,1.2410000562667847,1.253000020980835,1.2359999418258667,1.2400000095367432,945150272.0,1174878080.0,2265151.0
2025-01-06,1.2589999437332153,1.2740000486373901,1.253999948501587,1.2740000486373901,1534429184.0,1939596544.0,2265151.0
2025-01-07,1.2899999618530273,1.2940000295639038,1.2610000371932983,1.2640000581741333,1891866880.0,2421773824.0,2265151.0
2025-01-08,1.246000051498413,1.2589999437332153,1.2450000047683716,1.2569999694824219,1052503104.0,1319939584.0,2265151.0
2025-01-09,1.2549999952316284,1.2580000162124634,1.25,1.2519999742507935,766538624.0,960824448.0,2265151.0
2025-01-10,1.246000051498413,1.2640000581741333,1.2419999837875366,1.246999979019165,1344391168.0,1683276928.0,2265151.0
2025-01-13,1.2350000143051147,1.2369999885559082,1.2109999656677246,1.215999960899353,1486289920.0,1820089472.0,2265151.0
2025-01-14,1.2280000448226929,1.2330000400543213,1.2200000286102295,1.2330000400543213,1048174528.0,1286234240.0,2265151.0
2025-01-15,1.2280000448226929,1.2289999723434448,1.2209999561309814,1.2230000495910645,666763584.0,816349376.0,2265151.0
2025-01-16,1.253999948501587,1.2549999952316284,1.2430000305175781,1.2489999532699585,1196554112.0,1493869312.0,2265151.0
2025-01-17,1.2369999885559082,1.246999979019165,1.2350000143051147,1.24399995803833,764066176.0,948045696.0,2265151.0
2025-01-20,1.2549999952316284,1.2619999647140503,1.2519999742507935,1.2619999647140503,775935232.0,974601472.0,2265151.0
2025-01-21,1.2599999904632568,1.2660000324249268,1.2549999952316284,1.2640000581741333,754303360.0,952302976.0,2265151.0
2025-01-22,1.2719999551773071,1.2760000228881836,1.2699999809265137,1.2699999809265137,841975808.0,1071087872.0,2265151.0
2025-01-23,1.2760000228881836,1.2769999504089355,1.253999948501587,1.2569999694824219,966214848.0,1225510656.0,2265151.0
2025-01-24,1.2630000114440918,1.2660000324249268,1.253999948501587,1.2589999437332153,579631488.0,730688640.0,2265151.0
2025-01-27,1.2330000400543213,1.2389999628067017,1.2259999513626099,1.2289999723434448,1189167872.0,1464786048.0,2265151.0
2025-02-05,1.2300000190734863,1.2369999885559082,1.2289999723434448,1.2309999465942383,559472960.0,689911424.0,2265151.0
2025-02-06,1.2419999837875366,1.2450000047683716,1.2350000143051147,1.2430000305175781,772083712.0,957679744.0,2265151.0
2025-02-07,1.2450000047683716,1.2480000257492065,1.2319999933242798,1.2369999885559082,1136439168.0,1407390848.0,2265151.0
2025-02-10,1.2300000190734863,1.2300000190734863,1.2209999561309814,1.2230000495910645,873855424.0,1069982464.0,2265151.0
2025-02-11,1.2280000448226929,1.2300000190734863,1.2209999561309814,1.222000002861023,624521984.0,765249472.0,2265151.0
2025-02-12,1.222000002861023,1.2239999771118164,1.218000054359436,1.218999981880188,440270208.0,537355392.0,2265151.0
2025-02-13,1.225000023841858,1.225000023841858,1.218999981880188,1.222000002861023,539397888.0,659260352.0,2265151.0
2025-02-14,1.2300000190734863,1.2330000400543213,1.2269999980926514,1.2309999465942383,686512384.0,844463680.0,2265151.0
2025-02-17,1.2300000190734863,1.2350000143051147,1.2269999980926514,1.2309999465942383,525508896.0,646631616.0,2265151.0
2025-02-18,1.2319999933242798,1.2410000562667847,1.2289999723434448,1.2389999628067017,712754304.0,879842944.0,2265151.0
2025-02-19,1.2359999418258667,1.2369999885559082,1.2309999465942383,1.2330000400543213,614346368.0,757646528.0,2265151.0
2025-02-20,1.2289999723434448,1.2300000190734863,1.222000002861023,1.222000002861023,439103008.0,537892416.0,2265151.0
2025-02-21,1.218000054359436,1.2200000286102295,1.2100000381469727,1.2139999866485596,881823616.0,1071198336.0,2265151.0
2025-02-24,1.1920000314712524,1.1990000009536743,1.190000057220459,1.1950000524520874,711209088.0,849190720.0,2265151.0
2025-02-25,1.1790000200271606,1.1799999475479126,1.1740000247955322,1.1759999990463257,697317824.0,820348992.0,2265151.0
2025-02-26,1.1670000553131104,1.1759999990463257,1.1649999618530273,1.1729999780654907,1025321984.0,1199140736.0,2265151.0
2025-02-27,1.1670000553131104,1.1829999685287476,1.1649999618530273,1.1799999475479126,1119652352.0,1313312128.0,2265151.0
2025-02-28,1.1510000228881836,1.152999997138977,1.1330000162124634,1.1339999437332153,1716817664.0,1958240256.0,2265151.0
2025-03-03,1.1469999551773071,1.1610000133514404,1.1460000276565552,1.159000039100647,1378374528.0,1591796864.0,2265151.0
2025-03-04,1.1299999952316284,1.1390000581741333,1.128000020980835,1.1369999647140503,1084619520.0,1229177344.0,2265151.0
2025-03-05,1.1369999647140503,1.152999997138977,1.1330000162124634,1.1469999551773071,1996302336.0,2282233088.0,2265151.0
2025-03-06,1.149999976158142,1.1519999504089355,1.1469999551773071,1.1480000019073486,797201920.0,916317440.0,2265151.0
2025-03-07,1.1269999742507935,1.1299999952316284,1.1230000257492065,1.125,996916096.0,1122411520.0,2265151.0
2025-03-10,1.121999979019165,1.128000020980835,1.1200000047683716,1.1200000047683716,880848128.0,989657856.0,2265151.0
2025-03-11,1.0700000524520874,1.0770000219345093,1.0549999475479126,1.0740000009536743,3799851520.0,4050807040.0,2265151.0
2025-03-12,1.0729999542236328,1.0829999446868896,1.0700000524520874,1.0800000429153442,1843645824.0,1985255936.0,2265151.0
2025-03-13,1.0880000591278076,1.090000033378601,1.0709999799728394,1.0729999542236328,2050176640.0,2213258496.0,2265151.0
2025-03-14,1.069000005722046,1.0859999656677246,1.0670000314712524,1.0820000171661377,1922997504.0,2072542336.0,2265151.0
2025-03-17,1.090000033378601,1.093000054359436,1.0850000381469727,1.0859999656677246,890132224.0,969493824.0,2265151.0
2025-03-18,1.093000054359436,1.0950000286102295,1.090000033378601,1.093000054359436,938366720.0,1024827328.0,2265151.0
2025-03-19,1.0839999914169312,1.0889999866485596,1.0829999446868896,1.0850000381469727,809157120.0,878958272.0,2265151.0
2025-03-20,1.100000023841858,1.1139999628067017,1.097000002861023,1.1100000143051147,1767127040.0,1956123392.0,2265151.0
2025-03-21,1.1050000190734863,1.1089999675750732,1.0989999771118164,1.1059999465942383,952553216.0,1052108864.0,2265151.0
2025-03-24,1.1180000305175781,1.1330000162124634,1.1169999837875366,1.13100004196167,1734898688.0,1955465728.0,2265151.0
2025-03-25,1.149999976158142,1.1579999923706055,1.1380000114440918,1.1449999809265137,1167935744.0,1340095488.0,2265151.0
2025-03-26,1.1510000228881836,1.1519999504089355,1.1380000114440918,1.1410000324249268,1090956544.0,1247057792.0,2265151.0
2025-03-27,1.1180000305175781,1.1260000467300415,1.1169999837875366,1.1180000305175781,1239861632.0,1389376768.0,2265151.0
2025-03-28,1.1139999628067017,1.11899995803833,1.1089999675750732,1.1109999418258667,809766592.0,903007296.0,2265151.0
2025-03-31,1.0709999799728394,1.0759999752044678,1.059000015258789,1.065000057220459,1818843264.0,1942873088.0,2265151.0
2025-04-01,1.0720000267028809,1.0880000591278076,1.0720000267028809,1.0839999914169312,1188668160.0,1284058752.0,2265151.0
2025-04-02,1.090000033378601,1.0959999561309814,1.0880000591278076,1.090000033378601,753043904.0,822072896.0,2265151.0
2025-04-03,1.065999984741211,1.0759999752044678,1.0640000104904175,1.065000057220459,1509757056.0,1614932864.0,2265151.0
2025-04-07,0.9589999914169312,0.9589999914169312,0.9589999914169312,0.9589999914169312,358210592.0,343523968.0,2265151.0
2025-04-08,0.9869999885559082,1.0019999742507935,0.9810000061988831,0.9940000176429749,2442965504.0,2423556352.0,2265151.0
2025-04-09,0.9599999785423279,0.9890000224113464,0.9490000009536743,0.9890000224113464,3815630080.0,3693110784.0,2265151.0
2025-04-10,1.0880000591278076,1.0880000591278076,1.065000057220459,1.0800000429153442,3264240384.0,3520930560.0,2265151.0
2025-04-11,1.0399999618530273,1.0750000476837158,1.0360000133514404,1.0679999589920044,2896514048.0,3049323520.0,2265151.0
2025-04-14,1.0800000429153442,1.0870000123977661,1.0779999494552612,1.0820000171661377,1372630400.0,1484835456.0,2265151.0
2025-04-15,1.0740000009536743,1.0770000219345093,1.065999984741211,1.0670000314712524,747101504.0,799661120.0,2265151.0
2025-04-16,1.0540000200271606,1.059000015258789,1.0399999618530273,1.0429999828338623,1429790720.0,1498595200.0,2265151.0
2025-04-17,1.034999966621399,1.055999994277954,1.034999966621399,1.0540000200271606,1445313536.0,1509025664.0,2265151.0
2025-04-18,1.0449999570846558,1.055999994277954,1.0399999618530273,1.0449999570846558,1154412160.0,1209228544.0,2265151.0
2025-04-21,1.0390000343322754,1.0440000295639038,1.0369999408721924,1.0390000343322754,821623104.0,854617344.0,2265151.0
2025-04-22,1.034999966621399,1.0420000553131104,1.0290000438690186,1.0379999876022339,1001734208.0,1036231552.0,2265151.0
2025-04-23,1.062000036239624,1.0740000009536743,1.0520000457763672,1.0729999542236328,1517715840.0,1611486848.0,2265151.0
2025-04-24,1.0720000267028809,1.0720000267028809,1.0570000410079956,1.059000015258789,938076928.0,999867776.0,2265151.0
2025-04-25,1.090000033378601,1.0959999561309814,1.0859999656677246,1.090000033378601,1756919936.0,1918768128.0,2265151.0
2025-04-28,1.0880000591278076,1.0959999561309814,1.0859999656677246,1.093999981880188,1216355072.0,1327873280.0,2265151.0
2025-04-29,1.0980000495910645,1.1039999723434448,1.093000054359436,1.093000054359436,750260928.0,824552448.0,2265151.0
2025-04-30,1.0950000286102295,1.0980000495910645,1.090999960899353,1.093999981880188,814110080.0,891456448.0,2265151.0
2025-05-06,1.1119999885559082,1.1139999628067017,1.100000023841858,1.1009999513626099,1193559296.0,1318497792.0,2265151.0
2025-05-07,1.1050000190734863,1.1080000400543213,1.1009999513626099,1.1039999723434448,840766400.0,928812736.0,2265151.0
2025-05-08,1.1139999628067017,1.121000051498413,1.1080000400543213,1.11899995803833,1288840704.0,1435612160.0,2265151.0
2025-05-09,1.11899995803833,1.121999979019165,1.1150000095367432,1.1180000305175781,1105921408.0,1237317120.0,2265151.0
2025-05-12,1.1369999647140503,1.1419999599456787,1.1339999437332153,1.1390000581741333,1184753536.0,1348083840.0,2265151.0
2025-05-13,1.1549999713897705,1.1579999923706055,1.1480000019073486,1.1490000486373901,1040838016.0,1199614848.0,2265151.0
2025-05-14,1.1699999570846558,1.1829999685287476,1.1670000553131104,1.180999994277954,1747911424.0,2057329408.0,2265151.0
2025-05-15,1.1799999475479126,1.187000036239624,1.1729999780654907,1.1740000247955322,1100222208.0,1299457536.0,2265151.0
2025-05-16,1.1779999732971191,1.1829999685287476,1.1749999523162842,1.1759999990463257,848475392.0,1000333312.0,2265151.0
2025-05-19,1.1690000295639038,1.1729999780654907,1.1640000343322754,1.1649999618530273,1133418368.0,1324271616.0,2265151.0
2025-05-20,1.1799999475479126,1.1829999685287476,1.1749999523162842,1.1770000457763672,1149482240.0,1355768192.0,2265151.0
2025-05-21,1.1759999990463257,1.1770000457763672,1.1629999876022339,1.1640000343322754,1037195584.0,1212596864.0,2265151.0
2025-05-22,1.1579999923706055,1.1619999408721924,1.1540000438690186,1.156000018119812,1071180096.0,1240013568.0,2265151.0
2025-05-23,1.156000018119812,1.159000039100647,1.1510000228881836,1.1519999504089355,693285312.0,801085632.0,2265151.0
2025-05-26,1.1549999713897705,1.156000018119812,1.152999997138977,1.156000018119812,570544576.0,658911424.0,2265151.0
2025-05-27,1.1549999713897705,1.1660000085830688,1.152999997138977,1.1649999618530273,869645184.0,1008893632.0,2265151.0
2025-05-28,1.1799999475479126,1.1820000410079956,1.1749999523162842,1.1779999732971191,636453824.0,750073792.0,2265151.0
2025-05-29,1.1950000524520874,1.1979999542236328,1.1929999589920044,1.1959999799728394,835620224.0,998594048.0,2265151.0
2025-05-30,1.1670000553131104,1.1749999523162842,1.1670000553131104,1.1720000505447388,962373824.0,1127763712.0,2265151.0
2025-06-03,1.1799999475479126,1.180999994277954,1.1749999523162842,1.1759999990463257,479831616.0,565090368.0,2265151.0
2025-06-04,1.187000036239624,1.187000036239624,1.1799999475479126,1.184999942779541,931113024.0,1102240640.0,2265151.0
2025-06-05,1.184999942779541,1.1859999895095825,1.180999994277954,1.180999994277954,542580416.0,642079680.0,2265151.0
2025-06-06,1.1720000505447388,1.1790000200271606,1.1720000505447388,1.1770000457763672,653018624.0,767653696.0,2265151.0
2025-06-09,1.1820000410079956,1.1829999685287476,1.1790000200271606,1.180999994277954,465877312.0,550034432.0,2265151.0
2025-06-10,1.187999963760376,1.194000005722046,1.1799999475479126,1.1820000410079956,1271768960.0,1509246080.0,2265151.0
2025-06-11,1.1859999895095825,1.1890000104904175,1.184999942779541,1.1859999895095825,686279424.0,814586560.0,2265151.0
2025-06-12,1.180999994277954,1.1829999685287476,1.1779999732971191,1.1820000410079956,727969920.0,859294336.0,2265151.0
2025-06-13,1.1670000553131104,1.1720000505447388,1.1629999876022339,1.1690000295639038,1078848896.0,1260051200.0,2265151.0
2025-06-16,1.1740000247955322,1.180999994277954,1.1729999780654907,1.1790000200271606,1017072896.0,1197198976.0,2265151.0
2025-06-17,1.184000015258789,1.187000036239624,1.180999994277954,1.184000015258789,906874304.0,1073746816.0,2265151.0
2025-06-18,1.180999994277954,1.1829999685287476,1.1790000200271606,1.1799999475479126,638709312.0,753971520.0,2265151.0
2025-06-19,1.1729999780654907,1.1770000457763672,1.1710000038146973,1.1729999780654907,609248896.0,715242944.0,2265151.0
2025-06-20,1.1740000247955322,1.1779999732971191,1.1720000505447388,1.1749999523162842,596715712.0,701177600.0,2265151.0
2025-06-23,1.1660000085830688,1.1729999780654907,1.1649999618530273,1.1710000038146973,630747328.0,737480192.0,2265151.0
2025-06-24,1.1929999589920044,1.2009999752044678,1.190999984741211,1.2000000476837158,1071119936.0,1279503360.0,2265151.0
2025-06-25,1.2000000476837158,1.2029999494552612,1.1990000009536743,1.2020000219345093,532405504.0,639493952.0,2265151.0
2025-06-26,1.2039999961853027,1.2070000171661377,1.2009999752044678,1.2050000429153442,749730176.0,902625728.0,2265151.0
2025-06-27,1.2130000591278076,1.2200000286102295,1.2120000123977661,1.218000054359436,921170304.0,1120207360.0,2265151.0
2025-06-30,1.2239999771118164,1.2280000448226929,1.2230000495910645,1.2259999513626099,683350784.0,837653696.0,2265151.0
2025-07-01,1.2280000448226929,1.2280000448226929,1.2200000286102295,1.2200000286102295,678941120.0,831088896.0,2265151.0
2025-07-02,1.215000033378601,1.222000002861023,1.2130000591278076,1.2200000286102295,819690688.0,998114368.0,2265151.0
2025-07-03,1.225000023841858,1.2269999980926514,1.222000002861023,1.2230000495910645,665775424.0,814963968.0,2265151.0
2025-07-04,1.2339999675750732,1.2339999675750732,1.2300000190734863,1.2300000190734863,710126208.0,874724416.0,2265151.0
2025-07-07,1.2280000448226929,1.2319999933242798,1.2280000448226929,1.2289999723434448,524028416.0,644171328.0,2265151.0
2025-07-08,1.2289999723434448,1.2300000190734863,1.2259999513626099,1.2300000190734863,690199488.0,847847872.0,2265151.0
2025-07-09,1.2280000448226929,1.2289999723434448,1.222000002861023,1.2239999771118164,627348608.0,768596928.0,2265151.0
2025-07-10,1.2300000190734863,1.2319999933242798,1.2289999723434448,1.2309999465942383,622495872.0,766328576.0,2265151.0
2025-07-11,1.2269999980926514,1.2289999723434448,1.2259999513626099,1.2280000448226929,795591424.0,976447360.0,2265151.0
2025-07-14,1.222000002861023,1.2230000495910645,1.218999981880188,1.2200000286102295,516510592.0,630616128.0,2265151.0
2025-07-15,1.2289999723434448,1.2400000095367432,1.2280000448226929,1.2389999628067017,1190022656.0,1470183168.0,2265151.0
2025-07-16,1.2330000400543213,1.2339999675750732,1.2300000190734863,1.2309999465942383,644032000.0,793650752.0,2265151.0
2025-07-17,1.2359999418258667,1.2419999837875366,1.2330000400543213,1.2410000562667847,665000192.0,822653056.0,2265151.0
2025-07-18,1.246999979019165,1.2510000467300415,1.246000051498413,1.2489999532699585,664389312.0,829567104.0,2265151.0
2025-07-21,1.2489999532699585,1.25,1.246999979019165,1.2480000257492065,553562112.0,690922944.0,2265151.0
2025-07-22,1.2510000467300415,1.253000020980835,1.246999979019165,1.2489999532699585,536438592.0,670421376.0,2265151.0
2025-07-23,1.24399995803833,1.246999979019165,1.2430000305175781,1.246999979019165,567270784.0,706188608.0,2265151.0
2025-07-24,1.2519999742507935,1.253000020980835,1.246999979019165,1.2480000257492065,531459904.0,664288960.0,2265151.0
2025-07-25,1.2519999742507935,1.253000020980835,1.25,1.25,451071712.0,564415936.0,2265151.0
2025-07-28,1.2580000162124634,1.2649999856948853,1.2580000162124634,1.2630000114440918,726681024.0,916612352.0,2265151.0
2025-07-29,1.2630000114440918,1.2640000581741333,1.2599999904632568,1.2630000114440918,521266304.0,657862784.0,2265151.0
2025-07-30,1.2589999437332153,1.2610000371932983,1.2580000162124634,1.2589999437332153,362764064.0,456981504.0,2265151.0
2025-07-31,1.2769999504089355,1.2799999713897705,1.2760000228881836,1.2790000438690186,961457280.0,1228478208.0,2265151.0
2025-08-01,1.2549999952316284,1.2589999437332153,1.253999948501587,1.2549999952316284,858829824.0,1079315584.0,2265151.0
2025-08-04,1.2350000143051147,1.2380000352859497,1.2330000400543213,1.2369999885559082,765225472.0,945400000.0,2265151.0
2025-08-05,1.25600004196167,1.2599999904632568,1.253999948501587,1.2599999904632568,602725120.0,757464960.0,2265151.0
2025-08-06,1.24399995803833,1.2549999952316284,1.2430000305175781,1.253000020980835,721019648.0,900851712.0,2265151.0
2025-08-07,1.2669999599456787,1.2680000066757202,1.2610000371932983,1.2630000114440918,738003072.0,933261504.0,2265151.0
2025-08-08,1.2680000066757202,1.2690000534057617,1.2649999856948853,1.2669999599456787,446314304.0,565484992.0,2265151.0
2025-08-11,1.277999997138977,1.2829999923706055,1.277999997138977,1.2829999923706055,650271872.0,832542592.0,2265151.0
2025-08-12,1.277999997138977,1.2799999713897705,1.274999976158142,1.2790000438690186,687744832.0,878949440.0,2265151.0
2025-08-13,1.2929999828338623,1.2949999570846558,1.2879999876022339,1.2929999828338623,948417984.0,1224942848.0,2265151.0
2025-08-14,1.2899999618530273,1.2910000085830688,1.2879999876022339,1.2899999618530273,419864192.0,541447232.0,2265151.0
2025-08-15,1.2910000085830688,1.2940000295639038,1.2890000343322754,1.2940000295639038,528677696.0,682544064.0,2265151.0
2025-08-18,1.2890000343322754,1.2910000085830688,1.281000018119812,1.2829999923706055,872391104.0,1122331520.0,2265151.0
2025-08-19,1.2829999923706055,1.2829999923706055,1.2769999504089355,1.2799999713897705,580718208.0,743367168.0,2265151.0
2025-08-20,1.2599999904632568,1.2640000581741333,1.2580000162124634,1.2640000581741333,853562816.0,1075877888.0,2265151.0
2025-08-21,1.2589999437332153,1.2680000066757202,1.2569999694824219,1.2680000066757202,1210211456.0,1529424640.0,2265151.0
2025-08-22,1.2610000371932983,1.2649999856948853,1.25600004196167,1.25600004196167,852904512.0,1074887680.0,2265151.0
2025-08-25,1.2740000486373901,1.2769999504089355,1.2730000019073486,1.2760000228881836,1027032960.0,1309360000.0,2265151.0
2025-08-26,1.2710000276565552,1.2719999551773071,1.2680000066757202,1.2680000066757202,518637312.0,658299328.0,2265151.0
2025-08-27,1.2760000228881836,1.281000018119812,1.2740000486373901,1.281000018119812,536959808.0,685656640.0,2265151.0
2025-08-28,1.2740000486373901,1.2769999504089355,1.2690000534057617,1.2710000276565552,805307072.0,1024676992.0,2265151.0
2025-08-29,1.2760000228881836,1.2769999504089355,1.2710000276565552,1.2710000276565552,683761920.0,870387904.0,2265151.0
2025-09-01,1.2619999647140503,1.2630000114440918,1.2519999742507935,1.2569999694824219,898001600.0,1128196224.0,2265151.0
2025-09-02,1.2589999437332153,1.2589999437332153,1.2549999952316284,1.2580000162124634,638327424.0,802264448.0,2265151.0
2025-09-03,1.2510000467300415,1.2580000162124634,1.25,1.25600004196167,633512832.0,794311104.0,2265151.0
2025-09-04,1.2640000581741333,1.2669999599456787,1.2619999647140503,1.2630000114440918,870282304.0,1100481792.0,2265151.0
2025-09-05,1.2760000228881836,1.277999997138977,1.2740000486373901,1.277999997138977,668079808.0,852686080.0,2265151.0
2025-09-08,1.2760000228881836,1.2769999504089355,1.2719999551773071,1.2719999551773071,607980608.0,774267136.0,2265151.0
2025-09-09,1.274999976158142,1.2769999504089355,1.2730000019073486,1.2769999504089355,561569920.0,716023936.0,2265151.0
2025-09-10,1.2790000438690186,1.284000039100647,1.2790000438690186,1.2829999923706055,721502720.0,924170176.0,2265151.0
2025-09-11,1.281000018119812,1.281999945640564,1.2769999504089355,1.281999945640564,543196800.0,695236480.0,2265151.0
2025-09-12,1.2869999408721924,1.2869999408721924,1.284000039100647,1.2860000133514404,416471584.0,535487488.0,2265151.0
2025-09-15,1.2910000085830688,1.2949999570846558,1.2899999618530273,1.2929999828338623,648065088.0,837301440.0,2265151.0
2025-09-16,1.3009999990463257,1.3040000200271606,1.3009999990463257,1.3029999732971191,585006528.0,761796672.0,2265151.0
2025-09-17,1.2990000247955322,1.2999999523162842,1.2940000295639038,1.2979999780654907,897369152.0,1163262336.0,2265151.0
2025-09-18,1.3009999990463257,1.3070000410079956,1.2999999523162842,1.3070000410079956,1038767296.0,1355097856.0,2265151.0
2025-09-19,1.3109999895095825,1.315999984741211,1.309999942779541,1.309999942779541,899836800.0,1181724032.0,2265151.0
2025-09-22,1.3200000524520874,1.3240000009536743,1.3179999589920044,1.3229999542236328,684741696.0,905225856.0,2265151.0
2025-09-23,1.3329999446868896,1.3450000286102295,1.3320000171661377,1.3420000076293945,1346687360.0,1801148416.0,2265151.0
2025-09-24,1.3289999961853027,1.3300000429153442,1.3240000009536743,1.3289999961853027,1156537472.0,1535410048.0,2265151.0
2025-09-25,1.3250000476837158,1.3279999494552612,1.3229999542236328,1.3240000009536743,493246016.0,653608896.0,2265151.0
2025-09-26,1.319000005722046,1.3240000009536743,1.315000057220459,1.3200000524520874,714454528.0,942490432.0,2265151.0
2025-09-29,1.3279999494552612,1.340000033378601,1.3279999494552612,1.340000033378601,685387200.0,912361472.0,2265151.0
2025-09-30,1.3370000123977661,1.343999981880188,1.3359999656677246,1.3389999866485596,1023947072.0,1371983360.0,2265151.0
2025-10-09,1.3669999837875366,1.3669999837875366,1.3569999933242798,1.3630000352859497,1020268608.0,1389719808.0,2265151.0
2025-10-10,1.3639999628067017,1.3730000257492065,1.3600000143051147,1.3660000562667847,1146835840.0,1566942848.0,2265151.0
2025-10-13,1.3339999914169312,1.3530000448226929,1.3329999446868896,1.347000002861023,1803838720.0,2414862592.0,2265151.0
2025-10-14,1.3619999885559082,1.3639999628067017,1.3309999704360962,1.3309999704360962,1458861056.0,1964034304.0,2265151.0
2025-10-15,1.3380000591278076,1.3539999723434448,1.3359999656677246,1.3530000448226929,1137264640.0,1530230784.0,2265151.0
2025-10-16,1.3489999771118164,1.3650000095367432,1.347000002861023,1.3630000352859497,735701952.0,996049344.0,2265151.0
2025-10-17,1.3539999723434448,1.3569999933242798,1.3289999961853027,1.3289999961853027,1477579264.0,1983591296.0,2265151.0
2025-10-20,1.3550000190734863,1.371999979019165,1.3539999723434448,1.36899995803833,1341880064.0,1826383616.0,2265151.0
2025-10-21,1.3899999856948853,1.3919999599456787,1.3769999742507935,1.3899999856948853,1076158976.0,1491577984.0,2265151.0
2025-10-22,1.3849999904632568,1.4220000505447388,1.38100004196167,1.409999966621399,2132606464.0,2998666752.0,2265151.0
2025-10-23,1.4010000228881836,1.4129999876022339,1.3919999599456787,1.409999966621399,978225024.0,1373396480.0,2265151.0
2025-10-24,1.434999942779541,1.4359999895095825,1.4199999570846558,1.4299999475479126,942901824.0,1344396416.0,2265151.0
2025-10-27,1.4459999799728394,1.4620000123977661,1.4450000524520874,1.4579999446868896,1376339072.0,2000717952.0,2265151.0
2025-10-28,1.468999981880188,1.4830000400543213,1.4329999685287476,1.4559999704360962,1887481472.0,2754360832.0,2265151.0
2025-10-29,1.4730000495910645,1.4839999675750732,1.4609999656677246,1.4809999465942383,1089977216.0,1604974464.0,2265151.0
2025-10-30,1.4769999980926514,1.4859999418258667,1.4609999656677246,1.4620000123977661,1489566080.0,2196497408.0,2265151.0
2025-10-31,1.465000033378601,1.4739999771118164,1.4529999494552612,1.4579999446868896,1097764992.0,1604341888.0,2265151.0
2025-11-03,1.4630000591278076,1.4639999866485596,1.4520000219345093,1.4559999704360962,849203456.0,1238578944.0,2265151.0
2025-11-04,1.4550000429153442,1.4559999704360962,1.4249999523162842,1.4359999895095825,1071613760.0,1540776576.0,2265151.0
2025-11-05,1.399999976158142,1.4279999732971191,1.3919999599456787,1.4249999523162842,1658065920.0,2339732992.0,2265151.0
2025-11-06,1.430999994277954,1.4529999494552612,1.4279999732971191,1.4509999752044678,1037432576.0,1497388032.0,2265151.0
2025-11-07,1.4270000457763672,1.444000005722046,1.4220000505447388,1.434999942779541,1133546240.0,1625561856.0,2265151.0
2025-11-10,1.4490000009536743,1.4630000591278076,1.4470000267028809,1.4620000123977661,1074220672.0,1559805952.0,2265151.0
2025-11-11,1.4780000448226929,1.4819999933242798,1.4609999656677246,1.4670000076293945,950891968.0,1399584768.0,2265151.0
2025-11-12,1.472000002861023,1.4759999513626099,1.4670000076293945,1.472000002861023,862108288.0,1268673664.0,2265151.0
2025-11-13,1.468000054359436,1.468999981880188,1.4630000591278076,1.4670000076293945,662337792.0,971420928.0,2265151.0
2025-11-14,1.437000036239624,1.4450000524520874,1.4249999523162842,1.4270000457763672,1235956352.0,1775516288.0,2265151.0
2025-11-17,1.4420000314712524,1.4470000267028809,1.4119999408721924,1.4279999732971191,1083724160.0,1558377088.0,2265151.0
2025-11-18,1.406000018119812,1.4129999876022339,1.378999948501587,1.38100004196167,1472650112.0,2052478976.0,2265151.0
2025-11-19,1.3760000467300415,1.3919999599456787,1.3739999532699585,1.3760000467300415,1239376768.0,1713046656.0,2265151.0
2025-11-20,1.409999966621399,1.4279999732971191,1.4079999923706055,1.4270000457763672,1344139008.0,1904630912.0,2265151.0
2025-11-21,1.3700000047683716,1.3869999647140503,1.3680000305175781,1.3830000162124634,1273442944.0,1757112320.0,2265151.0
2025-11-24,1.3980000019073486,1.4019999504089355,1.3860000371932983,1.3940000534057617,662555520.0,924047296.0,2265151.0
2025-11-25,1.4290000200271606,1.4290000200271606,1.4190000295639038,1.4220000505447388,814457728.0,1159794304.0,2265151.0
2025-11-26,1.4329999685287476,1.4459999799728394,1.4320000410079956,1.4429999589920044,863879424.0,1242234880.0,2265151.0
2025-11-27,1.4529999494552612,1.4539999961853027,1.437000036239624,1.437000036239624,609077120.0,880539328.0,2265151.0
2025-11-28,1.4450000524520874,1.4539999961853027,1.440000057220459,1.4520000219345093,543352320.0,785924928.0,2265151.0
2025-12-01,1.4429999589920044,1.4490000009536743,1.4359999895095825,1.4390000104904175,999373056.0,1441268992.0,2265151.0
2025-12-02,1.4479999542236328,1.4490000009536743,1.4359999895095825,1.440000057220459,785543488.0,1131855488.0,2265151.0
2025-12-03,1.4500000476837158,1.4630000591278076,1.4490000009536743,1.4579999446868896,1029406272.0,1499907200.0,2265151.0
2025-12-04,1.4570000171661377,1.4609999656677246,1.4539999961853027,1.4579999446868896,513549856.0,748293248.0,2265151.0
2025-12-05,1.4609999656677246,1.4609999656677246,1.4559999704360962,1.4589999914169312,488655232.0,712841216.0,2265151.0
2025-12-08,1.4600000381469727,1.4609999656677246,1.4500000476837158,1.4529999494552612,644997888.0,938372672.0,2265151.0
2025-12-09,1.4479999542236328,1.4490000009536743,1.430999994277954,1.4320000410079956,743849920.0,1068040064.0,2265151.0
2025-12-10,1.430999994277954,1.4459999799728394,1.4270000457763672,1.440000057220459,790556416.0,1136494208.0,2265151.0
2025-12-11,1.437999963760376,1.4450000524520874,1.4229999780654907,1.4279999732971191,787447808.0,1128364160.0,2265151.0
2025-12-12,1.437000036239624,1.437999963760376,1.4290000200271606,1.430999994277954,535702336.0,767681152.0,2265151.0
2025-12-15,1.4110000133514404,1.4190000295639038,1.409000039100647,1.4140000343322754,693671744.0,980993280.0,2265151.0
2025-12-16,1.4040000438690186,1.406999945640564,1.3880000114440918,1.3940000534057617,671422272.0,936955200.0,2265151.0
2025-12-17,1.402999997138977,1.4119999408721924,1.399999976158142,1.406999945640564,860842048.0,1210441984.0,2265151.0
2025-12-18,1.3880000114440918,1.3949999809265137,1.3860000371932983,1.3949999809265137,541010432.0,752637184.0,2265151.0
2025-12-19,1.409999966621399,1.4160000085830688,1.406999945640564,1.4140000343322754,600638784.0,847712192.0,2265151.0
2025-12-22,1.437999963760376,1.440999984741211,1.4359999895095825,1.440999984741211,546523392.0,786454272.0,2265151.0
2025-12-23,1.440999984741211,1.4420000314712524,1.434000015258789,1.434999942779541,498414112.0,716156864.0,2265151.0
2025-12-24,1.440000057220459,1.440999984741211,1.430999994277954,1.4320000410079956,318757376.0,457551200.0,2265151.0
2025-12-25,1.4320000410079956,1.4320000410079956,1.4240000247955322,1.4259999990463257,481457088.0,687041792.0,2265151.0
2025-12-26,1.4290000200271606,1.430999994277954,1.4240000247955322,1.4240000247955322,378605024.0,540685184.0,2265151.0
2025-12-29,1.4199999570846558,1.4199999570846558,1.409999966621399,1.4160000085830688,436659008.0,616983808.0,2265151.0
2025-12-30,1.409000039100647,1.4199999570846558,1.4040000438690186,1.4199999570846558,457789408.0,645200320.0,2265151.0
2025-12-31,1.4119999408721924,1.4149999618530273,1.4079999923706055,1.4129999876022339,417232736.0,588734656.0,2265151.0
2026-01-05,1.4160000085830688,1.430999994277954,1.4160000085830688,1.4299999475479126,708057024.0,1009513024.0,2265151.0
2026-01-06,1.4279999732971191,1.4320000410079956,1.4229999780654907,1.4299999475479126,572066112.0,816795648.0,2265151.0
2026-01-07,1.434999942779541,1.434999942779541,1.4259999990463257,1.4270000457763672,443997120.0,634400704.0,2265151.0
2026-01-08,1.4249999523162842,1.4270000457763672,1.4179999828338623,1.4220000505447388,327486912.0,465726752.0,2265151.0
2026-01-09,1.4170000553131104,1.4220000505447388,1.4129999876022339,1.4179999828338623,526602048.0,746347904.0,2265151.0
2026-01-12,1.4170000553131104,1.4190000295639038,1.4110000133514404,1.4119999408721924,547049728.0,774137664.0,2265151.0
2026-01-13,1.4129999876022339,1.4249999523162842,1.4049999713897705,1.4210000038146973,907046720.0,1281885952.0,2265151.0
2026-01-14,1.4170000553131104,1.4179999828338623,1.409999966621399,1.4129999876022339,532728064.0,752520960.0,2265151.0
2026-01-15,1.4019999504089355,1.4149999618530273,1.399999976158142,1.4129999876022339,676050496.0,951811840.0,2265151.0
2026-01-16,1.4129999876022339,1.4170000553131104,1.4019999504089355,1.409999966621399,610372608.0,859869056.0,2265151.0
2026-01-19,1.3919999599456787,1.4010000228881836,1.3910000324249268,1.3949999809265137,521940768.0,728979904.0,2265151.0
2026-01-20,1.3960000276565552,1.3990000486373901,1.3839999437332153,1.3860000371932983,397670496.0,553456640.0,2265151.0
2026-01-21,1.378999948501587,1.3860000371932983,1.3739999532699585,1.38100004196167,445677696.0,615388416.0,2265151.0
2026-01-22,1.3949999809265137,1.409999966621399,1.3940000534057617,1.409000039100647,698804608.0,981161408.0,2265151.0
2026-01-23,1.4129999876022339,1.4149999618530273,1.3969999551773071,1.4010000228881836,677585984.0,952398848.0,2265151.0
2026-01-26,1.3969999551773071,1.3980000019073486,1.3860000371932983,1.3869999647140503,535087808.0,744911360.0,2265151.0
2026-01-27,1.3969999551773071,1.406999945640564,1.3940000534057617,1.402999997138977,666463616.0,933941376.0,2265151.0
2026-01-28,1.4119999408721924,1.4179999828338623,1.409999966621399,1.4179999828338623,735816064.0,1041022336.0,2265151.0
2026-01-29,1.406999945640564,1.4110000133514404,1.4040000438690186,1.409000039100647,413171808.0,581530752.0,2265151.0
2026-01-30,1.3960000276565552,1.4040000438690186,1.3940000534057617,1.3960000276565552,521722880.0,729678720.0,2265151.0
2026-02-02,1.3880000114440918,1.3919999599456787,1.3569999933242798,1.3589999675750732,925317376.0,1270741504.0,2265151.0
2026-02-03,1.3890000581741333,1.3919999599456787,1.3760000467300415,1.3880000114440918,918588288.0,1272704512.0,2265151.0
2026-02-04,1.3650000095367432,1.378999948501587,1.3619999885559082,1.378999948501587,675679424.0,924420928.0,2265151.0
2026-02-05,1.3639999628067017,1.36899995803833,1.3589999675750732,1.3669999837875366,580643200.0,791922432.0,2265151.0
2026-02-06,1.340999960899353,1.3459999561309814,1.3380000591278076,1.343999981880188,921717504.0,1237364992.0,2265151.0
2026-02-09,1.36899995803833,1.3739999532699585,1.3660000562667847,1.371000051498413,728632192.0,997765760.0,2265151.0
2026-02-10,1.3760000467300415,1.3760000467300415,1.3700000047683716,1.3739999532699585,399060704.0,548145088.0,2265151.0
2026-02-11,1.371000051498413,1.3730000257492065,1.3680000305175781,1.3700000047683716,375778720.0,514854976.0,2265151.0
2026-02-12,1.3680000305175781,1.3739999532699585,1.3660000562667847,1.36899995803833,423574304.0,580199424.0,2265151.0
2026-02-13,1.350000023841858,1.3630000352859497,1.347000002861023,1.3630000352859497,523736512.0,709299584.0,2265151.0
2026-02-24,1.3539999723434448,1.3559999465942383,1.3450000286102295,1.3519999980926514,495198592.0,668444096.0,2265151.0
2026-02-25,1.3600000143051147,1.3619999885559082,1.3519999980926514,1.3530000448226929,372669952.0,505858560.0,2265151.0
2026-02-26,1.3619999885559082,1.3660000562667847,1.3589999675750732,1.3609999418258667,465887872.0,634371648.0,2265151.0
2026-02-27,1.350000023841858,1.3519999980926514,1.347000002861023,1.350000023841858,327560960.0,442124032.0,2265151.0
2026-03-02,1.340999960899353,1.3450000286102295,1.3359999656677246,1.3370000123977661,439728992.0,589341504.0,2265151.0
2026-03-03,1.3450000286102295,1.3450000286102295,1.3300000429153442,1.3320000171661377,441829216.0,590554880.0,2265151.0
2026-03-04,1.3250000476837158,1.3289999961853027,1.309999942779541,1.3109999895095825,629279872.0,830571392.0,2265151.0
2026-03-05,1.3350000381469727,1.343999981880188,1.3320000171661377,1.343000054359436,633616704.0,847779648.0,2265151.0
2026-03-06,1.3380000591278076,1.347000002861023,1.3339999914169312,1.3420000076293945,428602784.0,574273344.0,2265151.0
2026-03-09,1.3009999990463257,1.3170000314712524,1.2999999523162842,1.309999942779541,826815808.0,1080053120.0,2265151.0
2026-03-10,1.3350000381469727,1.3370000123977661,1.3300000429153442,1.3320000171661377,684487040.0,912727040.0,2265151.0
2026-03-11,1.3350000381469727,1.340000033378601,1.3329999446868896,1.3350000381469727,364053792.0,486601056.0,2265151.0
2026-03-12,1.3289999961853027,1.3320000171661377,1.3259999752044678,1.3270000219345093,422598720.0,561503040.0,2265151.0
2026-03-13,1.319000005722046,1.3200000524520874,1.3140000104904175,1.315000057220459,336064832.0,442651456.0,2265151.0
2026-03-16,1.312999963760376,1.3250000476837158,1.309999942779541,1.3240000009536743,517909920.0,681727232.0,2265151.0
2026-03-17,1.3250000476837158,1.3289999961853027,1.315999984741211,1.315999984741211,498848096.0,660747840.0,2265151.0
2026-03-18,1.3279999494552612,1.3380000591278076,1.3259999752044678,1.3329999446868896,689354752.0,918497152.0,2265151.0
2026-03-19,1.3170000314712524,1.319000005722046,1.3070000410079956,1.309000015258789,612822592.0,804858368.0,2265151.0
2026-03-20,1.312000036239624,1.3140000104904175,1.2960000038146973,1.2999999523162842,358696000.0,468851872.0,2265151.0
2026-03-23,1.2799999713897705,1.2799999713897705,1.2450000047683716,1.2569999694824219,1042788544.0,1316925824.0,2265151.0
2026-03-24,1.2719999551773071,1.284000039100647,1.2610000371932983,1.281000018119812,1091531392.0,1386048512.0,2265151.0
2026-03-25,1.2879999876022339,1.2940000295639038,1.284999966621399,1.2920000553131104,875575360.0,1129268608.0,2265151.0
2026-03-26,1.2899999618530273,1.2929999828338623,1.277999997138977,1.281000018119812,454734368.0,584562816.0,2265151.0
2026-03-27,1.2599999904632568,1.2799999713897705,1.2580000162124634,1.2760000228881836,612187200.0,777521664.0,2265151.0
2026-03-30,1.2510000467300415,1.2569999694824219,1.24399995803833,1.253999948501587,994930496.0,1244369920.0,2265151.0
2026-03-31,1.25,1.2610000371932983,1.246000051498413,1.2510000467300415,755315072.0,946468736.0,2265151.0
2026-04-01,1.284000039100647,1.3070000410079956,1.281999945640564,1.3029999732971191,960290688.0,1239401472.0,2265151.0
2026-04-02,1.2929999828338623,1.2949999570846558,1.277999997138977,1.284000039100647,632686016.0,812901952.0,2265151.0
2026-04-03,1.2979999780654907,1.2999999523162842,1.2829999923706055,1.284000039100647,432845344.0,558078976.0,2265151.0
2026-04-07,1.2879999876022339,1.2899999618530273,1.2829999923706055,1.284000039100647,412774560.0,530993632.0,2265151.0
2026-04-08,1.3250000476837158,1.3530000448226929,1.3240000009536743,1.350000023841858,1286000640.0,1720283648.0,2265151.0
2026-04-09,1.3300000429153442,1.3450000286102295,1.3279999494552612,1.3359999656677246,938254208.0,1253102080.0,2265151.0
2026-04-10,1.347000002861023,1.3580000400543213,1.340999960899353,1.347000002861023,624282816.0,843191104.0,2265151.0
2026-04-13,1.3389999866485596,1.340999960899353,1.3329999446868896,1.3380000591278076,676353472.0,904264768.0,2265151.0
2026-04-14,1.3609999418258667,1.3630000352859497,1.3559999465942383,1.3589999675750732,585582656.0,795998912.0,2265151.0
2026-04-15,1.3860000371932983,1.3899999856948853,1.378000020980835,1.3830000162124634,824036032.0,1140522752.0,2265151.0
2026-04-16,1.4049999713897705,1.4140000343322754,1.4049999713897705,1.4119999408721924,821269056.0,1157109376.0,2265151.0
2026-04-17,1.4079999923706055,1.409000039100647,1.399999976158142,1.4040000438690186,568367104.0,798182464.0,2265151.0
2026-04-20,1.4119999408721924,1.4129999876022339,1.402999997138977,1.4040000438690186,539090496.0,758890304.0,2265151.0
2026-04-21,1.406999945640564,1.409999966621399,1.3869999647140503,1.399999976158142,873330432.0,1222634240.0,2265151.0
2026-04-22,1.399999976158142,1.4079999923706055,1.3960000276565552,1.406999945640564,861233792.0,1207397376.0,2265151.0
2026-04-23,1.4160000085830688,1.4199999570846558,1.409000039100647,1.4170000553131104,1014744000.0,1435549568.0,2265151.0
2026-04-24,1.4179999828338623,1.4199999570846558,1.4149999618530273,1.4179999828338623,557189504.0,789569856.0,2265151.0
2026-04-27,1.4320000410079956,1.4550000429153442,1.4320000410079956,1.4500000476837158,1265093504.0,1825509760.0,2265151.0
2026-04-28,1.4500000476837158,1.4620000123977661,1.4490000009536743,1.4570000171661377,985291328.0,1435560832.0,2265151.0
2026-04-29,1.4500000476837158,1.4570000171661377,1.4470000267028809,1.4520000219345093,684434688.0,993568576.0,2265151.0
2026-04-30,1.4609999656677246,1.4700000286102295,1.4509999752044678,1.4559999704360962,751055232.0,1096660864.0,2265151.0
2026-05-06,1.5019999742507935,1.5019999742507935,1.4900000095367432,1.496000051498413,1072057088.0,1603072128.0,2265151.0
2026-05-07,1.5130000114440918,1.5399999618530273,1.5119999647140503,1.5369999408721924,1278240896.0,1952711936.0,2265151.0
2026-05-08,1.531999945640564,1.5449999570846558,1.5230000019073486,1.5399999618530273,942178368.0,1443206784.0,2265151.0
2026-05-11,1.5679999589920044,1.5770000219345093,1.565000057220459,1.5770000219345093,730484992.0,1148581888.0,2265151.0
2026-05-12,1.5700000524520874,1.5700000524520874,1.555999994277954,1.5579999685287476,701246016.0,1097341184.0,2265151.0
2026-05-13,1.5499999523162842,1.5720000267028809,1.5490000247955322,1.5709999799728394,898103424.0,1400016896.0,2265151.0
2026-05-14,1.5889999866485596,1.590999960899353,1.5679999589920044,1.5770000219345093,882448768.0,1392375552.0,2265151.0
2026-05-15,1.5770000219345093,1.5839999914169312,1.5540000200271606,1.5640000104904175,1415783936.0,2223670016.0,2265151.0
2026-05-18,1.5410000085830688,1.5460000038146973,1.5190000534057617,1.5240000486373901,1882305024.0,2887101440.0,2265151.0
2026-05-19,1.5199999809265137,1.5269999504089355,1.5080000162124634,1.5199999809265137,1168874112.0,1772413056.0,2265151.0
2026-05-20,1.5119999647140503,1.534999966621399,1.503000020980835,1.5329999923706055,1199998592.0,1817694080.0,2265151.0
2026-05-21,1.5529999732971191,1.5720000267028809,1.5479999780654907,1.5609999895095825,1371254528.0,2140888320.0,2265151.0
2026-05-22,1.5759999752044678,1.590999960899353,1.5709999799728394,1.5880000591278076,1022269824.0,1617557376.0,2265151.0
2026-05-25,1.6260000467300415,1.6540000438690186,1.621000051498413,1.6449999809265137,1652868608.0,2701881344.0,2265151.0
2026-05-26,1.6330000162124634,1.6430000066757202,1.6100000143051147,1.6139999628067017,1108711424.0,1804010752.0,2265151.0
2026-05-27,1.6390000581741333,1.6519999504089355,1.6330000162124634,1.6490000486373901,1280918784.0,2104552576.0,2265151.0
2026-05-28,1.6449999809265137,1.6490000486373901,1.6160000562667847,1.6460000276565552,1262470400.0,2066450304.0,2265151.0
2026-05-29,1.659999966621399,1.694000005722046,1.659999966621399,1.694000005722046,1357321472.0,2282694144.0,2265151.0
2026-06-01,1.7050000429153442,1.7730000019073486,1.7050000429153442,1.7640000581741333,2258493696.0,3944778240.0,2265151.0
2026-06-02,1.7640000581741333,1.7640000581741333,1.7079999446868896,1.7350000143051147,1872155392.0,3254038784.0,2265151.0
2026-06-03,1.7350000143051147,1.7450000047683716,1.687999963760376,1.7070000171661377,1468071040.0,2516223488.0,2265151.0
2026-06-04,1.6790000200271606,1.687000036239624,1.6649999618530273,1.6729999780654907,1245324288.0,2085285248.0,2265151.0
2026-06-05,1.6469999551773071,1.6820000410079956,1.628999948501587,1.6410000324249268,1343738880.0,2224376320.0,2265151.0
2026-06-08,1.5720000267028809,1.6039999723434448,1.5609999895095825,1.569000005722046,2265208576.0,3584329216.0,2265151.0
2026-06-09,1.5980000495910645,1.6360000371932983,1.593999981880188,1.6319999694824219,1985818240.0,3202566144.0,2265151.0
2026-06-10,1.5980000495910645,1.6030000448226929,1.5770000219345093,1.5850000381469727,1456814976.0,2314456832.0,2265151.0
2026-06-11,1.5759999752044678,1.5839999914169312,1.5460000038146973,1.5759999752044678,1722067072.0,2689192448.0,2265151.0
2026-06-12,1.6349999904632568,1.6360000371932983,1.597000002861023,1.5980000495910645,1574182656.0,2552716032.0,2265151.0
2026-06-15,1.649999976158142,1.6790000200271606,1.6399999856948853,1.6770000457763672,1513793408.0,2515079168.0,2265151.0
2026-06-16,1.6820000410079956,1.7079999446868896,1.6820000410079956,1.6920000314712524,1216413696.0,2061115008.0,2265151.0
2026-06-17,1.6710000038146973,1.6979999542236328,1.6679999828338623,1.6979999542236328,1330003072.0,2236867328.0,2265151.0
2026-06-18,1.6890000104904175,1.6970000267028809,1.6619999408721924,1.6929999589920044,1542320512.0,2591222016.0,2265151.0
2026-06-22,1.6929999589920044,1.6929999589920044,1.6729999780654907,1.6859999895095825,1408197120.0,2367547648.0,2265151.0
2026-06-23,1.6619999408721924,1.6660000085830688,1.621000051498413,1.628000020980835,1521198720.0,2501151744.0,2265151.0
2026-06-24,1.6200000047683716,1.6469999551773071,1.6160000562667847,1.6440000534057617,1472956288.0,2405221888.0,2265151.0
2026-06-25,1.6579999923706055,1.6640000343322754,1.6410000324249268,1.656999945640564,1180197120.0,1954523520.0,2265151.0
2026-06-26,1.600000023841858,1.6169999837875366,1.5920000076293945,1.6089999675750732,1291896576.0,2077382272.0,2265151.0
2026-06-29,1.6100000143051147,1.6299999952316284,1.6080000400543213,1.6299999952316284,917829888.0,1484716544.0,2265151.0
2026-06-30,1.6540000438690186,1.659999966621399,1.6460000276565552,1.6480000019073486,901818752.0,1491381504.0,2265151.0
2026-07-01,1.6660000085830688,1.6679999828338623,1.6449999809265137,1.6519999504089355,910466496.0,1508842752.0,2265151.0
2026-07-02,1.6430000066757202,1.6460000276565552,1.6119999885559082,1.6139999628067017,785166336.0,1280267904.0,2265151.0
2026-07-03,1.6050000190734863,1.628999948501587,1.6009999513626099,1.621999979019165,903179264.0,1461246336.0,2265151.0
2026-07-06,1.6200000047683716,1.6269999742507935,1.6030000448226929,1.625,791984576.0,1279474432.0,2265151.0
2026-07-07,1.6180000305175781,1.628000020980835,1.6089999675750732,1.6239999532699585,773574720.0,1252517888.0,2265151.0
2026-07-08,1.61899995803833,1.61899995803833,1.5950000286102295,1.5950000286102295,888039424.0,1427290880.0,2265151.0
2026-07-09,1.6089999675750732,1.61899995803833,1.593999981880188,1.6180000305175781,929105664.0,1491311104.0,2265151.0
2026-07-10,1.628999948501587,1.6319999694824219,1.6169999837875366,1.61899995803833,758348416.0,1233085312.0,2265151.0
2026-07-13,1.6059999465942383,1.6200000047683716,1.6059999465942383,1.6080000400543213,727324544.0,1172023168.0,2265151.0
2026-07-14,1.600000023841858,1.6160000562667847,1.5839999914169312,1.6130000352859497,903096512.0,1446773376.0,2265151.0
2026-07-15,1.6269999742507935,1.6319999694824219,1.6200000047683716,1.628999948501587,786668800.0,1278878464.0,2265151.0
2026-07-16,1.6109999418258667,1.621999979019165,1.6080000400543213,1.6100000143051147,741845696.0,1197573888.0,2265151.0
2026-07-17,1.5809999704360962,1.5870000123977661,1.5549999475479126,1.5609999895095825,1043756160.0,1638391552.0,2265151.0
2026-07-20,1.562000036239624,1.5700000524520874,1.5509999990463257,1.5509999990463257,707396480.0,1105296512.0,2265151.0
2026-07-21,1.559000015258789,1.5889999866485596,1.555999994277954,1.5889999866485596,826245568.0,1298252032.0,2265151.0
2026-07-22,1.590000033378601,1.6039999723434448,1.5839999914169312,1.5870000123977661,747938688.0,1193224064.0,2265151.0
2026-07-23,1.597000002861023,1.597000002861023,1.5839999914169312,1.5889999866485596,570179712.0,906497856.0,2265151.0
2026-07-24,1.5609999895095825,1.5709999799728394,1.5609999895095825,1.569000005722046,529019680.0,828229376.0,2265151.0
2026-07-27,1.565999984741211,1.5789999961853027,1.5640000104904175,1.5789999961853027,618681280.0,973030848.0,2265151.0
2026-07-28,1.5470000505447388,1.5499999523162842,1.531000018119812,1.534000039100647,673492864.0,1034309504.0,2265151.0
2026-07-29,1.5379999876022339,1.5399999618530273,1.5269999504089355,1.5379999876022339,697912704.0,1069747968.0,2265151.0
2026-07-30,1.524999976158142,1.5290000438690186,1.5089999437332153,1.5160000324249268,648464832.0,984380288.0,2265151.0
2026-07-31,1.5709999799728394,1.5870000123977661,1.5679999589920044,1.5740000009536743,1178991872.0,1858237568.0,2265151.0
2026-08-03,1.5759999752044678,1.5959999561309814,1.5759999752044678,1.5850000381469727,561791680.0,891279552.0,2265151.0
2026-08-04,1.621000051498413,1.6330000162124634,1.6160000562667847,1.63100004196167,587769152.0,953514880.0,2265151.0
2026-08-05,1.6749999523162842,1.694000005722046,1.6740000247955322,1.690000057220459,759933056.0,1280170624.0,2265151.0
2026-08-06,1.6690000295639038,1.6799999475479126,1.6640000343322754,1.6699999570846558,554304384.0,925915712.0,2265151.0
2026-08-07,1.6670000553131104,1.6890000104904175,1.6640000343322754,1.687000036239624,548465536.0,918531520.0,2265151.0
2026-08-10,1.7000000476837158,1.7039999961853027,1.6829999685287476,1.684000015258789,588611648.0,996608960.0,2265151.0
2026-08-11,1.6710000038146973,1.6740000247955322,1.656000018119812,1.659000039100647,468792224.0,779578240.0,2265151.0
2026-08-12,1.652999997138977,1.6720000505447388,1.6519999504089355,1.6679999828338623,374215456.0,622640256.0,2265151.0
2026-08-13,1.6770000457763672,1.680999994277954,1.6619999408721924,1.6629999876022339,422035488.0,705818560.0,2265151.0
2026-08-14,1.684000015258789,1.6990000009536743,1.6790000200271606,1.6990000009536743,601238848.0,1014499008.0,2265151.0
2026-08-17,1.7000000476837158,1.7039999961853027,1.687999963760376,1.6979999542236328,904488960.0,1533572736.0,2265151.0
2026-08-18,1.6749999523162842,1.6779999732971191,1.6660000085830688,1.6670000553131104,516918400.0,862947840.0,2265151.0
2026-08-19,1.649999976158142,1.6510000228881836,1.6269999742507935,1.6390000581741333,860301184.0,1407391872.0,2265151.0
2026-08-20,1.6510000228881836,1.6579999923706055,1.6440000534057617,1.6469999551773071,556402112.0,918580928.0,2265151.0
2026-08-21,1.6349999904632568,1.6380000114440918,1.6269999742507935,1.6349999904632568,544798016.0,889220416.0,2265151.0
2026-08-24,1.628000020980835,1.6319999694824219,1.6119999885559082,1.6160000562667847,667669056.0,1081544576.0,2265151.0
2026-08-25,1.6100000143051147,1.649999976158142,1.6080000400543213,1.6430000066757202,1059536256.0,1728444032.0,2265151.0
2026-08-26,1.6440000534057617,1.652999997138977,1.6440000534057617,1.6460000276565552,384300224.0,633369408.0,2265151.0
2026-08-27,1.6649999618530273,1.6690000295639038,1.656999945640564,1.6629999876022339,401751136.0,668388608.0,2265151.0
2026-08-28,1.6729999780654907,1.6759999990463257,1.6579999923706055,1.6610000133514404,333498816.0,555255552.0,2265151.0
2026-08-31,1.63100004196167,1.6579999923706055,1.63100004196167,1.652999997138977,387160960.0,637124864.0,2265151.0
2026-09-01,1.6469999551773071,1.6690000295639038,1.6440000534057617,1.6649999618530273,510481408.0,846898944.0,2265151.0
2026-09-02,1.6399999856948853,1.6480000019073486,1.63100004196167,1.6339999437332153,418133600.0,686023680.0,2265151.0
2026-09-03,1.6399999856948853,1.6449999809265137,1.6339999437332153,1.6360000371932983,351049280.0,575841600.0,2265151.0
2026-09-04,1.6610000133514404,1.6649999618530273,1.6549999713897705,1.6640000343322754,427163104.0,709338880.0,2265151.0
2026-09-07,1.6679999828338623,1.6729999780654907,1.6670000553131104,1.6679999828338623,365311200.0,609952448.0,2265151.0
2026-09-08,1.6699999570846558,1.6720000505447388,1.659999966621399,1.6629999876022339,361311488.0,602262720.0,2265151.0
2026-09-09,1.6610000133514404,1.6660000085830688,1.656000018119812,1.6619999408721924,358135776.0,594651840.0,2265151.0
2026-09-10,1.649999976158142,1.656999945640564,1.6480000019073486,1.649999976158142,385987328.0,637879168.0,2265151.0
