datetime,open,high,low,close,vol,amount,float_shares
2022-04-25,0.9700000286102295,0.9779999852180481,0.9459999799728394,0.9539999961853027,175266416.0,168934720.0,302443.875
2022-04-26,0.9559999704360962,0.9710000157356262,0.9539999961853027,0.9589999914169312,32315820.0,31069436.0,302443.875
2022-04-27,0.9539999961853027,0.9750000238418579,0.949999988079071,0.9739999771118164,19145000.0,18419332.0,302443.875
2022-04-28,0.9739999771118164,0.9900000095367432,0.972000002861023,0.9890000224113464,19140176.0,18829680.0,302443.875
2022-04-29,0.9940000176429749,1.0019999742507935,0.9860000014305115,1.0,36539824.0,36374956.0,302443.875
2022-05-05,1.003000020980835,1.0099999904632568,0.9929999709129333,0.9980000257492065,13389600.0,13403530.0,302443.875
2022-05-06,0.9850000143051147,0.9879999756813049,0.9710000157356262,0.9760000109672546,6608700.0,6464980.0,302443.875
2022-05-09,0.9760000109672546,0.9760000109672546,0.9639999866485596,0.9710000157356262,3539500.0,3432445.0,302443.875
2022-05-10,0.9599999785423279,0.9729999899864197,0.9520000219345093,0.9729999899864197,14756000.0,14242402.0,302443.875
2022-05-11,0.9729999899864197,0.9879999756813049,0.972000002861023,0.9850000143051147,11550500.0,11356521.0,302443.875
2022-05-12,0.9829999804496765,0.9829999804496765,0.968999981880188,0.972000002861023,22936800.0,22318148.0,302443.875
2022-05-13,0.9729999899864197,0.9950000047683716,0.9729999899864197,0.9929999709129333,15502400.0,15331580.0,302443.875
2022-05-16,1.0,1.0010000467300415,0.9909999966621399,0.9959999918937683,6486100.0,6466037.0,302443.875
2022-05-17,1.0,1.0080000162124634,1.0,1.0080000162124634,24116500.0,24217322.0,302443.875
2022-05-18,1.0049999952316284,1.0160000324249268,1.003000020980835,1.0140000581741333,20127800.0,20326190.0,302443.875
2022-05-19,1.0089999437332153,1.0099999904632568,0.996999979019165,1.0080000162124634,11765500.0,11835900.0,302443.875
2022-05-20,1.0110000371932983,1.0299999713897705,1.0110000371932983,1.0290000438690186,23456000.0,23997856.0,302443.875
2022-05-23,1.031999945640564,1.0399999618530273,1.0169999599456787,1.0190000534057617,12105700.0,12431684.0,302443.875
2022-05-24,1.0199999809265137,1.024999976158142,1.0110000371932983,1.0110000371932983,6569000.0,6709774.0,302443.875
2022-05-25,1.0110000371932983,1.027999997138977,1.0110000371932983,1.024999976158142,17140700.0,17556372.0,302443.875
2022-05-26,1.024999976158142,1.0379999876022339,1.024999976158142,1.034000039100647,39503200.0,40820144.0,302443.875
2022-05-27,1.0410000085830688,1.0490000247955322,1.0399999618530273,1.0440000295639038,52000500.0,54357488.0,302443.875
2022-05-30,1.0460000038146973,1.0460000038146973,1.031000018119812,1.0360000133514404,59004800.0,61146644.0,302443.875
2022-05-31,1.0470000505447388,1.0470000505447388,1.034999966621399,1.0429999828338623,84165856.0,87568952.0,302443.875
2022-06-01,1.0429999828338623,1.0509999990463257,1.0410000085830688,1.0509999990463257,40941800.0,42799520.0,302443.875
2022-06-02,1.0460000038146973,1.0520000457763672,1.0429999828338623,1.0509999990463257,30292900.0,31774596.0,302443.875
2022-06-06,1.0440000295639038,1.0440000295639038,1.0360000133514404,1.0420000553131104,33892700.0,35222496.0,302443.875
2022-06-07,1.0399999618530273,1.0520000457763672,1.0399999618530273,1.0460000038146973,70043600.0,73227840.0,302443.875
2022-06-08,1.0509999990463257,1.062999963760376,1.0490000247955322,1.062999963760376,41556300.0,43779504.0,302443.875
2022-06-09,1.065000057220459,1.0740000009536743,1.0609999895095825,1.065999984741211,27041400.0,28897524.0,302443.875
2022-06-10,1.0670000314712524,1.0670000314712524,1.0490000247955322,1.0549999475479126,12123300.0,12755349.0,302443.875
2022-06-13,1.0509999990463257,1.0520000457763672,1.0420000553131104,1.0479999780654907,10103900.0,10559311.0,302443.875
2022-06-14,1.0410000085830688,1.0529999732971191,1.0379999876022339,1.0529999732971191,21807000.0,22781632.0,302443.875
2022-06-15,1.0529999732971191,1.0540000200271606,1.0399999618530273,1.0410000085830688,19584000.0,20515302.0,302443.875
2022-06-16,1.0420000553131104,1.093999981880188,1.0080000162124634,1.0110000371932983,28978800.0,29470648.0,302443.875
2022-06-17,1.003999948501587,1.0240000486373901,0.9990000128746033,1.003000020980835,14546400.0,14599945.0,302443.875
2022-06-20,1.0019999742507935,1.0019999742507935,0.9860000014305115,0.9890000224113464,21988300.0,21746746.0,302443.875
2022-06-21,0.9950000047683716,1.0089999437332153,0.9929999709129333,1.003999948501587,14447900.0,14429893.0,302443.875
2022-06-22,1.0119999647140503,1.0119999647140503,0.9919999837875366,0.9940000176429749,23952900.0,23930852.0,302443.875
2022-06-23,0.9950000047683716,1.003999948501587,0.9940000176429749,1.003999948501587,20468700.0,20443080.0,302443.875
2022-06-24,1.0,1.0,0.9929999709129333,0.9959999918937683,14218800.0,14152309.0,302443.875
2022-06-27,1.0049999952316284,1.0149999856948853,1.003999948501587,1.0130000114440918,7491300.0,7581826.0,302443.875
2022-06-28,1.0130000114440918,1.0269999504089355,1.0130000114440918,1.0260000228881836,20002100.0,20468402.0,302443.875
2022-06-29,1.031000018119812,1.0360000133514404,1.0180000066757202,1.0190000534057617,72265400.0,73959792.0,302443.875
2022-06-30,1.0230000019073486,1.0269999504089355,1.0180000066757202,1.0210000276565552,32270000.0,33053408.0,302443.875
2022-07-01,1.0210000276565552,1.0210000276565552,1.0149999856948853,1.0180000066757202,2746900.0,2795234.0,302443.875
2022-07-04,1.0119999647140503,1.0199999809265137,1.003999948501587,1.0080000162124634,14154700.0,14283446.0,302443.875
2022-07-05,1.0130000114440918,1.0240000486373901,1.0110000371932983,1.0149999856948853,24959500.0,25398458.0,302443.875
2022-07-06,1.0149999856948853,1.0149999856948853,0.9819999933242798,0.9860000014305115,53611200.0,53051400.0,302443.875
2022-07-07,0.9819999933242798,0.996999979019165,0.9819999933242798,0.9959999918937683,46383000.0,46056612.0,302443.875
2022-07-08,1.0,1.0099999904632568,1.0,1.0069999694824219,37706200.0,37911804.0,302443.875
2022-07-11,1.0069999694824219,1.0069999694824219,0.9860000014305115,0.9890000224113464,39119200.0,38744504.0,302443.875
2022-07-12,0.9959999918937683,0.9990000128746033,0.9879999756813049,0.9890000224113464,46477900.0,46125168.0,302443.875
2022-07-13,0.9810000061988831,0.9890000224113464,0.9700000286102295,0.9760000109672546,49142200.0,48120848.0,302443.875
2022-07-14,0.9769999980926514,0.9779999852180481,0.9589999914169312,0.9649999737739563,42625100.0,41162788.0,302443.875
2022-07-15,0.9649999737739563,0.9769999980926514,0.9620000123977661,0.9629999995231628,46013100.0,44658476.0,302443.875
2022-07-18,0.9700000286102295,0.9919999837875366,0.9660000205039978,0.9879999756813049,47739700.0,46930216.0,302443.875
2022-07-19,0.9850000143051147,0.9879999756813049,0.9789999723434448,0.984000027179718,34253400.0,33684124.0,302443.875
2022-07-20,0.9909999966621399,0.9940000176429749,0.9869999885559082,0.9890000224113464,25915900.0,25638392.0,302443.875
2022-07-21,0.9980000257492065,0.9980000257492065,0.9710000157356262,0.9710000157356262,39739100.0,38849096.0,302443.875
2022-07-22,0.9580000042915344,0.9800000190734863,0.9580000042915344,0.9629999995231628,32223200.0,31146540.0,302443.875
2022-07-25,0.9649999737739563,0.9739999771118164,0.9580000042915344,0.9610000252723694,38643500.0,37266360.0,302443.875
2022-07-26,0.968999981880188,0.9819999933242798,0.9639999866485596,0.9810000061988831,40088800.0,39065976.0,302443.875
2022-07-27,0.9810000061988831,0.9810000061988831,0.968999981880188,0.9710000157356262,22878800.0,22240774.0,302443.875
2022-07-28,0.9750000238418579,0.9779999852180481,0.972000002861023,0.9739999771118164,33265300.0,32435176.0,302443.875
2022-07-29,0.9739999771118164,0.9810000061988831,0.9580000042915344,0.9620000123977661,40153700.0,38982256.0,302443.875
2022-08-01,0.9620000123977661,0.9620000123977661,0.9470000267028809,0.9549999833106995,43480700.0,41420344.0,302443.875
2022-08-02,0.9559999704360962,0.9559999704360962,0.9269999861717224,0.9330000281333923,38611300.0,36055312.0,302443.875
2022-08-03,0.9399999976158142,0.9430000185966492,0.9300000071525574,0.9330000281333923,39745700.0,37190292.0,302443.875
2022-08-04,0.9330000281333923,0.9399999976158142,0.9309999942779541,0.9380000233650208,25594700.0,23945168.0,302443.875
2022-08-05,0.9380000233650208,0.9380000233650208,0.9309999942779541,0.9369999766349792,25593400.0,23916946.0,302443.875
2022-08-08,0.9369999766349792,0.9509999752044678,0.9369999766349792,0.9470000267028809,34922000.0,33048404.0,302443.875
2022-08-09,0.9470000267028809,0.9599999785423279,0.9470000267028809,0.9520000219345093,30906200.0,29433512.0,302443.875
2022-08-10,0.9559999704360962,0.9559999704360962,0.9340000152587891,0.9380000233650208,44557100.0,41993252.0,302443.875
2022-08-11,0.9440000057220459,0.9549999833106995,0.9440000057220459,0.9520000219345093,41418200.0,39376016.0,302443.875
2022-08-12,0.953000009059906,0.9789999723434448,0.953000009059906,0.9739999771118164,46165100.0,44587704.0,302443.875
2022-08-15,0.9729999899864197,0.9760000109672546,0.9660000205039978,0.9660000205039978,24578800.0,23813048.0,302443.875
2022-08-16,0.9629999995231628,0.9819999933242798,0.9629999995231628,0.9750000238418579,47884600.0,46766912.0,302443.875
2022-08-17,0.9549999833106995,0.9879999756813049,0.9539999961853027,0.9860000014305115,41558800.0,40863776.0,302443.875
2022-08-18,0.9860000014305115,0.9860000014305115,0.9729999899864197,0.9739999771118164,22138400.0,21648620.0,302443.875
2022-08-19,0.9760000109672546,0.9909999966621399,0.9750000238418579,0.9890000224113464,29931300.0,29526028.0,302443.875
2022-08-22,0.9940000176429749,1.0049999952316284,0.9900000095367432,1.003000020980835,31658700.0,31591246.0,302443.875
2022-08-23,1.003000020980835,1.0089999437332153,0.9990000128746033,1.00600004196167,29319500.0,29443650.0,302443.875
2022-08-24,1.003999948501587,1.0080000162124634,0.9860000014305115,0.9909999966621399,49038500.0,48672608.0,302443.875
2022-08-25,0.9909999966621399,1.0140000581741333,0.9909999966621399,1.0140000581741333,24644600.0,24726964.0,302443.875
2022-08-26,1.0169999599456787,1.0219999551773071,1.0099999904632568,1.0169999599456787,38179100.0,38846216.0,302443.875
2022-08-29,1.0110000371932983,1.0199999809265137,1.0089999437332153,1.0199999809265137,59814900.0,60586444.0,302443.875
2022-08-30,1.0210000276565552,1.0299999713897705,1.0160000324249268,1.0160000324249268,46264800.0,47186864.0,302443.875
2022-08-31,1.0190000534057617,1.0190000534057617,1.0,1.003000020980835,52948900.0,53233848.0,302443.875
2022-09-01,1.0110000371932983,1.0160000324249268,0.9810000061988831,1.003999948501587,45242600.0,45636640.0,302443.875
2022-09-02,1.003999948501587,1.003999948501587,0.9850000143051147,0.9900000095367432,36748300.0,36372520.0,302443.875
2022-09-05,0.9900000095367432,1.0110000371932983,0.9860000014305115,1.00600004196167,33871400.0,33764100.0,302443.875
2022-09-06,1.00600004196167,1.0149999856948853,1.00600004196167,1.0130000114440918,29565400.0,29879196.0,302443.875
2022-09-07,1.0110000371932983,1.0130000114440918,1.003000020980835,1.0110000371932983,27122600.0,27357650.0,302443.875
2022-09-08,1.0089999437332153,1.0089999437332153,0.9900000095367432,0.9919999837875366,52701200.0,52538808.0,302443.875
2022-09-09,0.9919999837875366,1.0110000371932983,0.9919999837875366,1.0099999904632568,43033000.0,43265036.0,302443.875
2022-09-13,1.0089999437332153,1.0130000114440918,1.003999948501587,1.0110000371932983,31817300.0,32152572.0,302443.875
2022-09-14,1.0010000467300415,1.0080000162124634,1.0010000467300415,1.00600004196167,24139800.0,24245252.0,302443.875
2022-09-15,1.0140000581741333,1.024999976158142,1.0089999437332153,1.0140000581741333,40563900.0,41285432.0,302443.875
2022-09-16,1.0140000581741333,1.0160000324249268,1.003000020980835,1.00600004196167,37827100.0,38192728.0,302443.875
2022-09-19,1.0010000467300415,1.0010000467300415,0.9829999804496765,0.9850000143051147,50586800.0,50019916.0,302443.875
2022-09-20,0.9900000095367432,0.9959999918937683,0.9850000143051147,0.9869999885559082,51587300.0,51062096.0,302443.875
2022-09-21,0.9869999885559082,0.9890000224113464,0.9760000109672546,0.9810000061988831,61455200.0,60320240.0,302443.875
2022-09-22,0.9800000190734863,0.9800000190734863,0.9700000286102295,0.9769999980926514,63331100.0,61842068.0,302443.875
2022-09-23,0.9769999980926514,0.9850000143051147,0.9629999995231628,0.9629999995231628,25217400.0,24546052.0,302443.875
2022-09-26,0.9629999995231628,0.9629999995231628,0.9350000023841858,0.9369999766349792,40161600.0,38190240.0,302443.875
2022-09-27,0.9359999895095825,0.9399999976158142,0.9269999861717224,0.9340000152587891,35853700.0,33416186.0,302443.875
2022-09-28,0.9369999766349792,0.9369999766349792,0.9089999794960022,0.9089999794960022,52284300.0,47836816.0,302443.875
2022-09-29,0.9169999957084656,0.9169999957084656,0.8790000081062317,0.8830000162124634,49015500.0,43903256.0,302443.875
2022-09-30,0.8880000114440918,0.8960000276565552,0.8859999775886536,0.8930000066757202,52742400.0,47003772.0,302443.875
2022-10-10,0.8960000276565552,0.906000018119812,0.8859999775886536,0.8870000243186951,37011700.0,33167136.0,302443.875
2022-10-11,0.8870000243186951,0.8949999809265137,0.8830000162124634,0.8859999775886536,44014900.0,39040524.0,302443.875
2022-10-12,0.8809999823570251,0.8859999775886536,0.8659999966621399,0.8849999904632568,50078800.0,43805412.0,302443.875
2022-10-13,0.878000020980835,0.878000020980835,0.8679999709129333,0.8709999918937683,29316400.0,25548268.0,302443.875
2022-10-14,0.8799999952316284,0.890999972820282,0.8769999742507935,0.8820000290870667,42067600.0,37153496.0,302443.875
2022-10-17,0.8830000162124634,0.8830000162124634,0.8679999709129333,0.8799999952316284,26261600.0,23012848.0,302443.875
2022-10-18,0.8859999775886536,0.8880000114440918,0.8769999742507935,0.8809999823570251,71848896.0,63373160.0,302443.875
2022-10-19,0.8809999823570251,0.9010000228881836,0.8809999823570251,0.8870000243186951,54324200.0,48489628.0,302443.875
2022-10-20,0.8799999952316284,0.8840000033378601,0.8740000128746033,0.8769999742507935,29723900.0,26108452.0,302443.875
2022-10-21,0.878000020980835,0.8889999985694885,0.878000020980835,0.8859999775886536,35087300.0,31032516.0,302443.875
2022-10-24,0.8870000243186951,0.8870000243186951,0.8500000238418579,0.8519999980926514,31018700.0,26692000.0,302443.875
2022-10-25,0.8579999804496765,0.8659999966621399,0.847000002861023,0.8600000143051147,60005600.0,51497760.0,302443.875
2022-10-26,0.8600000143051147,0.8700000047683716,0.8519999980926514,0.8550000190734863,24533900.0,21157968.0,302443.875
2022-10-27,0.8550000190734863,0.8669999837875366,0.8519999980926514,0.8550000190734863,64523100.0,55585984.0,302443.875
2022-10-28,0.8550000190734863,0.8550000190734863,0.824999988079071,0.828000009059906,32180000.0,27016046.0,302443.875
2022-10-31,0.828000009059906,0.828000009059906,0.8009999990463257,0.8029999732971191,58136100.0,47362400.0,302443.875
2022-11-01,0.8029999732971191,0.8240000009536743,0.8019999861717224,0.8220000267028809,49236900.0,39987980.0,302443.875
2022-11-02,0.8220000267028809,0.8339999914169312,0.8130000233650208,0.8289999961853027,29261800.0,24090788.0,302443.875
2022-11-03,0.8240000009536743,0.8330000042915344,0.8209999799728394,0.8209999799728394,31350700.0,25872824.0,302443.875
2022-11-04,0.8259999752044678,0.8560000061988831,0.8259999752044678,0.8539999723434448,30984600.0,26274426.0,302443.875
2022-11-07,0.8550000190734863,0.8769999742507935,0.8460000157356262,0.875,47731900.0,41409548.0,302443.875
2022-11-08,0.878000020980835,0.878000020980835,0.8669999837875366,0.8709999918937683,26941000.0,23491006.0,302443.875
2022-11-09,0.8740000128746033,0.9010000228881836,0.8740000128746033,0.8809999823570251,37144500.0,33042826.0,302443.875
2022-11-10,0.8799999952316284,0.8809999823570251,0.8629999756813049,0.8679999709129333,26731500.0,23218840.0,302443.875
2022-11-11,0.9100000262260437,0.9160000085830688,0.8859999775886536,0.9089999794960022,48742200.0,44063636.0,302443.875
2022-11-14,0.9240000247955322,0.972000002861023,0.9100000262260437,0.9399999976158142,89732704.0,85781160.0,302443.875
2022-11-15,0.9399999976158142,0.968999981880188,0.9369999766349792,0.9620000123977661,56620200.0,54249488.0,302443.875
2022-11-16,0.968999981880188,0.972000002861023,0.9509999752044678,0.9580000042915344,51070300.0,49088332.0,302443.875
2022-11-17,0.9589999914169312,0.9610000252723694,0.9440000057220459,0.9509999752044678,35072400.0,33321348.0,302443.875
2022-11-18,0.9580000042915344,0.9660000205039978,0.9399999976158142,0.9409999847412109,45724200.0,43578472.0,302443.875
2022-11-21,0.9380000233650208,0.9470000267028809,0.9210000038146973,0.9440000057220459,36129200.0,33772420.0,302443.875
2022-11-22,0.9459999799728394,0.9599999785423279,0.9350000023841858,0.9390000104904175,59590600.0,56441432.0,302443.875
2022-11-23,0.9390000104904175,0.9559999704360962,0.9390000104904175,0.9490000009536743,54060300.0,51331548.0,302443.875
2022-11-24,0.9599999785423279,0.9700000286102295,0.9549999833106995,0.968999981880188,64531800.0,61992160.0,302443.875
2022-11-25,0.972000002861023,0.9950000047683716,0.9660000205039978,0.9890000224113464,61479300.0,60290968.0,302443.875
2022-11-28,0.9829999804496765,0.9829999804496765,0.9549999833106995,0.9729999899864197,90671296.0,87818024.0,302443.875
2022-11-29,0.9850000143051147,1.0700000524520874,0.9850000143051147,0.9990000128746033,109330600.0,109439528.0,302443.875
2022-11-30,0.9990000128746033,1.0110000371932983,0.9950000047683716,1.003999948501587,64856000.0,64998020.0,302443.875
2022-12-01,1.0130000114440918,1.0240000486373901,0.9869999885559082,0.9890000224113464,57728700.0,57565440.0,302443.875
2022-12-02,0.9869999885559082,0.9890000224113464,0.9620000123977661,0.9660000205039978,51797900.0,50080456.0,302443.875
2022-12-05,0.9769999980926514,0.9860000014305115,0.9679999947547913,0.9829999804496765,93608304.0,91578536.0,302443.875
2022-12-06,0.9779999852180481,1.003999948501587,0.9700000286102295,1.0010000467300415,77536000.0,76797592.0,302443.875
2022-12-07,1.0010000467300415,1.0010000467300415,0.9810000061988831,0.984000027179718,42307000.0,42034132.0,302443.875
2022-12-08,0.984000027179718,0.9900000095367432,0.9729999899864197,0.9850000143051147,57386500.0,56345672.0,302443.875
2022-12-09,0.9900000095367432,1.0369999408721924,0.9869999885559082,1.031999945640564,105924096.0,108460768.0,302443.875
2022-12-12,1.0269999504089355,1.034999966621399,1.024999976158142,1.0269999504089355,41195400.0,42435044.0,302443.875
2022-12-13,1.0269999504089355,1.0379999876022339,1.024999976158142,1.034000039100647,30051500.0,31066548.0,302443.875
2022-12-14,1.034999966621399,1.0399999618530273,1.0299999713897705,1.0390000343322754,25633000.0,26558578.0,302443.875
2022-12-15,1.0369999408721924,1.0369999408721924,1.0199999809265137,1.0290000438690186,40318400.0,41391232.0,302443.875
2022-12-16,1.0290000438690186,1.0509999990463257,1.0290000438690186,1.0509999990463257,38951700.0,40604088.0,302443.875
2022-12-19,1.0509999990463257,1.0529999732971191,1.0130000114440918,1.0149999856948853,29261600.0,29902296.0,302443.875
2022-12-20,1.0130000114440918,1.0240000486373901,1.0089999437332153,1.0130000114440918,43387600.0,44143628.0,302443.875
2022-12-21,1.0130000114440918,1.0199999809265137,1.0130000114440918,1.0149999856948853,27415800.0,27846046.0,302443.875
2022-12-22,1.0219999551773071,1.034000039100647,1.0219999551773071,1.0240000486373901,35938700.0,37017832.0,302443.875
2022-12-23,1.0240000486373901,1.031000018119812,1.0199999809265137,1.0260000228881836,34154700.0,35074552.0,302443.875
2022-12-26,1.0260000228881836,1.0269999504089355,1.0240000486373901,1.024999976158142,488400.0,500769.0,302443.875
2022-12-27,1.0269999504089355,1.0360000133514404,1.0269999504089355,1.0360000133514404,3904000.0,4024918.0,302443.875
2022-12-28,1.0449999570846558,1.0479999780654907,1.031000018119812,1.0399999618530273,32129400.0,33458908.0,302443.875
2022-12-29,1.0399999618530273,1.0399999618530273,1.0260000228881836,1.0260000228881836,28437300.0,29270664.0,302443.875
2022-12-30,1.0329999923706055,1.0390000343322754,1.0290000438690186,1.0299999713897705,16834900.0,17401712.0,302443.875
2023-01-03,1.0290000438690186,1.0399999618530273,1.0099999904632568,1.0360000133514404,35521200.0,36689432.0,302443.875
2023-01-04,1.0360000133514404,1.0460000038146973,1.0360000133514404,1.0410000085830688,22041200.0,22940374.0,302443.875
2023-01-05,1.0449999570846558,1.0499999523162842,1.0360000133514404,1.0360000133514404,24162500.0,25200300.0,302443.875
2023-01-06,1.0379999876022339,1.0429999828338623,1.034000039100647,1.034999966621399,17458100.0,18126752.0,302443.875
2023-01-09,1.0379999876022339,1.0449999570846558,1.034000039100647,1.0379999876022339,16157900.0,16771641.0,302443.875
2023-01-10,1.0369999408721924,1.0399999618530273,1.031999945640564,1.0360000133514404,19741400.0,20450058.0,302443.875
2023-01-11,1.0369999408721924,1.0520000457763672,1.0369999408721924,1.0470000505447388,22594500.0,23684572.0,302443.875
2023-01-12,1.0449999570846558,1.0529999732971191,1.0410000085830688,1.0490000247955322,15067200.0,15778660.0,302443.875
2023-01-13,1.0499999523162842,1.0520000457763672,1.0440000295639038,1.0509999990463257,19626100.0,20591744.0,302443.875
2023-01-16,1.0479999780654907,1.0609999895095825,1.0479999780654907,1.0509999990463257,13465900.0,14199361.0,302443.875
2023-01-17,1.0509999990463257,1.0570000410079956,1.0420000553131104,1.0460000038146973,10668900.0,11186286.0,302443.875
2023-01-18,1.0490000247955322,1.055999994277954,1.0479999780654907,1.0529999732971191,12665300.0,13330098.0,302443.875
2023-01-19,1.0509999990463257,1.0570000410079956,1.0460000038146973,1.055999994277954,5756500.0,6056280.0,302443.875
2023-01-20,1.0570000410079956,1.0709999799728394,1.0520000457763672,1.0700000524520874,12396100.0,13207350.0,302443.875
2023-01-30,1.0920000076293945,1.0920000076293945,1.065000057220459,1.065000057220459,14462900.0,15508043.0,302443.875
2023-01-31,1.065000057220459,1.0729999542236328,1.0540000200271606,1.0570000410079956,15221200.0,16172708.0,302443.875
2023-02-01,1.0579999685287476,1.0720000267028809,1.0570000410079956,1.0709999799728394,14047300.0,14934393.0,302443.875
2023-02-02,1.0729999542236328,1.0759999752044678,1.0640000104904175,1.0670000314712524,8287600.0,8861736.0,302443.875
2023-02-03,1.0679999589920044,1.0679999589920044,1.0479999780654907,1.0520000457763672,13385800.0,14084056.0,302443.875
2023-02-06,1.0499999523162842,1.0520000457763672,1.0399999618530273,1.0449999570846558,15039400.0,15738554.0,302443.875
2023-02-07,1.0460000038146973,1.055999994277954,1.0460000038146973,1.0509999990463257,8539900.0,8991919.0,302443.875
2023-02-08,1.0529999732971191,1.062000036239624,1.0529999732971191,1.0570000410079956,11511400.0,12181676.0,302443.875
2023-02-09,1.055999994277954,1.062000036239624,1.0549999475479126,1.059000015258789,11440500.0,12117900.0,302443.875
2023-02-10,1.059000015258789,1.0609999895095825,1.0520000457763672,1.0549999475479126,9387000.0,9906205.0,302443.875
2023-02-13,1.0499999523162842,1.0579999685287476,1.0479999780654907,1.0520000457763672,9113500.0,9596264.0,302443.875
2023-02-14,1.0549999475479126,1.0570000410079956,1.0529999732971191,1.0540000200271606,5856000.0,6176083.0,302443.875
2023-02-15,1.0540000200271606,1.0540000200271606,1.0410000085830688,1.0410000085830688,10275300.0,10747718.0,302443.875
2023-02-16,1.0440000295639038,1.0570000410079956,1.0410000085830688,1.0449999570846558,20857200.0,21897988.0,302443.875
2023-02-17,1.0460000038146973,1.0549999475479126,1.0460000038146973,1.0479999780654907,14647400.0,15401349.0,302443.875
2023-02-20,1.0460000038146973,1.069000005722046,1.0460000038146973,1.069000005722046,14715700.0,15631477.0,302443.875
2023-02-21,1.065999984741211,1.0820000171661377,1.065999984741211,1.0740000009536743,20369600.0,21912264.0,302443.875
2023-02-22,1.0729999542236328,1.0729999542236328,1.0670000314712524,1.0700000524520874,19662700.0,21036180.0,302443.875
2023-02-23,1.0679999589920044,1.0770000219345093,1.0670000314712524,1.0729999542236328,35998300.0,38599548.0,302443.875
2023-02-24,1.0700000524520874,1.0729999542236328,1.0640000104904175,1.0720000267028809,32868100.0,35152456.0,302443.875
2023-02-27,1.069000005722046,1.069000005722046,1.055999994277954,1.055999994277954,14142000.0,15042607.0,302443.875
2023-02-28,1.059999942779541,1.062999963760376,1.0460000038146973,1.0520000457763672,21426200.0,22582532.0,302443.875
2023-03-01,1.0490000247955322,1.0750000476837158,1.0490000247955322,1.0750000476837158,53424800.0,56969208.0,302443.875
2023-03-02,1.0709999799728394,1.0889999866485596,1.0670000314712524,1.0880000591278076,22088500.0,23829612.0,302443.875
2023-03-03,1.0950000286102295,1.1059999465942383,1.0889999866485596,1.1039999723434448,22989100.0,25254032.0,302443.875
2023-03-06,1.1039999723434448,1.1180000305175781,1.1030000448226929,1.1160000562667847,29384000.0,32603808.0,302443.875
2023-03-07,1.1169999837875366,1.1410000324249268,1.1100000143051147,1.1160000562667847,49302900.0,55617956.0,302443.875
2023-03-08,1.1169999837875366,1.1169999837875366,1.100000023841858,1.1100000143051147,23242100.0,25689760.0,302443.875
2023-03-09,1.1130000352859497,1.1169999837875366,1.1080000400543213,1.1089999675750732,39600200.0,44043224.0,302443.875
2023-03-10,1.1089999675750732,1.1089999675750732,1.0820000171661377,1.0829999446868896,28830100.0,31543348.0,302443.875
2023-03-13,1.0800000429153442,1.097000002861023,1.0759999752044678,1.093999981880188,60223700.0,65470444.0,302443.875
2023-03-14,1.093999981880188,1.0950000286102295,1.0679999589920044,1.069000005722046,24620900.0,26586646.0,302443.875
2023-03-15,1.0800000429153442,1.0959999561309814,1.0800000429153442,1.093999981880188,30916700.0,33692412.0,302443.875
2023-03-16,1.0889999866485596,1.0889999866485596,1.0729999542236328,1.0750000476837158,28047400.0,30367508.0,302443.875
2023-03-17,1.0820000171661377,1.100000023841858,1.0820000171661377,1.090000033378601,26649400.0,29080572.0,302443.875
2023-03-20,1.0820000171661377,1.0959999561309814,1.0640000104904175,1.065999984741211,33546700.0,36231380.0,302443.875
2023-03-21,1.0729999542236328,1.0789999961853027,1.0640000104904175,1.0700000524520874,25733200.0,27512560.0,302443.875
2023-03-22,1.0709999799728394,1.0920000076293945,1.0709999799728394,1.0829999446868896,18945700.0,20561452.0,302443.875
2023-03-23,1.0820000171661377,1.097000002861023,1.0820000171661377,1.093000054359436,29841400.0,32581516.0,302443.875
2023-03-24,1.0950000286102295,1.0980000495910645,1.0850000381469727,1.0859999656677246,16571200.0,18044136.0,302443.875
2023-03-27,1.0850000381469727,1.0850000381469727,1.069000005722046,1.0759999752044678,15868500.0,17027566.0,302443.875
2023-03-28,1.0759999752044678,1.0880000591278076,1.0729999542236328,1.0829999446868896,29527800.0,31906564.0,302443.875
2023-03-29,1.0839999914169312,1.1009999513626099,1.0750000476837158,1.0809999704360962,18767200.0,20283356.0,302443.875
2023-03-30,1.0779999494552612,1.0920000076293945,1.0750000476837158,1.090999960899353,26747700.0,28990172.0,302443.875
2023-03-31,1.093000054359436,1.097000002861023,1.0859999656677246,1.0920000076293945,26518000.0,28958740.0,302443.875
2023-04-03,1.0920000076293945,1.1009999513626099,1.0839999914169312,1.0870000123977661,31895300.0,34787928.0,302443.875
2023-04-04,1.090000033378601,1.0989999771118164,1.0859999656677246,1.0980000495910645,27579000.0,30175914.0,302443.875
2023-04-06,1.0950000286102295,1.0959999561309814,1.0870000123977661,1.090000033378601,22433700.0,24501442.0,302443.875
2023-04-07,1.0950000286102295,1.100000023841858,1.093000054359436,1.100000023841858,11112700.0,12192276.0,302443.875
2023-04-10,1.100000023841858,1.100000023841858,1.090999960899353,1.0959999561309814,3114400.0,3407487.0,302443.875
2023-04-11,1.0980000495910645,1.1089999675750732,1.0980000495910645,1.1030000448226929,25611400.0,28227204.0,302443.875
2023-04-12,1.1019999980926514,1.121000051498413,1.1019999980926514,1.11899995803833,18045400.0,20143844.0,302443.875
2023-04-13,1.1080000400543213,1.1200000047683716,1.1069999933242798,1.1150000095367432,20688900.0,23081304.0,302443.875
2023-04-14,1.1200000047683716,1.1299999952316284,1.11899995803833,1.128999948501587,22892300.0,25776772.0,302443.875
2023-04-17,1.128999948501587,1.1549999713897705,1.128999948501587,1.1540000438690186,30157800.0,34581940.0,302443.875
2023-04-18,1.1540000438690186,1.159000039100647,1.1490000486373901,1.156000018119812,28056700.0,32390596.0,302443.875
2023-04-19,1.159000039100647,1.159000039100647,1.1469999551773071,1.1480000019073486,26139200.0,30086586.0,302443.875
2023-04-20,1.1410000324249268,1.1549999713897705,1.1410000324249268,1.152999997138977,28516200.0,32707544.0,302443.875
2023-04-21,1.152999997138977,1.156999945640564,1.1399999856948853,1.1410000324249268,27926600.0,32115478.0,302443.875
2023-04-24,1.1419999599456787,1.1490000486373901,1.128000020980835,1.128999948501587,24149500.0,27521410.0,302443.875
2023-04-25,1.1319999694824219,1.1410000324249268,1.1260000467300415,1.13100004196167,22466500.0,25441200.0,302443.875
2023-04-26,1.1319999694824219,1.1339999437332153,1.121999979019165,1.128000020980835,25884900.0,29204272.0,302443.875
2023-04-27,1.128999948501587,1.1349999904632568,1.1200000047683716,1.1299999952316284,15637600.0,17620696.0,302443.875
2023-04-28,1.1360000371932983,1.152999997138977,1.1330000162124634,1.152999997138977,14445800.0,16541945.0,302443.875
2023-05-04,1.1460000276565552,1.159999966621399,1.1230000257492065,1.159000039100647,25605800.0,29342464.0,302443.875
2023-05-05,1.1679999828338623,1.1779999732971191,1.156999945640564,1.1649999618530273,32549400.0,37973076.0,302443.875
2023-05-08,1.1699999570846558,1.2100000381469727,1.1699999570846558,1.2100000381469727,46567392.0,55582440.0,302443.875
2023-05-09,1.2139999866485596,1.225000023841858,1.1920000314712524,1.1970000267028809,64036800.0,77640552.0,302443.875
2023-05-10,1.194000005722046,1.2050000429153442,1.184999942779541,1.1859999895095825,42447800.0,50599280.0,302443.875
2023-05-11,1.1859999895095825,1.1959999799728394,1.1790000200271606,1.1820000410079956,27142300.0,32181288.0,302443.875
2023-05-12,1.184000015258789,1.187999963760376,1.1579999923706055,1.159000039100647,34635300.0,40540096.0,302443.875
2023-05-15,1.159999966621399,1.1759999990463257,1.1519999504089355,1.1699999570846558,40978500.0,47596716.0,302443.875
2023-05-16,1.1710000038146973,1.184999942779541,1.1629999876022339,1.1640000343322754,24412800.0,28698918.0,302443.875
2023-05-17,1.1660000085830688,1.1699999570846558,1.156999945640564,1.1579999923706055,20942620.0,24320912.0,302443.875
2023-05-18,1.1579999923706055,1.1759999990463257,1.1579999923706055,1.1670000553131104,32443500.0,37951216.0,302443.875
2023-05-19,1.1690000295639038,1.1749999523162842,1.159000039100647,1.1670000553131104,29446600.0,34378088.0,302443.875
2023-05-22,1.1670000553131104,1.1749999523162842,1.1629999876022339,1.1679999828338623,36954300.0,43205884.0,302443.875
2023-05-23,1.1660000085830688,1.1740000247955322,1.1540000438690186,1.156000018119812,19922700.0,23255742.0,302443.875
2023-05-24,1.1540000438690186,1.1540000438690186,1.1369999647140503,1.1380000114440918,23364700.0,26733536.0,302443.875
2023-05-25,1.128999948501587,1.1330000162124634,1.1109999418258667,1.11899995803833,42287500.0,47377208.0,302443.875
2023-05-26,1.1169999837875366,1.1169999837875366,1.1080000400543213,1.1150000095367432,10092080.0,11215141.0,302443.875
2023-05-29,1.1299999952316284,1.1299999952316284,1.1160000562667847,1.121000051498413,35359420.0,39673012.0,302443.875
2023-05-30,1.1160000562667847,1.1239999532699585,1.1039999723434448,1.1080000400543213,43629700.0,48519196.0,302443.875
2023-05-31,1.1050000190734863,1.1069999933242798,1.0770000219345093,1.0809999704360962,41960600.0,45607896.0,302443.875
2023-06-01,1.0809999704360962,1.0920000076293945,1.0750000476837158,1.0859999656677246,46451200.0,50393404.0,302443.875
2023-06-02,1.1039999723434448,1.1100000143051147,1.0950000286102295,1.1050000190734863,26142000.0,28872280.0,302443.875
2023-06-05,1.1100000143051147,1.1150000095367432,1.1009999513626099,1.1130000352859497,23738900.0,26321872.0,302443.875
2023-06-06,1.1169999837875366,1.1330000162124634,1.1119999885559082,1.1119999885559082,39026500.0,43834428.0,302443.875
2023-06-07,1.1160000562667847,1.125,1.1160000562667847,1.1200000047683716,34301200.0,38462348.0,302443.875
2023-06-08,1.121000051498413,1.1430000066757202,1.121000051498413,1.1399999856948853,48125700.0,54538092.0,302443.875
2023-06-09,1.1399999856948853,1.1460000276565552,1.1349999904632568,1.1430000066757202,28653400.0,32655260.0,302443.875
2023-06-12,1.1430000066757202,1.1449999809265137,1.1339999437332153,1.1369999647140503,29052500.0,33102660.0,302443.875
2023-06-13,1.1360000371932983,1.1369999647140503,1.121999979019165,1.13100004196167,23430200.0,26424292.0,302443.875
2023-06-14,1.13100004196167,1.1430000066757202,1.121000051498413,1.1230000257492065,19533300.0,22071948.0,302443.875
2023-06-15,1.1260000467300415,1.1360000371932983,1.1200000047683716,1.1360000371932983,13211600.0,14897161.0,302443.875
2023-06-16,1.1360000371932983,1.1490000486373901,1.1360000371932983,1.1419999599456787,16591800.0,18975952.0,302443.875
2023-06-19,1.1419999599456787,1.1430000066757202,1.1349999904632568,1.1360000371932983,14158700.0,16109414.0,302443.875
2023-06-20,1.1360000371932983,1.1399999856948853,1.1239999532699585,1.1260000467300415,9654000.0,10912479.0,302443.875
2023-06-21,1.1230000257492065,1.128000020980835,1.1200000047683716,1.1200000047683716,12229400.0,13753875.0,302443.875
2023-06-26,1.1180000305175781,1.1180000305175781,1.100000023841858,1.1039999723434448,15109800.0,16750401.0,302443.875
2023-06-27,1.1069999933242798,1.1319999694824219,1.1069999933242798,1.128999948501587,18390900.0,20608158.0,302443.875
2023-06-28,1.1299999952316284,1.1330000162124634,1.1260000467300415,1.1319999694824219,10077100.0,11385609.0,302443.875
2023-06-29,1.1319999694824219,1.1349999904632568,1.1230000257492065,1.1230000257492065,9463600.0,10663754.0,302443.875
2023-06-30,1.1230000257492065,1.1460000276565552,1.1230000257492065,1.1410000324249268,14594800.0,16606553.0,302443.875
2023-07-03,1.1410000324249268,1.159999966621399,1.1410000324249268,1.156999945640564,21016000.0,24217124.0,302443.875
2023-07-04,1.156999945640564,1.1640000343322754,1.1540000438690186,1.156000018119812,15506700.0,17973576.0,302443.875
2023-07-05,1.156000018119812,1.159999966621399,1.1480000019073486,1.149999976158142,14635600.0,16866686.0,302443.875
2023-07-06,1.1490000486373901,1.152999997138977,1.1339999437332153,1.1390000581741333,24966100.0,28580128.0,302443.875
2023-07-07,1.1349999904632568,1.1360000371932983,1.121999979019165,1.1269999742507935,13779200.0,15529481.0,302443.875
2023-07-10,1.1380000114440918,1.1399999856948853,1.1169999837875366,1.11899995803833,8341600.0,9378927.0,302443.875
2023-07-11,1.125,1.1260000467300415,1.1160000562667847,1.1180000305175781,6300300.0,7056858.0,302443.875
2023-07-12,1.11899995803833,1.125,1.11899995803833,1.1200000047683716,6998700.0,7850443.0,302443.875
2023-07-13,1.1230000257492065,1.1360000371932983,1.1230000257492065,1.1349999904632568,5940500.0,6727021.0,302443.875
2023-07-14,1.1369999647140503,1.1430000066757202,1.1349999904632568,1.1390000581741333,5095500.0,5806734.0,302443.875
2023-07-17,1.1390000581741333,1.1399999856948853,1.1269999742507935,1.1299999952316284,6715300.0,7582788.0,302443.875
2023-07-18,1.1319999694824219,1.1360000371932983,1.1230000257492065,1.1230000257492065,9803000.0,11049796.0,302443.875
2023-07-19,1.121999979019165,1.1380000114440918,1.1200000047683716,1.1369999647140503,21653900.0,24492772.0,302443.875
2023-07-20,1.1369999647140503,1.1449999809265137,1.1339999437332153,1.1360000371932983,12152000.0,13867957.0,302443.875
2023-07-21,1.1360000371932983,1.1369999647140503,1.1269999742507935,1.1319999694824219,9253800.0,10476299.0,302443.875
2023-07-24,1.1299999952316284,1.1380000114440918,1.1200000047683716,1.121999979019165,10036700.0,11320553.0,302443.875
2023-07-25,1.13100004196167,1.1519999504089355,1.13100004196167,1.1480000019073486,10088900.0,11544774.0,302443.875
2023-07-26,1.1519999504089355,1.156000018119812,1.1460000276565552,1.1510000228881836,18657100.0,21456282.0,302443.875
2023-07-27,1.152999997138977,1.159999966621399,1.149999976158142,1.1510000228881836,12432500.0,14368121.0,302443.875
2023-07-28,1.1469999551773071,1.1720000505447388,1.1449999809265137,1.1720000505447388,14249700.0,16551069.0,302443.875
2023-07-31,1.190999984741211,1.1920000314712524,1.1740000247955322,1.1790000200271606,15985100.0,18829820.0,302443.875
2023-08-01,1.1779999732971191,1.180999994277954,1.1619999408721924,1.1649999618530273,12142000.0,14220975.0,302443.875
2023-08-02,1.1640000343322754,1.1699999570846558,1.1460000276565552,1.1469999551773071,8496000.0,9839434.0,302443.875
2023-08-03,1.1460000276565552,1.156000018119812,1.1399999856948853,1.1510000228881836,10323300.0,11864319.0,302443.875
2023-08-04,1.156000018119812,1.1649999618530273,1.149999976158142,1.1510000228881836,10158700.0,11757806.0,302443.875
2023-08-07,1.1490000486373901,1.156000018119812,1.1440000534057617,1.1540000438690186,8520100.0,9812432.0,302443.875
2023-08-08,1.1510000228881836,1.1610000133514404,1.1469999551773071,1.156999945640564,10455300.0,12098815.0,302443.875
2023-08-09,1.1540000438690186,1.156000018119812,1.149999976158142,1.1519999504089355,11024600.0,12702466.0,302443.875
2023-08-10,1.1540000438690186,1.1670000553131104,1.1540000438690186,1.1610000133514404,17634100.0,20468864.0,302443.875
2023-08-11,1.1610000133514404,1.1610000133514404,1.1460000276565552,1.1460000276565552,12945900.0,14906395.0,302443.875
2023-08-14,1.1440000534057617,1.1440000534057617,1.1299999952316284,1.1380000114440918,19768000.0,22471680.0,302443.875
2023-08-15,1.1399999856948853,1.1480000019073486,1.1380000114440918,1.1449999809265137,16070100.0,18378704.0,302443.875
2023-08-16,1.1440000534057617,1.1440000534057617,1.1230000257492065,1.1230000257492065,11573100.0,13093365.0,302443.875
2023-08-17,1.11899995803833,1.11899995803833,1.1039999723434448,1.1180000305175781,24656300.0,27429088.0,302443.875
2023-08-18,1.11899995803833,1.13100004196167,1.1100000143051147,1.1100000143051147,15182300.0,17019608.0,302443.875
2023-08-21,1.1039999723434448,1.1050000190734863,1.0809999704360962,1.0839999914169312,21551600.0,23427232.0,302443.875
2023-08-22,1.0850000381469727,1.1030000448226929,1.0839999914169312,1.097000002861023,25760000.0,28186344.0,302443.875
2023-08-23,1.0989999771118164,1.1069999933242798,1.0950000286102295,1.0950000286102295,22422900.0,24672108.0,302443.875
2023-08-24,1.0989999771118164,1.1059999465942383,1.097000002861023,1.100000023841858,29838500.0,32845464.0,302443.875
2023-08-25,1.100000023841858,1.1089999675750732,1.097000002861023,1.1009999513626099,28033000.0,30905624.0,302443.875
2023-08-28,1.1349999904632568,1.1410000324249268,1.1069999933242798,1.1089999675750732,25072600.0,27984568.0,302443.875
2023-08-29,1.1089999675750732,1.1230000257492065,1.1089999675750732,1.1200000047683716,20485800.0,22896260.0,302443.875
2023-08-30,1.1200000047683716,1.128999948501587,1.1160000562667847,1.1160000562667847,14583900.0,16372267.0,302443.875
2023-08-31,1.1169999837875366,1.1200000047683716,1.1080000400543213,1.1109999418258667,18797600.0,20902750.0,302443.875
2023-09-01,1.1089999675750732,1.1200000047683716,1.1030000448226929,1.1150000095367432,8252900.0,9163033.0,302443.875
2023-09-04,1.1150000095367432,1.1460000276565552,1.1150000095367432,1.1399999856948853,20329300.0,23161268.0,302443.875
2023-09-05,1.1430000066757202,1.1440000534057617,1.1339999437332153,1.1410000324249268,9466700.0,10780552.0,302443.875
2023-09-06,1.1410000324249268,1.1410000324249268,1.1299999952316284,1.1339999437332153,23548400.0,26672608.0,302443.875
2023-09-07,1.1319999694824219,1.1390000581741333,1.1299999952316284,1.1339999437332153,18963500.0,21533652.0,302443.875
2023-09-08,1.1349999904632568,1.1369999647140503,1.1260000467300415,1.128000020980835,4022300.0,4541303.0,302443.875
2023-09-11,1.128000020980835,1.1360000371932983,1.1239999532699585,1.1239999532699585,15079000.0,17027548.0,302443.875
2023-09-12,1.128999948501587,1.13100004196167,1.1130000352859497,1.1150000095367432,21086000.0,23585708.0,302443.875
2023-09-13,1.121000051498413,1.1239999532699585,1.1089999675750732,1.1119999885559082,13491500.0,15070597.0,302443.875
2023-09-14,1.1119999885559082,1.1369999647140503,1.1119999885559082,1.1360000371932983,17946700.0,20216734.0,302443.875
2023-09-15,1.1410000324249268,1.1549999713897705,1.1410000324249268,1.1449999809265137,25563200.0,29371312.0,302443.875
2023-09-18,1.1460000276565552,1.1460000276565552,1.13100004196167,1.1399999856948853,17394800.0,19811518.0,302443.875
2023-09-19,1.1410000324249268,1.1610000133514404,1.1410000324249268,1.159000039100647,26048700.0,30047356.0,302443.875
2023-09-20,1.159999966621399,1.1670000553131104,1.152999997138977,1.1619999408721924,22106800.0,25679744.0,302443.875
2023-09-21,1.149999976158142,1.1640000343322754,1.1490000486373901,1.1490000486373901,14855200.0,17170340.0,302443.875
2023-09-22,1.1449999809265137,1.159999966621399,1.1430000066757202,1.159000039100647,22489300.0,25892800.0,302443.875
2023-09-25,1.159999966621399,1.1640000343322754,1.149999976158142,1.1510000228881836,21041100.0,24333602.0,302443.875
2023-09-26,1.1469999551773071,1.1510000228881836,1.1349999904632568,1.1369999647140503,13678100.0,15639330.0,302443.875
2023-09-27,1.1360000371932983,1.1390000581741333,1.1319999694824219,1.1349999904632568,15892400.0,18047036.0,302443.875
2023-09-28,1.1419999599456787,1.1440000534057617,1.1299999952316284,1.1319999694824219,21195300.0,24109904.0,302443.875
2023-10-09,1.125,1.125,1.100000023841858,1.1180000305175781,15041600.0,16737347.0,302443.875
2023-10-10,1.121999979019165,1.128000020980835,1.1109999418258667,1.1139999628067017,13576100.0,15207089.0,302443.875
2023-10-11,1.1160000562667847,1.1230000257492065,1.1139999628067017,1.1160000562667847,14443900.0,16159529.0,302443.875
2023-10-12,1.121000051498413,1.1369999647140503,1.121000051498413,1.13100004196167,17725700.0,20020300.0,302443.875
2023-10-13,1.1260000467300415,1.128000020980835,1.1180000305175781,1.121000051498413,18164000.0,20417144.0,302443.875
2023-10-16,1.121999979019165,1.128999948501587,1.1160000562667847,1.1160000562667847,10329300.0,11581167.0,302443.875
2023-10-17,1.11899995803833,1.1260000467300415,1.1150000095367432,1.125,10612800.0,11890701.0,302443.875
2023-10-18,1.1239999532699585,1.128000020980835,1.1180000305175781,1.121000051498413,15650600.0,17559092.0,302443.875
2023-10-19,1.1160000562667847,1.1160000562667847,1.0980000495910645,1.0980000495910645,17027000.0,18776810.0,302443.875
2023-10-20,1.0959999561309814,1.1019999980926514,1.0889999866485596,1.0920000076293945,17472200.0,19116422.0,302443.875
2023-10-23,1.090000033378601,1.090000033378601,1.0800000429153442,1.0829999446868896,6407600.0,6952709.0,302443.875
2023-10-24,1.0839999914169312,1.0859999656677246,1.0740000009536743,1.0789999961853027,28023200.0,30234652.0,302443.875
2023-10-25,1.0989999771118164,1.1009999513626099,1.0809999704360962,1.0829999446868896,16995000.0,18531712.0,302443.875
2023-10-26,1.0829999446868896,1.0870000123977661,1.0740000009536743,1.0829999446868896,18269400.0,19741976.0,302443.875
2023-10-27,1.0839999914169312,1.1009999513626099,1.0829999446868896,1.093999981880188,16876900.0,18423430.0,302443.875
2023-10-30,1.0920000076293945,1.093999981880188,1.0779999494552612,1.0829999446868896,19709300.0,21349604.0,302443.875
2023-10-31,1.0829999446868896,1.0839999914169312,1.0720000267028809,1.0789999961853027,15606700.0,16841868.0,302443.875
2023-11-01,1.0829999446868896,1.0859999656677246,1.0700000524520874,1.0809999704360962,18397300.0,19811872.0,302443.875
2023-11-02,1.0839999914169312,1.093999981880188,1.0839999914169312,1.0870000123977661,14571600.0,15849247.0,302443.875
2023-11-03,1.090999960899353,1.100000023841858,1.090000033378601,1.097000002861023,23607300.0,25841592.0,302443.875
2023-11-06,1.1109999418258667,1.1109999418258667,1.0850000381469727,1.0880000591278076,35624300.0,38812268.0,302443.875
2023-11-07,1.0850000381469727,1.0850000381469727,1.0729999542236328,1.0750000476837158,21519100.0,23176416.0,302443.875
2023-11-08,1.0750000476837158,1.0750000476837158,1.0640000104904175,1.065999984741211,12485400.0,13331749.0,302443.875
2023-11-09,1.0670000314712524,1.0740000009536743,1.065999984741211,1.0729999542236328,18782000.0,20092804.0,302443.875
2023-11-10,1.0700000524520874,1.0709999799728394,1.0609999895095825,1.069000005722046,12188800.0,12978169.0,302443.875
2023-11-13,1.069000005722046,1.0729999542236328,1.062999963760376,1.0729999542236328,13186000.0,14074691.0,302443.875
2023-11-14,1.0750000476837158,1.0850000381469727,1.0750000476837158,1.0809999704360962,13904500.0,15016781.0,302443.875
2023-11-15,1.0889999866485596,1.1039999723434448,1.0889999866485596,1.0980000495910645,20149600.0,22086240.0,302443.875
2023-11-16,1.1009999513626099,1.1030000448226929,1.093000054359436,1.0989999771118164,15237200.0,16718733.0,302443.875
2023-11-17,1.0959999561309814,1.0959999561309814,1.0809999704360962,1.0829999446868896,14626300.0,15897280.0,302443.875
2023-11-20,1.0850000381469727,1.093000054359436,1.0800000429153442,1.0859999656677246,23588600.0,25644882.0,302443.875
2023-11-21,1.0920000076293945,1.1009999513626099,1.0889999866485596,1.090999960899353,16319200.0,17909780.0,302443.875
2023-11-22,1.090000033378601,1.090999960899353,1.0839999914169312,1.0850000381469727,9359200.0,10171401.0,302443.875
2023-11-23,1.0850000381469727,1.0920000076293945,1.0820000171661377,1.0920000076293945,15600900.0,16943980.0,302443.875
2023-11-24,1.093000054359436,1.0950000286102295,1.0889999866485596,1.0920000076293945,16613900.0,18154500.0,302443.875
2023-11-27,1.0959999561309814,1.0959999561309814,1.0820000171661377,1.0880000591278076,16762100.0,18237520.0,302443.875
2023-11-28,1.0880000591278076,1.0889999866485596,1.0839999914169312,1.0880000591278076,13115000.0,14257969.0,302443.875
2023-11-29,1.0859999656677246,1.0880000591278076,1.065999984741211,1.0679999589920044,20462400.0,22042284.0,302443.875
2023-11-30,1.0679999589920044,1.0759999752044678,1.065000057220459,1.0750000476837158,16478800.0,17629024.0,302443.875
2023-12-01,1.0729999542236328,1.0800000429153442,1.0720000267028809,1.0770000219345093,18907200.0,20344876.0,302443.875
2023-12-04,1.0789999961853027,1.0839999914169312,1.0729999542236328,1.0759999752044678,17905000.0,19344452.0,302443.875
2023-12-05,1.0759999752044678,1.0759999752044678,1.0529999732971191,1.0529999732971191,14737400.0,15706337.0,302443.875
2023-12-06,1.0549999475479126,1.065999984741211,1.0499999523162842,1.062999963760376,20763500.0,21995110.0,302443.875
2023-12-07,1.062999963760376,1.0640000104904175,1.0449999570846558,1.0499999523162842,16264500.0,17053896.0,302443.875
2023-12-08,1.0509999990463257,1.0549999475479126,1.0479999780654907,1.0499999523162842,10610300.0,11160812.0,302443.875
2023-12-11,1.0479999780654907,1.0509999990463257,1.031000018119812,1.0449999570846558,20723400.0,21530886.0,302443.875
2023-12-12,1.0470000505447388,1.0640000104904175,1.0460000038146973,1.0640000104904175,15767200.0,16635124.0,302443.875
2023-12-13,1.0640000104904175,1.0640000104904175,1.0369999408721924,1.0379999876022339,11258700.0,11808230.0,302443.875
2023-12-14,1.0449999570846558,1.0520000457763672,1.0399999618530273,1.0410000085830688,14332000.0,14970609.0,302443.875
2023-12-15,1.0460000038146973,1.0720000267028809,1.0460000038146973,1.0609999895095825,19070000.0,20265102.0,302443.875
2023-12-18,1.0529999732971191,1.0809999704360962,1.0529999732971191,1.0770000219345093,29200000.0,31390200.0,302443.875
2023-12-19,1.0779999494552612,1.0809999704360962,1.0709999799728394,1.0750000476837158,14525900.0,15606518.0,302443.875
2023-12-20,1.0779999494552612,1.0820000171661377,1.0670000314712524,1.0670000314712524,10948300.0,11766765.0,302443.875
2023-12-21,1.0670000314712524,1.0829999446868896,1.062999963760376,1.0800000429153442,17420700.0,18701428.0,302443.875
2023-12-22,1.0809999704360962,1.1009999513626099,1.0809999704360962,1.0920000076293945,33440600.0,36510704.0,302443.875
2023-12-25,1.093000054359436,1.0950000286102295,1.0859999656677246,1.0880000591278076,6167200.0,6714732.0,302443.875
2023-12-26,1.0889999866485596,1.090999960899353,1.0870000123977661,1.0870000123977661,2549300.0,2773599.0,302443.875
2023-12-27,1.0870000123977661,1.0980000495910645,1.0770000219345093,1.0950000286102295,19220400.0,20906014.0,302443.875
2023-12-28,1.0950000286102295,1.1089999675750732,1.093000054359436,1.1069999933242798,25711600.0,28332148.0,302443.875
2023-12-29,1.1009999513626099,1.1059999465942383,1.097000002861023,1.1019999980926514,12149400.0,13379375.0,302443.875
2024-01-02,1.1069999933242798,1.1160000562667847,1.1039999723434448,1.1109999418258667,17180300.0,19106968.0,302443.875
2024-01-03,1.1080000400543213,1.1230000257492065,1.1019999980926514,1.121999979019165,28795500.0,32132180.0,302443.875
2024-01-04,1.1239999532699585,1.1330000162124634,1.1230000257492065,1.125,26662700.0,30103836.0,302443.875
2024-01-05,1.125,1.1480000019073486,1.125,1.13100004196167,39475600.0,44847168.0,302443.875
2024-01-08,1.1360000371932983,1.1419999599456787,1.1130000352859497,1.1139999628067017,27600100.0,31012092.0,302443.875
2024-01-09,1.1119999885559082,1.1119999885559082,1.093000054359436,1.1059999465942383,24352800.0,26854466.0,302443.875
2024-01-10,1.097000002861023,1.1059999465942383,1.090000033378601,1.090999960899353,25335300.0,27859880.0,302443.875
2024-01-11,1.093000054359436,1.1050000190734863,1.0920000076293945,1.0980000495910645,22431810.0,24642274.0,302443.875
2024-01-12,1.0980000495910645,1.1080000400543213,1.0980000495910645,1.1050000190734863,32425800.0,35816456.0,302443.875
2024-01-15,1.1059999465942383,1.1160000562667847,1.1039999723434448,1.1089999675750732,35112400.0,38916504.0,302443.875
2024-01-16,1.1059999465942383,1.1169999837875366,1.097000002861023,1.1009999513626099,30116900.0,33314520.0,302443.875
2024-01-17,1.1009999513626099,1.1009999513626099,1.0570000410079956,1.0579999685287476,41509200.0,44717968.0,302443.875
2024-01-18,1.0570000410079956,1.0750000476837158,1.0529999732971191,1.0709999799728394,42174800.0,44804692.0,302443.875
2024-01-19,1.0729999542236328,1.0740000009536743,1.0540000200271606,1.0570000410079956,29179800.0,31108944.0,302443.875
2024-01-22,1.0570000410079956,1.059999942779541,1.0260000228881836,1.031000018119812,24815800.0,25923988.0,302443.875
2024-01-23,1.0329999923706055,1.0609999895095825,1.031000018119812,1.0549999475479126,27825900.0,29107978.0,302443.875
2024-01-24,1.059000015258789,1.0809999704360962,1.0579999685287476,1.0809999704360962,25520700.0,27284502.0,302443.875
2024-01-25,1.0870000123977661,1.1180000305175781,1.0839999914169312,1.1180000305175781,32523300.0,35948488.0,302443.875
2024-01-26,1.1139999628067017,1.1239999532699585,1.1100000143051147,1.11899995803833,40620900.0,45409560.0,302443.875
2024-01-29,1.125,1.1299999952316284,1.1139999628067017,1.1169999837875366,38996000.0,43716152.0,302443.875
2024-01-30,1.1150000095367432,1.1150000095367432,1.093000054359436,1.093000054359436,38322900.0,42293992.0,302443.875
2024-01-31,1.0920000076293945,1.0989999771118164,1.0809999704360962,1.0880000591278076,46634400.0,50935144.0,302443.875
2024-02-01,1.0829999446868896,1.097000002861023,1.0800000429153442,1.0850000381469727,32357900.0,35208304.0,302443.875
2024-02-02,1.090000033378601,1.1050000190734863,1.0740000009536743,1.0859999656677246,47348400.0,51739700.0,302443.875
2024-02-05,1.0839999914169312,1.0889999866485596,1.0700000524520874,1.0809999704360962,34918000.0,37722976.0,302443.875
2024-02-06,1.0820000171661377,1.1119999885559082,1.0820000171661377,1.1109999418258667,29721900.0,32654704.0,302443.875
2024-02-07,1.1119999885559082,1.1200000047683716,1.1069999933242798,1.1069999933242798,23880600.0,26561534.0,302443.875
2024-02-08,1.1089999675750732,1.1169999837875366,1.1009999513626099,1.1030000448226929,24741400.0,27386950.0,302443.875
2024-02-19,1.1039999723434448,1.121000051498413,1.1019999980926514,1.1200000047683716,24115200.0,26833594.0,302443.875
2024-02-20,1.1139999628067017,1.1319999694824219,1.1139999628067017,1.1299999952316284,37329100.0,41998148.0,302443.875
2024-02-21,1.1299999952316284,1.156999945640564,1.128000020980835,1.1460000276565552,49086300.0,56347036.0,302443.875
2024-02-22,1.1460000276565552,1.1740000247955322,1.1460000276565552,1.1720000505447388,38244900.0,44417728.0,302443.875
2024-02-23,1.187000036239624,1.1950000524520874,1.1749999523162842,1.1790000200271606,41973200.0,49682836.0,302443.875
2024-02-26,1.1770000457763672,1.1820000410079956,1.1610000133514404,1.1629999876022339,31714000.0,37174680.0,302443.875
2024-02-27,1.159999966621399,1.1610000133514404,1.1480000019073486,1.159000039100647,42250800.0,48782768.0,302443.875
2024-02-28,1.1610000133514404,1.1690000295639038,1.1490000486373901,1.149999976158142,62185000.0,71977936.0,302443.875
2024-02-29,1.149999976158142,1.1579999923706055,1.1469999551773071,1.1510000228881836,38127600.0,43976056.0,302443.875
2024-03-01,1.1519999504089355,1.1519999504089355,1.1399999856948853,1.1449999809265137,46095300.0,52790376.0,302443.875
2024-03-04,1.1449999809265137,1.1519999504089355,1.1410000324249268,1.1460000276565552,32220200.0,36943164.0,302443.875
2024-03-05,1.1469999551773071,1.1490000486373901,1.1319999694824219,1.1380000114440918,26206700.0,29928024.0,302443.875
2024-03-06,1.1390000581741333,1.1469999551773071,1.1360000371932983,1.1419999599456787,24298500.0,27715764.0,302443.875
2024-03-07,1.1419999599456787,1.1629999876022339,1.1419999599456787,1.1490000486373901,17062800.0,19680794.0,302443.875
2024-03-08,1.1540000438690186,1.1729999780654907,1.149999976158142,1.1729999780654907,23369900.0,27124868.0,302443.875
2024-03-11,1.180999994277954,1.1890000104904175,1.1610000133514404,1.1640000343322754,22138900.0,25855828.0,302443.875
2024-03-12,1.1649999618530273,1.180999994277954,1.1579999923706055,1.1799999475479126,31375500.0,36713032.0,302443.875
2024-03-13,1.1779999732971191,1.1790000200271606,1.1699999570846558,1.1720000505447388,19306900.0,22687978.0,302443.875
2024-03-14,1.1699999570846558,1.1790000200271606,1.1649999618530273,1.1670000553131104,21976700.0,25793828.0,302443.875
2024-03-15,1.1619999408721924,1.1660000085830688,1.1410000324249268,1.1480000019073486,20714100.0,23836562.0,302443.875
2024-03-18,1.1510000228881836,1.1549999713897705,1.1460000276565552,1.1510000228881836,28781080.0,33087560.0,302443.875
2024-03-19,1.1490000486373901,1.1510000228881836,1.1360000371932983,1.1380000114440918,14689600.0,16788236.0,302443.875
2024-03-20,1.1369999647140503,1.1469999551773071,1.1319999694824219,1.1430000066757202,19492200.0,22205356.0,302443.875
2024-03-21,1.152999997138977,1.1660000085830688,1.1449999809265137,1.1629999876022339,18589200.0,21553436.0,302443.875
2024-03-22,1.159000039100647,1.159000039100647,1.1239999532699585,1.1349999904632568,31098500.0,35317576.0,302443.875
2024-03-25,1.13100004196167,1.1399999856948853,1.125,1.1299999952316284,17104000.0,19352518.0,302443.875
2024-03-26,1.1339999437332153,1.1349999904632568,1.1150000095367432,1.1230000257492065,24274000.0,27286144.0,302443.875
2024-03-27,1.11899995803833,1.128000020980835,1.1130000352859497,1.1169999837875366,17904800.0,20038760.0,302443.875
2024-03-28,1.1169999837875366,1.1230000257492065,1.1069999933242798,1.1200000047683716,23530900.0,26198328.0,302443.875
2024-03-29,1.1180000305175781,1.1230000257492065,1.1119999885559082,1.121999979019165,7097900.0,7923295.0,302443.875
2024-04-01,1.1230000257492065,1.13100004196167,1.11899995803833,1.1299999952316284,4602800.0,5173331.0,302443.875
2024-04-02,1.1330000162124634,1.149999976158142,1.1330000162124634,1.1399999856948853,32027188.0,36626456.0,302443.875
2024-04-03,1.1380000114440918,1.1440000534057617,1.1349999904632568,1.1440000534057617,16168900.0,18456092.0,302443.875
2024-04-08,1.1369999647140503,1.156000018119812,1.13100004196167,1.1490000486373901,20366500.0,23342792.0,302443.875
2024-04-09,1.152999997138977,1.156999945640564,1.1419999599456787,1.1440000534057617,19594900.0,22466584.0,302443.875
2024-04-10,1.1449999809265137,1.1629999876022339,1.1440000534057617,1.1619999408721924,21872200.0,25287860.0,302443.875
2024-04-11,1.159999966621399,1.1640000343322754,1.149999976158142,1.1619999408721924,27348300.0,31562612.0,302443.875
2024-04-12,1.1619999408721924,1.1619999408721924,1.149999976158142,1.1510000228881836,16841100.0,19445588.0,302443.875
2024-04-15,1.149999976158142,1.1619999408721924,1.1419999599456787,1.1579999923706055,17978300.0,20746016.0,302443.875
2024-04-16,1.156999945640564,1.159000039100647,1.1419999599456787,1.1449999809265137,21411200.0,24672156.0,302443.875
2024-04-17,1.1419999599456787,1.149999976158142,1.1380000114440918,1.1460000276565552,19666900.0,22518948.0,302443.875
2024-04-18,1.1460000276565552,1.1629999876022339,1.1449999809265137,1.159000039100647,20989600.0,24207398.0,302443.875
2024-04-19,1.152999997138977,1.1679999828338623,1.1510000228881836,1.1670000553131104,28067400.0,32605590.0,302443.875
2024-04-22,1.1720000505447388,1.1890000104904175,1.1670000553131104,1.1679999828338623,24296400.0,28682952.0,302443.875
2024-04-23,1.1699999570846558,1.1729999780654907,1.159999966621399,1.159999966621399,24734348.0,28829048.0,302443.875
2024-04-24,1.1629999876022339,1.1790000200271606,1.1629999876022339,1.1790000200271606,25190500.0,29583572.0,302443.875
2024-04-25,1.1779999732971191,1.1990000009536743,1.1779999732971191,1.1920000314712524,36445152.0,43333648.0,302443.875
2024-04-26,1.1950000524520874,1.2170000076293945,1.1950000524520874,1.2170000076293945,43034700.0,52116992.0,302443.875
2024-04-29,1.218999981880188,1.2330000400543213,1.2109999656677246,1.2200000286102295,32206900.0,39379752.0,302443.875
2024-04-30,1.2209999561309814,1.25600004196167,1.2209999561309814,1.2389999628067017,63918600.0,79403696.0,302443.875
2024-05-06,1.246000051498413,1.2669999599456787,1.246000051498413,1.2669999599456787,39448300.0,49699600.0,302443.875
2024-05-07,1.2669999599456787,1.2910000085830688,1.2589999437332153,1.2910000085830688,55849600.0,71670752.0,302443.875
2024-05-08,1.2910000085830688,1.2999999523162842,1.2790000438690186,1.2799999713897705,49163300.0,63322664.0,302443.875
2024-05-09,1.277999997138977,1.3200000524520874,1.2769999504089355,1.3109999895095825,60438900.0,78915496.0,302443.875
2024-05-10,1.3350000381469727,1.3619999885559082,1.3350000381469727,1.3580000400543213,89223000.0,120556600.0,302443.875
2024-05-13,1.3600000143051147,1.4259999990463257,1.3589999675750732,1.4119999408721924,116530560.0,162602944.0,302443.875
2024-05-14,1.4299999475479126,1.4819999933242798,1.3639999628067017,1.3669999837875366,334701504.0,471879072.0,302443.875
2024-05-15,1.3739999532699585,1.3869999647140503,1.3550000190734863,1.3630000352859497,55998600.0,76466064.0,302443.875
2024-05-16,1.3739999532699585,1.378000020980835,1.3639999628067017,1.3700000047683716,130888600.0,179234928.0,302443.875
2024-05-17,1.3730000257492065,1.3860000371932983,1.3700000047683716,1.3830000162124634,87577296.0,120660696.0,302443.875
2024-05-20,1.3880000114440918,1.4010000228881836,1.3869999647140503,1.3969999551773071,112490896.0,156796336.0,302443.875
2024-05-21,1.3969999551773071,1.3969999551773071,1.3760000467300415,1.3799999952316284,46506600.0,64358268.0,302443.875
2024-05-22,1.378999948501587,1.3880000114440918,1.378000020980835,1.378999948501587,45843500.0,63403172.0,302443.875
2024-05-23,1.3730000257492065,1.375,1.3550000190734863,1.375,48439800.0,66115220.0,302443.875
2024-05-24,1.3700000047683716,1.3769999742507935,1.3580000400543213,1.3619999885559082,29341600.0,40101192.0,302443.875
2024-05-27,1.3660000562667847,1.4019999504089355,1.3650000095367432,1.3949999809265137,53040000.0,73807640.0,302443.875
2024-05-28,1.3990000486373901,1.4179999828338623,1.3969999551773071,1.4140000343322754,55790556.0,78753560.0,302443.875
2024-05-29,1.4220000505447388,1.4229999780654907,1.3930000066757202,1.4019999504089355,38766248.0,54487320.0,302443.875
2024-05-30,1.3969999551773071,1.3990000486373901,1.3650000095367432,1.36899995803833,35082800.0,48499420.0,302443.875
2024-05-31,1.3760000467300415,1.3880000114440918,1.36899995803833,1.3730000257492065,35571400.0,49090800.0,302443.875
2024-06-03,1.3730000257492065,1.3949999809265137,1.3730000257492065,1.3830000162124634,39768100.0,55095900.0,302443.875
2024-06-04,1.3760000467300415,1.3799999952316284,1.3619999885559082,1.3769999742507935,25902500.0,35489312.0,302443.875
2024-06-05,1.371999979019165,1.3849999904632568,1.3600000143051147,1.3600000143051147,24380800.0,33456322.0,302443.875
2024-06-06,1.3700000047683716,1.3830000162124634,1.3660000562667847,1.371000051498413,36382700.0,49978308.0,302443.875
2024-06-07,1.3760000467300415,1.3799999952316284,1.3669999837875366,1.3739999532699585,22450600.0,30832452.0,302443.875
2024-06-11,1.378000020980835,1.378000020980835,1.3220000267028809,1.3339999914169312,54805672.0,73364608.0,302443.875
2024-06-12,1.3240000009536743,1.3370000123977661,1.3140000104904175,1.3329999446868896,43400700.0,57459216.0,302443.875
2024-06-13,1.3370000123977661,1.340999960899353,1.3250000476837158,1.3279999494552612,20697200.0,27574464.0,302443.875
2024-06-14,1.3209999799728394,1.3480000495910645,1.3209999799728394,1.3420000076293945,38197572.0,51200928.0,302443.875
2024-06-17,1.3420000076293945,1.3420000076293945,1.3220000267028809,1.3220000267028809,23048300.0,30646136.0,302443.875
2024-06-18,1.3259999752044678,1.347000002861023,1.3240000009536743,1.3450000286102295,38934900.0,52111968.0,302443.875
2024-06-19,1.3480000495910645,1.3799999952316284,1.3480000495910645,1.378999948501587,42688040.0,58445260.0,302443.875
2024-06-20,1.38100004196167,1.4149999618530273,1.38100004196167,1.3960000276565552,84016024.0,117578832.0,302443.875
2024-06-21,1.3910000324249268,1.3930000066757202,1.3660000562667847,1.371000051498413,44818604.0,61851388.0,302443.875
2024-06-24,1.3700000047683716,1.371000051498413,1.3539999723434448,1.3580000400543213,22973500.0,31272064.0,302443.875
2024-06-25,1.3680000305175781,1.3849999904632568,1.3630000352859497,1.3650000095367432,56223500.0,77439120.0,302443.875
2024-06-26,1.3650000095367432,1.371999979019165,1.3580000400543213,1.3660000562667847,38651500.0,52723056.0,302443.875
2024-06-27,1.3669999837875366,1.371999979019165,1.3380000591278076,1.3380000591278076,53800100.0,72698048.0,302443.875
2024-06-28,1.3380000591278076,1.371000051498413,1.3329999446868896,1.3569999933242798,55848400.0,75911272.0,302443.875
2024-07-01,1.3589999675750732,1.3830000162124634,1.3589999675750732,1.3799999952316284,35770016.0,49148552.0,302443.875
2024-07-02,1.3799999952316284,1.406000018119812,1.375,1.3899999856948853,60531272.0,84289152.0,302443.875
2024-07-03,1.3899999856948853,1.406000018119812,1.3890000581741333,1.3960000276565552,59259100.0,82803728.0,302443.875
2024-07-04,1.406000018119812,1.409999966621399,1.3960000276565552,1.409000039100647,49396400.0,69277576.0,302443.875
2024-07-05,1.4129999876022339,1.4179999828338623,1.38100004196167,1.3819999694824219,55103300.0,76991224.0,302443.875
2024-07-08,1.38100004196167,1.38100004196167,1.3580000400543213,1.3600000143051147,35654200.0,48621860.0,302443.875
2024-07-09,1.3600000143051147,1.3669999837875366,1.347000002861023,1.3630000352859497,42186300.0,57274832.0,302443.875
2024-07-10,1.3580000400543213,1.3630000352859497,1.3309999704360962,1.3339999914169312,57245200.0,77058312.0,302443.875
2024-07-11,1.3339999914169312,1.350000023841858,1.3329999446868896,1.3450000286102295,36032500.0,48377752.0,302443.875
2024-07-12,1.3509999513626099,1.3600000143051147,1.343000054359436,1.3509999513626099,44702500.0,60412808.0,302443.875
2024-07-15,1.3539999723434448,1.3589999675750732,1.340000033378601,1.3420000076293945,38475600.0,51920776.0,302443.875
2024-07-16,1.3389999866485596,1.3389999866485596,1.3220000267028809,1.3250000476837158,37937200.0,50362448.0,302443.875
2024-07-17,1.3250000476837158,1.3279999494552612,1.2949999570846558,1.2999999523162842,56497300.0,73627840.0,302443.875
2024-07-18,1.3049999475479126,1.3179999589920044,1.2960000038146973,1.3179999589920044,44710100.0,58566560.0,302443.875
2024-07-19,1.3209999799728394,1.3220000267028809,1.2719999551773071,1.2730000019073486,70397296.0,90239440.0,302443.875
2024-07-22,1.2760000228881836,1.281999945640564,1.253999948501587,1.2799999713897705,58779800.0,74535360.0,302443.875
2024-07-23,1.2860000133514404,1.2979999780654907,1.281999945640564,1.281999945640564,29704100.0,38353296.0,302443.875
2024-07-24,1.281999945640564,1.2879999876022339,1.2740000486373901,1.2829999923706055,29782382.0,38220088.0,302443.875
2024-07-25,1.2860000133514404,1.2860000133514404,1.2519999742507935,1.2549999952316284,32208400.0,40609136.0,302443.875
2024-07-26,1.2549999952316284,1.274999976158142,1.2489999532699585,1.2549999952316284,37558600.0,47327992.0,302443.875
2024-07-29,1.25600004196167,1.277999997138977,1.25600004196167,1.2760000228881836,42515900.0,53848600.0,302443.875
2024-07-30,1.2730000019073486,1.2730000019073486,1.25,1.2569999694824219,25383700.0,31876832.0,302443.875
2024-07-31,1.2549999952316284,1.277999997138977,1.2519999742507935,1.2760000228881836,43128500.0,54587184.0,302443.875
2024-08-01,1.2790000438690186,1.2899999618530273,1.2740000486373901,1.2829999923706055,42255200.0,54166008.0,302443.875
2024-08-02,1.2699999809265137,1.2699999809265137,1.25600004196167,1.2640000581741333,43142600.0,54508816.0,302443.875
2024-08-05,1.2549999952316284,1.2549999952316284,1.2050000429153442,1.2120000123977661,76270896.0,93575784.0,302443.875
2024-08-06,1.2359999418258667,1.2359999418258667,1.2079999446868896,1.2120000123977661,62429700.0,76027312.0,302443.875
2024-08-07,1.2120000123977661,1.2410000562667847,1.2120000123977661,1.2309999465942383,41438900.0,50940584.0,302443.875
2024-08-08,1.2419999837875366,1.2430000305175781,1.2170000076293945,1.2269999980926514,40263200.0,49310412.0,302443.875
2024-08-09,1.2339999675750732,1.2430000305175781,1.2289999723434448,1.2300000190734863,31245400.0,38590672.0,302443.875
2024-08-12,1.2330000400543213,1.2410000562667847,1.2289999723434448,1.2369999885559082,35462296.0,43765080.0,302443.875
2024-08-13,1.2400000095367432,1.2549999952316284,1.2400000095367432,1.246000051498413,29180800.0,36375680.0,302443.875
2024-08-14,1.25,1.25,1.2380000352859497,1.2389999628067017,25162300.0,31270108.0,302443.875
2024-08-15,1.2350000143051147,1.2630000114440918,1.2330000400543213,1.25600004196167,45815900.0,57352364.0,302443.875
2024-08-16,1.2660000324249268,1.2790000438690186,1.2630000114440918,1.2719999551773071,63209300.0,80474152.0,302443.875
2024-08-19,1.2719999551773071,1.281999945640564,1.2710000276565552,1.2730000019073486,57240200.0,73051776.0,302443.875
2024-08-20,1.2760000228881836,1.277999997138977,1.2580000162124634,1.2610000371932983,20021800.0,25280412.0,302443.875
2024-08-21,1.2580000162124634,1.2580000162124634,1.2480000257492065,1.2580000162124634,23782800.0,29790902.0,302443.875
2024-08-22,1.2610000371932983,1.2710000276565552,1.2510000467300415,1.2699999809265137,20915100.0,26342024.0,302443.875
2024-08-23,1.2630000114440918,1.2680000066757202,1.2589999437332153,1.2669999599456787,25272000.0,31912736.0,302443.875
2024-08-26,1.2719999551773071,1.2799999713897705,1.2669999599456787,1.277999997138977,18003100.0,22962708.0,302443.875
2024-08-27,1.2760000228881836,1.3009999990463257,1.2699999809265137,1.2999999523162842,31531100.0,40683280.0,302443.875
2024-08-28,1.3009999990463257,1.3020000457763672,1.281000018119812,1.2879999876022339,26901600.0,34694740.0,302443.875
2024-08-29,1.2869999408721924,1.2869999408721924,1.2630000114440918,1.2699999809265137,41659600.0,53016024.0,302443.875
2024-08-30,1.2710000276565552,1.2899999618530273,1.2710000276565552,1.281999945640564,55407500.0,70985048.0,302443.875
2024-09-02,1.2710000276565552,1.281000018119812,1.2610000371932983,1.2669999599456787,44174500.0,56001864.0,302443.875
2024-09-03,1.2669999599456787,1.2769999504089355,1.25600004196167,1.25600004196167,31556300.0,39805872.0,302443.875
2024-09-04,1.2480000257492065,1.25600004196167,1.2339999675750732,1.2359999418258667,29724100.0,36856928.0,302443.875
2024-09-05,1.2369999885559082,1.2430000305175781,1.225000023841858,1.2259999513626099,25511100.0,31409030.0,302443.875
2024-09-06,1.2269999980926514,1.2339999675750732,1.2230000495910645,1.2239999771118164,12271400.0,15085196.0,302443.875
2024-09-09,1.222000002861023,1.2239999771118164,1.1929999589920044,1.1970000267028809,28232800.0,34005560.0,302443.875
2024-09-10,1.2000000476837158,1.2059999704360962,1.194000005722046,1.2009999752044678,23754800.0,28473676.0,302443.875
2024-09-11,1.194000005722046,1.1970000267028809,1.1690000295639038,1.1779999732971191,48998500.0,57628020.0,302443.875
2024-09-12,1.1820000410079956,1.1959999799728394,1.1759999990463257,1.1920000314712524,33973000.0,40335696.0,302443.875
2024-09-13,1.1950000524520874,1.2139999866485596,1.1950000524520874,1.2020000219345093,30421900.0,36699612.0,302443.875
2024-09-18,1.2139999866485596,1.2259999513626099,1.2139999866485596,1.225000023841858,25967300.0,31755818.0,302443.875
2024-09-19,1.2269999980926514,1.2419999837875366,1.2200000286102295,1.2410000562667847,42171000.0,51954380.0,302443.875
2024-09-20,1.2450000047683716,1.2599999904632568,1.2359999418258667,1.2510000467300415,55647504.0,69533176.0,302443.875
2024-09-23,1.253000020980835,1.274999976158142,1.253000020980835,1.2680000066757202,30944554.0,39158772.0,302443.875
2024-09-24,1.2790000438690186,1.3179999589920044,1.2790000438690186,1.315999984741211,84816704.0,110391536.0,302443.875
2024-09-25,1.3420000076293945,1.3680000305175781,1.3220000267028809,1.3240000009536743,171550640.0,230917568.0,302443.875
2024-09-26,1.3380000591278076,1.3509999513626099,1.3220000267028809,1.350000023841858,83291904.0,111411288.0,302443.875
2024-09-27,1.3919999599456787,1.4199999570846558,1.3569999933242798,1.3650000095367432,78196800.0,107841200.0,302443.875
2024-09-30,1.38100004196167,1.4500000476837158,1.3799999952316284,1.4170000553131104,208007200.0,293134304.0,302443.875
2024-10-08,1.5529999732971191,1.5579999685287476,1.399999976158142,1.440999984741211,174023568.0,254362560.0,302443.875
2024-10-09,1.4299999475479126,1.4299999475479126,1.3370000123977661,1.3630000352859497,209647808.0,289687936.0,302443.875
2024-10-10,1.3799999952316284,1.4479999542236328,1.3799999952316284,1.4140000343322754,185780176.0,262890384.0,302443.875
2024-10-11,1.430999994277954,1.430999994277954,1.375,1.3830000162124634,69736448.0,97871448.0,302443.875
2024-10-14,1.409999966621399,1.4579999446868896,1.409999966621399,1.4420000314712524,187393792.0,269075456.0,302443.875
2024-10-15,1.440999984741211,1.4479999542236328,1.3990000486373901,1.399999976158142,113531096.0,162530304.0,302443.875
2024-10-16,1.3960000276565552,1.437000036239624,1.3960000276565552,1.4270000457763672,185329904.0,263963792.0,302443.875
2024-10-17,1.4359999895095825,1.4509999752044678,1.406999945640564,1.4079999923706055,130155104.0,186533040.0,302443.875
2024-10-18,1.4079999923706055,1.444000005722046,1.4010000228881836,1.4299999475479126,138159552.0,195960240.0,302443.875
2024-10-21,1.440000057220459,1.4450000524520874,1.4259999990463257,1.430999994277954,90385000.0,129580640.0,302443.875
2024-10-22,1.4299999475479126,1.4459999799728394,1.4290000200271606,1.434999942779541,76709200.0,110376432.0,302443.875
2024-10-23,1.440999984741211,1.4570000171661377,1.4359999895095825,1.4470000267028809,73964400.0,107072496.0,302443.875
2024-10-24,1.4390000104904175,1.4479999542236328,1.434999942779541,1.444000005722046,64054700.0,92320928.0,302443.875
2024-10-25,1.4470000267028809,1.4550000429153442,1.437999963760376,1.4390000104904175,81370600.0,117758040.0,302443.875
2024-10-28,1.4420000314712524,1.4459999799728394,1.434000015258789,1.4429999589920044,91069904.0,131306824.0,302443.875
2024-10-29,1.4509999752044678,1.4529999494552612,1.4229999780654907,1.4229999780654907,114562288.0,164265568.0,302443.875
2024-10-30,1.4210000038146973,1.4320000410079956,1.399999976158142,1.4040000438690186,100019000.0,141544000.0,302443.875
2024-10-31,1.406999945640564,1.4210000038146973,1.4010000228881836,1.406999945640564,99601400.0,140413744.0,302443.875
2024-11-01,1.4149999618530273,1.4359999895095825,1.4079999923706055,1.4249999523162842,112224800.0,160162432.0,302443.875
2024-11-04,1.434000015258789,1.4359999895095825,1.4149999618530273,1.4290000200271606,89406200.0,127340992.0,302443.875
2024-11-05,1.4270000457763672,1.4600000381469727,1.4249999523162842,1.4539999961853027,98582096.0,142654288.0,302443.875
2024-11-06,1.4500000476837158,1.4670000076293945,1.440999984741211,1.4429999589920044,122760176.0,178386576.0,302443.875
2024-11-07,1.444000005722046,1.4830000400543213,1.440000057220459,1.4789999723434448,129133904.0,189458720.0,302443.875
2024-11-08,1.496000051498413,1.5010000467300415,1.4589999914169312,1.4620000123977661,76883000.0,113160072.0,302443.875
2024-11-11,1.4459999799728394,1.4529999494552612,1.430999994277954,1.440000057220459,49504400.0,71260032.0,302443.875
2024-11-12,1.440999984741211,1.4559999704360962,1.399999976158142,1.4049999713897705,65973700.0,94302192.0,302443.875
2024-11-13,1.402999997138977,1.4170000553131104,1.3980000019073486,1.406000018119812,72850400.0,102562600.0,302443.875
2024-11-14,1.409999966621399,1.4140000343322754,1.3830000162124634,1.3839999437332153,45108200.0,63172088.0,302443.875
2024-11-15,1.3880000114440918,1.399999976158142,1.3860000371932983,1.3949999809265137,64083800.0,89424368.0,302443.875
2024-11-18,1.4019999504089355,1.4259999990463257,1.3960000276565552,1.4119999408721924,74305696.0,104967392.0,302443.875
2024-11-19,1.4190000295639038,1.4229999780654907,1.4049999713897705,1.4140000343322754,47926200.0,67813312.0,302443.875
2024-11-20,1.4129999876022339,1.4220000505447388,1.4119999408721924,1.4160000085830688,35361900.0,50126900.0,302443.875
2024-11-21,1.4129999876022339,1.4220000505447388,1.4129999876022339,1.4149999618530273,28130000.0,39873576.0,302443.875
2024-11-22,1.4119999408721924,1.4210000038146973,1.3680000305175781,1.3700000047683716,49715600.0,69355144.0,302443.875
2024-11-25,1.378000020980835,1.3880000114440918,1.3730000257492065,1.3819999694824219,33788400.0,46655532.0,302443.875
2024-11-26,1.375,1.378999948501587,1.3639999628067017,1.3669999837875366,32835200.0,45015212.0,302443.875
2024-11-27,1.3660000562667847,1.3700000047683716,1.3530000448226929,1.3700000047683716,48702000.0,66365408.0,302443.875
2024-11-28,1.371000051498413,1.3730000257492065,1.3530000448226929,1.3539999723434448,30760700.0,41878112.0,302443.875
2024-11-29,1.3589999675750732,1.3680000305175781,1.3519999980926514,1.3550000190734863,40556200.0,55074072.0,302443.875
2024-12-02,1.3619999885559082,1.378000020980835,1.3609999418258667,1.371000051498413,35855300.0,49114560.0,302443.875
2024-12-03,1.371999979019165,1.399999976158142,1.371999979019165,1.3969999551773071,56163600.0,77953168.0,302443.875
2024-12-04,1.3960000276565552,1.4119999408721924,1.3899999856948853,1.406000018119812,51617100.0,72464344.0,302443.875
2024-12-05,1.3969999551773071,1.4049999713897705,1.3940000534057617,1.3969999551773071,26240900.0,36708908.0,302443.875
2024-12-06,1.4040000438690186,1.4210000038146973,1.4040000438690186,1.4160000085830688,38552800.0,54471456.0,302443.875
2024-12-09,1.4170000553131104,1.4320000410079956,1.4110000133514404,1.4259999990463257,51982800.0,74031856.0,302443.875
2024-12-10,1.4800000190734863,1.4880000352859497,1.4320000410079956,1.434000015258789,65467600.0,95114432.0,302443.875
2024-12-11,1.4359999895095825,1.4509999752044678,1.4290000200271606,1.430999994277954,42530408.0,61293980.0,302443.875
2024-12-12,1.4320000410079956,1.4490000009536743,1.4290000200271606,1.4459999799728394,39904000.0,57520000.0,302443.875
2024-12-13,1.4390000104904175,1.4390000104904175,1.4149999618530273,1.4179999828338623,38613000.0,54876920.0,302443.875
2024-12-16,1.4179999828338623,1.434999942779541,1.4179999828338623,1.4329999685287476,78885400.0,112797088.0,302443.875
2024-12-17,1.4279999732971191,1.4299999475479126,1.4160000085830688,1.4179999828338623,56246400.0,80049584.0,302443.875
2024-12-18,1.4240000247955322,1.4320000410079956,1.4229999780654907,1.4270000457763672,31485800.0,44935368.0,302443.875
2024-12-19,1.4129999876022339,1.4249999523162842,1.4110000133514404,1.4229999780654907,33372000.0,47311472.0,302443.875
2024-12-20,1.4190000295639038,1.4210000038146973,1.399999976158142,1.4019999504089355,65099100.0,91718536.0,302443.875
2024-12-23,1.4079999923706055,1.4249999523162842,1.402999997138977,1.4199999570846558,43332028.0,61403548.0,302443.875
2024-12-24,1.4220000505447388,1.4670000076293945,1.4220000505447388,1.465000033378601,117898304.0,171421168.0,302443.875
2024-12-25,1.468000054359436,1.5049999952316284,1.4500000476837158,1.4709999561309814,88147224.0,130708072.0,302443.875
2024-12-26,1.4759999513626099,1.50600004196167,1.4630000591278076,1.4709999561309814,102893504.0,152636624.0,302443.875
2024-12-27,1.465999960899353,1.465999960899353,1.4479999542236328,1.4509999752044678,57133400.0,83047224.0,302443.875
2024-12-30,1.4539999961853027,1.4769999980926514,1.4539999961853027,1.4639999866485596,69194200.0,101494160.0,302443.875
2024-12-31,1.465000033378601,1.4800000190734863,1.4570000171661377,1.4579999446868896,67859296.0,99797624.0,302443.875
2025-01-02,1.4579999446868896,1.4630000591278076,1.4279999732971191,1.4320000410079956,60335000.0,87302304.0,302443.875
2025-01-03,1.437999963760376,1.4520000219345093,1.434999942779541,1.440999984741211,72145600.0,104067464.0,302443.875
2025-01-06,1.440999984741211,1.4520000219345093,1.4359999895095825,1.437999963760376,54243300.0,78339504.0,302443.875
2025-01-07,1.434999942779541,1.434999942779541,1.4110000133514404,1.4160000085830688,60280300.0,85583984.0,302443.875
2025-01-08,1.4149999618530273,1.4270000457763672,1.4040000438690186,1.4119999408721924,72395104.0,102328064.0,302443.875
2025-01-09,1.4140000343322754,1.4140000343322754,1.3949999809265137,1.4010000228881836,48503800.0,67980920.0,302443.875
2025-01-10,1.399999976158142,1.409999966621399,1.3880000114440918,1.3910000324249268,34369400.0,48012616.0,302443.875
2025-01-13,1.3869999647140503,1.3990000486373901,1.3799999952316284,1.3980000019073486,53927600.0,74980616.0,302443.875
2025-01-14,1.399999976158142,1.4140000343322754,1.3980000019073486,1.4119999408721924,55030100.0,77492424.0,302443.875
2025-01-15,1.4110000133514404,1.4220000505447388,1.406999945640564,1.409999966621399,36699600.0,51870824.0,302443.875
2025-01-16,1.4249999523162842,1.4270000457763672,1.409999966621399,1.4160000085830688,39041900.0,55376504.0,302443.875
2025-01-17,1.4149999618530273,1.4170000553131104,1.4079999923706055,1.4170000553131104,32738100.0,46248792.0,302443.875
2025-01-20,1.4199999570846558,1.4249999523162842,1.406999945640564,1.406999945640564,36033600.0,50912712.0,302443.875
2025-01-21,1.4119999408721924,1.4140000343322754,1.4019999504089355,1.4049999713897705,37792056.0,53155548.0,302443.875
2025-01-22,1.406000018119812,1.406000018119812,1.3940000534057617,1.3949999809265137,25788920.0,36036408.0,302443.875
2025-01-23,1.409000039100647,1.4140000343322754,1.4019999504089355,1.4049999713897705,42373900.0,59687628.0,302443.875
2025-01-24,1.406000018119812,1.4149999618530273,1.402999997138977,1.4149999618530273,55875500.0,78834288.0,302443.875
2025-01-27,1.4170000553131104,1.4329999685287476,1.4170000553131104,1.4249999523162842,41128240.0,58720116.0,302443.875
2025-02-05,1.4229999780654907,1.4299999475479126,1.4170000553131104,1.4240000247955322,34483000.0,49077416.0,302443.875
2025-02-06,1.4240000247955322,1.434999942779541,1.4229999780654907,1.4279999732971191,36714100.0,52423032.0,302443.875
2025-02-07,1.4270000457763672,1.4320000410079956,1.4179999828338623,1.4249999523162842,50076620.0,71382256.0,302443.875
2025-02-10,1.434999942779541,1.4390000104904175,1.4279999732971191,1.4299999475479126,37343344.0,53514348.0,302443.875
2025-02-11,1.4320000410079956,1.440000057220459,1.4320000410079956,1.4359999895095825,41815056.0,60009912.0,302443.875
2025-02-12,1.4390000104904175,1.4630000591278076,1.4390000104904175,1.4609999656677246,75172600.0,109136192.0,302443.875
2025-02-13,1.4620000123977661,1.4670000076293945,1.440000057220459,1.4550000429153442,123994400.0,180997872.0,302443.875
2025-02-14,1.4539999961853027,1.4550000429153442,1.440000057220459,1.4450000524520874,90236584.0,130721512.0,302443.875
2025-02-17,1.4509999752044678,1.4630000591278076,1.4450000524520874,1.4620000123977661,55333100.0,80377344.0,302443.875
2025-02-18,1.4620000123977661,1.4769999980926514,1.4589999914169312,1.4639999866485596,44945400.0,65920312.0,302443.875
2025-02-19,1.4630000591278076,1.468000054359436,1.4579999446868896,1.4609999656677246,27766300.0,40615968.0,302443.875
2025-02-20,1.4589999914169312,1.4609999656677246,1.4470000267028809,1.4550000429153442,30645100.0,44546932.0,302443.875
2025-02-21,1.4579999446868896,1.468000054359436,1.4579999446868896,1.465999960899353,41331000.0,60457736.0,302443.875
2025-02-24,1.465000033378601,1.4709999561309814,1.4470000267028809,1.4630000591278076,41740200.0,61066644.0,302443.875
2025-02-25,1.4429999589920044,1.4559999704360962,1.4420000314712524,1.444000005722046,30746400.0,44572128.0,302443.875
2025-02-26,1.4470000267028809,1.465000033378601,1.444000005722046,1.4600000381469727,22267400.0,32430386.0,302443.875
2025-02-27,1.4609999656677246,1.4620000123977661,1.4509999752044678,1.4620000123977661,39809300.0,58017880.0,302443.875
2025-02-28,1.4609999656677246,1.4620000123977661,1.4429999589920044,1.4459999799728394,27097400.0,39362352.0,302443.875
2025-03-03,1.4500000476837158,1.4670000076293945,1.4490000009536743,1.4589999914169312,40497500.0,59155536.0,302443.875
2025-03-04,1.4570000171661377,1.4570000171661377,1.434999942779541,1.4520000219345093,32799900.0,47429144.0,302443.875
2025-03-05,1.4529999494552612,1.468999981880188,1.4520000219345093,1.468000054359436,29383904.0,43030648.0,302443.875
2025-03-06,1.472000002861023,1.4759999513626099,1.4630000591278076,1.468000054359436,40899040.0,59992976.0,302443.875
2025-03-07,1.4670000076293945,1.4780000448226929,1.465000033378601,1.472000002861023,24066900.0,35470132.0,302443.875
2025-03-10,1.472000002861023,1.4800000190734863,1.465000033378601,1.4759999513626099,20345300.0,29997966.0,302443.875
2025-03-11,1.468999981880188,1.4789999723434448,1.4630000591278076,1.4780000448226929,14954200.0,22009876.0,302443.875
2025-03-12,1.4789999723434448,1.4830000400543213,1.475000023841858,1.4780000448226929,17948800.0,26531188.0,302443.875
2025-03-13,1.4789999723434448,1.4869999885559082,1.468999981880188,1.475000023841858,25519100.0,37715832.0,302443.875
2025-03-14,1.4780000448226929,1.4989999532699585,1.4780000448226929,1.496000051498413,37353300.0,55758688.0,302443.875
2025-03-17,1.496000051498413,1.5089999437332153,1.4869999885559082,1.5089999437332153,28204000.0,42366056.0,302443.875
2025-03-18,1.5169999599456787,1.5169999599456787,1.503999948501587,1.5149999856948853,32435400.0,48982888.0,302443.875
2025-03-19,1.5149999856948853,1.5199999809265137,1.5110000371932983,1.5160000324249268,24803200.0,37582316.0,302443.875
2025-03-20,1.5149999856948853,1.5199999809265137,1.5089999437332153,1.5099999904632568,30088100.0,45580996.0,302443.875
2025-03-21,1.5099999904632568,1.5149999856948853,1.4850000143051147,1.49399995803833,44370900.0,66560576.0,302443.875
2025-03-24,1.5,1.5069999694824219,1.4910000562667847,1.5,34304300.0,51403648.0,302443.875
2025-03-25,1.496999979019165,1.5010000467300415,1.4830000400543213,1.4850000143051147,28823900.0,42937416.0,302443.875
2025-03-26,1.4859999418258667,1.49399995803833,1.4789999723434448,1.4819999933242798,16414800.0,24406882.0,302443.875
2025-03-27,1.4800000190734863,1.4950000047683716,1.4800000190734863,1.4880000352859497,16409200.0,24432408.0,302443.875
2025-03-28,1.4880000352859497,1.4919999837875366,1.4670000076293945,1.4739999771118164,91347656.0,134716144.0,302443.875
2025-03-31,1.4730000495910645,1.4880000352859497,1.4620000123977661,1.4769999980926514,57203400.0,84505376.0,302443.875
2025-04-01,1.4800000190734863,1.4950000047683716,1.4789999723434448,1.49399995803833,29091500.0,43251800.0,302443.875
2025-04-02,1.4900000095367432,1.503999948501587,1.4880000352859497,1.5,20277700.0,30370860.0,302443.875
2025-04-03,1.4900000095367432,1.496999979019165,1.4800000190734863,1.4930000305175781,44839000.0,66760896.0,302443.875
2025-04-07,1.399999976158142,1.4179999828338623,1.343999981880188,1.347000002861023,57071292.0,78327792.0,302443.875
2025-04-08,1.3550000190734863,1.3700000047683716,1.3509999513626099,1.3600000143051147,56232700.0,76439648.0,302443.875
2025-04-09,1.3539999723434448,1.3739999532699585,1.3259999752044678,1.3660000562667847,65561752.0,88747552.0,302443.875
2025-04-10,1.3839999437332153,1.4240000247955322,1.3839999437332153,1.4010000228881836,66085600.0,93282240.0,302443.875
2025-04-11,1.402999997138977,1.4199999570846558,1.3890000581741333,1.4129999876022339,48415860.0,68217216.0,302443.875
2025-04-14,1.4240000247955322,1.4459999799728394,1.4240000247955322,1.4450000524520874,32743800.0,47056356.0,302443.875
2025-04-15,1.4459999799728394,1.4539999961853027,1.444000005722046,1.4479999542236328,22629700.0,32789080.0,302443.875
2025-04-16,1.4459999799728394,1.4529999494552612,1.4320000410079956,1.437999963760376,23006500.0,33120612.0,302443.875
2025-04-17,1.437999963760376,1.4500000476837158,1.434999942779541,1.4429999589920044,18888000.0,27306432.0,302443.875
2025-04-18,1.4470000267028809,1.4470000267028809,1.4359999895095825,1.4429999589920044,10960300.0,15801312.0,302443.875
2025-04-21,1.4539999961853027,1.4539999961853027,1.440000057220459,1.4479999542236328,9628400.0,13911529.0,302443.875
2025-04-22,1.444000005722046,1.4509999752044678,1.440000057220459,1.4490000009536743,24168500.0,34914736.0,302443.875
2025-04-23,1.4570000171661377,1.4630000591278076,1.4529999494552612,1.4570000171661377,18695900.0,27238528.0,302443.875
2025-04-24,1.4570000171661377,1.4620000123977661,1.4500000476837158,1.4520000219345093,11868100.0,17273520.0,302443.875
2025-04-25,1.4520000219345093,1.465999960899353,1.4520000219345093,1.4600000381469727,16815600.0,24579700.0,302443.875
2025-04-28,1.4609999656677246,1.4709999561309814,1.4539999961853027,1.4700000286102295,13788800.0,20186438.0,302443.875
2025-04-29,1.4709999561309814,1.4730000495910645,1.4620000123977661,1.465999960899353,27354500.0,40141496.0,302443.875
2025-04-30,1.4630000591278076,1.468999981880188,1.4509999752044678,1.4589999914169312,27741600.0,40400156.0,302443.875
2025-05-06,1.4620000123977661,1.465999960899353,1.4509999752044678,1.4639999866485596,38281900.0,55822168.0,302443.875
2025-05-07,1.4900000095367432,1.4919999837875366,1.472000002861023,1.4819999933242798,30502100.0,45221024.0,302443.875
2025-05-08,1.4850000143051147,1.4850000143051147,1.475000023841858,1.475000023841858,16112300.0,23833516.0,302443.875
2025-05-09,1.4780000448226929,1.4919999837875366,1.4759999513626099,1.4889999628067017,28104500.0,41821528.0,302443.875
2025-05-12,1.4889999628067017,1.503999948501587,1.4889999628067017,1.496000051498413,41392300.0,62050876.0,302443.875
2025-05-13,1.5099999904632568,1.5190000534057617,1.5,1.5149999856948853,39786200.0,60108232.0,302443.875
2025-05-14,1.5199999809265137,1.5509999990463257,1.5169999599456787,1.5490000247955322,27862000.0,42889376.0,302443.875
2025-05-15,1.5520000457763672,1.5579999685287476,1.5410000085830688,1.5440000295639038,37196800.0,57570100.0,302443.875
2025-05-16,1.5410000085830688,1.5429999828338623,1.5299999713897705,1.5390000343322754,29837600.0,45875080.0,302443.875
2025-05-19,1.534000039100647,1.5529999732971191,1.534000039100647,1.5470000505447388,22522876.0,34840652.0,302443.875
2025-05-20,1.5520000457763672,1.5729999542236328,1.5509999990463257,1.5700000524520874,34435600.0,53855688.0,302443.875
2025-05-21,1.5720000267028809,1.5880000591278076,1.565999984741211,1.5820000171661377,34686700.0,54769148.0,302443.875
2025-05-22,1.5829999446868896,1.5880000591278076,1.5770000219345093,1.5820000171661377,23617800.0,37374596.0,302443.875
2025-05-23,1.5800000429153442,1.5889999866485596,1.5750000476837158,1.5759999752044678,29197700.0,46138020.0,302443.875
2025-05-26,1.5740000009536743,1.590999960899353,1.5720000267028809,1.5800000429153442,38735100.0,61173936.0,302443.875
2025-05-27,1.5829999446868896,1.5859999656677246,1.5720000267028809,1.5740000009536743,36156900.0,57069032.0,302443.875
2025-05-28,1.5750000476837158,1.5880000591278076,1.5750000476837158,1.5809999704360962,22788748.0,36084912.0,302443.875
2025-05-29,1.5839999914169312,1.590000033378601,1.5800000429153442,1.5839999914169312,32726600.0,51850308.0,302443.875
2025-05-30,1.5800000429153442,1.5880000591278076,1.5770000219345093,1.5800000429153442,15399400.0,24337672.0,302443.875
2025-06-03,1.5759999752044678,1.593999981880188,1.5750000476837158,1.5889999866485596,24548900.0,38881480.0,302443.875
2025-06-04,1.5889999866485596,1.5920000076293945,1.5850000381469727,1.5880000591278076,19160900.0,30422136.0,302443.875
2025-06-05,1.593000054359436,1.593999981880188,1.5789999961853027,1.5850000381469727,39681156.0,62889608.0,302443.875
2025-06-06,1.5839999914169312,1.593999981880188,1.5820000171661377,1.5859999656677246,25213400.0,40007604.0,302443.875
2025-06-09,1.5859999656677246,1.593000054359436,1.5859999656677246,1.593000054359436,35159100.0,55905304.0,302443.875
2025-06-10,1.593999981880188,1.6260000467300415,1.593999981880188,1.61899995803833,39425688.0,63663452.0,302443.875
2025-06-11,1.621999979019165,1.6430000066757202,1.621000051498413,1.6360000371932983,50215200.0,82201104.0,302443.875
2025-06-12,1.6390000581741333,1.6440000534057617,1.6330000162124634,1.6399999856948853,56508700.0,92572640.0,302443.875
2025-06-13,1.6419999599456787,1.659999966621399,1.6390000581741333,1.6519999504089355,44390500.0,73368072.0,302443.875
2025-06-16,1.6480000019073486,1.6480000019073486,1.628000020980835,1.6419999599456787,42109700.0,68860584.0,-302443.875
2025-06-17,1.6430000066757202,1.6490000486373901,1.6319999694824219,1.6330000162124634,89682896.0,147124464.0,302443.875
2025-06-18,1.6369999647140503,1.6480000019073486,1.625,1.6339999437332153,76621104.0,125154048.0,302443.875
2025-06-19,1.6360000371932983,1.6360000371932983,1.5980000495910645,1.5989999771118164,100821104.0,162134880.0,302443.875
2025-06-20,1.6069999933242798,1.628000020980835,1.600000023841858,1.6180000305175781,54279700.0,87852560.0,302443.875
2025-06-23,1.625,1.6369999647140503,1.6100000143051147,1.6339999437332153,64033000.0,104081552.0,302443.875
2025-06-24,1.6299999952316284,1.6460000276565552,1.6269999742507935,1.6449999809265137,59040900.0,96786120.0,302443.875
2025-06-25,1.6490000486373901,1.6490000486373901,1.6349999904632568,1.6440000534057617,39919600.0,65527280.0,302443.875
2025-06-26,1.6469999551773071,1.6469999551773071,1.6349999904632568,1.6369999647140503,25804700.0,42292268.0,302443.875
2025-06-27,1.6369999647140503,1.6449999809265137,1.6169999837875366,1.621999979019165,40777600.0,66488692.0,302443.875
2025-06-30,1.621999979019165,1.6239999532699585,1.6100000143051147,1.6180000305175781,53217000.0,86072704.0,302443.875
2025-07-01,1.621999979019165,1.625,1.61899995803833,1.6230000257492065,12879500.0,20895670.0,302443.875
2025-07-02,1.6260000467300415,1.6480000019073486,1.6260000467300415,1.6449999809265137,42102400.0,69021808.0,302443.875
2025-07-03,1.6440000534057617,1.6540000438690186,1.6349999904632568,1.6440000534057617,33326800.0,54790512.0,302443.875
2025-07-04,1.6410000324249268,1.6469999551773071,1.6349999904632568,1.6380000114440918,50432692.0,82737680.0,302443.875
2025-07-07,1.6430000066757202,1.6430000066757202,1.6339999437332153,1.6410000324249268,65049900.0,106610120.0,302443.875
2025-07-08,1.6440000534057617,1.6469999551773071,1.6330000162124634,1.6339999437332153,123982000.0,202941936.0,302443.875
2025-07-09,1.6339999437332153,1.6430000066757202,1.6269999742507935,1.6410000324249268,77621400.0,127004336.0,302443.875
2025-07-10,1.6399999856948853,1.6679999828338623,1.6399999856948853,1.6660000085830688,45818000.0,75971056.0,302443.875
2025-07-11,1.6699999570846558,1.6970000267028809,1.6679999828338623,1.6890000104904175,77371800.0,130576272.0,302443.875
2025-07-14,1.6679999828338623,1.6829999685287476,1.6649999618530273,1.6690000295639038,48024400.0,80338416.0,-302443.875
2025-07-15,1.6729999780654907,1.6779999732971191,1.6540000438690186,1.6629999876022339,37512500.0,62416648.0,302443.875
2025-07-16,1.6649999618530273,1.6740000247955322,1.6610000133514404,1.6670000553131104,46602300.0,77635552.0,302443.875
2025-07-17,1.6660000085830688,1.6679999828338623,1.656000018119812,1.656999945640564,85711704.0,142312304.0,302443.875
2025-07-18,1.6619999408721924,1.6660000085830688,1.656000018119812,1.6629999876022339,61310600.0,101924848.0,302443.875
2025-07-21,1.6670000553131104,1.690000057220459,1.6670000553131104,1.6890000104904175,53784000.0,90728304.0,302443.875
2025-07-22,1.690999984741211,1.718999981880188,1.684000015258789,1.7130000591278076,57868500.0,98498808.0,302443.875
2025-07-23,1.715000033378601,1.7300000190734863,1.7130000591278076,1.7230000495910645,62886500.0,108111152.0,302443.875
2025-07-24,1.7209999561309814,1.7339999675750732,1.718000054359436,1.7300000190734863,63736100.0,110155152.0,302443.875
2025-07-25,1.7300000190734863,1.74399995803833,1.7239999771118164,1.7339999675750732,49851000.0,86480288.0,302443.875
2025-07-28,1.7389999628067017,1.7430000305175781,1.7259999513626099,1.7289999723434448,35765400.0,62004648.0,302443.875
2025-07-29,1.7289999723434448,1.7319999933242798,1.715000033378601,1.7230000495910645,42487200.0,73152160.0,302443.875
2025-07-30,1.722000002861023,1.7410000562667847,1.7209999561309814,1.7280000448226929,39636500.0,68680720.0,302443.875
2025-07-31,1.7300000190734863,1.7300000190734863,1.6950000524520874,1.6979999542236328,82964896.0,141647056.0,302443.875
2025-08-01,1.6990000009536743,1.7070000171661377,1.687000036239624,1.694000005722046,39800300.0,67510896.0,302443.875
2025-08-04,1.6920000314712524,1.6929999589920044,1.6720000505447388,1.687999963760376,69218896.0,116517936.0,302443.875
2025-08-05,1.690999984741211,1.7059999704360962,1.684999942779541,1.7050000429153442,86231296.0,145993152.0,302443.875
2025-08-06,1.7059999704360962,1.7209999561309814,1.7009999752044678,1.7079999446868896,71953504.0,123030472.0,302443.875
2025-08-07,1.7120000123977661,1.7230000495910645,1.7000000476837158,1.7230000495910645,72803176.0,124649488.0,302443.875
2025-08-08,1.722000002861023,1.7269999980926514,1.715999960899353,1.722000002861023,75358896.0,129829704.0,302443.875
2025-08-11,1.725000023841858,1.7259999513626099,1.7109999656677246,1.715999960899353,70954896.0,121802392.0,302443.875
2025-08-12,1.718000054359436,1.7369999885559082,1.718000054359436,1.7359999418258667,113827920.0,197022528.0,302443.875
2025-08-13,1.7380000352859497,1.7480000257492065,1.7330000400543213,1.7430000305175781,97881104.0,170171952.0,302443.875
2025-08-14,1.74399995803833,1.753000020980835,1.7300000190734863,1.7350000143051147,78788704.0,137137312.0,302443.875
2025-08-15,1.7350000143051147,1.7369999885559082,1.725000023841858,1.7359999418258667,58903400.0,101981400.0,302443.875
2025-08-18,1.7269999980926514,1.7289999723434448,1.718999981880188,1.722000002861023,58068432.0,100101416.0,-302443.875
2025-08-19,1.7209999561309814,1.7239999771118164,1.7130000591278076,1.715000033378601,37682000.0,64745184.0,302443.875
2025-08-20,1.7139999866485596,1.715999960899353,1.6959999799728394,1.715000033378601,62906200.0,107243352.0,302443.875
2025-08-21,1.715000033378601,1.725000023841858,1.7120000123977661,1.7139999866485596,35949200.0,61789488.0,302443.875
2025-08-22,1.718999981880188,1.7230000495910645,1.7039999961853027,1.7079999446868896,52958504.0,90449640.0,302443.875
2025-08-25,1.7100000381469727,1.722000002861023,1.7100000381469727,1.718000054359436,79613848.0,136645312.0,302443.875
2025-08-26,1.7139999866485596,1.715000033378601,1.7000000476837158,1.7029999494552612,48646700.0,83070880.0,302443.875
2025-08-27,1.7039999961853027,1.7050000429153442,1.6759999990463257,1.6770000457763672,66609800.0,112853680.0,302443.875
2025-08-28,1.6779999732971191,1.6950000524520874,1.6779999732971191,1.6920000314712524,105591904.0,178039296.0,302443.875
2025-08-29,1.6929999589920044,1.7000000476837158,1.6710000038146973,1.6759999990463257,87546864.0,147354624.0,302443.875
2025-09-01,1.6770000457763672,1.6779999732971191,1.659999966621399,1.6629999876022339,59684160.0,99531576.0,302443.875
2025-09-02,1.6640000343322754,1.6729999780654907,1.659999966621399,1.6670000553131104,62737600.0,104696904.0,302443.875
2025-09-03,1.6699999570846558,1.6749999523162842,1.656000018119812,1.6579999923706055,54654500.0,90977096.0,302443.875
2025-09-04,1.6619999408721924,1.6649999618530273,1.6399999856948853,1.649999976158142,77655800.0,127946936.0,302443.875
2025-09-05,1.652999997138977,1.6740000247955322,1.6460000276565552,1.6729999780654907,82752000.0,137518832.0,302443.875
2025-09-08,1.6720000505447388,1.684999942779541,1.6660000085830688,1.684000015258789,41831600.0,70145728.0,302443.875
2025-09-09,1.684999942779541,1.6950000524520874,1.6799999475479126,1.687000036239624,26846300.0,45296104.0,302443.875
2025-09-10,1.690999984741211,1.715000033378601,1.690000057220459,1.7130000591278076,41157800.0,70151272.0,302443.875
2025-09-11,1.7109999656677246,1.7200000286102295,1.7039999961853027,1.718999981880188,68640800.0,117630032.0,302443.875
2025-09-12,1.7230000495910645,1.7259999513626099,1.7100000381469727,1.7120000123977661,36980700.0,63447728.0,302443.875
2025-09-15,1.7029999494552612,1.7079999446868896,1.6970000267028809,1.7000000476837158,37948896.0,64548576.0,-302443.875
2025-09-16,1.7059999704360962,1.7120000123977661,1.6890000104904175,1.6920000314712524,52987900.0,89817048.0,302443.875
2025-09-17,1.6920000314712524,1.7000000476837158,1.687999963760376,1.6950000524520874,38655700.0,65434952.0,302443.875
2025-09-18,1.6990000009536743,1.6990000009536743,1.6610000133514404,1.6660000085830688,39951500.0,67042424.0,302443.875
2025-09-19,1.6660000085830688,1.6790000200271606,1.6660000085830688,1.6720000505447388,32230982.0,53899824.0,302443.875
2025-09-22,1.6729999780654907,1.6729999780654907,1.6430000066757202,1.6469999551773071,28388500.0,46883696.0,302443.875
2025-09-23,1.6469999551773071,1.6549999713897705,1.6369999647140503,1.6410000324249268,35514100.0,58387756.0,302443.875
2025-09-24,1.6440000534057617,1.6540000438690186,1.6380000114440918,1.6449999809265137,28841700.0,47453176.0,302443.875
2025-09-25,1.6449999809265137,1.6469999551773071,1.6239999532699585,1.625,30890800.0,50397728.0,302443.875
2025-09-26,1.6230000257492065,1.6390000581741333,1.6180000305175781,1.6380000114440918,36060904.0,58816524.0,302443.875
2025-09-29,1.6380000114440918,1.6469999551773071,1.628999948501587,1.6440000534057617,26464500.0,43338248.0,302443.875
2025-09-30,1.6410000324249268,1.6490000486373901,1.6319999694824219,1.6390000581741333,24705048.0,40481652.0,302443.875
2025-10-09,1.6319999694824219,1.6419999599456787,1.621999979019165,1.6410000324249268,40901200.0,66759408.0,302443.875
2025-10-10,1.6399999856948853,1.659000039100647,1.6319999694824219,1.6469999551773071,38204648.0,62994332.0,302443.875
2025-10-13,1.6440000534057617,1.6440000534057617,1.6180000305175781,1.6360000371932983,49784800.0,81024504.0,302443.875
2025-10-14,1.6430000066757202,1.6729999780654907,1.6399999856948853,1.6540000438690186,98956000.0,164148896.0,302443.875
2025-10-15,1.6619999408721924,1.6790000200271606,1.6579999923706055,1.6759999990463257,71523312.0,119330952.0,302443.875
2025-10-16,1.6799999475479126,1.7009999752044678,1.6729999780654907,1.6979999542236328,71668928.0,121379136.0,302443.875
2025-10-17,1.7009999752044678,1.715000033378601,1.6779999732971191,1.6790000200271606,83819400.0,141829232.0,302443.875
2025-10-20,1.6859999895095825,1.690000057220459,1.6690000295639038,1.684000015258789,94547000.0,158685536.0,-302443.875
2025-10-21,1.684999942779541,1.694000005722046,1.684000015258789,1.687999963760376,42364996.0,71515712.0,302443.875
2025-10-22,1.6820000410079956,1.684000015258789,1.6720000505447388,1.6820000410079956,34565700.0,57984484.0,302443.875
2025-10-23,1.680999994277954,1.7039999961853027,1.6799999475479126,1.7020000219345093,63237344.0,107013504.0,302443.875
2025-10-24,1.7009999752044678,1.7070000171661377,1.6970000267028809,1.7020000219345093,49491100.0,84186816.0,302443.875
2025-10-27,1.7059999704360962,1.718000054359436,1.6990000009536743,1.718000054359436,60779280.0,103983712.0,302443.875
2025-10-28,1.7200000286102295,1.7200000286102295,1.7050000429153442,1.7100000381469727,51686000.0,88422160.0,302443.875
2025-10-29,1.7109999656677246,1.7230000495910645,1.7100000381469727,1.722000002861023,17090700.0,29372852.0,302443.875
2025-10-30,1.7230000495910645,1.7289999723434448,1.7059999704360962,1.7170000076293945,72206704.0,124086168.0,302443.875
2025-10-31,1.7170000076293945,1.7239999771118164,1.7059999704360962,1.7079999446868896,57917500.0,99155848.0,302443.875
2025-11-03,1.7089999914169312,1.7400000095367432,1.7079999446868896,1.7380000352859497,70891400.0,122566568.0,302443.875
2025-11-04,1.7400000095367432,1.7589999437332153,1.7350000143051147,1.7369999885559082,108019008.0,188763552.0,302443.875
2025-11-05,1.7369999885559082,1.7419999837875366,1.718999981880188,1.7369999885559082,49444300.0,85486056.0,302443.875
2025-11-06,1.7389999628067017,1.7660000324249268,1.7389999628067017,1.7649999856948853,66641500.0,117230096.0,302443.875
2025-11-07,1.7719999551773071,1.7760000228881836,1.7660000324249268,1.7740000486373901,55599736.0,98446448.0,302443.875
2025-11-10,1.781999945640564,1.7960000038146973,1.7760000228881836,1.7940000295639038,56385800.0,100807104.0,302443.875
2025-11-11,1.7979999780654907,1.805999994277954,1.7799999713897705,1.7860000133514404,73151400.0,130905344.0,302443.875
2025-11-12,1.7910000085830688,1.8170000314712524,1.7910000085830688,1.815000057220459,84493904.0,152849680.0,302443.875
2025-11-13,1.8209999799728394,1.8250000476837158,1.7940000295639038,1.805999994277954,104495696.0,188478816.0,302443.875
2025-11-14,1.805999994277954,1.805999994277954,1.784000039100647,1.7869999408721924,91636072.0,164213024.0,302443.875
2025-11-17,1.777999997138977,1.777999997138977,1.75600004196167,1.7599999904632568,83365472.0,146963328.0,-302443.875
2025-11-18,1.7599999904632568,1.7640000581741333,1.7269999980926514,1.7319999933242798,85606064.0,148834800.0,302443.875
2025-11-19,1.7319999933242798,1.746999979019165,1.7309999465942383,1.7369999885559082,76104496.0,132188448.0,302443.875
2025-11-20,1.7389999628067017,1.746000051498413,1.7300000190734863,1.7319999933242798,83946800.0,145885488.0,302443.875
2025-11-21,1.7269999980926514,1.7289999723434448,1.7000000476837158,1.7009999752044678,68273200.0,116642216.0,302443.875
2025-11-24,1.7059999704360962,1.7079999446868896,1.6890000104904175,1.6959999799728394,49907000.0,84603952.0,302443.875
2025-11-25,1.7000000476837158,1.715000033378601,1.6990000009536743,1.7089999914169312,39455600.0,67353120.0,302443.875
2025-11-26,1.7109999656677246,1.718000054359436,1.7059999704360962,1.7070000171661377,51520700.0,88072464.0,302443.875
2025-11-27,1.7050000429153442,1.7139999866485596,1.6970000267028809,1.7029999494552612,52233800.0,89100640.0,302443.875
2025-11-28,1.7039999961853027,1.7100000381469727,1.6929999589920044,1.694000005722046,42949200.0,72908360.0,302443.875
2025-12-01,1.6950000524520874,1.7039999961853027,1.694000005722046,1.7029999494552612,109085864.0,185387568.0,302443.875
2025-12-02,1.7050000429153442,1.722000002861023,1.7050000429153442,1.715999960899353,117779504.0,202022896.0,302443.875
2025-12-03,1.7170000076293945,1.725000023841858,1.7029999494552612,1.7070000171661377,153136496.0,262305616.0,302443.875
2025-12-04,1.7079999446868896,1.718000054359436,1.7079999446868896,1.715999960899353,42891500.0,73543368.0,302443.875
2025-12-05,1.715999960899353,1.7209999561309814,1.7070000171661377,1.718999981880188,62320640.0,106748016.0,302443.875
2025-12-08,1.7200000286102295,1.722000002861023,1.7029999494552612,1.7050000429153442,111223104.0,190117936.0,302443.875
2025-12-09,1.7050000429153442,1.7050000429153442,1.6770000457763672,1.6799999475479126,91393104.0,154155792.0,302443.875
2025-12-10,1.680999994277954,1.6820000410079956,1.6469999551773071,1.652999997138977,117038704.0,193993104.0,302443.875
2025-12-11,1.6610000133514404,1.6729999780654907,1.6510000228881836,1.6519999504089355,70532400.0,117181720.0,302443.875
2025-12-12,1.656999945640564,1.6679999828338623,1.6540000438690186,1.6649999618530273,72770496.0,120838112.0,302443.875
2025-12-15,1.6519999504089355,1.6640000343322754,1.6449999809265137,1.659000039100647,71509200.0,118559904.0,-302443.875
2025-12-16,1.659999966621399,1.6690000295639038,1.6239999532699585,1.628999948501587,134531696.0,219829904.0,302443.875
2025-12-17,1.6299999952316284,1.6330000162124634,1.621000051498413,1.63100004196167,69707904.0,113546040.0,302443.875
2025-12-18,1.6319999694824219,1.6360000371932983,1.6230000257492065,1.6339999437332153,71029000.0,115821064.0,302443.875
2025-12-19,1.6399999856948853,1.6440000534057617,1.628999948501587,1.6319999694824219,96979200.0,158358400.0,302443.875
2025-12-22,1.6349999904632568,1.6360000371932983,1.6230000257492065,1.6260000467300415,77399104.0,125896024.0,302443.875
2025-12-23,1.6299999952316284,1.6440000534057617,1.6260000467300415,1.6330000162124634,83371680.0,136398864.0,302443.875
2025-12-24,1.6349999904632568,1.6360000371932983,1.6239999532699585,1.6299999952316284,49040500.0,79838688.0,302443.875
2025-12-25,1.628999948501587,1.6299999952316284,1.6260000467300415,1.628999948501587,25495100.0,41500120.0,302443.875
2025-12-26,1.628999948501587,1.6349999904632568,1.6269999742507935,1.6339999437332153,31886400.0,52003844.0,302443.875
2025-12-29,1.6339999437332153,1.6339999437332153,1.6119999885559082,1.6150000095367432,105300888.0,170710368.0,302443.875
2025-12-30,1.6150000095367432,1.621999979019165,1.6109999418258667,1.61899995803833,70379888.0,113816928.0,302443.875
2025-12-31,1.6200000047683716,1.6200000047683716,1.6030000448226929,1.6080000400543213,69637024.0,111918640.0,302443.875
2026-01-05,1.6119999885559082,1.6139999628067017,1.5980000495910645,1.6009999513626099,107459296.0,172251952.0,302443.875
2026-01-06,1.6039999723434448,1.6100000143051147,1.5989999771118164,1.6100000143051147,112755088.0,181039536.0,302443.875
2026-01-07,1.6100000143051147,1.6150000095367432,1.6019999980926514,1.6050000190734863,94497000.0,151844224.0,302443.875
2026-01-08,1.6050000190734863,1.6059999465942383,1.593999981880188,1.5950000286102295,78457504.0,125353600.0,302443.875
2026-01-09,1.5980000495910645,1.6030000448226929,1.5950000286102295,1.5989999771118164,127130208.0,203217744.0,302443.875
2026-01-12,1.600000023841858,1.6030000448226929,1.5870000123977661,1.5950000286102295,116354200.0,185295856.0,302443.875
2026-01-13,1.597000002861023,1.6150000095367432,1.597000002861023,1.6069999933242798,131583792.0,211368032.0,302443.875
2026-01-14,1.6089999675750732,1.6139999628067017,1.600000023841858,1.6059999465942383,108629600.0,174485040.0,302443.875
2026-01-15,1.6050000190734863,1.61899995803833,1.6039999723434448,1.6089999675750732,112294896.0,180950160.0,302443.875
2026-01-16,1.6109999418258667,1.6150000095367432,1.5889999866485596,1.5950000286102295,89240120.0,142959840.0,302443.875
2026-01-19,1.5950000286102295,1.600000023841858,1.5850000381469727,1.590000033378601,76626896.0,121972216.0,302443.875
2026-01-20,1.5870000123977661,1.5950000286102295,1.5800000429153442,1.593000054359436,88354000.0,140396032.0,302443.875
2026-01-21,1.5839999914169312,1.590000033378601,1.5809999704360962,1.5829999446868896,52173400.0,82743704.0,-302443.875
2026-01-22,1.5850000381469727,1.6080000400543213,1.5850000381469727,1.6050000190734863,92411000.0,147936912.0,302443.875
2026-01-23,1.6080000400543213,1.6130000352859497,1.593999981880188,1.5959999561309814,77631400.0,124304136.0,302443.875
2026-01-26,1.597000002861023,1.6130000352859497,1.5920000076293945,1.6080000400543213,76866096.0,123325592.0,302443.875
2026-01-27,1.6119999885559082,1.625,1.6100000143051147,1.6239999532699585,87626600.0,141947072.0,302443.875
2026-01-28,1.625,1.6610000133514404,1.625,1.659999966621399,137156192.0,225730400.0,302443.875
2026-01-29,1.659000039100647,1.6829999685287476,1.6549999713897705,1.6790000200271606,142456800.0,238222112.0,302443.875
2026-01-30,1.6790000200271606,1.6859999895095825,1.649999976158142,1.659000039100647,133160584.0,221629120.0,302443.875
2026-02-02,1.656000018119812,1.656000018119812,1.6119999885559082,1.6200000047683716,231695696.0,376802048.0,302443.875
2026-02-03,1.6299999952316284,1.6480000019073486,1.6269999742507935,1.6440000534057617,158946208.0,260604048.0,302443.875
2026-02-04,1.6449999809265137,1.6720000505447388,1.6440000534057617,1.6690000295639038,137171504.0,227634624.0,302443.875
2026-02-05,1.6670000553131104,1.6729999780654907,1.649999976158142,1.6710000038146973,111362704.0,185110960.0,302443.875
2026-02-06,1.6619999408721924,1.6749999523162842,1.6510000228881836,1.6699999570846558,67906096.0,112981024.0,302443.875
2026-02-09,1.6749999523162842,1.690000057220459,1.6749999523162842,1.684000015258789,98609512.0,166049616.0,302443.875
2026-02-10,1.687000036239624,1.6920000314712524,1.680999994277954,1.687999963760376,65370500.0,110277008.0,302443.875
2026-02-11,1.6890000104904175,1.6950000524520874,1.6820000410079956,1.6929999589920044,81454120.0,137659824.0,302443.875
2026-02-12,1.6970000267028809,1.7029999494552612,1.690000057220459,1.6959999799728394,83038200.0,140968880.0,302443.875
2026-02-13,1.6920000314712524,1.6920000314712524,1.6759999990463257,1.680999994277954,88829296.0,149389040.0,302443.875
2026-02-24,1.6979999542236328,1.715999960899353,1.6970000267028809,1.7109999656677246,99846368.0,170723008.0,302443.875
2026-02-25,1.7170000076293945,1.725000023841858,1.7050000429153442,1.7130000591278076,116064800.0,199294720.0,302443.875
2026-02-26,1.7070000171661377,1.7070000171661377,1.684000015258789,1.690000057220459,109819296.0,185801648.0,-302443.875
2026-02-27,1.680999994277954,1.690999984741211,1.6710000038146973,1.690000057220459,99921960.0,167966096.0,302443.875
2026-03-02,1.690999984741211,1.7039999961853027,1.6720000505447388,1.6959999799728394,156944400.0,264947584.0,302443.875
2026-03-03,1.6920000314712524,1.7209999561309814,1.6890000104904175,1.7009999752044678,273178304.0,465719808.0,302443.875
2026-03-04,1.7009999752044678,1.7009999752044678,1.659999966621399,1.6660000085830688,225417792.0,377066496.0,302443.875
2026-03-05,1.6749999523162842,1.7009999752044678,1.6749999523162842,1.6859999895095825,203623552.0,344050464.0,302443.875
2026-03-06,1.6799999475479126,1.7000000476837158,1.6749999523162842,1.6990000009536743,117433792.0,198064816.0,302443.875
2026-03-09,1.6990000009536743,1.7050000429153442,1.6790000200271606,1.6820000410079956,150026400.0,253152592.0,302443.875
2026-03-10,1.684999942779541,1.6950000524520874,1.6790000200271606,1.684999942779541,141988304.0,239653392.0,302443.875
2026-03-11,1.680999994277954,1.7020000219345093,1.6770000457763672,1.7009999752044678,135279504.0,228684048.0,302443.875
2026-03-12,1.7009999752044678,1.7050000429153442,1.687999963760376,1.7000000476837158,133181504.0,226114368.0,302443.875
2026-03-13,1.6990000009536743,1.6990000009536743,1.6749999523162842,1.6770000457763672,151758208.0,255740896.0,302443.875
2026-03-16,1.6790000200271606,1.687999963760376,1.6710000038146973,1.6829999685287476,104236480.0,174975072.0,302443.875
2026-03-17,1.684999942779541,1.6970000267028809,1.684000015258789,1.684999942779541,100092400.0,169161776.0,302443.875
2026-03-18,1.687000036239624,1.694000005722046,1.6770000457763672,1.6890000104904175,102138600.0,172212208.0,302443.875
2026-03-19,1.6890000104904175,1.6920000314712524,1.6820000410079956,1.684000015258789,96116304.0,162129184.0,302443.875
2026-03-20,1.684000015258789,1.690000057220459,1.6770000457763672,1.684000015258789,128640096.0,216751632.0,302443.875
2026-03-23,1.6699999570846558,1.6699999570846558,1.6230000257492065,1.6260000467300415,125108800.0,205324272.0,-302443.875
2026-03-24,1.6380000114440918,1.656000018119812,1.6339999437332153,1.6540000438690186,120444000.0,198078864.0,302443.875
2026-03-25,1.6579999923706055,1.6629999876022339,1.6469999551773071,1.659000039100647,117503504.0,194813680.0,302443.875
2026-03-26,1.6649999618530273,1.6740000247955322,1.659000039100647,1.659999966621399,85379400.0,142218080.0,302443.875
2026-03-27,1.6579999923706055,1.6720000505447388,1.652999997138977,1.6670000553131104,89256896.0,148300704.0,302443.875
2026-03-30,1.6619999408721924,1.6649999618530273,1.6510000228881836,1.6640000343322754,116281000.0,192808816.0,302443.875
2026-03-31,1.6629999876022339,1.6670000553131104,1.6419999599456787,1.6449999809265137,117125000.0,193440304.0,302443.875
2026-04-01,1.6549999713897705,1.6660000085830688,1.652999997138977,1.6610000133514404,90010096.0,149497296.0,302443.875
2026-04-02,1.659000039100647,1.6660000085830688,1.6519999504089355,1.6579999923706055,69133928.0,114650032.0,302443.875
2026-04-03,1.659999966621399,1.6660000085830688,1.656000018119812,1.6579999923706055,47151500.0,78342840.0,302443.875
2026-04-07,1.6579999923706055,1.6670000553131104,1.656000018119812,1.659999966621399,61540800.0,102262832.0,302443.875
2026-04-08,1.6720000505447388,1.6720000505447388,1.656000018119812,1.6679999828338623,97835104.0,162844336.0,302443.875
2026-04-09,1.6660000085830688,1.6720000505447388,1.659999966621399,1.6710000038146973,78398096.0,130712912.0,302443.875
2026-04-10,1.6759999990463257,1.684000015258789,1.6749999523162842,1.680999994277954,81747504.0,137323904.0,302443.875
2026-04-13,1.6710000038146973,1.6829999685287476,1.6710000038146973,1.6820000410079956,63844900.0,106961784.0,302443.875
2026-04-14,1.687000036239624,1.687999963760376,1.680999994277954,1.687999963760376,67599000.0,113898176.0,302443.875
2026-04-15,1.690999984741211,1.690999984741211,1.6770000457763672,1.6779999732971191,79832608.0,134181992.0,302443.875
2026-04-16,1.6790000200271606,1.680999994277954,1.6749999523162842,1.6799999475479126,70753904.0,118707448.0,302443.875
2026-04-17,1.6799999475479126,1.6799999475479126,1.6670000553131104,1.6710000038146973,99110616.0,165648160.0,302443.875
2026-04-20,1.6679999828338623,1.6679999828338623,1.656000018119812,1.6640000343322754,87945296.0,146146512.0,-302443.875
2026-04-21,1.6640000343322754,1.6820000410079956,1.6629999876022339,1.6820000410079956,92230896.0,154458864.0,302443.875
2026-04-22,1.6799999475479126,1.680999994277954,1.6660000085830688,1.6670000553131104,95915800.0,160231920.0,302443.875
2026-04-23,1.6679999828338623,1.6749999523162842,1.6640000343322754,1.6729999780654907,80338896.0,134166264.0,302443.875
2026-04-24,1.6710000038146973,1.6749999523162842,1.6649999618530273,1.6740000247955322,68065904.0,113722064.0,302443.875
2026-04-27,1.6749999523162842,1.6759999990463257,1.6649999618530273,1.6679999828338623,84166304.0,140526192.0,302443.875
2026-04-28,1.6670000553131104,1.6690000295639038,1.6579999923706055,1.6690000295639038,79101400.0,131483664.0,302443.875
2026-04-29,1.6710000038146973,1.687999963760376,1.6699999570846558,1.6859999895095825,166666896.0,280116160.0,302443.875
2026-04-30,1.6859999895095825,1.6859999895095825,1.6699999570846558,1.6710000038146973,121173400.0,203165856.0,302443.875
2026-05-06,1.6699999570846558,1.6770000457763672,1.6610000133514404,1.6759999990463257,103213104.0,172104384.0,302443.875
2026-05-07,1.6770000457763672,1.6799999475479126,1.6679999828338623,1.6729999780654907,77792200.0,130084152.0,302443.875
2026-05-08,1.6690000295639038,1.6699999570846558,1.659000039100647,1.6640000343322754,117871872.0,195952688.0,302443.875
2026-05-11,1.6640000343322754,1.6679999828338623,1.6619999408721924,1.6679999828338623,92329704.0,153764944.0,302443.875
2026-05-12,1.6679999828338623,1.6749999523162842,1.6670000553131104,1.6740000247955322,85523504.0,143030512.0,302443.875
2026-05-13,1.6740000247955322,1.6759999990463257,1.6690000295639038,1.6720000505447388,91116176.0,152360096.0,302443.875
2026-05-14,1.6729999780654907,1.6759999990463257,1.6649999618530273,1.6679999828338623,88092800.0,146948976.0,302443.875
2026-05-15,1.6679999828338623,1.6699999570846558,1.659999966621399,1.6629999876022339,205845792.0,342701856.0,302443.875
2026-05-18,1.6579999923706055,1.6579999923706055,1.6430000066757202,1.6449999809265137,75104000.0,123839848.0,-302443.875
2026-05-19,1.6469999551773071,1.6540000438690186,1.6449999809265137,1.6510000228881836,64749568.0,106868440.0,302443.875
2026-05-20,1.6510000228881836,1.652999997138977,1.6430000066757202,1.6460000276565552,61895800.0,101999544.0,302443.875
2026-05-21,1.6490000486373901,1.6510000228881836,1.6380000114440918,1.6390000581741333,67865848.0,111612176.0,302443.875
2026-05-22,1.6410000324249268,1.6419999599456787,1.6239999532699585,1.6330000162124634,89081904.0,145304640.0,302443.875
2026-05-25,1.6319999694824219,1.6339999437332153,1.6260000467300415,1.628000020980835,37217400.0,60650672.0,302443.875
2026-05-26,1.6269999742507935,1.63100004196167,1.61899995803833,1.628000020980835,88030304.0,142989680.0,302443.875
2026-05-27,1.6260000467300415,1.6260000467300415,1.6100000143051147,1.6160000562667847,89618840.0,144846112.0,302443.875
2026-05-28,1.6150000095367432,1.6150000095367432,1.5839999914169312,1.5870000123977661,258533456.0,411338112.0,302443.875
2026-05-29,1.5870000123977661,1.6089999675750732,1.5859999656677246,1.6069999933242798,131091400.0,209783024.0,302443.875
2026-06-01,1.6030000448226929,1.63100004196167,1.600000023841858,1.6299999952316284,91540200.0,148541488.0,302443.875
2026-06-02,1.6319999694824219,1.6419999599456787,1.625,1.628000020980835,112162328.0,182998272.0,302443.875
2026-06-03,1.6299999952316284,1.63100004196167,1.6130000352859497,1.6230000257492065,83426096.0,135032720.0,302443.875
2026-06-04,1.6230000257492065,1.6269999742507935,1.6160000562667847,1.6180000305175781,63170100.0,102419512.0,302443.875
2026-06-05,1.6180000305175781,1.6260000467300415,1.6160000562667847,1.621999979019165,85726200.0,138941872.0,302443.875
2026-06-08,1.6169999837875366,1.628999948501587,1.6109999418258667,1.621999979019165,82585104.0,133840376.0,302443.875
2026-06-09,1.621999979019165,1.621999979019165,1.6109999418258667,1.6180000305175781,80485904.0,129993368.0,302443.875
2026-06-10,1.6139999628067017,1.6139999628067017,1.5920000076293945,1.5950000286102295,144982304.0,231967680.0,302443.875
2026-06-11,1.6009999513626099,1.6050000190734863,1.5829999446868896,1.590999960899353,100821120.0,160486784.0,302443.875
2026-06-12,1.5950000286102295,1.6100000143051147,1.593999981880188,1.6100000143051147,87816800.0,141001136.0,302443.875
2026-06-15,1.6080000400543213,1.6180000305175781,1.597000002861023,1.6009999513626099,110786600.0,177890400.0,-302443.875
2026-06-16,1.6009999513626099,1.6039999723434448,1.5820000171661377,1.5829999446868896,104751296.0,166634224.0,302443.875
2026-06-17,1.5850000381469727,1.5870000123977661,1.562999963760376,1.565999984741211,95552656.0,150289152.0,302443.875
2026-06-18,1.562999963760376,1.562999963760376,1.5180000066757202,1.5210000276565552,163785408.0,251077600.0,302443.875
2026-06-22,1.5219999551773071,1.5290000438690186,1.496000051498413,1.5210000276565552,175960800.0,265794640.0,302443.875
2026-06-23,1.5210000276565552,1.524999976158142,1.4880000352859497,1.4910000562667847,145028608.0,218530944.0,302443.875
2026-06-24,1.4989999532699585,1.503000020980835,1.4809999465942383,1.4869999885559082,135292032.0,201545968.0,302443.875
2026-06-25,1.4869999885559082,1.4869999885559082,1.4579999446868896,1.4600000381469727,154616592.0,227137392.0,302443.875
2026-06-26,1.4600000381469727,1.465000033378601,1.4390000104904175,1.4539999961853027,180397296.0,261574624.0,302443.875
2026-06-29,1.4579999446868896,1.4670000076293945,1.4479999542236328,1.4620000123977661,119365600.0,173859088.0,302443.875
2026-06-30,1.4620000123977661,1.4630000591278076,1.4210000038146973,1.4220000505447388,182888304.0,261844752.0,302443.875
2026-07-01,1.4220000505447388,1.437999963760376,1.4210000038146973,1.4259999990463257,92130664.0,131702080.0,302443.875
2026-07-02,1.434000015258789,1.4539999961853027,1.4270000457763672,1.4490000009536743,143357376.0,207144224.0,302443.875
2026-07-03,1.4550000429153442,1.4759999513626099,1.4539999961853027,1.4709999561309814,116125416.0,170512656.0,302443.875
2026-07-06,1.472000002861023,1.4930000305175781,1.4709999561309814,1.4910000562667847,122811200.0,182229984.0,302443.875
2026-07-07,1.4930000305175781,1.4950000047683716,1.468999981880188,1.4739999771118164,151647296.0,223991184.0,302443.875
2026-07-08,1.4800000190734863,1.50600004196167,1.4800000190734863,1.503000020980835,134772096.0,201919696.0,302443.875
2026-07-09,1.503000020980835,1.50600004196167,1.4889999628067017,1.4919999837875366,120109752.0,179737584.0,302443.875
2026-07-10,1.49399995803833,1.5,1.4819999933242798,1.496000051498413,101330304.0,151178000.0,302443.875
2026-07-13,1.4950000047683716,1.503999948501587,1.4919999837875366,1.5,125680304.0,188389776.0,302443.875
2026-07-14,1.503000020980835,1.5260000228881836,1.4980000257492065,1.5240000486373901,136796000.0,206832944.0,302443.875
2026-07-15,1.5269999504089355,1.5420000553131104,1.5219999551773071,1.5369999408721924,147885328.0,226596304.0,302443.875
2026-07-16,1.5449999570846558,1.5520000457763672,1.534000039100647,1.5360000133514404,136764064.0,210990208.0,302443.875
2026-07-17,1.5369999408721924,1.5509999990463257,1.5230000019073486,1.531999945640564,209068000.0,321007904.0,302443.875
2026-07-20,1.531999945640564,1.559000015258789,1.5240000486373901,1.5579999685287476,233131776.0,360871520.0,-302443.875
2026-07-21,1.559000015258789,1.5670000314712524,1.5470000505447388,1.5499999523162842,183058576.0,284968096.0,302443.875
2026-07-22,1.5499999523162842,1.5670000314712524,1.5490000247955322,1.565999984741211,154865696.0,241703520.0,302443.875
2026-07-23,1.569000005722046,1.5950000286102295,1.569000005722046,1.5950000286102295,171479504.0,271905344.0,302443.875
2026-07-24,1.5950000286102295,1.5980000495910645,1.5820000171661377,1.5839999914169312,182208992.0,289788416.0,302443.875
2026-07-27,1.5750000476837158,1.593999981880188,1.5750000476837158,1.590999960899353,106385400.0,168841920.0,302443.875
2026-07-28,1.590999960899353,1.6059999465942383,1.5880000591278076,1.6059999465942383,165663696.0,264813360.0,302443.875
2026-07-29,1.6100000143051147,1.628999948501587,1.6100000143051147,1.628000020980835,152436432.0,247446688.0,302443.875
2026-07-30,1.6299999952316284,1.6390000581741333,1.6299999952316284,1.6390000581741333,160996192.0,263325520.0,302443.875
2026-07-31,1.6200000047683716,1.628999948501587,1.6109999418258667,1.6230000257492065,195507200.0,315932928.0,302443.875
2026-08-03,1.6200000047683716,1.628000020980835,1.6039999723434448,1.6050000190734863,185180400.0,298846912.0,302443.875
2026-08-04,1.6059999465942383,1.6109999418258667,1.5789999961853027,1.5800000429153442,160510384.0,255231456.0,302443.875
2026-08-05,1.5759999752044678,1.5779999494552612,1.562999963760376,1.5750000476837158,153552144.0,241189024.0,302443.875
2026-08-06,1.5750000476837158,1.5750000476837158,1.559000015258789,1.5670000314712524,175721808.0,275085088.0,302443.875
2026-08-07,1.569000005722046,1.5740000009536743,1.5609999895095825,1.565999984741211,125667104.0,196753024.0,302443.875
2026-08-10,1.5679999589920044,1.5870000123977661,1.565000057220459,1.5829999446868896,158962288.0,251071168.0,302443.875
2026-08-11,1.5880000591278076,1.597000002861023,1.5820000171661377,1.5839999914169312,138952592.0,220769856.0,302443.875
2026-08-12,1.5850000381469727,1.5850000381469727,1.5670000314712524,1.5740000009536743,145255392.0,228351152.0,302443.875
2026-08-13,1.5700000524520874,1.5740000009536743,1.5670000314712524,1.569000005722046,119487696.0,187543984.0,302443.875
2026-08-14,1.569000005722046,1.5770000219345093,1.562999963760376,1.5770000219345093,144676032.0,227562144.0,302443.875
2026-08-17,1.5679999589920044,1.5859999656677246,1.5679999589920044,1.5829999446868896,173383600.0,274082400.0,-302443.875
2026-08-18,1.5809999704360962,1.593000054359436,1.5770000219345093,1.593000054359436,157208336.0,249525824.0,302443.875
2026-08-19,1.593999981880188,1.6009999513626099,1.5829999446868896,1.597000002861023,167420384.0,266836000.0,302443.875
2026-08-20,1.600000023841858,1.6150000095367432,1.5980000495910645,1.6109999418258667,180745104.0,290338816.0,302443.875
2026-08-21,1.6150000095367432,1.6269999742507935,1.6150000095367432,1.6260000467300415,166365408.0,270047520.0,302443.875
2026-08-24,1.625,1.6339999437332153,1.61899995803833,1.6330000162124634,194863120.0,317135232.0,302443.875
2026-08-25,1.6339999437332153,1.6369999647140503,1.6180000305175781,1.621999979019165,173673056.0,282503424.0,302443.875
2026-08-26,1.61899995803833,1.6239999532699585,1.6130000352859497,1.621000051498413,176140704.0,285210976.0,302443.875
2026-08-27,1.6230000257492065,1.628999948501587,1.6119999885559082,1.628000020980835,199877696.0,323941280.0,302443.875
2026-08-28,1.6230000257492065,1.6239999532699585,1.6100000143051147,1.61899995803833,149186800.0,241131728.0,302443.875
2026-08-31,1.6160000562667847,1.6200000047683716,1.6130000352859497,1.6139999628067017,128183904.0,207270384.0,302443.875
2026-09-01,1.6119999885559082,1.621999979019165,1.6109999418258667,1.621000051498413,139203392.0,225272304.0,302443.875
2026-09-02,1.61899995803833,1.621999979019165,1.5920000076293945,1.6019999980926514,240885104.0,386074432.0,302443.875
2026-09-03,1.6050000190734863,1.6200000047683716,1.6019999980926514,1.6030000448226929,154394592.0,248880608.0,302443.875
2026-09-04,1.6050000190734863,1.6160000562667847,1.6050000190734863,1.6130000352859497,124398096.0,200577664.0,302443.875
2026-09-07,1.6180000305175781,1.61899995803833,1.5980000495910645,1.6009999513626099,151655904.0,243213888.0,302443.875
2026-09-08,1.5980000495910645,1.6080000400543213,1.590999960899353,1.6080000400543213,145875600.0,233357280.0,302443.875
2026-09-09,1.6080000400543213,1.6180000305175781,1.5989999771118164,1.6150000095367432,162831504.0,262184336.0,302443.875
2026-09-10,1.6130000352859497,1.6169999837875366,1.6039999723434448,1.6059999465942383,154200800.0,247708400.0,302443.875
